# Renewables.ninja Wind power (Point API) - 42.226, 119.219 - Version: 1.4 - License: https://creativecommons.org/licenses/by-nc/4.0/ - Reference: https://doi.org/10.1016/j.energy.2016.08.068
# Units: time in UTC, electricity in kW, wind_speed in m/s
# {"units": {"time": "UTC", "electricity": "kW", "wind_speed": "m/s"}, "params": {"lat": "42.2256437", "lon": "119.2190097", "date_from": "2022-01-01", "date_to": "2022-12-31", "dataset": "merra2", "header": "true", "local_time": "false", "capacity": "1", "height": "80", "turbine": "GE 5.5 158", "raw": "true"}}
time,electricity,wind_speed
2022-01-01 00:00,0.605,8.641
2022-01-01 01:00,0.459,7.563
2022-01-01 02:00,0.409,7.196
2022-01-01 03:00,0.784,10.264
2022-01-01 04:00,0.926,12.612
2022-01-01 05:00,0.964,13.924
2022-01-01 06:00,0.975,14.558
2022-01-01 07:00,0.971,14.303
2022-01-01 08:00,0.949,13.304
2022-01-01 09:00,0.924,12.557
2022-01-01 10:00,0.902,12.026
2022-01-01 11:00,0.862,11.305
2022-01-01 12:00,0.800,10.452
2022-01-01 13:00,0.737,9.776
2022-01-01 14:00,0.680,9.242
2022-01-01 15:00,0.620,8.755
2022-01-01 16:00,0.526,8.044
2022-01-01 17:00,0.434,7.373
2022-01-01 18:00,0.392,7.075
2022-01-01 19:00,0.383,7.004
2022-01-01 20:00,0.354,6.793
2022-01-01 21:00,0.341,6.696
2022-01-01 22:00,0.375,6.951
2022-01-01 23:00,0.410,7.211
2022-01-02 00:00,0.422,7.294
2022-01-02 01:00,0.275,6.181
2022-01-02 02:00,0.221,5.705
2022-01-02 03:00,0.212,5.634
2022-01-02 04:00,0.152,5.023
2022-01-02 05:00,0.123,4.682
2022-01-02 06:00,0.122,4.671
2022-01-02 07:00,0.097,4.337
2022-01-02 08:00,0.121,4.643
2022-01-02 09:00,0.175,5.271
2022-01-02 10:00,0.230,5.784
2022-01-02 11:00,0.301,6.390
2022-01-02 12:00,0.413,7.230
2022-01-02 13:00,0.519,7.988
2022-01-02 14:00,0.557,8.274
2022-01-02 15:00,0.565,8.337
2022-01-02 16:00,0.589,8.518
2022-01-02 17:00,0.619,8.745
2022-01-02 18:00,0.626,8.809
2022-01-02 19:00,0.619,8.747
2022-01-02 20:00,0.619,8.750
2022-01-02 21:00,0.616,8.725
2022-01-02 22:00,0.624,8.793
2022-01-02 23:00,0.626,8.802
2022-01-03 00:00,0.547,8.202
2022-01-03 01:00,0.335,6.651
2022-01-03 02:00,0.520,8.002
2022-01-03 03:00,0.630,8.830
2022-01-03 04:00,0.632,8.853
2022-01-03 05:00,0.612,8.698
2022-01-03 06:00,0.575,8.400
2022-01-03 07:00,0.446,7.467
2022-01-03 08:00,0.378,6.973
2022-01-03 09:00,0.340,6.684
2022-01-03 10:00,0.293,6.324
2022-01-03 11:00,0.264,6.082
2022-01-03 12:00,0.263,6.075
2022-01-03 13:00,0.286,6.259
2022-01-03 14:00,0.321,6.549
2022-01-03 15:00,0.369,6.905
2022-01-03 16:00,0.415,7.239
2022-01-03 17:00,0.438,7.403
2022-01-03 18:00,0.423,7.302
2022-01-03 19:00,0.377,6.966
2022-01-03 20:00,0.306,6.427
2022-01-03 21:00,0.240,5.884
2022-01-03 22:00,0.172,5.235
2022-01-03 23:00,0.104,4.428
2022-01-04 00:00,0.051,3.544
2022-01-04 01:00,0.006,1.990
2022-01-04 02:00,0.001,1.472
2022-01-04 03:00,0.023,2.830
2022-01-04 04:00,0.045,3.404
2022-01-04 05:00,0.051,3.529
2022-01-04 06:00,0.039,3.269
2022-01-04 07:00,0.040,3.287
2022-01-04 08:00,0.117,4.609
2022-01-04 09:00,0.207,5.575
2022-01-04 10:00,0.264,6.085
2022-01-04 11:00,0.324,6.566
2022-01-04 12:00,0.419,7.270
2022-01-04 13:00,0.505,7.892
2022-01-04 14:00,0.575,8.412
2022-01-04 15:00,0.626,8.809
2022-01-04 16:00,0.639,8.899
2022-01-04 17:00,0.615,8.714
2022-01-04 18:00,0.580,8.449
2022-01-04 19:00,0.548,8.209
2022-01-04 20:00,0.509,7.916
2022-01-04 21:00,0.459,7.564
2022-01-04 22:00,0.422,7.297
2022-01-04 23:00,0.402,7.144
2022-01-05 00:00,0.339,6.670
2022-01-05 01:00,0.156,5.061
2022-01-05 02:00,0.075,3.992
2022-01-05 03:00,0.170,5.213
2022-01-05 04:00,0.183,5.355
2022-01-05 05:00,0.188,5.399
2022-01-05 06:00,0.196,5.477
2022-01-05 07:00,0.183,5.347
2022-01-05 08:00,0.225,5.746
2022-01-05 09:00,0.257,6.025
2022-01-05 10:00,0.311,6.468
2022-01-05 11:00,0.416,7.240
2022-01-05 12:00,0.503,7.877
2022-01-05 13:00,0.540,8.146
2022-01-05 14:00,0.543,8.168
2022-01-05 15:00,0.526,8.044
2022-01-05 16:00,0.535,8.114
2022-01-05 17:00,0.532,8.086
2022-01-05 18:00,0.498,7.843
2022-01-05 19:00,0.438,7.406
2022-01-05 20:00,0.360,6.832
2022-01-05 21:00,0.260,6.050
2022-01-05 22:00,0.159,5.102
2022-01-05 23:00,0.085,4.143
2022-01-06 00:00,0.042,3.345
2022-01-06 01:00,0.014,2.464
2022-01-06 02:00,0.009,2.192
2022-01-06 03:00,0.034,3.150
2022-01-06 04:00,0.062,3.763
2022-01-06 05:00,0.066,3.839
2022-01-06 06:00,0.042,3.342
2022-01-06 07:00,0.008,2.161
2022-01-06 08:00,0.009,2.205
2022-01-06 09:00,0.030,3.018
2022-01-06 10:00,0.077,4.021
2022-01-06 11:00,0.145,4.944
2022-01-06 12:00,0.251,5.964
2022-01-06 13:00,0.399,7.130
2022-01-06 14:00,0.534,8.109
2022-01-06 15:00,0.630,8.839
2022-01-06 16:00,0.684,9.290
2022-01-06 17:00,0.704,9.457
2022-01-06 18:00,0.700,9.420
2022-01-06 19:00,0.682,9.271
2022-01-06 20:00,0.655,9.038
2022-01-06 21:00,0.626,8.803
2022-01-06 22:00,0.599,8.598
2022-01-06 23:00,0.575,8.412
2022-01-07 00:00,0.488,7.772
2022-01-07 01:00,0.218,5.684
2022-01-07 02:00,0.063,3.768
2022-01-07 03:00,0.045,3.403
2022-01-07 04:00,0.048,3.459
2022-01-07 05:00,0.050,3.515
2022-01-07 06:00,0.054,3.599
2022-01-07 07:00,0.046,3.436
2022-01-07 08:00,0.071,3.917
2022-01-07 09:00,0.152,5.019
2022-01-07 10:00,0.287,6.279
2022-01-07 11:00,0.443,7.447
2022-01-07 12:00,0.589,8.519
2022-01-07 13:00,0.686,9.304
2022-01-07 14:00,0.715,9.565
2022-01-07 15:00,0.690,9.345
2022-01-07 16:00,0.657,9.063
2022-01-07 17:00,0.647,8.979
2022-01-07 18:00,0.664,9.114
2022-01-07 19:00,0.698,9.401
2022-01-07 20:00,0.735,9.759
2022-01-07 21:00,0.755,9.941
2022-01-07 22:00,0.764,10.045
2022-01-07 23:00,0.771,10.122
2022-01-08 00:00,0.790,10.324
2022-01-08 01:00,0.877,11.545
2022-01-08 02:00,0.909,12.187
2022-01-08 03:00,0.874,11.491
2022-01-08 04:00,0.824,10.740
2022-01-08 05:00,0.749,9.891
2022-01-08 06:00,0.650,9.001
2022-01-08 07:00,0.485,7.744
2022-01-08 08:00,0.315,6.498
2022-01-08 09:00,0.258,6.037
2022-01-08 10:00,0.195,5.473
2022-01-08 11:00,0.151,5.011
2022-01-08 12:00,0.131,4.777
2022-01-08 13:00,0.130,4.772
2022-01-08 14:00,0.162,5.129
2022-01-08 15:00,0.221,5.706
2022-01-08 16:00,0.300,6.383
2022-01-08 17:00,0.371,6.918
2022-01-08 18:00,0.376,6.954
2022-01-08 19:00,0.323,6.563
2022-01-08 20:00,0.246,5.933
2022-01-08 21:00,0.162,5.137
2022-01-08 22:00,0.093,4.274
2022-01-08 23:00,0.050,3.500
2022-01-09 00:00,0.023,2.802
2022-01-09 01:00,0.004,1.813
2022-01-09 02:00,0,1.042
2022-01-09 03:00,0,0.607
2022-01-09 04:00,0,1.048
2022-01-09 05:00,0.001,1.262
2022-01-09 06:00,0.001,1.333
2022-01-09 07:00,0.002,1.603
2022-01-09 08:00,0.016,2.546
2022-01-09 09:00,0.042,3.342
2022-01-09 10:00,0.059,3.697
2022-01-09 11:00,0.078,4.042
2022-01-09 12:00,0.117,4.601
2022-01-09 13:00,0.162,5.129
2022-01-09 14:00,0.205,5.557
2022-01-09 15:00,0.223,5.735
2022-01-09 16:00,0.196,5.483
2022-01-09 17:00,0.171,5.227
2022-01-09 18:00,0.146,4.958
2022-01-09 19:00,0.149,4.994
2022-01-09 20:00,0.208,5.582
2022-01-09 21:00,0.305,6.416
2022-01-09 22:00,0.421,7.278
2022-01-09 23:00,0.538,8.135
2022-01-10 00:00,0.720,9.609
2022-01-10 01:00,0.828,10.797
2022-01-10 02:00,0.842,10.996
2022-01-10 03:00,0.848,11.085
2022-01-10 04:00,0.864,11.326
2022-01-10 05:00,0.879,11.584
2022-01-10 06:00,0.890,11.781
2022-01-10 07:00,0.887,11.730
2022-01-10 08:00,0.829,10.819
2022-01-10 09:00,0.745,9.851
2022-01-10 10:00,0.703,9.452
2022-01-10 11:00,0.669,9.161
2022-01-10 12:00,0.646,8.967
2022-01-10 13:00,0.583,8.470
2022-01-10 14:00,0.510,7.931
2022-01-10 15:00,0.473,7.655
2022-01-10 16:00,0.443,7.444
2022-01-10 17:00,0.412,7.224
2022-01-10 18:00,0.403,7.148
2022-01-10 19:00,0.428,7.340
2022-01-10 20:00,0.465,7.604
2022-01-10 21:00,0.494,7.817
2022-01-10 22:00,0.528,8.055
2022-01-10 23:00,0.537,8.132
2022-01-11 00:00,0.404,7.162
2022-01-11 01:00,0.460,7.568
2022-01-11 02:00,0.490,7.783
2022-01-11 03:00,0.363,6.853
2022-01-11 04:00,0.279,6.205
2022-01-11 05:00,0.233,5.825
2022-01-11 06:00,0.195,5.458
2022-01-11 07:00,0.129,4.758
2022-01-11 08:00,0.077,4.020
2022-01-11 09:00,0.050,3.513
2022-01-11 10:00,0.024,2.862
2022-01-11 11:00,0.009,2.222
2022-01-11 12:00,0.005,1.932
2022-01-11 13:00,0.010,2.283
2022-01-11 14:00,0.021,2.720
2022-01-11 15:00,0.038,3.223
2022-01-11 16:00,0.075,3.987
2022-01-11 17:00,0.151,5.017
2022-01-11 18:00,0.262,6.073
2022-01-11 19:00,0.341,6.693
2022-01-11 20:00,0.386,7.033
2022-01-11 21:00,0.409,7.191
2022-01-11 22:00,0.393,7.078
2022-01-11 23:00,0.408,7.188
2022-01-12 00:00,0.400,7.134
2022-01-12 01:00,0.316,6.508
2022-01-12 02:00,0.548,8.214
2022-01-12 03:00,0.639,8.908
2022-01-12 04:00,0.714,9.562
2022-01-12 05:00,0.804,10.489
2022-01-12 06:00,0.864,11.324
2022-01-12 07:00,0.882,11.639
2022-01-12 08:00,0.882,11.640
2022-01-12 09:00,0.883,11.663
2022-01-12 10:00,0.897,11.934
2022-01-12 11:00,0.913,12.288
2022-01-12 12:00,0.911,12.230
2022-01-12 13:00,0.898,11.947
2022-01-12 14:00,0.875,11.512
2022-01-12 15:00,0.817,10.660
2022-01-12 16:00,0.751,9.901
2022-01-12 17:00,0.747,9.877
2022-01-12 18:00,0.738,9.783
2022-01-12 19:00,0.723,9.638
2022-01-12 20:00,0.714,9.555
2022-01-12 21:00,0.718,9.597
2022-01-12 22:00,0.718,9.589
2022-01-12 23:00,0.685,9.302
2022-01-13 00:00,0.541,8.153
2022-01-13 01:00,0.406,7.172
2022-01-13 02:00,0.681,9.257
2022-01-13 03:00,0.644,8.952
2022-01-13 04:00,0.525,8.031
2022-01-13 05:00,0.409,7.191
2022-01-13 06:00,0.305,6.415
2022-01-13 07:00,0.155,5.045
2022-01-13 08:00,0.053,3.578
2022-01-13 09:00,0.005,1.963
2022-01-13 10:00,0.001,1.429
2022-01-13 11:00,0.040,3.302
2022-01-13 12:00,0.161,5.121
2022-01-13 13:00,0.332,6.630
2022-01-13 14:00,0.500,7.859
2022-01-13 15:00,0.631,8.848
2022-01-13 16:00,0.705,9.476
2022-01-13 17:00,0.728,9.685
2022-01-13 18:00,0.744,9.844
2022-01-13 19:00,0.758,9.989
2022-01-13 20:00,0.765,10.064
2022-01-13 21:00,0.744,9.849
2022-01-13 22:00,0.719,9.607
2022-01-13 23:00,0.708,9.496
2022-01-14 00:00,0.592,8.533
2022-01-14 01:00,0.344,6.710
2022-01-14 02:00,0.284,6.252
2022-01-14 03:00,0.436,7.388
2022-01-14 04:00,0.550,8.222
2022-01-14 05:00,0.596,8.566
2022-01-14 06:00,0.578,8.434
2022-01-14 07:00,0.601,8.607
2022-01-14 08:00,0.710,9.514
2022-01-14 09:00,0.734,9.746
2022-01-14 10:00,0.758,9.989
2022-01-14 11:00,0.781,10.231
2022-01-14 12:00,0.786,10.286
2022-01-14 13:00,0.737,9.771
2022-01-14 14:00,0.753,9.925
2022-01-14 15:00,0.757,9.978
2022-01-14 16:00,0.715,9.565
2022-01-14 17:00,0.644,8.955
2022-01-14 18:00,0.598,8.589
2022-01-14 19:00,0.592,8.533
2022-01-14 20:00,0.662,9.100
2022-01-14 21:00,0.704,9.462
2022-01-14 22:00,0.749,9.895
2022-01-14 23:00,0.791,10.336
2022-01-15 00:00,0.818,10.670
2022-01-15 01:00,0.938,12.960
2022-01-15 02:00,0.942,13.067
2022-01-15 03:00,0.945,13.175
2022-01-15 04:00,0.950,13.337
2022-01-15 05:00,0.951,13.401
2022-01-15 06:00,0.947,13.237
2022-01-15 07:00,0.932,12.772
2022-01-15 08:00,0.886,11.722
2022-01-15 09:00,0.851,11.122
2022-01-15 10:00,0.832,10.855
2022-01-15 11:00,0.804,10.491
2022-01-15 12:00,0.778,10.199
2022-01-15 13:00,0.740,9.809
2022-01-15 14:00,0.677,9.228
2022-01-15 15:00,0.608,8.663
2022-01-15 16:00,0.569,8.369
2022-01-15 17:00,0.553,8.244
2022-01-15 18:00,0.529,8.072
2022-01-15 19:00,0.519,7.988
2022-01-15 20:00,0.509,7.918
2022-01-15 21:00,0.482,7.729
2022-01-15 22:00,0.446,7.468
2022-01-15 23:00,0.410,7.206
2022-01-16 00:00,0.272,6.154
2022-01-16 01:00,0.216,5.671
2022-01-16 02:00,0.267,6.108
2022-01-16 03:00,0.187,5.394
2022-01-16 04:00,0.136,4.838
2022-01-16 05:00,0.124,4.688
2022-01-16 06:00,0.117,4.599
2022-01-16 07:00,0.073,3.946
2022-01-16 08:00,0.035,3.157
2022-01-16 09:00,0.028,2.976
2022-01-16 10:00,0.043,3.356
2022-01-16 11:00,0.100,4.364
2022-01-16 12:00,0.261,6.063
2022-01-16 13:00,0.434,7.383
2022-01-16 14:00,0.589,8.513
2022-01-16 15:00,0.702,9.438
2022-01-16 16:00,0.757,9.972
2022-01-16 17:00,0.790,10.324
2022-01-16 18:00,0.781,10.237
2022-01-16 19:00,0.753,9.921
2022-01-16 20:00,0.720,9.617
2022-01-16 21:00,0.804,10.492
2022-01-16 22:00,0.798,10.429
2022-01-16 23:00,0.756,9.960
2022-01-17 00:00,0.656,9.044
2022-01-17 01:00,0.813,10.603
2022-01-17 02:00,0.840,10.969
2022-01-17 03:00,0.809,10.564
2022-01-17 04:00,0.764,10.050
2022-01-17 05:00,0.687,9.314
2022-01-17 06:00,0.546,8.193
2022-01-17 07:00,0.321,6.541
2022-01-17 08:00,0.152,5.020
2022-01-17 09:00,0.088,4.199
2022-01-17 10:00,0.050,3.510
2022-01-17 11:00,0.050,3.527
2022-01-17 12:00,0.098,4.346
2022-01-17 13:00,0.217,5.674
2022-01-17 14:00,0.378,6.977
2022-01-17 15:00,0.488,7.761
2022-01-17 16:00,0.534,8.102
2022-01-17 17:00,0.572,8.388
2022-01-17 18:00,0.596,8.567
2022-01-17 19:00,0.570,8.375
2022-01-17 20:00,0.521,8.007
2022-01-17 21:00,0.409,7.190
2022-01-17 22:00,0.275,6.169
2022-01-17 23:00,0.151,5.014
2022-01-18 00:00,0.051,3.544
2022-01-18 01:00,0.024,2.833
2022-01-18 02:00,0.026,2.920
2022-01-18 03:00,0.088,4.191
2022-01-18 04:00,0.163,5.145
2022-01-18 05:00,0.246,5.938
2022-01-18 06:00,0.318,6.520
2022-01-18 07:00,0.368,6.904
2022-01-18 08:00,0.403,7.160
2022-01-18 09:00,0.389,7.056
2022-01-18 10:00,0.327,6.589
2022-01-18 11:00,0.231,5.790
2022-01-18 12:00,0.149,4.992
2022-01-18 13:00,0.110,4.514
2022-01-18 14:00,0.113,4.549
2022-01-18 15:00,0.146,4.957
2022-01-18 16:00,0.175,5.266
2022-01-18 17:00,0.151,5.016
2022-01-18 18:00,0.128,4.743
2022-01-18 19:00,0.129,4.754
2022-01-18 20:00,0.154,5.039
2022-01-18 21:00,0.231,5.795
2022-01-18 22:00,0.352,6.778
2022-01-18 23:00,0.428,7.332
2022-01-19 00:00,0.495,7.822
2022-01-19 01:00,0.615,8.710
2022-01-19 02:00,0.575,8.401
2022-01-19 03:00,0.511,7.940
2022-01-19 04:00,0.443,7.451
2022-01-19 05:00,0.378,6.974
2022-01-19 06:00,0.315,6.499
2022-01-19 07:00,0.256,6.019
2022-01-19 08:00,0.175,5.265
2022-01-19 09:00,0.107,4.474
2022-01-19 10:00,0.043,3.355
2022-01-19 11:00,0.007,2.085
2022-01-19 12:00,0.001,1.278
2022-01-19 13:00,0.002,1.606
2022-01-19 14:00,0.015,2.526
2022-01-19 15:00,0.040,3.280
2022-01-19 16:00,0.060,3.721
2022-01-19 17:00,0.059,3.698
2022-01-19 18:00,0.045,3.400
2022-01-19 19:00,0.033,3.119
2022-01-19 20:00,0.031,3.056
2022-01-19 21:00,0.030,3.036
2022-01-19 22:00,0.030,3.041
2022-01-19 23:00,0.037,3.200
2022-01-20 00:00,0.039,3.260
2022-01-20 01:00,0.025,2.877
2022-01-20 02:00,0.018,2.652
2022-01-20 03:00,0.009,2.208
2022-01-20 04:00,0.007,2.111
2022-01-20 05:00,0.009,2.242
2022-01-20 06:00,0.016,2.567
2022-01-20 07:00,0.031,3.047
2022-01-20 08:00,0.081,4.090
2022-01-20 09:00,0.179,5.306
2022-01-20 10:00,0.251,5.968
2022-01-20 11:00,0.264,6.085
2022-01-20 12:00,0.243,5.910
2022-01-20 13:00,0.223,5.728
2022-01-20 14:00,0.215,5.661
2022-01-20 15:00,0.215,5.655
2022-01-20 16:00,0.204,5.550
2022-01-20 17:00,0.186,5.382
2022-01-20 18:00,0.176,5.276
2022-01-20 19:00,0.164,5.156
2022-01-20 20:00,0.149,4.988
2022-01-20 21:00,0.124,4.696
2022-01-20 22:00,0.108,4.481
2022-01-20 23:00,0.103,4.422
2022-01-21 00:00,0.077,4.017
2022-01-21 01:00,0.053,3.586
2022-01-21 02:00,0.075,3.981
2022-01-21 03:00,0.077,4.018
2022-01-21 04:00,0.060,3.707
2022-01-21 05:00,0.038,3.249
2022-01-21 06:00,0.024,2.862
2022-01-21 07:00,0.040,3.283
2022-01-21 08:00,0.108,4.480
2022-01-21 09:00,0.174,5.263
2022-01-21 10:00,0.170,5.214
2022-01-21 11:00,0.115,4.583
2022-01-21 12:00,0.070,3.890
2022-01-21 13:00,0.041,3.316
2022-01-21 14:00,0.023,2.814
2022-01-21 15:00,0.011,2.302
2022-01-21 16:00,0.005,1.900
2022-01-21 17:00,0.002,1.579
2022-01-21 18:00,0.003,1.702
2022-01-21 19:00,0.006,2.029
2022-01-21 20:00,0.012,2.395
2022-01-21 21:00,0.023,2.804
2022-01-21 22:00,0.035,3.168
2022-01-21 23:00,0.047,3.442
2022-01-22 00:00,0.052,3.552
2022-01-22 01:00,0.044,3.380
2022-01-22 02:00,0.032,3.091
2022-01-22 03:00,0.021,2.745
2022-01-22 04:00,0.012,2.376
2022-01-22 05:00,0.010,2.259
2022-01-22 06:00,0.009,2.231
2022-01-22 07:00,0.015,2.496
2022-01-22 08:00,0.024,2.833
2022-01-22 09:00,0.044,3.373
2022-01-22 10:00,0.043,3.359
2022-01-22 11:00,0.033,3.106
2022-01-22 12:00,0.031,3.069
2022-01-22 13:00,0.083,4.118
2022-01-22 14:00,0.229,5.776
2022-01-22 15:00,0.403,7.148
2022-01-22 16:00,0.516,7.977
2022-01-22 17:00,0.569,8.366
2022-01-22 18:00,0.565,8.335
2022-01-22 19:00,0.534,8.097
2022-01-22 20:00,0.498,7.841
2022-01-22 21:00,0.455,7.526
2022-01-22 22:00,0.448,7.483
2022-01-22 23:00,0.437,7.395
2022-01-23 00:00,0.334,6.646
2022-01-23 01:00,0.246,5.933
2022-01-23 02:00,0.176,5.277
2022-01-23 03:00,0.132,4.782
2022-01-23 04:00,0.098,4.346
2022-01-23 05:00,0.074,3.973
2022-01-23 06:00,0.060,3.719
2022-01-23 07:00,0.052,3.565
2022-01-23 08:00,0.057,3.665
2022-01-23 09:00,0.070,3.900
2022-01-23 10:00,0.055,3.618
2022-01-23 11:00,0.030,3.025
2022-01-23 12:00,0.012,2.346
2022-01-23 13:00,0.003,1.769
2022-01-23 14:00,0.001,1.464
2022-01-23 15:00,0.001,1.312
2022-01-23 16:00,0.001,1.330
2022-01-23 17:00,0.002,1.596
2022-01-23 18:00,0.003,1.733
2022-01-23 19:00,0.003,1.666
2022-01-23 20:00,0.002,1.542
2022-01-23 21:00,0.002,1.604
2022-01-23 22:00,0.003,1.712
2022-01-23 23:00,0.004,1.826
2022-01-24 00:00,0.004,1.813
2022-01-24 01:00,0.002,1.622
2022-01-24 02:00,0.002,1.618
2022-01-24 03:00,0.003,1.706
2022-01-24 04:00,0.002,1.625
2022-01-24 05:00,0.001,1.354
2022-01-24 06:00,0,1.063
2022-01-24 07:00,0.002,1.534
2022-01-24 08:00,0.049,3.489
2022-01-24 09:00,0.123,4.680
2022-01-24 10:00,0.146,4.956
2022-01-24 11:00,0.126,4.716
2022-01-24 12:00,0.098,4.348
2022-01-24 13:00,0.074,3.964
2022-01-24 14:00,0.058,3.689
2022-01-24 15:00,0.056,3.627
2022-01-24 16:00,0.069,3.881
2022-01-24 17:00,0.127,4.731
2022-01-24 18:00,0.287,6.277
2022-01-24 19:00,0.433,7.369
2022-01-24 20:00,0.490,7.788
2022-01-24 21:00,0.491,7.795
2022-01-24 22:00,0.493,7.807
2022-01-24 23:00,0.496,7.823
2022-01-25 00:00,0.400,7.132
2022-01-25 01:00,0.406,7.175
2022-01-25 02:00,0.492,7.803
2022-01-25 03:00,0.425,7.316
2022-01-25 04:00,0.396,7.105
2022-01-25 05:00,0.404,7.164
2022-01-25 06:00,0.447,7.476
2022-01-25 07:00,0.495,7.823
2022-01-25 08:00,0.510,7.920
2022-01-25 09:00,0.584,8.482
2022-01-25 10:00,0.653,9.023
2022-01-25 11:00,0.664,9.114
2022-01-25 12:00,0.590,8.525
2022-01-25 13:00,0.488,7.770
2022-01-25 14:00,0.438,7.405
2022-01-25 15:00,0.457,7.551
2022-01-25 16:00,0.490,7.784
2022-01-25 17:00,0.528,8.066
2022-01-25 18:00,0.544,8.178
2022-01-25 19:00,0.510,7.932
2022-01-25 20:00,0.501,7.863
2022-01-25 21:00,0.513,7.955
2022-01-25 22:00,0.525,8.040
2022-01-25 23:00,0.519,8.000
2022-01-26 00:00,0.475,7.667
2022-01-26 01:00,0.708,9.491
2022-01-26 02:00,0.707,9.487
2022-01-26 03:00,0.629,8.827
2022-01-26 04:00,0.551,8.230
2022-01-26 05:00,0.491,7.794
2022-01-26 06:00,0.444,7.458
2022-01-26 07:00,0.410,7.211
2022-01-26 08:00,0.354,6.796
2022-01-26 09:00,0.399,7.119
2022-01-26 10:00,0.441,7.428
2022-01-26 11:00,0.480,7.716
2022-01-26 12:00,0.504,7.889
2022-01-26 13:00,0.510,7.926
2022-01-26 14:00,0.515,7.970
2022-01-26 15:00,0.530,8.075
2022-01-26 16:00,0.548,8.214
2022-01-26 17:00,0.561,8.303
2022-01-26 18:00,0.567,8.345
2022-01-26 19:00,0.575,8.401
2022-01-26 20:00,0.587,8.498
2022-01-26 21:00,0.603,8.624
2022-01-26 22:00,0.621,8.764
2022-01-26 23:00,0.616,8.730
2022-01-27 00:00,0.465,7.607
2022-01-27 01:00,0.635,8.883
2022-01-27 02:00,0.612,8.691
2022-01-27 03:00,0.556,8.261
2022-01-27 04:00,0.547,8.203
2022-01-27 05:00,0.587,8.494
2022-01-27 06:00,0.654,9.026
2022-01-27 07:00,0.691,9.353
2022-01-27 08:00,0.636,8.886
2022-01-27 09:00,0.630,8.830
2022-01-27 10:00,0.575,8.405
2022-01-27 11:00,0.492,7.799
2022-01-27 12:00,0.428,7.330
2022-01-27 13:00,0.423,7.301
2022-01-27 14:00,0.496,7.826
2022-01-27 15:00,0.571,8.386
2022-01-27 16:00,0.613,8.703
2022-01-27 17:00,0.624,8.785
2022-01-27 18:00,0.612,8.692
2022-01-27 19:00,0.597,8.568
2022-01-27 20:00,0.582,8.468
2022-01-27 21:00,0.570,8.372
2022-01-27 22:00,0.559,8.292
2022-01-27 23:00,0.541,8.149
2022-01-28 00:00,0.368,6.899
2022-01-28 01:00,0.420,7.275
2022-01-28 02:00,0.606,8.646
2022-01-28 03:00,0.671,9.167
2022-01-28 04:00,0.735,9.757
2022-01-28 05:00,0.777,10.182
2022-01-28 06:00,0.786,10.291
2022-01-28 07:00,0.757,9.972
2022-01-28 08:00,0.607,8.647
2022-01-28 09:00,0.515,7.966
2022-01-28 10:00,0.459,7.561
2022-01-28 11:00,0.421,7.284
2022-01-28 12:00,0.396,7.097
2022-01-28 13:00,0.421,7.286
2022-01-28 14:00,0.496,7.827
2022-01-28 15:00,0.561,8.299
2022-01-28 16:00,0.591,8.529
2022-01-28 17:00,0.598,8.591
2022-01-28 18:00,0.604,8.637
2022-01-28 19:00,0.614,8.707
2022-01-28 20:00,0.620,8.753
2022-01-28 21:00,0.626,8.809
2022-01-28 22:00,0.628,8.821
2022-01-28 23:00,0.612,8.700
2022-01-29 00:00,0.448,7.481
2022-01-29 01:00,0.571,8.380
2022-01-29 02:00,0.612,8.698
2022-01-29 03:00,0.518,7.983
2022-01-29 04:00,0.442,7.437
2022-01-29 05:00,0.385,7.026
2022-01-29 06:00,0.341,6.689
2022-01-29 07:00,0.287,6.275
2022-01-29 08:00,0.256,6.020
2022-01-29 09:00,0.288,6.282
2022-01-29 10:00,0.262,6.072
2022-01-29 11:00,0.217,5.678
2022-01-29 12:00,0.176,5.277
2022-01-29 13:00,0.134,4.807
2022-01-29 14:00,0.094,4.281
2022-01-29 15:00,0.087,4.181
2022-01-29 16:00,0.113,4.538
2022-01-29 17:00,0.154,5.032
2022-01-29 18:00,0.195,5.470
2022-01-29 19:00,0.226,5.757
2022-01-29 20:00,0.249,5.953
2022-01-29 21:00,0.275,6.180
2022-01-29 22:00,0.291,6.307
2022-01-29 23:00,0.282,6.229
2022-01-30 00:00,0.191,5.428
2022-01-30 01:00,0.104,4.424
2022-01-30 02:00,0.064,3.797
2022-01-30 03:00,0.036,3.184
2022-01-30 04:00,0.020,2.696
2022-01-30 05:00,0.004,1.843
2022-01-30 06:00,0,0.842
2022-01-30 07:00,0,1.008
2022-01-30 08:00,0.045,3.406
2022-01-30 09:00,0.150,4.996
2022-01-30 10:00,0.215,5.658
2022-01-30 11:00,0.244,5.918
2022-01-30 12:00,0.244,5.921
2022-01-30 13:00,0.216,5.668
2022-01-30 14:00,0.164,5.158
2022-01-30 15:00,0.120,4.629
2022-01-30 16:00,0.103,4.422
2022-01-30 17:00,0.086,4.159
2022-01-30 18:00,0.063,3.770
2022-01-30 19:00,0.046,3.423
2022-01-30 20:00,0.056,3.641
2022-01-30 21:00,0.144,4.931
2022-01-30 22:00,0.221,5.703
2022-01-30 23:00,0.282,6.228
2022-01-31 00:00,0.348,6.744
2022-01-31 01:00,0.397,7.111
2022-01-31 02:00,0.421,7.282
2022-01-31 03:00,0.443,7.443
2022-01-31 04:00,0.488,7.766
2022-01-31 05:00,0.549,8.222
2022-01-31 06:00,0.612,8.692
2022-01-31 07:00,0.665,9.128
2022-01-31 08:00,0.642,8.935
2022-01-31 09:00,0.600,8.605
2022-01-31 10:00,0.692,9.355
2022-01-31 11:00,0.759,9.993
2022-01-31 12:00,0.757,9.980
2022-01-31 13:00,0.747,9.873
2022-01-31 14:00,0.781,10.231
2022-01-31 15:00,0.787,10.295
2022-01-31 16:00,0.753,9.930
2022-01-31 17:00,0.705,9.471
2022-01-31 18:00,0.716,9.571
2022-01-31 19:00,0.732,9.726
2022-01-31 20:00,0.736,9.771
2022-01-31 21:00,0.729,9.687
2022-01-31 22:00,0.721,9.626
2022-01-31 23:00,0.684,9.291
2022-02-01 00:00,0.637,8.892
2022-02-01 01:00,0.827,10.790
2022-02-01 02:00,0.765,10.055
2022-02-01 03:00,0.682,9.268
2022-02-01 04:00,0.643,8.942
2022-02-01 05:00,0.642,8.938
2022-02-01 06:00,0.652,9.007
2022-02-01 07:00,0.646,8.966
2022-02-01 08:00,0.567,8.347
2022-02-01 09:00,0.541,8.154
2022-02-01 10:00,0.554,8.253
2022-02-01 11:00,0.561,8.306
2022-02-01 12:00,0.532,8.088
2022-02-01 13:00,0.528,8.063
2022-02-01 14:00,0.545,8.189
2022-02-01 15:00,0.571,8.379
2022-02-01 16:00,0.583,8.472
2022-02-01 17:00,0.592,8.531
2022-02-01 18:00,0.591,8.528
2022-02-01 19:00,0.575,8.404
2022-02-01 20:00,0.546,8.199
2022-02-01 21:00,0.524,8.026
2022-02-01 22:00,0.510,7.923
2022-02-01 23:00,0.480,7.718
2022-02-02 00:00,0.358,6.821
2022-02-02 01:00,0.657,9.051
2022-02-02 02:00,0.674,9.199
2022-02-02 03:00,0.651,9.003
2022-02-02 04:00,0.647,8.975
2022-02-02 05:00,0.652,9.012
2022-02-02 06:00,0.652,9.021
2022-02-02 07:00,0.632,8.858
2022-02-02 08:00,0.525,8.029
2022-02-02 09:00,0.472,7.645
2022-02-02 10:00,0.422,7.296
2022-02-02 11:00,0.397,7.114
2022-02-02 12:00,0.381,6.999
2022-02-02 13:00,0.372,6.932
2022-02-02 14:00,0.377,6.960
2022-02-02 15:00,0.393,7.077
2022-02-02 16:00,0.429,7.344
2022-02-02 17:00,0.459,7.561
2022-02-02 18:00,0.470,7.635
2022-02-02 19:00,0.477,7.695
2022-02-02 20:00,0.490,7.786
2022-02-02 21:00,0.511,7.940
2022-02-02 22:00,0.534,8.100
2022-02-02 23:00,0.534,8.102
2022-02-03 00:00,0.471,7.642
2022-02-03 01:00,0.626,8.798
2022-02-03 02:00,0.591,8.528
2022-02-03 03:00,0.548,8.211
2022-02-03 04:00,0.542,8.163
2022-02-03 05:00,0.572,8.390
2022-02-03 06:00,0.619,8.745
2022-02-03 07:00,0.652,9.016
2022-02-03 08:00,0.602,8.619
2022-02-03 09:00,0.559,8.287
2022-02-03 10:00,0.612,8.690
2022-02-03 11:00,0.639,8.905
2022-02-03 12:00,0.591,8.528
2022-02-03 13:00,0.559,8.292
2022-02-03 14:00,0.537,8.122
2022-02-03 15:00,0.534,8.103
2022-02-03 16:00,0.576,8.416
2022-02-03 17:00,0.638,8.898
2022-02-03 18:00,0.698,9.412
2022-02-03 19:00,0.734,9.743
2022-02-03 20:00,0.768,10.087
2022-02-03 21:00,0.790,10.327
2022-02-03 22:00,0.805,10.507
2022-02-03 23:00,0.818,10.678
2022-02-04 00:00,0.864,11.327
2022-02-04 01:00,0.953,13.472
2022-02-04 02:00,0.955,13.555
2022-02-04 03:00,0.946,13.206
2022-02-04 04:00,0.936,12.879
2022-02-04 05:00,0.933,12.807
2022-02-04 06:00,0.936,12.878
2022-02-04 07:00,0.935,12.853
2022-02-04 08:00,0.912,12.250
2022-02-04 09:00,0.889,11.760
2022-02-04 10:00,0.891,11.819
2022-02-04 11:00,0.888,11.748
2022-02-04 12:00,0.877,11.548
2022-02-04 13:00,0.853,11.145
2022-02-04 14:00,0.812,10.596
2022-02-04 15:00,0.801,10.461
2022-02-04 16:00,0.809,10.565
2022-02-04 17:00,0.818,10.667
2022-02-04 18:00,0.814,10.616
2022-02-04 19:00,0.804,10.496
2022-02-04 20:00,0.809,10.565
2022-02-04 21:00,0.805,10.514
2022-02-04 22:00,0.806,10.523
2022-02-04 23:00,0.811,10.589
2022-02-05 00:00,0.777,10.185
2022-02-05 01:00,0.904,12.089
2022-02-05 02:00,0.942,13.093
2022-02-05 03:00,0.958,13.689
2022-02-05 04:00,0.964,13.961
2022-02-05 05:00,0.962,13.862
2022-02-05 06:00,0.956,13.578
2022-02-05 07:00,0.946,13.216
2022-02-05 08:00,0.917,12.387
2022-02-05 09:00,0.889,11.767
2022-02-05 10:00,0.862,11.304
2022-02-05 11:00,0.834,10.885
2022-02-05 12:00,0.817,10.659
2022-02-05 13:00,0.818,10.678
2022-02-05 14:00,0.773,10.141
2022-02-05 15:00,0.731,9.717
2022-02-05 16:00,0.736,9.763
2022-02-05 17:00,0.737,9.774
2022-02-05 18:00,0.731,9.710
2022-02-05 19:00,0.718,9.593
2022-02-05 20:00,0.711,9.533
2022-02-05 21:00,0.713,9.550
2022-02-05 22:00,0.718,9.595
2022-02-05 23:00,0.702,9.439
2022-02-06 00:00,0.576,8.415
2022-02-06 01:00,0.669,9.150
2022-02-06 02:00,0.876,11.529
2022-02-06 03:00,0.887,11.728
2022-02-06 04:00,0.870,11.426
2022-02-06 05:00,0.845,11.045
2022-02-06 06:00,0.808,10.543
2022-02-06 07:00,0.756,9.967
2022-02-06 08:00,0.614,8.705
2022-02-06 09:00,0.544,8.176
2022-02-06 10:00,0.553,8.247
2022-02-06 11:00,0.577,8.426
2022-02-06 12:00,0.544,8.182
2022-02-06 13:00,0.490,7.784
2022-02-06 14:00,0.507,7.900
2022-02-06 15:00,0.574,8.399
2022-02-06 16:00,0.603,8.623
2022-02-06 17:00,0.612,8.695
2022-02-06 18:00,0.619,8.739
2022-02-06 19:00,0.621,8.764
2022-02-06 20:00,0.606,8.645
2022-02-06 21:00,0.581,8.456
2022-02-06 22:00,0.549,8.220
2022-02-06 23:00,0.507,7.911
2022-02-07 00:00,0.283,6.234
2022-02-07 01:00,0.198,5.499
2022-02-07 02:00,0.160,5.111
2022-02-07 03:00,0.112,4.531
2022-02-07 04:00,0.115,4.584
2022-02-07 05:00,0.123,4.686
2022-02-07 06:00,0.110,4.510
2022-02-07 07:00,0.078,4.035
2022-02-07 08:00,0.037,3.217
2022-02-07 09:00,0.032,3.096
2022-02-07 10:00,0.047,3.446
2022-02-07 11:00,0.086,4.173
2022-02-07 12:00,0.180,5.314
2022-02-07 13:00,0.327,6.589
2022-02-07 14:00,0.450,7.497
2022-02-07 15:00,0.522,8.021
2022-02-07 16:00,0.575,8.403
2022-02-07 17:00,0.612,8.690
2022-02-07 18:00,0.624,8.788
2022-02-07 19:00,0.586,8.488
2022-02-07 20:00,0.541,8.160
2022-02-07 21:00,0.523,8.025
2022-02-07 22:00,0.519,7.999
2022-02-07 23:00,0.497,7.831
2022-02-08 00:00,0.267,6.113
2022-02-08 01:00,0.164,5.152
2022-02-08 02:00,0.169,5.205
2022-02-08 03:00,0.086,4.151
2022-02-08 04:00,0.048,3.460
2022-02-08 05:00,0.028,2.967
2022-02-08 06:00,0.015,2.498
2022-02-08 07:00,0.004,1.861
2022-02-08 08:00,0.003,1.771
2022-02-08 09:00,0.050,3.503
2022-02-08 10:00,0.132,4.788
2022-02-08 11:00,0.194,5.453
2022-02-08 12:00,0.209,5.606
2022-02-08 13:00,0.199,5.511
2022-02-08 14:00,0.203,5.533
2022-02-08 15:00,0.251,5.969
2022-02-08 16:00,0.332,6.620
2022-02-08 17:00,0.399,7.131
2022-02-08 18:00,0.457,7.547
2022-02-08 19:00,0.493,7.805
2022-02-08 20:00,0.512,7.948
2022-02-08 21:00,0.546,8.199
2022-02-08 22:00,0.570,8.372
2022-02-08 23:00,0.566,8.344
2022-02-09 00:00,0.421,7.279
2022-02-09 01:00,0.158,5.086
2022-02-09 02:00,0.148,4.983
2022-02-09 03:00,0.191,5.426
2022-02-09 04:00,0.192,5.438
2022-02-09 05:00,0.189,5.415
2022-02-09 06:00,0.178,5.289
2022-02-09 07:00,0.140,4.887
2022-02-09 08:00,0.113,4.545
2022-02-09 09:00,0.121,4.650
2022-02-09 10:00,0.161,5.123
2022-02-09 11:00,0.230,5.781
2022-02-09 12:00,0.306,6.429
2022-02-09 13:00,0.358,6.825
2022-02-09 14:00,0.377,6.961
2022-02-09 15:00,0.361,6.846
2022-02-09 16:00,0.322,6.554
2022-02-09 17:00,0.270,6.139
2022-02-09 18:00,0.223,5.729
2022-02-09 19:00,0.189,5.407
2022-02-09 20:00,0.163,5.147
2022-02-09 21:00,0.146,4.951
2022-02-09 22:00,0.140,4.883
2022-02-09 23:00,0.146,4.960
2022-02-10 00:00,0.103,4.407
2022-02-10 01:00,0.023,2.790
2022-02-10 02:00,0.074,3.966
2022-02-10 03:00,0.159,5.098
2022-02-10 04:00,0.210,5.614
2022-02-10 05:00,0.248,5.947
2022-02-10 06:00,0.240,5.879
2022-02-10 07:00,0.147,4.972
2022-02-10 08:00,0.086,4.161
2022-02-10 09:00,0.102,4.396
2022-02-10 10:00,0.161,5.123
2022-02-10 11:00,0.291,6.309
2022-02-10 12:00,0.447,7.479
2022-02-10 13:00,0.519,7.990
2022-02-10 14:00,0.534,8.106
2022-02-10 15:00,0.534,8.103
2022-02-10 16:00,0.484,7.736
2022-02-10 17:00,0.496,7.825
2022-02-10 18:00,0.546,8.197
2022-02-10 19:00,0.606,8.644
2022-02-10 20:00,0.652,9.018
2022-02-10 21:00,0.641,8.927
2022-02-10 22:00,0.618,8.739
2022-02-10 23:00,0.556,8.261
2022-02-11 00:00,0.752,9.915
2022-02-11 01:00,0.785,10.282
2022-02-11 02:00,0.687,9.319
2022-02-11 03:00,0.568,8.348
2022-02-11 04:00,0.440,7.419
2022-02-11 05:00,0.329,6.600
2022-02-11 06:00,0.249,5.955
2022-02-11 07:00,0.189,5.411
2022-02-11 08:00,0.154,5.037
2022-02-11 09:00,0.212,5.631
2022-02-11 10:00,0.246,5.936
2022-02-11 11:00,0.226,5.754
2022-02-11 12:00,0.185,5.367
2022-02-11 13:00,0.140,4.880
2022-02-11 14:00,0.108,4.491
2022-02-11 15:00,0.093,4.275
2022-02-11 16:00,0.092,4.253
2022-02-11 17:00,0.106,4.453
2022-02-11 18:00,0.127,4.730
2022-02-11 19:00,0.134,4.821
2022-02-11 20:00,0.104,4.430
2022-02-11 21:00,0.080,4.066
2022-02-11 22:00,0.070,3.907
2022-02-11 23:00,0.070,3.903
2022-02-12 00:00,0.054,3.592
2022-02-12 01:00,0.027,2.945
2022-02-12 02:00,0.010,2.261
2022-02-12 03:00,0,1.182
2022-02-12 04:00,0,1.161
2022-02-12 05:00,0.005,1.927
2022-02-12 06:00,0.038,3.228
2022-02-12 07:00,0.095,4.306
2022-02-12 08:00,0.171,5.231
2022-02-12 09:00,0.216,5.664
2022-02-12 10:00,0.169,5.204
2022-02-12 11:00,0.099,4.354
2022-02-12 12:00,0.055,3.618
2022-02-12 13:00,0.055,3.615
2022-02-12 14:00,0.097,4.329
2022-02-12 15:00,0.163,5.140
2022-02-12 16:00,0.243,5.906
2022-02-12 17:00,0.297,6.360
2022-02-12 18:00,0.302,6.393
2022-02-12 19:00,0.265,6.095
2022-02-12 20:00,0.221,5.705
2022-02-12 21:00,0.187,5.386
2022-02-12 22:00,0.195,5.457
2022-02-12 23:00,0.181,5.317
2022-02-13 00:00,0.181,5.318
2022-02-13 01:00,0.140,4.890
2022-02-13 02:00,0.097,4.331
2022-02-13 03:00,0.099,4.353
2022-02-13 04:00,0.113,4.552
2022-02-13 05:00,0.101,4.381
2022-02-13 06:00,0.106,4.456
2022-02-13 07:00,0.140,4.874
2022-02-13 08:00,0.172,5.244
2022-02-13 09:00,0.195,5.466
2022-02-13 10:00,0.207,5.573
2022-02-13 11:00,0.221,5.706
2022-02-13 12:00,0.209,5.604
2022-02-13 13:00,0.191,5.429
2022-02-13 14:00,0.168,5.196
2022-02-13 15:00,0.153,5.029
2022-02-13 16:00,0.149,4.993
2022-02-13 17:00,0.162,5.131
2022-02-13 18:00,0.196,5.483
2022-02-13 19:00,0.256,6.013
2022-02-13 20:00,0.315,6.497
2022-02-13 21:00,0.344,6.718
2022-02-13 22:00,0.347,6.732
2022-02-13 23:00,0.352,6.781
2022-02-14 00:00,0.341,6.690
2022-02-14 01:00,0.313,6.476
2022-02-14 02:00,0.282,6.228
2022-02-14 03:00,0.278,6.192
2022-02-14 04:00,0.299,6.368
2022-02-14 05:00,0.348,6.739
2022-02-14 06:00,0.416,7.245
2022-02-14 07:00,0.500,7.857
2022-02-14 08:00,0.586,8.490
2022-02-14 09:00,0.530,8.074
2022-02-14 10:00,0.536,8.115
2022-02-14 11:00,0.643,8.941
2022-02-14 12:00,0.652,9.007
2022-02-14 13:00,0.553,8.239
2022-02-14 14:00,0.510,7.926
2022-02-14 15:00,0.471,7.643
2022-02-14 16:00,0.448,7.483
2022-02-14 17:00,0.441,7.423
2022-02-14 18:00,0.441,7.432
2022-02-14 19:00,0.443,7.440
2022-02-14 20:00,0.446,7.466
2022-02-14 21:00,0.462,7.577
2022-02-14 22:00,0.477,7.694
2022-02-14 23:00,0.436,7.390
2022-02-15 00:00,0.625,8.797
2022-02-15 01:00,0.644,8.953
2022-02-15 02:00,0.603,8.625
2022-02-15 03:00,0.575,8.401
2022-02-15 04:00,0.572,8.387
2022-02-15 05:00,0.592,8.538
2022-02-15 06:00,0.622,8.775
2022-02-15 07:00,0.653,9.025
2022-02-15 08:00,0.671,9.174
2022-02-15 09:00,0.558,8.277
2022-02-15 10:00,0.443,7.451
2022-02-15 11:00,0.387,7.041
2022-02-15 12:00,0.411,7.215
2022-02-15 13:00,0.473,7.658
2022-02-15 14:00,0.522,8.011
2022-02-15 15:00,0.559,8.286
2022-02-15 16:00,0.577,8.418
2022-02-15 17:00,0.575,8.400
2022-02-15 18:00,0.564,8.322
2022-02-15 19:00,0.556,8.260
2022-02-15 20:00,0.560,8.296
2022-02-15 21:00,0.579,8.438
2022-02-15 22:00,0.610,8.674
2022-02-15 23:00,0.580,8.441
2022-02-16 00:00,0.768,10.089
2022-02-16 01:00,0.904,12.085
2022-02-16 02:00,0.913,12.275
2022-02-16 03:00,0.904,12.076
2022-02-16 04:00,0.880,11.593
2022-02-16 05:00,0.850,11.101
2022-02-16 06:00,0.824,10.739
2022-02-16 07:00,0.800,10.442
2022-02-16 08:00,0.737,9.772
2022-02-16 09:00,0.556,8.265
2022-02-16 10:00,0.439,7.413
2022-02-16 11:00,0.363,6.860
2022-02-16 12:00,0.334,6.645
2022-02-16 13:00,0.354,6.796
2022-02-16 14:00,0.399,7.124
2022-02-16 15:00,0.418,7.268
2022-02-16 16:00,0.388,7.046
2022-02-16 17:00,0.325,6.571
2022-02-16 18:00,0.251,5.964
2022-02-16 19:00,0.179,5.301
2022-02-16 20:00,0.115,4.584
2022-02-16 21:00,0.060,3.710
2022-02-16 22:00,0.024,2.855
2022-02-16 23:00,0.010,2.286
2022-02-17 00:00,0.010,2.251
2022-02-17 01:00,0.112,4.531
2022-02-17 02:00,0.284,6.252
2022-02-17 03:00,0.428,7.329
2022-02-17 04:00,0.550,8.229
2022-02-17 05:00,0.641,8.920
2022-02-17 06:00,0.704,9.471
2022-02-17 07:00,0.748,9.884
2022-02-17 08:00,0.751,9.901
2022-02-17 09:00,0.721,9.620
2022-02-17 10:00,0.697,9.397
2022-02-17 11:00,0.708,9.497
2022-02-17 12:00,0.747,9.876
2022-02-17 13:00,0.791,10.341
2022-02-17 14:00,0.804,10.499
2022-02-17 15:00,0.815,10.619
2022-02-17 16:00,0.804,10.493
2022-02-17 17:00,0.794,10.376
2022-02-17 18:00,0.785,10.272
2022-02-17 19:00,0.747,9.872
2022-02-17 20:00,0.654,9.028
2022-02-17 21:00,0.528,8.058
2022-02-17 22:00,0.450,7.498
2022-02-17 23:00,0.381,6.989
2022-02-18 00:00,0.261,6.060
2022-02-18 01:00,0.475,7.666
2022-02-18 02:00,0.645,8.960
2022-02-18 03:00,0.714,9.554
2022-02-18 04:00,0.770,10.113
2022-02-18 05:00,0.812,10.583
2022-02-18 06:00,0.842,10.991
2022-02-18 07:00,0.857,11.219
2022-02-18 08:00,0.841,10.981
2022-02-18 09:00,0.762,10.030
2022-02-18 10:00,0.704,9.467
2022-02-18 11:00,0.693,9.364
2022-02-18 12:00,0.730,9.703
2022-02-18 13:00,0.738,9.788
2022-02-18 14:00,0.748,9.884
2022-02-18 15:00,0.781,10.233
2022-02-18 16:00,0.807,10.536
2022-02-18 17:00,0.824,10.753
2022-02-18 18:00,0.844,11.028
2022-02-18 19:00,0.865,11.336
2022-02-18 20:00,0.878,11.568
2022-02-18 21:00,0.870,11.433
2022-02-18 22:00,0.847,11.070
2022-02-18 23:00,0.751,9.907
2022-02-19 00:00,0.860,11.261
2022-02-19 01:00,0.912,12.259
2022-02-19 02:00,0.869,11.413
2022-02-19 03:00,0.840,10.969
2022-02-19 04:00,0.837,10.919
2022-02-19 05:00,0.844,11.027
2022-02-19 06:00,0.853,11.160
2022-02-19 07:00,0.858,11.228
2022-02-19 08:00,0.844,11.023
2022-02-19 09:00,0.753,9.928
2022-02-19 10:00,0.643,8.945
2022-02-19 11:00,0.602,8.619
2022-02-19 12:00,0.575,8.410
2022-02-19 13:00,0.544,8.177
2022-02-19 14:00,0.528,8.055
2022-02-19 15:00,0.541,8.159
2022-02-19 16:00,0.553,8.250
2022-02-19 17:00,0.547,8.202
2022-02-19 18:00,0.548,8.209
2022-02-19 19:00,0.537,8.118
2022-02-19 20:00,0.510,7.932
2022-02-19 21:00,0.491,7.792
2022-02-19 22:00,0.475,7.675
2022-02-19 23:00,0.375,6.941
2022-02-20 00:00,0.179,5.299
2022-02-20 01:00,0.159,5.096
2022-02-20 02:00,0.191,5.434
2022-02-20 03:00,0.273,6.161
2022-02-20 04:00,0.386,7.035
2022-02-20 05:00,0.505,7.892
2022-02-20 06:00,0.598,8.590
2022-02-20 07:00,0.693,9.365
2022-02-20 08:00,0.740,9.805
2022-02-20 09:00,0.712,9.538
2022-02-20 10:00,0.625,8.794
2022-02-20 11:00,0.618,8.735
2022-02-20 12:00,0.699,9.415
2022-02-20 13:00,0.734,9.750
2022-02-20 14:00,0.698,9.411
2022-02-20 15:00,0.658,9.067
2022-02-20 16:00,0.644,8.955
2022-02-20 17:00,0.615,8.711
2022-02-20 18:00,0.561,8.302
2022-02-20 19:00,0.485,7.741
2022-02-20 20:00,0.474,7.665
2022-02-20 21:00,0.435,7.384
2022-02-20 22:00,0.369,6.906
2022-02-20 23:00,0.270,6.134
2022-02-21 00:00,0.222,5.713
2022-02-21 01:00,0.349,6.749
2022-02-21 02:00,0.409,7.202
2022-02-21 03:00,0.452,7.505
2022-02-21 04:00,0.519,7.998
2022-02-21 05:00,0.590,8.524
2022-02-21 06:00,0.659,9.077
2022-02-21 07:00,0.734,9.739
2022-02-21 08:00,0.780,10.214
2022-02-21 09:00,0.765,10.063
2022-02-21 10:00,0.736,9.768
2022-02-21 11:00,0.641,8.917
2022-02-21 12:00,0.644,8.953
2022-02-21 13:00,0.636,8.886
2022-02-21 14:00,0.695,9.387
2022-02-21 15:00,0.677,9.225
2022-02-21 16:00,0.644,8.951
2022-02-21 17:00,0.599,8.593
2022-02-21 18:00,0.642,8.932
2022-02-21 19:00,0.687,9.315
2022-02-21 20:00,0.718,9.592
2022-02-21 21:00,0.737,9.774
2022-02-21 22:00,0.755,9.941
2022-02-21 23:00,0.743,9.827
2022-02-22 00:00,0.861,11.289
2022-02-22 01:00,0.925,12.570
2022-02-22 02:00,0.896,11.904
2022-02-22 03:00,0.826,10.760
2022-02-22 04:00,0.731,9.718
2022-02-22 05:00,0.653,9.024
2022-02-22 06:00,0.605,8.640
2022-02-22 07:00,0.565,8.326
2022-02-22 08:00,0.444,7.453
2022-02-22 09:00,0.254,6.001
2022-02-22 10:00,0.157,5.073
2022-02-22 11:00,0.105,4.446
2022-02-22 12:00,0.123,4.686
2022-02-22 13:00,0.232,5.815
2022-02-22 14:00,0.401,7.135
2022-02-22 15:00,0.519,7.988
2022-02-22 16:00,0.570,8.374
2022-02-22 17:00,0.592,8.538
2022-02-22 18:00,0.589,8.514
2022-02-22 19:00,0.564,8.322
2022-02-22 20:00,0.532,8.088
2022-02-22 21:00,0.496,7.827
2022-02-22 22:00,0.458,7.555
2022-02-22 23:00,0.334,6.645
2022-02-23 00:00,0.157,5.069
2022-02-23 01:00,0.185,5.374
2022-02-23 02:00,0.150,4.999
2022-02-23 03:00,0.149,4.994
2022-02-23 04:00,0.157,5.069
2022-02-23 05:00,0.160,5.110
2022-02-23 06:00,0.165,5.168
2022-02-23 07:00,0.165,5.166
2022-02-23 08:00,0.112,4.529
2022-02-23 09:00,0.046,3.421
2022-02-23 10:00,0.024,2.842
2022-02-23 11:00,0.082,4.107
2022-02-23 12:00,0.255,6.007
2022-02-23 13:00,0.445,7.460
2022-02-23 14:00,0.575,8.405
2022-02-23 15:00,0.642,8.936
2022-02-23 16:00,0.669,9.150
2022-02-23 17:00,0.669,9.150
2022-02-23 18:00,0.657,9.051
2022-02-23 19:00,0.644,8.953
2022-02-23 20:00,0.631,8.844
2022-02-23 21:00,0.612,8.688
2022-02-23 22:00,0.601,8.607
2022-02-23 23:00,0.485,7.751
2022-02-24 00:00,0.222,5.709
2022-02-24 01:00,0.113,4.555
2022-02-24 02:00,0.120,4.639
2022-02-24 03:00,0.096,4.311
2022-02-24 04:00,0.119,4.617
2022-02-24 05:00,0.151,5.018
2022-02-24 06:00,0.175,5.266
2022-02-24 07:00,0.182,5.338
2022-02-24 08:00,0.140,4.887
2022-02-24 09:00,0.127,4.734
2022-02-24 10:00,0.142,4.907
2022-02-24 11:00,0.178,5.288
2022-02-24 12:00,0.236,5.845
2022-02-24 13:00,0.303,6.402
2022-02-24 14:00,0.354,6.793
2022-02-24 15:00,0.414,7.232
2022-02-24 16:00,0.490,7.779
2022-02-24 17:00,0.571,8.381
2022-02-24 18:00,0.644,8.954
2022-02-24 19:00,0.688,9.324
2022-02-24 20:00,0.710,9.512
2022-02-24 21:00,0.738,9.783
2022-02-24 22:00,0.766,10.071
2022-02-24 23:00,0.704,9.469
2022-02-25 00:00,0.470,7.636
2022-02-25 01:00,0.351,6.766
2022-02-25 02:00,0.617,8.733
2022-02-25 03:00,0.738,9.782
2022-02-25 04:00,0.748,9.883
2022-02-25 05:00,0.753,9.931
2022-02-25 06:00,0.719,9.600
2022-02-25 07:00,0.575,8.407
2022-02-25 08:00,0.497,7.840
2022-02-25 09:00,0.522,8.008
2022-02-25 10:00,0.595,8.563
2022-02-25 11:00,0.662,9.099
2022-02-25 12:00,0.623,8.775
2022-02-25 13:00,0.587,8.495
2022-02-25 14:00,0.576,8.416
2022-02-25 15:00,0.576,8.416
2022-02-25 16:00,0.565,8.336
2022-02-25 17:00,0.559,8.289
2022-02-25 18:00,0.577,8.430
2022-02-25 19:00,0.610,8.672
2022-02-25 20:00,0.657,9.048
2022-02-25 21:00,0.710,9.524
2022-02-25 22:00,0.734,9.737
2022-02-25 23:00,0.642,8.933
2022-02-26 00:00,0.814,10.616
2022-02-26 01:00,0.963,13.903
2022-02-26 02:00,0.963,13.917
2022-02-26 03:00,0.940,13.028
2022-02-26 04:00,0.909,12.199
2022-02-26 05:00,0.884,11.664
2022-02-26 06:00,0.870,11.422
2022-02-26 07:00,0.854,11.180
2022-02-26 08:00,0.797,10.410
2022-02-26 09:00,0.734,9.743
2022-02-26 10:00,0.744,9.841
2022-02-26 11:00,0.751,9.912
2022-02-26 12:00,0.735,9.758
2022-02-26 13:00,0.693,9.366
2022-02-26 14:00,0.699,9.416
2022-02-26 15:00,0.718,9.584
2022-02-26 16:00,0.720,9.617
2022-02-26 17:00,0.727,9.669
2022-02-26 18:00,0.728,9.687
2022-02-26 19:00,0.718,9.594
2022-02-26 20:00,0.705,9.479
2022-02-26 21:00,0.715,9.565
2022-02-26 22:00,0.718,9.586
2022-02-26 23:00,0.589,8.518
2022-02-27 00:00,0.317,6.511
2022-02-27 01:00,0.401,7.135
2022-02-27 02:00,0.507,7.911
2022-02-27 03:00,0.508,7.915
2022-02-27 04:00,0.491,7.794
2022-02-27 05:00,0.476,7.682
2022-02-27 06:00,0.456,7.535
2022-02-27 07:00,0.394,7.083
2022-02-27 08:00,0.282,6.231
2022-02-27 09:00,0.289,6.291
2022-02-27 10:00,0.295,6.331
2022-02-27 11:00,0.258,6.031
2022-02-27 12:00,0.191,5.427
2022-02-27 13:00,0.126,4.714
2022-02-27 14:00,0.086,4.170
2022-02-27 15:00,0.077,4.017
2022-02-27 16:00,0.098,4.349
2022-02-27 17:00,0.150,5.002
2022-02-27 18:00,0.229,5.778
2022-02-27 19:00,0.316,6.507
2022-02-27 20:00,0.368,6.902
2022-02-27 21:00,0.380,6.983
2022-02-27 22:00,0.385,7.028
2022-02-27 23:00,0.357,6.820
2022-02-28 00:00,0.254,6.002
2022-02-28 01:00,0.162,5.132
2022-02-28 02:00,0.198,5.497
2022-02-28 03:00,0.174,5.257
2022-02-28 04:00,0.082,4.097
2022-02-28 05:00,0.017,2.589
2022-02-28 06:00,0.012,2.369
2022-02-28 07:00,0.206,5.562
2022-02-28 08:00,0.635,8.878
2022-02-28 09:00,0.722,9.633
2022-02-28 10:00,0.606,8.644
2022-02-28 11:00,0.567,8.348
2022-02-28 12:00,0.617,8.732
2022-02-28 13:00,0.675,9.214
2022-02-28 14:00,0.674,9.201
2022-02-28 15:00,0.667,9.143
2022-02-28 16:00,0.650,8.992
2022-02-28 17:00,0.662,9.102
2022-02-28 18:00,0.652,9.009
2022-02-28 19:00,0.635,8.882
2022-02-28 20:00,0.630,8.843
2022-02-28 21:00,0.621,8.764
2022-02-28 22:00,0.628,8.822
2022-02-28 23:00,0.515,7.972
2022-03-01 00:00,0.418,7.269
2022-03-01 01:00,0.653,9.024
2022-03-01 02:00,0.677,9.224
2022-03-01 03:00,0.658,9.071
2022-03-01 04:00,0.677,9.227
2022-03-01 05:00,0.715,9.570
2022-03-01 06:00,0.764,10.053
2022-03-01 07:00,0.780,10.220
2022-03-01 08:00,0.698,9.402
2022-03-01 09:00,0.667,9.140
2022-03-01 10:00,0.676,9.216
2022-03-01 11:00,0.641,8.927
2022-03-01 12:00,0.656,9.046
2022-03-01 13:00,0.708,9.495
2022-03-01 14:00,0.731,9.710
2022-03-01 15:00,0.762,10.027
2022-03-01 16:00,0.795,10.390
2022-03-01 17:00,0.824,10.739
2022-03-01 18:00,0.833,10.864
2022-03-01 19:00,0.815,10.631
2022-03-01 20:00,0.800,10.456
2022-03-01 21:00,0.807,10.534
2022-03-01 22:00,0.804,10.491
2022-03-01 23:00,0.708,9.496
2022-03-02 00:00,0.707,9.485
2022-03-02 01:00,0.850,11.109
2022-03-02 02:00,0.887,11.734
2022-03-02 03:00,0.907,12.146
2022-03-02 04:00,0.919,12.425
2022-03-02 05:00,0.925,12.572
2022-03-02 06:00,0.924,12.552
2022-03-02 07:00,0.908,12.165
2022-03-02 08:00,0.837,10.930
2022-03-02 09:00,0.687,9.318
2022-03-02 10:00,0.590,8.523
2022-03-02 11:00,0.446,7.469
2022-03-02 12:00,0.301,6.388
2022-03-02 13:00,0.221,5.706
2022-03-02 14:00,0.197,5.492
2022-03-02 15:00,0.187,5.391
2022-03-02 16:00,0.159,5.103
2022-03-02 17:00,0.134,4.805
2022-03-02 18:00,0.125,4.703
2022-03-02 19:00,0.147,4.966
2022-03-02 20:00,0.203,5.534
2022-03-02 21:00,0.275,6.170
2022-03-02 22:00,0.381,6.990
2022-03-02 23:00,0.449,7.484
2022-03-03 00:00,0.474,7.660
2022-03-03 01:00,0.815,10.625
2022-03-03 02:00,0.901,12.019
2022-03-03 03:00,0.920,12.457
2022-03-03 04:00,0.924,12.556
2022-03-03 05:00,0.916,12.361
2022-03-03 06:00,0.890,11.778
2022-03-03 07:00,0.837,10.920
2022-03-03 08:00,0.813,10.611
2022-03-03 09:00,0.880,11.613
2022-03-03 10:00,0.897,11.920
2022-03-03 11:00,0.873,11.478
2022-03-03 12:00,0.861,11.279
2022-03-03 13:00,0.863,11.320
2022-03-03 14:00,0.876,11.542
2022-03-03 15:00,0.911,12.241
2022-03-03 16:00,0.901,12.013
2022-03-03 17:00,0.902,12.036
2022-03-03 18:00,0.942,13.073
2022-03-03 19:00,0.951,13.386
2022-03-03 20:00,0.930,12.720
2022-03-03 21:00,0.906,12.130
2022-03-03 22:00,0.912,12.257
2022-03-03 23:00,0.912,12.250
2022-03-04 00:00,0.987,15.878
2022-03-04 01:00,0.987,16.987
2022-03-04 02:00,0.981,17.758
2022-03-04 03:00,0.979,17.905
2022-03-04 04:00,0.983,17.586
2022-03-04 05:00,0.985,17.341
2022-03-04 06:00,0.986,17.068
2022-03-04 07:00,0.988,16.589
2022-03-04 08:00,0.987,15.983
2022-03-04 09:00,0.983,15.262
2022-03-04 10:00,0.977,14.782
2022-03-04 11:00,0.962,13.862
2022-03-04 12:00,0.952,13.447
2022-03-04 13:00,0.954,13.503
2022-03-04 14:00,0.956,13.604
2022-03-04 15:00,0.944,13.159
2022-03-04 16:00,0.946,13.224
2022-03-04 17:00,0.949,13.304
2022-03-04 18:00,0.951,13.380
2022-03-04 19:00,0.948,13.289
2022-03-04 20:00,0.947,13.252
2022-03-04 21:00,0.951,13.374
2022-03-04 22:00,0.932,12.772
2022-03-04 23:00,0.908,12.161
2022-03-05 00:00,0.978,14.801
2022-03-05 01:00,0.986,15.754
2022-03-05 02:00,0.985,15.530
2022-03-05 03:00,0.981,15.079
2022-03-05 04:00,0.975,14.600
2022-03-05 05:00,0.968,14.157
2022-03-05 06:00,0.956,13.600
2022-03-05 07:00,0.934,12.818
2022-03-05 08:00,0.889,11.757
2022-03-05 09:00,0.781,10.230
2022-03-05 10:00,0.756,9.970
2022-03-05 11:00,0.761,10.019
2022-03-05 12:00,0.723,9.638
2022-03-05 13:00,0.689,9.332
2022-03-05 14:00,0.669,9.161
2022-03-05 15:00,0.642,8.935
2022-03-05 16:00,0.607,8.654
2022-03-05 17:00,0.545,8.190
2022-03-05 18:00,0.465,7.599
2022-03-05 19:00,0.370,6.913
2022-03-05 20:00,0.274,6.164
2022-03-05 21:00,0.179,5.302
2022-03-05 22:00,0.098,4.339
2022-03-05 23:00,0.044,3.394
2022-03-06 00:00,0.038,3.232
2022-03-06 01:00,0.203,5.534
2022-03-06 02:00,0.332,6.625
2022-03-06 03:00,0.388,7.048
2022-03-06 04:00,0.431,7.355
2022-03-06 05:00,0.478,7.698
2022-03-06 06:00,0.534,8.100
2022-03-06 07:00,0.584,8.481
2022-03-06 08:00,0.610,8.671
2022-03-06 09:00,0.710,9.509
2022-03-06 10:00,0.801,10.460
2022-03-06 11:00,0.832,10.847
2022-03-06 12:00,0.817,10.650
2022-03-06 13:00,0.790,10.329
2022-03-06 14:00,0.780,10.214
2022-03-06 15:00,0.787,10.298
2022-03-06 16:00,0.725,9.661
2022-03-06 17:00,0.684,9.290
2022-03-06 18:00,0.662,9.099
2022-03-06 19:00,0.669,9.154
2022-03-06 20:00,0.721,9.624
2022-03-06 21:00,0.746,9.867
2022-03-06 22:00,0.780,10.213
2022-03-06 23:00,0.713,9.549
2022-03-07 00:00,0.862,11.298
2022-03-07 01:00,0.884,11.669
2022-03-07 02:00,0.830,10.822
2022-03-07 03:00,0.742,9.823
2022-03-07 04:00,0.590,8.522
2022-03-07 05:00,0.399,7.120
2022-03-07 06:00,0.252,5.984
2022-03-07 07:00,0.141,4.901
2022-03-07 08:00,0.033,3.107
2022-03-07 09:00,0.002,1.587
2022-03-07 10:00,0.002,1.629
2022-03-07 11:00,0.048,3.473
2022-03-07 12:00,0.240,5.884
2022-03-07 13:00,0.491,7.793
2022-03-07 14:00,0.621,8.767
2022-03-07 15:00,0.674,9.202
2022-03-07 16:00,0.715,9.567
2022-03-07 17:00,0.751,9.913
2022-03-07 18:00,0.800,10.445
2022-03-07 19:00,0.825,10.754
2022-03-07 20:00,0.838,10.937
2022-03-07 21:00,0.838,10.936
2022-03-07 22:00,0.812,10.585
2022-03-07 23:00,0.667,9.142
2022-03-08 00:00,0.455,7.529
2022-03-08 01:00,0.594,8.556
2022-03-08 02:00,0.579,8.436
2022-03-08 03:00,0.610,8.673
2022-03-08 04:00,0.626,8.800
2022-03-08 05:00,0.616,8.731
2022-03-08 06:00,0.602,8.617
2022-03-08 07:00,0.555,8.256
2022-03-08 08:00,0.462,7.579
2022-03-08 09:00,0.437,7.393
2022-03-08 10:00,0.389,7.055
2022-03-08 11:00,0.349,6.750
2022-03-08 12:00,0.286,6.269
2022-03-08 13:00,0.211,5.625
2022-03-08 14:00,0.136,4.837
2022-03-08 15:00,0.064,3.794
2022-03-08 16:00,0.012,2.387
2022-03-08 17:00,0,1.066
2022-03-08 18:00,0,0.916
2022-03-08 19:00,0.015,2.505
2022-03-08 20:00,0.086,4.150
2022-03-08 21:00,0.236,5.846
2022-03-08 22:00,0.480,7.717
2022-03-08 23:00,0.595,8.561
2022-03-09 00:00,0.540,8.145
2022-03-09 01:00,0.735,9.756
2022-03-09 02:00,0.932,12.767
2022-03-09 03:00,0.975,14.558
2022-03-09 04:00,0.981,15.091
2022-03-09 05:00,0.977,14.727
2022-03-09 06:00,0.971,14.320
2022-03-09 07:00,0.963,13.918
2022-03-09 08:00,0.964,13.942
2022-03-09 09:00,0.964,13.970
2022-03-09 10:00,0.957,13.621
2022-03-09 11:00,0.935,12.848
2022-03-09 12:00,0.914,12.312
2022-03-09 13:00,0.874,11.498
2022-03-09 14:00,0.859,11.250
2022-03-09 15:00,0.863,11.320
2022-03-09 16:00,0.855,11.183
2022-03-09 17:00,0.824,10.752
2022-03-09 18:00,0.782,10.247
2022-03-09 19:00,0.737,9.777
2022-03-09 20:00,0.671,9.173
2022-03-09 21:00,0.633,8.861
2022-03-09 22:00,0.627,8.815
2022-03-09 23:00,0.601,8.609
2022-03-10 00:00,0.568,8.350
2022-03-10 01:00,0.771,10.126
2022-03-10 02:00,0.753,9.932
2022-03-10 03:00,0.666,9.137
2022-03-10 04:00,0.541,8.161
2022-03-10 05:00,0.403,7.146
2022-03-10 06:00,0.306,6.429
2022-03-10 07:00,0.267,6.114
2022-03-10 08:00,0.279,6.207
2022-03-10 09:00,0.399,7.129
2022-03-10 10:00,0.456,7.533
2022-03-10 11:00,0.409,7.203
2022-03-10 12:00,0.329,6.600
2022-03-10 13:00,0.242,5.898
2022-03-10 14:00,0.214,5.646
2022-03-10 15:00,0.275,6.177
2022-03-10 16:00,0.394,7.083
2022-03-10 17:00,0.432,7.362
2022-03-10 18:00,0.377,6.960
2022-03-10 19:00,0.333,6.639
2022-03-10 20:00,0.281,6.224
2022-03-10 21:00,0.195,5.459
2022-03-10 22:00,0.146,4.955
2022-03-10 23:00,0.078,4.044
2022-03-11 00:00,0.044,3.387
2022-03-11 01:00,0.037,3.217
2022-03-11 02:00,0.013,2.431
2022-03-11 03:00,0.005,1.945
2022-03-11 04:00,0.001,1.249
2022-03-11 05:00,0,0.678
2022-03-11 06:00,0,0.947
2022-03-11 07:00,0.009,2.192
2022-03-11 08:00,0.070,3.906
2022-03-11 09:00,0.395,7.093
2022-03-11 10:00,0.661,9.089
2022-03-11 11:00,0.753,9.932
2022-03-11 12:00,0.815,10.636
2022-03-11 13:00,0.805,10.507
2022-03-11 14:00,0.780,10.218
2022-03-11 15:00,0.753,9.924
2022-03-11 16:00,0.705,9.476
2022-03-11 17:00,0.745,9.858
2022-03-11 18:00,0.708,9.495
2022-03-11 19:00,0.700,9.426
2022-03-11 20:00,0.690,9.339
2022-03-11 21:00,0.580,8.445
2022-03-11 22:00,0.543,8.167
2022-03-11 23:00,0.518,7.986
2022-03-12 00:00,0.495,7.823
2022-03-12 01:00,0.597,8.573
2022-03-12 02:00,0.704,9.458
2022-03-12 03:00,0.710,9.509
2022-03-12 04:00,0.629,8.826
2022-03-12 05:00,0.544,8.182
2022-03-12 06:00,0.539,8.141
2022-03-12 07:00,0.552,8.236
2022-03-12 08:00,0.666,9.132
2022-03-12 09:00,0.862,11.291
2022-03-12 10:00,0.934,12.819
2022-03-12 11:00,0.928,12.664
2022-03-12 12:00,0.878,11.561
2022-03-12 13:00,0.831,10.838
2022-03-12 14:00,0.800,10.447
2022-03-12 15:00,0.789,10.318
2022-03-12 16:00,0.747,9.871
2022-03-12 17:00,0.652,9.019
2022-03-12 18:00,0.556,8.267
2022-03-12 19:00,0.471,7.640
2022-03-12 20:00,0.430,7.346
2022-03-12 21:00,0.378,6.976
2022-03-12 22:00,0.332,6.620
2022-03-12 23:00,0.297,6.353
2022-03-13 00:00,0.377,6.967
2022-03-13 01:00,0.251,5.972
2022-03-13 02:00,0.130,4.771
2022-03-13 03:00,0.062,3.751
2022-03-13 04:00,0.023,2.812
2022-03-13 05:00,0.015,2.513
2022-03-13 06:00,0.012,2.347
2022-03-13 07:00,0.025,2.868
2022-03-13 08:00,0.110,4.517
2022-03-13 09:00,0.359,6.825
2022-03-13 10:00,0.534,8.101
2022-03-13 11:00,0.543,8.167
2022-03-13 12:00,0.456,7.536
2022-03-13 13:00,0.303,6.403
2022-03-13 14:00,0.216,5.672
2022-03-13 15:00,0.102,4.396
2022-03-13 16:00,0.116,4.586
2022-03-13 17:00,0.166,5.180
2022-03-13 18:00,0.155,5.048
2022-03-13 19:00,0.172,5.243
2022-03-13 20:00,0.149,4.991
2022-03-13 21:00,0.149,4.991
2022-03-13 22:00,0.113,4.538
2022-03-13 23:00,0.152,5.020
2022-03-14 00:00,0.688,9.320
2022-03-14 01:00,0.866,11.349
2022-03-14 02:00,0.879,11.582
2022-03-14 03:00,0.862,11.306
2022-03-14 04:00,0.831,10.844
2022-03-14 05:00,0.785,10.275
2022-03-14 06:00,0.698,9.407
2022-03-14 07:00,0.525,8.041
2022-03-14 08:00,0.262,6.068
2022-03-14 09:00,0.078,4.035
2022-03-14 10:00,0.071,3.927
2022-03-14 11:00,0.209,5.603
2022-03-14 12:00,0.418,7.265
2022-03-14 13:00,0.548,8.211
2022-03-14 14:00,0.615,8.714
2022-03-14 15:00,0.620,8.754
2022-03-14 16:00,0.647,8.979
2022-03-14 17:00,0.661,9.095
2022-03-14 18:00,0.715,9.569
2022-03-14 19:00,0.840,10.975
2022-03-14 20:00,0.913,12.285
2022-03-14 21:00,0.945,13.176
2022-03-14 22:00,0.964,13.930
2022-03-14 23:00,0.987,15.873
2022-03-15 00:00,0.980,17.835
2022-03-15 01:00,0.981,17.770
2022-03-15 02:00,0.982,17.681
2022-03-15 03:00,0.972,18.390
2022-03-15 04:00,0.976,18.132
2022-03-15 05:00,0.981,17.787
2022-03-15 06:00,0.983,17.600
2022-03-15 07:00,0.987,16.840
2022-03-15 08:00,0.985,15.575
2022-03-15 09:00,0.947,13.267
2022-03-15 10:00,0.859,11.251
2022-03-15 11:00,0.713,9.545
2022-03-15 12:00,0.575,8.404
2022-03-15 13:00,0.490,7.784
2022-03-15 14:00,0.431,7.356
2022-03-15 15:00,0.388,7.045
2022-03-15 16:00,0.377,6.970
2022-03-15 17:00,0.409,7.197
2022-03-15 18:00,0.580,8.447
2022-03-15 19:00,0.702,9.442
2022-03-15 20:00,0.764,10.046
2022-03-15 21:00,0.779,10.206
2022-03-15 22:00,0.758,9.983
2022-03-15 23:00,0.768,10.081
2022-03-16 00:00,0.778,10.188
2022-03-16 01:00,0.795,10.391
2022-03-16 02:00,0.791,10.334
2022-03-16 03:00,0.780,10.224
2022-03-16 04:00,0.791,10.336
2022-03-16 05:00,0.815,10.627
2022-03-16 06:00,0.812,10.591
2022-03-16 07:00,0.781,10.231
2022-03-16 08:00,0.697,9.398
2022-03-16 09:00,0.583,8.475
2022-03-16 10:00,0.548,8.213
2022-03-16 11:00,0.531,8.076
2022-03-16 12:00,0.434,7.382
2022-03-16 13:00,0.320,6.535
2022-03-16 14:00,0.340,6.684
2022-03-16 15:00,0.422,7.298
2022-03-16 16:00,0.519,7.996
2022-03-16 17:00,0.461,7.575
2022-03-16 18:00,0.403,7.156
2022-03-16 19:00,0.384,7.022
2022-03-16 20:00,0.314,6.479
2022-03-16 21:00,0.198,5.498
2022-03-16 22:00,0.147,4.963
2022-03-16 23:00,0.132,4.786
2022-03-17 00:00,0.136,4.836
2022-03-17 01:00,0.142,4.910
2022-03-17 02:00,0.118,4.611
2022-03-17 03:00,0.076,3.998
2022-03-17 04:00,0.038,3.242
2022-03-17 05:00,0.011,2.317
2022-03-17 06:00,0.017,2.571
2022-03-17 07:00,0.029,2.997
2022-03-17 08:00,0.049,3.497
2022-03-17 09:00,0.076,4.007
2022-03-17 10:00,0.108,4.480
2022-03-17 11:00,0.114,4.562
2022-03-17 12:00,0.090,4.232
2022-03-17 13:00,0.058,3.686
2022-03-17 14:00,0.046,3.436
2022-03-17 15:00,0.047,3.453
2022-03-17 16:00,0.050,3.511
2022-03-17 17:00,0.058,3.685
2022-03-17 18:00,0.051,3.537
2022-03-17 19:00,0.044,3.396
2022-03-17 20:00,0.044,3.378
2022-03-17 21:00,0.046,3.426
2022-03-17 22:00,0.053,3.587
2022-03-17 23:00,0.045,3.416
2022-03-18 00:00,0.023,2.792
2022-03-18 01:00,0.015,2.500
2022-03-18 02:00,0.018,2.629
2022-03-18 03:00,0.053,3.583
2022-03-18 04:00,0.155,5.047
2022-03-18 05:00,0.223,5.733
2022-03-18 06:00,0.306,6.430
2022-03-18 07:00,0.465,7.601
2022-03-18 08:00,0.544,8.175
2022-03-18 09:00,0.594,8.550
2022-03-18 10:00,0.649,8.985
2022-03-18 11:00,0.679,9.236
2022-03-18 12:00,0.700,9.429
2022-03-18 13:00,0.700,9.431
2022-03-18 14:00,0.710,9.525
2022-03-18 15:00,0.738,9.783
2022-03-18 16:00,0.756,9.967
2022-03-18 17:00,0.731,9.712
2022-03-18 18:00,0.685,9.295
2022-03-18 19:00,0.636,8.886
2022-03-18 20:00,0.565,8.334
2022-03-18 21:00,0.525,8.034
2022-03-18 22:00,0.479,7.710
2022-03-18 23:00,0.517,7.980
2022-03-19 00:00,0.626,8.810
2022-03-19 01:00,0.558,8.277
2022-03-19 02:00,0.441,7.422
2022-03-19 03:00,0.374,6.939
2022-03-19 04:00,0.330,6.611
2022-03-19 05:00,0.279,6.208
2022-03-19 06:00,0.249,5.952
2022-03-19 07:00,0.207,5.573
2022-03-19 08:00,0.147,4.970
2022-03-19 09:00,0.064,3.792
2022-03-19 10:00,0.028,2.965
2022-03-19 11:00,0.015,2.526
2022-03-19 12:00,0.016,2.552
2022-03-19 13:00,0.050,3.514
2022-03-19 14:00,0.126,4.721
2022-03-19 15:00,0.208,5.581
2022-03-19 16:00,0.267,6.111
2022-03-19 17:00,0.283,6.231
2022-03-19 18:00,0.274,6.166
2022-03-19 19:00,0.282,6.226
2022-03-19 20:00,0.268,6.120
2022-03-19 21:00,0.201,5.523
2022-03-19 22:00,0.152,5.022
2022-03-19 23:00,0.096,4.318
2022-03-20 00:00,0.122,4.661
2022-03-20 01:00,0.157,5.082
2022-03-20 02:00,0.157,5.066
2022-03-20 03:00,0.167,5.188
2022-03-20 04:00,0.155,5.043
2022-03-20 05:00,0.117,4.602
2022-03-20 06:00,0.082,4.108
2022-03-20 07:00,0.053,3.591
2022-03-20 08:00,0.040,3.280
2022-03-20 09:00,0.036,3.188
2022-03-20 10:00,0.046,3.438
2022-03-20 11:00,0.050,3.515
2022-03-20 12:00,0.041,3.316
2022-03-20 13:00,0.028,2.959
2022-03-20 14:00,0.033,3.106
2022-03-20 15:00,0.054,3.609
2022-03-20 16:00,0.118,4.614
2022-03-20 17:00,0.210,5.611
2022-03-20 18:00,0.325,6.572
2022-03-20 19:00,0.381,6.989
2022-03-20 20:00,0.390,7.066
2022-03-20 21:00,0.399,7.120
2022-03-20 22:00,0.352,6.780
2022-03-20 23:00,0.288,6.284
2022-03-21 00:00,0.433,7.369
2022-03-21 01:00,0.462,7.578
2022-03-21 02:00,0.457,7.549
2022-03-21 03:00,0.419,7.274
2022-03-21 04:00,0.365,6.881
2022-03-21 05:00,0.339,6.676
2022-03-21 06:00,0.344,6.713
2022-03-21 07:00,0.384,7.015
2022-03-21 08:00,0.405,7.167
2022-03-21 09:00,0.324,6.565
2022-03-21 10:00,0.250,5.959
2022-03-21 11:00,0.196,5.484
2022-03-21 12:00,0.193,5.446
2022-03-21 13:00,0.267,6.112
2022-03-21 14:00,0.408,7.189
2022-03-21 15:00,0.490,7.783
2022-03-21 16:00,0.511,7.937
2022-03-21 17:00,0.524,8.027
2022-03-21 18:00,0.545,8.191
2022-03-21 19:00,0.580,8.452
2022-03-21 20:00,0.589,8.508
2022-03-21 21:00,0.575,8.411
2022-03-21 22:00,0.515,7.971
2022-03-21 23:00,0.292,6.319
2022-03-22 00:00,0.161,5.121
2022-03-22 01:00,0.150,4.999
2022-03-22 02:00,0.146,4.960
2022-03-22 03:00,0.178,5.286
2022-03-22 04:00,0.224,5.739
2022-03-22 05:00,0.317,6.510
2022-03-22 06:00,0.388,7.046
2022-03-22 07:00,0.427,7.324
2022-03-22 08:00,0.528,8.053
2022-03-22 09:00,0.645,8.957
2022-03-22 10:00,0.671,9.180
2022-03-22 11:00,0.657,9.063
2022-03-22 12:00,0.617,8.734
2022-03-22 13:00,0.583,8.471
2022-03-22 14:00,0.577,8.421
2022-03-22 15:00,0.639,8.907
2022-03-22 16:00,0.696,9.394
2022-03-22 17:00,0.657,9.054
2022-03-22 18:00,0.648,8.983
2022-03-22 19:00,0.641,8.922
2022-03-22 20:00,0.641,8.931
2022-03-22 21:00,0.677,9.230
2022-03-22 22:00,0.727,9.668
2022-03-22 23:00,0.624,8.784
2022-03-23 00:00,0.709,9.504
2022-03-23 01:00,0.927,12.637
2022-03-23 02:00,0.960,13.776
2022-03-23 03:00,0.954,13.525
2022-03-23 04:00,0.933,12.814
2022-03-23 05:00,0.902,12.037
2022-03-23 06:00,0.856,11.205
2022-03-23 07:00,0.763,10.041
2022-03-23 08:00,0.621,8.770
2022-03-23 09:00,0.581,8.458
2022-03-23 10:00,0.578,8.432
2022-03-23 11:00,0.525,8.032
2022-03-23 12:00,0.447,7.479
2022-03-23 13:00,0.436,7.391
2022-03-23 14:00,0.476,7.685
2022-03-23 15:00,0.453,7.512
2022-03-23 16:00,0.497,7.831
2022-03-23 17:00,0.485,7.746
2022-03-23 18:00,0.453,7.509
2022-03-23 19:00,0.358,6.822
2022-03-23 20:00,0.238,5.865
2022-03-23 21:00,0.203,5.538
2022-03-23 22:00,0.148,4.982
2022-03-23 23:00,0.085,4.145
2022-03-24 00:00,0.070,3.886
2022-03-24 01:00,0.283,6.234
2022-03-24 02:00,0.773,10.142
2022-03-24 03:00,0.929,12.667
2022-03-24 04:00,0.958,13.691
2022-03-24 05:00,0.972,14.401
2022-03-24 06:00,0.978,14.817
2022-03-24 07:00,0.967,14.098
2022-03-24 08:00,0.953,13.485
2022-03-24 09:00,0.944,13.139
2022-03-24 10:00,0.922,12.502
2022-03-24 11:00,0.861,11.273
2022-03-24 12:00,0.815,10.639
2022-03-24 13:00,0.755,9.952
2022-03-24 14:00,0.680,9.250
2022-03-24 15:00,0.634,8.869
2022-03-24 16:00,0.587,8.501
2022-03-24 17:00,0.516,7.978
2022-03-24 18:00,0.428,7.336
2022-03-24 19:00,0.339,6.683
2022-03-24 20:00,0.240,5.880
2022-03-24 21:00,0.180,5.315
2022-03-24 22:00,0.138,4.860
2022-03-24 23:00,0.074,3.975
2022-03-25 00:00,0.271,6.146
2022-03-25 01:00,0.316,6.509
2022-03-25 02:00,0.233,5.822
2022-03-25 03:00,0.237,5.853
2022-03-25 04:00,0.261,6.052
2022-03-25 05:00,0.275,6.176
2022-03-25 06:00,0.309,6.443
2022-03-25 07:00,0.292,6.319
2022-03-25 08:00,0.239,5.870
2022-03-25 09:00,0.178,5.289
2022-03-25 10:00,0.128,4.744
2022-03-25 11:00,0.068,3.862
2022-03-25 12:00,0.026,2.901
2022-03-25 13:00,0.010,2.260
2022-03-25 14:00,0.007,2.042
2022-03-25 15:00,0.026,2.906
2022-03-25 16:00,0.100,4.371
2022-03-25 17:00,0.262,6.069
2022-03-25 18:00,0.495,7.823
2022-03-25 19:00,0.652,9.017
2022-03-25 20:00,0.719,9.602
2022-03-25 21:00,0.747,9.878
2022-03-25 22:00,0.693,9.366
2022-03-25 23:00,0.572,8.390
2022-03-26 00:00,0.774,10.158
2022-03-26 01:00,0.680,9.250
2022-03-26 02:00,0.476,7.686
2022-03-26 03:00,0.335,6.649
2022-03-26 04:00,0.283,6.235
2022-03-26 05:00,0.323,6.558
2022-03-26 06:00,0.450,7.487
2022-03-26 07:00,0.570,8.373
2022-03-26 08:00,0.629,8.827
2022-03-26 09:00,0.682,9.273
2022-03-26 10:00,0.821,10.711
2022-03-26 11:00,0.883,11.654
2022-03-26 12:00,0.878,11.571
2022-03-26 13:00,0.842,10.992
2022-03-26 14:00,0.843,11.006
2022-03-26 15:00,0.846,11.061
2022-03-26 16:00,0.848,11.074
2022-03-26 17:00,0.822,10.728
2022-03-26 18:00,0.791,10.339
2022-03-26 19:00,0.782,10.247
2022-03-26 20:00,0.815,10.625
2022-03-26 21:00,0.821,10.712
2022-03-26 22:00,0.756,9.959
2022-03-26 23:00,0.721,9.620
2022-03-27 00:00,0.923,12.516
2022-03-27 01:00,0.947,13.252
2022-03-27 02:00,0.932,12.784
2022-03-27 03:00,0.902,12.030
2022-03-27 04:00,0.860,11.266
2022-03-27 05:00,0.802,10.469
2022-03-27 06:00,0.724,9.643
2022-03-27 07:00,0.629,8.824
2022-03-27 08:00,0.490,7.788
2022-03-27 09:00,0.267,6.115
2022-03-27 10:00,0.117,4.605
2022-03-27 11:00,0.053,3.588
2022-03-27 12:00,0.073,3.948
2022-03-27 13:00,0.187,5.389
2022-03-27 14:00,0.416,7.241
2022-03-27 15:00,0.669,9.160
2022-03-27 16:00,0.829,10.816
2022-03-27 17:00,0.890,11.777
2022-03-27 18:00,0.915,12.337
2022-03-27 19:00,0.916,12.357
2022-03-27 20:00,0.881,11.628
2022-03-27 21:00,0.869,11.409
2022-03-27 22:00,0.854,11.170
2022-03-27 23:00,0.770,10.110
2022-03-28 00:00,0.894,11.872
2022-03-28 01:00,0.956,13.610
2022-03-28 02:00,0.974,14.555
2022-03-28 03:00,0.979,14.867
2022-03-28 04:00,0.978,14.842
2022-03-28 05:00,0.977,14.747
2022-03-28 06:00,0.978,14.855
2022-03-28 07:00,0.981,15.045
2022-03-28 08:00,0.978,14.841
2022-03-28 09:00,0.961,13.825
2022-03-28 10:00,0.955,13.552
2022-03-28 11:00,0.928,12.654
2022-03-28 12:00,0.901,12.021
2022-03-28 13:00,0.901,12.015
2022-03-28 14:00,0.913,12.289
2022-03-28 15:00,0.930,12.706
2022-03-28 16:00,0.936,12.897
2022-03-28 17:00,0.933,12.802
2022-03-28 18:00,0.929,12.686
2022-03-28 19:00,0.911,12.246
2022-03-28 20:00,0.880,11.593
2022-03-28 21:00,0.800,10.455
2022-03-28 22:00,0.729,9.696
2022-03-28 23:00,0.639,8.910
2022-03-29 00:00,0.453,7.519
2022-03-29 01:00,0.418,7.258
2022-03-29 02:00,0.532,8.091
2022-03-29 03:00,0.774,10.149
2022-03-29 04:00,0.821,10.713
2022-03-29 05:00,0.751,9.900
2022-03-29 06:00,0.657,9.058
2022-03-29 07:00,0.561,8.305
2022-03-29 08:00,0.379,6.980
2022-03-29 09:00,0.177,5.280
2022-03-29 10:00,0.114,4.571
2022-03-29 11:00,0.064,3.802
2022-03-29 12:00,0.037,3.217
2022-03-29 13:00,0.032,3.094
2022-03-29 14:00,0.051,3.541
2022-03-29 15:00,0.129,4.754
2022-03-29 16:00,0.301,6.392
2022-03-29 17:00,0.475,7.678
2022-03-29 18:00,0.500,7.850
2022-03-29 19:00,0.438,7.410
2022-03-29 20:00,0.368,6.890
2022-03-29 21:00,0.297,6.347
2022-03-29 22:00,0.215,5.654
2022-03-29 23:00,0.232,5.801
2022-03-30 00:00,0.265,6.092
2022-03-30 01:00,0.200,5.516
2022-03-30 02:00,0.160,5.116
2022-03-30 03:00,0.160,5.106
2022-03-30 04:00,0.185,5.376
2022-03-30 05:00,0.222,5.721
2022-03-30 06:00,0.258,6.037
2022-03-30 07:00,0.278,6.192
2022-03-30 08:00,0.265,6.093
2022-03-30 09:00,0.182,5.338
2022-03-30 10:00,0.101,4.372
2022-03-30 11:00,0.058,3.682
2022-03-30 12:00,0.021,2.748
2022-03-30 13:00,0.013,2.414
2022-03-30 14:00,0.063,3.769
2022-03-30 15:00,0.186,5.385
2022-03-30 16:00,0.325,6.574
2022-03-30 17:00,0.411,7.215
2022-03-30 18:00,0.439,7.416
2022-03-30 19:00,0.448,7.482
2022-03-30 20:00,0.476,7.683
2022-03-30 21:00,0.544,8.172
2022-03-30 22:00,0.544,8.170
2022-03-30 23:00,0.835,10.892
2022-03-31 00:00,0.920,12.462
2022-03-31 01:00,0.938,12.952
2022-03-31 02:00,0.953,13.481
2022-03-31 03:00,0.962,13.841
2022-03-31 04:00,0.966,14.063
2022-03-31 05:00,0.963,13.917
2022-03-31 06:00,0.957,13.621
2022-03-31 07:00,0.947,13.251
2022-03-31 08:00,0.929,12.684
2022-03-31 09:00,0.823,10.734
2022-03-31 10:00,0.689,9.335
2022-03-31 11:00,0.580,8.442
2022-03-31 12:00,0.519,7.994
2022-03-31 13:00,0.500,7.853
2022-03-31 14:00,0.482,7.728
2022-03-31 15:00,0.460,7.569
2022-03-31 16:00,0.452,7.508
2022-03-31 17:00,0.470,7.637
2022-03-31 18:00,0.468,7.626
2022-03-31 19:00,0.450,7.495
2022-03-31 20:00,0.421,7.290
2022-03-31 21:00,0.381,6.992
2022-03-31 22:00,0.278,6.191
2022-03-31 23:00,0.091,4.241
2022-04-01 00:00,0.035,3.174
2022-04-01 01:00,0.024,2.859
2022-04-01 02:00,0.024,2.831
2022-04-01 03:00,0.025,2.874
2022-04-01 04:00,0.025,2.883
2022-04-01 05:00,0.022,2.772
2022-04-01 06:00,0.015,2.525
2022-04-01 07:00,0.010,2.280
2022-04-01 08:00,0.008,2.146
2022-04-01 09:00,0.021,2.757
2022-04-01 10:00,0.073,3.948
2022-04-01 11:00,0.157,5.077
2022-04-01 12:00,0.258,6.028
2022-04-01 13:00,0.349,6.747
2022-04-01 14:00,0.493,7.810
2022-04-01 15:00,0.598,8.586
2022-04-01 16:00,0.652,9.008
2022-04-01 17:00,0.691,9.352
2022-04-01 18:00,0.704,9.458
2022-04-01 19:00,0.710,9.510
2022-04-01 20:00,0.716,9.575
2022-04-01 21:00,0.708,9.496
2022-04-01 22:00,0.616,8.730
2022-04-01 23:00,0.309,6.442
2022-04-02 00:00,0.323,6.561
2022-04-02 01:00,0.301,6.386
2022-04-02 02:00,0.224,5.742
2022-04-02 03:00,0.173,5.253
2022-04-02 04:00,0.159,5.096
2022-04-02 05:00,0.157,5.068
2022-04-02 06:00,0.157,5.078
2022-04-02 07:00,0.158,5.089
2022-04-02 08:00,0.151,5.011
2022-04-02 09:00,0.096,4.323
2022-04-02 10:00,0.110,4.512
2022-04-02 11:00,0.241,5.889
2022-04-02 12:00,0.469,7.634
2022-04-02 13:00,0.672,9.181
2022-04-02 14:00,0.766,10.072
2022-04-02 15:00,0.798,10.420
2022-04-02 16:00,0.815,10.628
2022-04-02 17:00,0.828,10.800
2022-04-02 18:00,0.834,10.868
2022-04-02 19:00,0.835,10.887
2022-04-02 20:00,0.831,10.843
2022-04-02 21:00,0.825,10.754
2022-04-02 22:00,0.777,10.185
2022-04-02 23:00,0.594,8.556
2022-04-03 00:00,0.559,8.288
2022-04-03 01:00,0.818,10.668
2022-04-03 02:00,0.812,10.587
2022-04-03 03:00,0.797,10.406
2022-04-03 04:00,0.812,10.594
2022-04-03 05:00,0.839,10.954
2022-04-03 06:00,0.862,11.302
2022-04-03 07:00,0.877,11.558
2022-04-03 08:00,0.877,11.544
2022-04-03 09:00,0.898,11.957
2022-04-03 10:00,0.951,13.386
2022-04-03 11:00,0.965,14.009
2022-04-03 12:00,0.971,14.336
2022-04-03 13:00,0.956,13.596
2022-04-03 14:00,0.958,13.676
2022-04-03 15:00,0.958,13.683
2022-04-03 16:00,0.960,13.762
2022-04-03 17:00,0.960,13.769
2022-04-03 18:00,0.958,13.663
2022-04-03 19:00,0.953,13.454
2022-04-03 20:00,0.946,13.201
2022-04-03 21:00,0.937,12.921
2022-04-03 22:00,0.911,12.228
2022-04-03 23:00,0.832,10.853
2022-04-04 00:00,0.913,12.277
2022-04-04 01:00,0.970,14.283
2022-04-04 02:00,0.973,14.459
2022-04-04 03:00,0.973,14.482
2022-04-04 04:00,0.974,14.499
2022-04-04 05:00,0.972,14.418
2022-04-04 06:00,0.970,14.296
2022-04-04 07:00,0.968,14.181
2022-04-04 08:00,0.964,13.966
2022-04-04 09:00,0.971,14.338
2022-04-04 10:00,0.982,15.189
2022-04-04 11:00,0.982,15.226
2022-04-04 12:00,0.975,14.606
2022-04-04 13:00,0.966,14.033
2022-04-04 14:00,0.969,14.241
2022-04-04 15:00,0.965,14.022
2022-04-04 16:00,0.941,13.049
2022-04-04 17:00,0.909,12.178
2022-04-04 18:00,0.881,11.615
2022-04-04 19:00,0.850,11.105
2022-04-04 20:00,0.861,11.278
2022-04-04 21:00,0.872,11.459
2022-04-04 22:00,0.752,9.929
2022-04-04 23:00,0.855,11.184
2022-04-05 00:00,0.874,11.492
2022-04-05 01:00,0.854,11.169
2022-04-05 02:00,0.800,10.439
2022-04-05 03:00,0.781,10.237
2022-04-05 04:00,0.807,10.532
2022-04-05 05:00,0.853,11.162
2022-04-05 06:00,0.892,11.827
2022-04-05 07:00,0.907,12.147
2022-04-05 08:00,0.907,12.139
2022-04-05 09:00,0.867,11.375
2022-04-05 10:00,0.826,10.765
2022-04-05 11:00,0.754,9.939
2022-04-05 12:00,0.674,9.191
2022-04-05 13:00,0.598,8.587
2022-04-05 14:00,0.460,7.571
2022-04-05 15:00,0.333,6.634
2022-04-05 16:00,0.223,5.730
2022-04-05 17:00,0.115,4.572
2022-04-05 18:00,0.037,3.216
2022-04-05 19:00,0.007,2.107
2022-04-05 20:00,0.004,1.845
2022-04-05 21:00,0.005,1.926
2022-04-05 22:00,0.006,2.033
2022-04-05 23:00,0.005,1.904
2022-04-06 00:00,0.008,2.169
2022-04-06 01:00,0.028,2.970
2022-04-06 02:00,0.072,3.942
2022-04-06 03:00,0.121,4.650
2022-04-06 04:00,0.167,5.183
2022-04-06 05:00,0.216,5.664
2022-04-06 06:00,0.255,6.005
2022-04-06 07:00,0.282,6.229
2022-04-06 08:00,0.280,6.209
2022-04-06 09:00,0.272,6.157
2022-04-06 10:00,0.399,7.118
2022-04-06 11:00,0.577,8.424
2022-04-06 12:00,0.710,9.520
2022-04-06 13:00,0.761,10.017
2022-04-06 14:00,0.753,9.923
2022-04-06 15:00,0.731,9.722
2022-04-06 16:00,0.729,9.695
2022-04-06 17:00,0.753,9.922
2022-04-06 18:00,0.759,9.993
2022-04-06 19:00,0.735,9.755
2022-04-06 20:00,0.687,9.315
2022-04-06 21:00,0.597,8.570
2022-04-06 22:00,0.423,7.303
2022-04-06 23:00,0.229,5.778
2022-04-07 00:00,0.332,6.625
2022-04-07 01:00,0.305,6.414
2022-04-07 02:00,0.253,5.993
2022-04-07 03:00,0.226,5.761
2022-04-07 04:00,0.178,5.287
2022-04-07 05:00,0.101,4.380
2022-04-07 06:00,0.040,3.289
2022-04-07 07:00,0.010,2.262
2022-04-07 08:00,0,1.086
2022-04-07 09:00,0.028,2.951
2022-04-07 10:00,0.244,5.918
2022-04-07 11:00,0.626,8.804
2022-04-07 12:00,0.826,10.766
2022-04-07 13:00,0.880,11.596
2022-04-07 14:00,0.912,12.263
2022-04-07 15:00,0.920,12.448
2022-04-07 16:00,0.893,11.851
2022-04-07 17:00,0.880,11.608
2022-04-07 18:00,0.894,11.867
2022-04-07 19:00,0.908,12.155
2022-04-07 20:00,0.918,12.392
2022-04-07 21:00,0.926,12.621
2022-04-07 22:00,0.913,12.287
2022-04-07 23:00,0.869,11.416
2022-04-08 00:00,0.940,13.016
2022-04-08 01:00,0.961,13.822
2022-04-08 02:00,0.979,14.904
2022-04-08 03:00,0.986,15.739
2022-04-08 04:00,0.984,15.405
2022-04-08 05:00,0.977,14.761
2022-04-08 06:00,0.970,14.252
2022-04-08 07:00,0.960,13.771
2022-04-08 08:00,0.935,12.847
2022-04-08 09:00,0.938,12.947
2022-04-08 10:00,0.958,13.653
2022-04-08 11:00,0.917,12.372
2022-04-08 12:00,0.655,9.039
2022-04-08 13:00,0.487,7.758
2022-04-08 14:00,0.324,6.568
2022-04-08 15:00,0.312,6.471
2022-04-08 16:00,0.537,8.126
2022-04-08 17:00,0.635,8.876
2022-04-08 18:00,0.652,9.016
2022-04-08 19:00,0.621,8.762
2022-04-08 20:00,0.561,8.306
2022-04-08 21:00,0.444,7.458
2022-04-08 22:00,0.252,5.981
2022-04-08 23:00,0.066,3.830
2022-04-09 00:00,0.062,3.763
2022-04-09 01:00,0.090,4.224
2022-04-09 02:00,0.071,3.913
2022-04-09 03:00,0.089,4.216
2022-04-09 04:00,0.157,5.078
2022-04-09 05:00,0.290,6.298
2022-04-09 06:00,0.454,7.524
2022-04-09 07:00,0.598,8.592
2022-04-09 08:00,0.720,9.615
2022-04-09 09:00,0.821,10.708
2022-04-09 10:00,0.915,12.320
2022-04-09 11:00,0.939,12.984
2022-04-09 12:00,0.931,12.751
2022-04-09 13:00,0.901,12.017
2022-04-09 14:00,0.884,11.671
2022-04-09 15:00,0.896,11.912
2022-04-09 16:00,0.912,12.250
2022-04-09 17:00,0.924,12.557
2022-04-09 18:00,0.932,12.787
2022-04-09 19:00,0.936,12.884
2022-04-09 20:00,0.926,12.596
2022-04-09 21:00,0.903,12.053
2022-04-09 22:00,0.832,10.857
2022-04-09 23:00,0.655,9.039
2022-04-10 00:00,0.415,7.239
2022-04-10 01:00,0.288,6.285
2022-04-10 02:00,0.200,5.518
2022-04-10 03:00,0.151,5.008
2022-04-10 04:00,0.079,4.062
2022-04-10 05:00,0.057,3.655
2022-04-10 06:00,0.079,4.050
2022-04-10 07:00,0.199,5.509
2022-04-10 08:00,0.410,7.209
2022-04-10 09:00,0.589,8.508
2022-04-10 10:00,0.682,9.260
2022-04-10 11:00,0.607,8.649
2022-04-10 12:00,0.372,6.923
2022-04-10 13:00,0.642,8.936
2022-04-10 14:00,0.598,8.592
2022-04-10 15:00,0.477,7.694
2022-04-10 16:00,0.457,7.552
2022-04-10 17:00,0.307,6.434
2022-04-10 18:00,0.225,5.754
2022-04-10 19:00,0.211,5.619
2022-04-10 20:00,0.306,6.422
2022-04-10 21:00,0.375,6.940
2022-04-10 22:00,0.442,7.436
2022-04-10 23:00,0.467,7.616
2022-04-11 00:00,0.179,5.303
2022-04-11 01:00,0.052,3.552
2022-04-11 02:00,0.050,3.505
2022-04-11 03:00,0.046,3.433
2022-04-11 04:00,0.038,3.255
2022-04-11 05:00,0.090,4.223
2022-04-11 06:00,0.158,5.093
2022-04-11 07:00,0.225,5.752
2022-04-11 08:00,0.300,6.370
2022-04-11 09:00,0.441,7.423
2022-04-11 10:00,0.558,8.279
2022-04-11 11:00,0.665,9.122
2022-04-11 12:00,0.748,9.886
2022-04-11 13:00,0.684,9.290
2022-04-11 14:00,0.589,8.520
2022-04-11 15:00,0.500,7.855
2022-04-11 16:00,0.510,7.929
2022-04-11 17:00,0.529,8.069
2022-04-11 18:00,0.559,8.291
2022-04-11 19:00,0.547,8.200
2022-04-11 20:00,0.619,8.747
2022-04-11 21:00,0.626,8.799
2022-04-11 22:00,0.488,7.765
2022-04-11 23:00,0.547,8.200
2022-04-12 00:00,0.726,9.665
2022-04-12 01:00,0.667,9.142
2022-04-12 02:00,0.586,8.489
2022-04-12 03:00,0.498,7.843
2022-04-12 04:00,0.399,7.126
2022-04-12 05:00,0.310,6.453
2022-04-12 06:00,0.267,6.116
2022-04-12 07:00,0.260,6.048
2022-04-12 08:00,0.256,6.020
2022-04-12 09:00,0.264,6.090
2022-04-12 10:00,0.381,6.989
2022-04-12 11:00,0.451,7.502
2022-04-12 12:00,0.434,7.373
2022-04-12 13:00,0.375,6.952
2022-04-12 14:00,0.295,6.341
2022-04-12 15:00,0.192,5.443
2022-04-12 16:00,0.103,4.421
2022-04-12 17:00,0.063,3.773
2022-04-12 18:00,0.067,3.856
2022-04-12 19:00,0.117,4.608
2022-04-12 20:00,0.122,4.670
2022-04-12 21:00,0.039,3.256
2022-04-12 22:00,0.044,3.371
2022-04-12 23:00,0.087,4.182
2022-04-13 00:00,0.131,4.775
2022-04-13 01:00,0.301,6.385
2022-04-13 02:00,0.515,7.969
2022-04-13 03:00,0.570,8.377
2022-04-13 04:00,0.564,8.318
2022-04-13 05:00,0.561,8.306
2022-04-13 06:00,0.571,8.386
2022-04-13 07:00,0.594,8.552
2022-04-13 08:00,0.571,8.382
2022-04-13 09:00,0.422,7.297
2022-04-13 10:00,0.221,5.705
2022-04-13 11:00,0.089,4.210
2022-04-13 12:00,0.061,3.748
2022-04-13 13:00,0.111,4.526
2022-04-13 14:00,0.161,5.126
2022-04-13 15:00,0.193,5.445
2022-04-13 16:00,0.215,5.659
2022-04-13 17:00,0.238,5.868
2022-04-13 18:00,0.266,6.097
2022-04-13 19:00,0.297,6.359
2022-04-13 20:00,0.384,7.016
2022-04-13 21:00,0.468,7.624
2022-04-13 22:00,0.418,7.270
2022-04-13 23:00,0.457,7.552
2022-04-14 00:00,0.421,7.290
2022-04-14 01:00,0.316,6.509
2022-04-14 02:00,0.283,6.232
2022-04-14 03:00,0.322,6.554
2022-04-14 04:00,0.442,7.437
2022-04-14 05:00,0.608,8.663
2022-04-14 06:00,0.749,9.891
2022-04-14 07:00,0.825,10.755
2022-04-14 08:00,0.819,10.680
2022-04-14 09:00,0.740,9.809
2022-04-14 10:00,0.537,8.132
2022-04-14 11:00,0.383,7.007
2022-04-14 12:00,0.327,6.592
2022-04-14 13:00,0.346,6.730
2022-04-14 14:00,0.458,7.559
2022-04-14 15:00,0.626,8.810
2022-04-14 16:00,0.731,9.719
2022-04-14 17:00,0.771,10.122
2022-04-14 18:00,0.803,10.485
2022-04-14 19:00,0.826,10.779
2022-04-14 20:00,0.808,10.546
2022-04-14 21:00,0.751,9.906
2022-04-14 22:00,0.556,8.267
2022-04-14 23:00,0.353,6.787
2022-04-15 00:00,0.646,8.970
2022-04-15 01:00,0.724,9.644
2022-04-15 02:00,0.753,9.930
2022-04-15 03:00,0.759,9.997
2022-04-15 04:00,0.781,10.234
2022-04-15 05:00,0.828,10.799
2022-04-15 06:00,0.877,11.555
2022-04-15 07:00,0.911,12.246
2022-04-15 08:00,0.918,12.395
2022-04-15 09:00,0.851,11.123
2022-04-15 10:00,0.751,9.900
2022-04-15 11:00,0.708,9.497
2022-04-15 12:00,0.728,9.684
2022-04-15 13:00,0.828,10.803
2022-04-15 14:00,0.895,11.892
2022-04-15 15:00,0.903,12.055
2022-04-15 16:00,0.909,12.183
2022-04-15 17:00,0.910,12.209
2022-04-15 18:00,0.911,12.227
2022-04-15 19:00,0.900,11.983
2022-04-15 20:00,0.884,11.687
2022-04-15 21:00,0.874,11.503
2022-04-15 22:00,0.776,10.175
2022-04-15 23:00,0.587,8.494
2022-04-16 00:00,0.641,8.922
2022-04-16 01:00,0.650,8.994
2022-04-16 02:00,0.636,8.886
2022-04-16 03:00,0.651,9.006
2022-04-16 04:00,0.654,9.026
2022-04-16 05:00,0.639,8.911
2022-04-16 06:00,0.621,8.763
2022-04-16 07:00,0.601,8.611
2022-04-16 08:00,0.564,8.318
2022-04-16 09:00,0.456,7.539
2022-04-16 10:00,0.356,6.811
2022-04-16 11:00,0.259,6.043
2022-04-16 12:00,0.184,5.357
2022-04-16 13:00,0.232,5.805
2022-04-16 14:00,0.458,7.553
2022-04-16 15:00,0.646,8.972
2022-04-16 16:00,0.738,9.784
2022-04-16 17:00,0.788,10.308
2022-04-16 18:00,0.808,10.551
2022-04-16 19:00,0.806,10.521
2022-04-16 20:00,0.788,10.315
2022-04-16 21:00,0.774,10.158
2022-04-16 22:00,0.674,9.189
2022-04-16 23:00,0.399,7.128
2022-04-17 00:00,0.372,6.926
2022-04-17 01:00,0.455,7.527
2022-04-17 02:00,0.399,7.131
2022-04-17 03:00,0.333,6.634
2022-04-17 04:00,0.255,6.007
2022-04-17 05:00,0.188,5.405
2022-04-17 06:00,0.141,4.904
2022-04-17 07:00,0.134,4.804
2022-04-17 08:00,0.157,5.074
2022-04-17 09:00,0.234,5.832
2022-04-17 10:00,0.435,7.384
2022-04-17 11:00,0.619,8.751
2022-04-17 12:00,0.669,9.156
2022-04-17 13:00,0.602,8.620
2022-04-17 14:00,0.497,7.836
2022-04-17 15:00,0.401,7.135
2022-04-17 16:00,0.399,7.118
2022-04-17 17:00,0.409,7.194
2022-04-17 18:00,0.417,7.256
2022-04-17 19:00,0.421,7.286
2022-04-17 20:00,0.441,7.421
2022-04-17 21:00,0.477,7.694
2022-04-17 22:00,0.371,6.916
2022-04-17 23:00,0.213,5.640
2022-04-18 00:00,0.354,6.798
2022-04-18 01:00,0.384,7.019
2022-04-18 02:00,0.350,6.756
2022-04-18 03:00,0.283,6.233
2022-04-18 04:00,0.210,5.611
2022-04-18 05:00,0.160,5.114
2022-04-18 06:00,0.140,4.879
2022-04-18 07:00,0.128,4.747
2022-04-18 08:00,0.112,4.535
2022-04-18 09:00,0.044,3.389
2022-04-18 10:00,0.004,1.806
2022-04-18 11:00,0.034,3.138
2022-04-18 12:00,0.188,5.397
2022-04-18 13:00,0.448,7.484
2022-04-18 14:00,0.641,8.924
2022-04-18 15:00,0.754,9.938
2022-04-18 16:00,0.831,10.835
2022-04-18 17:00,0.868,11.393
2022-04-18 18:00,0.883,11.663
2022-04-18 19:00,0.894,11.868
2022-04-18 20:00,0.904,12.080
2022-04-18 21:00,0.900,11.997
2022-04-18 22:00,0.834,10.874
2022-04-18 23:00,0.587,8.491
2022-04-19 00:00,0.623,8.778
2022-04-19 01:00,0.701,9.436
2022-04-19 02:00,0.579,8.438
2022-04-19 03:00,0.583,8.472
2022-04-19 04:00,0.641,8.928
2022-04-19 05:00,0.696,9.393
2022-04-19 06:00,0.737,9.778
2022-04-19 07:00,0.770,10.108
2022-04-19 08:00,0.774,10.149
2022-04-19 09:00,0.739,9.798
2022-04-19 10:00,0.782,10.240
2022-04-19 11:00,0.842,10.989
2022-04-19 12:00,0.887,11.727
2022-04-19 13:00,0.914,12.317
2022-04-19 14:00,0.928,12.658
2022-04-19 15:00,0.925,12.578
2022-04-19 16:00,0.913,12.271
2022-04-19 17:00,0.899,11.972
2022-04-19 18:00,0.888,11.746
2022-04-19 19:00,0.877,11.558
2022-04-19 20:00,0.867,11.386
2022-04-19 21:00,0.850,11.108
2022-04-19 22:00,0.735,9.753
2022-04-19 23:00,0.503,7.879
2022-04-20 00:00,0.536,8.118
2022-04-20 01:00,0.920,12.448
2022-04-20 02:00,0.964,13.925
2022-04-20 03:00,0.979,14.917
2022-04-20 04:00,0.984,15.372
2022-04-20 05:00,0.984,15.451
2022-04-20 06:00,0.984,15.460
2022-04-20 07:00,0.984,15.492
2022-04-20 08:00,0.983,15.325
2022-04-20 09:00,0.977,14.730
2022-04-20 10:00,0.979,14.932
2022-04-20 11:00,0.980,14.983
2022-04-20 12:00,0.971,14.311
2022-04-20 13:00,0.976,14.696
2022-04-20 14:00,0.982,15.209
2022-04-20 15:00,0.980,15.000
2022-04-20 16:00,0.980,14.976
2022-04-20 17:00,0.982,15.225
2022-04-20 18:00,0.981,15.121
2022-04-20 19:00,0.976,14.677
2022-04-20 20:00,0.961,13.803
2022-04-20 21:00,0.922,12.487
2022-04-20 22:00,0.834,10.880
2022-04-20 23:00,0.870,11.425
2022-04-21 00:00,0.860,11.255
2022-04-21 01:00,0.762,10.027
2022-04-21 02:00,0.669,9.156
2022-04-21 03:00,0.680,9.248
2022-04-21 04:00,0.732,9.724
2022-04-21 05:00,0.820,10.704
2022-04-21 06:00,0.868,11.392
2022-04-21 07:00,0.883,11.655
2022-04-21 08:00,0.931,12.747
2022-04-21 09:00,0.957,13.616
2022-04-21 10:00,0.929,12.690
2022-04-21 11:00,0.850,11.105
2022-04-21 12:00,0.760,10.005
2022-04-21 13:00,0.630,8.830
2022-04-21 14:00,0.507,7.901
2022-04-21 15:00,0.499,7.845
2022-04-21 16:00,0.519,7.997
2022-04-21 17:00,0.528,8.054
2022-04-21 18:00,0.513,7.953
2022-04-21 19:00,0.504,7.887
2022-04-21 20:00,0.532,8.087
2022-04-21 21:00,0.547,8.203
2022-04-21 22:00,0.392,7.074
2022-04-21 23:00,0.406,7.175
2022-04-22 00:00,0.534,8.102
2022-04-22 01:00,0.443,7.444
2022-04-22 02:00,0.363,6.853
2022-04-22 03:00,0.314,6.480
2022-04-22 04:00,0.315,6.486
2022-04-22 05:00,0.355,6.804
2022-04-22 06:00,0.443,7.440
2022-04-22 07:00,0.575,8.407
2022-04-22 08:00,0.645,8.960
2022-04-22 09:00,0.515,7.966
2022-04-22 10:00,0.211,5.618
2022-04-22 11:00,0.038,3.240
2022-04-22 12:00,0.082,4.103
2022-04-22 13:00,0.581,8.456
2022-04-22 14:00,0.886,11.724
2022-04-22 15:00,0.918,12.395
2022-04-22 16:00,0.910,12.212
2022-04-22 17:00,0.909,12.195
2022-04-22 18:00,0.901,12.011
2022-04-22 19:00,0.898,11.960
2022-04-22 20:00,0.910,12.217
2022-04-22 21:00,0.917,12.366
2022-04-22 22:00,0.902,12.027
2022-04-22 23:00,0.957,13.641
2022-04-23 00:00,0.987,16.117
2022-04-23 01:00,0.987,16.069
2022-04-23 02:00,0.986,15.695
2022-04-23 03:00,0.986,15.761
2022-04-23 04:00,0.986,15.846
2022-04-23 05:00,0.987,15.855
2022-04-23 06:00,0.986,15.822
2022-04-23 07:00,0.986,15.706
2022-04-23 08:00,0.980,15.043
2022-04-23 09:00,0.968,14.165
2022-04-23 10:00,0.958,13.664
2022-04-23 11:00,0.900,11.995
2022-04-23 12:00,0.838,10.936
2022-04-23 13:00,0.596,8.566
2022-04-23 14:00,0.511,7.942
2022-04-23 15:00,0.437,7.392
2022-04-23 16:00,0.208,5.598
2022-04-23 17:00,0.171,5.230
2022-04-23 18:00,0.250,5.958
2022-04-23 19:00,0.372,6.928
2022-04-23 20:00,0.482,7.730
2022-04-23 21:00,0.453,7.515
2022-04-23 22:00,0.182,5.342
2022-04-23 23:00,0.043,3.354
2022-04-24 00:00,0.014,2.456
2022-04-24 01:00,0.011,2.306
2022-04-24 02:00,0.015,2.524
2022-04-24 03:00,0.030,3.019
2022-04-24 04:00,0.064,3.796
2022-04-24 05:00,0.136,4.842
2022-04-24 06:00,0.303,6.404
2022-04-24 07:00,0.565,8.333
2022-04-24 08:00,0.623,8.777
2022-04-24 09:00,0.251,5.966
2022-04-24 10:00,0.368,6.891
2022-04-24 11:00,0.759,9.992
2022-04-24 12:00,0.869,11.406
2022-04-24 13:00,0.862,11.297
2022-04-24 14:00,0.801,10.458
2022-04-24 15:00,0.676,9.216
2022-04-24 16:00,0.556,8.267
2022-04-24 17:00,0.514,7.961
2022-04-24 18:00,0.512,7.945
2022-04-24 19:00,0.510,7.922
2022-04-24 20:00,0.518,7.985
2022-04-24 21:00,0.571,8.386
2022-04-24 22:00,0.552,8.236
2022-04-24 23:00,0.524,8.026
2022-04-25 00:00,0.770,10.110
2022-04-25 01:00,0.870,11.437
2022-04-25 02:00,0.930,12.722
2022-04-25 03:00,0.954,13.494
2022-04-25 04:00,0.962,13.858
2022-04-25 05:00,0.970,14.260
2022-04-25 06:00,0.978,14.813
2022-04-25 07:00,0.983,15.269
2022-04-25 08:00,0.984,15.470
2022-04-25 09:00,0.983,15.281
2022-04-25 10:00,0.981,15.067
2022-04-25 11:00,0.980,14.995
2022-04-25 12:00,0.953,13.480
2022-04-25 13:00,0.873,11.479
2022-04-25 14:00,0.826,10.760
2022-04-25 15:00,0.819,10.681
2022-04-25 16:00,0.872,11.472
2022-04-25 17:00,0.919,12.426
2022-04-25 18:00,0.884,11.675
2022-04-25 19:00,0.799,10.434
2022-04-25 20:00,0.925,12.583
2022-04-25 21:00,0.933,12.796
2022-04-25 22:00,0.947,13.260
2022-04-25 23:00,0.977,14.732
2022-04-26 00:00,0.985,15.567
2022-04-26 01:00,0.988,16.201
2022-04-26 02:00,0.988,16.691
2022-04-26 03:00,0.985,17.341
2022-04-26 04:00,0.978,17.987
2022-04-26 05:00,0.968,18.614
2022-04-26 06:00,0.960,18.933
2022-04-26 07:00,0.962,18.860
2022-04-26 08:00,0.977,18.046
2022-04-26 09:00,0.988,16.555
2022-04-26 10:00,0.968,14.177
2022-04-26 11:00,0.899,11.979
2022-04-26 12:00,0.817,10.664
2022-04-26 13:00,0.708,9.494
2022-04-26 14:00,0.681,9.254
2022-04-26 15:00,0.627,8.814
2022-04-26 16:00,0.549,8.218
2022-04-26 17:00,0.552,8.235
2022-04-26 18:00,0.527,8.049
2022-04-26 19:00,0.456,7.537
2022-04-26 20:00,0.368,6.898
2022-04-26 21:00,0.340,6.686
2022-04-26 22:00,0.205,5.556
2022-04-26 23:00,0.151,5.014
2022-04-27 00:00,0.170,5.217
2022-04-27 01:00,0.070,3.901
2022-04-27 02:00,0.033,3.116
2022-04-27 03:00,0.010,2.289
2022-04-27 04:00,0.004,1.863
2022-04-27 05:00,0.004,1.875
2022-04-27 06:00,0.023,2.820
2022-04-27 07:00,0.070,3.899
2022-04-27 08:00,0.128,4.745
2022-04-27 09:00,0.194,5.450
2022-04-27 10:00,0.327,6.579
2022-04-27 11:00,0.444,7.458
2022-04-27 12:00,0.488,7.772
2022-04-27 13:00,0.468,7.622
2022-04-27 14:00,0.306,6.424
2022-04-27 15:00,0.292,6.317
2022-04-27 16:00,0.270,6.138
2022-04-27 17:00,0.233,5.821
2022-04-27 18:00,0.225,5.751
2022-04-27 19:00,0.213,5.639
2022-04-27 20:00,0.150,5.000
2022-04-27 21:00,0.159,5.103
2022-04-27 22:00,0.109,4.497
2022-04-27 23:00,0.009,2.193
2022-04-28 00:00,0.001,1.321
2022-04-28 01:00,0.007,2.048
2022-04-28 02:00,0.010,2.249
2022-04-28 03:00,0.008,2.173
2022-04-28 04:00,0.005,1.914
2022-04-28 05:00,0.001,1.368
2022-04-28 06:00,0,1.004
2022-04-28 07:00,0.002,1.622
2022-04-28 08:00,0.023,2.791
2022-04-28 09:00,0.082,4.103
2022-04-28 10:00,0.318,6.525
2022-04-28 11:00,0.612,8.695
2022-04-28 12:00,0.704,9.461
2022-04-28 13:00,0.718,9.581
2022-04-28 14:00,0.703,9.455
2022-04-28 15:00,0.691,9.350
2022-04-28 16:00,0.695,9.384
2022-04-28 17:00,0.692,9.355
2022-04-28 18:00,0.683,9.281
2022-04-28 19:00,0.675,9.213
2022-04-28 20:00,0.669,9.152
2022-04-28 21:00,0.630,8.840
2022-04-28 22:00,0.493,7.810
2022-04-28 23:00,0.537,8.132
2022-04-29 00:00,0.718,9.586
2022-04-29 01:00,0.759,10
2022-04-29 02:00,0.799,10.436
2022-04-29 03:00,0.754,9.939
2022-04-29 04:00,0.642,8.934
2022-04-29 05:00,0.671,9.168
2022-04-29 06:00,0.729,9.695
2022-04-29 07:00,0.770,10.098
2022-04-29 08:00,0.815,10.626
2022-04-29 09:00,0.813,10.599
2022-04-29 10:00,0.774,10.154
2022-04-29 11:00,0.780,10.208
2022-04-29 12:00,0.759,9.998
2022-04-29 13:00,0.714,9.558
2022-04-29 14:00,0.757,9.979
2022-04-29 15:00,0.801,10.466
2022-04-29 16:00,0.785,10.278
2022-04-29 17:00,0.789,10.320
2022-04-29 18:00,0.790,10.325
2022-04-29 19:00,0.790,10.327
2022-04-29 20:00,0.800,10.446
2022-04-29 21:00,0.798,10.426
2022-04-29 22:00,0.793,10.362
2022-04-29 23:00,0.980,15.016
2022-04-30 00:00,0.988,16.598
2022-04-30 01:00,0.987,16.776
2022-04-30 02:00,0.987,16.095
2022-04-30 03:00,0.985,15.506
2022-04-30 04:00,0.980,15.022
2022-04-30 05:00,0.973,14.446
2022-04-30 06:00,0.962,13.850
2022-04-30 07:00,0.949,13.305
2022-04-30 08:00,0.924,12.564
2022-04-30 09:00,0.860,11.258
2022-04-30 10:00,0.661,9.092
2022-04-30 11:00,0.472,7.647
2022-04-30 12:00,0.360,6.836
2022-04-30 13:00,0.399,7.126
2022-04-30 14:00,0.588,8.507
2022-04-30 15:00,0.753,9.931
2022-04-30 16:00,0.801,10.463
2022-04-30 17:00,0.804,10.499
2022-04-30 18:00,0.791,10.333
2022-04-30 19:00,0.772,10.129
2022-04-30 20:00,0.743,9.827
2022-04-30 21:00,0.708,9.493
2022-04-30 22:00,0.602,8.620
2022-04-30 23:00,0.841,10.977
2022-05-01 00:00,0.856,11.212
2022-05-01 01:00,0.850,11.108
2022-05-01 02:00,0.838,10.934
2022-05-01 03:00,0.835,10.890
2022-05-01 04:00,0.828,10.796
2022-05-01 05:00,0.812,10.583
2022-05-01 06:00,0.792,10.359
2022-05-01 07:00,0.769,10.097
2022-05-01 08:00,0.719,9.603
2022-05-01 09:00,0.637,8.891
2022-05-01 10:00,0.488,7.769
2022-05-01 11:00,0.406,7.181
2022-05-01 12:00,0.292,6.315
2022-05-01 13:00,0.162,5.134
2022-05-01 14:00,0.067,3.853
2022-05-01 15:00,0.013,2.442
2022-05-01 16:00,0.001,1.453
2022-05-01 17:00,0.011,2.312
2022-05-01 18:00,0.045,3.401
2022-05-01 19:00,0.100,4.368
2022-05-01 20:00,0.161,5.118
2022-05-01 21:00,0.192,5.441
2022-05-01 22:00,0.129,4.751
2022-05-01 23:00,0.064,3.789
2022-05-02 00:00,0.095,4.289
2022-05-02 01:00,0.142,4.912
2022-05-02 02:00,0.149,4.988
2022-05-02 03:00,0.120,4.636
2022-05-02 04:00,0.076,4.007
2022-05-02 05:00,0.036,3.182
2022-05-02 06:00,0.011,2.336
2022-05-02 07:00,0.004,1.855
2022-05-02 08:00,0.007,2.090
2022-05-02 09:00,0.024,2.832
2022-05-02 10:00,0.127,4.727
2022-05-02 11:00,0.409,7.204
2022-05-02 12:00,0.691,9.353
2022-05-02 13:00,0.840,10.969
2022-05-02 14:00,0.910,12.210
2022-05-02 15:00,0.939,12.983
2022-05-02 16:00,0.948,13.301
2022-05-02 17:00,0.940,13.000
2022-05-02 18:00,0.941,13.063
2022-05-02 19:00,0.945,13.178
2022-05-02 20:00,0.945,13.195
2022-05-02 21:00,0.929,12.680
2022-05-02 22:00,0.843,11.008
2022-05-02 23:00,0.772,10.137
2022-05-03 00:00,0.770,10.111
2022-05-03 01:00,0.592,8.537
2022-05-03 02:00,0.261,6.058
2022-05-03 03:00,0.122,4.673
2022-05-03 04:00,0.100,4.369
2022-05-03 05:00,0.116,4.595
2022-05-03 06:00,0.167,5.186
2022-05-03 07:00,0.266,6.097
2022-05-03 08:00,0.418,7.258
2022-05-03 09:00,0.525,8.037
2022-05-03 10:00,0.661,9.089
2022-05-03 11:00,0.778,10.200
2022-05-03 12:00,0.818,10.673
2022-05-03 13:00,0.853,11.160
2022-05-03 14:00,0.902,12.024
2022-05-03 15:00,0.926,12.592
2022-05-03 16:00,0.931,12.731
2022-05-03 17:00,0.929,12.677
2022-05-03 18:00,0.921,12.476
2022-05-03 19:00,0.915,12.327
2022-05-03 20:00,0.911,12.229
2022-05-03 21:00,0.900,11.982
2022-05-03 22:00,0.848,11.078
2022-05-03 23:00,0.800,10.440
2022-05-04 00:00,0.798,10.418
2022-05-04 01:00,0.874,11.488
2022-05-04 02:00,0.956,13.599
2022-05-04 03:00,0.973,14.427
2022-05-04 04:00,0.976,14.692
2022-05-04 05:00,0.972,14.404
2022-05-04 06:00,0.968,14.146
2022-05-04 07:00,0.966,14.038
2022-05-04 08:00,0.967,14.107
2022-05-04 09:00,0.973,14.453
2022-05-04 10:00,0.986,15.813
2022-05-04 11:00,0.987,16.897
2022-05-04 12:00,0.987,16.881
2022-05-04 13:00,0.988,16.369
2022-05-04 14:00,0.984,15.405
2022-05-04 15:00,0.985,15.573
2022-05-04 16:00,0.984,15.418
2022-05-04 17:00,0.981,15.095
2022-05-04 18:00,0.976,14.669
2022-05-04 19:00,0.959,13.726
2022-05-04 20:00,0.921,12.477
2022-05-04 21:00,0.876,11.536
2022-05-04 22:00,0.803,10.486
2022-05-04 23:00,0.896,11.915
2022-05-05 00:00,0.973,14.493
2022-05-05 01:00,0.987,15.857
2022-05-05 02:00,0.987,16.829
2022-05-05 03:00,0.988,16.614
2022-05-05 04:00,0.976,14.691
2022-05-05 05:00,0.954,13.486
2022-05-05 06:00,0.941,13.038
2022-05-05 07:00,0.904,12.086
2022-05-05 08:00,0.780,10.210
2022-05-05 09:00,0.727,9.668
2022-05-05 10:00,0.778,10.188
2022-05-05 11:00,0.700,9.425
2022-05-05 12:00,0.701,9.432
2022-05-05 13:00,0.639,8.905
2022-05-05 14:00,0.667,9.141
2022-05-05 15:00,0.771,10.123
2022-05-05 16:00,0.855,11.188
2022-05-05 17:00,0.901,12.018
2022-05-05 18:00,0.902,12.044
2022-05-05 19:00,0.911,12.245
2022-05-05 20:00,0.900,11.997
2022-05-05 21:00,0.853,11.163
2022-05-05 22:00,0.877,11.549
2022-05-05 23:00,0.915,12.340
2022-05-06 00:00,0.910,12.207
2022-05-06 01:00,0.880,11.604
2022-05-06 02:00,0.834,10.873
2022-05-06 03:00,0.765,10.057
2022-05-06 04:00,0.680,9.246
2022-05-06 05:00,0.599,8.596
2022-05-06 06:00,0.574,8.396
2022-05-06 07:00,0.625,8.796
2022-05-06 08:00,0.722,9.628
2022-05-06 09:00,0.782,10.246
2022-05-06 10:00,0.744,9.834
2022-05-06 11:00,0.668,9.144
2022-05-06 12:00,0.645,8.964
2022-05-06 13:00,0.682,9.267
2022-05-06 14:00,0.705,9.472
2022-05-06 15:00,0.688,9.322
2022-05-06 16:00,0.674,9.195
2022-05-06 17:00,0.735,9.760
2022-05-06 18:00,0.774,10.159
2022-05-06 19:00,0.765,10.056
2022-05-06 20:00,0.716,9.573
2022-05-06 21:00,0.641,8.926
2022-05-06 22:00,0.410,7.206
2022-05-06 23:00,0.772,10.134
2022-05-07 00:00,0.752,9.919
2022-05-07 01:00,0.636,8.886
2022-05-07 02:00,0.478,7.701
2022-05-07 03:00,0.297,6.351
2022-05-07 04:00,0.104,4.431
2022-05-07 05:00,0.022,2.772
2022-05-07 06:00,0.003,1.737
2022-05-07 07:00,0,1.185
2022-05-07 08:00,0.001,1.268
2022-05-07 09:00,0.007,2.112
2022-05-07 10:00,0.081,4.093
2022-05-07 11:00,0.276,6.185
2022-05-07 12:00,0.459,7.564
2022-05-07 13:00,0.538,8.136
2022-05-07 14:00,0.562,8.313
2022-05-07 15:00,0.436,7.391
2022-05-07 16:00,0.377,6.966
2022-05-07 17:00,0.352,6.784
2022-05-07 18:00,0.391,7.067
2022-05-07 19:00,0.431,7.351
2022-05-07 20:00,0.360,6.840
2022-05-07 21:00,0.288,6.286
2022-05-07 22:00,0.184,5.362
2022-05-07 23:00,0.104,4.424
2022-05-08 00:00,0.049,3.481
2022-05-08 01:00,0.032,3.098
2022-05-08 02:00,0.050,3.502
2022-05-08 03:00,0.092,4.251
2022-05-08 04:00,0.120,4.633
2022-05-08 05:00,0.120,4.638
2022-05-08 06:00,0.103,4.406
2022-05-08 07:00,0.074,3.968
2022-05-08 08:00,0.050,3.502
2022-05-08 09:00,0.040,3.301
2022-05-08 10:00,0.087,4.179
2022-05-08 11:00,0.227,5.769
2022-05-08 12:00,0.384,7.015
2022-05-08 13:00,0.507,7.901
2022-05-08 14:00,0.591,8.527
2022-05-08 15:00,0.627,8.812
2022-05-08 16:00,0.635,8.882
2022-05-08 17:00,0.617,8.731
2022-05-08 18:00,0.574,8.398
2022-05-08 19:00,0.543,8.165
2022-05-08 20:00,0.532,8.085
2022-05-08 21:00,0.492,7.798
2022-05-08 22:00,0.252,5.978
2022-05-08 23:00,0.244,5.915
2022-05-09 00:00,0.526,8.045
2022-05-09 01:00,0.655,9.036
2022-05-09 02:00,0.736,9.765
2022-05-09 03:00,0.804,10.503
2022-05-09 04:00,0.850,11.107
2022-05-09 05:00,0.871,11.447
2022-05-09 06:00,0.880,11.611
2022-05-09 07:00,0.890,11.786
2022-05-09 08:00,0.903,12.051
2022-05-09 09:00,0.908,12.153
2022-05-09 10:00,0.890,11.798
2022-05-09 11:00,0.889,11.773
2022-05-09 12:00,0.879,11.579
2022-05-09 13:00,0.865,11.340
2022-05-09 14:00,0.854,11.170
2022-05-09 15:00,0.836,10.911
2022-05-09 16:00,0.817,10.660
2022-05-09 17:00,0.794,10.383
2022-05-09 18:00,0.761,10.018
2022-05-09 19:00,0.751,9.903
2022-05-09 20:00,0.701,9.435
2022-05-09 21:00,0.645,8.963
2022-05-09 22:00,0.538,8.137
2022-05-09 23:00,0.396,7.102
2022-05-10 00:00,0.191,5.429
2022-05-10 01:00,0.060,3.717
2022-05-10 02:00,0.019,2.667
2022-05-10 03:00,0.060,3.709
2022-05-10 04:00,0.156,5.058
2022-05-10 05:00,0.261,6.053
2022-05-10 06:00,0.375,6.948
2022-05-10 07:00,0.435,7.386
2022-05-10 08:00,0.455,7.526
2022-05-10 09:00,0.559,8.292
2022-05-10 10:00,0.769,10.095
2022-05-10 11:00,0.914,12.300
2022-05-10 12:00,0.912,12.268
2022-05-10 13:00,0.754,9.947
2022-05-10 14:00,0.427,7.327
2022-05-10 15:00,0.187,5.394
2022-05-10 16:00,0.074,3.979
2022-05-10 17:00,0.052,3.559
2022-05-10 18:00,0.069,3.882
2022-05-10 19:00,0.126,4.719
2022-05-10 20:00,0.222,5.716
2022-05-10 21:00,0.300,6.377
2022-05-10 22:00,0.228,5.773
2022-05-10 23:00,0.322,6.552
2022-05-11 00:00,0.364,6.865
2022-05-11 01:00,0.368,6.903
2022-05-11 02:00,0.363,6.857
2022-05-11 03:00,0.356,6.811
2022-05-11 04:00,0.374,6.937
2022-05-11 05:00,0.353,6.787
2022-05-11 06:00,0.342,6.702
2022-05-11 07:00,0.353,6.792
2022-05-11 08:00,0.352,6.778
2022-05-11 09:00,0.337,6.662
2022-05-11 10:00,0.323,6.557
2022-05-11 11:00,0.381,6.989
2022-05-11 12:00,0.416,7.251
2022-05-11 13:00,0.387,7.043
2022-05-11 14:00,0.355,6.802
2022-05-11 15:00,0.327,6.582
2022-05-11 16:00,0.267,6.109
2022-05-11 17:00,0.196,5.479
2022-05-11 18:00,0.179,5.303
2022-05-11 19:00,0.208,5.584
2022-05-11 20:00,0.198,5.498
2022-05-11 21:00,0.199,5.512
2022-05-11 22:00,0.102,4.387
2022-05-11 23:00,0.086,4.149
2022-05-12 00:00,0.135,4.831
2022-05-12 01:00,0.167,5.183
2022-05-12 02:00,0.199,5.512
2022-05-12 03:00,0.218,5.683
2022-05-12 04:00,0.233,5.825
2022-05-12 05:00,0.256,6.019
2022-05-12 06:00,0.309,6.444
2022-05-12 07:00,0.375,6.946
2022-05-12 08:00,0.459,7.563
2022-05-12 09:00,0.526,8.044
2022-05-12 10:00,0.522,8.018
2022-05-12 11:00,0.620,8.754
2022-05-12 12:00,0.672,9.184
2022-05-12 13:00,0.660,9.084
2022-05-12 14:00,0.594,8.555
2022-05-12 15:00,0.456,7.531
2022-05-12 16:00,0.331,6.616
2022-05-12 17:00,0.320,6.538
2022-05-12 18:00,0.385,7.024
2022-05-12 19:00,0.468,7.629
2022-05-12 20:00,0.534,8.107
2022-05-12 21:00,0.515,7.971
2022-05-12 22:00,0.277,6.189
2022-05-12 23:00,0.497,7.837
2022-05-13 00:00,0.619,8.748
2022-05-13 01:00,0.673,9.189
2022-05-13 02:00,0.770,10.105
2022-05-13 03:00,0.844,11.010
2022-05-13 04:00,0.861,11.286
2022-05-13 05:00,0.855,11.194
2022-05-13 06:00,0.880,11.597
2022-05-13 07:00,0.916,12.356
2022-05-13 08:00,0.938,12.952
2022-05-13 09:00,0.938,12.943
2022-05-13 10:00,0.896,11.912
2022-05-13 11:00,0.818,10.673
2022-05-13 12:00,0.756,9.958
2022-05-13 13:00,0.689,9.336
2022-05-13 14:00,0.607,8.648
2022-05-13 15:00,0.554,8.251
2022-05-13 16:00,0.577,8.425
2022-05-13 17:00,0.647,8.974
2022-05-13 18:00,0.735,9.757
2022-05-13 19:00,0.754,9.944
2022-05-13 20:00,0.759,9.995
2022-05-13 21:00,0.703,9.451
2022-05-13 22:00,0.641,8.919
2022-05-13 23:00,0.802,10.469
2022-05-14 00:00,0.750,9.898
2022-05-14 01:00,0.633,8.866
2022-05-14 02:00,0.477,7.695
2022-05-14 03:00,0.389,7.058
2022-05-14 04:00,0.377,6.963
2022-05-14 05:00,0.381,6.999
2022-05-14 06:00,0.396,7.109
2022-05-14 07:00,0.438,7.399
2022-05-14 08:00,0.488,7.771
2022-05-14 09:00,0.477,7.689
2022-05-14 10:00,0.348,6.740
2022-05-14 11:00,0.230,5.782
2022-05-14 12:00,0.191,5.434
2022-05-14 13:00,0.297,6.355
2022-05-14 14:00,0.474,7.664
2022-05-14 15:00,0.605,8.641
2022-05-14 16:00,0.671,9.179
2022-05-14 17:00,0.700,9.419
2022-05-14 18:00,0.718,9.588
2022-05-14 19:00,0.729,9.697
2022-05-14 20:00,0.736,9.761
2022-05-14 21:00,0.680,9.248
2022-05-14 22:00,0.396,7.107
2022-05-14 23:00,0.360,6.831
2022-05-15 00:00,0.514,7.958
2022-05-15 01:00,0.421,7.288
2022-05-15 02:00,0.390,7.066
2022-05-15 03:00,0.435,7.386
2022-05-15 04:00,0.565,8.337
2022-05-15 05:00,0.750,9.896
2022-05-15 06:00,0.855,11.185
2022-05-15 07:00,0.869,11.400
2022-05-15 08:00,0.840,10.962
2022-05-15 09:00,0.755,9.954
2022-05-15 10:00,0.511,7.936
2022-05-15 11:00,0.373,6.932
2022-05-15 12:00,0.367,6.888
2022-05-15 13:00,0.423,7.300
2022-05-15 14:00,0.488,7.769
2022-05-15 15:00,0.537,8.122
2022-05-15 16:00,0.559,8.291
2022-05-15 17:00,0.580,8.453
2022-05-15 18:00,0.611,8.686
2022-05-15 19:00,0.638,8.897
2022-05-15 20:00,0.657,9.054
2022-05-15 21:00,0.603,8.629
2022-05-15 22:00,0.340,6.684
2022-05-15 23:00,0.443,7.439
2022-05-16 00:00,0.570,8.371
2022-05-16 01:00,0.617,8.735
2022-05-16 02:00,0.598,8.586
2022-05-16 03:00,0.515,7.968
2022-05-16 04:00,0.392,7.074
2022-05-16 05:00,0.267,6.115
2022-05-16 06:00,0.174,5.259
2022-05-16 07:00,0.112,4.536
2022-05-16 08:00,0.064,3.797
2022-05-16 09:00,0.017,2.613
2022-05-16 10:00,0,1.050
2022-05-16 11:00,0.010,2.263
2022-05-16 12:00,0.079,4.061
2022-05-16 13:00,0.218,5.683
2022-05-16 14:00,0.318,6.523
2022-05-16 15:00,0.314,6.483
2022-05-16 16:00,0.274,6.164
2022-05-16 17:00,0.351,6.767
2022-05-16 18:00,0.529,8.070
2022-05-16 19:00,0.661,9.095
2022-05-16 20:00,0.662,9.100
2022-05-16 21:00,0.556,8.264
2022-05-16 22:00,0.280,6.216
2022-05-16 23:00,0.222,5.710
2022-05-17 00:00,0.151,5.008
2022-05-17 01:00,0.033,3.101
2022-05-17 02:00,0.005,1.915
2022-05-17 03:00,0,0.796
2022-05-17 04:00,0,0.777
2022-05-17 05:00,0,0.978
2022-05-17 06:00,0.002,1.534
2022-05-17 07:00,0.056,3.644
2022-05-17 08:00,0.289,6.294
2022-05-17 09:00,0.337,6.664
2022-05-17 10:00,0.203,5.533
2022-05-17 11:00,0.227,5.764
2022-05-17 12:00,0.372,6.930
2022-05-17 13:00,0.372,6.931
2022-05-17 14:00,0.278,6.199
2022-05-17 15:00,0.252,5.976
2022-05-17 16:00,0.299,6.365
2022-05-17 17:00,0.409,7.203
2022-05-17 18:00,0.550,8.225
2022-05-17 19:00,0.624,8.788
2022-05-17 20:00,0.635,8.881
2022-05-17 21:00,0.561,8.306
2022-05-17 22:00,0.300,6.376
2022-05-17 23:00,0.241,5.889
2022-05-18 00:00,0.329,6.607
2022-05-18 01:00,0.244,5.920
2022-05-18 02:00,0.158,5.087
2022-05-18 03:00,0.098,4.342
2022-05-18 04:00,0.060,3.723
2022-05-18 05:00,0.036,3.186
2022-05-18 06:00,0.022,2.789
2022-05-18 07:00,0.019,2.682
2022-05-18 08:00,0.028,2.955
2022-05-18 09:00,0.026,2.912
2022-05-18 10:00,0.007,2.119
2022-05-18 11:00,0.101,4.374
2022-05-18 12:00,0.463,7.593
2022-05-18 13:00,0.738,9.787
2022-05-18 14:00,0.827,10.793
2022-05-18 15:00,0.874,11.493
2022-05-18 16:00,0.888,11.744
2022-05-18 17:00,0.872,11.460
2022-05-18 18:00,0.820,10.704
2022-05-18 19:00,0.779,10.206
2022-05-18 20:00,0.758,9.989
2022-05-18 21:00,0.696,9.390
2022-05-18 22:00,0.419,7.273
2022-05-18 23:00,0.246,5.935
2022-05-19 00:00,0.215,5.660
2022-05-19 01:00,0.154,5.040
2022-05-19 02:00,0.141,4.893
2022-05-19 03:00,0.168,5.195
2022-05-19 04:00,0.227,5.765
2022-05-19 05:00,0.365,6.877
2022-05-19 06:00,0.462,7.577
2022-05-19 07:00,0.365,6.870
2022-05-19 08:00,0.228,5.774
2022-05-19 09:00,0.134,4.812
2022-05-19 10:00,0.096,4.315
2022-05-19 11:00,0.126,4.720
2022-05-19 12:00,0.157,5.078
2022-05-19 13:00,0.160,5.107
2022-05-19 14:00,0.182,5.343
2022-05-19 15:00,0.242,5.901
2022-05-19 16:00,0.344,6.710
2022-05-19 17:00,0.398,7.114
2022-05-19 18:00,0.382,7.001
2022-05-19 19:00,0.362,6.851
2022-05-19 20:00,0.350,6.762
2022-05-19 21:00,0.329,6.604
2022-05-19 22:00,0.186,5.377
2022-05-19 23:00,0.086,4.163
2022-05-20 00:00,0.077,4.017
2022-05-20 01:00,0.069,3.875
2022-05-20 02:00,0.059,3.695
2022-05-20 03:00,0.050,3.522
2022-05-20 04:00,0.045,3.416
2022-05-20 05:00,0.042,3.341
2022-05-20 06:00,0.038,3.246
2022-05-20 07:00,0.029,2.983
2022-05-20 08:00,0.015,2.516
2022-05-20 09:00,0.001,1.414
2022-05-20 10:00,0.017,2.567
2022-05-20 11:00,0.135,4.825
2022-05-20 12:00,0.356,6.811
2022-05-20 13:00,0.514,7.964
2022-05-20 14:00,0.577,8.423
2022-05-20 15:00,0.656,9.045
2022-05-20 16:00,0.761,10.014
2022-05-20 17:00,0.817,10.661
2022-05-20 18:00,0.834,10.883
2022-05-20 19:00,0.820,10.700
2022-05-20 20:00,0.785,10.279
2022-05-20 21:00,0.692,9.360
2022-05-20 22:00,0.410,7.211
2022-05-20 23:00,0.196,5.482
2022-05-21 00:00,0.219,5.693
2022-05-21 01:00,0.210,5.612
2022-05-21 02:00,0.171,5.225
2022-05-21 03:00,0.178,5.291
2022-05-21 04:00,0.286,6.271
2022-05-21 05:00,0.315,6.486
2022-05-21 06:00,0.252,5.973
2022-05-21 07:00,0.181,5.321
2022-05-21 08:00,0.083,4.113
2022-05-21 09:00,0.025,2.864
2022-05-21 10:00,0.019,2.663
2022-05-21 11:00,0.050,3.518
2022-05-21 12:00,0.095,4.304
2022-05-21 13:00,0.101,4.378
2022-05-21 14:00,0.125,4.710
2022-05-21 15:00,0.295,6.341
2022-05-21 16:00,0.610,8.674
2022-05-21 17:00,0.782,10.243
2022-05-21 18:00,0.760,10.008
2022-05-21 19:00,0.700,9.429
2022-05-21 20:00,0.636,8.889
2022-05-21 21:00,0.463,7.588
2022-05-21 22:00,0.244,5.919
2022-05-21 23:00,0.162,5.128
2022-05-22 00:00,0.147,4.967
2022-05-22 01:00,0.090,4.232
2022-05-22 02:00,0.032,3.090
2022-05-22 03:00,0.006,2.041
2022-05-22 04:00,0,1.034
2022-05-22 05:00,0.001,1.475
2022-05-22 06:00,0.037,3.212
2022-05-22 07:00,0.070,3.903
2022-05-22 08:00,0.111,4.521
2022-05-22 09:00,0.156,5.062
2022-05-22 10:00,0.241,5.890
2022-05-22 11:00,0.461,7.575
2022-05-22 12:00,0.714,9.553
2022-05-22 13:00,0.788,10.310
2022-05-22 14:00,0.788,10.307
2022-05-22 15:00,0.769,10.098
2022-05-22 16:00,0.806,10.524
2022-05-22 17:00,0.803,10.481
2022-05-22 18:00,0.727,9.673
2022-05-22 19:00,0.663,9.108
2022-05-22 20:00,0.521,8.006
2022-05-22 21:00,0.381,6.998
2022-05-22 22:00,0.199,5.509
2022-05-22 23:00,0.169,5.205
2022-05-23 00:00,0.136,4.838
2022-05-23 01:00,0.066,3.829
2022-05-23 02:00,0.019,2.687
2022-05-23 03:00,0.009,2.205
2022-05-23 04:00,0.005,1.958
2022-05-23 05:00,0.005,1.955
2022-05-23 06:00,0.016,2.538
2022-05-23 07:00,0.063,3.784
2022-05-23 08:00,0.152,5.019
2022-05-23 09:00,0.178,5.293
2022-05-23 10:00,0.181,5.334
2022-05-23 11:00,0.261,6.064
2022-05-23 12:00,0.246,5.935
2022-05-23 13:00,0.180,5.312
2022-05-23 14:00,0.463,7.589
2022-05-23 15:00,0.665,9.123
2022-05-23 16:00,0.751,9.907
2022-05-23 17:00,0.778,10.199
2022-05-23 18:00,0.778,10.202
2022-05-23 19:00,0.780,10.213
2022-05-23 20:00,0.770,10.108
2022-05-23 21:00,0.767,10.075
2022-05-23 22:00,0.636,8.885
2022-05-23 23:00,0.838,10.938
2022-05-24 00:00,0.806,10.518
2022-05-24 01:00,0.604,8.637
2022-05-24 02:00,0.401,7.138
2022-05-24 03:00,0.324,6.565
2022-05-24 04:00,0.365,6.880
2022-05-24 05:00,0.440,7.419
2022-05-24 06:00,0.430,7.347
2022-05-24 07:00,0.337,6.665
2022-05-24 08:00,0.525,8.040
2022-05-24 09:00,0.698,9.406
2022-05-24 10:00,0.965,14.011
2022-05-24 11:00,0.974,14.520
2022-05-24 12:00,0.895,11.895
2022-05-24 13:00,0.842,10.987
2022-05-24 14:00,0.848,11.077
2022-05-24 15:00,0.826,10.766
2022-05-24 16:00,0.659,9.073
2022-05-24 17:00,0.510,7.926
2022-05-24 18:00,0.513,7.956
2022-05-24 19:00,0.568,8.348
2022-05-24 20:00,0.658,9.064
2022-05-24 21:00,0.641,8.922
2022-05-24 22:00,0.774,10.148
2022-05-24 23:00,0.890,11.793
2022-05-25 00:00,0.871,11.451
2022-05-25 01:00,0.816,10.643
2022-05-25 02:00,0.811,10.579
2022-05-25 03:00,0.838,10.944
2022-05-25 04:00,0.876,11.531
2022-05-25 05:00,0.909,12.178
2022-05-25 06:00,0.904,12.070
2022-05-25 07:00,0.873,11.481
2022-05-25 08:00,0.834,10.883
2022-05-25 09:00,0.804,10.496
2022-05-25 10:00,0.621,8.769
2022-05-25 11:00,0.514,7.959
2022-05-25 12:00,0.661,9.089
2022-05-25 13:00,0.786,10.292
2022-05-25 14:00,0.814,10.613
2022-05-25 15:00,0.809,10.554
2022-05-25 16:00,0.782,10.243
2022-05-25 17:00,0.734,9.742
2022-05-25 18:00,0.683,9.278
2022-05-25 19:00,0.649,8.988
2022-05-25 20:00,0.655,9.040
2022-05-25 21:00,0.650,8.998
2022-05-25 22:00,0.598,8.580
2022-05-25 23:00,0.817,10.653
2022-05-26 00:00,0.897,11.921
2022-05-26 01:00,0.928,12.645
2022-05-26 02:00,0.939,12.979
2022-05-26 03:00,0.940,13.024
2022-05-26 04:00,0.932,12.786
2022-05-26 05:00,0.921,12.479
2022-05-26 06:00,0.915,12.337
2022-05-26 07:00,0.909,12.189
2022-05-26 08:00,0.883,11.655
2022-05-26 09:00,0.780,10.214
2022-05-26 10:00,0.485,7.741
2022-05-26 11:00,0.276,6.185
2022-05-26 12:00,0.086,4.169
2022-05-26 13:00,0.004,1.805
2022-05-26 14:00,0.006,2.025
2022-05-26 15:00,0.083,4.115
2022-05-26 16:00,0.236,5.850
2022-05-26 17:00,0.411,7.213
2022-05-26 18:00,0.546,8.199
2022-05-26 19:00,0.631,8.845
2022-05-26 20:00,0.674,9.196
2022-05-26 21:00,0.662,9.103
2022-05-26 22:00,0.419,7.271
2022-05-26 23:00,0.221,5.703
2022-05-27 00:00,0.303,6.407
2022-05-27 01:00,0.312,6.474
2022-05-27 02:00,0.311,6.463
2022-05-27 03:00,0.287,6.278
2022-05-27 04:00,0.276,6.185
2022-05-27 05:00,0.297,6.348
2022-05-27 06:00,0.377,6.959
2022-05-27 07:00,0.577,8.429
2022-05-27 08:00,0.743,9.825
2022-05-27 09:00,0.746,9.867
2022-05-27 10:00,0.719,9.602
2022-05-27 11:00,0.903,12.048
2022-05-27 12:00,0.916,12.346
2022-05-27 13:00,0.459,7.563
2022-05-27 14:00,0.155,5.053
2022-05-27 15:00,0.240,5.884
2022-05-27 16:00,0.622,8.772
2022-05-27 17:00,0.836,10.896
2022-05-27 18:00,0.740,9.806
2022-05-27 19:00,0.592,8.540
2022-05-27 20:00,0.602,8.620
2022-05-27 21:00,0.562,8.313
2022-05-27 22:00,0.469,7.634
2022-05-27 23:00,0.446,7.470
2022-05-28 00:00,0.264,6.089
2022-05-28 01:00,0.109,4.499
2022-05-28 02:00,0.012,2.355
2022-05-28 03:00,0,0.005
2022-05-28 04:00,0,0.876
2022-05-28 05:00,0.024,2.859
2022-05-28 06:00,0.123,4.683
2022-05-28 07:00,0.267,6.106
2022-05-28 08:00,0.280,6.209
2022-05-28 09:00,0.144,4.935
2022-05-28 10:00,0.475,7.674
2022-05-28 11:00,0.776,10.169
2022-05-28 12:00,0.786,10.288
2022-05-28 13:00,0.766,10.070
2022-05-28 14:00,0.798,10.429
2022-05-28 15:00,0.813,10.612
2022-05-28 16:00,0.842,10.994
2022-05-28 17:00,0.866,11.367
2022-05-28 18:00,0.882,11.634
2022-05-28 19:00,0.874,11.501
2022-05-28 20:00,0.818,10.672
2022-05-28 21:00,0.686,9.305
2022-05-28 22:00,0.657,9.054
2022-05-28 23:00,0.753,9.927
2022-05-29 00:00,0.816,10.643
2022-05-29 01:00,0.841,10.980
2022-05-29 02:00,0.826,10.762
2022-05-29 03:00,0.800,10.453
2022-05-29 04:00,0.708,9.500
2022-05-29 05:00,0.601,8.613
2022-05-29 06:00,0.682,9.269
2022-05-29 07:00,0.851,11.126
2022-05-29 08:00,0.941,13.043
2022-05-29 09:00,0.959,13.732
2022-05-29 10:00,0.938,12.959
2022-05-29 11:00,0.862,11.296
2022-05-29 12:00,0.764,10.052
2022-05-29 13:00,0.697,9.396
2022-05-29 14:00,0.588,8.507
2022-05-29 15:00,0.469,7.634
2022-05-29 16:00,0.403,7.148
2022-05-29 17:00,0.414,7.232
2022-05-29 18:00,0.477,7.692
2022-05-29 19:00,0.528,8.057
2022-05-29 20:00,0.537,8.126
2022-05-29 21:00,0.438,7.410
2022-05-29 22:00,0.278,6.201
2022-05-29 23:00,0.496,7.823
2022-05-30 00:00,0.611,8.684
2022-05-30 01:00,0.689,9.329
2022-05-30 02:00,0.723,9.638
2022-05-30 03:00,0.718,9.580
2022-05-30 04:00,0.704,9.464
2022-05-30 05:00,0.699,9.417
2022-05-30 06:00,0.703,9.451
2022-05-30 07:00,0.704,9.468
2022-05-30 08:00,0.702,9.451
2022-05-30 09:00,0.672,9.181
2022-05-30 10:00,0.488,7.771
2022-05-30 11:00,0.300,6.381
2022-05-30 12:00,0.176,5.275
2022-05-30 13:00,0.150,5.003
2022-05-30 14:00,0.149,4.996
2022-05-30 15:00,0.130,4.763
2022-05-30 16:00,0.114,4.570
2022-05-30 17:00,0.121,4.642
2022-05-30 18:00,0.133,4.791
2022-05-30 19:00,0.136,4.840
2022-05-30 20:00,0.164,5.155
2022-05-30 21:00,0.181,5.325
2022-05-30 22:00,0.088,4.190
2022-05-30 23:00,0.052,3.552
2022-05-31 00:00,0.064,3.799
2022-05-31 01:00,0.041,3.317
2022-05-31 02:00,0.013,2.401
2022-05-31 03:00,0.009,2.206
2022-05-31 04:00,0.009,2.237
2022-05-31 05:00,0.013,2.441
2022-05-31 06:00,0.026,2.912
2022-05-31 07:00,0.035,3.177
2022-05-31 08:00,0.053,3.588
2022-05-31 09:00,0.086,4.153
2022-05-31 10:00,0.140,4.873
2022-05-31 11:00,0.208,5.593
2022-05-31 12:00,0.240,5.881
2022-05-31 13:00,0.295,6.339
2022-05-31 14:00,0.333,6.634
2022-05-31 15:00,0.295,6.340
2022-05-31 16:00,0.231,5.790
2022-05-31 17:00,0.199,5.510
2022-05-31 18:00,0.218,5.684
2022-05-31 19:00,0.295,6.335
2022-05-31 20:00,0.453,7.521
2022-05-31 21:00,0.577,8.427
2022-05-31 22:00,0.364,6.866
2022-05-31 23:00,0.197,5.490
2022-06-01 00:00,0.291,6.305
2022-06-01 01:00,0.271,6.148
2022-06-01 02:00,0.278,6.196
2022-06-01 03:00,0.368,6.904
2022-06-01 04:00,0.565,8.329
2022-06-01 05:00,0.770,10.105
2022-06-01 06:00,0.862,11.293
2022-06-01 07:00,0.874,11.500
2022-06-01 08:00,0.850,11.107
2022-06-01 09:00,0.793,10.366
2022-06-01 10:00,0.688,9.319
2022-06-01 11:00,0.646,8.971
2022-06-01 12:00,0.641,8.930
2022-06-01 13:00,0.621,8.763
2022-06-01 14:00,0.542,8.162
2022-06-01 15:00,0.400,7.135
2022-06-01 16:00,0.262,6.067
2022-06-01 17:00,0.157,5.078
2022-06-01 18:00,0.088,4.191
2022-06-01 19:00,0.051,3.533
2022-06-01 20:00,0.029,3.008
2022-06-01 21:00,0.013,2.420
2022-06-01 22:00,0.003,1.653
2022-06-01 23:00,0,1.014
2022-06-02 00:00,0.006,2.037
2022-06-02 01:00,0.013,2.417
2022-06-02 02:00,0.026,2.911
2022-06-02 03:00,0.051,3.541
2022-06-02 04:00,0.097,4.337
2022-06-02 05:00,0.171,5.233
2022-06-02 06:00,0.243,5.907
2022-06-02 07:00,0.251,5.967
2022-06-02 08:00,0.200,5.518
2022-06-02 09:00,0.165,5.167
2022-06-02 10:00,0.391,7.071
2022-06-02 11:00,0.765,10.056
2022-06-02 12:00,0.908,12.159
2022-06-02 13:00,0.934,12.834
2022-06-02 14:00,0.932,12.774
2022-06-02 15:00,0.896,11.907
2022-06-02 16:00,0.885,11.700
2022-06-02 17:00,0.890,11.781
2022-06-02 18:00,0.893,11.849
2022-06-02 19:00,0.894,11.878
2022-06-02 20:00,0.895,11.888
2022-06-02 21:00,0.860,11.267
2022-06-02 22:00,0.753,9.920
2022-06-02 23:00,0.704,9.467
2022-06-03 00:00,0.783,10.260
2022-06-03 01:00,0.816,10.644
2022-06-03 02:00,0.853,11.154
2022-06-03 03:00,0.881,11.616
2022-06-03 04:00,0.886,11.712
2022-06-03 05:00,0.890,11.780
2022-06-03 06:00,0.900,11.989
2022-06-03 07:00,0.906,12.113
2022-06-03 08:00,0.910,12.215
2022-06-03 09:00,0.920,12.454
2022-06-03 10:00,0.949,13.316
2022-06-03 11:00,0.965,13.987
2022-06-03 12:00,0.953,13.482
2022-06-03 13:00,0.918,12.399
2022-06-03 14:00,0.845,11.046
2022-06-03 15:00,0.785,10.275
2022-06-03 16:00,0.754,9.946
2022-06-03 17:00,0.754,9.949
2022-06-03 18:00,0.756,9.958
2022-06-03 19:00,0.611,8.685
2022-06-03 20:00,0.493,7.809
2022-06-03 21:00,0.323,6.562
2022-06-03 22:00,0.113,4.540
2022-06-03 23:00,0.049,3.496
2022-06-04 00:00,0.034,3.121
2022-06-04 01:00,0.028,2.957
2022-06-04 02:00,0.026,2.918
2022-06-04 03:00,0.040,3.293
2022-06-04 04:00,0.071,3.912
2022-06-04 05:00,0.142,4.905
2022-06-04 06:00,0.295,6.330
2022-06-04 07:00,0.426,7.321
2022-06-04 08:00,0.421,7.283
2022-06-04 09:00,0.318,6.521
2022-06-04 10:00,0.149,4.986
2022-06-04 11:00,0.050,3.527
2022-06-04 12:00,0.056,3.631
2022-06-04 13:00,0.227,5.765
2022-06-04 14:00,0.549,8.217
2022-06-04 15:00,0.726,9.664
2022-06-04 16:00,0.770,10.118
2022-06-04 17:00,0.751,9.903
2022-06-04 18:00,0.768,10.092
2022-06-04 19:00,0.746,9.864
2022-06-04 20:00,0.757,9.972
2022-06-04 21:00,0.691,9.352
2022-06-04 22:00,0.534,8.104
2022-06-04 23:00,0.592,8.536
2022-06-05 00:00,0.680,9.251
2022-06-05 01:00,0.633,8.865
2022-06-05 02:00,0.570,8.377
2022-06-05 03:00,0.556,8.266
2022-06-05 04:00,0.565,8.339
2022-06-05 05:00,0.563,8.314
2022-06-05 06:00,0.554,8.252
2022-06-05 07:00,0.543,8.168
2022-06-05 08:00,0.545,8.189
2022-06-05 09:00,0.631,8.845
2022-06-05 10:00,0.731,9.708
2022-06-05 11:00,0.742,9.820
2022-06-05 12:00,0.700,9.419
2022-06-05 13:00,0.709,9.506
2022-06-05 14:00,0.759,9.998
2022-06-05 15:00,0.780,10.223
2022-06-05 16:00,0.826,10.768
2022-06-05 17:00,0.844,11.017
2022-06-05 18:00,0.870,11.428
2022-06-05 19:00,0.904,12.087
2022-06-05 20:00,0.914,12.313
2022-06-05 21:00,0.935,12.874
2022-06-05 22:00,0.955,13.554
2022-06-05 23:00,0.960,13.750
2022-06-06 00:00,0.959,13.730
2022-06-06 01:00,0.952,13.445
2022-06-06 02:00,0.942,13.088
2022-06-06 03:00,0.932,12.766
2022-06-06 04:00,0.915,12.339
2022-06-06 05:00,0.892,11.834
2022-06-06 06:00,0.863,11.317
2022-06-06 07:00,0.828,10.804
2022-06-06 08:00,0.792,10.347
2022-06-06 09:00,0.739,9.798
2022-06-06 10:00,0.636,8.884
2022-06-06 11:00,0.468,7.623
2022-06-06 12:00,0.338,6.667
2022-06-06 13:00,0.212,5.629
2022-06-06 14:00,0.174,5.256
2022-06-06 15:00,0.188,5.399
2022-06-06 16:00,0.224,5.745
2022-06-06 17:00,0.264,6.088
2022-06-06 18:00,0.317,6.515
2022-06-06 19:00,0.350,6.757
2022-06-06 20:00,0.362,6.850
2022-06-06 21:00,0.280,6.209
2022-06-06 22:00,0.227,5.768
2022-06-06 23:00,0.334,6.647
2022-06-07 00:00,0.303,6.406
2022-06-07 01:00,0.245,5.928
2022-06-07 02:00,0.189,5.410
2022-06-07 03:00,0.140,4.886
2022-06-07 04:00,0.094,4.284
2022-06-07 05:00,0.042,3.337
2022-06-07 06:00,0.020,2.716
2022-06-07 07:00,0.022,2.781
2022-06-07 08:00,0.049,3.493
2022-06-07 09:00,0.072,3.937
2022-06-07 10:00,0.131,4.778
2022-06-07 11:00,0.271,6.146
2022-06-07 12:00,0.333,6.634
2022-06-07 13:00,0.297,6.358
2022-06-07 14:00,0.271,6.143
2022-06-07 15:00,0.280,6.212
2022-06-07 16:00,0.217,5.680
2022-06-07 17:00,0.112,4.536
2022-06-07 18:00,0.077,4.025
2022-06-07 19:00,0.082,4.105
2022-06-07 20:00,0.076,4.012
2022-06-07 21:00,0.045,3.417
2022-06-07 22:00,0.038,3.243
2022-06-07 23:00,0.041,3.315
2022-06-08 00:00,0.036,3.186
2022-06-08 01:00,0.029,3.013
2022-06-08 02:00,0.029,3.000
2022-06-08 03:00,0.025,2.868
2022-06-08 04:00,0.018,2.620
2022-06-08 05:00,0.016,2.545
2022-06-08 06:00,0.014,2.475
2022-06-08 07:00,0.014,2.445
2022-06-08 08:00,0.013,2.416
2022-06-08 09:00,0.020,2.697
2022-06-08 10:00,0.028,2.974
2022-06-08 11:00,0.058,3.677
2022-06-08 12:00,0.106,4.452
2022-06-08 13:00,0.145,4.943
2022-06-08 14:00,0.173,5.246
2022-06-08 15:00,0.192,5.437
2022-06-08 16:00,0.190,5.423
2022-06-08 17:00,0.164,5.151
2022-06-08 18:00,0.109,4.501
2022-06-08 19:00,0.060,3.711
2022-06-08 20:00,0.033,3.109
2022-06-08 21:00,0.010,2.267
2022-06-08 22:00,0.001,1.192
2022-06-08 23:00,0.002,1.610
2022-06-09 00:00,0.023,2.813
2022-06-09 01:00,0.056,3.643
2022-06-09 02:00,0.078,4.028
2022-06-09 03:00,0.095,4.293
2022-06-09 04:00,0.077,4.023
2022-06-09 05:00,0.040,3.287
2022-06-09 06:00,0.015,2.507
2022-06-09 07:00,0.005,1.904
2022-06-09 08:00,0.004,1.863
2022-06-09 09:00,0.041,3.312
2022-06-09 10:00,0.157,5.081
2022-06-09 11:00,0.294,6.328
2022-06-09 12:00,0.384,7.016
2022-06-09 13:00,0.418,7.260
2022-06-09 14:00,0.441,7.433
2022-06-09 15:00,0.453,7.509
2022-06-09 16:00,0.406,7.181
2022-06-09 17:00,0.339,6.675
2022-06-09 18:00,0.226,5.757
2022-06-09 19:00,0.129,4.751
2022-06-09 20:00,0.075,3.995
2022-06-09 21:00,0.048,3.468
2022-06-09 22:00,0.021,2.758
2022-06-09 23:00,0.028,2.952
2022-06-10 00:00,0.028,2.977
2022-06-10 01:00,0.017,2.615
2022-06-10 02:00,0.008,2.129
2022-06-10 03:00,0.005,1.972
2022-06-10 04:00,0.008,2.163
2022-06-10 05:00,0.014,2.453
2022-06-10 06:00,0.024,2.851
2022-06-10 07:00,0.049,3.477
2022-06-10 08:00,0.103,4.410
2022-06-10 09:00,0.185,5.375
2022-06-10 10:00,0.256,6.014
2022-06-10 11:00,0.384,7.013
2022-06-10 12:00,0.497,7.829
2022-06-10 13:00,0.485,7.740
2022-06-10 14:00,0.426,7.323
2022-06-10 15:00,0.355,6.802
2022-06-10 16:00,0.303,6.405
2022-06-10 17:00,0.265,6.095
2022-06-10 18:00,0.209,5.602
2022-06-10 19:00,0.132,4.780
2022-06-10 20:00,0.178,5.289
2022-06-10 21:00,0.250,5.959
2022-06-10 22:00,0.319,6.529
2022-06-10 23:00,0.475,7.672
2022-06-11 00:00,0.556,8.268
2022-06-11 01:00,0.580,8.439
2022-06-11 02:00,0.594,8.558
2022-06-11 03:00,0.585,8.482
2022-06-11 04:00,0.635,8.877
2022-06-11 05:00,0.747,9.872
2022-06-11 06:00,0.800,10.449
2022-06-11 07:00,0.902,12.044
2022-06-11 08:00,0.931,12.735
2022-06-11 09:00,0.871,11.451
2022-06-11 10:00,0.674,9.199
2022-06-11 11:00,0.428,7.329
2022-06-11 12:00,0.418,7.261
2022-06-11 13:00,0.474,7.661
2022-06-11 14:00,0.459,7.561
2022-06-11 15:00,0.465,7.602
2022-06-11 16:00,0.438,7.399
2022-06-11 17:00,0.418,7.270
2022-06-11 18:00,0.406,7.169
2022-06-11 19:00,0.488,7.772
2022-06-11 20:00,0.538,8.138
2022-06-11 21:00,0.474,7.664
2022-06-11 22:00,0.431,7.360
2022-06-11 23:00,0.428,7.339
2022-06-12 00:00,0.525,8.037
2022-06-12 01:00,0.603,8.624
2022-06-12 02:00,0.571,8.384
2022-06-12 03:00,0.438,7.412
2022-06-12 04:00,0.383,7.006
2022-06-12 05:00,0.475,7.676
2022-06-12 06:00,0.621,8.764
2022-06-12 07:00,0.720,9.611
2022-06-12 08:00,0.760,10.009
2022-06-12 09:00,0.748,9.884
2022-06-12 10:00,0.664,9.120
2022-06-12 11:00,0.692,9.356
2022-06-12 12:00,0.768,10.090
2022-06-12 13:00,0.753,9.926
2022-06-12 14:00,0.721,9.627
2022-06-12 15:00,0.731,9.713
2022-06-12 16:00,0.701,9.435
2022-06-12 17:00,0.729,9.700
2022-06-12 18:00,0.610,8.681
2022-06-12 19:00,0.468,7.630
2022-06-12 20:00,0.363,6.856
2022-06-12 21:00,0.235,5.835
2022-06-12 22:00,0.124,4.698
2022-06-12 23:00,0.084,4.128
2022-06-13 00:00,0.105,4.449
2022-06-13 01:00,0.118,4.613
2022-06-13 02:00,0.106,4.457
2022-06-13 03:00,0.110,4.516
2022-06-13 04:00,0.140,4.882
2022-06-13 05:00,0.179,5.305
2022-06-13 06:00,0.195,5.465
2022-06-13 07:00,0.171,5.227
2022-06-13 08:00,0.117,4.606
2022-06-13 09:00,0.084,4.130
2022-06-13 10:00,0.056,3.627
2022-06-13 11:00,0.020,2.706
2022-06-13 12:00,0.006,2.020
2022-06-13 13:00,0.039,3.273
2022-06-13 14:00,0.162,5.132
2022-06-13 15:00,0.264,6.080
2022-06-13 16:00,0.271,6.149
2022-06-13 17:00,0.217,5.677
2022-06-13 18:00,0.167,5.188
2022-06-13 19:00,0.128,4.737
2022-06-13 20:00,0.094,4.282
2022-06-13 21:00,0.051,3.542
2022-06-13 22:00,0.033,3.104
2022-06-13 23:00,0.034,3.131
2022-06-14 00:00,0.034,3.139
2022-06-14 01:00,0.046,3.426
2022-06-14 02:00,0.078,4.031
2022-06-14 03:00,0.135,4.828
2022-06-14 04:00,0.210,5.612
2022-06-14 05:00,0.269,6.133
2022-06-14 06:00,0.280,6.208
2022-06-14 07:00,0.261,6.064
2022-06-14 08:00,0.234,5.827
2022-06-14 09:00,0.200,5.516
2022-06-14 10:00,0.159,5.098
2022-06-14 11:00,0.162,5.136
2022-06-14 12:00,0.181,5.333
2022-06-14 13:00,0.182,5.345
2022-06-14 14:00,0.174,5.262
2022-06-14 15:00,0.170,5.220
2022-06-14 16:00,0.157,5.072
2022-06-14 17:00,0.137,4.858
2022-06-14 18:00,0.127,4.734
2022-06-14 19:00,0.126,4.720
2022-06-14 20:00,0.133,4.793
2022-06-14 21:00,0.102,4.396
2022-06-14 22:00,0.122,4.656
2022-06-14 23:00,0.161,5.119
2022-06-15 00:00,0.141,4.894
2022-06-15 01:00,0.107,4.472
2022-06-15 02:00,0.074,3.968
2022-06-15 03:00,0.049,3.486
2022-06-15 04:00,0.033,3.108
2022-06-15 05:00,0.025,2.866
2022-06-15 06:00,0.021,2.727
2022-06-15 07:00,0.018,2.634
2022-06-15 08:00,0.014,2.477
2022-06-15 09:00,0.008,2.126
2022-06-15 10:00,0.012,2.345
2022-06-15 11:00,0.038,3.248
2022-06-15 12:00,0.078,4.029
2022-06-15 13:00,0.116,4.590
2022-06-15 14:00,0.171,5.229
2022-06-15 15:00,0.250,5.962
2022-06-15 16:00,0.355,6.807
2022-06-15 17:00,0.472,7.646
2022-06-15 18:00,0.564,8.323
2022-06-15 19:00,0.615,8.722
2022-06-15 20:00,0.625,8.794
2022-06-15 21:00,0.497,7.836
2022-06-15 22:00,0.233,5.823
2022-06-15 23:00,0.165,5.169
2022-06-16 00:00,0.078,4.033
2022-06-16 01:00,0.032,3.082
2022-06-16 02:00,0.016,2.551
2022-06-16 03:00,0.007,2.103
2022-06-16 04:00,0.002,1.644
2022-06-16 05:00,0,1.040
2022-06-16 06:00,0,0.487
2022-06-16 07:00,0,0
2022-06-16 08:00,0,0.071
2022-06-16 09:00,0.024,2.853
2022-06-16 10:00,0.175,5.267
2022-06-16 11:00,0.396,7.107
2022-06-16 12:00,0.572,8.389
2022-06-16 13:00,0.626,8.800
2022-06-16 14:00,0.645,8.964
2022-06-16 15:00,0.630,8.841
2022-06-16 16:00,0.598,8.583
2022-06-16 17:00,0.546,8.197
2022-06-16 18:00,0.504,7.885
2022-06-16 19:00,0.438,7.403
2022-06-16 20:00,0.375,6.943
2022-06-16 21:00,0.238,5.862
2022-06-16 22:00,0.089,4.211
2022-06-16 23:00,0.045,3.413
2022-06-17 00:00,0.049,3.484
2022-06-17 01:00,0.058,3.685
2022-06-17 02:00,0.040,3.295
2022-06-17 03:00,0.057,3.663
2022-06-17 04:00,0.104,4.427
2022-06-17 05:00,0.152,5.022
2022-06-17 06:00,0.182,5.344
2022-06-17 07:00,0.202,5.528
2022-06-17 08:00,0.218,5.690
2022-06-17 09:00,0.218,5.686
2022-06-17 10:00,0.221,5.702
2022-06-17 11:00,0.162,5.138
2022-06-17 12:00,0.163,5.142
2022-06-17 13:00,0.152,5.021
2022-06-17 14:00,0.126,4.718
2022-06-17 15:00,0.099,4.361
2022-06-17 16:00,0.072,3.938
2022-06-17 17:00,0.060,3.719
2022-06-17 18:00,0.055,3.622
2022-06-17 19:00,0.070,3.887
2022-06-17 20:00,0.084,4.120
2022-06-17 21:00,0.068,3.859
2022-06-17 22:00,0.056,3.631
2022-06-17 23:00,0.033,3.117
2022-06-18 00:00,0.012,2.387
2022-06-18 01:00,0.004,1.866
2022-06-18 02:00,0.003,1.687
2022-06-18 03:00,0.003,1.667
2022-06-18 04:00,0.002,1.628
2022-06-18 05:00,0.001,1.210
2022-06-18 06:00,0,0.912
2022-06-18 07:00,0,1.111
2022-06-18 08:00,0.009,2.208
2022-06-18 09:00,0.028,2.973
2022-06-18 10:00,0.082,4.110
2022-06-18 11:00,0.182,5.345
2022-06-18 12:00,0.246,5.932
2022-06-18 13:00,0.246,5.932
2022-06-18 14:00,0.235,5.837
2022-06-18 15:00,0.270,6.134
2022-06-18 16:00,0.321,6.544
2022-06-18 17:00,0.335,6.655
2022-06-18 18:00,0.303,6.404
2022-06-18 19:00,0.275,6.174
2022-06-18 20:00,0.252,5.988
2022-06-18 21:00,0.170,5.218
2022-06-18 22:00,0.067,3.847
2022-06-18 23:00,0.056,3.632
2022-06-19 00:00,0.031,3.048
2022-06-19 01:00,0.017,2.587
2022-06-19 02:00,0.013,2.434
2022-06-19 03:00,0.015,2.494
2022-06-19 04:00,0.020,2.715
2022-06-19 05:00,0.037,3.211
2022-06-19 06:00,0.078,4.042
2022-06-19 07:00,0.164,5.156
2022-06-19 08:00,0.241,5.893
2022-06-19 09:00,0.294,6.326
2022-06-19 10:00,0.490,7.782
2022-06-19 11:00,0.722,9.628
2022-06-19 12:00,0.786,10.291
2022-06-19 13:00,0.771,10.122
2022-06-19 14:00,0.691,9.347
2022-06-19 15:00,0.639,8.911
2022-06-19 16:00,0.603,8.626
2022-06-19 17:00,0.570,8.371
2022-06-19 18:00,0.545,8.188
2022-06-19 19:00,0.540,8.146
2022-06-19 20:00,0.549,8.216
2022-06-19 21:00,0.490,7.789
2022-06-19 22:00,0.503,7.880
2022-06-19 23:00,0.587,8.497
2022-06-20 00:00,0.497,7.831
2022-06-20 01:00,0.380,6.984
2022-06-20 02:00,0.333,6.637
2022-06-20 03:00,0.300,6.377
2022-06-20 04:00,0.288,6.283
2022-06-20 05:00,0.339,6.682
2022-06-20 06:00,0.429,7.345
2022-06-20 07:00,0.495,7.822
2022-06-20 08:00,0.508,7.912
2022-06-20 09:00,0.538,8.138
2022-06-20 10:00,0.607,8.656
2022-06-20 11:00,0.644,8.952
2022-06-20 12:00,0.562,8.314
2022-06-20 13:00,0.413,7.228
2022-06-20 14:00,0.346,6.726
2022-06-20 15:00,0.298,6.363
2022-06-20 16:00,0.222,5.716
2022-06-20 17:00,0.197,5.493
2022-06-20 18:00,0.170,5.217
2022-06-20 19:00,0.111,4.520
2022-06-20 20:00,0.057,3.668
2022-06-20 21:00,0.035,3.156
2022-06-20 22:00,0.034,3.128
2022-06-20 23:00,0.089,4.210
2022-06-21 00:00,0.051,3.543
2022-06-21 01:00,0.071,3.913
2022-06-21 02:00,0.085,4.144
2022-06-21 03:00,0.044,3.368
2022-06-21 04:00,0.045,3.401
2022-06-21 05:00,0.081,4.091
2022-06-21 06:00,0.147,4.972
2022-06-21 07:00,0.225,5.753
2022-06-21 08:00,0.292,6.315
2022-06-21 09:00,0.322,6.554
2022-06-21 10:00,0.306,6.420
2022-06-21 11:00,0.252,5.985
2022-06-21 12:00,0.158,5.087
2022-06-21 13:00,0.044,3.373
2022-06-21 14:00,0.055,3.617
2022-06-21 15:00,0.133,4.796
2022-06-21 16:00,0.143,4.924
2022-06-21 17:00,0.097,4.330
2022-06-21 18:00,0.059,3.696
2022-06-21 19:00,0.063,3.772
2022-06-21 20:00,0.105,4.450
2022-06-21 21:00,0.097,4.330
2022-06-21 22:00,0.055,3.611
2022-06-21 23:00,0.030,3.039
2022-06-22 00:00,0.011,2.313
2022-06-22 01:00,0.003,1.767
2022-06-22 02:00,0.005,1.884
2022-06-22 03:00,0.007,2.090
2022-06-22 04:00,0.004,1.828
2022-06-22 05:00,0.005,1.922
2022-06-22 06:00,0.019,2.657
2022-06-22 07:00,0.087,4.187
2022-06-22 08:00,0.217,5.673
2022-06-22 09:00,0.273,6.163
2022-06-22 10:00,0.223,5.735
2022-06-22 11:00,0.187,5.391
2022-06-22 12:00,0.151,5.015
2022-06-22 13:00,0.084,4.126
2022-06-22 14:00,0.088,4.199
2022-06-22 15:00,0.130,4.769
2022-06-22 16:00,0.185,5.374
2022-06-22 17:00,0.307,6.433
2022-06-22 18:00,0.421,7.283
2022-06-22 19:00,0.474,7.658
2022-06-22 20:00,0.421,7.278
2022-06-22 21:00,0.279,6.205
2022-06-22 22:00,0.147,4.971
2022-06-22 23:00,0.076,4.012
2022-06-23 00:00,0.054,3.603
2022-06-23 01:00,0.053,3.576
2022-06-23 02:00,0.052,3.552
2022-06-23 03:00,0.047,3.448
2022-06-23 04:00,0.063,3.785
2022-06-23 05:00,0.164,5.155
2022-06-23 06:00,0.399,7.120
2022-06-23 07:00,0.588,8.507
2022-06-23 08:00,0.601,8.609
2022-06-23 09:00,0.569,8.365
2022-06-23 10:00,0.703,9.455
2022-06-23 11:00,0.839,10.955
2022-06-23 12:00,0.829,10.819
2022-06-23 13:00,0.730,9.703
2022-06-23 14:00,0.607,8.650
2022-06-23 15:00,0.556,8.267
2022-06-23 16:00,0.582,8.465
2022-06-23 17:00,0.662,9.099
2022-06-23 18:00,0.739,9.792
2022-06-23 19:00,0.796,10.398
2022-06-23 20:00,0.826,10.779
2022-06-23 21:00,0.770,10.100
2022-06-23 22:00,0.633,8.860
2022-06-23 23:00,0.856,11.199
2022-06-24 00:00,0.940,13.018
2022-06-24 01:00,0.954,13.522
2022-06-24 02:00,0.944,13.157
2022-06-24 03:00,0.908,12.158
2022-06-24 04:00,0.855,11.185
2022-06-24 05:00,0.813,10.610
2022-06-24 06:00,0.780,10.215
2022-06-24 07:00,0.729,9.694
2022-06-24 08:00,0.616,8.728
2022-06-24 09:00,0.414,7.234
2022-06-24 10:00,0.322,6.554
2022-06-24 11:00,0.275,6.171
2022-06-24 12:00,0.189,5.407
2022-06-24 13:00,0.117,4.599
2022-06-24 14:00,0.105,4.438
2022-06-24 15:00,0.165,5.165
2022-06-24 16:00,0.240,5.883
2022-06-24 17:00,0.329,6.601
2022-06-24 18:00,0.403,7.159
2022-06-24 19:00,0.338,6.666
2022-06-24 20:00,0.526,8.046
2022-06-24 21:00,0.615,8.714
2022-06-24 22:00,0.528,8.051
2022-06-24 23:00,0.510,7.928
2022-06-25 00:00,0.507,7.900
2022-06-25 01:00,0.530,8.075
2022-06-25 02:00,0.488,7.766
2022-06-25 03:00,0.468,7.619
2022-06-25 04:00,0.549,8.218
2022-06-25 05:00,0.607,8.648
2022-06-25 06:00,0.639,8.907
2022-06-25 07:00,0.682,9.265
2022-06-25 08:00,0.715,9.567
2022-06-25 09:00,0.565,8.336
2022-06-25 10:00,0.503,7.873
2022-06-25 11:00,0.561,8.299
2022-06-25 12:00,0.463,7.585
2022-06-25 13:00,0.190,5.424
2022-06-25 14:00,0.025,2.865
2022-06-25 15:00,0.005,1.924
2022-06-25 16:00,0.011,2.341
2022-06-25 17:00,0.038,3.239
2022-06-25 18:00,0.081,4.091
2022-06-25 19:00,0.150,5.004
2022-06-25 20:00,0.206,5.567
2022-06-25 21:00,0.185,5.374
2022-06-25 22:00,0.080,4.069
2022-06-25 23:00,0.015,2.526
2022-06-26 00:00,0.001,1.212
2022-06-26 01:00,0,0.673
2022-06-26 02:00,0,0.740
2022-06-26 03:00,0.001,1.254
2022-06-26 04:00,0.006,1.977
2022-06-26 05:00,0.029,3.015
2022-06-26 06:00,0.049,3.486
2022-06-26 07:00,0.030,3.025
2022-06-26 08:00,0.011,2.304
2022-06-26 09:00,0.010,2.265
2022-06-26 10:00,0.063,3.772
2022-06-26 11:00,0.252,5.976
2022-06-26 12:00,0.365,6.881
2022-06-26 13:00,0.376,6.955
2022-06-26 14:00,0.314,6.482
2022-06-26 15:00,0.197,5.492
2022-06-26 16:00,0.095,4.301
2022-06-26 17:00,0.033,3.118
2022-06-26 18:00,0.017,2.573
2022-06-26 19:00,0.017,2.614
2022-06-26 20:00,0.009,2.218
2022-06-26 21:00,0.005,1.934
2022-06-26 22:00,0.021,2.758
2022-06-26 23:00,0.023,2.799
2022-06-27 00:00,0.061,3.726
2022-06-27 01:00,0.159,5.099
2022-06-27 02:00,0.355,6.806
2022-06-27 03:00,0.514,7.959
2022-06-27 04:00,0.589,8.516
2022-06-27 05:00,0.675,9.213
2022-06-27 06:00,0.760,10.002
2022-06-27 07:00,0.804,10.489
2022-06-27 08:00,0.813,10.612
2022-06-27 09:00,0.810,10.571
2022-06-27 10:00,0.847,11.066
2022-06-27 11:00,0.893,11.858
2022-06-27 12:00,0.918,12.394
2022-06-27 13:00,0.914,12.300
2022-06-27 14:00,0.888,11.741
2022-06-27 15:00,0.864,11.327
2022-06-27 16:00,0.808,10.543
2022-06-27 17:00,0.746,9.861
2022-06-27 18:00,0.690,9.343
2022-06-27 19:00,0.643,8.944
2022-06-27 20:00,0.633,8.861
2022-06-27 21:00,0.599,8.596
2022-06-27 22:00,0.588,8.506
2022-06-27 23:00,0.770,10.107
2022-06-28 00:00,0.824,10.738
2022-06-28 01:00,0.792,10.349
2022-06-28 02:00,0.731,9.715
2022-06-28 03:00,0.668,9.146
2022-06-28 04:00,0.577,8.424
2022-06-28 05:00,0.406,7.174
2022-06-28 06:00,0.225,5.750
2022-06-28 07:00,0.146,4.962
2022-06-28 08:00,0.112,4.527
2022-06-28 09:00,0.113,4.552
2022-06-28 10:00,0.109,4.496
2022-06-28 11:00,0.124,4.699
2022-06-28 12:00,0.155,5.052
2022-06-28 13:00,0.194,5.449
2022-06-28 14:00,0.227,5.766
2022-06-28 15:00,0.245,5.929
2022-06-28 16:00,0.249,5.949
2022-06-28 17:00,0.244,5.914
2022-06-28 18:00,0.250,5.961
2022-06-28 19:00,0.264,6.088
2022-06-28 20:00,0.278,6.203
2022-06-28 21:00,0.253,5.996
2022-06-28 22:00,0.178,5.290
2022-06-28 23:00,0.117,4.610
2022-06-29 00:00,0.093,4.265
2022-06-29 01:00,0.082,4.096
2022-06-29 02:00,0.078,4.040
2022-06-29 03:00,0.093,4.270
2022-06-29 04:00,0.107,4.467
2022-06-29 05:00,0.101,4.376
2022-06-29 06:00,0.075,3.991
2022-06-29 07:00,0.058,3.674
2022-06-29 08:00,0.053,3.578
2022-06-29 09:00,0.047,3.447
2022-06-29 10:00,0.039,3.280
2022-06-29 11:00,0.031,3.051
2022-06-29 12:00,0.016,2.550
2022-06-29 13:00,0.004,1.844
2022-06-29 14:00,0.001,1.247
2022-06-29 15:00,0.002,1.566
2022-06-29 16:00,0.018,2.632
2022-06-29 17:00,0.052,3.554
2022-06-29 18:00,0.087,4.185
2022-06-29 19:00,0.100,4.369
2022-06-29 20:00,0.089,4.211
2022-06-29 21:00,0.071,3.917
2022-06-29 22:00,0.026,2.913
2022-06-29 23:00,0.002,1.642
2022-06-30 00:00,0.003,1.704
2022-06-30 01:00,0.004,1.825
2022-06-30 02:00,0.005,1.970
2022-06-30 03:00,0.010,2.265
2022-06-30 04:00,0.018,2.648
2022-06-30 05:00,0.029,3.004
2022-06-30 06:00,0.039,3.273
2022-06-30 07:00,0.050,3.506
2022-06-30 08:00,0.060,3.711
2022-06-30 09:00,0.082,4.108
2022-06-30 10:00,0.110,4.508
2022-06-30 11:00,0.124,4.688
2022-06-30 12:00,0.101,4.374
2022-06-30 13:00,0.067,3.852
2022-06-30 14:00,0.040,3.285
2022-06-30 15:00,0.020,2.693
2022-06-30 16:00,0.010,2.247
2022-06-30 17:00,0.004,1.846
2022-06-30 18:00,0.003,1.780
2022-06-30 19:00,0.015,2.495
2022-06-30 20:00,0.051,3.543
2022-06-30 21:00,0.081,4.089
2022-06-30 22:00,0.050,3.502
2022-06-30 23:00,0.026,2.917
2022-07-01 00:00,0.035,3.172
2022-07-01 01:00,0.045,3.414
2022-07-01 02:00,0.053,3.582
2022-07-01 03:00,0.053,3.585
2022-07-01 04:00,0.040,3.299
2022-07-01 05:00,0.025,2.893
2022-07-01 06:00,0.015,2.497
2022-07-01 07:00,0.008,2.141
2022-07-01 08:00,0.004,1.813
2022-07-01 09:00,0.002,1.490
2022-07-01 10:00,0.001,1.202
2022-07-01 11:00,0.001,1.218
2022-07-01 12:00,0.001,1.208
2022-07-01 13:00,0,1.181
2022-07-01 14:00,0.001,1.263
2022-07-01 15:00,0.008,2.126
2022-07-01 16:00,0.035,3.164
2022-07-01 17:00,0.061,3.724
2022-07-01 18:00,0.070,3.887
2022-07-01 19:00,0.070,3.893
2022-07-01 20:00,0.075,3.984
2022-07-01 21:00,0.059,3.694
2022-07-01 22:00,0.023,2.791
2022-07-01 23:00,0.017,2.596
2022-07-02 00:00,0.012,2.386
2022-07-02 01:00,0.005,1.942
2022-07-02 02:00,0.001,1.422
2022-07-02 03:00,0,1.092
2022-07-02 04:00,0.002,1.528
2022-07-02 05:00,0.007,2.073
2022-07-02 06:00,0.018,2.618
2022-07-02 07:00,0.029,3.008
2022-07-02 08:00,0.045,3.419
2022-07-02 09:00,0.081,4.080
2022-07-02 10:00,0.157,5.083
2022-07-02 11:00,0.341,6.692
2022-07-02 12:00,0.536,8.116
2022-07-02 13:00,0.616,8.727
2022-07-02 14:00,0.606,8.646
2022-07-02 15:00,0.592,8.533
2022-07-02 16:00,0.551,8.229
2022-07-02 17:00,0.512,7.945
2022-07-02 18:00,0.507,7.909
2022-07-02 19:00,0.505,7.894
2022-07-02 20:00,0.500,7.851
2022-07-02 21:00,0.384,7.014
2022-07-02 22:00,0.226,5.758
2022-07-02 23:00,0.213,5.639
2022-07-03 00:00,0.110,4.515
2022-07-03 01:00,0.059,3.693
2022-07-03 02:00,0.074,3.955
2022-07-03 03:00,0.105,4.449
2022-07-03 04:00,0.159,5.100
2022-07-03 05:00,0.218,5.686
2022-07-03 06:00,0.300,6.379
2022-07-03 07:00,0.394,7.093
2022-07-03 08:00,0.447,7.476
2022-07-03 09:00,0.429,7.342
2022-07-03 10:00,0.409,7.195
2022-07-03 11:00,0.381,6.991
2022-07-03 12:00,0.364,6.866
2022-07-03 13:00,0.375,6.945
2022-07-03 14:00,0.383,7.006
2022-07-03 15:00,0.385,7.028
2022-07-03 16:00,0.377,6.971
2022-07-03 17:00,0.348,6.743
2022-07-03 18:00,0.311,6.465
2022-07-03 19:00,0.295,6.341
2022-07-03 20:00,0.289,6.297
2022-07-03 21:00,0.252,5.986
2022-07-03 22:00,0.264,6.082
2022-07-03 23:00,0.427,7.325
2022-07-04 00:00,0.541,8.161
2022-07-04 01:00,0.553,8.250
2022-07-04 02:00,0.505,7.893
2022-07-04 03:00,0.498,7.843
2022-07-04 04:00,0.528,8.058
2022-07-04 05:00,0.563,8.316
2022-07-04 06:00,0.601,8.613
2022-07-04 07:00,0.626,8.798
2022-07-04 08:00,0.616,8.726
2022-07-04 09:00,0.558,8.278
2022-07-04 10:00,0.522,8.021
2022-07-04 11:00,0.577,8.427
2022-07-04 12:00,0.619,8.748
2022-07-04 13:00,0.575,8.410
2022-07-04 14:00,0.544,8.173
2022-07-04 15:00,0.541,8.158
2022-07-04 16:00,0.548,8.214
2022-07-04 17:00,0.556,8.262
2022-07-04 18:00,0.546,8.194
2022-07-04 19:00,0.514,7.959
2022-07-04 20:00,0.466,7.612
2022-07-04 21:00,0.363,6.855
2022-07-04 22:00,0.267,6.114
2022-07-04 23:00,0.354,6.797
2022-07-05 00:00,0.268,6.125
2022-07-05 01:00,0.110,4.514
2022-07-05 02:00,0.052,3.553
2022-07-05 03:00,0.056,3.650
2022-07-05 04:00,0.088,4.202
2022-07-05 05:00,0.130,4.771
2022-07-05 06:00,0.177,5.279
2022-07-05 07:00,0.217,5.674
2022-07-05 08:00,0.258,6.040
2022-07-05 09:00,0.286,6.266
2022-07-05 10:00,0.399,7.125
2022-07-05 11:00,0.537,8.123
2022-07-05 12:00,0.522,8.017
2022-07-05 13:00,0.431,7.352
2022-07-05 14:00,0.403,7.160
2022-07-05 15:00,0.416,7.243
2022-07-05 16:00,0.390,7.064
2022-07-05 17:00,0.350,6.761
2022-07-05 18:00,0.327,6.591
2022-07-05 19:00,0.275,6.171
2022-07-05 20:00,0.228,5.773
2022-07-05 21:00,0.191,5.426
2022-07-05 22:00,0.116,4.590
2022-07-05 23:00,0.052,3.562
2022-07-06 00:00,0.038,3.252
2022-07-06 01:00,0.056,3.628
2022-07-06 02:00,0.070,3.902
2022-07-06 03:00,0.058,3.685
2022-07-06 04:00,0.023,2.818
2022-07-06 05:00,0.012,2.362
2022-07-06 06:00,0.018,2.653
2022-07-06 07:00,0.033,3.109
2022-07-06 08:00,0.039,3.274
2022-07-06 09:00,0.071,3.921
2022-07-06 10:00,0.181,5.324
2022-07-06 11:00,0.268,6.117
2022-07-06 12:00,0.245,5.924
2022-07-06 13:00,0.179,5.303
2022-07-06 14:00,0.105,4.447
2022-07-06 15:00,0.031,3.057
2022-07-06 16:00,0.005,1.884
2022-07-06 17:00,0.025,2.890
2022-07-06 18:00,0.121,4.644
2022-07-06 19:00,0.286,6.268
2022-07-06 20:00,0.399,7.123
2022-07-06 21:00,0.371,6.915
2022-07-06 22:00,0.251,5.966
2022-07-06 23:00,0.195,5.465
2022-07-07 00:00,0.246,5.935
2022-07-07 01:00,0.278,6.193
2022-07-07 02:00,0.324,6.569
2022-07-07 03:00,0.345,6.724
2022-07-07 04:00,0.303,6.401
2022-07-07 05:00,0.228,5.774
2022-07-07 06:00,0.148,4.980
2022-07-07 07:00,0.084,4.125
2022-07-07 08:00,0.042,3.346
2022-07-07 09:00,0.027,2.947
2022-07-07 10:00,0.038,3.222
2022-07-07 11:00,0.146,4.956
2022-07-07 12:00,0.356,6.810
2022-07-07 13:00,0.564,8.320
2022-07-07 14:00,0.701,9.434
2022-07-07 15:00,0.748,9.882
2022-07-07 16:00,0.730,9.702
2022-07-07 17:00,0.704,9.467
2022-07-07 18:00,0.660,9.082
2022-07-07 19:00,0.621,8.765
2022-07-07 20:00,0.648,8.981
2022-07-07 21:00,0.591,8.526
2022-07-07 22:00,0.359,6.828
2022-07-07 23:00,0.421,7.281
2022-07-08 00:00,0.238,5.868
2022-07-08 01:00,0.120,4.632
2022-07-08 02:00,0.164,5.156
2022-07-08 03:00,0.251,5.971
2022-07-08 04:00,0.296,6.345
2022-07-08 05:00,0.327,6.584
2022-07-08 06:00,0.366,6.882
2022-07-08 07:00,0.384,7.016
2022-07-08 08:00,0.332,6.623
2022-07-08 09:00,0.297,6.349
2022-07-08 10:00,0.308,6.437
2022-07-08 11:00,0.406,7.174
2022-07-08 12:00,0.490,7.790
2022-07-08 13:00,0.564,8.323
2022-07-08 14:00,0.571,8.384
2022-07-08 15:00,0.534,8.109
2022-07-08 16:00,0.431,7.351
2022-07-08 17:00,0.374,6.936
2022-07-08 18:00,0.350,6.764
2022-07-08 19:00,0.360,6.833
2022-07-08 20:00,0.388,7.048
2022-07-08 21:00,0.329,6.598
2022-07-08 22:00,0.140,4.881
2022-07-08 23:00,0.078,4.040
2022-07-09 00:00,0.087,4.176
2022-07-09 01:00,0.095,4.301
2022-07-09 02:00,0.102,4.386
2022-07-09 03:00,0.096,4.313
2022-07-09 04:00,0.074,3.970
2022-07-09 05:00,0.052,3.568
2022-07-09 06:00,0.043,3.361
2022-07-09 07:00,0.024,2.852
2022-07-09 08:00,0.006,2.023
2022-07-09 09:00,0.015,2.517
2022-07-09 10:00,0.018,2.620
2022-07-09 11:00,0.086,4.173
2022-07-09 12:00,0.261,6.052
2022-07-09 13:00,0.492,7.798
2022-07-09 14:00,0.685,9.294
2022-07-09 15:00,0.682,9.274
2022-07-09 16:00,0.648,8.981
2022-07-09 17:00,0.482,7.729
2022-07-09 18:00,0.406,7.179
2022-07-09 19:00,0.380,6.985
2022-07-09 20:00,0.301,6.392
2022-07-09 21:00,0.162,5.135
2022-07-09 22:00,0.306,6.421
2022-07-09 23:00,0.412,7.221
2022-07-10 00:00,0.580,8.441
2022-07-10 01:00,0.583,8.474
2022-07-10 02:00,0.350,6.758
2022-07-10 03:00,0.094,4.280
2022-07-10 04:00,0.009,2.237
2022-07-10 05:00,0,0.819
2022-07-10 06:00,0.003,1.726
2022-07-10 07:00,0.061,3.724
2022-07-10 08:00,0.208,5.580
2022-07-10 09:00,0.425,7.320
2022-07-10 10:00,0.589,8.510
2022-07-10 11:00,0.680,9.246
2022-07-10 12:00,0.663,9.108
2022-07-10 13:00,0.619,8.746
2022-07-10 14:00,0.597,8.571
2022-07-10 15:00,0.570,8.374
2022-07-10 16:00,0.522,8.019
2022-07-10 17:00,0.466,7.612
2022-07-10 18:00,0.427,7.326
2022-07-10 19:00,0.416,7.249
2022-07-10 20:00,0.406,7.177
2022-07-10 21:00,0.284,6.242
2022-07-10 22:00,0.088,4.199
2022-07-10 23:00,0.022,2.782
2022-07-11 00:00,0.001,1.268
2022-07-11 01:00,0.001,1.351
2022-07-11 02:00,0.018,2.632
2022-07-11 03:00,0.056,3.649
2022-07-11 04:00,0.121,4.646
2022-07-11 05:00,0.238,5.867
2022-07-11 06:00,0.396,7.109
2022-07-11 07:00,0.561,8.310
2022-07-11 08:00,0.661,9.091
2022-07-11 09:00,0.591,8.526
2022-07-11 10:00,0.517,7.982
2022-07-11 11:00,0.495,7.822
2022-07-11 12:00,0.455,7.528
2022-07-11 13:00,0.409,7.194
2022-07-11 14:00,0.372,6.924
2022-07-11 15:00,0.371,6.917
2022-07-11 16:00,0.372,6.928
2022-07-11 17:00,0.368,6.897
2022-07-11 18:00,0.291,6.312
2022-07-11 19:00,0.121,4.646
2022-07-11 20:00,0.038,3.242
2022-07-11 21:00,0.064,3.801
2022-07-11 22:00,0.090,4.228
2022-07-11 23:00,0.281,6.223
2022-07-12 00:00,0.457,7.545
2022-07-12 01:00,0.541,8.159
2022-07-12 02:00,0.617,8.732
2022-07-12 03:00,0.624,8.790
2022-07-12 04:00,0.598,8.577
2022-07-12 05:00,0.553,8.246
2022-07-12 06:00,0.492,7.805
2022-07-12 07:00,0.438,7.400
2022-07-12 08:00,0.403,7.161
2022-07-12 09:00,0.372,6.929
2022-07-12 10:00,0.318,6.522
2022-07-12 11:00,0.372,6.919
2022-07-12 12:00,0.371,6.917
2022-07-12 13:00,0.312,6.471
2022-07-12 14:00,0.264,6.083
2022-07-12 15:00,0.230,5.782
2022-07-12 16:00,0.181,5.322
2022-07-12 17:00,0.127,4.735
2022-07-12 18:00,0.086,4.170
2022-07-12 19:00,0.077,4.024
2022-07-12 20:00,0.110,4.514
2022-07-12 21:00,0.117,4.609
2022-07-12 22:00,0.060,3.708
2022-07-12 23:00,0.063,3.768
2022-07-13 00:00,0.077,4.018
2022-07-13 01:00,0.084,4.121
2022-07-13 02:00,0.102,4.394
2022-07-13 03:00,0.135,4.829
2022-07-13 04:00,0.200,5.514
2022-07-13 05:00,0.297,6.352
2022-07-13 06:00,0.422,7.294
2022-07-13 07:00,0.519,7.998
2022-07-13 08:00,0.564,8.321
2022-07-13 09:00,0.545,8.190
2022-07-13 10:00,0.522,8.012
2022-07-13 11:00,0.592,8.537
2022-07-13 12:00,0.573,8.394
2022-07-13 13:00,0.491,7.793
2022-07-13 14:00,0.306,6.426
2022-07-13 15:00,0.145,4.949
2022-07-13 16:00,0.092,4.250
2022-07-13 17:00,0.172,5.236
2022-07-13 18:00,0.331,6.617
2022-07-13 19:00,0.453,7.521
2022-07-13 20:00,0.508,7.913
2022-07-13 21:00,0.443,7.449
2022-07-13 22:00,0.290,6.299
2022-07-13 23:00,0.634,8.868
2022-07-14 00:00,0.642,8.936
2022-07-14 01:00,0.553,8.246
2022-07-14 02:00,0.482,7.730
2022-07-14 03:00,0.445,7.462
2022-07-14 04:00,0.437,7.398
2022-07-14 05:00,0.438,7.412
2022-07-14 06:00,0.448,7.483
2022-07-14 07:00,0.471,7.639
2022-07-14 08:00,0.495,7.819
2022-07-14 09:00,0.435,7.385
2022-07-14 10:00,0.315,6.487
2022-07-14 11:00,0.265,6.093
2022-07-14 12:00,0.194,5.450
2022-07-14 13:00,0.170,5.219
2022-07-14 14:00,0.223,5.736
2022-07-14 15:00,0.382,7.000
2022-07-14 16:00,0.545,8.186
2022-07-14 17:00,0.628,8.821
2022-07-14 18:00,0.650,8.997
2022-07-14 19:00,0.650,8.992
2022-07-14 20:00,0.640,8.917
2022-07-14 21:00,0.547,8.207
2022-07-14 22:00,0.354,6.799
2022-07-14 23:00,0.710,9.522
2022-07-15 00:00,0.826,10.773
2022-07-15 01:00,0.839,10.959
2022-07-15 02:00,0.804,10.488
2022-07-15 03:00,0.774,10.158
2022-07-15 04:00,0.761,10.018
2022-07-15 05:00,0.740,9.801
2022-07-15 06:00,0.723,9.639
2022-07-15 07:00,0.724,9.645
2022-07-15 08:00,0.700,9.432
2022-07-15 09:00,0.651,9.004
2022-07-15 10:00,0.518,7.984
2022-07-15 11:00,0.409,7.202
2022-07-15 12:00,0.306,6.430
2022-07-15 13:00,0.178,5.288
2022-07-15 14:00,0.107,4.477
2022-07-15 15:00,0.074,3.973
2022-07-15 16:00,0.089,4.213
2022-07-15 17:00,0.145,4.941
2022-07-15 18:00,0.193,5.445
2022-07-15 19:00,0.198,5.497
2022-07-15 20:00,0.186,5.384
2022-07-15 21:00,0.120,4.639
2022-07-15 22:00,0.146,4.960
2022-07-15 23:00,0.162,5.132
2022-07-16 00:00,0.136,4.845
2022-07-16 01:00,0.118,4.614
2022-07-16 02:00,0.107,4.475
2022-07-16 03:00,0.105,4.446
2022-07-16 04:00,0.107,4.478
2022-07-16 05:00,0.113,4.544
2022-07-16 06:00,0.125,4.705
2022-07-16 07:00,0.136,4.842
2022-07-16 08:00,0.119,4.626
2022-07-16 09:00,0.124,4.691
2022-07-16 10:00,0.221,5.701
2022-07-16 11:00,0.316,6.504
2022-07-16 12:00,0.315,6.494
2022-07-16 13:00,0.256,6.012
2022-07-16 14:00,0.212,5.629
2022-07-16 15:00,0.187,5.392
2022-07-16 16:00,0.173,5.247
2022-07-16 17:00,0.140,4.892
2022-07-16 18:00,0.106,4.456
2022-07-16 19:00,0.073,3.951
2022-07-16 20:00,0.043,3.362
2022-07-16 21:00,0.022,2.788
2022-07-16 22:00,0.012,2.372
2022-07-16 23:00,0.014,2.490
2022-07-17 00:00,0.021,2.758
2022-07-17 01:00,0.016,2.543
2022-07-17 02:00,0.012,2.363
2022-07-17 03:00,0.014,2.467
2022-07-17 04:00,0.022,2.779
2022-07-17 05:00,0.033,3.108
2022-07-17 06:00,0.050,3.521
2022-07-17 07:00,0.074,3.972
2022-07-17 08:00,0.104,4.426
2022-07-17 09:00,0.147,4.965
2022-07-17 10:00,0.183,5.352
2022-07-17 11:00,0.214,5.649
2022-07-17 12:00,0.186,5.378
2022-07-17 13:00,0.100,4.364
2022-07-17 14:00,0.075,3.987
2022-07-17 15:00,0.148,4.976
2022-07-17 16:00,0.289,6.289
2022-07-17 17:00,0.428,7.334
2022-07-17 18:00,0.510,7.923
2022-07-17 19:00,0.542,8.163
2022-07-17 20:00,0.546,8.196
2022-07-17 21:00,0.473,7.656
2022-07-17 22:00,0.490,7.780
2022-07-17 23:00,0.648,8.984
2022-07-18 00:00,0.698,9.412
2022-07-18 01:00,0.694,9.374
2022-07-18 02:00,0.652,9.014
2022-07-18 03:00,0.603,8.623
2022-07-18 04:00,0.546,8.194
2022-07-18 05:00,0.485,7.740
2022-07-18 06:00,0.441,7.420
2022-07-18 07:00,0.443,7.447
2022-07-18 08:00,0.468,7.620
2022-07-18 09:00,0.407,7.185
2022-07-18 10:00,0.271,6.145
2022-07-18 11:00,0.186,5.379
2022-07-18 12:00,0.103,4.405
2022-07-18 13:00,0.052,3.565
2022-07-18 14:00,0.041,3.304
2022-07-18 15:00,0.079,4.059
2022-07-18 16:00,0.172,5.239
2022-07-18 17:00,0.280,6.212
2022-07-18 18:00,0.365,6.868
2022-07-18 19:00,0.403,7.147
2022-07-18 20:00,0.422,7.298
2022-07-18 21:00,0.350,6.758
2022-07-18 22:00,0.261,6.055
2022-07-18 23:00,0.381,6.991
2022-07-19 00:00,0.317,6.516
2022-07-19 01:00,0.195,5.465
2022-07-19 02:00,0.097,4.324
2022-07-19 03:00,0.053,3.580
2022-07-19 04:00,0.028,2.961
2022-07-19 05:00,0.018,2.652
2022-07-19 06:00,0.016,2.567
2022-07-19 07:00,0.007,2.093
2022-07-19 08:00,0.003,1.696
2022-07-19 09:00,0.003,1.761
2022-07-19 10:00,0.016,2.562
2022-07-19 11:00,0.038,3.239
2022-07-19 12:00,0.037,3.207
2022-07-19 13:00,0.020,2.702
2022-07-19 14:00,0.015,2.501
2022-07-19 15:00,0.009,2.229
2022-07-19 16:00,0.005,1.930
2022-07-19 17:00,0.003,1.708
2022-07-19 18:00,0.002,1.616
2022-07-19 19:00,0.002,1.610
2022-07-19 20:00,0.003,1.677
2022-07-19 21:00,0.009,2.238
2022-07-19 22:00,0.014,2.482
2022-07-19 23:00,0.006,2.037
2022-07-20 00:00,0.008,2.157
2022-07-20 01:00,0.005,1.902
2022-07-20 02:00,0.002,1.643
2022-07-20 03:00,0.003,1.727
2022-07-20 04:00,0.004,1.801
2022-07-20 05:00,0.006,1.975
2022-07-20 06:00,0.014,2.481
2022-07-20 07:00,0.046,3.436
2022-07-20 08:00,0.111,4.520
2022-07-20 09:00,0.167,5.189
2022-07-20 10:00,0.169,5.210
2022-07-20 11:00,0.137,4.856
2022-07-20 12:00,0.095,4.289
2022-07-20 13:00,0.056,3.649
2022-07-20 14:00,0.053,3.582
2022-07-20 15:00,0.078,4.026
2022-07-20 16:00,0.122,4.658
2022-07-20 17:00,0.175,5.271
2022-07-20 18:00,0.225,5.750
2022-07-20 19:00,0.288,6.287
2022-07-20 20:00,0.352,6.784
2022-07-20 21:00,0.336,6.659
2022-07-20 22:00,0.222,5.712
2022-07-20 23:00,0.171,5.231
2022-07-21 00:00,0.157,5.076
2022-07-21 01:00,0.145,4.942
2022-07-21 02:00,0.133,4.798
2022-07-21 03:00,0.137,4.851
2022-07-21 04:00,0.151,5.016
2022-07-21 05:00,0.171,5.233
2022-07-21 06:00,0.195,5.465
2022-07-21 07:00,0.212,5.628
2022-07-21 08:00,0.208,5.595
2022-07-21 09:00,0.187,5.390
2022-07-21 10:00,0.148,4.984
2022-07-21 11:00,0.110,4.505
2022-07-21 12:00,0.039,3.272
2022-07-21 13:00,0.005,1.904
2022-07-21 14:00,0.018,2.617
2022-07-21 15:00,0.090,4.228
2022-07-21 16:00,0.200,5.513
2022-07-21 17:00,0.258,6.035
2022-07-21 18:00,0.209,5.606
2022-07-21 19:00,0.159,5.096
2022-07-21 20:00,0.149,4.990
2022-07-21 21:00,0.128,4.749
2022-07-21 22:00,0.035,3.169
2022-07-21 23:00,0.002,1.546
2022-07-22 00:00,0,0.900
2022-07-22 01:00,0,0.621
2022-07-22 02:00,0,1.130
2022-07-22 03:00,0.007,2.067
2022-07-22 04:00,0.028,2.977
2022-07-22 05:00,0.061,3.734
2022-07-22 06:00,0.081,4.083
2022-07-22 07:00,0.107,4.472
2022-07-22 08:00,0.147,4.967
2022-07-22 09:00,0.216,5.670
2022-07-22 10:00,0.341,6.694
2022-07-22 11:00,0.438,7.407
2022-07-22 12:00,0.406,7.179
2022-07-22 13:00,0.304,6.410
2022-07-22 14:00,0.197,5.491
2022-07-22 15:00,0.101,4.375
2022-07-22 16:00,0.038,3.245
2022-07-22 17:00,0.048,3.461
2022-07-22 18:00,0.097,4.336
2022-07-22 19:00,0.101,4.381
2022-07-22 20:00,0.082,4.101
2022-07-22 21:00,0.055,3.615
2022-07-22 22:00,0.022,2.766
2022-07-22 23:00,0.009,2.196
2022-07-23 00:00,0.002,1.624
2022-07-23 01:00,0,0.912
2022-07-23 02:00,0,0.674
2022-07-23 03:00,0,0.987
2022-07-23 04:00,0.001,1.378
2022-07-23 05:00,0.002,1.640
2022-07-23 06:00,0.001,1.427
2022-07-23 07:00,0,0.992
2022-07-23 08:00,0,0.516
2022-07-23 09:00,0,0.951
2022-07-23 10:00,0.003,1.703
2022-07-23 11:00,0.038,3.239
2022-07-23 12:00,0.075,3.984
2022-07-23 13:00,0.059,3.694
2022-07-23 14:00,0.029,2.978
2022-07-23 15:00,0.013,2.411
2022-07-23 16:00,0.011,2.308
2022-07-23 17:00,0.021,2.737
2022-07-23 18:00,0.031,3.047
2022-07-23 19:00,0.034,3.132
2022-07-23 20:00,0.026,2.912
2022-07-23 21:00,0.007,2.072
2022-07-23 22:00,0,1.188
2022-07-23 23:00,0.004,1.809
2022-07-24 00:00,0.016,2.535
2022-07-24 01:00,0.023,2.807
2022-07-24 02:00,0.021,2.749
2022-07-24 03:00,0.012,2.391
2022-07-24 04:00,0.007,2.093
2022-07-24 05:00,0.002,1.618
2022-07-24 06:00,0.004,1.857
2022-07-24 07:00,0.041,3.314
2022-07-24 08:00,0.195,5.463
2022-07-24 09:00,0.422,7.299
2022-07-24 10:00,0.490,7.784
2022-07-24 11:00,0.428,7.331
2022-07-24 12:00,0.332,6.622
2022-07-24 13:00,0.353,6.789
2022-07-24 14:00,0.356,6.812
2022-07-24 15:00,0.375,6.947
2022-07-24 16:00,0.370,6.912
2022-07-24 17:00,0.362,6.849
2022-07-24 18:00,0.347,6.730
2022-07-24 19:00,0.315,6.489
2022-07-24 20:00,0.320,6.538
2022-07-24 21:00,0.251,5.972
2022-07-24 22:00,0.129,4.760
2022-07-24 23:00,0.150,5.006
2022-07-25 00:00,0.113,4.552
2022-07-25 01:00,0.075,3.991
2022-07-25 02:00,0.109,4.492
2022-07-25 03:00,0.196,5.477
2022-07-25 04:00,0.321,6.543
2022-07-25 05:00,0.450,7.494
2022-07-25 06:00,0.538,8.138
2022-07-25 07:00,0.549,8.218
2022-07-25 08:00,0.463,7.592
2022-07-25 09:00,0.390,7.066
2022-07-25 10:00,0.534,8.104
2022-07-25 11:00,0.739,9.796
2022-07-25 12:00,0.735,9.757
2022-07-25 13:00,0.650,8.995
2022-07-25 14:00,0.593,8.546
2022-07-25 15:00,0.559,8.280
2022-07-25 16:00,0.536,8.115
2022-07-25 17:00,0.519,7.999
2022-07-25 18:00,0.504,7.891
2022-07-25 19:00,0.475,7.676
2022-07-25 20:00,0.440,7.420
2022-07-25 21:00,0.380,6.986
2022-07-25 22:00,0.352,6.782
2022-07-25 23:00,0.564,8.319
2022-07-26 00:00,0.615,8.717
2022-07-26 01:00,0.642,8.934
2022-07-26 02:00,0.687,9.315
2022-07-26 03:00,0.751,9.914
2022-07-26 04:00,0.815,10.626
2022-07-26 05:00,0.847,11.064
2022-07-26 06:00,0.842,10.992
2022-07-26 07:00,0.809,10.553
2022-07-26 08:00,0.771,10.127
2022-07-26 09:00,0.711,9.533
2022-07-26 10:00,0.665,9.124
2022-07-26 11:00,0.679,9.236
2022-07-26 12:00,0.680,9.245
2022-07-26 13:00,0.605,8.639
2022-07-26 14:00,0.514,7.962
2022-07-26 15:00,0.461,7.575
2022-07-26 16:00,0.397,7.113
2022-07-26 17:00,0.356,6.812
2022-07-26 18:00,0.318,6.519
2022-07-26 19:00,0.289,6.295
2022-07-26 20:00,0.288,6.281
2022-07-26 21:00,0.226,5.756
2022-07-26 22:00,0.187,5.390
2022-07-26 23:00,0.185,5.376
2022-07-27 00:00,0.147,4.971
2022-07-27 01:00,0.131,4.776
2022-07-27 02:00,0.181,5.327
2022-07-27 03:00,0.274,6.164
2022-07-27 04:00,0.333,6.640
2022-07-27 05:00,0.368,6.899
2022-07-27 06:00,0.355,6.802
2022-07-27 07:00,0.312,6.474
2022-07-27 08:00,0.255,6.007
2022-07-27 09:00,0.141,4.893
2022-07-27 10:00,0.077,4.016
2022-07-27 11:00,0.057,3.671
2022-07-27 12:00,0.043,3.360
2022-07-27 13:00,0.034,3.130
2022-07-27 14:00,0.029,2.987
2022-07-27 15:00,0.023,2.795
2022-07-27 16:00,0.017,2.606
2022-07-27 17:00,0.012,2.343
2022-07-27 18:00,0.005,1.964
2022-07-27 19:00,0.002,1.594
2022-07-27 20:00,0.002,1.512
2022-07-27 21:00,0.002,1.496
2022-07-27 22:00,0.002,1.550
2022-07-27 23:00,0.003,1.766
2022-07-28 00:00,0.004,1.847
2022-07-28 01:00,0.003,1.700
2022-07-28 02:00,0.004,1.809
2022-07-28 03:00,0.008,2.155
2022-07-28 04:00,0.009,2.214
2022-07-28 05:00,0.005,1.877
2022-07-28 06:00,0.011,2.290
2022-07-28 07:00,0.035,3.172
2022-07-28 08:00,0.060,3.708
2022-07-28 09:00,0.051,3.541
2022-07-28 10:00,0.039,3.262
2022-07-28 11:00,0.038,3.222
2022-07-28 12:00,0.034,3.150
2022-07-28 13:00,0.038,3.243
2022-07-28 14:00,0.044,3.369
2022-07-28 15:00,0.057,3.660
2022-07-28 16:00,0.075,3.984
2022-07-28 17:00,0.085,4.145
2022-07-28 18:00,0.089,4.206
2022-07-28 19:00,0.084,4.126
2022-07-28 20:00,0.056,3.626
2022-07-28 21:00,0.022,2.773
2022-07-28 22:00,0.007,2.063
2022-07-28 23:00,0.004,1.876
2022-07-29 00:00,0.017,2.606
2022-07-29 01:00,0.036,3.185
2022-07-29 02:00,0.052,3.561
2022-07-29 03:00,0.045,3.414
2022-07-29 04:00,0.029,3.000
2022-07-29 05:00,0.025,2.872
2022-07-29 06:00,0.023,2.830
2022-07-29 07:00,0.018,2.648
2022-07-29 08:00,0.015,2.510
2022-07-29 09:00,0.021,2.750
2022-07-29 10:00,0.056,3.634
2022-07-29 11:00,0.133,4.800
2022-07-29 12:00,0.182,5.340
2022-07-29 13:00,0.196,5.483
2022-07-29 14:00,0.195,5.469
2022-07-29 15:00,0.180,5.308
2022-07-29 16:00,0.161,5.124
2022-07-29 17:00,0.149,4.993
2022-07-29 18:00,0.150,4.999
2022-07-29 19:00,0.175,5.267
2022-07-29 20:00,0.218,5.683
2022-07-29 21:00,0.213,5.645
2022-07-29 22:00,0.163,5.149
2022-07-29 23:00,0.200,5.515
2022-07-30 00:00,0.219,5.693
2022-07-30 01:00,0.246,5.939
2022-07-30 02:00,0.286,6.263
2022-07-30 03:00,0.324,6.565
2022-07-30 04:00,0.365,6.878
2022-07-30 05:00,0.413,7.228
2022-07-30 06:00,0.467,7.614
2022-07-30 07:00,0.519,7.993
2022-07-30 08:00,0.564,8.322
2022-07-30 09:00,0.580,8.449
2022-07-30 10:00,0.663,9.107
2022-07-30 11:00,0.721,9.623
2022-07-30 12:00,0.674,9.194
2022-07-30 13:00,0.625,8.794
2022-07-30 14:00,0.599,8.593
2022-07-30 15:00,0.606,8.646
2022-07-30 16:00,0.570,8.377
2022-07-30 17:00,0.515,7.970
2022-07-30 18:00,0.493,7.809
2022-07-30 19:00,0.485,7.747
2022-07-30 20:00,0.463,7.587
2022-07-30 21:00,0.375,6.952
2022-07-30 22:00,0.288,6.286
2022-07-30 23:00,0.382,7.001
2022-07-31 00:00,0.341,6.693
2022-07-31 01:00,0.206,5.569
2022-07-31 02:00,0.099,4.355
2022-07-31 03:00,0.038,3.241
2022-07-31 04:00,0.010,2.254
2022-07-31 05:00,0.005,1.955
2022-07-31 06:00,0.013,2.442
2022-07-31 07:00,0.028,2.957
2022-07-31 08:00,0.049,3.479
2022-07-31 09:00,0.113,4.553
2022-07-31 10:00,0.284,6.246
2022-07-31 11:00,0.509,7.918
2022-07-31 12:00,0.582,8.469
2022-07-31 13:00,0.577,8.429
2022-07-31 14:00,0.559,8.286
2022-07-31 15:00,0.559,8.282
2022-07-31 16:00,0.553,8.241
2022-07-31 17:00,0.526,8.044
2022-07-31 18:00,0.493,7.806
2022-07-31 19:00,0.455,7.526
2022-07-31 20:00,0.421,7.291
2022-07-31 21:00,0.349,6.748
2022-07-31 22:00,0.150,5.002
2022-07-31 23:00,0.038,3.242
2022-08-01 00:00,0.055,3.616
2022-08-01 01:00,0.072,3.933
2022-08-01 02:00,0.063,3.781
2022-08-01 03:00,0.058,3.682
2022-08-01 04:00,0.057,3.660
2022-08-01 05:00,0.041,3.320
2022-08-01 06:00,0.029,2.999
2022-08-01 07:00,0.023,2.824
2022-08-01 08:00,0.023,2.795
2022-08-01 09:00,0.025,2.886
2022-08-01 10:00,0.038,3.237
2022-08-01 11:00,0.056,3.640
2022-08-01 12:00,0.069,3.884
2022-08-01 13:00,0.082,4.108
2022-08-01 14:00,0.106,4.460
2022-08-01 15:00,0.140,4.886
2022-08-01 16:00,0.178,5.290
2022-08-01 17:00,0.201,5.524
2022-08-01 18:00,0.222,5.723
2022-08-01 19:00,0.261,6.062
2022-08-01 20:00,0.300,6.383
2022-08-01 21:00,0.267,6.100
2022-08-01 22:00,0.118,4.615
2022-08-01 23:00,0.035,3.165
2022-08-02 00:00,0.048,3.459
2022-08-02 01:00,0.050,3.522
2022-08-02 02:00,0.040,3.295
2022-08-02 03:00,0.031,3.046
2022-08-02 04:00,0.027,2.936
2022-08-02 05:00,0.032,3.090
2022-08-02 06:00,0.048,3.464
2022-08-02 07:00,0.075,3.986
2022-08-02 08:00,0.116,4.586
2022-08-02 09:00,0.215,5.654
2022-08-02 10:00,0.414,7.234
2022-08-02 11:00,0.573,8.394
2022-08-02 12:00,0.562,8.311
2022-08-02 13:00,0.482,7.729
2022-08-02 14:00,0.428,7.337
2022-08-02 15:00,0.403,7.146
2022-08-02 16:00,0.360,6.842
2022-08-02 17:00,0.311,6.468
2022-08-02 18:00,0.259,6.045
2022-08-02 19:00,0.208,5.584
2022-08-02 20:00,0.163,5.149
2022-08-02 21:00,0.136,4.845
2022-08-02 22:00,0.087,4.176
2022-08-02 23:00,0.066,3.829
2022-08-03 00:00,0.021,2.757
2022-08-03 01:00,0.011,2.321
2022-08-03 02:00,0.016,2.549
2022-08-03 03:00,0.018,2.632
2022-08-03 04:00,0.024,2.861
2022-08-03 05:00,0.032,3.085
2022-08-03 06:00,0.040,3.285
2022-08-03 07:00,0.056,3.647
2022-08-03 08:00,0.090,4.221
2022-08-03 09:00,0.151,5.012
2022-08-03 10:00,0.242,5.902
2022-08-03 11:00,0.351,6.776
2022-08-03 12:00,0.366,6.882
2022-08-03 13:00,0.334,6.646
2022-08-03 14:00,0.306,6.423
2022-08-03 15:00,0.302,6.395
2022-08-03 16:00,0.309,6.448
2022-08-03 17:00,0.311,6.470
2022-08-03 18:00,0.311,6.457
2022-08-03 19:00,0.324,6.568
2022-08-03 20:00,0.322,6.549
2022-08-03 21:00,0.312,6.473
2022-08-03 22:00,0.223,5.731
2022-08-03 23:00,0.205,5.561
2022-08-04 00:00,0.185,5.366
2022-08-04 01:00,0.167,5.183
2022-08-04 02:00,0.161,5.125
2022-08-04 03:00,0.101,4.379
2022-08-04 04:00,0.051,3.538
2022-08-04 05:00,0.038,3.236
2022-08-04 06:00,0.041,3.312
2022-08-04 07:00,0.056,3.634
2022-08-04 08:00,0.094,4.285
2022-08-04 09:00,0.143,4.925
2022-08-04 10:00,0.201,5.526
2022-08-04 11:00,0.346,6.727
2022-08-04 12:00,0.396,7.103
2022-08-04 13:00,0.388,7.049
2022-08-04 14:00,0.383,7.006
2022-08-04 15:00,0.389,7.056
2022-08-04 16:00,0.401,7.137
2022-08-04 17:00,0.399,7.126
2022-08-04 18:00,0.402,7.143
2022-08-04 19:00,0.423,7.300
2022-08-04 20:00,0.443,7.450
2022-08-04 21:00,0.388,7.045
2022-08-04 22:00,0.286,6.261
2022-08-04 23:00,0.408,7.187
2022-08-05 00:00,0.381,6.997
2022-08-05 01:00,0.329,6.602
2022-08-05 02:00,0.277,6.187
2022-08-05 03:00,0.242,5.899
2022-08-05 04:00,0.207,5.573
2022-08-05 05:00,0.160,5.115
2022-08-05 06:00,0.107,4.471
2022-08-05 07:00,0.061,3.745
2022-08-05 08:00,0.041,3.315
2022-08-05 09:00,0.066,3.826
2022-08-05 10:00,0.133,4.799
2022-08-05 11:00,0.173,5.245
2022-08-05 12:00,0.140,4.887
2022-08-05 13:00,0.104,4.431
2022-08-05 14:00,0.087,4.186
2022-08-05 15:00,0.070,3.885
2022-08-05 16:00,0.042,3.349
2022-08-05 17:00,0.025,2.879
2022-08-05 18:00,0.021,2.743
2022-08-05 19:00,0.021,2.722
2022-08-05 20:00,0.018,2.621
2022-08-05 21:00,0.022,2.768
2022-08-05 22:00,0.017,2.587
2022-08-05 23:00,0.002,1.635
2022-08-06 00:00,0,0.994
2022-08-06 01:00,0.002,1.626
2022-08-06 02:00,0.010,2.267
2022-08-06 03:00,0.014,2.475
2022-08-06 04:00,0.025,2.869
2022-08-06 05:00,0.045,3.406
2022-08-06 06:00,0.080,4.065
2022-08-06 07:00,0.157,5.066
2022-08-06 08:00,0.309,6.448
2022-08-06 09:00,0.465,7.604
2022-08-06 10:00,0.603,8.630
2022-08-06 11:00,0.711,9.534
2022-08-06 12:00,0.705,9.479
2022-08-06 13:00,0.612,8.690
2022-08-06 14:00,0.534,8.103
2022-08-06 15:00,0.437,7.397
2022-08-06 16:00,0.359,6.829
2022-08-06 17:00,0.347,6.737
2022-08-06 18:00,0.430,7.346
2022-08-06 19:00,0.433,7.367
2022-08-06 20:00,0.394,7.092
2022-08-06 21:00,0.354,6.798
2022-08-06 22:00,0.195,5.465
2022-08-06 23:00,0.155,5.052
2022-08-07 00:00,0.139,4.867
2022-08-07 01:00,0.097,4.328
2022-08-07 02:00,0.049,3.489
2022-08-07 03:00,0.042,3.334
2022-08-07 04:00,0.084,4.129
2022-08-07 05:00,0.203,5.532
2022-08-07 06:00,0.409,7.191
2022-08-07 07:00,0.592,8.537
2022-08-07 08:00,0.714,9.558
2022-08-07 09:00,0.753,9.926
2022-08-07 10:00,0.668,9.145
2022-08-07 11:00,0.486,7.752
2022-08-07 12:00,0.302,6.398
2022-08-07 13:00,0.264,6.088
2022-08-07 14:00,0.345,6.723
2022-08-07 15:00,0.438,7.401
2022-08-07 16:00,0.503,7.870
2022-08-07 17:00,0.507,7.911
2022-08-07 18:00,0.465,7.607
2022-08-07 19:00,0.410,7.209
2022-08-07 20:00,0.322,6.554
2022-08-07 21:00,0.238,5.863
2022-08-07 22:00,0.140,4.875
2022-08-07 23:00,0.208,5.585
2022-08-08 00:00,0.235,5.842
2022-08-08 01:00,0.195,5.470
2022-08-08 02:00,0.154,5.040
2022-08-08 03:00,0.121,4.646
2022-08-08 04:00,0.098,4.350
2022-08-08 05:00,0.091,4.237
2022-08-08 06:00,0.095,4.296
2022-08-08 07:00,0.095,4.295
2022-08-08 08:00,0.088,4.201
2022-08-08 09:00,0.065,3.814
2022-08-08 10:00,0.052,3.558
2022-08-08 11:00,0.034,3.147
2022-08-08 12:00,0.013,2.416
2022-08-08 13:00,0.004,1.785
2022-08-08 14:00,0.003,1.696
2022-08-08 15:00,0.005,1.966
2022-08-08 16:00,0.016,2.550
2022-08-08 17:00,0.021,2.721
2022-08-08 18:00,0.025,2.886
2022-08-08 19:00,0.056,3.646
2022-08-08 20:00,0.113,4.556
2022-08-08 21:00,0.158,5.088
2022-08-08 22:00,0.110,4.509
2022-08-08 23:00,0.032,3.092
2022-08-09 00:00,0.025,2.882
2022-08-09 01:00,0.032,3.090
2022-08-09 02:00,0.052,3.568
2022-08-09 03:00,0.050,3.514
2022-08-09 04:00,0.025,2.877
2022-08-09 05:00,0.015,2.512
2022-08-09 06:00,0.018,2.629
2022-08-09 07:00,0.025,2.867
2022-08-09 08:00,0.025,2.881
2022-08-09 09:00,0.012,2.349
2022-08-09 10:00,0.017,2.602
2022-08-09 11:00,0.081,4.095
2022-08-09 12:00,0.225,5.749
2022-08-09 13:00,0.428,7.341
2022-08-09 14:00,0.570,8.377
2022-08-09 15:00,0.610,8.671
2022-08-09 16:00,0.599,8.593
2022-08-09 17:00,0.592,8.536
2022-08-09 18:00,0.619,8.740
2022-08-09 19:00,0.632,8.859
2022-08-09 20:00,0.612,8.694
2022-08-09 21:00,0.559,8.280
2022-08-09 22:00,0.275,6.177
2022-08-09 23:00,0.094,4.281
2022-08-10 00:00,0.094,4.282
2022-08-10 01:00,0.052,3.559
2022-08-10 02:00,0.026,2.915
2022-08-10 03:00,0.017,2.596
2022-08-10 04:00,0.030,3.042
2022-08-10 05:00,0.079,4.053
2022-08-10 06:00,0.157,5.070
2022-08-10 07:00,0.236,5.848
2022-08-10 08:00,0.333,6.637
2022-08-10 09:00,0.468,7.622
2022-08-10 10:00,0.657,9.053
2022-08-10 11:00,0.650,8.998
2022-08-10 12:00,0.350,6.764
2022-08-10 13:00,0.396,7.104
2022-08-10 14:00,0.347,6.733
2022-08-10 15:00,0.208,5.586
2022-08-10 16:00,0.108,4.480
2022-08-10 17:00,0.061,3.733
2022-08-10 18:00,0.020,2.713
2022-08-10 19:00,0.005,1.946
2022-08-10 20:00,0.001,1.468
2022-08-10 21:00,0.001,1.387
2022-08-10 22:00,0.001,1.410
2022-08-10 23:00,0.003,1.750
2022-08-11 00:00,0.016,2.562
2022-08-11 01:00,0.038,3.231
2022-08-11 02:00,0.060,3.718
2022-08-11 03:00,0.070,3.909
2022-08-11 04:00,0.070,3.903
2022-08-11 05:00,0.075,3.985
2022-08-11 06:00,0.080,4.071
2022-08-11 07:00,0.078,4.032
2022-08-11 08:00,0.081,4.082
2022-08-11 09:00,0.122,4.669
2022-08-11 10:00,0.253,5.997
2022-08-11 11:00,0.341,6.691
2022-08-11 12:00,0.324,6.569
2022-08-11 13:00,0.277,6.188
2022-08-11 14:00,0.203,5.539
2022-08-11 15:00,0.126,4.719
2022-08-11 16:00,0.074,3.964
2022-08-11 17:00,0.057,3.658
2022-08-11 18:00,0.060,3.707
2022-08-11 19:00,0.049,3.485
2022-08-11 20:00,0.046,3.438
2022-08-11 21:00,0.046,3.433
2022-08-11 22:00,0.029,2.993
2022-08-11 23:00,0.040,3.301
2022-08-12 00:00,0.039,3.274
2022-08-12 01:00,0.097,4.324
2022-08-12 02:00,0.117,4.603
2022-08-12 03:00,0.203,5.535
2022-08-12 04:00,0.286,6.270
2022-08-12 05:00,0.278,6.202
2022-08-12 06:00,0.270,6.136
2022-08-12 07:00,0.151,5.016
2022-08-12 08:00,0.038,3.241
2022-08-12 09:00,0.007,2.111
2022-08-12 10:00,0.034,3.131
2022-08-12 11:00,0.123,4.683
2022-08-12 12:00,0.169,5.196
2022-08-12 13:00,0.163,5.145
2022-08-12 14:00,0.156,5.059
2022-08-12 15:00,0.140,4.879
2022-08-12 16:00,0.122,4.657
2022-08-12 17:00,0.108,4.480
2022-08-12 18:00,0.074,3.971
2022-08-12 19:00,0.042,3.337
2022-08-12 20:00,0.029,2.984
2022-08-12 21:00,0.017,2.602
2022-08-12 22:00,0.004,1.847
2022-08-12 23:00,0,0.793
2022-08-13 00:00,0.004,1.874
2022-08-13 01:00,0.018,2.618
2022-08-13 02:00,0.036,3.195
2022-08-13 03:00,0.046,3.423
2022-08-13 04:00,0.034,3.136
2022-08-13 05:00,0.026,2.913
2022-08-13 06:00,0.026,2.904
2022-08-13 07:00,0.031,3.057
2022-08-13 08:00,0.042,3.340
2022-08-13 09:00,0.077,4.025
2022-08-13 10:00,0.201,5.523
2022-08-13 11:00,0.394,7.093
2022-08-13 12:00,0.539,8.141
2022-08-13 13:00,0.564,8.321
2022-08-13 14:00,0.489,7.773
2022-08-13 15:00,0.442,7.437
2022-08-13 16:00,0.369,6.906
2022-08-13 17:00,0.315,6.499
2022-08-13 18:00,0.283,6.232
2022-08-13 19:00,0.251,5.965
2022-08-13 20:00,0.251,5.970
2022-08-13 21:00,0.300,6.378
2022-08-13 22:00,0.315,6.492
2022-08-13 23:00,0.297,6.358
2022-08-14 00:00,0.346,6.727
2022-08-14 01:00,0.551,8.232
2022-08-14 02:00,0.787,10.301
2022-08-14 03:00,0.876,11.528
2022-08-14 04:00,0.860,11.271
2022-08-14 05:00,0.865,11.340
2022-08-14 06:00,0.869,11.409
2022-08-14 07:00,0.798,10.429
2022-08-14 08:00,0.610,8.677
2022-08-14 09:00,0.407,7.183
2022-08-14 10:00,0.328,6.595
2022-08-14 11:00,0.402,7.144
2022-08-14 12:00,0.321,6.544
2022-08-14 13:00,0.217,5.682
2022-08-14 14:00,0.147,4.971
2022-08-14 15:00,0.136,4.834
2022-08-14 16:00,0.163,5.142
2022-08-14 17:00,0.212,5.628
2022-08-14 18:00,0.354,6.798
2022-08-14 19:00,0.537,8.128
2022-08-14 20:00,0.575,8.405
2022-08-14 21:00,0.447,7.478
2022-08-14 22:00,0.276,6.183
2022-08-14 23:00,0.444,7.457
2022-08-15 00:00,0.522,8.019
2022-08-15 01:00,0.508,7.914
2022-08-15 02:00,0.463,7.592
2022-08-15 03:00,0.475,7.670
2022-08-15 04:00,0.537,8.119
2022-08-15 05:00,0.589,8.514
2022-08-15 06:00,0.610,8.671
2022-08-15 07:00,0.589,8.508
2022-08-15 08:00,0.545,8.185
2022-08-15 09:00,0.498,7.841
2022-08-15 10:00,0.441,7.423
2022-08-15 11:00,0.419,7.274
2022-08-15 12:00,0.447,7.475
2022-08-15 13:00,0.422,7.297
2022-08-15 14:00,0.354,6.799
2022-08-15 15:00,0.344,6.716
2022-08-15 16:00,0.371,6.916
2022-08-15 17:00,0.413,7.230
2022-08-15 18:00,0.431,7.354
2022-08-15 19:00,0.435,7.383
2022-08-15 20:00,0.437,7.393
2022-08-15 21:00,0.391,7.068
2022-08-15 22:00,0.220,5.700
2022-08-15 23:00,0.208,5.597
2022-08-16 00:00,0.170,5.222
2022-08-16 01:00,0.095,4.305
2022-08-16 02:00,0.038,3.249
2022-08-16 03:00,0.014,2.456
2022-08-16 04:00,0.007,2.066
2022-08-16 05:00,0.005,1.964
2022-08-16 06:00,0.006,1.993
2022-08-16 07:00,0.008,2.139
2022-08-16 08:00,0.010,2.287
2022-08-16 09:00,0.021,2.742
2022-08-16 10:00,0.072,3.941
2022-08-16 11:00,0.142,4.911
2022-08-16 12:00,0.168,5.196
2022-08-16 13:00,0.175,5.267
2022-08-16 14:00,0.202,5.527
2022-08-16 15:00,0.239,5.877
2022-08-16 16:00,0.262,6.073
2022-08-16 17:00,0.264,6.081
2022-08-16 18:00,0.262,6.072
2022-08-16 19:00,0.258,6.037
2022-08-16 20:00,0.241,5.891
2022-08-16 21:00,0.211,5.621
2022-08-16 22:00,0.091,4.236
2022-08-16 23:00,0.064,3.793
2022-08-17 00:00,0.103,4.418
2022-08-17 01:00,0.089,4.213
2022-08-17 02:00,0.073,3.943
2022-08-17 03:00,0.070,3.905
2022-08-17 04:00,0.065,3.820
2022-08-17 05:00,0.053,3.574
2022-08-17 06:00,0.046,3.439
2022-08-17 07:00,0.062,3.750
2022-08-17 08:00,0.108,4.485
2022-08-17 09:00,0.186,5.385
2022-08-17 10:00,0.425,7.318
2022-08-17 11:00,0.623,8.777
2022-08-17 12:00,0.676,9.217
2022-08-17 13:00,0.655,9.030
2022-08-17 14:00,0.626,8.800
2022-08-17 15:00,0.645,8.960
2022-08-17 16:00,0.669,9.157
2022-08-17 17:00,0.689,9.334
2022-08-17 18:00,0.682,9.262
2022-08-17 19:00,0.642,8.933
2022-08-17 20:00,0.582,8.463
2022-08-17 21:00,0.493,7.809
2022-08-17 22:00,0.306,6.420
2022-08-17 23:00,0.300,6.374
2022-08-18 00:00,0.183,5.352
2022-08-18 01:00,0.091,4.242
2022-08-18 02:00,0.122,4.658
2022-08-18 03:00,0.267,6.101
2022-08-18 04:00,0.447,7.475
2022-08-18 05:00,0.635,8.881
2022-08-18 06:00,0.744,9.846
2022-08-18 07:00,0.722,9.634
2022-08-18 08:00,0.650,8.995
2022-08-18 09:00,0.652,9.015
2022-08-18 10:00,0.718,9.593
2022-08-18 11:00,0.776,10.167
2022-08-18 12:00,0.795,10.389
2022-08-18 13:00,0.817,10.661
2022-08-18 14:00,0.770,10.106
2022-08-18 15:00,0.645,8.961
2022-08-18 16:00,0.493,7.812
2022-08-18 17:00,0.403,7.147
2022-08-18 18:00,0.457,7.547
2022-08-18 19:00,0.438,7.410
2022-08-18 20:00,0.480,7.712
2022-08-18 21:00,0.705,9.473
2022-08-18 22:00,0.899,11.964
2022-08-18 23:00,0.947,13.248
2022-08-19 00:00,0.938,12.944
2022-08-19 01:00,0.916,12.362
2022-08-19 02:00,0.889,11.758
2022-08-19 03:00,0.865,11.333
2022-08-19 04:00,0.846,11.055
2022-08-19 05:00,0.836,10.906
2022-08-19 06:00,0.831,10.829
2022-08-19 07:00,0.818,10.675
2022-08-19 08:00,0.784,10.269
2022-08-19 09:00,0.674,9.195
2022-08-19 10:00,0.481,7.720
2022-08-19 11:00,0.368,6.891
2022-08-19 12:00,0.279,6.205
2022-08-19 13:00,0.192,5.442
2022-08-19 14:00,0.130,4.769
2022-08-19 15:00,0.118,4.616
2022-08-19 16:00,0.152,5.019
2022-08-19 17:00,0.200,5.520
2022-08-19 18:00,0.222,5.721
2022-08-19 19:00,0.210,5.615
2022-08-19 20:00,0.175,5.269
2022-08-19 21:00,0.134,4.810
2022-08-19 22:00,0.075,3.993
2022-08-19 23:00,0.022,2.779
2022-08-20 00:00,0.025,2.882
2022-08-20 01:00,0.032,3.086
2022-08-20 02:00,0.044,3.371
2022-08-20 03:00,0.074,3.969
2022-08-20 04:00,0.135,4.832
2022-08-20 05:00,0.239,5.874
2022-08-20 06:00,0.383,7.006
2022-08-20 07:00,0.547,8.201
2022-08-20 08:00,0.688,9.327
2022-08-20 09:00,0.794,10.384
2022-08-20 10:00,0.875,11.508
2022-08-20 11:00,0.891,11.803
2022-08-20 12:00,0.886,11.708
2022-08-20 13:00,0.865,11.336
2022-08-20 14:00,0.874,11.494
2022-08-20 15:00,0.873,11.474
2022-08-20 16:00,0.859,11.251
2022-08-20 17:00,0.840,10.968
2022-08-20 18:00,0.813,10.609
2022-08-20 19:00,0.797,10.415
2022-08-20 20:00,0.772,10.136
2022-08-20 21:00,0.713,9.552
2022-08-20 22:00,0.570,8.375
2022-08-20 23:00,0.577,8.426
2022-08-21 00:00,0.470,7.638
2022-08-21 01:00,0.258,6.039
2022-08-21 02:00,0.105,4.438
2022-08-21 03:00,0.038,3.242
2022-08-21 04:00,0.047,3.451
2022-08-21 05:00,0.079,4.058
2022-08-21 06:00,0.128,4.742
2022-08-21 07:00,0.181,5.324
2022-08-21 08:00,0.263,6.073
2022-08-21 09:00,0.348,6.739
2022-08-21 10:00,0.537,8.126
2022-08-21 11:00,0.677,9.227
2022-08-21 12:00,0.676,9.219
2022-08-21 13:00,0.670,9.164
2022-08-21 14:00,0.639,8.900
2022-08-21 15:00,0.571,8.380
2022-08-21 16:00,0.441,7.430
2022-08-21 17:00,0.315,6.500
2022-08-21 18:00,0.227,5.768
2022-08-21 19:00,0.156,5.054
2022-08-21 20:00,0.113,4.559
2022-08-21 21:00,0.125,4.700
2022-08-21 22:00,0.261,6.064
2022-08-21 23:00,0.692,9.361
2022-08-22 00:00,0.866,11.368
2022-08-22 01:00,0.884,11.667
2022-08-22 02:00,0.877,11.545
2022-08-22 03:00,0.891,11.808
2022-08-22 04:00,0.920,12.464
2022-08-22 05:00,0.935,12.872
2022-08-22 06:00,0.941,13.063
2022-08-22 07:00,0.947,13.245
2022-08-22 08:00,0.944,13.143
2022-08-22 09:00,0.902,12.042
2022-08-22 10:00,0.774,10.146
2022-08-22 11:00,0.682,9.267
2022-08-22 12:00,0.626,8.800
2022-08-22 13:00,0.601,8.608
2022-08-22 14:00,0.585,8.485
2022-08-22 15:00,0.580,8.444
2022-08-22 16:00,0.579,8.436
2022-08-22 17:00,0.583,8.473
2022-08-22 18:00,0.594,8.553
2022-08-22 19:00,0.606,8.643
2022-08-22 20:00,0.616,8.730
2022-08-22 21:00,0.618,8.738
2022-08-22 22:00,0.485,7.743
2022-08-22 23:00,0.497,7.841
2022-08-23 00:00,0.753,9.921
2022-08-23 01:00,0.725,9.655
2022-08-23 02:00,0.610,8.676
2022-08-23 03:00,0.475,7.669
2022-08-23 04:00,0.373,6.933
2022-08-23 05:00,0.310,6.456
2022-08-23 06:00,0.253,5.993
2022-08-23 07:00,0.222,5.720
2022-08-23 08:00,0.170,5.213
2022-08-23 09:00,0.096,4.312
2022-08-23 10:00,0.044,3.375
2022-08-23 11:00,0.024,2.855
2022-08-23 12:00,0.016,2.554
2022-08-23 13:00,0.013,2.423
2022-08-23 14:00,0.026,2.901
2022-08-23 15:00,0.070,3.890
2022-08-23 16:00,0.120,4.630
2022-08-23 17:00,0.137,4.853
2022-08-23 18:00,0.122,4.661
2022-08-23 19:00,0.101,4.374
2022-08-23 20:00,0.082,4.106
2022-08-23 21:00,0.079,4.056
2022-08-23 22:00,0.067,3.851
2022-08-23 23:00,0.026,2.926
2022-08-24 00:00,0.032,3.089
2022-08-24 01:00,0.029,2.992
2022-08-24 02:00,0.028,2.958
2022-08-24 03:00,0.026,2.902
2022-08-24 04:00,0.025,2.883
2022-08-24 05:00,0.016,2.538
2022-08-24 06:00,0.006,1.993
2022-08-24 07:00,0.002,1.495
2022-08-24 08:00,0.002,1.540
2022-08-24 09:00,0.024,2.857
2022-08-24 10:00,0.189,5.410
2022-08-24 11:00,0.445,7.463
2022-08-24 12:00,0.559,8.285
2022-08-24 13:00,0.597,8.569
2022-08-24 14:00,0.624,8.789
2022-08-24 15:00,0.639,8.913
2022-08-24 16:00,0.662,9.101
2022-08-24 17:00,0.704,9.466
2022-08-24 18:00,0.748,9.883
2022-08-24 19:00,0.735,9.760
2022-08-24 20:00,0.721,9.623
2022-08-24 21:00,0.663,9.112
2022-08-24 22:00,0.568,8.356
2022-08-24 23:00,0.788,10.306
2022-08-25 00:00,0.733,9.732
2022-08-25 01:00,0.619,8.744
2022-08-25 02:00,0.528,8.061
2022-08-25 03:00,0.475,7.680
2022-08-25 04:00,0.412,7.224
2022-08-25 05:00,0.348,6.745
2022-08-25 06:00,0.309,6.442
2022-08-25 07:00,0.356,6.808
2022-08-25 08:00,0.450,7.491
2022-08-25 09:00,0.431,7.362
2022-08-25 10:00,0.399,7.119
2022-08-25 11:00,0.368,6.903
2022-08-25 12:00,0.245,5.925
2022-08-25 13:00,0.122,4.673
2022-08-25 14:00,0.061,3.726
2022-08-25 15:00,0.065,3.812
2022-08-25 16:00,0.102,4.394
2022-08-25 17:00,0.163,5.144
2022-08-25 18:00,0.288,6.281
2022-08-25 19:00,0.393,7.079
2022-08-25 20:00,0.436,7.390
2022-08-25 21:00,0.417,7.253
2022-08-25 22:00,0.356,6.812
2022-08-25 23:00,0.488,7.763
2022-08-26 00:00,0.619,8.753
2022-08-26 01:00,0.766,10.067
2022-08-26 02:00,0.872,11.468
2022-08-26 03:00,0.930,12.714
2022-08-26 04:00,0.946,13.215
2022-08-26 05:00,0.942,13.080
2022-08-26 06:00,0.942,13.087
2022-08-26 07:00,0.950,13.367
2022-08-26 08:00,0.947,13.238
2022-08-26 09:00,0.903,12.058
2022-08-26 10:00,0.811,10.580
2022-08-26 11:00,0.807,10.536
2022-08-26 12:00,0.791,10.339
2022-08-26 13:00,0.758,9.987
2022-08-26 14:00,0.705,9.479
2022-08-26 15:00,0.647,8.976
2022-08-26 16:00,0.631,8.849
2022-08-26 17:00,0.630,8.833
2022-08-26 18:00,0.639,8.906
2022-08-26 19:00,0.643,8.948
2022-08-26 20:00,0.645,8.963
2022-08-26 21:00,0.635,8.876
2022-08-26 22:00,0.431,7.362
2022-08-26 23:00,0.474,7.664
2022-08-27 00:00,0.702,9.439
2022-08-27 01:00,0.639,8.907
2022-08-27 02:00,0.537,8.126
2022-08-27 03:00,0.433,7.368
2022-08-27 04:00,0.337,6.663
2022-08-27 05:00,0.249,5.951
2022-08-27 06:00,0.169,5.204
2022-08-27 07:00,0.104,4.427
2022-08-27 08:00,0.060,3.701
2022-08-27 09:00,0.026,2.925
2022-08-27 10:00,0.059,3.693
2022-08-27 11:00,0.110,4.509
2022-08-27 12:00,0.204,5.551
2022-08-27 13:00,0.379,6.981
2022-08-27 14:00,0.530,8.074
2022-08-27 15:00,0.534,8.107
2022-08-27 16:00,0.477,7.695
2022-08-27 17:00,0.478,7.698
2022-08-27 18:00,0.488,7.762
2022-08-27 19:00,0.477,7.690
2022-08-27 20:00,0.468,7.619
2022-08-27 21:00,0.428,7.334
2022-08-27 22:00,0.352,6.781
2022-08-27 23:00,0.222,5.723
2022-08-28 00:00,0.366,6.881
2022-08-28 01:00,0.466,7.613
2022-08-28 02:00,0.425,7.314
2022-08-28 03:00,0.428,7.337
2022-08-28 04:00,0.489,7.776
2022-08-28 05:00,0.508,7.914
2022-08-28 06:00,0.514,7.964
2022-08-28 07:00,0.566,8.344
2022-08-28 08:00,0.644,8.952
2022-08-28 09:00,0.623,8.778
2022-08-28 10:00,0.508,7.915
2022-08-28 11:00,0.443,7.439
2022-08-28 12:00,0.382,7.002
2022-08-28 13:00,0.351,6.774
2022-08-28 14:00,0.318,6.524
2022-08-28 15:00,0.333,6.636
2022-08-28 16:00,0.361,6.846
2022-08-28 17:00,0.340,6.685
2022-08-28 18:00,0.300,6.370
2022-08-28 19:00,0.249,5.954
2022-08-28 20:00,0.237,5.860
2022-08-28 21:00,0.210,5.612
2022-08-28 22:00,0.162,5.132
2022-08-28 23:00,0.149,4.993
2022-08-29 00:00,0.123,4.675
2022-08-29 01:00,0.092,4.257
2022-08-29 02:00,0.088,4.204
2022-08-29 03:00,0.092,4.261
2022-08-29 04:00,0.091,4.244
2022-08-29 05:00,0.084,4.124
2022-08-29 06:00,0.060,3.710
2022-08-29 07:00,0.034,3.142
2022-08-29 08:00,0.016,2.555
2022-08-29 09:00,0.007,2.091
2022-08-29 10:00,0.017,2.598
2022-08-29 11:00,0.047,3.450
2022-08-29 12:00,0.064,3.799
2022-08-29 13:00,0.088,4.190
2022-08-29 14:00,0.143,4.925
2022-08-29 15:00,0.222,5.721
2022-08-29 16:00,0.270,6.136
2022-08-29 17:00,0.291,6.309
2022-08-29 18:00,0.299,6.368
2022-08-29 19:00,0.292,6.317
2022-08-29 20:00,0.282,6.229
2022-08-29 21:00,0.264,6.083
2022-08-29 22:00,0.183,5.350
2022-08-29 23:00,0.035,3.161
2022-08-30 00:00,0.003,1.716
2022-08-30 01:00,0.001,1.286
2022-08-30 02:00,0.001,1.212
2022-08-30 03:00,0.001,1.215
2022-08-30 04:00,0.001,1.223
2022-08-30 05:00,0.001,1.299
2022-08-30 06:00,0.001,1.437
2022-08-30 07:00,0.002,1.559
2022-08-30 08:00,0.003,1.720
2022-08-30 09:00,0.006,2.017
2022-08-30 10:00,0.033,3.107
2022-08-30 11:00,0.070,3.898
2022-08-30 12:00,0.079,4.058
2022-08-30 13:00,0.070,3.902
2022-08-30 14:00,0.056,3.640
2022-08-30 15:00,0.043,3.353
2022-08-30 16:00,0.046,3.436
2022-08-30 17:00,0.091,4.240
2022-08-30 18:00,0.196,5.475
2022-08-30 19:00,0.335,6.650
2022-08-30 20:00,0.389,7.056
2022-08-30 21:00,0.321,6.543
2022-08-30 22:00,0.146,4.961
2022-08-30 23:00,0.051,3.531
2022-08-31 00:00,0.045,3.413
2022-08-31 01:00,0.042,3.348
2022-08-31 02:00,0.038,3.232
2022-08-31 03:00,0.050,3.509
2022-08-31 04:00,0.086,4.154
2022-08-31 05:00,0.135,4.830
2022-08-31 06:00,0.214,5.651
2022-08-31 07:00,0.331,6.618
2022-08-31 08:00,0.456,7.539
2022-08-31 09:00,0.417,7.255
2022-08-31 10:00,0.354,6.797
2022-08-31 11:00,0.488,7.766
2022-08-31 12:00,0.731,9.719
2022-08-31 13:00,0.780,10.219
2022-08-31 14:00,0.565,8.331
2022-08-31 15:00,0.479,7.704
2022-08-31 16:00,0.424,7.313
2022-08-31 17:00,0.384,7.018
2022-08-31 18:00,0.373,6.935
2022-08-31 19:00,0.386,7.035
2022-08-31 20:00,0.411,7.213
2022-08-31 21:00,0.408,7.187
2022-08-31 22:00,0.246,5.939
2022-08-31 23:00,0.167,5.185
2022-09-01 00:00,0.162,5.137
2022-09-01 01:00,0.089,4.210
2022-09-01 02:00,0.041,3.305
2022-09-01 03:00,0.021,2.750
2022-09-01 04:00,0.014,2.457
2022-09-01 05:00,0.008,2.180
2022-09-01 06:00,0.004,1.836
2022-09-01 07:00,0.002,1.490
2022-09-01 08:00,0.002,1.534
2022-09-01 09:00,0.049,3.498
2022-09-01 10:00,0.292,6.320
2022-09-01 11:00,0.475,7.679
2022-09-01 12:00,0.538,8.139
2022-09-01 13:00,0.564,8.323
2022-09-01 14:00,0.532,8.088
2022-09-01 15:00,0.493,7.807
2022-09-01 16:00,0.480,7.716
2022-09-01 17:00,0.462,7.576
2022-09-01 18:00,0.450,7.495
2022-09-01 19:00,0.447,7.478
2022-09-01 20:00,0.443,7.449
2022-09-01 21:00,0.421,7.282
2022-09-01 22:00,0.302,6.394
2022-09-01 23:00,0.075,3.991
2022-09-02 00:00,0.019,2.682
2022-09-02 01:00,0.007,2.053
2022-09-02 02:00,0.003,1.714
2022-09-02 03:00,0.001,1.384
2022-09-02 04:00,0,1.092
2022-09-02 05:00,0,0.666
2022-09-02 06:00,0,0.786
2022-09-02 07:00,0.008,2.126
2022-09-02 08:00,0.049,3.479
2022-09-02 09:00,0.275,6.171
2022-09-02 10:00,0.650,8.990
2022-09-02 11:00,0.783,10.252
2022-09-02 12:00,0.780,10.218
2022-09-02 13:00,0.732,9.730
2022-09-02 14:00,0.653,9.025
2022-09-02 15:00,0.608,8.662
2022-09-02 16:00,0.598,8.584
2022-09-02 17:00,0.594,8.556
2022-09-02 18:00,0.583,8.472
2022-09-02 19:00,0.584,8.482
2022-09-02 20:00,0.574,8.396
2022-09-02 21:00,0.528,8.059
2022-09-02 22:00,0.339,6.677
2022-09-02 23:00,0.116,4.598
2022-09-03 00:00,0.152,5.023
2022-09-03 01:00,0.201,5.524
2022-09-03 02:00,0.283,6.233
2022-09-03 03:00,0.389,7.058
2022-09-03 04:00,0.481,7.724
2022-09-03 05:00,0.570,8.374
2022-09-03 06:00,0.672,9.184
2022-09-03 07:00,0.771,10.122
2022-09-03 08:00,0.836,10.908
2022-09-03 09:00,0.813,10.601
2022-09-03 10:00,0.757,9.974
2022-09-03 11:00,0.655,9.038
2022-09-03 12:00,0.587,8.502
2022-09-03 13:00,0.561,8.309
2022-09-03 14:00,0.545,8.187
2022-09-03 15:00,0.554,8.251
2022-09-03 16:00,0.488,7.768
2022-09-03 17:00,0.477,7.689
2022-09-03 18:00,0.513,7.952
2022-09-03 19:00,0.507,7.902
2022-09-03 20:00,0.517,7.980
2022-09-03 21:00,0.514,7.964
2022-09-03 22:00,0.441,7.431
2022-09-03 23:00,0.506,7.897
2022-09-04 00:00,0.534,8.099
2022-09-04 01:00,0.377,6.964
2022-09-04 02:00,0.211,5.621
2022-09-04 03:00,0.120,4.634
2022-09-04 04:00,0.103,4.416
2022-09-04 05:00,0.113,4.557
2022-09-04 06:00,0.122,4.667
2022-09-04 07:00,0.126,4.718
2022-09-04 08:00,0.138,4.861
2022-09-04 09:00,0.191,5.428
2022-09-04 10:00,0.436,7.387
2022-09-04 11:00,0.668,9.147
2022-09-04 12:00,0.757,9.974
2022-09-04 13:00,0.794,10.371
2022-09-04 14:00,0.786,10.287
2022-09-04 15:00,0.768,10.079
2022-09-04 16:00,0.700,9.422
2022-09-04 17:00,0.615,8.723
2022-09-04 18:00,0.582,8.468
2022-09-04 19:00,0.624,8.779
2022-09-04 20:00,0.604,8.634
2022-09-04 21:00,0.485,7.741
2022-09-04 22:00,0.360,6.837
2022-09-04 23:00,0.559,8.289
2022-09-05 00:00,0.536,8.115
2022-09-05 01:00,0.475,7.676
2022-09-05 02:00,0.504,7.890
2022-09-05 03:00,0.539,8.143
2022-09-05 04:00,0.608,8.661
2022-09-05 05:00,0.702,9.439
2022-09-05 06:00,0.769,10.097
2022-09-05 07:00,0.798,10.429
2022-09-05 08:00,0.792,10.347
2022-09-05 09:00,0.630,8.835
2022-09-05 10:00,0.399,7.125
2022-09-05 11:00,0.278,6.201
2022-09-05 12:00,0.208,5.585
2022-09-05 13:00,0.216,5.670
2022-09-05 14:00,0.349,6.750
2022-09-05 15:00,0.549,8.221
2022-09-05 16:00,0.676,9.224
2022-09-05 17:00,0.703,9.453
2022-09-05 18:00,0.695,9.386
2022-09-05 19:00,0.680,9.245
2022-09-05 20:00,0.644,8.952
2022-09-05 21:00,0.654,9.027
2022-09-05 22:00,0.546,8.196
2022-09-05 23:00,0.771,10.121
2022-09-06 00:00,0.813,10.599
2022-09-06 01:00,0.809,10.563
2022-09-06 02:00,0.782,10.239
2022-09-06 03:00,0.755,9.952
2022-09-06 04:00,0.776,10.175
2022-09-06 05:00,0.819,10.681
2022-09-06 06:00,0.852,11.143
2022-09-06 07:00,0.884,11.687
2022-09-06 08:00,0.907,12.146
2022-09-06 09:00,0.867,11.382
2022-09-06 10:00,0.764,10.044
2022-09-06 11:00,0.683,9.277
2022-09-06 12:00,0.513,7.950
2022-09-06 13:00,0.299,6.368
2022-09-06 14:00,0.232,5.808
2022-09-06 15:00,0.268,6.122
2022-09-06 16:00,0.334,6.647
2022-09-06 17:00,0.389,7.057
2022-09-06 18:00,0.416,7.248
2022-09-06 19:00,0.442,7.437
2022-09-06 20:00,0.475,7.672
2022-09-06 21:00,0.519,7.993
2022-09-06 22:00,0.441,7.432
2022-09-06 23:00,0.189,5.406
2022-09-07 00:00,0.222,5.717
2022-09-07 01:00,0.289,6.291
2022-09-07 02:00,0.252,5.989
2022-09-07 03:00,0.220,5.698
2022-09-07 04:00,0.186,5.382
2022-09-07 05:00,0.152,5.024
2022-09-07 06:00,0.117,4.600
2022-09-07 07:00,0.084,4.128
2022-09-07 08:00,0.044,3.385
2022-09-07 09:00,0.008,2.153
2022-09-07 10:00,0.045,3.419
2022-09-07 11:00,0.193,5.444
2022-09-07 12:00,0.394,7.086
2022-09-07 13:00,0.544,8.172
2022-09-07 14:00,0.637,8.894
2022-09-07 15:00,0.700,9.432
2022-09-07 16:00,0.735,9.757
2022-09-07 17:00,0.745,9.857
2022-09-07 18:00,0.738,9.784
2022-09-07 19:00,0.728,9.682
2022-09-07 20:00,0.718,9.594
2022-09-07 21:00,0.704,9.470
2022-09-07 22:00,0.626,8.811
2022-09-07 23:00,0.287,6.279
2022-09-08 00:00,0.090,4.231
2022-09-08 01:00,0.094,4.284
2022-09-08 02:00,0.053,3.571
2022-09-08 03:00,0.018,2.621
2022-09-08 04:00,0.006,2.022
2022-09-08 05:00,0.004,1.792
2022-09-08 06:00,0.003,1.687
2022-09-08 07:00,0.002,1.581
2022-09-08 08:00,0.001,1.327
2022-09-08 09:00,0.001,1.198
2022-09-08 10:00,0.017,2.599
2022-09-08 11:00,0.073,3.954
2022-09-08 12:00,0.127,4.733
2022-09-08 13:00,0.150,5.001
2022-09-08 14:00,0.147,4.969
2022-09-08 15:00,0.116,4.592
2022-09-08 16:00,0.100,4.367
2022-09-08 17:00,0.113,4.556
2022-09-08 18:00,0.154,5.039
2022-09-08 19:00,0.198,5.500
2022-09-08 20:00,0.239,5.878
2022-09-08 21:00,0.246,5.932
2022-09-08 22:00,0.191,5.434
2022-09-08 23:00,0.071,3.926
2022-09-09 00:00,0.030,3.040
2022-09-09 01:00,0.017,2.580
2022-09-09 02:00,0.007,2.093
2022-09-09 03:00,0.006,2.000
2022-09-09 04:00,0.008,2.170
2022-09-09 05:00,0.015,2.498
2022-09-09 06:00,0.029,2.980
2022-09-09 07:00,0.052,3.568
2022-09-09 08:00,0.096,4.316
2022-09-09 09:00,0.232,5.802
2022-09-09 10:00,0.447,7.473
2022-09-09 11:00,0.522,8.012
2022-09-09 12:00,0.458,7.555
2022-09-09 13:00,0.323,6.559
2022-09-09 14:00,0.174,5.264
2022-09-09 15:00,0.092,4.264
2022-09-09 16:00,0.063,3.785
2022-09-09 17:00,0.049,3.488
2022-09-09 18:00,0.035,3.169
2022-09-09 19:00,0.025,2.866
2022-09-09 20:00,0.015,2.513
2022-09-09 21:00,0.007,2.102
2022-09-09 22:00,0.005,1.958
2022-09-09 23:00,0.003,1.654
2022-09-10 00:00,0.003,1.659
2022-09-10 01:00,0.003,1.764
2022-09-10 02:00,0.009,2.197
2022-09-10 03:00,0.026,2.910
2022-09-10 04:00,0.051,3.548
2022-09-10 05:00,0.078,4.043
2022-09-10 06:00,0.102,4.387
2022-09-10 07:00,0.133,4.798
2022-09-10 08:00,0.181,5.334
2022-09-10 09:00,0.284,6.243
2022-09-10 10:00,0.431,7.354
2022-09-10 11:00,0.513,7.955
2022-09-10 12:00,0.500,7.854
2022-09-10 13:00,0.438,7.412
2022-09-10 14:00,0.378,6.974
2022-09-10 15:00,0.334,6.642
2022-09-10 16:00,0.309,6.451
2022-09-10 17:00,0.295,6.333
2022-09-10 18:00,0.287,6.278
2022-09-10 19:00,0.286,6.262
2022-09-10 20:00,0.280,6.208
2022-09-10 21:00,0.252,5.982
2022-09-10 22:00,0.160,5.109
2022-09-10 23:00,0.063,3.769
2022-09-11 00:00,0.031,3.057
2022-09-11 01:00,0.011,2.336
2022-09-11 02:00,0.005,1.970
2022-09-11 03:00,0.007,2.057
2022-09-11 04:00,0.009,2.192
2022-09-11 05:00,0.013,2.436
2022-09-11 06:00,0.016,2.563
2022-09-11 07:00,0.023,2.820
2022-09-11 08:00,0.049,3.497
2022-09-11 09:00,0.207,5.577
2022-09-11 10:00,0.525,8.031
2022-09-11 11:00,0.650,8.994
2022-09-11 12:00,0.638,8.897
2022-09-11 13:00,0.621,8.762
2022-09-11 14:00,0.582,8.467
2022-09-11 15:00,0.559,8.281
2022-09-11 16:00,0.549,8.218
2022-09-11 17:00,0.507,7.910
2022-09-11 18:00,0.474,7.662
2022-09-11 19:00,0.450,7.490
2022-09-11 20:00,0.406,7.175
2022-09-11 21:00,0.354,6.794
2022-09-11 22:00,0.272,6.156
2022-09-11 23:00,0.103,4.420
2022-09-12 00:00,0.035,3.176
2022-09-12 01:00,0.006,2.001
2022-09-12 02:00,0.003,1.681
2022-09-12 03:00,0.008,2.145
2022-09-12 04:00,0.017,2.571
2022-09-12 05:00,0.023,2.823
2022-09-12 06:00,0.025,2.891
2022-09-12 07:00,0.023,2.830
2022-09-12 08:00,0.025,2.865
2022-09-12 09:00,0.062,3.757
2022-09-12 10:00,0.149,4.994
2022-09-12 11:00,0.197,5.485
2022-09-12 12:00,0.145,4.948
2022-09-12 13:00,0.061,3.734
2022-09-12 14:00,0.071,3.922
2022-09-12 15:00,0.124,4.695
2022-09-12 16:00,0.270,6.142
2022-09-12 17:00,0.465,7.603
2022-09-12 18:00,0.578,8.434
2022-09-12 19:00,0.628,8.821
2022-09-12 20:00,0.565,8.331
2022-09-12 21:00,0.474,7.662
2022-09-12 22:00,0.424,7.314
2022-09-12 23:00,0.364,6.864
2022-09-13 00:00,0.300,6.373
2022-09-13 01:00,0.249,5.953
2022-09-13 02:00,0.210,5.615
2022-09-13 03:00,0.173,5.253
2022-09-13 04:00,0.142,4.912
2022-09-13 05:00,0.119,4.621
2022-09-13 06:00,0.106,4.452
2022-09-13 07:00,0.104,4.424
2022-09-13 08:00,0.113,4.551
2022-09-13 09:00,0.150,5.002
2022-09-13 10:00,0.276,6.183
2022-09-13 11:00,0.350,6.761
2022-09-13 12:00,0.309,6.441
2022-09-13 13:00,0.198,5.499
2022-09-13 14:00,0.090,4.222
2022-09-13 15:00,0.028,2.970
2022-09-13 16:00,0.004,1.874
2022-09-13 17:00,0,0.839
2022-09-13 18:00,0.001,1.193
2022-09-13 19:00,0.008,2.145
2022-09-13 20:00,0.023,2.807
2022-09-13 21:00,0.037,3.199
2022-09-13 22:00,0.035,3.160
2022-09-13 23:00,0.007,2.113
2022-09-14 00:00,0.005,1.961
2022-09-14 01:00,0.007,2.046
2022-09-14 02:00,0.008,2.127
2022-09-14 03:00,0.005,1.922
2022-09-14 04:00,0.014,2.471
2022-09-14 05:00,0.037,3.216
2022-09-14 06:00,0.069,3.883
2022-09-14 07:00,0.102,4.392
2022-09-14 08:00,0.140,4.874
2022-09-14 09:00,0.232,5.817
2022-09-14 10:00,0.354,6.796
2022-09-14 11:00,0.382,7.001
2022-09-14 12:00,0.410,7.207
2022-09-14 13:00,0.401,7.136
2022-09-14 14:00,0.368,6.892
2022-09-14 15:00,0.319,6.531
2022-09-14 16:00,0.278,6.194
2022-09-14 17:00,0.248,5.947
2022-09-14 18:00,0.195,5.470
2022-09-14 19:00,0.140,4.889
2022-09-14 20:00,0.101,4.373
2022-09-14 21:00,0.082,4.102
2022-09-14 22:00,0.071,3.920
2022-09-14 23:00,0.028,2.955
2022-09-15 00:00,0.015,2.511
2022-09-15 01:00,0.018,2.634
2022-09-15 02:00,0.018,2.653
2022-09-15 03:00,0.014,2.465
2022-09-15 04:00,0.011,2.313
2022-09-15 05:00,0.017,2.607
2022-09-15 06:00,0.035,3.156
2022-09-15 07:00,0.077,4.015
2022-09-15 08:00,0.170,5.223
2022-09-15 09:00,0.372,6.930
2022-09-15 10:00,0.615,8.717
2022-09-15 11:00,0.618,8.738
2022-09-15 12:00,0.476,7.683
2022-09-15 13:00,0.323,6.559
2022-09-15 14:00,0.213,5.639
2022-09-15 15:00,0.103,4.402
2022-09-15 16:00,0.018,2.650
2022-09-15 17:00,0,1.062
2022-09-15 18:00,0.006,2.016
2022-09-15 19:00,0.056,3.645
2022-09-15 20:00,0.132,4.784
2022-09-15 21:00,0.164,5.158
2022-09-15 22:00,0.149,4.994
2022-09-15 23:00,0.246,5.936
2022-09-16 00:00,0.292,6.319
2022-09-16 01:00,0.327,6.585
2022-09-16 02:00,0.348,6.739
2022-09-16 03:00,0.353,6.790
2022-09-16 04:00,0.349,6.752
2022-09-16 05:00,0.333,6.640
2022-09-16 06:00,0.306,6.426
2022-09-16 07:00,0.289,6.297
2022-09-16 08:00,0.291,6.310
2022-09-16 09:00,0.315,6.493
2022-09-16 10:00,0.431,7.352
2022-09-16 11:00,0.434,7.376
2022-09-16 12:00,0.309,6.445
2022-09-16 13:00,0.162,5.137
2022-09-16 14:00,0.058,3.688
2022-09-16 15:00,0.011,2.309
2022-09-16 16:00,0.003,1.685
2022-09-16 17:00,0.007,2.061
2022-09-16 18:00,0.047,3.446
2022-09-16 19:00,0.134,4.805
2022-09-16 20:00,0.258,6.030
2022-09-16 21:00,0.381,6.995
2022-09-16 22:00,0.410,7.212
2022-09-16 23:00,0.339,6.673
2022-09-17 00:00,0.449,7.487
2022-09-17 01:00,0.416,7.245
2022-09-17 02:00,0.389,7.053
2022-09-17 03:00,0.369,6.906
2022-09-17 04:00,0.360,6.835
2022-09-17 05:00,0.394,7.080
2022-09-17 06:00,0.494,7.813
2022-09-17 07:00,0.624,8.783
2022-09-17 08:00,0.679,9.236
2022-09-17 09:00,0.702,9.439
2022-09-17 10:00,0.769,10.094
2022-09-17 11:00,0.797,10.413
2022-09-17 12:00,0.806,10.528
2022-09-17 13:00,0.804,10.496
2022-09-17 14:00,0.756,9.967
2022-09-17 15:00,0.698,9.408
2022-09-17 16:00,0.650,8.989
2022-09-17 17:00,0.651,9.005
2022-09-17 18:00,0.706,9.483
2022-09-17 19:00,0.708,9.490
2022-09-17 20:00,0.655,9.034
2022-09-17 21:00,0.589,8.520
2022-09-17 22:00,0.497,7.828
2022-09-17 23:00,0.705,9.471
2022-09-18 00:00,0.797,10.411
2022-09-18 01:00,0.791,10.338
2022-09-18 02:00,0.770,10.099
2022-09-18 03:00,0.753,9.929
2022-09-18 04:00,0.745,9.860
2022-09-18 05:00,0.743,9.826
2022-09-18 06:00,0.736,9.770
2022-09-18 07:00,0.750,9.897
2022-09-18 08:00,0.752,9.917
2022-09-18 09:00,0.631,8.844
2022-09-18 10:00,0.614,8.707
2022-09-18 11:00,0.652,9.017
2022-09-18 12:00,0.642,8.933
2022-09-18 13:00,0.641,8.922
2022-09-18 14:00,0.650,8.994
2022-09-18 15:00,0.676,9.221
2022-09-18 16:00,0.663,9.106
2022-09-18 17:00,0.641,8.925
2022-09-18 18:00,0.621,8.765
2022-09-18 19:00,0.599,8.597
2022-09-18 20:00,0.603,8.627
2022-09-18 21:00,0.610,8.670
2022-09-18 22:00,0.615,8.716
2022-09-18 23:00,0.626,8.811
2022-09-19 00:00,0.888,11.748
2022-09-19 01:00,0.908,12.151
2022-09-19 02:00,0.904,12.086
2022-09-19 03:00,0.896,11.899
2022-09-19 04:00,0.880,11.597
2022-09-19 05:00,0.861,11.286
2022-09-19 06:00,0.847,11.062
2022-09-19 07:00,0.830,10.826
2022-09-19 08:00,0.792,10.348
2022-09-19 09:00,0.695,9.388
2022-09-19 10:00,0.653,9.023
2022-09-19 11:00,0.592,8.535
2022-09-19 12:00,0.528,8.054
2022-09-19 13:00,0.471,7.639
2022-09-19 14:00,0.403,7.156
2022-09-19 15:00,0.366,6.884
2022-09-19 16:00,0.339,6.680
2022-09-19 17:00,0.327,6.592
2022-09-19 18:00,0.313,6.476
2022-09-19 19:00,0.271,6.144
2022-09-19 20:00,0.219,5.693
2022-09-19 21:00,0.126,4.725
2022-09-19 22:00,0.074,3.980
2022-09-19 23:00,0.029,3.015
2022-09-20 00:00,0.055,3.623
2022-09-20 01:00,0.123,4.682
2022-09-20 02:00,0.178,5.294
2022-09-20 03:00,0.258,6.028
2022-09-20 04:00,0.344,6.719
2022-09-20 05:00,0.394,7.089
2022-09-20 06:00,0.388,7.048
2022-09-20 07:00,0.352,6.785
2022-09-20 08:00,0.292,6.318
2022-09-20 09:00,0.197,5.487
2022-09-20 10:00,0.150,5.001
2022-09-20 11:00,0.147,4.972
2022-09-20 12:00,0.177,5.282
2022-09-20 13:00,0.241,5.889
2022-09-20 14:00,0.347,6.731
2022-09-20 15:00,0.477,7.694
2022-09-20 16:00,0.599,8.595
2022-09-20 17:00,0.679,9.236
2022-09-20 18:00,0.718,9.598
2022-09-20 19:00,0.736,9.764
2022-09-20 20:00,0.734,9.745
2022-09-20 21:00,0.722,9.631
2022-09-20 22:00,0.665,9.123
2022-09-20 23:00,0.396,7.103
2022-09-21 00:00,0.368,6.891
2022-09-21 01:00,0.669,9.150
2022-09-21 02:00,0.657,9.056
2022-09-21 03:00,0.697,9.396
2022-09-21 04:00,0.738,9.784
2022-09-21 05:00,0.763,10.035
2022-09-21 06:00,0.770,10.116
2022-09-21 07:00,0.768,10.082
2022-09-21 08:00,0.757,9.975
2022-09-21 09:00,0.780,10.216
2022-09-21 10:00,0.837,10.922
2022-09-21 11:00,0.844,11.012
2022-09-21 12:00,0.834,10.874
2022-09-21 13:00,0.821,10.717
2022-09-21 14:00,0.792,10.346
2022-09-21 15:00,0.770,10.099
2022-09-21 16:00,0.738,9.785
2022-09-21 17:00,0.698,9.405
2022-09-21 18:00,0.663,9.106
2022-09-21 19:00,0.639,8.911
2022-09-21 20:00,0.619,8.751
2022-09-21 21:00,0.593,8.545
2022-09-21 22:00,0.538,8.137
2022-09-21 23:00,0.412,7.220
2022-09-22 00:00,0.528,8.061
2022-09-22 01:00,0.539,8.142
2022-09-22 02:00,0.490,7.783
2022-09-22 03:00,0.403,7.149
2022-09-22 04:00,0.356,6.807
2022-09-22 05:00,0.334,6.648
2022-09-22 06:00,0.332,6.633
2022-09-22 07:00,0.416,7.243
2022-09-22 08:00,0.671,9.175
2022-09-22 09:00,0.845,11.043
2022-09-22 10:00,0.874,11.490
2022-09-22 11:00,0.873,11.477
2022-09-22 12:00,0.845,11.033
2022-09-22 13:00,0.762,10.029
2022-09-22 14:00,0.687,9.317
2022-09-22 15:00,0.700,9.427
2022-09-22 16:00,0.761,10.018
2022-09-22 17:00,0.798,10.417
2022-09-22 18:00,0.848,11.085
2022-09-22 19:00,0.921,12.468
2022-09-22 20:00,0.946,13.216
2022-09-22 21:00,0.961,13.813
2022-09-22 22:00,0.965,14.019
2022-09-22 23:00,0.969,14.196
2022-09-23 00:00,0.987,15.975
2022-09-23 01:00,0.980,17.836
2022-09-23 02:00,0.973,18.302
2022-09-23 03:00,0.983,17.511
2022-09-23 04:00,0.987,16.096
2022-09-23 05:00,0.975,14.612
2022-09-23 06:00,0.948,13.282
2022-09-23 07:00,0.907,12.140
2022-09-23 08:00,0.827,10.786
2022-09-23 09:00,0.631,8.845
2022-09-23 10:00,0.510,7.924
2022-09-23 11:00,0.453,7.516
2022-09-23 12:00,0.468,7.626
2022-09-23 13:00,0.540,8.147
2022-09-23 14:00,0.580,8.448
2022-09-23 15:00,0.584,8.481
2022-09-23 16:00,0.589,8.513
2022-09-23 17:00,0.589,8.518
2022-09-23 18:00,0.582,8.463
2022-09-23 19:00,0.589,8.520
2022-09-23 20:00,0.576,8.414
2022-09-23 21:00,0.551,8.233
2022-09-23 22:00,0.519,7.994
2022-09-23 23:00,0.260,6.049
2022-09-24 00:00,0.069,3.882
2022-09-24 01:00,0.056,3.631
2022-09-24 02:00,0.053,3.572
2022-09-24 03:00,0.063,3.768
2022-09-24 04:00,0.082,4.107
2022-09-24 05:00,0.103,4.419
2022-09-24 06:00,0.117,4.608
2022-09-24 07:00,0.123,4.686
2022-09-24 08:00,0.125,4.708
2022-09-24 09:00,0.264,6.084
2022-09-24 10:00,0.565,8.334
2022-09-24 11:00,0.770,10.099
2022-09-24 12:00,0.848,11.076
2022-09-24 13:00,0.853,11.148
2022-09-24 14:00,0.839,10.958
2022-09-24 15:00,0.836,10.897
2022-09-24 16:00,0.827,10.791
2022-09-24 17:00,0.824,10.741
2022-09-24 18:00,0.822,10.725
2022-09-24 19:00,0.818,10.668
2022-09-24 20:00,0.810,10.571
2022-09-24 21:00,0.803,10.480
2022-09-24 22:00,0.767,10.073
2022-09-24 23:00,0.572,8.390
2022-09-25 00:00,0.454,7.522
2022-09-25 01:00,0.606,8.645
2022-09-25 02:00,0.616,8.730
2022-09-25 03:00,0.587,8.499
2022-09-25 04:00,0.577,8.419
2022-09-25 05:00,0.563,8.318
2022-09-25 06:00,0.546,8.193
2022-09-25 07:00,0.528,8.066
2022-09-25 08:00,0.458,7.553
2022-09-25 09:00,0.457,7.547
2022-09-25 10:00,0.488,7.766
2022-09-25 11:00,0.384,7.008
2022-09-25 12:00,0.245,5.928
2022-09-25 13:00,0.150,4.999
2022-09-25 14:00,0.113,4.544
2022-09-25 15:00,0.116,4.592
2022-09-25 16:00,0.143,4.927
2022-09-25 17:00,0.157,5.078
2022-09-25 18:00,0.162,5.134
2022-09-25 19:00,0.156,5.064
2022-09-25 20:00,0.151,5.017
2022-09-25 21:00,0.194,5.448
2022-09-25 22:00,0.275,6.169
2022-09-25 23:00,0.236,5.850
2022-09-26 00:00,0.329,6.599
2022-09-26 01:00,0.537,8.118
2022-09-26 02:00,0.577,8.419
2022-09-26 03:00,0.575,8.405
2022-09-26 04:00,0.565,8.329
2022-09-26 05:00,0.570,8.376
2022-09-26 06:00,0.544,8.172
2022-09-26 07:00,0.465,7.608
2022-09-26 08:00,0.308,6.436
2022-09-26 09:00,0.213,5.641
2022-09-26 10:00,0.205,5.556
2022-09-26 11:00,0.142,4.915
2022-09-26 12:00,0.069,3.881
2022-09-26 13:00,0.023,2.798
2022-09-26 14:00,0.017,2.574
2022-09-26 15:00,0.041,3.308
2022-09-26 16:00,0.060,3.718
2022-09-26 17:00,0.072,3.938
2022-09-26 18:00,0.090,4.223
2022-09-26 19:00,0.112,4.530
2022-09-26 20:00,0.126,4.724
2022-09-26 21:00,0.141,4.901
2022-09-26 22:00,0.166,5.176
2022-09-26 23:00,0.133,4.792
2022-09-27 00:00,0.066,3.832
2022-09-27 01:00,0.146,4.951
2022-09-27 02:00,0.196,5.481
2022-09-27 03:00,0.227,5.767
2022-09-27 04:00,0.251,5.971
2022-09-27 05:00,0.282,6.230
2022-09-27 06:00,0.339,6.672
2022-09-27 07:00,0.427,7.327
2022-09-27 08:00,0.561,8.310
2022-09-27 09:00,0.756,9.959
2022-09-27 10:00,0.866,11.358
2022-09-27 11:00,0.873,11.482
2022-09-27 12:00,0.860,11.265
2022-09-27 13:00,0.845,11.043
2022-09-27 14:00,0.840,10.967
2022-09-27 15:00,0.837,10.926
2022-09-27 16:00,0.831,10.834
2022-09-27 17:00,0.818,10.673
2022-09-27 18:00,0.801,10.458
2022-09-27 19:00,0.780,10.226
2022-09-27 20:00,0.755,9.953
2022-09-27 21:00,0.727,9.682
2022-09-27 22:00,0.680,9.254
2022-09-27 23:00,0.421,7.279
2022-09-28 00:00,0.182,5.336
2022-09-28 01:00,0.222,5.716
2022-09-28 02:00,0.104,4.433
2022-09-28 03:00,0.038,3.225
2022-09-28 04:00,0.038,3.252
2022-09-28 05:00,0.058,3.681
2022-09-28 06:00,0.080,4.071
2022-09-28 07:00,0.099,4.357
2022-09-28 08:00,0.107,4.469
2022-09-28 09:00,0.128,4.738
2022-09-28 10:00,0.151,5.018
2022-09-28 11:00,0.262,6.067
2022-09-28 12:00,0.363,6.854
2022-09-28 13:00,0.420,7.275
2022-09-28 14:00,0.503,7.879
2022-09-28 15:00,0.566,8.344
2022-09-28 16:00,0.568,8.356
2022-09-28 17:00,0.559,8.283
2022-09-28 18:00,0.538,8.138
2022-09-28 19:00,0.541,8.151
2022-09-28 20:00,0.586,8.486
2022-09-28 21:00,0.624,8.784
2022-09-28 22:00,0.599,8.593
2022-09-28 23:00,0.425,7.320
2022-09-29 00:00,0.327,6.591
2022-09-29 01:00,0.431,7.350
2022-09-29 02:00,0.355,6.805
2022-09-29 03:00,0.220,5.699
2022-09-29 04:00,0.150,4.996
2022-09-29 05:00,0.132,4.784
2022-09-29 06:00,0.127,4.730
2022-09-29 07:00,0.110,4.508
2022-09-29 08:00,0.106,4.460
2022-09-29 09:00,0.211,5.621
2022-09-29 10:00,0.314,6.481
2022-09-29 11:00,0.453,7.520
2022-09-29 12:00,0.684,9.288
2022-09-29 13:00,0.817,10.661
2022-09-29 14:00,0.854,11.181
2022-09-29 15:00,0.869,11.400
2022-09-29 16:00,0.877,11.548
2022-09-29 17:00,0.876,11.533
2022-09-29 18:00,0.872,11.472
2022-09-29 19:00,0.858,11.231
2022-09-29 20:00,0.805,10.513
2022-09-29 21:00,0.785,10.274
2022-09-29 22:00,0.771,10.119
2022-09-29 23:00,0.680,9.251
2022-09-30 00:00,0.824,10.744
2022-09-30 01:00,0.940,13.003
2022-09-30 02:00,0.963,13.913
2022-09-30 03:00,0.968,14.171
2022-09-30 04:00,0.963,13.911
2022-09-30 05:00,0.944,13.151
2022-09-30 06:00,0.903,12.061
2022-09-30 07:00,0.823,10.732
2022-09-30 08:00,0.657,9.055
2022-09-30 09:00,0.521,8.007
2022-09-30 10:00,0.416,7.248
2022-09-30 11:00,0.316,6.503
2022-09-30 12:00,0.272,6.156
2022-09-30 13:00,0.308,6.437
2022-09-30 14:00,0.365,6.876
2022-09-30 15:00,0.327,6.588
2022-09-30 16:00,0.236,5.849
2022-09-30 17:00,0.169,5.207
2022-09-30 18:00,0.165,5.163
2022-09-30 19:00,0.175,5.271
2022-09-30 20:00,0.156,5.063
2022-09-30 21:00,0.120,4.637
2022-09-30 22:00,0.089,4.219
2022-09-30 23:00,0.063,3.785
2022-10-01 00:00,0.034,3.131
2022-10-01 01:00,0.017,2.575
2022-10-01 02:00,0.016,2.538
2022-10-01 03:00,0.050,3.521
2022-10-01 04:00,0.161,5.124
2022-10-01 05:00,0.368,6.891
2022-10-01 06:00,0.510,7.930
2022-10-01 07:00,0.578,8.432
2022-10-01 08:00,0.612,8.687
2022-10-01 09:00,0.599,8.598
2022-10-01 10:00,0.633,8.860
2022-10-01 11:00,0.588,8.505
2022-10-01 12:00,0.541,8.148
2022-10-01 13:00,0.522,8.012
2022-10-01 14:00,0.510,7.934
2022-10-01 15:00,0.529,8.071
2022-10-01 16:00,0.541,8.156
2022-10-01 17:00,0.513,7.956
2022-10-01 18:00,0.463,7.580
2022-10-01 19:00,0.398,7.116
2022-10-01 20:00,0.375,6.943
2022-10-01 21:00,0.320,6.540
2022-10-01 22:00,0.242,5.898
2022-10-01 23:00,0.140,4.892
2022-10-02 00:00,0.088,4.189
2022-10-02 01:00,0.052,3.570
2022-10-02 02:00,0.040,3.287
2022-10-02 03:00,0.042,3.332
2022-10-02 04:00,0.050,3.511
2022-10-02 05:00,0.050,3.500
2022-10-02 06:00,0.056,3.640
2022-10-02 07:00,0.086,4.161
2022-10-02 08:00,0.169,5.206
2022-10-02 09:00,0.313,6.475
2022-10-02 10:00,0.443,7.449
2022-10-02 11:00,0.421,7.279
2022-10-02 12:00,0.381,6.989
2022-10-02 13:00,0.270,6.141
2022-10-02 14:00,0.151,5.014
2022-10-02 15:00,0.048,3.462
2022-10-02 16:00,0.113,4.555
2022-10-02 17:00,0.522,8.020
2022-10-02 18:00,0.923,12.523
2022-10-02 19:00,0.957,13.646
2022-10-02 20:00,0.942,13.093
2022-10-02 21:00,0.942,13.073
2022-10-02 22:00,0.940,13.017
2022-10-02 23:00,0.947,13.240
2022-10-03 00:00,0.952,13.427
2022-10-03 01:00,0.957,13.639
2022-10-03 02:00,0.967,14.134
2022-10-03 03:00,0.976,14.680
2022-10-03 04:00,0.982,15.186
2022-10-03 05:00,0.985,15.640
2022-10-03 06:00,0.986,15.789
2022-10-03 07:00,0.984,15.422
2022-10-03 08:00,0.975,14.618
2022-10-03 09:00,0.950,13.347
2022-10-03 10:00,0.925,12.576
2022-10-03 11:00,0.930,12.725
2022-10-03 12:00,0.930,12.729
2022-10-03 13:00,0.903,12.051
2022-10-03 14:00,0.877,11.552
2022-10-03 15:00,0.860,11.267
2022-10-03 16:00,0.850,11.109
2022-10-03 17:00,0.819,10.679
2022-10-03 18:00,0.794,10.380
2022-10-03 19:00,0.738,9.790
2022-10-03 20:00,0.712,9.538
2022-10-03 21:00,0.677,9.231
2022-10-03 22:00,0.650,9.002
2022-10-03 23:00,0.708,9.500
2022-10-04 00:00,0.900,11.991
2022-10-04 01:00,0.900,12.001
2022-10-04 02:00,0.882,11.635
2022-10-04 03:00,0.856,11.205
2022-10-04 04:00,0.839,10.961
2022-10-04 05:00,0.824,10.740
2022-10-04 06:00,0.806,10.528
2022-10-04 07:00,0.786,10.293
2022-10-04 08:00,0.750,9.898
2022-10-04 09:00,0.582,8.466
2022-10-04 10:00,0.406,7.181
2022-10-04 11:00,0.271,6.147
2022-10-04 12:00,0.143,4.922
2022-10-04 13:00,0.056,3.640
2022-10-04 14:00,0.019,2.657
2022-10-04 15:00,0.021,2.754
2022-10-04 16:00,0.050,3.499
2022-10-04 17:00,0.105,4.441
2022-10-04 18:00,0.163,5.148
2022-10-04 19:00,0.200,5.521
2022-10-04 20:00,0.205,5.559
2022-10-04 21:00,0.242,5.903
2022-10-04 22:00,0.286,6.258
2022-10-04 23:00,0.202,5.527
2022-10-05 00:00,0.120,4.636
2022-10-05 01:00,0.205,5.558
2022-10-05 02:00,0.209,5.599
2022-10-05 03:00,0.230,5.788
2022-10-05 04:00,0.262,6.068
2022-10-05 05:00,0.267,6.116
2022-10-05 06:00,0.269,6.129
2022-10-05 07:00,0.272,6.150
2022-10-05 08:00,0.253,5.991
2022-10-05 09:00,0.185,5.374
2022-10-05 10:00,0.121,4.641
2022-10-05 11:00,0.084,4.120
2022-10-05 12:00,0.094,4.276
2022-10-05 13:00,0.132,4.781
2022-10-05 14:00,0.160,5.115
2022-10-05 15:00,0.155,5.043
2022-10-05 16:00,0.136,4.845
2022-10-05 17:00,0.107,4.477
2022-10-05 18:00,0.069,3.874
2022-10-05 19:00,0.043,3.361
2022-10-05 20:00,0.031,3.062
2022-10-05 21:00,0.017,2.588
2022-10-05 22:00,0.007,2.067
2022-10-05 23:00,0.001,1.397
2022-10-06 00:00,0,1.049
2022-10-06 01:00,0.014,2.456
2022-10-06 02:00,0.032,3.098
2022-10-06 03:00,0.047,3.448
2022-10-06 04:00,0.057,3.668
2022-10-06 05:00,0.061,3.723
2022-10-06 06:00,0.058,3.675
2022-10-06 07:00,0.061,3.735
2022-10-06 08:00,0.071,3.919
2022-10-06 09:00,0.127,4.737
2022-10-06 10:00,0.210,5.613
2022-10-06 11:00,0.159,5.105
2022-10-06 12:00,0.072,3.940
2022-10-06 13:00,0.025,2.891
2022-10-06 14:00,0.013,2.423
2022-10-06 15:00,0.009,2.185
2022-10-06 16:00,0.048,3.463
2022-10-06 17:00,0.132,4.782
2022-10-06 18:00,0.239,5.876
2022-10-06 19:00,0.332,6.620
2022-10-06 20:00,0.385,7.028
2022-10-06 21:00,0.409,7.197
2022-10-06 22:00,0.409,7.194
2022-10-06 23:00,0.275,6.178
2022-10-07 00:00,0.082,4.101
2022-10-07 01:00,0.184,5.366
2022-10-07 02:00,0.258,6.031
2022-10-07 03:00,0.309,6.444
2022-10-07 04:00,0.315,6.487
2022-10-07 05:00,0.284,6.252
2022-10-07 06:00,0.227,5.766
2022-10-07 07:00,0.156,5.061
2022-10-07 08:00,0.090,4.229
2022-10-07 09:00,0.143,4.926
2022-10-07 10:00,0.293,6.321
2022-10-07 11:00,0.355,6.803
2022-10-07 12:00,0.360,6.838
2022-10-07 13:00,0.437,7.393
2022-10-07 14:00,0.506,7.898
2022-10-07 15:00,0.528,8.055
2022-10-07 16:00,0.507,7.900
2022-10-07 17:00,0.465,7.601
2022-10-07 18:00,0.465,7.597
2022-10-07 19:00,0.503,7.883
2022-10-07 20:00,0.534,8.100
2022-10-07 21:00,0.555,8.254
2022-10-07 22:00,0.565,8.334
2022-10-07 23:00,0.565,8.330
2022-10-08 00:00,0.746,9.862
2022-10-08 01:00,0.897,11.919
2022-10-08 02:00,0.947,13.237
2022-10-08 03:00,0.951,13.376
2022-10-08 04:00,0.926,12.597
2022-10-08 05:00,0.874,11.502
2022-10-08 06:00,0.810,10.566
2022-10-08 07:00,0.753,9.930
2022-10-08 08:00,0.662,9.100
2022-10-08 09:00,0.473,7.652
2022-10-08 10:00,0.258,6.034
2022-10-08 11:00,0.172,5.236
2022-10-08 12:00,0.269,6.126
2022-10-08 13:00,0.351,6.774
2022-10-08 14:00,0.510,7.929
2022-10-08 15:00,0.519,7.988
2022-10-08 16:00,0.406,7.181
2022-10-08 17:00,0.394,7.092
2022-10-08 18:00,0.473,7.654
2022-10-08 19:00,0.577,8.423
2022-10-08 20:00,0.655,9.036
2022-10-08 21:00,0.675,9.212
2022-10-08 22:00,0.718,9.594
2022-10-08 23:00,0.832,10.857
2022-10-09 00:00,0.901,12.013
2022-10-09 01:00,0.919,12.423
2022-10-09 02:00,0.935,12.870
2022-10-09 03:00,0.966,14.039
2022-10-09 04:00,0.985,15.515
2022-10-09 05:00,0.987,16.070
2022-10-09 06:00,0.982,15.155
2022-10-09 07:00,0.945,13.191
2022-10-09 08:00,0.850,11.100
2022-10-09 09:00,0.718,9.584
2022-10-09 10:00,0.726,9.664
2022-10-09 11:00,0.824,10.743
2022-10-09 12:00,0.916,12.331
2022-10-09 13:00,0.929,12.674
2022-10-09 14:00,0.938,12.956
2022-10-09 15:00,0.956,13.592
2022-10-09 16:00,0.940,13.026
2022-10-09 17:00,0.928,12.658
2022-10-09 18:00,0.951,13.398
2022-10-09 19:00,0.959,13.712
2022-10-09 20:00,0.968,14.177
2022-10-09 21:00,0.972,14.402
2022-10-09 22:00,0.983,15.316
2022-10-09 23:00,0.986,15.678
2022-10-10 00:00,0.988,16.684
2022-10-10 01:00,0.983,17.595
2022-10-10 02:00,0.987,16.994
2022-10-10 03:00,0.986,15.800
2022-10-10 04:00,0.973,14.481
2022-10-10 05:00,0.947,13.255
2022-10-10 06:00,0.909,12.178
2022-10-10 07:00,0.862,11.299
2022-10-10 08:00,0.766,10.072
2022-10-10 09:00,0.688,9.322
2022-10-10 10:00,0.715,9.563
2022-10-10 11:00,0.707,9.486
2022-10-10 12:00,0.674,9.193
2022-10-10 13:00,0.630,8.836
2022-10-10 14:00,0.541,8.154
2022-10-10 15:00,0.511,7.939
2022-10-10 16:00,0.514,7.958
2022-10-10 17:00,0.519,7.987
2022-10-10 18:00,0.522,8.018
2022-10-10 19:00,0.528,8.051
2022-10-10 20:00,0.520,8.002
2022-10-10 21:00,0.532,8.086
2022-10-10 22:00,0.556,8.270
2022-10-10 23:00,0.426,7.321
2022-10-11 00:00,0.142,4.912
2022-10-11 01:00,0.119,4.618
2022-10-11 02:00,0.093,4.267
2022-10-11 03:00,0.060,3.719
2022-10-11 04:00,0.038,3.237
2022-10-11 05:00,0.021,2.742
2022-10-11 06:00,0.011,2.298
2022-10-11 07:00,0.004,1.863
2022-10-11 08:00,0.005,1.907
2022-10-11 09:00,0.060,3.711
2022-10-11 10:00,0.220,5.699
2022-10-11 11:00,0.423,7.306
2022-10-11 12:00,0.549,8.218
2022-10-11 13:00,0.615,8.712
2022-10-11 14:00,0.694,9.376
2022-10-11 15:00,0.759,10.002
2022-10-11 16:00,0.782,10.246
2022-10-11 17:00,0.772,10.137
2022-10-11 18:00,0.757,9.978
2022-10-11 19:00,0.741,9.817
2022-10-11 20:00,0.727,9.670
2022-10-11 21:00,0.725,9.648
2022-10-11 22:00,0.725,9.649
2022-10-11 23:00,0.588,8.506
2022-10-12 00:00,0.297,6.355
2022-10-12 01:00,0.269,6.132
2022-10-12 02:00,0.485,7.749
2022-10-12 03:00,0.575,8.409
2022-10-12 04:00,0.657,9.049
2022-10-12 05:00,0.744,9.835
2022-10-12 06:00,0.776,10.178
2022-10-12 07:00,0.766,10.069
2022-10-12 08:00,0.755,9.953
2022-10-12 09:00,0.790,10.328
2022-10-12 10:00,0.812,10.583
2022-10-12 11:00,0.819,10.684
2022-10-12 12:00,0.820,10.698
2022-10-12 13:00,0.815,10.619
2022-10-12 14:00,0.788,10.313
2022-10-12 15:00,0.757,9.975
2022-10-12 16:00,0.754,9.948
2022-10-12 17:00,0.724,9.645
2022-10-12 18:00,0.672,9.183
2022-10-12 19:00,0.639,8.910
2022-10-12 20:00,0.594,8.547
2022-10-12 21:00,0.568,8.350
2022-10-12 22:00,0.545,8.189
2022-10-12 23:00,0.411,7.217
2022-10-13 00:00,0.169,5.206
2022-10-13 01:00,0.279,6.207
2022-10-13 02:00,0.360,6.842
2022-10-13 03:00,0.237,5.859
2022-10-13 04:00,0.128,4.744
2022-10-13 05:00,0.061,3.728
2022-10-13 06:00,0.023,2.796
2022-10-13 07:00,0.004,1.865
2022-10-13 08:00,0.029,3.002
2022-10-13 09:00,0.119,4.622
2022-10-13 10:00,0.195,5.459
2022-10-13 11:00,0.180,5.313
2022-10-13 12:00,0.129,4.760
2022-10-13 13:00,0.076,4.003
2022-10-13 14:00,0.051,3.548
2022-10-13 15:00,0.034,3.130
2022-10-13 16:00,0.026,2.904
2022-10-13 17:00,0.032,3.092
2022-10-13 18:00,0.031,3.047
2022-10-13 19:00,0.031,3.055
2022-10-13 20:00,0.039,3.257
2022-10-13 21:00,0.039,3.279
2022-10-13 22:00,0.039,3.277
2022-10-13 23:00,0.050,3.502
2022-10-14 00:00,0.048,3.460
2022-10-14 01:00,0.079,4.051
2022-10-14 02:00,0.151,5.010
2022-10-14 03:00,0.162,5.130
2022-10-14 04:00,0.180,5.311
2022-10-14 05:00,0.222,5.718
2022-10-14 06:00,0.284,6.244
2022-10-14 07:00,0.315,6.485
2022-10-14 08:00,0.286,6.261
2022-10-14 09:00,0.325,6.571
2022-10-14 10:00,0.396,7.107
2022-10-14 11:00,0.451,7.503
2022-10-14 12:00,0.456,7.533
2022-10-14 13:00,0.456,7.543
2022-10-14 14:00,0.485,7.740
2022-10-14 15:00,0.537,8.132
2022-10-14 16:00,0.604,8.636
2022-10-14 17:00,0.636,8.888
2022-10-14 18:00,0.623,8.776
2022-10-14 19:00,0.598,8.590
2022-10-14 20:00,0.541,8.152
2022-10-14 21:00,0.500,7.855
2022-10-14 22:00,0.443,7.450
2022-10-14 23:00,0.304,6.409
2022-10-15 00:00,0.155,5.046
2022-10-15 01:00,0.103,4.422
2022-10-15 02:00,0.066,3.837
2022-10-15 03:00,0.041,3.315
2022-10-15 04:00,0.006,2.029
2022-10-15 05:00,0.004,1.832
2022-10-15 06:00,0.026,2.919
2022-10-15 07:00,0.078,4.034
2022-10-15 08:00,0.300,6.373
2022-10-15 09:00,0.571,8.380
2022-10-15 10:00,0.610,8.670
2022-10-15 11:00,0.646,8.970
2022-10-15 12:00,0.754,9.938
2022-10-15 13:00,0.756,9.960
2022-10-15 14:00,0.708,9.490
2022-10-15 15:00,0.622,8.772
2022-10-15 16:00,0.565,8.335
2022-10-15 17:00,0.511,7.942
2022-10-15 18:00,0.458,7.557
2022-10-15 19:00,0.434,7.371
2022-10-15 20:00,0.423,7.305
2022-10-15 21:00,0.445,7.464
2022-10-15 22:00,0.553,8.239
2022-10-15 23:00,0.485,7.747
2022-10-16 00:00,0.753,9.920
2022-10-16 01:00,0.866,11.350
2022-10-16 02:00,0.863,11.312
2022-10-16 03:00,0.869,11.405
2022-10-16 04:00,0.879,11.592
2022-10-16 05:00,0.898,11.961
2022-10-16 06:00,0.917,12.381
2022-10-16 07:00,0.928,12.660
2022-10-16 08:00,0.910,12.220
2022-10-16 09:00,0.859,11.248
2022-10-16 10:00,0.842,10.991
2022-10-16 11:00,0.836,10.912
2022-10-16 12:00,0.818,10.678
2022-10-16 13:00,0.797,10.401
2022-10-16 14:00,0.759,9.995
2022-10-16 15:00,0.731,9.722
2022-10-16 16:00,0.751,9.907
2022-10-16 17:00,0.766,10.068
2022-10-16 18:00,0.779,10.207
2022-10-16 19:00,0.800,10.442
2022-10-16 20:00,0.818,10.669
2022-10-16 21:00,0.826,10.773
2022-10-16 22:00,0.817,10.659
2022-10-16 23:00,0.710,9.518
2022-10-17 00:00,0.877,11.550
2022-10-17 01:00,0.959,13.704
2022-10-17 02:00,0.946,13.228
2022-10-17 03:00,0.927,12.639
2022-10-17 04:00,0.911,12.239
2022-10-17 05:00,0.903,12.052
2022-10-17 06:00,0.889,11.775
2022-10-17 07:00,0.860,11.269
2022-10-17 08:00,0.748,9.883
2022-10-17 09:00,0.597,8.572
2022-10-17 10:00,0.545,8.191
2022-10-17 11:00,0.494,7.816
2022-10-17 12:00,0.423,7.301
2022-10-17 13:00,0.345,6.725
2022-10-17 14:00,0.309,6.443
2022-10-17 15:00,0.292,6.318
2022-10-17 16:00,0.305,6.415
2022-10-17 17:00,0.345,6.726
2022-10-17 18:00,0.394,7.082
2022-10-17 19:00,0.431,7.350
2022-10-17 20:00,0.443,7.442
2022-10-17 21:00,0.450,7.496
2022-10-17 22:00,0.447,7.477
2022-10-17 23:00,0.332,6.632
2022-10-18 00:00,0.135,4.831
2022-10-18 01:00,0.189,5.412
2022-10-18 02:00,0.185,5.369
2022-10-18 03:00,0.170,5.219
2022-10-18 04:00,0.167,5.187
2022-10-18 05:00,0.175,5.268
2022-10-18 06:00,0.180,5.314
2022-10-18 07:00,0.159,5.105
2022-10-18 08:00,0.079,4.061
2022-10-18 09:00,0.029,3.003
2022-10-18 10:00,0.016,2.555
2022-10-18 11:00,0.030,3.031
2022-10-18 12:00,0.072,3.938
2022-10-18 13:00,0.144,4.938
2022-10-18 14:00,0.240,5.880
2022-10-18 15:00,0.344,6.711
2022-10-18 16:00,0.443,7.451
2022-10-18 17:00,0.522,8.011
2022-10-18 18:00,0.571,8.385
2022-10-18 19:00,0.580,8.449
2022-10-18 20:00,0.561,8.310
2022-10-18 21:00,0.572,8.388
2022-10-18 22:00,0.601,8.614
2022-10-18 23:00,0.577,8.426
2022-10-19 00:00,0.288,6.281
2022-10-19 01:00,0.144,4.929
2022-10-19 02:00,0.468,7.622
2022-10-19 03:00,0.592,8.534
2022-10-19 04:00,0.594,8.558
2022-10-19 05:00,0.601,8.609
2022-10-19 06:00,0.594,8.560
2022-10-19 07:00,0.532,8.081
2022-10-19 08:00,0.576,8.415
2022-10-19 09:00,0.729,9.687
2022-10-19 10:00,0.827,10.796
2022-10-19 11:00,0.869,11.402
2022-10-19 12:00,0.874,11.493
2022-10-19 13:00,0.885,11.706
2022-10-19 14:00,0.893,11.856
2022-10-19 15:00,0.890,11.800
2022-10-19 16:00,0.881,11.626
2022-10-19 17:00,0.872,11.470
2022-10-19 18:00,0.860,11.272
2022-10-19 19:00,0.837,10.926
2022-10-19 20:00,0.802,10.469
2022-10-19 21:00,0.785,10.272
2022-10-19 22:00,0.774,10.153
2022-10-19 23:00,0.676,9.221
2022-10-20 00:00,0.460,7.570
2022-10-20 01:00,0.492,7.805
2022-10-20 02:00,0.749,9.894
2022-10-20 03:00,0.824,10.739
2022-10-20 04:00,0.853,11.154
2022-10-20 05:00,0.873,11.481
2022-10-20 06:00,0.870,11.431
2022-10-20 07:00,0.852,11.139
2022-10-20 08:00,0.811,10.574
2022-10-20 09:00,0.819,10.690
2022-10-20 10:00,0.857,11.220
2022-10-20 11:00,0.880,11.609
2022-10-20 12:00,0.904,12.086
2022-10-20 13:00,0.876,11.528
2022-10-20 14:00,0.848,11.083
2022-10-20 15:00,0.848,11.090
2022-10-20 16:00,0.879,11.575
2022-10-20 17:00,0.898,11.938
2022-10-20 18:00,0.895,11.884
2022-10-20 19:00,0.869,11.410
2022-10-20 20:00,0.794,10.386
2022-10-20 21:00,0.728,9.683
2022-10-20 22:00,0.683,9.276
2022-10-20 23:00,0.561,8.301
2022-10-21 00:00,0.473,7.656
2022-10-21 01:00,0.590,8.523
2022-10-21 02:00,0.485,7.742
2022-10-21 03:00,0.398,7.116
2022-10-21 04:00,0.324,6.569
2022-10-21 05:00,0.243,5.905
2022-10-21 06:00,0.167,5.186
2022-10-21 07:00,0.125,4.703
2022-10-21 08:00,0.182,5.346
2022-10-21 09:00,0.372,6.923
2022-10-21 10:00,0.471,7.638
2022-10-21 11:00,0.425,7.320
2022-10-21 12:00,0.278,6.192
2022-10-21 13:00,0.167,5.182
2022-10-21 14:00,0.130,4.771
2022-10-21 15:00,0.095,4.301
2022-10-21 16:00,0.067,3.857
2022-10-21 17:00,0.079,4.052
2022-10-21 18:00,0.076,4.007
2022-10-21 19:00,0.113,4.543
2022-10-21 20:00,0.198,5.500
2022-10-21 21:00,0.284,6.241
2022-10-21 22:00,0.287,6.278
2022-10-21 23:00,0.264,6.089
2022-10-22 00:00,0.396,7.104
2022-10-22 01:00,0.494,7.819
2022-10-22 02:00,0.463,7.592
2022-10-22 03:00,0.400,7.133
2022-10-22 04:00,0.365,6.880
2022-10-22 05:00,0.350,6.761
2022-10-22 06:00,0.333,6.634
2022-10-22 07:00,0.305,6.415
2022-10-22 08:00,0.228,5.773
2022-10-22 09:00,0.169,5.198
2022-10-22 10:00,0.095,4.289
2022-10-22 11:00,0.066,3.839
2022-10-22 12:00,0.140,4.890
2022-10-22 13:00,0.366,6.884
2022-10-22 14:00,0.589,8.513
2022-10-22 15:00,0.670,9.163
2022-10-22 16:00,0.688,9.323
2022-10-22 17:00,0.692,9.357
2022-10-22 18:00,0.692,9.359
2022-10-22 19:00,0.694,9.379
2022-10-22 20:00,0.689,9.328
2022-10-22 21:00,0.681,9.257
2022-10-22 22:00,0.657,9.052
2022-10-22 23:00,0.510,7.926
2022-10-23 00:00,0.313,6.477
2022-10-23 01:00,0.400,7.133
2022-10-23 02:00,0.476,7.683
2022-10-23 03:00,0.547,8.205
2022-10-23 04:00,0.576,8.416
2022-10-23 05:00,0.594,8.556
2022-10-23 06:00,0.589,8.511
2022-10-23 07:00,0.552,8.236
2022-10-23 08:00,0.414,7.235
2022-10-23 09:00,0.316,6.508
2022-10-23 10:00,0.261,6.058
2022-10-23 11:00,0.183,5.355
2022-10-23 12:00,0.111,4.521
2022-10-23 13:00,0.051,3.549
2022-10-23 14:00,0.009,2.196
2022-10-23 15:00,0.002,1.601
2022-10-23 16:00,0.025,2.887
2022-10-23 17:00,0.075,3.995
2022-10-23 18:00,0.133,4.791
2022-10-23 19:00,0.125,4.707
2022-10-23 20:00,0.147,4.972
2022-10-23 21:00,0.191,5.433
2022-10-23 22:00,0.195,5.470
2022-10-23 23:00,0.149,4.985
2022-10-24 00:00,0.049,3.494
2022-10-24 01:00,0.030,3.028
2022-10-24 02:00,0.053,3.587
2022-10-24 03:00,0.056,3.645
2022-10-24 04:00,0.059,3.698
2022-10-24 05:00,0.067,3.842
2022-10-24 06:00,0.072,3.940
2022-10-24 07:00,0.077,4.014
2022-10-24 08:00,0.210,5.611
2022-10-24 09:00,0.485,7.747
2022-10-24 10:00,0.658,9.066
2022-10-24 11:00,0.734,9.741
2022-10-24 12:00,0.794,10.382
2022-10-24 13:00,0.833,10.866
2022-10-24 14:00,0.820,10.696
2022-10-24 15:00,0.800,10.442
2022-10-24 16:00,0.787,10.299
2022-10-24 17:00,0.786,10.290
2022-10-24 18:00,0.802,10.471
2022-10-24 19:00,0.812,10.591
2022-10-24 20:00,0.817,10.663
2022-10-24 21:00,0.812,10.596
2022-10-24 22:00,0.803,10.483
2022-10-24 23:00,0.757,9.976
2022-10-25 00:00,0.615,8.708
2022-10-25 01:00,0.730,9.702
2022-10-25 02:00,0.884,11.665
2022-10-25 03:00,0.903,12.068
2022-10-25 04:00,0.908,12.161
2022-10-25 05:00,0.904,12.086
2022-10-25 06:00,0.878,11.564
2022-10-25 07:00,0.826,10.765
2022-10-25 08:00,0.804,10.490
2022-10-25 09:00,0.827,10.792
2022-10-25 10:00,0.840,10.969
2022-10-25 11:00,0.842,10.997
2022-10-25 12:00,0.843,11.004
2022-10-25 13:00,0.840,10.975
2022-10-25 14:00,0.826,10.762
2022-10-25 15:00,0.790,10.328
2022-10-25 16:00,0.698,9.408
2022-10-25 17:00,0.545,8.187
2022-10-25 18:00,0.390,7.065
2022-10-25 19:00,0.272,6.151
2022-10-25 20:00,0.242,5.900
2022-10-25 21:00,0.355,6.803
2022-10-25 22:00,0.448,7.483
2022-10-25 23:00,0.511,7.939
2022-10-26 00:00,0.647,8.975
2022-10-26 01:00,0.812,10.593
2022-10-26 02:00,0.840,10.965
2022-10-26 03:00,0.820,10.692
2022-10-26 04:00,0.809,10.556
2022-10-26 05:00,0.794,10.381
2022-10-26 06:00,0.797,10.400
2022-10-26 07:00,0.802,10.471
2022-10-26 08:00,0.768,10.090
2022-10-26 09:00,0.718,9.588
2022-10-26 10:00,0.727,9.677
2022-10-26 11:00,0.757,9.974
2022-10-26 12:00,0.735,9.752
2022-10-26 13:00,0.674,9.202
2022-10-26 14:00,0.652,9.017
2022-10-26 15:00,0.629,8.827
2022-10-26 16:00,0.601,8.614
2022-10-26 17:00,0.587,8.496
2022-10-26 18:00,0.577,8.424
2022-10-26 19:00,0.568,8.354
2022-10-26 20:00,0.553,8.249
2022-10-26 21:00,0.527,8.047
2022-10-26 22:00,0.496,7.827
2022-10-26 23:00,0.365,6.876
2022-10-27 00:00,0.146,4.951
2022-10-27 01:00,0.097,4.331
2022-10-27 02:00,0.053,3.579
2022-10-27 03:00,0.034,3.124
2022-10-27 04:00,0.021,2.735
2022-10-27 05:00,0.012,2.360
2022-10-27 06:00,0.009,2.219
2022-10-27 07:00,0.013,2.401
2022-10-27 08:00,0.034,3.134
2022-10-27 09:00,0.113,4.553
2022-10-27 10:00,0.184,5.356
2022-10-27 11:00,0.199,5.508
2022-10-27 12:00,0.174,5.262
2022-10-27 13:00,0.132,4.786
2022-10-27 14:00,0.097,4.333
2022-10-27 15:00,0.087,4.187
2022-10-27 16:00,0.085,4.140
2022-10-27 17:00,0.080,4.073
2022-10-27 18:00,0.078,4.026
2022-10-27 19:00,0.076,4.000
2022-10-27 20:00,0.076,4.013
2022-10-27 21:00,0.091,4.245
2022-10-27 22:00,0.106,4.452
2022-10-27 23:00,0.102,4.395
2022-10-28 00:00,0.063,3.776
2022-10-28 01:00,0.058,3.679
2022-10-28 02:00,0.042,3.350
2022-10-28 03:00,0.026,2.922
2022-10-28 04:00,0.012,2.396
2022-10-28 05:00,0.005,1.909
2022-10-28 06:00,0.004,1.825
2022-10-28 07:00,0.015,2.516
2022-10-28 08:00,0.129,4.761
2022-10-28 09:00,0.374,6.938
2022-10-28 10:00,0.463,7.587
2022-10-28 11:00,0.418,7.270
2022-10-28 12:00,0.331,6.615
2022-10-28 13:00,0.258,6.028
2022-10-28 14:00,0.216,5.672
2022-10-28 15:00,0.213,5.636
2022-10-28 16:00,0.221,5.703
2022-10-28 17:00,0.217,5.681
2022-10-28 18:00,0.212,5.632
2022-10-28 19:00,0.204,5.549
2022-10-28 20:00,0.186,5.384
2022-10-28 21:00,0.158,5.091
2022-10-28 22:00,0.130,4.765
2022-10-28 23:00,0.092,4.260
2022-10-29 00:00,0.041,3.319
2022-10-29 01:00,0.020,2.710
2022-10-29 02:00,0.016,2.537
2022-10-29 03:00,0.030,3.016
2022-10-29 04:00,0.046,3.424
2022-10-29 05:00,0.064,3.797
2022-10-29 06:00,0.076,4.005
2022-10-29 07:00,0.085,4.143
2022-10-29 08:00,0.163,5.145
2022-10-29 09:00,0.334,6.643
2022-10-29 10:00,0.434,7.383
2022-10-29 11:00,0.443,7.441
2022-10-29 12:00,0.434,7.376
2022-10-29 13:00,0.444,7.453
2022-10-29 14:00,0.461,7.573
2022-10-29 15:00,0.463,7.582
2022-10-29 16:00,0.451,7.502
2022-10-29 17:00,0.425,7.320
2022-10-29 18:00,0.414,7.234
2022-10-29 19:00,0.410,7.208
2022-10-29 20:00,0.381,6.998
2022-10-29 21:00,0.342,6.701
2022-10-29 22:00,0.354,6.796
2022-10-29 23:00,0.363,6.859
2022-10-30 00:00,0.323,6.558
2022-10-30 01:00,0.424,7.307
2022-10-30 02:00,0.477,7.692
2022-10-30 03:00,0.506,7.897
2022-10-30 04:00,0.561,8.297
2022-10-30 05:00,0.613,8.702
2022-10-30 06:00,0.635,8.883
2022-10-30 07:00,0.616,8.727
2022-10-30 08:00,0.589,8.512
2022-10-30 09:00,0.635,8.883
2022-10-30 10:00,0.675,9.214
2022-10-30 11:00,0.690,9.345
2022-10-30 12:00,0.698,9.412
2022-10-30 13:00,0.702,9.438
2022-10-30 14:00,0.702,9.442
2022-10-30 15:00,0.680,9.243
2022-10-30 16:00,0.682,9.275
2022-10-30 17:00,0.691,9.351
2022-10-30 18:00,0.669,9.156
2022-10-30 19:00,0.658,9.065
2022-10-30 20:00,0.682,9.267
2022-10-30 21:00,0.723,9.638
2022-10-30 22:00,0.757,9.973
2022-10-30 23:00,0.722,9.636
2022-10-31 00:00,0.729,9.694
2022-10-31 01:00,0.913,12.287
2022-10-31 02:00,0.905,12.098
2022-10-31 03:00,0.857,11.224
2022-10-31 04:00,0.791,10.338
2022-10-31 05:00,0.736,9.762
2022-10-31 06:00,0.725,9.648
2022-10-31 07:00,0.731,9.717
2022-10-31 08:00,0.714,9.557
2022-10-31 09:00,0.725,9.661
2022-10-31 10:00,0.748,9.889
2022-10-31 11:00,0.753,9.920
2022-10-31 12:00,0.747,9.879
2022-10-31 13:00,0.718,9.592
2022-10-31 14:00,0.680,9.245
2022-10-31 15:00,0.642,8.938
2022-10-31 16:00,0.592,8.541
2022-10-31 17:00,0.537,8.120
2022-10-31 18:00,0.468,7.619
2022-10-31 19:00,0.399,7.123
2022-10-31 20:00,0.347,6.731
2022-10-31 21:00,0.270,6.139
2022-10-31 22:00,0.210,5.613
2022-10-31 23:00,0.175,5.273
2022-11-01 00:00,0.103,4.404
2022-11-01 01:00,0.117,4.606
2022-11-01 02:00,0.080,4.071
2022-11-01 03:00,0.058,3.679
2022-11-01 04:00,0.050,3.521
2022-11-01 05:00,0.040,3.303
2022-11-01 06:00,0.028,2.949
2022-11-01 07:00,0.007,2.078
2022-11-01 08:00,0.014,2.490
2022-11-01 09:00,0.075,3.996
2022-11-01 10:00,0.153,5.026
2022-11-01 11:00,0.204,5.549
2022-11-01 12:00,0.208,5.595
2022-11-01 13:00,0.223,5.729
2022-11-01 14:00,0.314,6.480
2022-11-01 15:00,0.406,7.172
2022-11-01 16:00,0.437,7.392
2022-11-01 17:00,0.409,7.201
2022-11-01 18:00,0.344,6.709
2022-11-01 19:00,0.227,5.769
2022-11-01 20:00,0.148,4.979
2022-11-01 21:00,0.239,5.874
2022-11-01 22:00,0.407,7.184
2022-11-01 23:00,0.457,7.548
2022-11-02 00:00,0.618,8.738
2022-11-02 01:00,0.662,9.098
2022-11-02 02:00,0.528,8.052
2022-11-02 03:00,0.388,7.048
2022-11-02 04:00,0.284,6.245
2022-11-02 05:00,0.218,5.689
2022-11-02 06:00,0.186,5.382
2022-11-02 07:00,0.157,5.078
2022-11-02 08:00,0.122,4.669
2022-11-02 09:00,0.133,4.797
2022-11-02 10:00,0.181,5.326
2022-11-02 11:00,0.204,5.546
2022-11-02 12:00,0.222,5.717
2022-11-02 13:00,0.278,6.193
2022-11-02 14:00,0.321,6.546
2022-11-02 15:00,0.372,6.925
2022-11-02 16:00,0.421,7.282
2022-11-02 17:00,0.406,7.172
2022-11-02 18:00,0.341,6.700
2022-11-02 19:00,0.276,6.185
2022-11-02 20:00,0.235,5.841
2022-11-02 21:00,0.205,5.560
2022-11-02 22:00,0.196,5.483
2022-11-02 23:00,0.201,5.524
2022-11-03 00:00,0.639,8.911
2022-11-03 01:00,0.778,10.190
2022-11-03 02:00,0.797,10.403
2022-11-03 03:00,0.818,10.677
2022-11-03 04:00,0.850,11.102
2022-11-03 05:00,0.876,11.538
2022-11-03 06:00,0.892,11.834
2022-11-03 07:00,0.882,11.636
2022-11-03 08:00,0.798,10.424
2022-11-03 09:00,0.781,10.233
2022-11-03 10:00,0.744,9.832
2022-11-03 11:00,0.686,9.304
2022-11-03 12:00,0.612,8.697
2022-11-03 13:00,0.588,8.505
2022-11-03 14:00,0.561,8.309
2022-11-03 15:00,0.556,8.265
2022-11-03 16:00,0.565,8.326
2022-11-03 17:00,0.587,8.498
2022-11-03 18:00,0.607,8.652
2022-11-03 19:00,0.627,8.815
2022-11-03 20:00,0.637,8.892
2022-11-03 21:00,0.617,8.733
2022-11-03 22:00,0.598,8.581
2022-11-03 23:00,0.562,8.312
2022-11-04 00:00,0.404,7.164
2022-11-04 01:00,0.657,9.058
2022-11-04 02:00,0.698,9.399
2022-11-04 03:00,0.674,9.196
2022-11-04 04:00,0.651,9.005
2022-11-04 05:00,0.615,8.718
2022-11-04 06:00,0.576,8.414
2022-11-04 07:00,0.478,7.698
2022-11-04 08:00,0.443,7.443
2022-11-04 09:00,0.523,8.023
2022-11-04 10:00,0.655,9.032
2022-11-04 11:00,0.776,10.169
2022-11-04 12:00,0.802,10.477
2022-11-04 13:00,0.806,10.522
2022-11-04 14:00,0.819,10.679
2022-11-04 15:00,0.831,10.842
2022-11-04 16:00,0.804,10.490
2022-11-04 17:00,0.799,10.432
2022-11-04 18:00,0.796,10.396
2022-11-04 19:00,0.783,10.254
2022-11-04 20:00,0.763,10.041
2022-11-04 21:00,0.758,9.985
2022-11-04 22:00,0.744,9.839
2022-11-04 23:00,0.669,9.160
2022-11-05 00:00,0.402,7.142
2022-11-05 01:00,0.568,8.351
2022-11-05 02:00,0.604,8.636
2022-11-05 03:00,0.532,8.091
2022-11-05 04:00,0.418,7.258
2022-11-05 05:00,0.317,6.518
2022-11-05 06:00,0.241,5.895
2022-11-05 07:00,0.146,4.961
2022-11-05 08:00,0.063,3.778
2022-11-05 09:00,0.012,2.388
2022-11-05 10:00,0.001,1.266
2022-11-05 11:00,0.011,2.323
2022-11-05 12:00,0.068,3.865
2022-11-05 13:00,0.157,5.077
2022-11-05 14:00,0.249,5.949
2022-11-05 15:00,0.321,6.548
2022-11-05 16:00,0.383,7.006
2022-11-05 17:00,0.418,7.263
2022-11-05 18:00,0.418,7.265
2022-11-05 19:00,0.403,7.155
2022-11-05 20:00,0.381,6.998
2022-11-05 21:00,0.352,6.781
2022-11-05 22:00,0.311,6.458
2022-11-05 23:00,0.264,6.081
2022-11-06 00:00,0.169,5.197
2022-11-06 01:00,0.049,3.492
2022-11-06 02:00,0.038,3.248
2022-11-06 03:00,0.058,3.672
2022-11-06 04:00,0.056,3.648
2022-11-06 05:00,0.046,3.422
2022-11-06 06:00,0.034,3.148
2022-11-06 07:00,0.033,3.109
2022-11-06 08:00,0.053,3.576
2022-11-06 09:00,0.069,3.870
2022-11-06 10:00,0.056,3.635
2022-11-06 11:00,0.044,3.387
2022-11-06 12:00,0.073,3.949
2022-11-06 13:00,0.192,5.438
2022-11-06 14:00,0.403,7.160
2022-11-06 15:00,0.556,8.265
2022-11-06 16:00,0.616,8.728
2022-11-06 17:00,0.634,8.874
2022-11-06 18:00,0.643,8.946
2022-11-06 19:00,0.656,9.046
2022-11-06 20:00,0.663,9.111
2022-11-06 21:00,0.652,9.008
2022-11-06 22:00,0.652,9.007
2022-11-06 23:00,0.597,8.573
2022-11-07 00:00,0.343,6.707
2022-11-07 01:00,0.416,7.243
2022-11-07 02:00,0.421,7.286
2022-11-07 03:00,0.347,6.730
2022-11-07 04:00,0.289,6.293
2022-11-07 05:00,0.250,5.963
2022-11-07 06:00,0.212,5.628
2022-11-07 07:00,0.148,4.981
2022-11-07 08:00,0.070,3.895
2022-11-07 09:00,0.034,3.147
2022-11-07 10:00,0.030,3.038
2022-11-07 11:00,0.074,3.973
2022-11-07 12:00,0.161,5.119
2022-11-07 13:00,0.244,5.918
2022-11-07 14:00,0.298,6.361
2022-11-07 15:00,0.348,6.742
2022-11-07 16:00,0.404,7.163
2022-11-07 17:00,0.447,7.479
2022-11-07 18:00,0.488,7.772
2022-11-07 19:00,0.527,8.047
2022-11-07 20:00,0.563,8.315
2022-11-07 21:00,0.617,8.734
2022-11-07 22:00,0.678,9.233
2022-11-07 23:00,0.708,9.499
2022-11-08 00:00,0.544,8.173
2022-11-08 01:00,0.386,7.033
2022-11-08 02:00,0.632,8.855
2022-11-08 03:00,0.737,9.775
2022-11-08 04:00,0.703,9.455
2022-11-08 05:00,0.661,9.093
2022-11-08 06:00,0.607,8.658
2022-11-08 07:00,0.532,8.087
2022-11-08 08:00,0.607,8.654
2022-11-08 09:00,0.725,9.650
2022-11-08 10:00,0.795,10.389
2022-11-08 11:00,0.830,10.826
2022-11-08 12:00,0.842,10.992
2022-11-08 13:00,0.836,10.914
2022-11-08 14:00,0.838,10.946
2022-11-08 15:00,0.841,10.976
2022-11-08 16:00,0.834,10.879
2022-11-08 17:00,0.821,10.714
2022-11-08 18:00,0.812,10.580
2022-11-08 19:00,0.805,10.516
2022-11-08 20:00,0.794,10.384
2022-11-08 21:00,0.773,10.145
2022-11-08 22:00,0.752,9.916
2022-11-08 23:00,0.710,9.524
2022-11-09 00:00,0.451,7.502
2022-11-09 01:00,0.133,4.796
2022-11-09 02:00,0.062,3.763
2022-11-09 03:00,0.045,3.404
2022-11-09 04:00,0.020,2.698
2022-11-09 05:00,0.010,2.266
2022-11-09 06:00,0.006,2.000
2022-11-09 07:00,0.007,2.110
2022-11-09 08:00,0.009,2.214
2022-11-09 09:00,0.015,2.492
2022-11-09 10:00,0.037,3.204
2022-11-09 11:00,0.052,3.564
2022-11-09 12:00,0.063,3.775
2022-11-09 13:00,0.182,5.338
2022-11-09 14:00,0.225,5.752
2022-11-09 15:00,0.147,4.964
2022-11-09 16:00,0.063,3.775
2022-11-09 17:00,0.053,3.590
2022-11-09 18:00,0.082,4.108
2022-11-09 19:00,0.121,4.644
2022-11-09 20:00,0.143,4.916
2022-11-09 21:00,0.164,5.157
2022-11-09 22:00,0.171,5.230
2022-11-09 23:00,0.151,5.016
2022-11-10 00:00,0.076,4.000
2022-11-10 01:00,0.037,3.208
2022-11-10 02:00,0.036,3.180
2022-11-10 03:00,0.029,2.982
2022-11-10 04:00,0.028,2.953
2022-11-10 05:00,0.035,3.173
2022-11-10 06:00,0.041,3.323
2022-11-10 07:00,0.052,3.554
2022-11-10 08:00,0.123,4.685
2022-11-10 09:00,0.233,5.821
2022-11-10 10:00,0.292,6.318
2022-11-10 11:00,0.327,6.590
2022-11-10 12:00,0.410,7.209
2022-11-10 13:00,0.528,8.051
2022-11-10 14:00,0.609,8.665
2022-11-10 15:00,0.650,9.000
2022-11-10 16:00,0.644,8.952
2022-11-10 17:00,0.654,9.026
2022-11-10 18:00,0.689,9.331
2022-11-10 19:00,0.697,9.395
2022-11-10 20:00,0.711,9.531
2022-11-10 21:00,0.738,9.782
2022-11-10 22:00,0.765,10.057
2022-11-10 23:00,0.768,10.088
2022-11-11 00:00,0.688,9.327
2022-11-11 01:00,0.612,8.695
2022-11-11 02:00,0.790,10.325
2022-11-11 03:00,0.759,9.998
2022-11-11 04:00,0.630,8.834
2022-11-11 05:00,0.498,7.841
2022-11-11 06:00,0.425,7.318
2022-11-11 07:00,0.254,6.000
2022-11-11 08:00,0.125,4.704
2022-11-11 09:00,0.034,3.139
2022-11-11 10:00,0.048,3.474
2022-11-11 11:00,0.104,4.431
2022-11-11 12:00,0.341,6.698
2022-11-11 13:00,0.630,8.838
2022-11-11 14:00,0.695,9.387
2022-11-11 15:00,0.770,10.111
2022-11-11 16:00,0.847,11.070
2022-11-11 17:00,0.892,11.829
2022-11-11 18:00,0.905,12.098
2022-11-11 19:00,0.921,12.470
2022-11-11 20:00,0.935,12.861
2022-11-11 21:00,0.933,12.808
2022-11-11 22:00,0.915,12.340
2022-11-11 23:00,0.894,11.877
2022-11-12 00:00,0.903,12.057
2022-11-12 01:00,0.919,12.431
2022-11-12 02:00,0.916,12.345
2022-11-12 03:00,0.919,12.422
2022-11-12 04:00,0.917,12.374
2022-11-12 05:00,0.926,12.609
2022-11-12 06:00,0.932,12.787
2022-11-12 07:00,0.909,12.183
2022-11-12 08:00,0.860,11.268
2022-11-12 09:00,0.823,10.731
2022-11-12 10:00,0.810,10.574
2022-11-12 11:00,0.828,10.809
2022-11-12 12:00,0.832,10.848
2022-11-12 13:00,0.819,10.691
2022-11-12 14:00,0.780,10.220
2022-11-12 15:00,0.757,9.979
2022-11-12 16:00,0.727,9.680
2022-11-12 17:00,0.725,9.660
2022-11-12 18:00,0.711,9.531
2022-11-12 19:00,0.674,9.189
2022-11-12 20:00,0.620,8.756
2022-11-12 21:00,0.537,8.130
2022-11-12 22:00,0.418,7.261
2022-11-12 23:00,0.293,6.323
2022-11-13 00:00,0.158,5.087
2022-11-13 01:00,0.059,3.694
2022-11-13 02:00,0.012,2.349
2022-11-13 03:00,0.006,1.977
2022-11-13 04:00,0.009,2.197
2022-11-13 05:00,0.023,2.831
2022-11-13 06:00,0.066,3.831
2022-11-13 07:00,0.104,4.434
2022-11-13 08:00,0.176,5.273
2022-11-13 09:00,0.315,6.491
2022-11-13 10:00,0.452,7.506
2022-11-13 11:00,0.546,8.195
2022-11-13 12:00,0.601,8.611
2022-11-13 13:00,0.656,9.046
2022-11-13 14:00,0.702,9.450
2022-11-13 15:00,0.721,9.622
2022-11-13 16:00,0.724,9.644
2022-11-13 17:00,0.726,9.663
2022-11-13 18:00,0.729,9.695
2022-11-13 19:00,0.720,9.616
2022-11-13 20:00,0.698,9.410
2022-11-13 21:00,0.675,9.210
2022-11-13 22:00,0.653,9.025
2022-11-13 23:00,0.612,8.695
2022-11-14 00:00,0.450,7.500
2022-11-14 01:00,0.367,6.888
2022-11-14 02:00,0.463,7.588
2022-11-14 03:00,0.388,7.046
2022-11-14 04:00,0.261,6.067
2022-11-14 05:00,0.174,5.263
2022-11-14 06:00,0.099,4.357
2022-11-14 07:00,0.016,2.536
2022-11-14 08:00,0,0.976
2022-11-14 09:00,0.008,2.122
2022-11-14 10:00,0.046,3.424
2022-11-14 11:00,0.120,4.638
2022-11-14 12:00,0.190,5.426
2022-11-14 13:00,0.235,5.837
2022-11-14 14:00,0.286,6.264
2022-11-14 15:00,0.385,7.024
2022-11-14 16:00,0.500,7.849
2022-11-14 17:00,0.565,8.335
2022-11-14 18:00,0.595,8.561
2022-11-14 19:00,0.615,8.718
2022-11-14 20:00,0.621,8.770
2022-11-14 21:00,0.624,8.789
2022-11-14 22:00,0.624,8.785
2022-11-14 23:00,0.604,8.632
2022-11-15 00:00,0.421,7.288
2022-11-15 01:00,0.349,6.753
2022-11-15 02:00,0.520,8.003
2022-11-15 03:00,0.502,7.865
2022-11-15 04:00,0.477,7.696
2022-11-15 05:00,0.477,7.690
2022-11-15 06:00,0.462,7.578
2022-11-15 07:00,0.369,6.909
2022-11-15 08:00,0.380,6.985
2022-11-15 09:00,0.378,6.974
2022-11-15 10:00,0.329,6.609
2022-11-15 11:00,0.286,6.265
2022-11-15 12:00,0.282,6.230
2022-11-15 13:00,0.329,6.608
2022-11-15 14:00,0.411,7.220
2022-11-15 15:00,0.520,8.002
2022-11-15 16:00,0.587,8.503
2022-11-15 17:00,0.594,8.551
2022-11-15 18:00,0.569,8.367
2022-11-15 19:00,0.528,8.056
2022-11-15 20:00,0.475,7.675
2022-11-15 21:00,0.441,7.431
2022-11-15 22:00,0.446,7.472
2022-11-15 23:00,0.468,7.623
2022-11-16 00:00,0.322,6.556
2022-11-16 01:00,0.150,5.001
2022-11-16 02:00,0.134,4.806
2022-11-16 03:00,0.241,5.888
2022-11-16 04:00,0.303,6.407
2022-11-16 05:00,0.309,6.446
2022-11-16 06:00,0.300,6.374
2022-11-16 07:00,0.381,6.995
2022-11-16 08:00,0.515,7.969
2022-11-16 09:00,0.627,8.813
2022-11-16 10:00,0.675,9.215
2022-11-16 11:00,0.688,9.324
2022-11-16 12:00,0.692,9.361
2022-11-16 13:00,0.692,9.359
2022-11-16 14:00,0.690,9.343
2022-11-16 15:00,0.689,9.331
2022-11-16 16:00,0.682,9.274
2022-11-16 17:00,0.674,9.206
2022-11-16 18:00,0.669,9.155
2022-11-16 19:00,0.656,9.046
2022-11-16 20:00,0.639,8.904
2022-11-16 21:00,0.630,8.829
2022-11-16 22:00,0.629,8.824
2022-11-16 23:00,0.609,8.667
2022-11-17 00:00,0.438,7.411
2022-11-17 01:00,0.226,5.761
2022-11-17 02:00,0.180,5.314
2022-11-17 03:00,0.365,6.879
2022-11-17 04:00,0.402,7.142
2022-11-17 05:00,0.374,6.937
2022-11-17 06:00,0.247,5.942
2022-11-17 07:00,0.175,5.265
2022-11-17 08:00,0.175,5.265
2022-11-17 09:00,0.182,5.346
2022-11-17 10:00,0.223,5.732
2022-11-17 11:00,0.327,6.579
2022-11-17 12:00,0.409,7.195
2022-11-17 13:00,0.438,7.406
2022-11-17 14:00,0.438,7.399
2022-11-17 15:00,0.424,7.310
2022-11-17 16:00,0.398,7.118
2022-11-17 17:00,0.351,6.774
2022-11-17 18:00,0.283,6.232
2022-11-17 19:00,0.208,5.597
2022-11-17 20:00,0.141,4.902
2022-11-17 21:00,0.080,4.065
2022-11-17 22:00,0.037,3.204
2022-11-17 23:00,0.013,2.441
2022-11-18 00:00,0.004,1.793
2022-11-18 01:00,0.001,1.323
2022-11-18 02:00,0.034,3.140
2022-11-18 03:00,0.125,4.701
2022-11-18 04:00,0.190,5.421
2022-11-18 05:00,0.249,5.949
2022-11-18 06:00,0.270,6.141
2022-11-18 07:00,0.387,7.039
2022-11-18 08:00,0.559,8.280
2022-11-18 09:00,0.650,8.999
2022-11-18 10:00,0.669,9.155
2022-11-18 11:00,0.668,9.144
2022-11-18 12:00,0.660,9.082
2022-11-18 13:00,0.657,9.052
2022-11-18 14:00,0.660,9.087
2022-11-18 15:00,0.682,9.266
2022-11-18 16:00,0.708,9.498
2022-11-18 17:00,0.718,9.587
2022-11-18 18:00,0.722,9.630
2022-11-18 19:00,0.754,9.949
2022-11-18 20:00,0.762,10.033
2022-11-18 21:00,0.762,10.025
2022-11-18 22:00,0.782,10.244
2022-11-18 23:00,0.793,10.365
2022-11-19 00:00,0.716,9.573
2022-11-19 01:00,0.707,9.487
2022-11-19 02:00,0.771,10.126
2022-11-19 03:00,0.798,10.426
2022-11-19 04:00,0.849,11.097
2022-11-19 05:00,0.897,11.927
2022-11-19 06:00,0.910,12.221
2022-11-19 07:00,0.875,11.511
2022-11-19 08:00,0.833,10.865
2022-11-19 09:00,0.815,10.619
2022-11-19 10:00,0.744,9.841
2022-11-19 11:00,0.635,8.877
2022-11-19 12:00,0.537,8.119
2022-11-19 13:00,0.424,7.307
2022-11-19 14:00,0.360,6.834
2022-11-19 15:00,0.301,6.388
2022-11-19 16:00,0.241,5.895
2022-11-19 17:00,0.194,5.448
2022-11-19 18:00,0.153,5.027
2022-11-19 19:00,0.114,4.568
2022-11-19 20:00,0.079,4.050
2022-11-19 21:00,0.054,3.608
2022-11-19 22:00,0.036,3.182
2022-11-19 23:00,0.019,2.672
2022-11-20 00:00,0.014,2.477
2022-11-20 01:00,0.008,2.158
2022-11-20 02:00,0,0.995
2022-11-20 03:00,0,0.797
2022-11-20 04:00,0,0.926
2022-11-20 05:00,0.001,1.477
2022-11-20 06:00,0.002,1.523
2022-11-20 07:00,0.003,1.708
2022-11-20 08:00,0.038,3.245
2022-11-20 09:00,0.112,4.529
2022-11-20 10:00,0.131,4.773
2022-11-20 11:00,0.096,4.318
2022-11-20 12:00,0.038,3.229
2022-11-20 13:00,0.007,2.119
2022-11-20 14:00,0.001,1.365
2022-11-20 15:00,0.001,1.455
2022-11-20 16:00,0.022,2.763
2022-11-20 17:00,0.138,4.858
2022-11-20 18:00,0.246,5.933
2022-11-20 19:00,0.297,6.353
2022-11-20 20:00,0.330,6.613
2022-11-20 21:00,0.338,6.669
2022-11-20 22:00,0.346,6.728
2022-11-20 23:00,0.360,6.831
2022-11-21 00:00,0.338,6.668
2022-11-21 01:00,0.627,8.819
2022-11-21 02:00,0.580,8.447
2022-11-21 03:00,0.445,7.461
2022-11-21 04:00,0.336,6.658
2022-11-21 05:00,0.243,5.905
2022-11-21 06:00,0.149,4.990
2022-11-21 07:00,0.060,3.713
2022-11-21 08:00,0.021,2.746
2022-11-21 09:00,0.005,1.928
2022-11-21 10:00,0.002,1.550
2022-11-21 11:00,0.004,1.830
2022-11-21 12:00,0.013,2.433
2022-11-21 13:00,0.046,3.424
2022-11-21 14:00,0.132,4.781
2022-11-21 15:00,0.252,5.978
2022-11-21 16:00,0.352,6.781
2022-11-21 17:00,0.393,7.076
2022-11-21 18:00,0.396,7.098
2022-11-21 19:00,0.377,6.964
2022-11-21 20:00,0.371,6.915
2022-11-21 21:00,0.363,6.854
2022-11-21 22:00,0.354,6.798
2022-11-21 23:00,0.353,6.785
2022-11-22 00:00,0.252,5.987
2022-11-22 01:00,0.180,5.312
2022-11-22 02:00,0.355,6.805
2022-11-22 03:00,0.458,7.554
2022-11-22 04:00,0.491,7.796
2022-11-22 05:00,0.497,7.838
2022-11-22 06:00,0.441,7.428
2022-11-22 07:00,0.463,7.592
2022-11-22 08:00,0.569,8.364
2022-11-22 09:00,0.646,8.965
2022-11-22 10:00,0.674,9.195
2022-11-22 11:00,0.679,9.236
2022-11-22 12:00,0.667,9.142
2022-11-22 13:00,0.659,9.073
2022-11-22 14:00,0.661,9.093
2022-11-22 15:00,0.657,9.061
2022-11-22 16:00,0.636,8.888
2022-11-22 17:00,0.633,8.860
2022-11-22 18:00,0.642,8.937
2022-11-22 19:00,0.619,8.744
2022-11-22 20:00,0.571,8.379
2022-11-22 21:00,0.534,8.108
2022-11-22 22:00,0.511,7.939
2022-11-22 23:00,0.471,7.641
2022-11-23 00:00,0.321,6.544
2022-11-23 01:00,0.334,6.643
2022-11-23 02:00,0.344,6.715
2022-11-23 03:00,0.256,6.014
2022-11-23 04:00,0.163,5.140
2022-11-23 05:00,0.086,4.165
2022-11-23 06:00,0.034,3.139
2022-11-23 07:00,0.060,3.720
2022-11-23 08:00,0.204,5.545
2022-11-23 09:00,0.256,6.010
2022-11-23 10:00,0.199,5.506
2022-11-23 11:00,0.153,5.028
2022-11-23 12:00,0.160,5.114
2022-11-23 13:00,0.213,5.637
2022-11-23 14:00,0.291,6.306
2022-11-23 15:00,0.341,6.697
2022-11-23 16:00,0.349,6.752
2022-11-23 17:00,0.356,6.811
2022-11-23 18:00,0.360,6.836
2022-11-23 19:00,0.333,6.635
2022-11-23 20:00,0.341,6.696
2022-11-23 21:00,0.378,6.978
2022-11-23 22:00,0.412,7.224
2022-11-23 23:00,0.403,7.156
2022-11-24 00:00,0.378,6.974
2022-11-24 01:00,0.467,7.616
2022-11-24 02:00,0.658,9.071
2022-11-24 03:00,0.743,9.826
2022-11-24 04:00,0.762,10.027
2022-11-24 05:00,0.725,9.652
2022-11-24 06:00,0.625,8.796
2022-11-24 07:00,0.619,8.741
2022-11-24 08:00,0.729,9.696
2022-11-24 09:00,0.808,10.549
2022-11-24 10:00,0.831,10.837
2022-11-24 11:00,0.836,10.914
2022-11-24 12:00,0.832,10.860
2022-11-24 13:00,0.850,11.113
2022-11-24 14:00,0.840,10.968
2022-11-24 15:00,0.836,10.905
2022-11-24 16:00,0.820,10.692
2022-11-24 17:00,0.777,10.183
2022-11-24 18:00,0.795,10.387
2022-11-24 19:00,0.711,9.530
2022-11-24 20:00,0.669,9.153
2022-11-24 21:00,0.674,9.206
2022-11-24 22:00,0.761,10.023
2022-11-24 23:00,0.865,11.338
2022-11-25 00:00,0.909,12.196
2022-11-25 01:00,0.973,14.455
2022-11-25 02:00,0.987,15.923
2022-11-25 03:00,0.988,16.388
2022-11-25 04:00,0.988,16.572
2022-11-25 05:00,0.988,16.592
2022-11-25 06:00,0.988,16.336
2022-11-25 07:00,0.984,15.435
2022-11-25 08:00,0.962,13.842
2022-11-25 09:00,0.929,12.685
2022-11-25 10:00,0.919,12.417
2022-11-25 11:00,0.912,12.269
2022-11-25 12:00,0.898,11.941
2022-11-25 13:00,0.878,11.563
2022-11-25 14:00,0.865,11.331
2022-11-25 15:00,0.866,11.347
2022-11-25 16:00,0.881,11.625
2022-11-25 17:00,0.880,11.609
2022-11-25 18:00,0.875,11.507
2022-11-25 19:00,0.872,11.467
2022-11-25 20:00,0.878,11.569
2022-11-25 21:00,0.865,11.338
2022-11-25 22:00,0.798,10.424
2022-11-25 23:00,0.655,9.041
2022-11-26 00:00,0.559,8.287
2022-11-26 01:00,0.502,7.868
2022-11-26 02:00,0.396,7.107
2022-11-26 03:00,0.272,6.152
2022-11-26 04:00,0.134,4.805
2022-11-26 05:00,0.051,3.539
2022-11-26 06:00,0.037,3.200
2022-11-26 07:00,0.051,3.548
2022-11-26 08:00,0.076,4.006
2022-11-26 09:00,0.208,5.583
2022-11-26 10:00,0.438,7.408
2022-11-26 11:00,0.628,8.820
2022-11-26 12:00,0.702,9.442
2022-11-26 13:00,0.671,9.175
2022-11-26 14:00,0.680,9.246
2022-11-26 15:00,0.701,9.433
2022-11-26 16:00,0.710,9.522
2022-11-26 17:00,0.737,9.775
2022-11-26 18:00,0.812,10.583
2022-11-26 19:00,0.847,11.063
2022-11-26 20:00,0.866,11.358
2022-11-26 21:00,0.922,12.495
2022-11-26 22:00,0.856,11.209
2022-11-26 23:00,0.815,10.619
2022-11-27 00:00,0.688,9.326
2022-11-27 01:00,0.516,7.973
2022-11-27 02:00,0.378,6.975
2022-11-27 03:00,0.182,5.341
2022-11-27 04:00,0.051,3.530
2022-11-27 05:00,0.011,2.306
2022-11-27 06:00,0.005,1.936
2022-11-27 07:00,0.014,2.462
2022-11-27 08:00,0.046,3.437
2022-11-27 09:00,0.072,3.935
2022-11-27 10:00,0.087,4.183
2022-11-27 11:00,0.128,4.743
2022-11-27 12:00,0.197,5.492
2022-11-27 13:00,0.273,6.159
2022-11-27 14:00,0.290,6.300
2022-11-27 15:00,0.287,6.275
2022-11-27 16:00,0.289,6.293
2022-11-27 17:00,0.328,6.596
2022-11-27 18:00,0.314,6.482
2022-11-27 19:00,0.242,5.899
2022-11-27 20:00,0.194,5.453
2022-11-27 21:00,0.154,5.036
2022-11-27 22:00,0.153,5.026
2022-11-27 23:00,0.204,5.549
2022-11-28 00:00,0.196,5.478
2022-11-28 01:00,0.163,5.144
2022-11-28 02:00,0.109,4.498
2022-11-28 03:00,0.069,3.870
2022-11-28 04:00,0.049,3.492
2022-11-28 05:00,0.051,3.535
2022-11-28 06:00,0.080,4.066
2022-11-28 07:00,0.141,4.897
2022-11-28 08:00,0.419,7.271
2022-11-28 09:00,0.827,10.785
2022-11-28 10:00,0.963,13.905
2022-11-28 11:00,0.971,14.343
2022-11-28 12:00,0.956,13.593
2022-11-28 13:00,0.955,13.562
2022-11-28 14:00,0.960,13.741
2022-11-28 15:00,0.973,14.465
2022-11-28 16:00,0.982,15.209
2022-11-28 17:00,0.986,15.667
2022-11-28 18:00,0.985,15.578
2022-11-28 19:00,0.982,15.159
2022-11-28 20:00,0.974,14.499
2022-11-28 21:00,0.956,13.593
2022-11-28 22:00,0.932,12.782
2022-11-28 23:00,0.927,12.632
2022-11-29 00:00,0.953,13.478
2022-11-29 01:00,0.965,14.026
2022-11-29 02:00,0.962,13.873
2022-11-29 03:00,0.968,14.154
2022-11-29 04:00,0.978,14.845
2022-11-29 05:00,0.985,15.602
2022-11-29 06:00,0.987,16.133
2022-11-29 07:00,0.988,16.327
2022-11-29 08:00,0.987,16.011
2022-11-29 09:00,0.983,15.257
2022-11-29 10:00,0.974,14.529
2022-11-29 11:00,0.967,14.078
2022-11-29 12:00,0.963,13.893
2022-11-29 13:00,0.959,13.720
2022-11-29 14:00,0.946,13.225
2022-11-29 15:00,0.911,12.228
2022-11-29 16:00,0.855,11.193
2022-11-29 17:00,0.788,10.306
2022-11-29 18:00,0.720,9.614
2022-11-29 19:00,0.641,8.922
2022-11-29 20:00,0.527,8.050
2022-11-29 21:00,0.490,7.789
2022-11-29 22:00,0.469,7.634
2022-11-29 23:00,0.463,7.584
2022-11-30 00:00,0.634,8.868
2022-11-30 01:00,0.762,10.029
2022-11-30 02:00,0.814,10.617
2022-11-30 03:00,0.860,11.268
2022-11-30 04:00,0.897,11.933
2022-11-30 05:00,0.917,12.373
2022-11-30 06:00,0.919,12.421
2022-11-30 07:00,0.903,12.057
2022-11-30 08:00,0.842,10.993
2022-11-30 09:00,0.740,9.802
2022-11-30 10:00,0.690,9.343
2022-11-30 11:00,0.641,8.930
2022-11-30 12:00,0.569,8.365
2022-11-30 13:00,0.480,7.716
2022-11-30 14:00,0.463,7.581
2022-11-30 15:00,0.456,7.531
2022-11-30 16:00,0.456,7.534
2022-11-30 17:00,0.475,7.665
2022-11-30 18:00,0.486,7.753
2022-11-30 19:00,0.383,7.007
2022-11-30 20:00,0.356,6.813
2022-11-30 21:00,0.350,6.756
2022-11-30 22:00,0.324,6.570
2022-11-30 23:00,0.306,6.418
2022-12-01 00:00,0.242,5.899
2022-12-01 01:00,0.494,7.819
2022-12-01 02:00,0.591,8.528
2022-12-01 03:00,0.605,8.639
2022-12-01 04:00,0.630,8.830
2022-12-01 05:00,0.657,9.063
2022-12-01 06:00,0.686,9.310
2022-12-01 07:00,0.670,9.164
2022-12-01 08:00,0.574,8.396
2022-12-01 09:00,0.525,8.031
2022-12-01 10:00,0.514,7.964
2022-12-01 11:00,0.465,7.601
2022-12-01 12:00,0.384,7.020
2022-12-01 13:00,0.345,6.726
2022-12-01 14:00,0.356,6.809
2022-12-01 15:00,0.416,7.247
2022-12-01 16:00,0.463,7.589
2022-12-01 17:00,0.498,7.843
2022-12-01 18:00,0.511,7.942
2022-12-01 19:00,0.518,7.984
2022-12-01 20:00,0.511,7.942
2022-12-01 21:00,0.525,8.040
2022-12-01 22:00,0.532,8.085
2022-12-01 23:00,0.537,8.123
2022-12-02 00:00,0.490,7.789
2022-12-02 01:00,0.438,7.412
2022-12-02 02:00,0.658,9.071
2022-12-02 03:00,0.836,10.903
2022-12-02 04:00,0.879,11.577
2022-12-02 05:00,0.877,11.554
2022-12-02 06:00,0.844,11.016
2022-12-02 07:00,0.792,10.357
2022-12-02 08:00,0.740,9.804
2022-12-02 09:00,0.727,9.673
2022-12-02 10:00,0.719,9.601
2022-12-02 11:00,0.710,9.515
2022-12-02 12:00,0.704,9.467
2022-12-02 13:00,0.705,9.474
2022-12-02 14:00,0.737,9.776
2022-12-02 15:00,0.755,9.955
2022-12-02 16:00,0.711,9.532
2022-12-02 17:00,0.628,8.823
2022-12-02 18:00,0.569,8.365
2022-12-02 19:00,0.587,8.491
2022-12-02 20:00,0.667,9.140
2022-12-02 21:00,0.682,9.275
2022-12-02 22:00,0.620,8.754
2022-12-02 23:00,0.450,7.489
2022-12-03 00:00,0.306,6.430
2022-12-03 01:00,0.524,8.028
2022-12-03 02:00,0.622,8.773
2022-12-03 03:00,0.683,9.283
2022-12-03 04:00,0.751,9.912
2022-12-03 05:00,0.813,10.598
2022-12-03 06:00,0.850,11.114
2022-12-03 07:00,0.852,11.144
2022-12-03 08:00,0.799,10.432
2022-12-03 09:00,0.735,9.752
2022-12-03 10:00,0.698,9.400
2022-12-03 11:00,0.621,8.769
2022-12-03 12:00,0.546,8.197
2022-12-03 13:00,0.472,7.650
2022-12-03 14:00,0.403,7.149
2022-12-03 15:00,0.391,7.071
2022-12-03 16:00,0.368,6.904
2022-12-03 17:00,0.350,6.757
2022-12-03 18:00,0.327,6.590
2022-12-03 19:00,0.345,6.724
2022-12-03 20:00,0.375,6.942
2022-12-03 21:00,0.394,7.092
2022-12-03 22:00,0.381,6.993
2022-12-03 23:00,0.339,6.677
2022-12-04 00:00,0.252,5.976
2022-12-04 01:00,0.267,6.108
2022-12-04 02:00,0.423,7.300
2022-12-04 03:00,0.403,7.156
2022-12-04 04:00,0.388,7.052
2022-12-04 05:00,0.396,7.104
2022-12-04 06:00,0.395,7.095
2022-12-04 07:00,0.297,6.348
2022-12-04 08:00,0.251,5.969
2022-12-04 09:00,0.262,6.072
2022-12-04 10:00,0.270,6.134
2022-12-04 11:00,0.301,6.388
2022-12-04 12:00,0.351,6.774
2022-12-04 13:00,0.396,7.099
2022-12-04 14:00,0.450,7.498
2022-12-04 15:00,0.514,7.963
2022-12-04 16:00,0.563,8.317
2022-12-04 17:00,0.558,8.279
2022-12-04 18:00,0.540,8.144
2022-12-04 19:00,0.536,8.114
2022-12-04 20:00,0.544,8.176
2022-12-04 21:00,0.549,8.217
2022-12-04 22:00,0.537,8.122
2022-12-04 23:00,0.514,7.959
2022-12-05 00:00,0.402,7.140
2022-12-05 01:00,0.375,6.950
2022-12-05 02:00,0.575,8.406
2022-12-05 03:00,0.589,8.517
2022-12-05 04:00,0.612,8.696
2022-12-05 05:00,0.658,9.069
2022-12-05 06:00,0.695,9.387
2022-12-05 07:00,0.664,9.116
2022-12-05 08:00,0.592,8.529
2022-12-05 09:00,0.615,8.713
2022-12-05 10:00,0.659,9.075
2022-12-05 11:00,0.674,9.190
2022-12-05 12:00,0.642,8.933
2022-12-05 13:00,0.629,8.827
2022-12-05 14:00,0.621,8.761
2022-12-05 15:00,0.624,8.792
2022-12-05 16:00,0.632,8.852
2022-12-05 17:00,0.631,8.845
2022-12-05 18:00,0.626,8.803
2022-12-05 19:00,0.621,8.769
2022-12-05 20:00,0.611,8.686
2022-12-05 21:00,0.599,8.598
2022-12-05 22:00,0.605,8.640
2022-12-05 23:00,0.631,8.850
2022-12-06 00:00,0.586,8.488
2022-12-06 01:00,0.546,8.198
2022-12-06 02:00,0.813,10.600
2022-12-06 03:00,0.904,12.088
2022-12-06 04:00,0.937,12.929
2022-12-06 05:00,0.950,13.337
2022-12-06 06:00,0.952,13.450
2022-12-06 07:00,0.945,13.179
2022-12-06 08:00,0.936,12.884
2022-12-06 09:00,0.935,12.861
2022-12-06 10:00,0.924,12.546
2022-12-06 11:00,0.890,11.798
2022-12-06 12:00,0.872,11.459
2022-12-06 13:00,0.866,11.364
2022-12-06 14:00,0.867,11.377
2022-12-06 15:00,0.869,11.410
2022-12-06 16:00,0.866,11.370
2022-12-06 17:00,0.849,11.093
2022-12-06 18:00,0.822,10.725
2022-12-06 19:00,0.808,10.544
2022-12-06 20:00,0.811,10.589
2022-12-06 21:00,0.817,10.654
2022-12-06 22:00,0.803,10.484
2022-12-06 23:00,0.766,10.072
2022-12-07 00:00,0.652,9.016
2022-12-07 01:00,0.516,7.977
2022-12-07 02:00,0.752,9.916
2022-12-07 03:00,0.824,10.747
2022-12-07 04:00,0.818,10.673
2022-12-07 05:00,0.758,9.991
2022-12-07 06:00,0.620,8.754
2022-12-07 07:00,0.399,7.120
2022-12-07 08:00,0.293,6.323
2022-12-07 09:00,0.238,5.862
2022-12-07 10:00,0.188,5.400
2022-12-07 11:00,0.156,5.054
2022-12-07 12:00,0.157,5.077
2022-12-07 13:00,0.188,5.405
2022-12-07 14:00,0.244,5.921
2022-12-07 15:00,0.329,6.609
2022-12-07 16:00,0.380,6.985
2022-12-07 17:00,0.388,7.049
2022-12-07 18:00,0.394,7.092
2022-12-07 19:00,0.401,7.135
2022-12-07 20:00,0.411,7.214
2022-12-07 21:00,0.431,7.352
2022-12-07 22:00,0.450,7.498
2022-12-07 23:00,0.480,7.711
2022-12-08 00:00,0.427,7.326
2022-12-08 01:00,0.215,5.656
2022-12-08 02:00,0.311,6.468
2022-12-08 03:00,0.510,7.922
2022-12-08 04:00,0.534,8.110
2022-12-08 05:00,0.538,8.139
2022-12-08 06:00,0.510,7.931
2022-12-08 07:00,0.394,7.090
2022-12-08 08:00,0.359,6.825
2022-12-08 09:00,0.373,6.934
2022-12-08 10:00,0.438,7.407
2022-12-08 11:00,0.522,8.016
2022-12-08 12:00,0.582,8.469
2022-12-08 13:00,0.624,8.790
2022-12-08 14:00,0.658,9.066
2022-12-08 15:00,0.671,9.168
2022-12-08 16:00,0.658,9.069
2022-12-08 17:00,0.628,8.819
2022-12-08 18:00,0.585,8.486
2022-12-08 19:00,0.544,8.174
2022-12-08 20:00,0.515,7.971
2022-12-08 21:00,0.520,8.004
2022-12-08 22:00,0.534,8.101
2022-12-08 23:00,0.537,8.124
2022-12-09 00:00,0.431,7.350
2022-12-09 01:00,0.273,6.162
2022-12-09 02:00,0.446,7.472
2022-12-09 03:00,0.368,6.889
2022-12-09 04:00,0.240,5.880
2022-12-09 05:00,0.146,4.955
2022-12-09 06:00,0.080,4.078
2022-12-09 07:00,0.029,2.997
2022-12-09 08:00,0.017,2.601
2022-12-09 09:00,0.029,2.977
2022-12-09 10:00,0.068,3.865
2022-12-09 11:00,0.136,4.836
2022-12-09 12:00,0.206,5.562
2022-12-09 13:00,0.259,6.044
2022-12-09 14:00,0.268,6.118
2022-12-09 15:00,0.284,6.244
2022-12-09 16:00,0.321,6.549
2022-12-09 17:00,0.428,7.334
2022-12-09 18:00,0.598,8.584
2022-12-09 19:00,0.725,9.662
2022-12-09 20:00,0.768,10.078
2022-12-09 21:00,0.778,10.202
2022-12-09 22:00,0.780,10.209
2022-12-09 23:00,0.770,10.113
2022-12-10 00:00,0.755,9.941
2022-12-10 01:00,0.888,11.746
2022-12-10 02:00,0.900,11.991
2022-12-10 03:00,0.865,11.338
2022-12-10 04:00,0.837,10.932
2022-12-10 05:00,0.826,10.762
2022-12-10 06:00,0.805,10.510
2022-12-10 07:00,0.742,9.820
2022-12-10 08:00,0.652,9.020
2022-12-10 09:00,0.680,9.242
2022-12-10 10:00,0.650,8.991
2022-12-10 11:00,0.636,8.889
2022-12-10 12:00,0.639,8.900
2022-12-10 13:00,0.649,8.986
2022-12-10 14:00,0.677,9.225
2022-12-10 15:00,0.669,9.155
2022-12-10 16:00,0.647,8.973
2022-12-10 17:00,0.625,8.795
2022-12-10 18:00,0.599,8.597
2022-12-10 19:00,0.573,8.394
2022-12-10 20:00,0.544,8.171
2022-12-10 21:00,0.454,7.524
2022-12-10 22:00,0.396,7.104
2022-12-10 23:00,0.348,6.743
2022-12-11 00:00,0.235,5.842
2022-12-11 01:00,0.086,4.156
2022-12-11 02:00,0.060,3.702
2022-12-11 03:00,0.062,3.765
2022-12-11 04:00,0.038,3.239
2022-12-11 05:00,0.012,2.383
2022-12-11 06:00,0.018,2.637
2022-12-11 07:00,0.094,4.277
2022-12-11 08:00,0.300,6.371
2022-12-11 09:00,0.565,8.338
2022-12-11 10:00,0.650,8.991
2022-12-11 11:00,0.674,9.190
2022-12-11 12:00,0.708,9.499
2022-12-11 13:00,0.748,9.888
2022-12-11 14:00,0.774,10.157
2022-12-11 15:00,0.836,10.897
2022-12-11 16:00,0.885,11.690
2022-12-11 17:00,0.834,10.879
2022-12-11 18:00,0.816,10.643
2022-12-11 19:00,0.835,10.889
2022-12-11 20:00,0.859,11.241
2022-12-11 21:00,0.873,11.474
2022-12-11 22:00,0.879,11.584
2022-12-11 23:00,0.911,12.228
2022-12-12 00:00,0.919,12.413
2022-12-12 01:00,0.940,12.993
2022-12-12 02:00,0.957,13.644
2022-12-12 03:00,0.969,14.239
2022-12-12 04:00,0.970,14.288
2022-12-12 05:00,0.958,13.671
2022-12-12 06:00,0.932,12.771
2022-12-12 07:00,0.880,11.613
2022-12-12 08:00,0.785,10.276
2022-12-12 09:00,0.712,9.536
2022-12-12 10:00,0.678,9.233
2022-12-12 11:00,0.674,9.192
2022-12-12 12:00,0.683,9.279
2022-12-12 13:00,0.674,9.203
2022-12-12 14:00,0.655,9.031
2022-12-12 15:00,0.616,8.729
2022-12-12 16:00,0.539,8.142
2022-12-12 17:00,0.503,7.871
2022-12-12 18:00,0.503,7.882
2022-12-12 19:00,0.527,8.048
2022-12-12 20:00,0.666,9.131
2022-12-12 21:00,0.731,9.716
2022-12-12 22:00,0.801,10.464
2022-12-12 23:00,0.921,12.479
2022-12-13 00:00,0.977,14.726
2022-12-13 01:00,0.987,16.045
2022-12-13 02:00,0.988,16.506
2022-12-13 03:00,0.987,16.843
2022-12-13 04:00,0.987,16.945
2022-12-13 05:00,0.987,16.917
2022-12-13 06:00,0.988,16.673
2022-12-13 07:00,0.988,16.153
2022-12-13 08:00,0.983,15.322
2022-12-13 09:00,0.978,14.819
2022-12-13 10:00,0.978,14.832
2022-12-13 11:00,0.978,14.862
2022-12-13 12:00,0.976,14.681
2022-12-13 13:00,0.971,14.309
2022-12-13 14:00,0.959,13.736
2022-12-13 15:00,0.943,13.102
2022-12-13 16:00,0.918,12.391
2022-12-13 17:00,0.879,11.586
2022-12-13 18:00,0.823,10.730
2022-12-13 19:00,0.745,9.851
2022-12-13 20:00,0.621,8.765
2022-12-13 21:00,0.425,7.314
2022-12-13 22:00,0.295,6.333
2022-12-13 23:00,0.262,6.071
2022-12-14 00:00,0.240,5.885
2022-12-14 01:00,0.195,5.473
2022-12-14 02:00,0.252,5.983
2022-12-14 03:00,0.261,6.060
2022-12-14 04:00,0.250,5.962
2022-12-14 05:00,0.239,5.872
2022-12-14 06:00,0.192,5.439
2022-12-14 07:00,0.070,3.894
2022-12-14 08:00,0.070,3.911
2022-12-14 09:00,0.085,4.139
2022-12-14 10:00,0.075,3.981
2022-12-14 11:00,0.073,3.946
2022-12-14 12:00,0.070,3.886
2022-12-14 13:00,0.070,3.905
2022-12-14 14:00,0.152,5.022
2022-12-14 15:00,0.365,6.875
2022-12-14 16:00,0.515,7.969
2022-12-14 17:00,0.545,8.188
2022-12-14 18:00,0.572,8.389
2022-12-14 19:00,0.657,9.054
2022-12-14 20:00,0.720,9.612
2022-12-14 21:00,0.744,9.836
2022-12-14 22:00,0.751,9.905
2022-12-14 23:00,0.766,10.070
2022-12-15 00:00,0.823,10.732
2022-12-15 01:00,0.901,12.007
2022-12-15 02:00,0.893,11.855
2022-12-15 03:00,0.881,11.631
2022-12-15 04:00,0.878,11.569
2022-12-15 05:00,0.876,11.523
2022-12-15 06:00,0.867,11.372
2022-12-15 07:00,0.836,10.912
2022-12-15 08:00,0.745,9.857
2022-12-15 09:00,0.626,8.804
2022-12-15 10:00,0.479,7.711
2022-12-15 11:00,0.399,7.118
2022-12-15 12:00,0.418,7.263
2022-12-15 13:00,0.481,7.721
2022-12-15 14:00,0.546,8.194
2022-12-15 15:00,0.587,8.495
2022-12-15 16:00,0.559,8.290
2022-12-15 17:00,0.493,7.809
2022-12-15 18:00,0.438,7.401
2022-12-15 19:00,0.416,7.250
2022-12-15 20:00,0.410,7.208
2022-12-15 21:00,0.372,6.923
2022-12-15 22:00,0.346,6.729
2022-12-15 23:00,0.351,6.772
2022-12-16 00:00,0.258,6.030
2022-12-16 01:00,0.182,5.337
2022-12-16 02:00,0.162,5.131
2022-12-16 03:00,0.134,4.813
2022-12-16 04:00,0.157,5.064
2022-12-16 05:00,0.199,5.507
2022-12-16 06:00,0.264,6.083
2022-12-16 07:00,0.332,6.626
2022-12-16 08:00,0.352,6.784
2022-12-16 09:00,0.281,6.222
2022-12-16 10:00,0.283,6.232
2022-12-16 11:00,0.347,6.733
2022-12-16 12:00,0.438,7.404
2022-12-16 13:00,0.471,7.638
2022-12-16 14:00,0.443,7.446
2022-12-16 15:00,0.438,7.405
2022-12-16 16:00,0.584,8.480
2022-12-16 17:00,0.722,9.630
2022-12-16 18:00,0.770,10.116
2022-12-16 19:00,0.780,10.223
2022-12-16 20:00,0.778,10.190
2022-12-16 21:00,0.732,9.723
2022-12-16 22:00,0.711,9.527
2022-12-16 23:00,0.678,9.232
2022-12-17 00:00,0.675,9.215
2022-12-17 01:00,0.887,11.730
2022-12-17 02:00,0.911,12.230
2022-12-17 03:00,0.912,12.266
2022-12-17 04:00,0.923,12.516
2022-12-17 05:00,0.933,12.798
2022-12-17 06:00,0.942,13.091
2022-12-17 07:00,0.948,13.282
2022-12-17 08:00,0.943,13.110
2022-12-17 09:00,0.919,12.430
2022-12-17 10:00,0.897,11.921
2022-12-17 11:00,0.872,11.472
2022-12-17 12:00,0.860,11.270
2022-12-17 13:00,0.862,11.306
2022-12-17 14:00,0.859,11.246
2022-12-17 15:00,0.834,10.875
2022-12-17 16:00,0.806,10.529
2022-12-17 17:00,0.780,10.225
2022-12-17 18:00,0.737,9.776
2022-12-17 19:00,0.671,9.178
2022-12-17 20:00,0.627,8.814
2022-12-17 21:00,0.539,8.143
2022-12-17 22:00,0.448,7.482
2022-12-17 23:00,0.399,7.129
2022-12-18 00:00,0.285,6.256
2022-12-18 01:00,0.311,6.464
2022-12-18 02:00,0.465,7.601
2022-12-18 03:00,0.500,7.849
2022-12-18 04:00,0.522,8.021
2022-12-18 05:00,0.534,8.106
2022-12-18 06:00,0.528,8.055
2022-12-18 07:00,0.428,7.341
2022-12-18 08:00,0.275,6.177
2022-12-18 09:00,0.233,5.825
2022-12-18 10:00,0.232,5.810
2022-12-18 11:00,0.235,5.841
2022-12-18 12:00,0.226,5.757
2022-12-18 13:00,0.232,5.805
2022-12-18 14:00,0.258,6.038
2022-12-18 15:00,0.284,6.249
2022-12-18 16:00,0.311,6.460
2022-12-18 17:00,0.327,6.585
2022-12-18 18:00,0.332,6.622
2022-12-18 19:00,0.351,6.768
2022-12-18 20:00,0.368,6.900
2022-12-18 21:00,0.368,6.895
2022-12-18 22:00,0.352,6.778
2022-12-18 23:00,0.356,6.813
2022-12-19 00:00,0.341,6.695
2022-12-19 01:00,0.176,5.276
2022-12-19 02:00,0.129,4.754
2022-12-19 03:00,0.162,5.137
2022-12-19 04:00,0.173,5.247
2022-12-19 05:00,0.165,5.168
2022-12-19 06:00,0.130,4.772
2022-12-19 07:00,0.045,3.420
2022-12-19 08:00,0.008,2.142
2022-12-19 09:00,0.003,1.717
2022-12-19 10:00,0.006,2.003
2022-12-19 11:00,0.032,3.083
2022-12-19 12:00,0.095,4.286
2022-12-19 13:00,0.188,5.401
2022-12-19 14:00,0.308,6.436
2022-12-19 15:00,0.406,7.175
2022-12-19 16:00,0.445,7.459
2022-12-19 17:00,0.447,7.476
2022-12-19 18:00,0.443,7.448
2022-12-19 19:00,0.441,7.424
2022-12-19 20:00,0.418,7.264
2022-12-19 21:00,0.341,6.699
2022-12-19 22:00,0.270,6.136
2022-12-19 23:00,0.240,5.882
2022-12-20 00:00,0.210,5.615
2022-12-20 01:00,0.113,4.539
2022-12-20 02:00,0.130,4.771
2022-12-20 03:00,0.381,6.991
2022-12-20 04:00,0.494,7.817
2022-12-20 05:00,0.490,7.778
2022-12-20 06:00,0.396,7.108
2022-12-20 07:00,0.294,6.325
2022-12-20 08:00,0.280,6.218
2022-12-20 09:00,0.321,6.542
2022-12-20 10:00,0.435,7.383
2022-12-20 11:00,0.587,8.494
2022-12-20 12:00,0.715,9.564
2022-12-20 13:00,0.778,10.202
2022-12-20 14:00,0.826,10.765
2022-12-20 15:00,0.840,10.970
2022-12-20 16:00,0.845,11.043
2022-12-20 17:00,0.890,11.782
2022-12-20 18:00,0.906,12.123
2022-12-20 19:00,0.914,12.316
2022-12-20 20:00,0.888,11.752
2022-12-20 21:00,0.842,11.001
2022-12-20 22:00,0.775,10.164
2022-12-20 23:00,0.698,9.412
2022-12-21 00:00,0.578,8.432
2022-12-21 01:00,0.677,9.224
2022-12-21 02:00,0.731,9.719
2022-12-21 03:00,0.704,9.462
2022-12-21 04:00,0.700,9.428
2022-12-21 05:00,0.704,9.467
2022-12-21 06:00,0.718,9.585
2022-12-21 07:00,0.713,9.547
2022-12-21 08:00,0.590,8.523
2022-12-21 09:00,0.481,7.723
2022-12-21 10:00,0.466,7.610
2022-12-21 11:00,0.490,7.784
2022-12-21 12:00,0.582,8.464
2022-12-21 13:00,0.660,9.085
2022-12-21 14:00,0.688,9.324
2022-12-21 15:00,0.704,9.457
2022-12-21 16:00,0.692,9.360
2022-12-21 17:00,0.677,9.227
2022-12-21 18:00,0.674,9.194
2022-12-21 19:00,0.689,9.329
2022-12-21 20:00,0.721,9.620
2022-12-21 21:00,0.710,9.518
2022-12-21 22:00,0.788,10.314
2022-12-21 23:00,0.851,11.121
2022-12-22 00:00,0.878,11.565
2022-12-22 01:00,0.984,15.451
2022-12-22 02:00,0.985,15.512
2022-12-22 03:00,0.983,15.345
2022-12-22 04:00,0.983,15.254
2022-12-22 05:00,0.981,15.128
2022-12-22 06:00,0.980,14.967
2022-12-22 07:00,0.974,14.532
2022-12-22 08:00,0.956,13.586
2022-12-22 09:00,0.935,12.870
2022-12-22 10:00,0.930,12.708
2022-12-22 11:00,0.919,12.415
2022-12-22 12:00,0.912,12.266
2022-12-22 13:00,0.924,12.543
2022-12-22 14:00,0.930,12.716
2022-12-22 15:00,0.945,13.178
2022-12-22 16:00,0.956,13.603
2022-12-22 17:00,0.957,13.646
2022-12-22 18:00,0.958,13.668
2022-12-22 19:00,0.960,13.736
2022-12-22 20:00,0.958,13.660
2022-12-22 21:00,0.950,13.345
2022-12-22 22:00,0.947,13.253
2022-12-22 23:00,0.950,13.357
2022-12-23 00:00,0.949,13.329
2022-12-23 01:00,0.965,14.017
2022-12-23 02:00,0.973,14.455
2022-12-23 03:00,0.976,14.692
2022-12-23 04:00,0.978,14.801
2022-12-23 05:00,0.975,14.571
2022-12-23 06:00,0.970,14.279
2022-12-23 07:00,0.956,13.611
2022-12-23 08:00,0.940,13.018
2022-12-23 09:00,0.940,13.005
2022-12-23 10:00,0.939,12.980
2022-12-23 11:00,0.929,12.679
2022-12-23 12:00,0.919,12.438
2022-12-23 13:00,0.915,12.325
2022-12-23 14:00,0.905,12.101
2022-12-23 15:00,0.898,11.956
2022-12-23 16:00,0.889,11.758
2022-12-23 17:00,0.886,11.717
2022-12-23 18:00,0.879,11.592
2022-12-23 19:00,0.876,11.542
2022-12-23 20:00,0.876,11.540
2022-12-23 21:00,0.856,11.210
2022-12-23 22:00,0.847,11.069
2022-12-23 23:00,0.826,10.763
2022-12-24 00:00,0.749,9.892
2022-12-24 01:00,0.619,8.749
2022-12-24 02:00,0.706,9.480
2022-12-24 03:00,0.727,9.677
2022-12-24 04:00,0.727,9.672
2022-12-24 05:00,0.734,9.740
2022-12-24 06:00,0.732,9.729
2022-12-24 07:00,0.627,8.815
2022-12-24 08:00,0.634,8.874
2022-12-24 09:00,0.700,9.425
2022-12-24 10:00,0.718,9.591
2022-12-24 11:00,0.729,9.699
2022-12-24 12:00,0.754,9.947
2022-12-24 13:00,0.773,10.143
2022-12-24 14:00,0.788,10.316
2022-12-24 15:00,0.791,10.330
2022-12-24 16:00,0.780,10.211
2022-12-24 17:00,0.762,10.026
2022-12-24 18:00,0.753,9.924
2022-12-24 19:00,0.748,9.880
2022-12-24 20:00,0.731,9.712
2022-12-24 21:00,0.691,9.352
2022-12-24 22:00,0.652,9.013
2022-12-24 23:00,0.621,8.761
2022-12-25 00:00,0.519,7.999
2022-12-25 01:00,0.268,6.124
2022-12-25 02:00,0.137,4.851
2022-12-25 03:00,0.056,3.637
2022-12-25 04:00,0.016,2.555
2022-12-25 05:00,0.005,1.894
2022-12-25 06:00,0.001,1.410
2022-12-25 07:00,0,1.006
2022-12-25 08:00,0,0.979
2022-12-25 09:00,0.001,1.315
2022-12-25 10:00,0.001,1.472
2022-12-25 11:00,0.002,1.583
2022-12-25 12:00,0.013,2.427
2022-12-25 13:00,0.066,3.829
2022-12-25 14:00,0.175,5.268
2022-12-25 15:00,0.341,6.693
2022-12-25 16:00,0.444,7.453
2022-12-25 17:00,0.484,7.737
2022-12-25 18:00,0.503,7.869
2022-12-25 19:00,0.500,7.855
2022-12-25 20:00,0.481,7.725
2022-12-25 21:00,0.421,7.292
2022-12-25 22:00,0.350,6.764
2022-12-25 23:00,0.283,6.238
2022-12-26 00:00,0.205,5.561
2022-12-26 01:00,0.081,4.080
2022-12-26 02:00,0.079,4.063
2022-12-26 03:00,0.116,4.590
2022-12-26 04:00,0.130,4.766
2022-12-26 05:00,0.161,5.122
2022-12-26 06:00,0.182,5.341
2022-12-26 07:00,0.149,4.992
2022-12-26 08:00,0.134,4.813
2022-12-26 09:00,0.172,5.236
2022-12-26 10:00,0.239,5.873
2022-12-26 11:00,0.268,6.119
2022-12-26 12:00,0.268,6.119
2022-12-26 13:00,0.272,6.154
2022-12-26 14:00,0.323,6.563
2022-12-26 15:00,0.400,7.134
2022-12-26 16:00,0.450,7.494
2022-12-26 17:00,0.450,7.500
2022-12-26 18:00,0.450,7.496
2022-12-26 19:00,0.463,7.588
2022-12-26 20:00,0.474,7.662
2022-12-26 21:00,0.429,7.343
2022-12-26 22:00,0.390,7.059
2022-12-26 23:00,0.346,6.727
2022-12-27 00:00,0.271,6.144
2022-12-27 01:00,0.345,6.723
2022-12-27 02:00,0.577,8.425
2022-12-27 03:00,0.671,9.171
2022-12-27 04:00,0.770,10.100
2022-12-27 05:00,0.837,10.932
2022-12-27 06:00,0.869,11.409
2022-12-27 07:00,0.856,11.200
2022-12-27 08:00,0.814,10.617
2022-12-27 09:00,0.770,10.103
2022-12-27 10:00,0.729,9.688
2022-12-27 11:00,0.694,9.373
2022-12-27 12:00,0.675,9.210
2022-12-27 13:00,0.648,8.983
2022-12-27 14:00,0.619,8.751
2022-12-27 15:00,0.634,8.871
2022-12-27 16:00,0.656,9.047
2022-12-27 17:00,0.626,8.797
2022-12-27 18:00,0.605,8.640
2022-12-27 19:00,0.537,8.131
2022-12-27 20:00,0.529,8.072
2022-12-27 21:00,0.494,7.818
2022-12-27 22:00,0.403,7.155
2022-12-27 23:00,0.315,6.500
2022-12-28 00:00,0.205,5.561
2022-12-28 01:00,0.141,4.896
2022-12-28 02:00,0.344,6.721
2022-12-28 03:00,0.378,6.972
2022-12-28 04:00,0.375,6.946
2022-12-28 05:00,0.394,7.083
2022-12-28 06:00,0.421,7.291
2022-12-28 07:00,0.375,6.951
2022-12-28 08:00,0.388,7.049
2022-12-28 09:00,0.412,7.221
2022-12-28 10:00,0.434,7.374
2022-12-28 11:00,0.460,7.571
2022-12-28 12:00,0.493,7.807
2022-12-28 13:00,0.510,7.935
2022-12-28 14:00,0.500,7.848
2022-12-28 15:00,0.500,7.856
2022-12-28 16:00,0.508,7.914
2022-12-28 17:00,0.524,8.027
2022-12-28 18:00,0.539,8.142
2022-12-28 19:00,0.558,8.276
2022-12-28 20:00,0.572,8.388
2022-12-28 21:00,0.568,8.356
2022-12-28 22:00,0.561,8.303
2022-12-28 23:00,0.561,8.299
2022-12-29 00:00,0.511,7.940
2022-12-29 01:00,0.416,7.250
2022-12-29 02:00,0.621,8.766
2022-12-29 03:00,0.665,9.127
2022-12-29 04:00,0.623,8.778
2022-12-29 05:00,0.587,8.491
2022-12-29 06:00,0.550,8.223
2022-12-29 07:00,0.427,7.328
2022-12-29 08:00,0.393,7.079
2022-12-29 09:00,0.384,7.012
2022-12-29 10:00,0.369,6.908
2022-12-29 11:00,0.368,6.889
2022-12-29 12:00,0.418,7.269
2022-12-29 13:00,0.513,7.953
2022-12-29 14:00,0.537,8.129
2022-12-29 15:00,0.513,7.955
2022-12-29 16:00,0.465,7.607
2022-12-29 17:00,0.419,7.272
2022-12-29 18:00,0.395,7.094
2022-12-29 19:00,0.387,7.043
2022-12-29 20:00,0.399,7.125
2022-12-29 21:00,0.423,7.307
2022-12-29 22:00,0.438,7.407
2022-12-29 23:00,0.476,7.683
2022-12-30 00:00,0.418,7.264
2022-12-30 01:00,0.208,5.580
2022-12-30 02:00,0.081,4.083
2022-12-30 03:00,0.067,3.844
2022-12-30 04:00,0.062,3.765
2022-12-30 05:00,0.056,3.625
2022-12-30 06:00,0.046,3.439
2022-12-30 07:00,0.034,3.126
2022-12-30 08:00,0.056,3.630
2022-12-30 09:00,0.109,4.497
2022-12-30 10:00,0.166,5.178
2022-12-30 11:00,0.242,5.902
2022-12-30 12:00,0.362,6.848
2022-12-30 13:00,0.497,7.840
2022-12-30 14:00,0.603,8.628
2022-12-30 15:00,0.656,9.046
2022-12-30 16:00,0.657,9.052
2022-12-30 17:00,0.631,8.846
2022-12-30 18:00,0.654,9.025
2022-12-30 19:00,0.592,8.539
2022-12-30 20:00,0.463,7.585
2022-12-30 21:00,0.402,7.143
2022-12-30 22:00,0.396,7.107
2022-12-30 23:00,0.473,7.655
2022-12-31 00:00,0.525,8.036
2022-12-31 01:00,0.448,7.482
2022-12-31 02:00,0.657,9.055
2022-12-31 03:00,0.649,8.985
2022-12-31 04:00,0.577,8.422
2022-12-31 05:00,0.514,7.964
2022-12-31 06:00,0.457,7.547
2022-12-31 07:00,0.365,6.878
2022-12-31 08:00,0.344,6.715
2022-12-31 09:00,0.348,6.742
2022-12-31 10:00,0.349,6.749
2022-12-31 11:00,0.362,6.847
2022-12-31 12:00,0.327,6.590
2022-12-31 13:00,0.257,6.025
2022-12-31 14:00,0.242,5.903
2022-12-31 15:00,0.296,6.345
2022-12-31 16:00,0.365,6.877
2022-12-31 17:00,0.409,7.190
2022-12-31 18:00,0.429,7.345
2022-12-31 19:00,0.445,7.460
2022-12-31 20:00,0.460,7.567
2022-12-31 21:00,0.463,7.589
2022-12-31 22:00,0.452,7.506
2022-12-31 23:00,0.443,7.444
