# Renewables.ninja Solar photovoltaic power (PV) (Point API) - 42.226, 119.219 - Version: 1.4 (gsee f9b6961) - License: https://creativecommons.org/licenses/by-nc/4.0/ - Reference: https://doi.org/10.1016/j.energy.2016.08.060,,,,,,,,,,,,,,,,
# Units: time in UTC, electricity in kW, irradiance_direct in unknown, irradiance_diffuse in unknown, temperature in ºC,,,,,,,,,,,,,
"# {""units"": {""time"": ""UTC"""," ""electricity"": ""kW"""," ""irradiance_direct"": ""unknown"""," ""irradiance_diffuse"": ""unknown"""," ""temperature"": ""\u00baC""}"," ""params"": {""lat"": ""42.2256437"""," ""lon"": ""119.2190097"""," ""date_from"": ""2022-01-01"""," ""date_to"": ""2022-12-31"""," ""dataset"": ""merra2"""," ""header"": ""true"""," ""local_time"": ""false"""," ""capacity"": ""1"""," ""system_loss"": ""0.1"""," ""tracking"": ""0"""," ""tilt"": ""35"""," ""azim"": ""180"""," ""raw"": ""true""}}"
time,electricity,irradiance_direct,irradiance_diffuse,temperature,,,,,,,,,,,,,
2022/1/1 0:00,0.035,0.011,0.043,-9.686,,,,,,,,,,,,,
2022/1/1 1:00,0.096,0.021,0.092,-7.971,,,,,,,,,,,,,
2022/1/1 2:00,0.247,0.098,0.164,-5.522,,,,,,,,,,,,,
2022/1/1 3:00,0.607,0.509,0.147,-3.407,,,,,,,,,,,,,
2022/1/1 4:00,0.646,0.567,0.137,-3.207,,,,,,,,,,,,,
2022/1/1 5:00,0.597,0.517,0.125,-4.084,,,,,,,,,,,,,
2022/1/1 6:00,0.489,0.415,0.099,-5.353,,,,,,,,,,,,,
2022/1/1 7:00,0.279,0.227,0.065,-6.906,,,,,,,,,,,,,
2022/1/1 8:00,0.021,0.03,0.009,-8.816,,,,,,,,,,,,,
2022/1/1 9:00,0,0,0,-10.273,,,,,,,,,,,,,
2022/1/1 10:00,0,0,0,-11.283,,,,,,,,,,,,,
2022/1/1 11:00,0,0,0,-12.138,,,,,,,,,,,,,
2022/1/1 12:00,0,0,0,-12.93,,,,,,,,,,,,,
2022/1/1 13:00,0,0,0,-13.676,,,,,,,,,,,,,
2022/1/1 14:00,0,0,0,-14.297,,,,,,,,,,,,,
2022/1/1 15:00,0,0,0,-14.828,,,,,,,,,,,,,
2022/1/1 16:00,0,0,0,-15.451,,,,,,,,,,,,,
2022/1/1 17:00,0,0,0,-16.021,,,,,,,,,,,,,
2022/1/1 18:00,0,0,0,-16.48,,,,,,,,,,,,,
2022/1/1 19:00,0,0,0,-16.872,,,,,,,,,,,,,
2022/1/1 20:00,0,0,0,-17.238,,,,,,,,,,,,,
2022/1/1 21:00,0,0,0,-17.482,,,,,,,,,,,,,
2022/1/1 22:00,0,0,0,-17.579,,,,,,,,,,,,,
2022/1/1 23:00,0.008,0.017,0.006,-17.568,,,,,,,,,,,,,
2022/1/2 0:00,0.328,0.28,0.05,-15.077,,,,,,,,,,,,,
2022/1/2 1:00,0.571,0.517,0.071,-11.763,,,,,,,,,,,,,
2022/1/2 2:00,0.713,0.68,0.084,-8.778,,,,,,,,,,,,,
2022/1/2 3:00,0.776,0.762,0.09,-6.583,,,,,,,,,,,,,
2022/1/2 4:00,0.769,0.758,0.092,-5.377,,,,,,,,,,,,,
2022/1/2 5:00,0.692,0.666,0.089,-4.59,,,,,,,,,,,,,
2022/1/2 6:00,0.51,0.455,0.086,-4.304,,,,,,,,,,,,,
2022/1/2 7:00,0.281,0.236,0.06,-5.402,,,,,,,,,,,,,
2022/1/2 8:00,0.022,0.032,0.009,-8.148,,,,,,,,,,,,,
2022/1/2 9:00,0,0,0,-9.591,,,,,,,,,,,,,
2022/1/2 10:00,0,0,0,-10.316,,,,,,,,,,,,,
2022/1/2 11:00,0,0,0,-10.849,,,,,,,,,,,,,
2022/1/2 12:00,0,0,0,-11.279,,,,,,,,,,,,,
2022/1/2 13:00,0,0,0,-11.596,,,,,,,,,,,,,
2022/1/2 14:00,0,0,0,-11.885,,,,,,,,,,,,,
2022/1/2 15:00,0,0,0,-12.305,,,,,,,,,,,,,
2022/1/2 16:00,0,0,0,-12.839,,,,,,,,,,,,,
2022/1/2 17:00,0,0,0,-13.432,,,,,,,,,,,,,
2022/1/2 18:00,0,0,0,-13.948,,,,,,,,,,,,,
2022/1/2 19:00,0,0,0,-14.393,,,,,,,,,,,,,
2022/1/2 20:00,0,0,0,-14.793,,,,,,,,,,,,,
2022/1/2 21:00,0,0,0,-15.135,,,,,,,,,,,,,
2022/1/2 22:00,0,0,0,-15.38,,,,,,,,,,,,,
2022/1/2 23:00,0.008,0.018,0.006,-15.522,,,,,,,,,,,,,
2022/1/3 0:00,0.319,0.273,0.051,-13.371,,,,,,,,,,,,,
2022/1/3 1:00,0.566,0.515,0.072,-10.472,,,,,,,,,,,,,
2022/1/3 2:00,0.709,0.681,0.083,-7.635,,,,,,,,,,,,,
2022/1/3 3:00,0.778,0.771,0.088,-5.762,,,,,,,,,,,,,
2022/1/3 4:00,0.775,0.769,0.09,-4.978,,,,,,,,,,,,,
2022/1/3 5:00,0.705,0.685,0.085,-4.72,,,,,,,,,,,,,
2022/1/3 6:00,0.559,0.52,0.075,-4.951,,,,,,,,,,,,,
2022/1/3 7:00,0.321,0.281,0.055,-6.052,,,,,,,,,,,,,
2022/1/3 8:00,0.033,0.043,0.008,-9.365,,,,,,,,,,,,,
2022/1/3 9:00,0,0,0,-11.161,,,,,,,,,,,,,
2022/1/3 10:00,0,0,0,-12.03,,,,,,,,,,,,,
2022/1/3 11:00,0,0,0,-12.675,,,,,,,,,,,,,
2022/1/3 12:00,0,0,0,-13.247,,,,,,,,,,,,,
2022/1/3 13:00,0,0,0,-13.765,,,,,,,,,,,,,
2022/1/3 14:00,0,0,0,-14.221,,,,,,,,,,,,,
2022/1/3 15:00,0,0,0,-14.693,,,,,,,,,,,,,
2022/1/3 16:00,0,0,0,-15.179,,,,,,,,,,,,,
2022/1/3 17:00,0,0,0,-15.604,,,,,,,,,,,,,
2022/1/3 18:00,0,0,0,-16.013,,,,,,,,,,,,,
2022/1/3 19:00,0,0,0,-16.403,,,,,,,,,,,,,
2022/1/3 20:00,0,0,0,-16.734,,,,,,,,,,,,,
2022/1/3 21:00,0,0,0,-16.909,,,,,,,,,,,,,
2022/1/3 22:00,0,0,0,-16.841,,,,,,,,,,,,,
2022/1/3 23:00,0.011,0.021,0.006,-16.422,,,,,,,,,,,,,
2022/1/4 0:00,0.322,0.273,0.051,-14.388,,,,,,,,,,,,,
2022/1/4 1:00,0.561,0.504,0.074,-11.282,,,,,,,,,,,,,
2022/1/4 2:00,0.7,0.663,0.087,-8.18,,,,,,,,,,,,,
2022/1/4 3:00,0.768,0.752,0.093,-5.95,,,,,,,,,,,,,
2022/1/4 4:00,0.763,0.75,0.094,-4.626,,,,,,,,,,,,,
2022/1/4 5:00,0.69,0.666,0.09,-3.699,,,,,,,,,,,,,
2022/1/4 6:00,0.541,0.5,0.079,-3.328,,,,,,,,,,,,,
2022/1/4 7:00,0.305,0.264,0.058,-4.596,,,,,,,,,,,,,
2022/1/4 8:00,0.03,0.039,0.009,-7.779,,,,,,,,,,,,,
2022/1/4 9:00,0,0,0,-9.427,,,,,,,,,,,,,
2022/1/4 10:00,0,0,0,-10.333,,,,,,,,,,,,,
2022/1/4 11:00,0,0,0,-11.046,,,,,,,,,,,,,
2022/1/4 12:00,0,0,0,-11.616,,,,,,,,,,,,,
2022/1/4 13:00,0,0,0,-12.031,,,,,,,,,,,,,
2022/1/4 14:00,0,0,0,-12.315,,,,,,,,,,,,,
2022/1/4 15:00,0,0,0,-12.505,,,,,,,,,,,,,
2022/1/4 16:00,0,0,0,-12.68,,,,,,,,,,,,,
2022/1/4 17:00,0,0,0,-12.928,,,,,,,,,,,,,
2022/1/4 18:00,0,0,0,-13.173,,,,,,,,,,,,,
2022/1/4 19:00,0,0,0,-13.33,,,,,,,,,,,,,
2022/1/4 20:00,0,0,0,-13.492,,,,,,,,,,,,,
2022/1/4 21:00,0,0,0,-13.718,,,,,,,,,,,,,
2022/1/4 22:00,0,0,0,-13.916,,,,,,,,,,,,,
2022/1/4 23:00,0.006,0.015,0.007,-14.009,,,,,,,,,,,,,
2022/1/5 0:00,0.297,0.249,0.055,-11.865,,,,,,,,,,,,,
2022/1/5 1:00,0.544,0.49,0.078,-8.543,,,,,,,,,,,,,
2022/1/5 2:00,0.685,0.652,0.09,-5.697,,,,,,,,,,,,,
2022/1/5 3:00,0.735,0.717,0.1,-2.768,,,,,,,,,,,,,
2022/1/5 4:00,0.732,0.719,0.101,-1.461,,,,,,,,,,,,,
2022/1/5 5:00,0.663,0.638,0.095,-0.892,,,,,,,,,,,,,
2022/1/5 6:00,0.525,0.485,0.082,-0.992,,,,,,,,,,,,,
2022/1/5 7:00,0.297,0.257,0.059,-2.709,,,,,,,,,,,,,
2022/1/5 8:00,0.031,0.041,0.009,-6.363,,,,,,,,,,,,,
2022/1/5 9:00,0,0,0,-8.102,,,,,,,,,,,,,
2022/1/5 10:00,0,0,0,-9.016,,,,,,,,,,,,,
2022/1/5 11:00,0,0,0,-9.702,,,,,,,,,,,,,
2022/1/5 12:00,0,0,0,-10.359,,,,,,,,,,,,,
2022/1/5 13:00,0,0,0,-11.004,,,,,,,,,,,,,
2022/1/5 14:00,0,0,0,-11.554,,,,,,,,,,,,,
2022/1/5 15:00,0,0,0,-12.03,,,,,,,,,,,,,
2022/1/5 16:00,0,0,0,-12.403,,,,,,,,,,,,,
2022/1/5 17:00,0,0,0,-12.711,,,,,,,,,,,,,
2022/1/5 18:00,0,0,0,-13.035,,,,,,,,,,,,,
2022/1/5 19:00,0,0,0,-13.374,,,,,,,,,,,,,
2022/1/5 20:00,0,0,0,-13.685,,,,,,,,,,,,,
2022/1/5 21:00,0,0,0,-13.829,,,,,,,,,,,,,
2022/1/5 22:00,0,0,0,-13.75,,,,,,,,,,,,,
2022/1/5 23:00,0.01,0.02,0.007,-13.272,,,,,,,,,,,,,
2022/1/6 0:00,0.306,0.259,0.054,-11.226,,,,,,,,,,,,,
2022/1/6 1:00,0.54,0.485,0.079,-8.113,,,,,,,,,,,,,
2022/1/6 2:00,0.679,0.643,0.092,-5.498,,,,,,,,,,,,,
2022/1/6 3:00,0.743,0.731,0.098,-2.616,,,,,,,,,,,,,
2022/1/6 4:00,0.736,0.729,0.099,-0.481,,,,,,,,,,,,,
2022/1/6 5:00,0.664,0.648,0.094,0.916,,,,,,,,,,,,,
2022/1/6 6:00,0.525,0.493,0.081,1.37,,,,,,,,,,,,,
2022/1/6 7:00,0.299,0.264,0.059,0.213,,,,,,,,,,,,,
2022/1/6 8:00,0.033,0.044,0.009,-1.707,,,,,,,,,,,,,
2022/1/6 9:00,0,0,0,-3.232,,,,,,,,,,,,,
2022/1/6 10:00,0,0,0,-4.651,,,,,,,,,,,,,
2022/1/6 11:00,0,0,0,-5.747,,,,,,,,,,,,,
2022/1/6 12:00,0,0,0,-6.77,,,,,,,,,,,,,
2022/1/6 13:00,0,0,0,-7.832,,,,,,,,,,,,,
2022/1/6 14:00,0,0,0,-8.694,,,,,,,,,,,,,
2022/1/6 15:00,0,0,0,-9.303,,,,,,,,,,,,,
2022/1/6 16:00,0,0,0,-9.764,,,,,,,,,,,,,
2022/1/6 17:00,0,0,0,-10.143,,,,,,,,,,,,,
2022/1/6 18:00,0,0,0,-10.488,,,,,,,,,,,,,
2022/1/6 19:00,0,0,0,-10.803,,,,,,,,,,,,,
2022/1/6 20:00,0,0,0,-11.129,,,,,,,,,,,,,
2022/1/6 21:00,0,0,0,-11.474,,,,,,,,,,,,,
2022/1/6 22:00,0,0,0,-11.826,,,,,,,,,,,,,
2022/1/6 23:00,0.015,0.025,0.007,-12.039,,,,,,,,,,,,,
2022/1/7 0:00,0.331,0.289,0.052,-9.804,,,,,,,,,,,,,
2022/1/7 1:00,0.562,0.519,0.074,-6.676,,,,,,,,,,,,,
2022/1/7 2:00,0.699,0.678,0.086,-4.217,,,,,,,,,,,,,
2022/1/7 3:00,0.753,0.755,0.094,-1.192,,,,,,,,,,,,,
2022/1/7 4:00,0.745,0.754,0.095,1.324,,,,,,,,,,,,,
2022/1/7 5:00,0.674,0.67,0.09,2.275,,,,,,,,,,,,,
2022/1/7 6:00,0.53,0.503,0.08,2.35,,,,,,,,,,,,,
2022/1/7 7:00,0.3,0.265,0.059,0.671,,,,,,,,,,,,,
2022/1/7 8:00,0.033,0.043,0.01,-1.723,,,,,,,,,,,,,
2022/1/7 9:00,0,0,0,-3.65,,,,,,,,,,,,,
2022/1/7 10:00,0,0,0,-5.109,,,,,,,,,,,,,
2022/1/7 11:00,0,0,0,-6.087,,,,,,,,,,,,,
2022/1/7 12:00,0,0,0,-6.666,,,,,,,,,,,,,
2022/1/7 13:00,0,0,0,-6.994,,,,,,,,,,,,,
2022/1/7 14:00,0,0,0,-7.379,,,,,,,,,,,,,
2022/1/7 15:00,0,0,0,-8.045,,,,,,,,,,,,,
2022/1/7 16:00,0,0,0,-8.83,,,,,,,,,,,,,
2022/1/7 17:00,0,0,0,-9.362,,,,,,,,,,,,,
2022/1/7 18:00,0,0,0,-9.826,,,,,,,,,,,,,
2022/1/7 19:00,0,0,0,-10.066,,,,,,,,,,,,,
2022/1/7 20:00,0,0,0,-10.448,,,,,,,,,,,,,
2022/1/7 21:00,0,0,0,-10.617,,,,,,,,,,,,,
2022/1/7 22:00,0,0,0,-10.673,,,,,,,,,,,,,
2022/1/7 23:00,0.01,0.02,0.007,-10.671,,,,,,,,,,,,,
2022/1/8 0:00,0.294,0.247,0.058,-8.732,,,,,,,,,,,,,
2022/1/8 1:00,0.532,0.478,0.082,-6.606,,,,,,,,,,,,,
2022/1/8 2:00,0.679,0.642,0.095,-5.087,,,,,,,,,,,,,
2022/1/8 3:00,0.752,0.734,0.1,-4.064,,,,,,,,,,,,,
2022/1/8 4:00,0.751,0.734,0.101,-3.485,,,,,,,,,,,,,
2022/1/8 5:00,0.681,0.651,0.096,-3.277,,,,,,,,,,,,,
2022/1/8 6:00,0.532,0.483,0.085,-3.48,,,,,,,,,,,,,
2022/1/8 7:00,0.297,0.252,0.062,-4.305,,,,,,,,,,,,,
2022/1/8 8:00,0.034,0.042,0.01,-7.014,,,,,,,,,,,,,
2022/1/8 9:00,0,0,0,-8.794,,,,,,,,,,,,,
2022/1/8 10:00,0,0,0,-9.484,,,,,,,,,,,,,
2022/1/8 11:00,0,0,0,-9.811,,,,,,,,,,,,,
2022/1/8 12:00,0,0,0,-9.983,,,,,,,,,,,,,
2022/1/8 13:00,0,0,0,-10.164,,,,,,,,,,,,,
2022/1/8 14:00,0,0,0,-10.52,,,,,,,,,,,,,
2022/1/8 15:00,0,0,0,-11.07,,,,,,,,,,,,,
2022/1/8 16:00,0,0,0,-11.678,,,,,,,,,,,,,
2022/1/8 17:00,0,0,0,-12.105,,,,,,,,,,,,,
2022/1/8 18:00,0,0,0,-12.349,,,,,,,,,,,,,
2022/1/8 19:00,0,0,0,-12.451,,,,,,,,,,,,,
2022/1/8 20:00,0,0,0,-12.524,,,,,,,,,,,,,
2022/1/8 21:00,0,0,0,-12.297,,,,,,,,,,,,,
2022/1/8 22:00,0,0,0,-11.515,,,,,,,,,,,,,
2022/1/8 23:00,0,0.003,0.006,-10.8,,,,,,,,,,,,,
2022/1/9 0:00,0.057,0.017,0.058,-9.376,,,,,,,,,,,,,
2022/1/9 1:00,0.149,0.041,0.124,-7.428,,,,,,,,,,,,,
2022/1/9 2:00,0.224,0.065,0.174,-5.714,,,,,,,,,,,,,
2022/1/9 3:00,0.268,0.082,0.201,-4.735,,,,,,,,,,,,,
2022/1/9 4:00,0.334,0.138,0.214,-4.14,,,,,,,,,,,,,
2022/1/9 5:00,0.236,0.072,0.181,-3.976,,,,,,,,,,,,,
2022/1/9 6:00,0.15,0.039,0.129,-4.122,,,,,,,,,,,,,
2022/1/9 7:00,0.064,0.017,0.066,-4.655,,,,,,,,,,,,,
2022/1/9 8:00,0,0.003,0.009,-6.315,,,,,,,,,,,,,
2022/1/9 9:00,0,0,0,-7.512,,,,,,,,,,,,,
2022/1/9 10:00,0,0,0,-8.195,,,,,,,,,,,,,
2022/1/9 11:00,0,0,0,-8.704,,,,,,,,,,,,,
2022/1/9 12:00,0,0,0,-9.019,,,,,,,,,,,,,
2022/1/9 13:00,0,0,0,-9.146,,,,,,,,,,,,,
2022/1/9 14:00,0,0,0,-9.512,,,,,,,,,,,,,
2022/1/9 15:00,0,0,0,-9.831,,,,,,,,,,,,,
2022/1/9 16:00,0,0,0,-10.385,,,,,,,,,,,,,
2022/1/9 17:00,0,0,0,-10.994,,,,,,,,,,,,,
2022/1/9 18:00,0,0,0,-11.522,,,,,,,,,,,,,
2022/1/9 19:00,0,0,0,-12.032,,,,,,,,,,,,,
2022/1/9 20:00,0,0,0,-12.419,,,,,,,,,,,,,
2022/1/9 21:00,0,0,0,-12.792,,,,,,,,,,,,,
2022/1/9 22:00,0,0,0,-13.223,,,,,,,,,,,,,
2022/1/9 23:00,0,0.003,0.007,-13.81,,,,,,,,,,,,,
2022/1/10 0:00,0.135,0.08,0.068,-13.851,,,,,,,,,,,,,
2022/1/10 1:00,0.399,0.291,0.113,-13.329,,,,,,,,,,,,,
2022/1/10 2:00,0.695,0.629,0.099,-12.512,,,,,,,,,,,,,
2022/1/10 3:00,0.79,0.749,0.099,-11.68,,,,,,,,,,,,,
2022/1/10 4:00,0.794,0.757,0.098,-11.075,,,,,,,,,,,,,
2022/1/10 5:00,0.718,0.667,0.094,-10.815,,,,,,,,,,,,,
2022/1/10 6:00,0.559,0.492,0.085,-11.05,,,,,,,,,,,,,
2022/1/10 7:00,0.311,0.254,0.063,-11.839,,,,,,,,,,,,,
2022/1/10 8:00,0.041,0.047,0.011,-13.21,,,,,,,,,,,,,
2022/1/10 9:00,0,0,0,-14.375,,,,,,,,,,,,,
2022/1/10 10:00,0,0,0,-15.091,,,,,,,,,,,,,
2022/1/10 11:00,0,0,0,-15.698,,,,,,,,,,,,,
2022/1/10 12:00,0,0,0,-16.21,,,,,,,,,,,,,
2022/1/10 13:00,0,0,0,-16.695,,,,,,,,,,,,,
2022/1/10 14:00,0,0,0,-17.195,,,,,,,,,,,,,
2022/1/10 15:00,0,0,0,-17.648,,,,,,,,,,,,,
2022/1/10 16:00,0,0,0,-18.119,,,,,,,,,,,,,
2022/1/10 17:00,0,0,0,-18.544,,,,,,,,,,,,,
2022/1/10 18:00,0,0,0,-18.922,,,,,,,,,,,,,
2022/1/10 19:00,0,0,0,-19.198,,,,,,,,,,,,,
2022/1/10 20:00,0,0,0,-19.413,,,,,,,,,,,,,
2022/1/10 21:00,0,0,0,-19.532,,,,,,,,,,,,,
2022/1/10 22:00,0,0,0,-19.553,,,,,,,,,,,,,
2022/1/10 23:00,0.025,0.033,0.008,-19.429,,,,,,,,,,,,,
2022/1/11 0:00,0.372,0.317,0.052,-17.188,,,,,,,,,,,,,
2022/1/11 1:00,0.608,0.549,0.072,-14.583,,,,,,,,,,,,,
2022/1/11 2:00,0.748,0.708,0.084,-12.231,,,,,,,,,,,,,
2022/1/11 3:00,0.813,0.79,0.09,-10.821,,,,,,,,,,,,,
2022/1/11 4:00,0.809,0.788,0.091,-9.858,,,,,,,,,,,,,
2022/1/11 5:00,0.736,0.704,0.087,-9.196,,,,,,,,,,,,,
2022/1/11 6:00,0.588,0.54,0.076,-8.956,,,,,,,,,,,,,
2022/1/11 7:00,0.347,0.3,0.057,-9.433,,,,,,,,,,,,,
2022/1/11 8:00,0.057,0.064,0.01,-12.137,,,,,,,,,,,,,
2022/1/11 9:00,0,0,0,-13.373,,,,,,,,,,,,,
2022/1/11 10:00,0,0,0,-13.498,,,,,,,,,,,,,
2022/1/11 11:00,0,0,0,-13.439,,,,,,,,,,,,,
2022/1/11 12:00,0,0,0,-13.615,,,,,,,,,,,,,
2022/1/11 13:00,0,0,0,-13.972,,,,,,,,,,,,,
2022/1/11 14:00,0,0,0,-14.434,,,,,,,,,,,,,
2022/1/11 15:00,0,0,0,-15.039,,,,,,,,,,,,,
2022/1/11 16:00,0,0,0,-15.926,,,,,,,,,,,,,
2022/1/11 17:00,0,0,0,-16.875,,,,,,,,,,,,,
2022/1/11 18:00,0,0,0,-17.597,,,,,,,,,,,,,
2022/1/11 19:00,0,0,0,-17.451,,,,,,,,,,,,,
2022/1/11 20:00,0,0,0,-17.185,,,,,,,,,,,,,
2022/1/11 21:00,0,0,0,-17.043,,,,,,,,,,,,,
2022/1/11 22:00,0,0,0,-16.238,,,,,,,,,,,,,
2022/1/11 23:00,0,0.004,0.007,-15.528,,,,,,,,,,,,,
2022/1/12 0:00,0.074,0.028,0.062,-13.675,,,,,,,,,,,,,
2022/1/12 1:00,0.168,0.056,0.124,-11.579,,,,,,,,,,,,,
2022/1/12 2:00,0.286,0.119,0.176,-9.621,,,,,,,,,,,,,
2022/1/12 3:00,0.401,0.215,0.2,-8.25,,,,,,,,,,,,,
2022/1/12 4:00,0.52,0.361,0.184,-7.37,,,,,,,,,,,,,
2022/1/12 5:00,0.539,0.414,0.152,-6.891,,,,,,,,,,,,,
2022/1/12 6:00,0.468,0.374,0.114,-7.024,,,,,,,,,,,,,
2022/1/12 7:00,0.304,0.246,0.07,-8.028,,,,,,,,,,,,,
2022/1/12 8:00,0.048,0.054,0.012,-10.141,,,,,,,,,,,,,
2022/1/12 9:00,0,0,0,-11.779,,,,,,,,,,,,,
2022/1/12 10:00,0,0,0,-12.558,,,,,,,,,,,,,
2022/1/12 11:00,0,0,0,-12.995,,,,,,,,,,,,,
2022/1/12 12:00,0,0,0,-13.525,,,,,,,,,,,,,
2022/1/12 13:00,0,0,0,-14.096,,,,,,,,,,,,,
2022/1/12 14:00,0,0,0,-14.609,,,,,,,,,,,,,
2022/1/12 15:00,0,0,0,-15.161,,,,,,,,,,,,,
2022/1/12 16:00,0,0,0,-15.911,,,,,,,,,,,,,
2022/1/12 17:00,0,0,0,-16.41,,,,,,,,,,,,,
2022/1/12 18:00,0,0,0,-16.808,,,,,,,,,,,,,
2022/1/12 19:00,0,0,0,-17.18,,,,,,,,,,,,,
2022/1/12 20:00,0,0,0,-17.449,,,,,,,,,,,,,
2022/1/12 21:00,0,0,0,-17.566,,,,,,,,,,,,,
2022/1/12 22:00,0,0,0,-17.565,,,,,,,,,,,,,
2022/1/12 23:00,0.026,0.033,0.01,-17.457,,,,,,,,,,,,,
2022/1/13 0:00,0.373,0.321,0.053,-15.02,,,,,,,,,,,,,
2022/1/13 1:00,0.6,0.547,0.073,-12.166,,,,,,,,,,,,,
2022/1/13 2:00,0.733,0.702,0.085,-9.136,,,,,,,,,,,,,
2022/1/13 3:00,0.795,0.782,0.092,-7.308,,,,,,,,,,,,,
2022/1/13 4:00,0.789,0.779,0.093,-6.207,,,,,,,,,,,,,
2022/1/13 5:00,0.716,0.692,0.089,-5.547,,,,,,,,,,,,,
2022/1/13 6:00,0.569,0.526,0.079,-5.365,,,,,,,,,,,,,
2022/1/13 7:00,0.332,0.288,0.06,-6.164,,,,,,,,,,,,,
2022/1/13 8:00,0.058,0.064,0.011,-8.935,,,,,,,,,,,,,
2022/1/13 9:00,0,0,0,-9.382,,,,,,,,,,,,,
2022/1/13 10:00,0,0,0,-9.503,,,,,,,,,,,,,
2022/1/13 11:00,0,0,0,-10.698,,,,,,,,,,,,,
2022/1/13 12:00,0,0,0,-12.122,,,,,,,,,,,,,
2022/1/13 13:00,0,0,0,-12.953,,,,,,,,,,,,,
2022/1/13 14:00,0,0,0,-13.263,,,,,,,,,,,,,
2022/1/13 15:00,0,0,0,-13.334,,,,,,,,,,,,,
2022/1/13 16:00,0,0,0,-13.338,,,,,,,,,,,,,
2022/1/13 17:00,0,0,0,-13.439,,,,,,,,,,,,,
2022/1/13 18:00,0,0,0,-13.59,,,,,,,,,,,,,
2022/1/13 19:00,0,0,0,-13.724,,,,,,,,,,,,,
2022/1/13 20:00,0,0,0,-13.846,,,,,,,,,,,,,
2022/1/13 21:00,0,0,0,-14.096,,,,,,,,,,,,,
2022/1/13 22:00,0,0,0,-14.443,,,,,,,,,,,,,
2022/1/13 23:00,0.026,0.034,0.009,-14.567,,,,,,,,,,,,,
2022/1/14 0:00,0.336,0.281,0.061,-12.432,,,,,,,,,,,,,
2022/1/14 1:00,0.571,0.509,0.084,-9.918,,,,,,,,,,,,,
2022/1/14 2:00,0.701,0.657,0.1,-6.857,,,,,,,,,,,,,
2022/1/14 3:00,0.741,0.71,0.112,-3.41,,,,,,,,,,,,,
2022/1/14 4:00,0.681,0.627,0.129,-1.051,,,,,,,,,,,,,
2022/1/14 5:00,0.551,0.461,0.139,-0.004,,,,,,,,,,,,,
2022/1/14 6:00,0.343,0.237,0.132,-0.202,,,,,,,,,,,,,
2022/1/14 7:00,0.125,0.064,0.081,-1.807,,,,,,,,,,,,,
2022/1/14 8:00,0.007,0.011,0.012,-4.054,,,,,,,,,,,,,
2022/1/14 9:00,0,0,0,-5.48,,,,,,,,,,,,,
2022/1/14 10:00,0,0,0,-6.354,,,,,,,,,,,,,
2022/1/14 11:00,0,0,0,-6.978,,,,,,,,,,,,,
2022/1/14 12:00,0,0,0,-7.214,,,,,,,,,,,,,
2022/1/14 13:00,0,0,0,-7.392,,,,,,,,,,,,,
2022/1/14 14:00,0,0,0,-7.513,,,,,,,,,,,,,
2022/1/14 15:00,0,0,0,-7.996,,,,,,,,,,,,,
2022/1/14 16:00,0,0,0,-8.984,,,,,,,,,,,,,
2022/1/14 17:00,0,0,0,-9.856,,,,,,,,,,,,,
2022/1/14 18:00,0,0,0,-10.154,,,,,,,,,,,,,
2022/1/14 19:00,0,0,0,-10.353,,,,,,,,,,,,,
2022/1/14 20:00,0,0,0,-11.145,,,,,,,,,,,,,
2022/1/14 21:00,0,0,0,-12.304,,,,,,,,,,,,,
2022/1/14 22:00,0,0,0,-12.952,,,,,,,,,,,,,
2022/1/14 23:00,0.021,0.028,0.01,-13.238,,,,,,,,,,,,,
2022/1/15 0:00,0.347,0.296,0.057,-12.101,,,,,,,,,,,,,
2022/1/15 1:00,0.585,0.531,0.077,-10.597,,,,,,,,,,,,,
2022/1/15 2:00,0.725,0.689,0.089,-9.04,,,,,,,,,,,,,
2022/1/15 3:00,0.784,0.76,0.097,-7.917,,,,,,,,,,,,,
2022/1/15 4:00,0.788,0.767,0.097,-7.482,,,,,,,,,,,,,
2022/1/15 5:00,0.718,0.682,0.092,-7.58,,,,,,,,,,,,,
2022/1/15 6:00,0.587,0.54,0.078,-8.15,,,,,,,,,,,,,
2022/1/15 7:00,0.359,0.312,0.058,-9.258,,,,,,,,,,,,,
2022/1/15 8:00,0.077,0.082,0.012,-10.996,,,,,,,,,,,,,
2022/1/15 9:00,0,0,0,-12.462,,,,,,,,,,,,,
2022/1/15 10:00,0,0,0,-13.31,,,,,,,,,,,,,
2022/1/15 11:00,0,0,0,-14.034,,,,,,,,,,,,,
2022/1/15 12:00,0,0,0,-14.576,,,,,,,,,,,,,
2022/1/15 13:00,0,0,0,-15.016,,,,,,,,,,,,,
2022/1/15 14:00,0,0,0,-15.531,,,,,,,,,,,,,
2022/1/15 15:00,0,0,0,-16.061,,,,,,,,,,,,,
2022/1/15 16:00,0,0,0,-16.557,,,,,,,,,,,,,
2022/1/15 17:00,0,0,0,-16.974,,,,,,,,,,,,,
2022/1/15 18:00,0,0,0,-17.373,,,,,,,,,,,,,
2022/1/15 19:00,0,0,0,-17.737,,,,,,,,,,,,,
2022/1/15 20:00,0,0,0,-18.066,,,,,,,,,,,,,
2022/1/15 21:00,0,0,0,-18.372,,,,,,,,,,,,,
2022/1/15 22:00,0,0,0,-18.625,,,,,,,,,,,,,
2022/1/15 23:00,0.041,0.047,0.01,-18.614,,,,,,,,,,,,,
2022/1/16 0:00,0.385,0.329,0.055,-16.057,,,,,,,,,,,,,
2022/1/16 1:00,0.601,0.541,0.077,-13.282,,,,,,,,,,,,,
2022/1/16 2:00,0.711,0.659,0.096,-10.452,,,,,,,,,,,,,
2022/1/16 3:00,0.732,0.672,0.115,-8.797,,,,,,,,,,,,,
2022/1/16 4:00,0.733,0.678,0.115,-7.703,,,,,,,,,,,,,
2022/1/16 5:00,0.684,0.633,0.103,-6.927,,,,,,,,,,,,,
2022/1/16 6:00,0.57,0.52,0.083,-6.551,,,,,,,,,,,,,
2022/1/16 7:00,0.351,0.305,0.06,-7.016,,,,,,,,,,,,,
2022/1/16 8:00,0.077,0.083,0.012,-9.401,,,,,,,,,,,,,
2022/1/16 9:00,0,0,0,-10.538,,,,,,,,,,,,,
2022/1/16 10:00,0,0,0,-11.38,,,,,,,,,,,,,
2022/1/16 11:00,0,0,0,-12.618,,,,,,,,,,,,,
2022/1/16 12:00,0,0,0,-14.004,,,,,,,,,,,,,
2022/1/16 13:00,0,0,0,-14.837,,,,,,,,,,,,,
2022/1/16 14:00,0,0,0,-15.161,,,,,,,,,,,,,
2022/1/16 15:00,0,0,0,-15.068,,,,,,,,,,,,,
2022/1/16 16:00,0,0,0,-15.026,,,,,,,,,,,,,
2022/1/16 17:00,0,0,0,-15.152,,,,,,,,,,,,,
2022/1/16 18:00,0,0,0,-15.545,,,,,,,,,,,,,
2022/1/16 19:00,0,0,0,-16.04,,,,,,,,,,,,,
2022/1/16 20:00,0,0,0,-16.501,,,,,,,,,,,,,
2022/1/16 21:00,0,0,0,-16.536,,,,,,,,,,,,,
2022/1/16 22:00,0,0,0,-16.602,,,,,,,,,,,,,
2022/1/16 23:00,0.043,0.049,0.01,-16.797,,,,,,,,,,,,,
2022/1/17 0:00,0.386,0.33,0.056,-15.045,,,,,,,,,,,,,
2022/1/17 1:00,0.613,0.555,0.077,-12.949,,,,,,,,,,,,,
2022/1/17 2:00,0.75,0.71,0.089,-11.134,,,,,,,,,,,,,
2022/1/17 3:00,0.813,0.79,0.096,-9.736,,,,,,,,,,,,,
2022/1/17 4:00,0.805,0.781,0.098,-8.773,,,,,,,,,,,,,
2022/1/17 5:00,0.728,0.691,0.094,-8.227,,,,,,,,,,,,,
2022/1/17 6:00,0.575,0.519,0.085,-8.142,,,,,,,,,,,,,
2022/1/17 7:00,0.338,0.284,0.065,-8.715,,,,,,,,,,,,,
2022/1/17 8:00,0.071,0.075,0.014,-11.223,,,,,,,,,,,,,
2022/1/17 9:00,0,0,0,-13.078,,,,,,,,,,,,,
2022/1/17 10:00,0,0,0,-13.791,,,,,,,,,,,,,
2022/1/17 11:00,0,0,0,-14.507,,,,,,,,,,,,,
2022/1/17 12:00,0,0,0,-15.234,,,,,,,,,,,,,
2022/1/17 13:00,0,0,0,-15.662,,,,,,,,,,,,,
2022/1/17 14:00,0,0,0,-15.793,,,,,,,,,,,,,
2022/1/17 15:00,0,0,0,-15.873,,,,,,,,,,,,,
2022/1/17 16:00,0,0,0,-15.929,,,,,,,,,,,,,
2022/1/17 17:00,0,0,0,-15.826,,,,,,,,,,,,,
2022/1/17 18:00,0,0,0,-15.534,,,,,,,,,,,,,
2022/1/17 19:00,0,0,0,-15.233,,,,,,,,,,,,,
2022/1/17 20:00,0,0,0,-14.841,,,,,,,,,,,,,
2022/1/17 21:00,0,0,0,-14.278,,,,,,,,,,,,,
2022/1/17 22:00,0,0,0,-13.849,,,,,,,,,,,,,
2022/1/17 23:00,0,0.001,0.006,-13.495,,,,,,,,,,,,,
2022/1/18 0:00,0.028,0.004,0.042,-12.579,,,,,,,,,,,,,
2022/1/18 1:00,0.077,0.008,0.086,-11.527,,,,,,,,,,,,,
2022/1/18 2:00,0.124,0.013,0.126,-10.605,,,,,,,,,,,,,
2022/1/18 3:00,0.168,0.021,0.16,-10.043,,,,,,,,,,,,,
2022/1/18 4:00,0.227,0.043,0.195,-9.96,,,,,,,,,,,,,
2022/1/18 5:00,0.239,0.059,0.19,-10.032,,,,,,,,,,,,,
2022/1/18 6:00,0.182,0.047,0.147,-10.431,,,,,,,,,,,,,
2022/1/18 7:00,0.082,0.019,0.079,-11.255,,,,,,,,,,,,,
2022/1/18 8:00,0.006,0.006,0.015,-12.382,,,,,,,,,,,,,
2022/1/18 9:00,0,0,0,-13.287,,,,,,,,,,,,,
2022/1/18 10:00,0,0,0,-14.12,,,,,,,,,,,,,
2022/1/18 11:00,0,0,0,-15.049,,,,,,,,,,,,,
2022/1/18 12:00,0,0,0,-15.812,,,,,,,,,,,,,
2022/1/18 13:00,0,0,0,-16.338,,,,,,,,,,,,,
2022/1/18 14:00,0,0,0,-16.769,,,,,,,,,,,,,
2022/1/18 15:00,0,0,0,-17.11,,,,,,,,,,,,,
2022/1/18 16:00,0,0,0,-17.12,,,,,,,,,,,,,
2022/1/18 17:00,0,0,0,-17.003,,,,,,,,,,,,,
2022/1/18 18:00,0,0,0,-17.175,,,,,,,,,,,,,
2022/1/18 19:00,0,0,0,-17.384,,,,,,,,,,,,,
2022/1/18 20:00,0,0,0,-17.53,,,,,,,,,,,,,
2022/1/18 21:00,0,0,0,-17.649,,,,,,,,,,,,,
2022/1/18 22:00,0,0,0,-17.96,,,,,,,,,,,,,
2022/1/18 23:00,0.019,0.02,0.014,-18.217,,,,,,,,,,,,,
2022/1/19 0:00,0.345,0.281,0.063,-16.813,,,,,,,,,,,,,
2022/1/19 1:00,0.616,0.551,0.078,-15.05,,,,,,,,,,,,,
2022/1/19 2:00,0.76,0.715,0.088,-13.383,,,,,,,,,,,,,
2022/1/19 3:00,0.828,0.799,0.094,-12.239,,,,,,,,,,,,,
2022/1/19 4:00,0.825,0.798,0.095,-11.497,,,,,,,,,,,,,
2022/1/19 5:00,0.753,0.713,0.09,-11.097,,,,,,,,,,,,,
2022/1/19 6:00,0.603,0.545,0.081,-11.12,,,,,,,,,,,,,
2022/1/19 7:00,0.361,0.305,0.063,-11.728,,,,,,,,,,,,,
2022/1/19 8:00,0.062,0.059,0.019,-13.726,,,,,,,,,,,,,
2022/1/19 9:00,0,0,0,-15.597,,,,,,,,,,,,,
2022/1/19 10:00,0,0,0,-16.033,,,,,,,,,,,,,
2022/1/19 11:00,0,0,0,-15.878,,,,,,,,,,,,,
2022/1/19 12:00,0,0,0,-15.7,,,,,,,,,,,,,
2022/1/19 13:00,0,0,0,-16.006,,,,,,,,,,,,,
2022/1/19 14:00,0,0,0,-16.636,,,,,,,,,,,,,
2022/1/19 15:00,0,0,0,-17.276,,,,,,,,,,,,,
2022/1/19 16:00,0,0,0,-17.708,,,,,,,,,,,,,
2022/1/19 17:00,0,0,0,-17.749,,,,,,,,,,,,,
2022/1/19 18:00,0,0,0,-17.541,,,,,,,,,,,,,
2022/1/19 19:00,0,0,0,-17.33,,,,,,,,,,,,,
2022/1/19 20:00,0,0,0,-17.29,,,,,,,,,,,,,
2022/1/19 21:00,0,0,0,-17.337,,,,,,,,,,,,,
2022/1/19 22:00,0,0,0,-17.466,,,,,,,,,,,,,
2022/1/19 23:00,0.031,0.035,0.013,-17.532,,,,,,,,,,,,,
2022/1/20 0:00,0.277,0.205,0.075,-15.739,,,,,,,,,,,,,
2022/1/20 1:00,0.501,0.402,0.107,-13.083,,,,,,,,,,,,,
2022/1/20 2:00,0.678,0.602,0.114,-10.424,,,,,,,,,,,,,
2022/1/20 3:00,0.76,0.707,0.116,-8.422,,,,,,,,,,,,,
2022/1/20 4:00,0.754,0.705,0.118,-7.003,,,,,,,,,,,,,
2022/1/20 5:00,0.679,0.62,0.113,-6.165,,,,,,,,,,,,,
2022/1/20 6:00,0.528,0.456,0.101,-5.835,,,,,,,,,,,,,
2022/1/20 7:00,0.294,0.231,0.077,-6.258,,,,,,,,,,,,,
2022/1/20 8:00,0.039,0.036,0.021,-9.113,,,,,,,,,,,,,
2022/1/20 9:00,0,0,0,-11.141,,,,,,,,,,,,,
2022/1/20 10:00,0,0,0,-12.093,,,,,,,,,,,,,
2022/1/20 11:00,0,0,0,-12.834,,,,,,,,,,,,,
2022/1/20 12:00,0,0,0,-13.422,,,,,,,,,,,,,
2022/1/20 13:00,0,0,0,-13.908,,,,,,,,,,,,,
2022/1/20 14:00,0,0,0,-14.367,,,,,,,,,,,,,
2022/1/20 15:00,0,0,0,-14.841,,,,,,,,,,,,,
2022/1/20 16:00,0,0,0,-15.26,,,,,,,,,,,,,
2022/1/20 17:00,0,0,0,-15.545,,,,,,,,,,,,,
2022/1/20 18:00,0,0,0,-15.77,,,,,,,,,,,,,
2022/1/20 19:00,0,0,0,-16.049,,,,,,,,,,,,,
2022/1/20 20:00,0,0,0,-16.268,,,,,,,,,,,,,
2022/1/20 21:00,0,0,0,-16.356,,,,,,,,,,,,,
2022/1/20 22:00,0,0,0,-16.357,,,,,,,,,,,,,
2022/1/20 23:00,0.006,0.01,0.012,-16.145,,,,,,,,,,,,,
2022/1/21 0:00,0.122,0.052,0.083,-14.238,,,,,,,,,,,,,
2022/1/21 1:00,0.311,0.168,0.149,-12.159,,,,,,,,,,,,,
2022/1/21 2:00,0.497,0.337,0.177,-9.385,,,,,,,,,,,,,
2022/1/21 3:00,0.559,0.394,0.194,-7.199,,,,,,,,,,,,,
2022/1/21 4:00,0.557,0.395,0.195,-5.62,,,,,,,,,,,,,
2022/1/21 5:00,0.449,0.283,0.19,-4.644,,,,,,,,,,,,,
2022/1/21 6:00,0.262,0.121,0.157,-4.329,,,,,,,,,,,,,
2022/1/21 7:00,0.114,0.043,0.09,-4.926,,,,,,,,,,,,,
2022/1/21 8:00,0.008,0.007,0.017,-7.13,,,,,,,,,,,,,
2022/1/21 9:00,0,0,0,-8.564,,,,,,,,,,,,,
2022/1/21 10:00,0,0,0,-9.412,,,,,,,,,,,,,
2022/1/21 11:00,0,0,0,-9.969,,,,,,,,,,,,,
2022/1/21 12:00,0,0,0,-10.379,,,,,,,,,,,,,
2022/1/21 13:00,0,0,0,-10.976,,,,,,,,,,,,,
2022/1/21 14:00,0,0,0,-11.677,,,,,,,,,,,,,
2022/1/21 15:00,0,0,0,-11.939,,,,,,,,,,,,,
2022/1/21 16:00,0,0,0,-11.951,,,,,,,,,,,,,
2022/1/21 17:00,0,0,0,-11.95,,,,,,,,,,,,,
2022/1/21 18:00,0,0,0,-12.043,,,,,,,,,,,,,
2022/1/21 19:00,0,0,0,-12.219,,,,,,,,,,,,,
2022/1/21 20:00,0,0,0,-12.315,,,,,,,,,,,,,
2022/1/21 21:00,0,0,0,-12.456,,,,,,,,,,,,,
2022/1/21 22:00,0,0,0,-12.652,,,,,,,,,,,,,
2022/1/21 23:00,0,0.001,0.006,-12.846,,,,,,,,,,,,,
2022/1/22 0:00,0.032,0.005,0.045,-12.704,,,,,,,,,,,,,
2022/1/22 1:00,0.086,0.009,0.093,-12.254,,,,,,,,,,,,,
2022/1/22 2:00,0.144,0.017,0.14,-11.6,,,,,,,,,,,,,
2022/1/22 3:00,0.192,0.027,0.176,-10.908,,,,,,,,,,,,,
2022/1/22 4:00,0.235,0.045,0.2,-10.184,,,,,,,,,,,,,
2022/1/22 5:00,0.246,0.061,0.195,-9.617,,,,,,,,,,,,,
2022/1/22 6:00,0.204,0.058,0.158,-9.298,,,,,,,,,,,,,
2022/1/22 7:00,0.101,0.028,0.09,-9.424,,,,,,,,,,,,,
2022/1/22 8:00,0.008,0.006,0.019,-10.277,,,,,,,,,,,,,
2022/1/22 9:00,0,0,0,-11.643,,,,,,,,,,,,,
2022/1/22 10:00,0,0,0,-12.402,,,,,,,,,,,,,
2022/1/22 11:00,0,0,0,-12.921,,,,,,,,,,,,,
2022/1/22 12:00,0,0,0,-13.23,,,,,,,,,,,,,
2022/1/22 13:00,0,0,0,-13.798,,,,,,,,,,,,,
2022/1/22 14:00,0,0,0,-14.3,,,,,,,,,,,,,
2022/1/22 15:00,0,0,0,-14.53,,,,,,,,,,,,,
2022/1/22 16:00,0,0,0,-14.795,,,,,,,,,,,,,
2022/1/22 17:00,0,0,0,-15.138,,,,,,,,,,,,,
2022/1/22 18:00,0,0,0,-15.625,,,,,,,,,,,,,
2022/1/22 19:00,0,0,0,-16.135,,,,,,,,,,,,,
2022/1/22 20:00,0,0,0,-16.527,,,,,,,,,,,,,
2022/1/22 21:00,0,0,0,-16.743,,,,,,,,,,,,,
2022/1/22 22:00,0,0,0,-16.805,,,,,,,,,,,,,
2022/1/22 23:00,0.026,0.025,0.018,-16.552,,,,,,,,,,,,,
2022/1/23 0:00,0.268,0.188,0.084,-14.28,,,,,,,,,,,,,
2022/1/23 1:00,0.382,0.246,0.142,-12.002,,,,,,,,,,,,,
2022/1/23 2:00,0.411,0.231,0.19,-9.988,,,,,,,,,,,,,
2022/1/23 3:00,0.425,0.223,0.215,-8.555,,,,,,,,,,,,,
2022/1/23 4:00,0.494,0.308,0.208,-7.505,,,,,,,,,,,,,
2022/1/23 5:00,0.453,0.284,0.188,-6.844,,,,,,,,,,,,,
2022/1/23 6:00,0.348,0.21,0.153,-6.614,,,,,,,,,,,,,
2022/1/23 7:00,0.186,0.104,0.097,-7.051,,,,,,,,,,,,,
2022/1/23 8:00,0.026,0.021,0.024,-8.55,,,,,,,,,,,,,
2022/1/23 9:00,0,0,0,-10.568,,,,,,,,,,,,,
2022/1/23 10:00,0,0,0,-11.658,,,,,,,,,,,,,
2022/1/23 11:00,0,0,0,-12.153,,,,,,,,,,,,,
2022/1/23 12:00,0,0,0,-12.223,,,,,,,,,,,,,
2022/1/23 13:00,0,0,0,-12.188,,,,,,,,,,,,,
2022/1/23 14:00,0,0,0,-12.161,,,,,,,,,,,,,
2022/1/23 15:00,0,0,0,-12.19,,,,,,,,,,,,,
2022/1/23 16:00,0,0,0,-12.287,,,,,,,,,,,,,
2022/1/23 17:00,0,0,0,-12.413,,,,,,,,,,,,,
2022/1/23 18:00,0,0,0,-12.52,,,,,,,,,,,,,
2022/1/23 19:00,0,0,0,-12.573,,,,,,,,,,,,,
2022/1/23 20:00,0,0,0,-12.617,,,,,,,,,,,,,
2022/1/23 21:00,0,0,0,-12.748,,,,,,,,,,,,,
2022/1/23 22:00,0,0,0,-12.973,,,,,,,,,,,,,
2022/1/23 23:00,0.018,0.018,0.016,-13.006,,,,,,,,,,,,,
2022/1/24 0:00,0.18,0.1,0.092,-11.59,,,,,,,,,,,,,
2022/1/24 1:00,0.352,0.211,0.151,-9.671,,,,,,,,,,,,,
2022/1/24 2:00,0.429,0.253,0.193,-7.069,,,,,,,,,,,,,
2022/1/24 3:00,0.426,0.226,0.221,-4.762,,,,,,,,,,,,,
2022/1/24 4:00,0.403,0.202,0.225,-3.217,,,,,,,,,,,,,
2022/1/24 5:00,0.333,0.15,0.204,-2.425,,,,,,,,,,,,,
2022/1/24 6:00,0.227,0.088,0.158,-2.187,,,,,,,,,,,,,
2022/1/24 7:00,0.129,0.052,0.096,-2.659,,,,,,,,,,,,,
2022/1/24 8:00,0.013,0.009,0.021,-5.012,,,,,,,,,,,,,
2022/1/24 9:00,0,0,0,-6.955,,,,,,,,,,,,,
2022/1/24 10:00,0,0,0,-7.995,,,,,,,,,,,,,
2022/1/24 11:00,0,0,0,-8.733,,,,,,,,,,,,,
2022/1/24 12:00,0,0,0,-9.123,,,,,,,,,,,,,
2022/1/24 13:00,0,0,0,-9.213,,,,,,,,,,,,,
2022/1/24 14:00,0,0,0,-9.246,,,,,,,,,,,,,
2022/1/24 15:00,0,0,0,-9.263,,,,,,,,,,,,,
2022/1/24 16:00,0,0,0,-9.408,,,,,,,,,,,,,
2022/1/24 17:00,0,0,0,-9.704,,,,,,,,,,,,,
2022/1/24 18:00,0,0,0,-10.227,,,,,,,,,,,,,
2022/1/24 19:00,0,0,0,-10.953,,,,,,,,,,,,,
2022/1/24 20:00,0,0,0,-11.614,,,,,,,,,,,,,
2022/1/24 21:00,0,0,0,-12.199,,,,,,,,,,,,,
2022/1/24 22:00,0,0,0,-12.612,,,,,,,,,,,,,
2022/1/24 23:00,0.03,0.029,0.018,-12.538,,,,,,,,,,,,,
2022/1/25 0:00,0.302,0.234,0.077,-9.76,,,,,,,,,,,,,
2022/1/25 1:00,0.542,0.469,0.1,-7.209,,,,,,,,,,,,,
2022/1/25 2:00,0.695,0.647,0.11,-5.25,,,,,,,,,,,,,
2022/1/25 3:00,0.77,0.743,0.113,-4.08,,,,,,,,,,,,,
2022/1/25 4:00,0.771,0.748,0.113,-3.379,,,,,,,,,,,,,
2022/1/25 5:00,0.7,0.662,0.109,-3.04,,,,,,,,,,,,,
2022/1/25 6:00,0.504,0.426,0.111,-3.192,,,,,,,,,,,,,
2022/1/25 7:00,0.251,0.179,0.089,-3.984,,,,,,,,,,,,,
2022/1/25 8:00,0.049,0.042,0.026,-6.222,,,,,,,,,,,,,
2022/1/25 9:00,0,0,0,-8.641,,,,,,,,,,,,,
2022/1/25 10:00,0,0,0,-9.762,,,,,,,,,,,,,
2022/1/25 11:00,0,0,0,-10.674,,,,,,,,,,,,,
2022/1/25 12:00,0,0,0,-11.663,,,,,,,,,,,,,
2022/1/25 13:00,0,0,0,-12.615,,,,,,,,,,,,,
2022/1/25 14:00,0,0,0,-13.337,,,,,,,,,,,,,
2022/1/25 15:00,0,0,0,-13.882,,,,,,,,,,,,,
2022/1/25 16:00,0,0,0,-14.36,,,,,,,,,,,,,
2022/1/25 17:00,0,0,0,-14.744,,,,,,,,,,,,,
2022/1/25 18:00,0,0,0,-15.056,,,,,,,,,,,,,
2022/1/25 19:00,0,0,0,-15.495,,,,,,,,,,,,,
2022/1/25 20:00,0,0,0,-15.899,,,,,,,,,,,,,
2022/1/25 21:00,0,0,0,-16.19,,,,,,,,,,,,,
2022/1/25 22:00,0,0,0,-16.37,,,,,,,,,,,,,
2022/1/25 23:00,0.064,0.063,0.017,-16.082,,,,,,,,,,,,,
2022/1/26 0:00,0.379,0.316,0.067,-13.681,,,,,,,,,,,,,
2022/1/26 1:00,0.603,0.539,0.087,-11.386,,,,,,,,,,,,,
2022/1/26 2:00,0.739,0.695,0.099,-9.223,,,,,,,,,,,,,
2022/1/26 3:00,0.8,0.774,0.105,-7.684,,,,,,,,,,,,,
2022/1/26 4:00,0.797,0.773,0.106,-6.739,,,,,,,,,,,,,
2022/1/26 5:00,0.729,0.694,0.101,-6.186,,,,,,,,,,,,,
2022/1/26 6:00,0.589,0.537,0.089,-6.102,,,,,,,,,,,,,
2022/1/26 7:00,0.361,0.305,0.07,-6.648,,,,,,,,,,,,,
2022/1/26 8:00,0.072,0.064,0.026,-8.822,,,,,,,,,,,,,
2022/1/26 9:00,0,0,0,-11.225,,,,,,,,,,,,,
2022/1/26 10:00,0,0,0,-12.151,,,,,,,,,,,,,
2022/1/26 11:00,0,0,0,-12.904,,,,,,,,,,,,,
2022/1/26 12:00,0,0,0,-13.576,,,,,,,,,,,,,
2022/1/26 13:00,0,0,0,-14.183,,,,,,,,,,,,,
2022/1/26 14:00,0,0,0,-14.695,,,,,,,,,,,,,
2022/1/26 15:00,0,0,0,-15.147,,,,,,,,,,,,,
2022/1/26 16:00,0,0,0,-15.575,,,,,,,,,,,,,
2022/1/26 17:00,0,0,0,-15.956,,,,,,,,,,,,,
2022/1/26 18:00,0,0,0,-16.307,,,,,,,,,,,,,
2022/1/26 19:00,0,0,0,-16.637,,,,,,,,,,,,,
2022/1/26 20:00,0,0,0,-16.924,,,,,,,,,,,,,
2022/1/26 21:00,0,0,0,-17.098,,,,,,,,,,,,,
2022/1/26 22:00,0,0,0,-17.176,,,,,,,,,,,,,
2022/1/26 23:00,0.082,0.081,0.016,-16.825,,,,,,,,,,,,,
2022/1/27 0:00,0.411,0.351,0.062,-14.454,,,,,,,,,,,,,
2022/1/27 1:00,0.633,0.578,0.08,-11.766,,,,,,,,,,,,,
2022/1/27 2:00,0.769,0.74,0.09,-9.544,,,,,,,,,,,,,
2022/1/27 3:00,0.833,0.824,0.096,-8.187,,,,,,,,,,,,,
2022/1/27 4:00,0.83,0.824,0.096,-7.357,,,,,,,,,,,,,
2022/1/27 5:00,0.759,0.738,0.092,-6.813,,,,,,,,,,,,,
2022/1/27 6:00,0.616,0.573,0.082,-6.72,,,,,,,,,,,,,
2022/1/27 7:00,0.389,0.338,0.065,-7.389,,,,,,,,,,,,,
2022/1/27 8:00,0.088,0.079,0.026,-9.281,,,,,,,,,,,,,
2022/1/27 9:00,0,0,0,-11.595,,,,,,,,,,,,,
2022/1/27 10:00,0,0,0,-12.775,,,,,,,,,,,,,
2022/1/27 11:00,0,0,0,-13.914,,,,,,,,,,,,,
2022/1/27 12:00,0,0,0,-14.79,,,,,,,,,,,,,
2022/1/27 13:00,0,0,0,-15.439,,,,,,,,,,,,,
2022/1/27 14:00,0,0,0,-15.815,,,,,,,,,,,,,
2022/1/27 15:00,0,0,0,-16.018,,,,,,,,,,,,,
2022/1/27 16:00,0,0,0,-16.194,,,,,,,,,,,,,
2022/1/27 17:00,0,0,0,-16.405,,,,,,,,,,,,,
2022/1/27 18:00,0,0,0,-16.661,,,,,,,,,,,,,
2022/1/27 19:00,0,0,0,-16.928,,,,,,,,,,,,,
2022/1/27 20:00,0,0,0,-17.175,,,,,,,,,,,,,
2022/1/27 21:00,0,0,0,-17.381,,,,,,,,,,,,,
2022/1/27 22:00,0,0,0,-17.556,,,,,,,,,,,,,
2022/1/27 23:00,0.099,0.096,0.016,-17.171,,,,,,,,,,,,,
2022/1/28 0:00,0.427,0.369,0.061,-14.445,,,,,,,,,,,,,
2022/1/28 1:00,0.641,0.589,0.079,-11.682,,,,,,,,,,,,,
2022/1/28 2:00,0.769,0.744,0.09,-8.519,,,,,,,,,,,,,
2022/1/28 3:00,0.826,0.823,0.096,-6.433,,,,,,,,,,,,,
2022/1/28 4:00,0.82,0.82,0.098,-5.123,,,,,,,,,,,,,
2022/1/28 5:00,0.75,0.737,0.093,-4.405,,,,,,,,,,,,,
2022/1/28 6:00,0.613,0.576,0.083,-4.481,,,,,,,,,,,,,
2022/1/28 7:00,0.391,0.344,0.065,-5.372,,,,,,,,,,,,,
2022/1/28 8:00,0.093,0.083,0.027,-7.712,,,,,,,,,,,,,
2022/1/28 9:00,0,0,0,-10.605,,,,,,,,,,,,,
2022/1/28 10:00,0,0,0,-11.91,,,,,,,,,,,,,
2022/1/28 11:00,0,0,0,-12.956,,,,,,,,,,,,,
2022/1/28 12:00,0,0,0,-13.816,,,,,,,,,,,,,
2022/1/28 13:00,0,0,0,-14.478,,,,,,,,,,,,,
2022/1/28 14:00,0,0,0,-14.945,,,,,,,,,,,,,
2022/1/28 15:00,0,0,0,-15.305,,,,,,,,,,,,,
2022/1/28 16:00,0,0,0,-15.658,,,,,,,,,,,,,
2022/1/28 17:00,0,0,0,-16.003,,,,,,,,,,,,,
2022/1/28 18:00,0,0,0,-16.319,,,,,,,,,,,,,
2022/1/28 19:00,0,0,0,-16.587,,,,,,,,,,,,,
2022/1/28 20:00,0,0,0,-16.832,,,,,,,,,,,,,
2022/1/28 21:00,0,0,0,-17.012,,,,,,,,,,,,,
2022/1/28 22:00,0,0,0,-17.144,,,,,,,,,,,,,
2022/1/28 23:00,0.111,0.107,0.016,-16.702,,,,,,,,,,,,,
2022/1/29 0:00,0.44,0.384,0.059,-14.023,,,,,,,,,,,,,
2022/1/29 1:00,0.652,0.606,0.077,-11.215,,,,,,,,,,,,,
2022/1/29 2:00,0.781,0.762,0.088,-8.582,,,,,,,,,,,,,
2022/1/29 3:00,0.837,0.838,0.094,-6.673,,,,,,,,,,,,,
2022/1/29 4:00,0.832,0.838,0.095,-5.425,,,,,,,,,,,,,
2022/1/29 5:00,0.763,0.754,0.091,-4.682,,,,,,,,,,,,,
2022/1/29 6:00,0.622,0.589,0.081,-4.487,,,,,,,,,,,,,
2022/1/29 7:00,0.399,0.354,0.065,-5.022,,,,,,,,,,,,,
2022/1/29 8:00,0.1,0.089,0.028,-7.889,,,,,,,,,,,,,
2022/1/29 9:00,0,0,0,-10.713,,,,,,,,,,,,,
2022/1/29 10:00,0,0,0,-11.82,,,,,,,,,,,,,
2022/1/29 11:00,0,0,0,-12.594,,,,,,,,,,,,,
2022/1/29 12:00,0,0,0,-13.117,,,,,,,,,,,,,
2022/1/29 13:00,0,0,0,-13.499,,,,,,,,,,,,,
2022/1/29 14:00,0,0,0,-13.727,,,,,,,,,,,,,
2022/1/29 15:00,0,0,0,-14.076,,,,,,,,,,,,,
2022/1/29 16:00,0,0,0,-14.627,,,,,,,,,,,,,
2022/1/29 17:00,0,0,0,-15.19,,,,,,,,,,,,,
2022/1/29 18:00,0,0,0,-15.686,,,,,,,,,,,,,
2022/1/29 19:00,0,0,0,-16.094,,,,,,,,,,,,,
2022/1/29 20:00,0,0,0,-16.488,,,,,,,,,,,,,
2022/1/29 21:00,0,0,0,-16.82,,,,,,,,,,,,,
2022/1/29 22:00,0,0,0,-17.007,,,,,,,,,,,,,
2022/1/29 23:00,0.111,0.107,0.017,-16.543,,,,,,,,,,,,,
2022/1/30 0:00,0.426,0.365,0.065,-13.132,,,,,,,,,,,,,
2022/1/30 1:00,0.638,0.585,0.084,-10.071,,,,,,,,,,,,,
2022/1/30 2:00,0.767,0.74,0.097,-7.613,,,,,,,,,,,,,
2022/1/30 3:00,0.83,0.827,0.102,-5.634,,,,,,,,,,,,,
2022/1/30 4:00,0.822,0.821,0.104,-4.277,,,,,,,,,,,,,
2022/1/30 5:00,0.748,0.731,0.1,-3.372,,,,,,,,,,,,,
2022/1/30 6:00,0.601,0.558,0.092,-3.02,,,,,,,,,,,,,
2022/1/30 7:00,0.373,0.32,0.074,-3.383,,,,,,,,,,,,,
2022/1/30 8:00,0.081,0.068,0.032,-6.168,,,,,,,,,,,,,
2022/1/30 9:00,0,0,0,-8.652,,,,,,,,,,,,,
2022/1/30 10:00,0,0,0,-9.368,,,,,,,,,,,,,
2022/1/30 11:00,0,0,0,-9.382,,,,,,,,,,,,,
2022/1/30 12:00,0,0,0,-9.358,,,,,,,,,,,,,
2022/1/30 13:00,0,0,0,-9.442,,,,,,,,,,,,,
2022/1/30 14:00,0,0,0,-9.536,,,,,,,,,,,,,
2022/1/30 15:00,0,0,0,-9.544,,,,,,,,,,,,,
2022/1/30 16:00,0,0,0,-9.514,,,,,,,,,,,,,
2022/1/30 17:00,0,0,0,-9.632,,,,,,,,,,,,,
2022/1/30 18:00,0,0,0,-9.841,,,,,,,,,,,,,
2022/1/30 19:00,0,0,0,-10.136,,,,,,,,,,,,,
2022/1/30 20:00,0,0,0,-10.693,,,,,,,,,,,,,
2022/1/30 21:00,0,0,0,-11.171,,,,,,,,,,,,,
2022/1/30 22:00,0,0,0,-11.59,,,,,,,,,,,,,
2022/1/30 23:00,0,0.001,0.005,-11.922,,,,,,,,,,,,,
2022/1/31 0:00,0.01,0.001,0.026,-12.052,,,,,,,,,,,,,
2022/1/31 1:00,0.04,0.002,0.056,-11.976,,,,,,,,,,,,,
2022/1/31 2:00,0.075,0.004,0.088,-11.705,,,,,,,,,,,,,
2022/1/31 3:00,0.106,0.006,0.116,-11.374,,,,,,,,,,,,,
2022/1/31 4:00,0.135,0.009,0.141,-11.016,,,,,,,,,,,,,
2022/1/31 5:00,0.133,0.01,0.137,-10.73,,,,,,,,,,,,,
2022/1/31 6:00,0.102,0.008,0.109,-10.562,,,,,,,,,,,,,
2022/1/31 7:00,0.059,0.006,0.07,-10.523,,,,,,,,,,,,,
2022/1/31 8:00,0.008,0.002,0.021,-10.795,,,,,,,,,,,,,
2022/1/31 9:00,0,0,0,-11.295,,,,,,,,,,,,,
2022/1/31 10:00,0,0,0,-11.42,,,,,,,,,,,,,
2022/1/31 11:00,0,0,0,-11.515,,,,,,,,,,,,,
2022/1/31 12:00,0,0,0,-11.821,,,,,,,,,,,,,
2022/1/31 13:00,0,0,0,-12.404,,,,,,,,,,,,,
2022/1/31 14:00,0,0,0,-13.107,,,,,,,,,,,,,
2022/1/31 15:00,0,0,0,-13.938,,,,,,,,,,,,,
2022/1/31 16:00,0,0,0,-14.769,,,,,,,,,,,,,
2022/1/31 17:00,0,0,0,-15.564,,,,,,,,,,,,,
2022/1/31 18:00,0,0,0,-16.072,,,,,,,,,,,,,
2022/1/31 19:00,0,0,0,-16.445,,,,,,,,,,,,,
2022/1/31 20:00,0,0,0,-16.792,,,,,,,,,,,,,
2022/1/31 21:00,0,0,0,-17.039,,,,,,,,,,,,,
2022/1/31 22:00,0,0,0,-17.195,,,,,,,,,,,,,
2022/1/31 23:00,0.076,0.062,0.029,-16.827,,,,,,,,,,,,,
2022/2/1 0:00,0.418,0.35,0.07,-14.616,,,,,,,,,,,,,
2022/2/1 1:00,0.641,0.579,0.087,-12.372,,,,,,,,,,,,,
2022/2/1 2:00,0.78,0.742,0.098,-10.46,,,,,,,,,,,,,
2022/2/1 3:00,0.844,0.828,0.103,-8.914,,,,,,,,,,,,,
2022/2/1 4:00,0.843,0.832,0.103,-7.74,,,,,,,,,,,,,
2022/2/1 5:00,0.775,0.753,0.097,-6.961,,,,,,,,,,,,,
2022/2/1 6:00,0.635,0.591,0.087,-6.728,,,,,,,,,,,,,
2022/2/1 7:00,0.413,0.36,0.07,-7.212,,,,,,,,,,,,,
2022/2/1 8:00,0.113,0.097,0.033,-9.197,,,,,,,,,,,,,
2022/2/1 9:00,0,0,0,-12.033,,,,,,,,,,,,,
2022/2/1 10:00,0,0,0,-13.055,,,,,,,,,,,,,
2022/2/1 11:00,0,0,0,-13.842,,,,,,,,,,,,,
2022/2/1 12:00,0,0,0,-14.545,,,,,,,,,,,,,
2022/2/1 13:00,0,0,0,-15.076,,,,,,,,,,,,,
2022/2/1 14:00,0,0,0,-15.459,,,,,,,,,,,,,
2022/2/1 15:00,0,0,0,-15.782,,,,,,,,,,,,,
2022/2/1 16:00,0,0,0,-16.104,,,,,,,,,,,,,
2022/2/1 17:00,0,0,0,-16.365,,,,,,,,,,,,,
2022/2/1 18:00,0,0,0,-16.609,,,,,,,,,,,,,
2022/2/1 19:00,0,0,0,-16.903,,,,,,,,,,,,,
2022/2/1 20:00,0,0,0,-17.261,,,,,,,,,,,,,
2022/2/1 21:00,0,0,0,-17.589,,,,,,,,,,,,,
2022/2/1 22:00,0,0,0,-17.849,,,,,,,,,,,,,
2022/2/1 23:00,0.14,0.131,0.02,-17.288,,,,,,,,,,,,,
2022/2/2 0:00,0.454,0.393,0.064,-14.252,,,,,,,,,,,,,
2022/2/2 1:00,0.666,0.615,0.081,-11.822,,,,,,,,,,,,,
2022/2/2 2:00,0.798,0.771,0.093,-10.143,,,,,,,,,,,,,
2022/2/2 3:00,0.859,0.852,0.099,-8.721,,,,,,,,,,,,,
2022/2/2 4:00,0.853,0.85,0.1,-7.597,,,,,,,,,,,,,
2022/2/2 5:00,0.783,0.765,0.096,-6.863,,,,,,,,,,,,,
2022/2/2 6:00,0.643,0.601,0.086,-6.621,,,,,,,,,,,,,
2022/2/2 7:00,0.421,0.369,0.069,-7.113,,,,,,,,,,,,,
2022/2/2 8:00,0.12,0.102,0.033,-9.163,,,,,,,,,,,,,
2022/2/2 9:00,0,0,0,-12.135,,,,,,,,,,,,,
2022/2/2 10:00,0,0,0,-13.322,,,,,,,,,,,,,
2022/2/2 11:00,0,0,0,-14.226,,,,,,,,,,,,,
2022/2/2 12:00,0,0,0,-14.957,,,,,,,,,,,,,
2022/2/2 13:00,0,0,0,-15.571,,,,,,,,,,,,,
2022/2/2 14:00,0,0,0,-16.07,,,,,,,,,,,,,
2022/2/2 15:00,0,0,0,-16.501,,,,,,,,,,,,,
2022/2/2 16:00,0,0,0,-16.887,,,,,,,,,,,,,
2022/2/2 17:00,0,0,0,-17.222,,,,,,,,,,,,,
2022/2/2 18:00,0,0,0,-17.532,,,,,,,,,,,,,
2022/2/2 19:00,0,0,0,-17.821,,,,,,,,,,,,,
2022/2/2 20:00,0,0,0,-18.08,,,,,,,,,,,,,
2022/2/2 21:00,0,0,0,-18.26,,,,,,,,,,,,,
2022/2/2 22:00,0,0,0,-18.383,,,,,,,,,,,,,
2022/2/2 23:00,0.144,0.133,0.021,-17.682,,,,,,,,,,,,,
2022/2/3 0:00,0.447,0.381,0.068,-14.851,,,,,,,,,,,,,
2022/2/3 1:00,0.661,0.602,0.087,-12.523,,,,,,,,,,,,,
2022/2/3 2:00,0.795,0.759,0.098,-10.81,,,,,,,,,,,,,
2022/2/3 3:00,0.86,0.843,0.104,-9.738,,,,,,,,,,,,,
2022/2/3 4:00,0.847,0.826,0.108,-8.984,,,,,,,,,,,,,
2022/2/3 5:00,0.751,0.7,0.112,-8.521,,,,,,,,,,,,,
2022/2/3 6:00,0.543,0.447,0.12,-8.599,,,,,,,,,,,,,
2022/2/3 7:00,0.312,0.226,0.097,-9.251,,,,,,,,,,,,,
2022/2/3 8:00,0.08,0.059,0.038,-10.683,,,,,,,,,,,,,
2022/2/3 9:00,0,0,0,-12.717,,,,,,,,,,,,,
2022/2/3 10:00,0,0,0,-13.598,,,,,,,,,,,,,
2022/2/3 11:00,0,0,0,-14.504,,,,,,,,,,,,,
2022/2/3 12:00,0,0,0,-15.385,,,,,,,,,,,,,
2022/2/3 13:00,0,0,0,-15.758,,,,,,,,,,,,,
2022/2/3 14:00,0,0,0,-15.66,,,,,,,,,,,,,
2022/2/3 15:00,0,0,0,-15.603,,,,,,,,,,,,,
2022/2/3 16:00,0,0,0,-16.719,,,,,,,,,,,,,
2022/2/3 17:00,0,0,0,-17.439,,,,,,,,,,,,,
2022/2/3 18:00,0,0,0,-17.819,,,,,,,,,,,,,
2022/2/3 19:00,0,0,0,-18.216,,,,,,,,,,,,,
2022/2/3 20:00,0,0,0,-18.517,,,,,,,,,,,,,
2022/2/3 21:00,0,0,0,-18.712,,,,,,,,,,,,,
2022/2/3 22:00,0,0,0,-18.808,,,,,,,,,,,,,
2022/2/3 23:00,0.154,0.141,0.022,-18.279,,,,,,,,,,,,,
2022/2/4 0:00,0.46,0.393,0.066,-16.178,,,,,,,,,,,,,
2022/2/4 1:00,0.673,0.613,0.084,-13.981,,,,,,,,,,,,,
2022/2/4 2:00,0.806,0.769,0.095,-12.208,,,,,,,,,,,,,
2022/2/4 3:00,0.869,0.853,0.101,-10.948,,,,,,,,,,,,,
2022/2/4 4:00,0.866,0.852,0.102,-10.046,,,,,,,,,,,,,
2022/2/4 5:00,0.797,0.768,0.097,-9.527,,,,,,,,,,,,,
2022/2/4 6:00,0.656,0.606,0.087,-9.519,,,,,,,,,,,,,
2022/2/4 7:00,0.428,0.367,0.072,-10.152,,,,,,,,,,,,,
2022/2/4 8:00,0.121,0.098,0.037,-11.481,,,,,,,,,,,,,
2022/2/4 9:00,0,0,0,-13.149,,,,,,,,,,,,,
2022/2/4 10:00,0,0,0,-13.996,,,,,,,,,,,,,
2022/2/4 11:00,0,0,0,-14.659,,,,,,,,,,,,,
2022/2/4 12:00,0,0,0,-15.212,,,,,,,,,,,,,
2022/2/4 13:00,0,0,0,-15.647,,,,,,,,,,,,,
2022/2/4 14:00,0,0,0,-16.144,,,,,,,,,,,,,
2022/2/4 15:00,0,0,0,-16.535,,,,,,,,,,,,,
2022/2/4 16:00,0,0,0,-16.826,,,,,,,,,,,,,
2022/2/4 17:00,0,0,0,-17.096,,,,,,,,,,,,,
2022/2/4 18:00,0,0,0,-17.384,,,,,,,,,,,,,
2022/2/4 19:00,0,0,0,-17.7,,,,,,,,,,,,,
2022/2/4 20:00,0,0,0,-17.846,,,,,,,,,,,,,
2022/2/4 21:00,0,0,0,-17.869,,,,,,,,,,,,,
2022/2/4 22:00,0,0,0,-17.793,,,,,,,,,,,,,
2022/2/4 23:00,0.156,0.142,0.023,-16.931,,,,,,,,,,,,,
2022/2/5 0:00,0.447,0.378,0.072,-14.359,,,,,,,,,,,,,
2022/2/5 1:00,0.658,0.599,0.09,-11.352,,,,,,,,,,,,,
2022/2/5 2:00,0.786,0.753,0.103,-8.666,,,,,,,,,,,,,
2022/2/5 3:00,0.844,0.831,0.11,-6.912,,,,,,,,,,,,,
2022/2/5 4:00,0.839,0.827,0.111,-6.011,,,,,,,,,,,,,
2022/2/5 5:00,0.767,0.737,0.108,-5.715,,,,,,,,,,,,,
2022/2/5 6:00,0.629,0.577,0.097,-5.92,,,,,,,,,,,,,
2022/2/5 7:00,0.415,0.355,0.078,-6.755,,,,,,,,,,,,,
2022/2/5 8:00,0.123,0.099,0.039,-8.424,,,,,,,,,,,,,
2022/2/5 9:00,0,0,0,-10.394,,,,,,,,,,,,,
2022/2/5 10:00,0,0,0,-11.355,,,,,,,,,,,,,
2022/2/5 11:00,0,0,0,-12.09,,,,,,,,,,,,,
2022/2/5 12:00,0,0,0,-12.636,,,,,,,,,,,,,
2022/2/5 13:00,0,0,0,-13.029,,,,,,,,,,,,,
2022/2/5 14:00,0,0,0,-13.545,,,,,,,,,,,,,
2022/2/5 15:00,0,0,0,-14.25,,,,,,,,,,,,,
2022/2/5 16:00,0,0,0,-14.656,,,,,,,,,,,,,
2022/2/5 17:00,0,0,0,-14.998,,,,,,,,,,,,,
2022/2/5 18:00,0,0,0,-15.302,,,,,,,,,,,,,
2022/2/5 19:00,0,0,0,-15.577,,,,,,,,,,,,,
2022/2/5 20:00,0,0,0,-15.767,,,,,,,,,,,,,
2022/2/5 21:00,0,0,0,-15.83,,,,,,,,,,,,,
2022/2/5 22:00,0,0,0,-15.785,,,,,,,,,,,,,
2022/2/5 23:00,0.157,0.143,0.025,-14.831,,,,,,,,,,,,,
2022/2/6 0:00,0.437,0.37,0.074,-11.831,,,,,,,,,,,,,
2022/2/6 1:00,0.643,0.586,0.094,-8.59,,,,,,,,,,,,,
2022/2/6 2:00,0.768,0.74,0.107,-5.442,,,,,,,,,,,,,
2022/2/6 3:00,0.827,0.821,0.113,-3.825,,,,,,,,,,,,,
2022/2/6 4:00,0.823,0.819,0.115,-2.971,,,,,,,,,,,,,
2022/2/6 5:00,0.751,0.727,0.112,-2.581,,,,,,,,,,,,,
2022/2/6 6:00,0.616,0.568,0.101,-2.643,,,,,,,,,,,,,
2022/2/6 7:00,0.407,0.35,0.08,-3.266,,,,,,,,,,,,,
2022/2/6 8:00,0.122,0.099,0.041,-5.365,,,,,,,,,,,,,
2022/2/6 9:00,0,0,0,-8.733,,,,,,,,,,,,,
2022/2/6 10:00,0,0,0,-10.056,,,,,,,,,,,,,
2022/2/6 11:00,0,0,0,-11.027,,,,,,,,,,,,,
2022/2/6 12:00,0,0,0,-11.947,,,,,,,,,,,,,
2022/2/6 13:00,0,0,0,-12.791,,,,,,,,,,,,,
2022/2/6 14:00,0,0,0,-13.402,,,,,,,,,,,,,
2022/2/6 15:00,0,0,0,-13.723,,,,,,,,,,,,,
2022/2/6 16:00,0,0,0,-14,,,,,,,,,,,,,
2022/2/6 17:00,0,0,0,-14.29,,,,,,,,,,,,,
2022/2/6 18:00,0,0,0,-14.57,,,,,,,,,,,,,
2022/2/6 19:00,0,0,0,-14.831,,,,,,,,,,,,,
2022/2/6 20:00,0,0,0,-15.142,,,,,,,,,,,,,
2022/2/6 21:00,0,0,0,-15.428,,,,,,,,,,,,,
2022/2/6 22:00,0,0,0,-15.633,,,,,,,,,,,,,
2022/2/6 23:00,0.168,0.152,0.026,-14.679,,,,,,,,,,,,,
2022/2/7 0:00,0.438,0.37,0.077,-11.288,,,,,,,,,,,,,
2022/2/7 1:00,0.627,0.562,0.102,-8.128,,,,,,,,,,,,,
2022/2/7 2:00,0.741,0.695,0.12,-4.924,,,,,,,,,,,,,
2022/2/7 3:00,0.777,0.734,0.136,-3.284,,,,,,,,,,,,,
2022/2/7 4:00,0.768,0.725,0.139,-2.178,,,,,,,,,,,,,
2022/2/7 5:00,0.694,0.635,0.136,-1.435,,,,,,,,,,,,,
2022/2/7 6:00,0.547,0.466,0.126,-1.147,,,,,,,,,,,,,
2022/2/7 7:00,0.337,0.259,0.1,-1.468,,,,,,,,,,,,,
2022/2/7 8:00,0.086,0.06,0.046,-3.62,,,,,,,,,,,,,
2022/2/7 9:00,0,0,0,-5.473,,,,,,,,,,,,,
2022/2/7 10:00,0,0,0,-6.45,,,,,,,,,,,,,
2022/2/7 11:00,0,0,0,-7.453,,,,,,,,,,,,,
2022/2/7 12:00,0,0,0,-8.571,,,,,,,,,,,,,
2022/2/7 13:00,0,0,0,-10.015,,,,,,,,,,,,,
2022/2/7 14:00,0,0,0,-11.096,,,,,,,,,,,,,
2022/2/7 15:00,0,0,0,-11.802,,,,,,,,,,,,,
2022/2/7 16:00,0,0,0,-12.277,,,,,,,,,,,,,
2022/2/7 17:00,0,0,0,-12.563,,,,,,,,,,,,,
2022/2/7 18:00,0,0,0,-12.721,,,,,,,,,,,,,
2022/2/7 19:00,0,0,0,-13.055,,,,,,,,,,,,,
2022/2/7 20:00,0,0,0,-13.384,,,,,,,,,,,,,
2022/2/7 21:00,0,0,0,-13.59,,,,,,,,,,,,,
2022/2/7 22:00,0,0,0,-13.772,,,,,,,,,,,,,
2022/2/7 23:00,0.15,0.133,0.029,-12.857,,,,,,,,,,,,,
2022/2/8 0:00,0.416,0.345,0.081,-9.997,,,,,,,,,,,,,
2022/2/8 1:00,0.624,0.561,0.102,-7.115,,,,,,,,,,,,,
2022/2/8 2:00,0.749,0.717,0.115,-3.637,,,,,,,,,,,,,
2022/2/8 3:00,0.812,0.804,0.12,-1.871,,,,,,,,,,,,,
2022/2/8 4:00,0.808,0.803,0.121,-0.695,,,,,,,,,,,,,
2022/2/8 5:00,0.74,0.721,0.116,0.124,,,,,,,,,,,,,
2022/2/8 6:00,0.61,0.569,0.104,0.563,,,,,,,,,,,,,
2022/2/8 7:00,0.4,0.347,0.084,0.464,,,,,,,,,,,,,
2022/2/8 8:00,0.124,0.099,0.045,-1.238,,,,,,,,,,,,,
2022/2/8 9:00,0,0,0,-4.061,,,,,,,,,,,,,
2022/2/8 10:00,0,0,0,-5.627,,,,,,,,,,,,,
2022/2/8 11:00,0,0,0,-6.492,,,,,,,,,,,,,
2022/2/8 12:00,0,0,0,-7.113,,,,,,,,,,,,,
2022/2/8 13:00,0,0,0,-7.712,,,,,,,,,,,,,
2022/2/8 14:00,0,0,0,-8.339,,,,,,,,,,,,,
2022/2/8 15:00,0,0,0,-9.014,,,,,,,,,,,,,
2022/2/8 16:00,0,0,0,-9.579,,,,,,,,,,,,,
2022/2/8 17:00,0,0,0,-10.048,,,,,,,,,,,,,
2022/2/8 18:00,0,0,0,-10.459,,,,,,,,,,,,,
2022/2/8 19:00,0,0,0,-10.81,,,,,,,,,,,,,
2022/2/8 20:00,0,0,0,-11.118,,,,,,,,,,,,,
2022/2/8 21:00,0,0,0,-11.35,,,,,,,,,,,,,
2022/2/8 22:00,0,0,0,-11.533,,,,,,,,,,,,,
2022/2/8 23:00,0.163,0.147,0.029,-10.516,,,,,,,,,,,,,
2022/2/9 0:00,0.411,0.344,0.084,-6.489,,,,,,,,,,,,,
2022/2/9 1:00,0.608,0.548,0.108,-3.63,,,,,,,,,,,,,
2022/2/9 2:00,0.729,0.699,0.122,-0.206,,,,,,,,,,,,,
2022/2/9 3:00,0.782,0.774,0.13,2.244,,,,,,,,,,,,,
2022/2/9 4:00,0.779,0.773,0.132,3.117,,,,,,,,,,,,,
2022/2/9 5:00,0.709,0.682,0.128,3.516,,,,,,,,,,,,,
2022/2/9 6:00,0.563,0.505,0.121,3.415,,,,,,,,,,,,,
2022/2/9 7:00,0.339,0.266,0.103,2.516,,,,,,,,,,,,,
2022/2/9 8:00,0.074,0.045,0.05,-0.149,,,,,,,,,,,,,
2022/2/9 9:00,0,0,0,-2.119,,,,,,,,,,,,,
2022/2/9 10:00,0,0,0,-3.217,,,,,,,,,,,,,
2022/2/9 11:00,0,0,0,-4.264,,,,,,,,,,,,,
2022/2/9 12:00,0,0,0,-5.13,,,,,,,,,,,,,
2022/2/9 13:00,0,0,0,-5.869,,,,,,,,,,,,,
2022/2/9 14:00,0,0,0,-6.571,,,,,,,,,,,,,
2022/2/9 15:00,0,0,0,-7.263,,,,,,,,,,,,,
2022/2/9 16:00,0,0,0,-7.871,,,,,,,,,,,,,
2022/2/9 17:00,0,0,0,-8.382,,,,,,,,,,,,,
2022/2/9 18:00,0,0,0,-8.813,,,,,,,,,,,,,
2022/2/9 19:00,0,0,0,-9.181,,,,,,,,,,,,,
2022/2/9 20:00,0,0,0,-9.489,,,,,,,,,,,,,
2022/2/9 21:00,0,0,0,-9.784,,,,,,,,,,,,,
2022/2/9 22:00,0,0,0,-10.129,,,,,,,,,,,,,
2022/2/9 23:00,0.12,0.1,0.035,-9.743,,,,,,,,,,,,,
2022/2/10 0:00,0.357,0.271,0.1,-6.587,,,,,,,,,,,,,
2022/2/10 1:00,0.569,0.483,0.125,-4.176,,,,,,,,,,,,,
2022/2/10 2:00,0.7,0.642,0.139,-0.799,,,,,,,,,,,,,
2022/2/10 3:00,0.748,0.704,0.151,1.683,,,,,,,,,,,,,
2022/2/10 4:00,0.741,0.699,0.153,2.979,,,,,,,,,,,,,
2022/2/10 5:00,0.655,0.587,0.155,3.659,,,,,,,,,,,,,
2022/2/10 6:00,0.469,0.359,0.157,3.769,,,,,,,,,,,,,
2022/2/10 7:00,0.238,0.138,0.125,3.113,,,,,,,,,,,,,
2022/2/10 8:00,0.052,0.024,0.048,1.145,,,,,,,,,,,,,
2022/2/10 9:00,0,0,0,-0.29,,,,,,,,,,,,,
2022/2/10 10:00,0,0,0,-0.969,,,,,,,,,,,,,
2022/2/10 11:00,0,0,0,-1.841,,,,,,,,,,,,,
2022/2/10 12:00,0,0,0,-2.566,,,,,,,,,,,,,
2022/2/10 13:00,0,0,0,-3.451,,,,,,,,,,,,,
2022/2/10 14:00,0,0,0,-4.652,,,,,,,,,,,,,
2022/2/10 15:00,0,0,0,-6.124,,,,,,,,,,,,,
2022/2/10 16:00,0,0,0,-7.783,,,,,,,,,,,,,
2022/2/10 17:00,0,0,0,-8.943,,,,,,,,,,,,,
2022/2/10 18:00,0,0,0,-9.736,,,,,,,,,,,,,
2022/2/10 19:00,0,0,0,-10.342,,,,,,,,,,,,,
2022/2/10 20:00,0,0,0,-10.85,,,,,,,,,,,,,
2022/2/10 21:00,0,0,0,-11.397,,,,,,,,,,,,,
2022/2/10 22:00,0,0,0,-11.885,,,,,,,,,,,,,
2022/2/10 23:00,0.166,0.144,0.034,-11.42,,,,,,,,,,,,,
2022/2/11 0:00,0.418,0.339,0.09,-9.63,,,,,,,,,,,,,
2022/2/11 1:00,0.631,0.558,0.111,-7.832,,,,,,,,,,,,,
2022/2/11 2:00,0.764,0.716,0.124,-6.107,,,,,,,,,,,,,
2022/2/11 3:00,0.824,0.793,0.132,-4.856,,,,,,,,,,,,,
2022/2/11 4:00,0.818,0.787,0.134,-3.955,,,,,,,,,,,,,
2022/2/11 5:00,0.739,0.686,0.133,-3.358,,,,,,,,,,,,,
2022/2/11 6:00,0.592,0.515,0.124,-3.173,,,,,,,,,,,,,
2022/2/11 7:00,0.366,0.281,0.105,-3.499,,,,,,,,,,,,,
2022/2/11 8:00,0.099,0.064,0.054,-4.833,,,,,,,,,,,,,
2022/2/11 9:00,0,0,0.001,-7.403,,,,,,,,,,,,,
2022/2/11 10:00,0,0,0,-8.595,,,,,,,,,,,,,
2022/2/11 11:00,0,0,0,-9.409,,,,,,,,,,,,,
2022/2/11 12:00,0,0,0,-9.891,,,,,,,,,,,,,
2022/2/11 13:00,0,0,0,-9.989,,,,,,,,,,,,,
2022/2/11 14:00,0,0,0,-10.108,,,,,,,,,,,,,
2022/2/11 15:00,0,0,0,-10.369,,,,,,,,,,,,,
2022/2/11 16:00,0,0,0,-10.778,,,,,,,,,,,,,
2022/2/11 17:00,0,0,0,-11.239,,,,,,,,,,,,,
2022/2/11 18:00,0,0,0,-11.56,,,,,,,,,,,,,
2022/2/11 19:00,0,0,0,-11.704,,,,,,,,,,,,,
2022/2/11 20:00,0,0,0,-11.685,,,,,,,,,,,,,
2022/2/11 21:00,0,0,0,-11.813,,,,,,,,,,,,,
2022/2/11 22:00,0,0,0,-11.974,,,,,,,,,,,,,
2022/2/11 23:00,0.004,0.002,0.017,-12.016,,,,,,,,,,,,,
2022/2/12 0:00,0.043,0.003,0.058,-11.692,,,,,,,,,,,,,
2022/2/12 1:00,0.093,0.006,0.103,-11.143,,,,,,,,,,,,,
2022/2/12 2:00,0.148,0.012,0.15,-10.389,,,,,,,,,,,,,
2022/2/12 3:00,0.183,0.016,0.18,-9.68,,,,,,,,,,,,,
2022/2/12 4:00,0.203,0.02,0.195,-9.14,,,,,,,,,,,,,
2022/2/12 5:00,0.205,0.024,0.193,-8.802,,,,,,,,,,,,,
2022/2/12 6:00,0.187,0.028,0.172,-8.799,,,,,,,,,,,,,
2022/2/12 7:00,0.112,0.017,0.111,-9.351,,,,,,,,,,,,,
2022/2/12 8:00,0.029,0.005,0.041,-10.461,,,,,,,,,,,,,
2022/2/12 9:00,0,0,0.001,-11.682,,,,,,,,,,,,,
2022/2/12 10:00,0,0,0,-12.65,,,,,,,,,,,,,
2022/2/12 11:00,0,0,0,-13.418,,,,,,,,,,,,,
2022/2/12 12:00,0,0,0,-14.006,,,,,,,,,,,,,
2022/2/12 13:00,0,0,0,-14.56,,,,,,,,,,,,,
2022/2/12 14:00,0,0,0,-15.146,,,,,,,,,,,,,
2022/2/12 15:00,0,0,0,-15.654,,,,,,,,,,,,,
2022/2/12 16:00,0,0,0,-16.046,,,,,,,,,,,,,
2022/2/12 17:00,0,0,0,-16.393,,,,,,,,,,,,,
2022/2/12 18:00,0,0,0,-16.806,,,,,,,,,,,,,
2022/2/12 19:00,0,0,0,-17.226,,,,,,,,,,,,,
2022/2/12 20:00,0,0,0,-17.529,,,,,,,,,,,,,
2022/2/12 21:00,0,0,0,-17.928,,,,,,,,,,,,,
2022/2/12 22:00,0,0,0,-18.278,,,,,,,,,,,,,
2022/2/12 23:00,0.153,0.116,0.046,-17.474,,,,,,,,,,,,,
2022/2/13 0:00,0.372,0.246,0.126,-15.196,,,,,,,,,,,,,
2022/2/13 1:00,0.454,0.26,0.2,-12.866,,,,,,,,,,,,,
2022/2/13 2:00,0.342,0.097,0.252,-11.432,,,,,,,,,,,,,
2022/2/13 3:00,0.245,0.032,0.222,-10.902,,,,,,,,,,,,,
2022/2/13 4:00,0.202,0.019,0.194,-10.762,,,,,,,,,,,,,
2022/2/13 5:00,0.143,0.01,0.147,-10.851,,,,,,,,,,,,,
2022/2/13 6:00,0.065,0.003,0.079,-11.194,,,,,,,,,,,,,
2022/2/13 7:00,0.026,0.001,0.042,-11.559,,,,,,,,,,,,,
2022/2/13 8:00,0,0,0.012,-12.032,,,,,,,,,,,,,
2022/2/13 9:00,0,0,0,-12.454,,,,,,,,,,,,,
2022/2/13 10:00,0,0,0,-12.695,,,,,,,,,,,,,
2022/2/13 11:00,0,0,0,-12.918,,,,,,,,,,,,,
2022/2/13 12:00,0,0,0,-13.121,,,,,,,,,,,,,
2022/2/13 13:00,0,0,0,-13.311,,,,,,,,,,,,,
2022/2/13 14:00,0,0,0,-13.473,,,,,,,,,,,,,
2022/2/13 15:00,0,0,0,-13.646,,,,,,,,,,,,,
2022/2/13 16:00,0,0,0,-13.879,,,,,,,,,,,,,
2022/2/13 17:00,0,0,0,-14.078,,,,,,,,,,,,,
2022/2/13 18:00,0,0,0,-14.304,,,,,,,,,,,,,
2022/2/13 19:00,0,0,0,-14.494,,,,,,,,,,,,,
2022/2/13 20:00,0,0,0,-14.725,,,,,,,,,,,,,
2022/2/13 21:00,0,0,0,-15.039,,,,,,,,,,,,,
2022/2/13 22:00,0,0,0,-15.364,,,,,,,,,,,,,
2022/2/13 23:00,0.019,0.005,0.03,-15.359,,,,,,,,,,,,,
2022/2/14 0:00,0.11,0.021,0.103,-14.878,,,,,,,,,,,,,
2022/2/14 1:00,0.228,0.055,0.18,-14.348,,,,,,,,,,,,,
2022/2/14 2:00,0.312,0.083,0.232,-13.908,,,,,,,,,,,,,
2022/2/14 3:00,0.389,0.126,0.267,-13.325,,,,,,,,,,,,,
2022/2/14 4:00,0.453,0.186,0.273,-12.722,,,,,,,,,,,,,
2022/2/14 5:00,0.443,0.199,0.251,-12.249,,,,,,,,,,,,,
2022/2/14 6:00,0.361,0.159,0.207,-12.167,,,,,,,,,,,,,
2022/2/14 7:00,0.22,0.086,0.142,-12.4,,,,,,,,,,,,,
2022/2/14 8:00,0.064,0.023,0.058,-13.071,,,,,,,,,,,,,
2022/2/14 9:00,0,0,0.002,-14.303,,,,,,,,,,,,,
2022/2/14 10:00,0,0,0,-15.478,,,,,,,,,,,,,
2022/2/14 11:00,0,0,0,-16.238,,,,,,,,,,,,,
2022/2/14 12:00,0,0,0,-17.095,,,,,,,,,,,,,
2022/2/14 13:00,0,0,0,-18.257,,,,,,,,,,,,,
2022/2/14 14:00,0,0,0,-19.127,,,,,,,,,,,,,
2022/2/14 15:00,0,0,0,-19.82,,,,,,,,,,,,,
2022/2/14 16:00,0,0,0,-20.419,,,,,,,,,,,,,
2022/2/14 17:00,0,0,0,-20.899,,,,,,,,,,,,,
2022/2/14 18:00,0,0,0,-21.346,,,,,,,,,,,,,
2022/2/14 19:00,0,0,0,-21.763,,,,,,,,,,,,,
2022/2/14 20:00,0,0,0,-22.08,,,,,,,,,,,,,
2022/2/14 21:00,0,0,0,-22.235,,,,,,,,,,,,,
2022/2/14 22:00,0,0,0.001,-22.182,,,,,,,,,,,,,
2022/2/14 23:00,0.167,0.127,0.046,-20.882,,,,,,,,,,,,,
2022/2/15 0:00,0.318,0.197,0.12,-17.887,,,,,,,,,,,,,
2022/2/15 1:00,0.452,0.278,0.174,-15.894,,,,,,,,,,,,,
2022/2/15 2:00,0.534,0.326,0.215,-14.466,,,,,,,,,,,,,
2022/2/15 3:00,0.558,0.328,0.241,-13.562,,,,,,,,,,,,,
2022/2/15 4:00,0.856,0.787,0.14,-12.677,,,,,,,,,,,,,
2022/2/15 5:00,0.79,0.712,0.133,-12.124,,,,,,,,,,,,,
2022/2/15 6:00,0.57,0.438,0.148,-12.068,,,,,,,,,,,,,
2022/2/15 7:00,0.313,0.19,0.129,-12.538,,,,,,,,,,,,,
2022/2/15 8:00,0.1,0.053,0.062,-13.498,,,,,,,,,,,,,
2022/2/15 9:00,0,0.001,0.002,-15.378,,,,,,,,,,,,,
2022/2/15 10:00,0,0,0,-17.112,,,,,,,,,,,,,
2022/2/15 11:00,0,0,0,-18.303,,,,,,,,,,,,,
2022/2/15 12:00,0,0,0,-19.07,,,,,,,,,,,,,
2022/2/15 13:00,0,0,0,-19.553,,,,,,,,,,,,,
2022/2/15 14:00,0,0,0,-19.93,,,,,,,,,,,,,
2022/2/15 15:00,0,0,0,-20.274,,,,,,,,,,,,,
2022/2/15 16:00,0,0,0,-20.579,,,,,,,,,,,,,
2022/2/15 17:00,0,0,0,-20.872,,,,,,,,,,,,,
2022/2/15 18:00,0,0,0,-21.169,,,,,,,,,,,,,
2022/2/15 19:00,0,0,0,-21.459,,,,,,,,,,,,,
2022/2/15 20:00,0,0,0,-21.697,,,,,,,,,,,,,
2022/2/15 21:00,0,0,0,-21.818,,,,,,,,,,,,,
2022/2/15 22:00,0,0,0.001,-21.821,,,,,,,,,,,,,
2022/2/15 23:00,0.225,0.179,0.047,-20.441,,,,,,,,,,,,,
2022/2/16 0:00,0.514,0.44,0.073,-17.252,,,,,,,,,,,,,
2022/2/16 1:00,0.72,0.66,0.09,-14.775,,,,,,,,,,,,,
2022/2/16 2:00,0.846,0.809,0.103,-13.146,,,,,,,,,,,,,
2022/2/16 3:00,0.896,0.87,0.113,-12.046,,,,,,,,,,,,,
2022/2/16 4:00,0.892,0.867,0.115,-11.338,,,,,,,,,,,,,
2022/2/16 5:00,0.798,0.741,0.12,-10.993,,,,,,,,,,,,,
2022/2/16 6:00,0.613,0.513,0.125,-11.035,,,,,,,,,,,,,
2022/2/16 7:00,0.436,0.349,0.095,-11.38,,,,,,,,,,,,,
2022/2/16 8:00,0.177,0.134,0.055,-12.489,,,,,,,,,,,,,
2022/2/16 9:00,0,0.003,0.003,-15.273,,,,,,,,,,,,,
2022/2/16 10:00,0,0,0,-17,,,,,,,,,,,,,
2022/2/16 11:00,0,0,0,-17.844,,,,,,,,,,,,,
2022/2/16 12:00,0,0,0,-18.467,,,,,,,,,,,,,
2022/2/16 13:00,0,0,0,-18.995,,,,,,,,,,,,,
2022/2/16 14:00,0,0,0,-19.411,,,,,,,,,,,,,
2022/2/16 15:00,0,0,0,-19.778,,,,,,,,,,,,,
2022/2/16 16:00,0,0,0,-20.176,,,,,,,,,,,,,
2022/2/16 17:00,0,0,0,-20.561,,,,,,,,,,,,,
2022/2/16 18:00,0,0,0,-20.874,,,,,,,,,,,,,
2022/2/16 19:00,0,0,0,-21.081,,,,,,,,,,,,,
2022/2/16 20:00,0,0,0,-21.136,,,,,,,,,,,,,
2022/2/16 21:00,0,0,0,-20.929,,,,,,,,,,,,,
2022/2/16 22:00,0,0,0.001,-20.565,,,,,,,,,,,,,
2022/2/16 23:00,0.221,0.177,0.046,-19.266,,,,,,,,,,,,,
2022/2/17 0:00,0.479,0.385,0.094,-16.36,,,,,,,,,,,,,
2022/2/17 1:00,0.66,0.563,0.124,-12.732,,,,,,,,,,,,,
2022/2/17 2:00,0.76,0.669,0.15,-9.756,,,,,,,,,,,,,
2022/2/17 3:00,0.797,0.707,0.168,-7.633,,,,,,,,,,,,,
2022/2/17 4:00,0.787,0.697,0.172,-6.16,,,,,,,,,,,,,
2022/2/17 5:00,0.675,0.548,0.183,-5.319,,,,,,,,,,,,,
2022/2/17 6:00,0.318,0.128,0.206,-5.34,,,,,,,,,,,,,
2022/2/17 7:00,0.11,0.019,0.109,-6.085,,,,,,,,,,,,,
2022/2/17 8:00,0.024,0.004,0.038,-7.146,,,,,,,,,,,,,
2022/2/17 9:00,0,0,0.001,-8.211,,,,,,,,,,,,,
2022/2/17 10:00,0,0,0,-8.839,,,,,,,,,,,,,
2022/2/17 11:00,0,0,0,-9.337,,,,,,,,,,,,,
2022/2/17 12:00,0,0,0,-9.743,,,,,,,,,,,,,
2022/2/17 13:00,0,0,0,-10.195,,,,,,,,,,,,,
2022/2/17 14:00,0,0,0,-10.499,,,,,,,,,,,,,
2022/2/17 15:00,0,0,0,-10.733,,,,,,,,,,,,,
2022/2/17 16:00,0,0,0,-10.99,,,,,,,,,,,,,
2022/2/17 17:00,0,0,0,-11.243,,,,,,,,,,,,,
2022/2/17 18:00,0,0,0,-11.429,,,,,,,,,,,,,
2022/2/17 19:00,0,0,0,-11.549,,,,,,,,,,,,,
2022/2/17 20:00,0,0,0,-11.494,,,,,,,,,,,,,
2022/2/17 21:00,0,0,0,-11.525,,,,,,,,,,,,,
2022/2/17 22:00,0,0,0.001,-11.688,,,,,,,,,,,,,
2022/2/17 23:00,0.045,0.016,0.047,-11.248,,,,,,,,,,,,,
2022/2/18 0:00,0.306,0.195,0.121,-9.488,,,,,,,,,,,,,
2022/2/18 1:00,0.563,0.457,0.137,-6.714,,,,,,,,,,,,,
2022/2/18 2:00,0.753,0.701,0.13,-4.967,,,,,,,,,,,,,
2022/2/18 3:00,0.848,0.836,0.124,-4.231,,,,,,,,,,,,,
2022/2/18 4:00,0.855,0.849,0.123,-3.921,,,,,,,,,,,,,
2022/2/18 5:00,0.795,0.774,0.117,-4.03,,,,,,,,,,,,,
2022/2/18 6:00,0.676,0.633,0.103,-4.534,,,,,,,,,,,,,
2022/2/18 7:00,0.476,0.415,0.085,-5.609,,,,,,,,,,,,,
2022/2/18 8:00,0.195,0.154,0.056,-7.4,,,,,,,,,,,,,
2022/2/18 9:00,0,0.004,0.003,-9.924,,,,,,,,,,,,,
2022/2/18 10:00,0,0,0,-11.545,,,,,,,,,,,,,
2022/2/18 11:00,0,0,0,-12.634,,,,,,,,,,,,,
2022/2/18 12:00,0,0,0,-13.5,,,,,,,,,,,,,
2022/2/18 13:00,0,0,0,-14.284,,,,,,,,,,,,,
2022/2/18 14:00,0,0,0,-14.985,,,,,,,,,,,,,
2022/2/18 15:00,0,0,0,-15.593,,,,,,,,,,,,,
2022/2/18 16:00,0,0,0,-16.169,,,,,,,,,,,,,
2022/2/18 17:00,0,0,0,-16.672,,,,,,,,,,,,,
2022/2/18 18:00,0,0,0,-17.093,,,,,,,,,,,,,
2022/2/18 19:00,0,0,0,-17.417,,,,,,,,,,,,,
2022/2/18 20:00,0,0,0,-17.641,,,,,,,,,,,,,
2022/2/18 21:00,0,0,0,-17.845,,,,,,,,,,,,,
2022/2/18 22:00,0,0.007,0.002,-18.136,,,,,,,,,,,,,
2022/2/18 23:00,0.231,0.186,0.049,-17.383,,,,,,,,,,,,,
2022/2/19 0:00,0.509,0.434,0.078,-14.964,,,,,,,,,,,,,
2022/2/19 1:00,0.714,0.655,0.095,-12.708,,,,,,,,,,,,,
2022/2/19 2:00,0.837,0.799,0.11,-11.313,,,,,,,,,,,,,
2022/2/19 3:00,0.893,0.871,0.118,-10.302,,,,,,,,,,,,,
2022/2/19 4:00,0.881,0.854,0.123,-9.541,,,,,,,,,,,,,
2022/2/19 5:00,0.787,0.725,0.129,-9.18,,,,,,,,,,,,,
2022/2/19 6:00,0.591,0.479,0.14,-9.227,,,,,,,,,,,,,
2022/2/19 7:00,0.347,0.232,0.125,-9.634,,,,,,,,,,,,,
2022/2/19 8:00,0.13,0.078,0.067,-10.508,,,,,,,,,,,,,
2022/2/19 9:00,0,0.003,0.004,-12.19,,,,,,,,,,,,,
2022/2/19 10:00,0,0,0,-13.904,,,,,,,,,,,,,
2022/2/19 11:00,0,0,0,-15.133,,,,,,,,,,,,,
2022/2/19 12:00,0,0,0,-16.023,,,,,,,,,,,,,
2022/2/19 13:00,0,0,0,-16.737,,,,,,,,,,,,,
2022/2/19 14:00,0,0,0,-17.314,,,,,,,,,,,,,
2022/2/19 15:00,0,0,0,-17.719,,,,,,,,,,,,,
2022/2/19 16:00,0,0,0,-18.056,,,,,,,,,,,,,
2022/2/19 17:00,0,0,0,-18.405,,,,,,,,,,,,,
2022/2/19 18:00,0,0,0,-18.742,,,,,,,,,,,,,
2022/2/19 19:00,0,0,0,-19.045,,,,,,,,,,,,,
2022/2/19 20:00,0,0,0,-19.334,,,,,,,,,,,,,
2022/2/19 21:00,0,0,0,-19.553,,,,,,,,,,,,,
2022/2/19 22:00,0,0.005,0.002,-19.694,,,,,,,,,,,,,
2022/2/19 23:00,0.228,0.18,0.051,-17.847,,,,,,,,,,,,,
2022/2/20 0:00,0.494,0.408,0.09,-14.621,,,,,,,,,,,,,
2022/2/20 1:00,0.675,0.595,0.117,-10.544,,,,,,,,,,,,,
2022/2/20 2:00,0.761,0.683,0.146,-7.523,,,,,,,,,,,,,
2022/2/20 3:00,0.777,0.684,0.173,-5.794,,,,,,,,,,,,,
2022/2/20 4:00,0.73,0.608,0.193,-4.74,,,,,,,,,,,,,
2022/2/20 5:00,0.512,0.306,0.236,-4.445,,,,,,,,,,,,,
2022/2/20 6:00,0.309,0.119,0.207,-4.726,,,,,,,,,,,,,
2022/2/20 7:00,0.163,0.045,0.135,-5.459,,,,,,,,,,,,,
2022/2/20 8:00,0.052,0.014,0.058,-6.722,,,,,,,,,,,,,
2022/2/20 9:00,0,0.001,0.004,-8.387,,,,,,,,,,,,,
2022/2/20 10:00,0,0,0,-9.741,,,,,,,,,,,,,
2022/2/20 11:00,0,0,0,-10.993,,,,,,,,,,,,,
2022/2/20 12:00,0,0,0,-11.969,,,,,,,,,,,,,
2022/2/20 13:00,0,0,0,-12.772,,,,,,,,,,,,,
2022/2/20 14:00,0,0,0,-13.806,,,,,,,,,,,,,
2022/2/20 15:00,0,0,0,-14.761,,,,,,,,,,,,,
2022/2/20 16:00,0,0,0,-15.513,,,,,,,,,,,,,
2022/2/20 17:00,0,0,0,-16.07,,,,,,,,,,,,,
2022/2/20 18:00,0,0,0,-16.569,,,,,,,,,,,,,
2022/2/20 19:00,0,0,0,-17.102,,,,,,,,,,,,,
2022/2/20 20:00,0,0,0,-17.549,,,,,,,,,,,,,
2022/2/20 21:00,0,0,0,-17.853,,,,,,,,,,,,,
2022/2/20 22:00,0,0.004,0.003,-18.203,,,,,,,,,,,,,
2022/2/20 23:00,0.212,0.159,0.058,-16.406,,,,,,,,,,,,,
2022/2/21 0:00,0.489,0.406,0.09,-13.282,,,,,,,,,,,,,
2022/2/21 1:00,0.592,0.469,0.145,-11.278,,,,,,,,,,,,,
2022/2/21 2:00,0.578,0.385,0.214,-10.613,,,,,,,,,,,,,
2022/2/21 3:00,0.627,0.423,0.234,-10.091,,,,,,,,,,,,,
2022/2/21 4:00,0.671,0.49,0.22,-9.553,,,,,,,,,,,,,
2022/2/21 5:00,0.627,0.457,0.203,-9.165,,,,,,,,,,,,,
2022/2/21 6:00,0.474,0.302,0.188,-8.938,,,,,,,,,,,,,
2022/2/21 7:00,0.331,0.203,0.138,-9.094,,,,,,,,,,,,,
2022/2/21 8:00,0.127,0.069,0.074,-9.977,,,,,,,,,,,,,
2022/2/21 9:00,0,0.004,0.005,-11.941,,,,,,,,,,,,,
2022/2/21 10:00,0,0,0,-13.504,,,,,,,,,,,,,
2022/2/21 11:00,0,0,0,-14.795,,,,,,,,,,,,,
2022/2/21 12:00,0,0,0,-15.548,,,,,,,,,,,,,
2022/2/21 13:00,0,0,0,-15.558,,,,,,,,,,,,,
2022/2/21 14:00,0,0,0,-15.394,,,,,,,,,,,,,
2022/2/21 15:00,0,0,0,-15.421,,,,,,,,,,,,,
2022/2/21 16:00,0,0,0,-15.912,,,,,,,,,,,,,
2022/2/21 17:00,0,0,0,-16.445,,,,,,,,,,,,,
2022/2/21 18:00,0,0,0,-16.923,,,,,,,,,,,,,
2022/2/21 19:00,0,0,0,-17.278,,,,,,,,,,,,,
2022/2/21 20:00,0,0,0,-17.485,,,,,,,,,,,,,
2022/2/21 21:00,0,0,0,-17.637,,,,,,,,,,,,,
2022/2/21 22:00,0,0.005,0.003,-17.738,,,,,,,,,,,,,
2022/2/21 23:00,0.238,0.187,0.055,-16.274,,,,,,,,,,,,,
2022/2/22 0:00,0.524,0.457,0.074,-13.627,,,,,,,,,,,,,
2022/2/22 1:00,0.725,0.676,0.09,-11.591,,,,,,,,,,,,,
2022/2/22 2:00,0.853,0.835,0.101,-10.104,,,,,,,,,,,,,
2022/2/22 3:00,0.9,0.918,0.107,-8.884,,,,,,,,,,,,,
2022/2/22 4:00,0.9,0.917,0.109,-7.907,,,,,,,,,,,,,
2022/2/22 5:00,0.843,0.834,0.105,-7.171,,,,,,,,,,,,,
2022/2/22 6:00,0.711,0.674,0.095,-6.798,,,,,,,,,,,,,
2022/2/22 7:00,0.507,0.45,0.081,-6.909,,,,,,,,,,,,,
2022/2/22 8:00,0.228,0.185,0.056,-7.948,,,,,,,,,,,,,
2022/2/22 9:00,0.002,0.011,0.006,-11.236,,,,,,,,,,,,,
2022/2/22 10:00,0,0,0,-12.605,,,,,,,,,,,,,
2022/2/22 11:00,0,0,0,-13.12,,,,,,,,,,,,,
2022/2/22 12:00,0,0,0,-13.821,,,,,,,,,,,,,
2022/2/22 13:00,0,0,0,-14.704,,,,,,,,,,,,,
2022/2/22 14:00,0,0,0,-15.299,,,,,,,,,,,,,
2022/2/22 15:00,0,0,0,-15.629,,,,,,,,,,,,,
2022/2/22 16:00,0,0,0,-15.919,,,,,,,,,,,,,
2022/2/22 17:00,0,0,0,-16.233,,,,,,,,,,,,,
2022/2/22 18:00,0,0,0,-16.611,,,,,,,,,,,,,
2022/2/22 19:00,0,0,0,-17.016,,,,,,,,,,,,,
2022/2/22 20:00,0,0,0,-17.404,,,,,,,,,,,,,
2022/2/22 21:00,0,0,0,-17.717,,,,,,,,,,,,,
2022/2/22 22:00,0,0.006,0.003,-17.917,,,,,,,,,,,,,
2022/2/22 23:00,0.248,0.201,0.05,-15.725,,,,,,,,,,,,,
2022/2/23 0:00,0.519,0.454,0.076,-12.391,,,,,,,,,,,,,
2022/2/23 1:00,0.715,0.676,0.092,-8.579,,,,,,,,,,,,,
2022/2/23 2:00,0.839,0.835,0.103,-6.246,,,,,,,,,,,,,
2022/2/23 3:00,0.896,0.918,0.109,-4.498,,,,,,,,,,,,,
2022/2/23 4:00,0.89,0.918,0.11,-3.022,,,,,,,,,,,,,
2022/2/23 5:00,0.824,0.834,0.106,-1.93,,,,,,,,,,,,,
2022/2/23 6:00,0.691,0.668,0.098,-1.342,,,,,,,,,,,,,
2022/2/23 7:00,0.492,0.444,0.083,-1.397,,,,,,,,,,,,,
2022/2/23 8:00,0.222,0.182,0.058,-2.952,,,,,,,,,,,,,
2022/2/23 9:00,0.003,0.012,0.006,-5.699,,,,,,,,,,,,,
2022/2/23 10:00,0,0,0,-6.395,,,,,,,,,,,,,
2022/2/23 11:00,0,0,0,-7.912,,,,,,,,,,,,,
2022/2/23 12:00,0,0,0,-9.594,,,,,,,,,,,,,
2022/2/23 13:00,0,0,0,-10.705,,,,,,,,,,,,,
2022/2/23 14:00,0,0,0,-11.395,,,,,,,,,,,,,
2022/2/23 15:00,0,0,0,-11.936,,,,,,,,,,,,,
2022/2/23 16:00,0,0,0,-12.441,,,,,,,,,,,,,
2022/2/23 17:00,0,0,0,-12.904,,,,,,,,,,,,,
2022/2/23 18:00,0,0,0,-13.27,,,,,,,,,,,,,
2022/2/23 19:00,0,0,0,-13.54,,,,,,,,,,,,,
2022/2/23 20:00,0,0,0,-13.8,,,,,,,,,,,,,
2022/2/23 21:00,0,0,0,-14.063,,,,,,,,,,,,,
2022/2/23 22:00,0,0.007,0.004,-14.245,,,,,,,,,,,,,
2022/2/23 23:00,0.245,0.201,0.052,-12.146,,,,,,,,,,,,,
2022/2/24 0:00,0.513,0.454,0.077,-9.16,,,,,,,,,,,,,
2022/2/24 1:00,0.706,0.676,0.093,-5.555,,,,,,,,,,,,,
2022/2/24 2:00,0.821,0.836,0.103,-1.18,,,,,,,,,,,,,
2022/2/24 3:00,0.876,0.922,0.109,0.763,,,,,,,,,,,,,
2022/2/24 4:00,0.873,0.924,0.109,2.11,,,,,,,,,,,,,
2022/2/24 5:00,0.811,0.844,0.105,3.056,,,,,,,,,,,,,
2022/2/24 6:00,0.686,0.685,0.095,3.479,,,,,,,,,,,,,
2022/2/24 7:00,0.494,0.462,0.081,3.207,,,,,,,,,,,,,
2022/2/24 8:00,0.231,0.197,0.057,1.021,,,,,,,,,,,,,
2022/2/24 9:00,0.005,0.015,0.007,-1.923,,,,,,,,,,,,,
2022/2/24 10:00,0,0,0,-3.397,,,,,,,,,,,,,
2022/2/24 11:00,0,0,0,-4.667,,,,,,,,,,,,,
2022/2/24 12:00,0,0,0,-5.913,,,,,,,,,,,,,
2022/2/24 13:00,0,0,0,-7.017,,,,,,,,,,,,,
2022/2/24 14:00,0,0,0,-7.84,,,,,,,,,,,,,
2022/2/24 15:00,0,0,0,-8.555,,,,,,,,,,,,,
2022/2/24 16:00,0,0,0,-9.214,,,,,,,,,,,,,
2022/2/24 17:00,0,0,0,-9.724,,,,,,,,,,,,,
2022/2/24 18:00,0,0,0,-10.085,,,,,,,,,,,,,
2022/2/24 19:00,0,0,0,-10.352,,,,,,,,,,,,,
2022/2/24 20:00,0,0,0,-10.621,,,,,,,,,,,,,
2022/2/24 21:00,0,0,0,-10.784,,,,,,,,,,,,,
2022/2/24 22:00,0,0.007,0.004,-10.769,,,,,,,,,,,,,
2022/2/24 23:00,0.237,0.196,0.054,-8.446,,,,,,,,,,,,,
2022/2/25 0:00,0.494,0.437,0.084,-5.274,,,,,,,,,,,,,
2022/2/25 1:00,0.681,0.652,0.102,-1.424,,,,,,,,,,,,,
2022/2/25 2:00,0.79,0.805,0.114,3.096,,,,,,,,,,,,,
2022/2/25 3:00,0.839,0.884,0.121,5.717,,,,,,,,,,,,,
2022/2/25 4:00,0.833,0.88,0.123,6.86,,,,,,,,,,,,,
2022/2/25 5:00,0.766,0.785,0.122,7.382,,,,,,,,,,,,,
2022/2/25 6:00,0.624,0.596,0.12,7.356,,,,,,,,,,,,,
2022/2/25 7:00,0.397,0.323,0.116,6.307,,,,,,,,,,,,,
2022/2/25 8:00,0.134,0.079,0.078,2.766,,,,,,,,,,,,,
2022/2/25 9:00,0,0.005,0.008,-0.427,,,,,,,,,,,,,
2022/2/25 10:00,0,0,0,-1.456,,,,,,,,,,,,,
2022/2/25 11:00,0,0,0,-2.208,,,,,,,,,,,,,
2022/2/25 12:00,0,0,0,-2.991,,,,,,,,,,,,,
2022/2/25 13:00,0,0,0,-3.715,,,,,,,,,,,,,
2022/2/25 14:00,0,0,0,-4.66,,,,,,,,,,,,,
2022/2/25 15:00,0,0,0,-5.463,,,,,,,,,,,,,
2022/2/25 16:00,0,0,0,-5.541,,,,,,,,,,,,,
2022/2/25 17:00,0,0,0,-5.817,,,,,,,,,,,,,
2022/2/25 18:00,0,0,0,-6.342,,,,,,,,,,,,,
2022/2/25 19:00,0,0,0,-7.061,,,,,,,,,,,,,
2022/2/25 20:00,0,0,0,-8.155,,,,,,,,,,,,,
2022/2/25 21:00,0,0,0,-9.053,,,,,,,,,,,,,
2022/2/25 22:00,0,0.009,0.005,-9.505,,,,,,,,,,,,,
2022/2/25 23:00,0.248,0.205,0.055,-8.218,,,,,,,,,,,,,
2022/2/26 0:00,0.506,0.454,0.08,-5.528,,,,,,,,,,,,,
2022/2/26 1:00,0.69,0.661,0.098,-2.781,,,,,,,,,,,,,
2022/2/26 2:00,0.807,0.81,0.111,-1.142,,,,,,,,,,,,,
2022/2/26 3:00,0.869,0.899,0.116,-0.086,,,,,,,,,,,,,
2022/2/26 4:00,0.872,0.908,0.115,0.71,,,,,,,,,,,,,
2022/2/26 5:00,0.813,0.831,0.11,1.223,,,,,,,,,,,,,
2022/2/26 6:00,0.69,0.676,0.1,1.318,,,,,,,,,,,,,
2022/2/26 7:00,0.5,0.459,0.084,0.9,,,,,,,,,,,,,
2022/2/26 8:00,0.239,0.201,0.06,-0.304,,,,,,,,,,,,,
2022/2/26 9:00,0.01,0.019,0.008,-2.975,,,,,,,,,,,,,
2022/2/26 10:00,0,0,0,-4.322,,,,,,,,,,,,,
2022/2/26 11:00,0,0,0,-5.32,,,,,,,,,,,,,
2022/2/26 12:00,0,0,0,-6.182,,,,,,,,,,,,,
2022/2/26 13:00,0,0,0,-6.902,,,,,,,,,,,,,
2022/2/26 14:00,0,0,0,-7.313,,,,,,,,,,,,,
2022/2/26 15:00,0,0,0,-7.597,,,,,,,,,,,,,
2022/2/26 16:00,0,0,0,-7.912,,,,,,,,,,,,,
2022/2/26 17:00,0,0,0,-8.221,,,,,,,,,,,,,
2022/2/26 18:00,0,0,0,-8.498,,,,,,,,,,,,,
2022/2/26 19:00,0,0,0,-8.792,,,,,,,,,,,,,
2022/2/26 20:00,0,0,0,-9.074,,,,,,,,,,,,,
2022/2/26 21:00,0,0,0,-9.232,,,,,,,,,,,,,
2022/2/26 22:00,0,0.009,0.006,-9.265,,,,,,,,,,,,,
2022/2/26 23:00,0.24,0.197,0.057,-7.32,,,,,,,,,,,,,
2022/2/27 0:00,0.489,0.427,0.091,-4.446,,,,,,,,,,,,,
2022/2/27 1:00,0.672,0.637,0.11,-0.312,,,,,,,,,,,,,
2022/2/27 2:00,0.788,0.791,0.123,2.421,,,,,,,,,,,,,
2022/2/27 3:00,0.849,0.879,0.128,3.571,,,,,,,,,,,,,
2022/2/27 4:00,0.845,0.875,0.13,4.312,,,,,,,,,,,,,
2022/2/27 5:00,0.782,0.791,0.126,4.772,,,,,,,,,,,,,
2022/2/27 6:00,0.654,0.626,0.119,4.861,,,,,,,,,,,,,
2022/2/27 7:00,0.462,0.406,0.102,4.393,,,,,,,,,,,,,
2022/2/27 8:00,0.212,0.164,0.072,2.027,,,,,,,,,,,,,
2022/2/27 9:00,0.008,0.015,0.01,-1.686,,,,,,,,,,,,,
2022/2/27 10:00,0,0,0,-2.644,,,,,,,,,,,,,
2022/2/27 11:00,0,0,0,-3.008,,,,,,,,,,,,,
2022/2/27 12:00,0,0,0,-3.377,,,,,,,,,,,,,
2022/2/27 13:00,0,0,0,-3.655,,,,,,,,,,,,,
2022/2/27 14:00,0,0,0,-4.135,,,,,,,,,,,,,
2022/2/27 15:00,0,0,0,-4.743,,,,,,,,,,,,,
2022/2/27 16:00,0,0,0,-5.389,,,,,,,,,,,,,
2022/2/27 17:00,0,0,0,-5.812,,,,,,,,,,,,,
2022/2/27 18:00,0,0,0,-6.063,,,,,,,,,,,,,
2022/2/27 19:00,0,0,0,-6.141,,,,,,,,,,,,,
2022/2/27 20:00,0,0,0,-6.16,,,,,,,,,,,,,
2022/2/27 21:00,0,0,0,-6.1,,,,,,,,,,,,,
2022/2/27 22:00,0,0.001,0.004,-5.939,,,,,,,,,,,,,
2022/2/27 23:00,0.03,0.006,0.043,-4.758,,,,,,,,,,,,,
2022/2/28 0:00,0.066,0.004,0.082,-3.631,,,,,,,,,,,,,
2022/2/28 1:00,0.089,0.004,0.104,-2.906,,,,,,,,,,,,,
2022/2/28 2:00,0.115,0.005,0.13,-2.088,,,,,,,,,,,,,
2022/2/28 3:00,0.139,0.007,0.153,-1.475,,,,,,,,,,,,,
2022/2/28 4:00,0.154,0.008,0.165,-1.033,,,,,,,,,,,,,
2022/2/28 5:00,0.155,0.01,0.166,-0.612,,,,,,,,,,,,,
2022/2/28 6:00,0.15,0.012,0.159,-0.269,,,,,,,,,,,,,
2022/2/28 7:00,0.099,0.008,0.112,-0.593,,,,,,,,,,,,,
2022/2/28 8:00,0.031,0.003,0.048,-1.974,,,,,,,,,,,,,
2022/2/28 9:00,0,0,0.005,-3.429,,,,,,,,,,,,,
2022/2/28 10:00,0,0,0,-4.142,,,,,,,,,,,,,
2022/2/28 11:00,0,0,0,-4.469,,,,,,,,,,,,,
2022/2/28 12:00,0,0,0,-4.984,,,,,,,,,,,,,
2022/2/28 13:00,0,0,0,-6.044,,,,,,,,,,,,,
2022/2/28 14:00,0,0,0,-7.111,,,,,,,,,,,,,
2022/2/28 15:00,0,0,0,-8.062,,,,,,,,,,,,,
2022/2/28 16:00,0,0,0,-8.893,,,,,,,,,,,,,
2022/2/28 17:00,0,0,0,-9.484,,,,,,,,,,,,,
2022/2/28 18:00,0,0,0,-10.012,,,,,,,,,,,,,
2022/2/28 19:00,0,0,0,-10.535,,,,,,,,,,,,,
2022/2/28 20:00,0,0,0,-10.92,,,,,,,,,,,,,
2022/2/28 21:00,0,0,0,-11.247,,,,,,,,,,,,,
2022/2/28 22:00,0.001,0.007,0.009,-11.307,,,,,,,,,,,,,
2022/2/28 23:00,0.216,0.143,0.085,-9.197,,,,,,,,,,,,,
2022/3/1 0:00,0.509,0.451,0.084,-6.188,,,,,,,,,,,,,
2022/3/1 1:00,0.693,0.664,0.101,-2.35,,,,,,,,,,,,,
2022/3/1 2:00,0.809,0.82,0.112,0.565,,,,,,,,,,,,,
2022/3/1 3:00,0.866,0.908,0.117,2.485,,,,,,,,,,,,,
2022/3/1 4:00,0.864,0.915,0.117,3.957,,,,,,,,,,,,,
2022/3/1 5:00,0.805,0.838,0.112,4.86,,,,,,,,,,,,,
2022/3/1 6:00,0.686,0.685,0.102,5.114,,,,,,,,,,,,,
2022/3/1 7:00,0.501,0.468,0.086,4.625,,,,,,,,,,,,,
2022/3/1 8:00,0.25,0.212,0.063,2.628,,,,,,,,,,,,,
2022/3/1 9:00,0.017,0.026,0.01,-1.247,,,,,,,,,,,,,
2022/3/1 10:00,0,0,0,-2.412,,,,,,,,,,,,,
2022/3/1 11:00,0,0,0,-2.86,,,,,,,,,,,,,
2022/3/1 12:00,0,0,0,-3.204,,,,,,,,,,,,,
2022/3/1 13:00,0,0,0,-3.44,,,,,,,,,,,,,
2022/3/1 14:00,0,0,0,-4.051,,,,,,,,,,,,,
2022/3/1 15:00,0,0,0,-4.719,,,,,,,,,,,,,
2022/3/1 16:00,0,0,0,-5.238,,,,,,,,,,,,,
2022/3/1 17:00,0,0,0,-5.604,,,,,,,,,,,,,
2022/3/1 18:00,0,0,0,-5.973,,,,,,,,,,,,,
2022/3/1 19:00,0,0,0,-6.467,,,,,,,,,,,,,
2022/3/1 20:00,0,0,0,-6.995,,,,,,,,,,,,,
2022/3/1 21:00,0,0,0,-7.329,,,,,,,,,,,,,
2022/3/1 22:00,0.004,0.011,0.007,-7.529,,,,,,,,,,,,,
2022/3/1 23:00,0.248,0.204,0.059,-5.79,,,,,,,,,,,,,
2022/3/2 0:00,0.507,0.458,0.083,-3.065,,,,,,,,,,,,,
2022/3/2 1:00,0.691,0.672,0.1,0.027,,,,,,,,,,,,,
2022/3/2 2:00,0.807,0.824,0.112,1.876,,,,,,,,,,,,,
2022/3/2 3:00,0.852,0.882,0.124,2.62,,,,,,,,,,,,,
2022/3/2 4:00,0.848,0.873,0.127,2.805,,,,,,,,,,,,,
2022/3/2 5:00,0.806,0.824,0.116,2.693,,,,,,,,,,,,,
2022/3/2 6:00,0.695,0.684,0.103,2.28,,,,,,,,,,,,,
2022/3/2 7:00,0.514,0.475,0.086,1.437,,,,,,,,,,,,,
2022/3/2 8:00,0.263,0.223,0.062,-0.009,,,,,,,,,,,,,
2022/3/2 9:00,0.023,0.031,0.011,-2.655,,,,,,,,,,,,,
2022/3/2 10:00,0,0,0,-4.099,,,,,,,,,,,,,
2022/3/2 11:00,0,0,0,-4.634,,,,,,,,,,,,,
2022/3/2 12:00,0,0,0,-5.31,,,,,,,,,,,,,
2022/3/2 13:00,0,0,0,-6.047,,,,,,,,,,,,,
2022/3/2 14:00,0,0,0,-6.775,,,,,,,,,,,,,
2022/3/2 15:00,0,0,0,-7.384,,,,,,,,,,,,,
2022/3/2 16:00,0,0,0,-7.855,,,,,,,,,,,,,
2022/3/2 17:00,0,0,0,-8.191,,,,,,,,,,,,,
2022/3/2 18:00,0,0,0,-8.506,,,,,,,,,,,,,
2022/3/2 19:00,0,0,0,-8.969,,,,,,,,,,,,,
2022/3/2 20:00,0,0,0,-9.478,,,,,,,,,,,,,
2022/3/2 21:00,0,0,0,-9.88,,,,,,,,,,,,,
2022/3/2 22:00,0.005,0.013,0.008,-9.943,,,,,,,,,,,,,
2022/3/2 23:00,0.24,0.19,0.063,-6.804,,,,,,,,,,,,,
2022/3/3 0:00,0.489,0.427,0.093,-3.463,,,,,,,,,,,,,
2022/3/3 1:00,0.674,0.639,0.11,-0.172,,,,,,,,,,,,,
2022/3/3 2:00,0.79,0.794,0.122,2.56,,,,,,,,,,,,,
2022/3/3 3:00,0.843,0.877,0.128,4.622,,,,,,,,,,,,,
2022/3/3 4:00,0.839,0.877,0.129,5.952,,,,,,,,,,,,,
2022/3/3 5:00,0.78,0.799,0.125,6.581,,,,,,,,,,,,,
2022/3/3 6:00,0.664,0.651,0.114,6.713,,,,,,,,,,,,,
2022/3/3 7:00,0.482,0.439,0.097,6.237,,,,,,,,,,,,,
2022/3/3 8:00,0.234,0.188,0.072,4.254,,,,,,,,,,,,,
2022/3/3 9:00,0.016,0.022,0.013,0.793,,,,,,,,,,,,,
2022/3/3 10:00,0,0,0,-0.251,,,,,,,,,,,,,
2022/3/3 11:00,0,0,0,-0.784,,,,,,,,,,,,,
2022/3/3 12:00,0,0,0,-1.124,,,,,,,,,,,,,
2022/3/3 13:00,0,0,0,-1.363,,,,,,,,,,,,,
2022/3/3 14:00,0,0,0,-1.473,,,,,,,,,,,,,
2022/3/3 15:00,0,0,0,-1.454,,,,,,,,,,,,,
2022/3/3 16:00,0,0,0,-1.737,,,,,,,,,,,,,
2022/3/3 17:00,0,0,0,-2.076,,,,,,,,,,,,,
2022/3/3 18:00,0,0,0,-2.017,,,,,,,,,,,,,
2022/3/3 19:00,0,0,0,-1.857,,,,,,,,,,,,,
2022/3/3 20:00,0,0,0,-2.129,,,,,,,,,,,,,
2022/3/3 21:00,0,0,0,-2.566,,,,,,,,,,,,,
2022/3/3 22:00,0.005,0.012,0.009,-2.826,,,,,,,,,,,,,
2022/3/3 23:00,0.23,0.182,0.067,-1.932,,,,,,,,,,,,,
2022/3/4 0:00,0.474,0.411,0.098,-0.935,,,,,,,,,,,,,
2022/3/4 1:00,0.634,0.571,0.128,-0.474,,,,,,,,,,,,,
2022/3/4 2:00,0.69,0.598,0.172,-0.173,,,,,,,,,,,,,
2022/3/4 3:00,0.586,0.392,0.249,-0.379,,,,,,,,,,,,,
2022/3/4 4:00,0.85,0.849,0.138,-0.035,,,,,,,,,,,,,
2022/3/4 5:00,0.847,0.873,0.11,-0.085,,,,,,,,,,,,,
2022/3/4 6:00,0.722,0.706,0.103,-0.815,,,,,,,,,,,,,
2022/3/4 7:00,0.517,0.461,0.094,-1.834,,,,,,,,,,,,,
2022/3/4 8:00,0.249,0.194,0.073,-2.912,,,,,,,,,,,,,
2022/3/4 9:00,0.025,0.03,0.013,-4.068,,,,,,,,,,,,,
2022/3/4 10:00,0,0,0,-4.886,,,,,,,,,,,,,
2022/3/4 11:00,0,0,0,-5.608,,,,,,,,,,,,,
2022/3/4 12:00,0,0,0,-6.186,,,,,,,,,,,,,
2022/3/4 13:00,0,0,0,-6.579,,,,,,,,,,,,,
2022/3/4 14:00,0,0,0,-6.88,,,,,,,,,,,,,
2022/3/4 15:00,0,0,0,-7.308,,,,,,,,,,,,,
2022/3/4 16:00,0,0,0,-7.774,,,,,,,,,,,,,
2022/3/4 17:00,0,0,0,-8.229,,,,,,,,,,,,,
2022/3/4 18:00,0,0,0,-8.712,,,,,,,,,,,,,
2022/3/4 19:00,0,0,0,-9.183,,,,,,,,,,,,,
2022/3/4 20:00,0,0,0,-9.6,,,,,,,,,,,,,
2022/3/4 21:00,0,0,0,-9.872,,,,,,,,,,,,,
2022/3/4 22:00,0.014,0.022,0.009,-10.164,,,,,,,,,,,,,
2022/3/4 23:00,0.288,0.242,0.057,-8.992,,,,,,,,,,,,,
2022/3/5 0:00,0.551,0.505,0.074,-7.052,,,,,,,,,,,,,
2022/3/5 1:00,0.742,0.725,0.09,-5.469,,,,,,,,,,,,,
2022/3/5 2:00,0.863,0.883,0.1,-4.123,,,,,,,,,,,,,
2022/3/5 3:00,0.9,0.965,0.107,-2.992,,,,,,,,,,,,,
2022/3/5 4:00,0.9,0.966,0.108,-2.109,,,,,,,,,,,,,
2022/3/5 5:00,0.857,0.884,0.104,-1.578,,,,,,,,,,,,,
2022/3/5 6:00,0.733,0.725,0.095,-1.406,,,,,,,,,,,,,
2022/3/5 7:00,0.541,0.501,0.083,-1.594,,,,,,,,,,,,,
2022/3/5 8:00,0.282,0.239,0.062,-2.256,,,,,,,,,,,,,
2022/3/5 9:00,0.034,0.04,0.013,-4.036,,,,,,,,,,,,,
2022/3/5 10:00,0,0,0,-5.842,,,,,,,,,,,,,
2022/3/5 11:00,0,0,0,-6.681,,,,,,,,,,,,,
2022/3/5 12:00,0,0,0,-7.518,,,,,,,,,,,,,
2022/3/5 13:00,0,0,0,-8.31,,,,,,,,,,,,,
2022/3/5 14:00,0,0,0,-9.006,,,,,,,,,,,,,
2022/3/5 15:00,0,0,0,-9.694,,,,,,,,,,,,,
2022/3/5 16:00,0,0,0,-10.358,,,,,,,,,,,,,
2022/3/5 17:00,0,0,0,-10.999,,,,,,,,,,,,,
2022/3/5 18:00,0,0,0,-11.595,,,,,,,,,,,,,
2022/3/5 19:00,0,0,0,-12.101,,,,,,,,,,,,,
2022/3/5 20:00,0,0,0,-12.472,,,,,,,,,,,,,
2022/3/5 21:00,0,0,0,-12.611,,,,,,,,,,,,,
2022/3/5 22:00,0.015,0.023,0.009,-12.121,,,,,,,,,,,,,
2022/3/5 23:00,0.282,0.235,0.057,-9.109,,,,,,,,,,,,,
2022/3/6 0:00,0.529,0.471,0.088,-5.791,,,,,,,,,,,,,
2022/3/6 1:00,0.708,0.679,0.107,-1.968,,,,,,,,,,,,,
2022/3/6 2:00,0.816,0.822,0.122,0.869,,,,,,,,,,,,,
2022/3/6 3:00,0.86,0.889,0.132,3.171,,,,,,,,,,,,,
2022/3/6 4:00,0.835,0.852,0.142,4.91,,,,,,,,,,,,,
2022/3/6 5:00,0.757,0.741,0.146,5.971,,,,,,,,,,,,,
2022/3/6 6:00,0.6,0.53,0.152,6.268,,,,,,,,,,,,,
2022/3/6 7:00,0.326,0.2,0.16,5.615,,,,,,,,,,,,,
2022/3/6 8:00,0.133,0.06,0.097,3.689,,,,,,,,,,,,,
2022/3/6 9:00,0.009,0.01,0.016,0.764,,,,,,,,,,,,,
2022/3/6 10:00,0,0,0,-0.428,,,,,,,,,,,,,
2022/3/6 11:00,0,0,0,-0.792,,,,,,,,,,,,,
2022/3/6 12:00,0,0,0,-1.261,,,,,,,,,,,,,
2022/3/6 13:00,0,0,0,-1.282,,,,,,,,,,,,,
2022/3/6 14:00,0,0,0,-1.167,,,,,,,,,,,,,
2022/3/6 15:00,0,0,0,-1.251,,,,,,,,,,,,,
2022/3/6 16:00,0,0,0,-1.791,,,,,,,,,,,,,
2022/3/6 17:00,0,0,0,-2.788,,,,,,,,,,,,,
2022/3/6 18:00,0,0,0,-3.598,,,,,,,,,,,,,
2022/3/6 19:00,0,0,0,-4.311,,,,,,,,,,,,,
2022/3/6 20:00,0,0,0,-5.044,,,,,,,,,,,,,
2022/3/6 21:00,0,0,0,-5.666,,,,,,,,,,,,,
2022/3/6 22:00,0.011,0.016,0.012,-5.843,,,,,,,,,,,,,
2022/3/6 23:00,0.25,0.197,0.07,-4.197,,,,,,,,,,,,,
2022/3/7 0:00,0.51,0.458,0.09,-1.57,,,,,,,,,,,,,
2022/3/7 1:00,0.696,0.677,0.105,1.168,,,,,,,,,,,,,
2022/3/7 2:00,0.811,0.834,0.117,3.305,,,,,,,,,,,,,
2022/3/7 3:00,0.869,0.92,0.122,4.578,,,,,,,,,,,,,
2022/3/7 4:00,0.867,0.921,0.124,5.279,,,,,,,,,,,,,
2022/3/7 5:00,0.808,0.84,0.12,5.631,,,,,,,,,,,,,
2022/3/7 6:00,0.692,0.689,0.11,5.677,,,,,,,,,,,,,
2022/3/7 7:00,0.51,0.473,0.095,5.311,,,,,,,,,,,,,
2022/3/7 8:00,0.264,0.218,0.072,3.672,,,,,,,,,,,,,
2022/3/7 9:00,0.032,0.037,0.016,1.853,,,,,,,,,,,,,
2022/3/7 10:00,0,0,0,1.174,,,,,,,,,,,,,
2022/3/7 11:00,0,0,0,-0.226,,,,,,,,,,,,,
2022/3/7 12:00,0,0,0,-1.51,,,,,,,,,,,,,
2022/3/7 13:00,0,0,0,-1.531,,,,,,,,,,,,,
2022/3/7 14:00,0,0,0,-0.966,,,,,,,,,,,,,
2022/3/7 15:00,0,0,0,-0.51,,,,,,,,,,,,,
2022/3/7 16:00,0,0,0,-0.458,,,,,,,,,,,,,
2022/3/7 17:00,0,0,0,-0.896,,,,,,,,,,,,,
2022/3/7 18:00,0,0,0,-0.653,,,,,,,,,,,,,
2022/3/7 19:00,0,0,0,-0.324,,,,,,,,,,,,,
2022/3/7 20:00,0,0,0,-0.329,,,,,,,,,,,,,
2022/3/7 21:00,0,0,0,-0.314,,,,,,,,,,,,,
2022/3/7 22:00,0.002,0.006,0.012,-0.412,,,,,,,,,,,,,
2022/3/7 23:00,0.184,0.122,0.084,0.556,,,,,,,,,,,,,
2022/3/8 0:00,0.462,0.397,0.108,2.968,,,,,,,,,,,,,
2022/3/8 1:00,0.642,0.611,0.125,6.499,,,,,,,,,,,,,
2022/3/8 2:00,0.758,0.768,0.136,8.682,,,,,,,,,,,,,
2022/3/8 3:00,0.821,0.863,0.14,9.684,,,,,,,,,,,,,
2022/3/8 4:00,0.822,0.866,0.14,10.207,,,,,,,,,,,,,
2022/3/8 5:00,0.766,0.79,0.136,10.447,,,,,,,,,,,,,
2022/3/8 6:00,0.658,0.65,0.123,10.325,,,,,,,,,,,,,
2022/3/8 7:00,0.489,0.451,0.104,9.541,,,,,,,,,,,,,
2022/3/8 8:00,0.262,0.216,0.076,6.303,,,,,,,,,,,,,
2022/3/8 9:00,0.029,0.026,0.023,1.096,,,,,,,,,,,,,
2022/3/8 10:00,0,0,0,-0.528,,,,,,,,,,,,,
2022/3/8 11:00,0,0,0,-0.799,,,,,,,,,,,,,
2022/3/8 12:00,0,0,0,-0.992,,,,,,,,,,,,,
2022/3/8 13:00,0,0,0,-1.067,,,,,,,,,,,,,
2022/3/8 14:00,0,0,0,-0.922,,,,,,,,,,,,,
2022/3/8 15:00,0,0,0,-0.483,,,,,,,,,,,,,
2022/3/8 16:00,0,0,0,0.21,,,,,,,,,,,,,
2022/3/8 17:00,0,0,0,0.623,,,,,,,,,,,,,
2022/3/8 18:00,0,0,0,0.448,,,,,,,,,,,,,
2022/3/8 19:00,0,0,0,-0.353,,,,,,,,,,,,,
2022/3/8 20:00,0,0,0,-1.132,,,,,,,,,,,,,
2022/3/8 21:00,0,0,0,-1.4,,,,,,,,,,,,,
2022/3/8 22:00,0.003,0.005,0.014,-0.639,,,,,,,,,,,,,
2022/3/8 23:00,0.104,0.039,0.088,2.16,,,,,,,,,,,,,
2022/3/9 0:00,0.247,0.092,0.182,4.317,,,,,,,,,,,,,
2022/3/9 1:00,0.3,0.09,0.242,6.285,,,,,,,,,,,,,
2022/3/9 2:00,0.335,0.091,0.283,8.051,,,,,,,,,,,,,
2022/3/9 3:00,0.429,0.162,0.321,9.595,,,,,,,,,,,,,
2022/3/9 4:00,0.419,0.151,0.322,10.65,,,,,,,,,,,,,
2022/3/9 5:00,0.375,0.127,0.298,11.24,,,,,,,,,,,,,
2022/3/9 6:00,0.336,0.125,0.257,11.453,,,,,,,,,,,,,
2022/3/9 7:00,0.279,0.123,0.194,11.134,,,,,,,,,,,,,
2022/3/9 8:00,0.172,0.087,0.114,9.473,,,,,,,,,,,,,
2022/3/9 9:00,0.012,0.006,0.024,6.166,,,,,,,,,,,,,
2022/3/9 10:00,0,0,0,4.016,,,,,,,,,,,,,
2022/3/9 11:00,0,0,0,2.942,,,,,,,,,,,,,
2022/3/9 12:00,0,0,0,2.154,,,,,,,,,,,,,
2022/3/9 13:00,0,0,0,1.303,,,,,,,,,,,,,
2022/3/9 14:00,0,0,0,0.82,,,,,,,,,,,,,
2022/3/9 15:00,0,0,0,0.695,,,,,,,,,,,,,
2022/3/9 16:00,0,0,0,0.56,,,,,,,,,,,,,
2022/3/9 17:00,0,0,0,0.331,,,,,,,,,,,,,
2022/3/9 18:00,0,0,0,0.058,,,,,,,,,,,,,
2022/3/9 19:00,0,0,0,-0.152,,,,,,,,,,,,,
2022/3/9 20:00,0,0,0,-0.065,,,,,,,,,,,,,
2022/3/9 21:00,0,0,0,0.621,,,,,,,,,,,,,
2022/3/9 22:00,0,0.001,0.011,0.877,,,,,,,,,,,,,
2022/3/9 23:00,0.085,0.019,0.088,2.889,,,,,,,,,,,,,
2022/3/10 0:00,0.298,0.163,0.166,5.48,,,,,,,,,,,,,
2022/3/10 1:00,0.601,0.539,0.15,8.25,,,,,,,,,,,,,
2022/3/10 2:00,0.71,0.678,0.167,10.22,,,,,,,,,,,,,
2022/3/10 3:00,0.709,0.642,0.205,11.312,,,,,,,,,,,,,
2022/3/10 4:00,0.733,0.691,0.193,11.887,,,,,,,,,,,,,
2022/3/10 5:00,0.699,0.66,0.177,12.121,,,,,,,,,,,,,
2022/3/10 6:00,0.531,0.424,0.189,11.797,,,,,,,,,,,,,
2022/3/10 7:00,0.399,0.304,0.148,11.083,,,,,,,,,,,,,
2022/3/10 8:00,0.21,0.142,0.098,9.354,,,,,,,,,,,,,
2022/3/10 9:00,0.013,0.008,0.024,4.845,,,,,,,,,,,,,
2022/3/10 10:00,0,0,0,2.619,,,,,,,,,,,,,
2022/3/10 11:00,0,0,0,1.911,,,,,,,,,,,,,
2022/3/10 12:00,0,0,0,1.158,,,,,,,,,,,,,
2022/3/10 13:00,0,0,0,0.31,,,,,,,,,,,,,
2022/3/10 14:00,0,0,0,-0.543,,,,,,,,,,,,,
2022/3/10 15:00,0,0,0,-1.696,,,,,,,,,,,,,
2022/3/10 16:00,0,0,0,-2.456,,,,,,,,,,,,,
2022/3/10 17:00,0,0,0,-2.374,,,,,,,,,,,,,
2022/3/10 18:00,0,0,0,-2.432,,,,,,,,,,,,,
2022/3/10 19:00,0,0,0,-3.179,,,,,,,,,,,,,
2022/3/10 20:00,0,0,0,-3.602,,,,,,,,,,,,,
2022/3/10 21:00,0,0,0,-3.703,,,,,,,,,,,,,
2022/3/10 22:00,0.018,0.02,0.016,-3.14,,,,,,,,,,,,,
2022/3/10 23:00,0.247,0.189,0.079,0.34,,,,,,,,,,,,,
2022/3/11 0:00,0.49,0.432,0.106,3.19,,,,,,,,,,,,,
2022/3/11 1:00,0.669,0.646,0.124,6.122,,,,,,,,,,,,,
2022/3/11 2:00,0.783,0.799,0.137,7.922,,,,,,,,,,,,,
2022/3/11 3:00,0.843,0.892,0.141,9.126,,,,,,,,,,,,,
2022/3/11 4:00,0.838,0.887,0.144,9.997,,,,,,,,,,,,,
2022/3/11 5:00,0.779,0.804,0.14,10.57,,,,,,,,,,,,,
2022/3/11 6:00,0.654,0.634,0.135,10.712,,,,,,,,,,,,,
2022/3/11 7:00,0.474,0.418,0.12,10.37,,,,,,,,,,,,,
2022/3/11 8:00,0.237,0.175,0.093,8.913,,,,,,,,,,,,,
2022/3/11 9:00,0.025,0.017,0.028,4.179,,,,,,,,,,,,,
2022/3/11 10:00,0,0,0,2.032,,,,,,,,,,,,,
2022/3/11 11:00,0,0,0,1.943,,,,,,,,,,,,,
2022/3/11 12:00,0,0,0,2.216,,,,,,,,,,,,,
2022/3/11 13:00,0,0,0,1.88,,,,,,,,,,,,,
2022/3/11 14:00,0,0,0,1.762,,,,,,,,,,,,,
2022/3/11 15:00,0,0,0,1.489,,,,,,,,,,,,,
2022/3/11 16:00,0,0,0,0.613,,,,,,,,,,,,,
2022/3/11 17:00,0,0,0,0.219,,,,,,,,,,,,,
2022/3/11 18:00,0,0,0,0.373,,,,,,,,,,,,,
2022/3/11 19:00,0,0,0,0.368,,,,,,,,,,,,,
2022/3/11 20:00,0,0,0,0.356,,,,,,,,,,,,,
2022/3/11 21:00,0,0,0,0.206,,,,,,,,,,,,,
2022/3/11 22:00,0,0,0.004,0.189,,,,,,,,,,,,,
2022/3/11 23:00,0.011,0.001,0.027,0.527,,,,,,,,,,,,,
2022/3/12 0:00,0.051,0.003,0.069,1.011,,,,,,,,,,,,,
2022/3/12 1:00,0.151,0.016,0.158,2.221,,,,,,,,,,,,,
2022/3/12 2:00,0.442,0.197,0.291,5.09,,,,,,,,,,,,,
2022/3/12 3:00,0.584,0.377,0.29,8.203,,,,,,,,,,,,,
2022/3/12 4:00,0.601,0.415,0.284,10.839,,,,,,,,,,,,,
2022/3/12 5:00,0.595,0.451,0.249,13.164,,,,,,,,,,,,,
2022/3/12 6:00,0.541,0.435,0.201,14.9,,,,,,,,,,,,,
2022/3/12 7:00,0.42,0.334,0.152,15.255,,,,,,,,,,,,,
2022/3/12 8:00,0.224,0.155,0.105,12.73,,,,,,,,,,,,,
2022/3/12 9:00,0.027,0.017,0.031,8.3,,,,,,,,,,,,,
2022/3/12 10:00,0,0,0,6.041,,,,,,,,,,,,,
2022/3/12 11:00,0,0,0,4.612,,,,,,,,,,,,,
2022/3/12 12:00,0,0,0,2.952,,,,,,,,,,,,,
2022/3/12 13:00,0,0,0,1.804,,,,,,,,,,,,,
2022/3/12 14:00,0,0,0,1.016,,,,,,,,,,,,,
2022/3/12 15:00,0,0,0,0.425,,,,,,,,,,,,,
2022/3/12 16:00,0,0,0,-0.283,,,,,,,,,,,,,
2022/3/12 17:00,0,0,0,-0.979,,,,,,,,,,,,,
2022/3/12 18:00,0,0,0,-1.534,,,,,,,,,,,,,
2022/3/12 19:00,0,0,0,-2.368,,,,,,,,,,,,,
2022/3/12 20:00,0,0,0,-3.308,,,,,,,,,,,,,
2022/3/12 21:00,0,0,0,-4.151,,,,,,,,,,,,,
2022/3/12 22:00,0.021,0.019,0.02,-4.227,,,,,,,,,,,,,
2022/3/12 23:00,0.24,0.168,0.092,-1.417,,,,,,,,,,,,,
2022/3/13 0:00,0.482,0.399,0.123,0.741,,,,,,,,,,,,,
2022/3/13 1:00,0.658,0.594,0.147,2.529,,,,,,,,,,,,,
2022/3/13 2:00,0.754,0.703,0.172,4.093,,,,,,,,,,,,,
2022/3/13 3:00,0.794,0.748,0.189,5.22,,,,,,,,,,,,,
2022/3/13 4:00,0.691,0.55,0.247,5.816,,,,,,,,,,,,,
2022/3/13 5:00,0.444,0.197,0.295,5.812,,,,,,,,,,,,,
2022/3/13 6:00,0.387,0.175,0.252,5.816,,,,,,,,,,,,,
2022/3/13 7:00,0.263,0.1,0.192,5.469,,,,,,,,,,,,,
2022/3/13 8:00,0.093,0.019,0.097,4.473,,,,,,,,,,,,,
2022/3/13 9:00,0.008,0.003,0.022,2.294,,,,,,,,,,,,,
2022/3/13 10:00,0,0,0,0.499,,,,,,,,,,,,,
2022/3/13 11:00,0,0,0,-0.386,,,,,,,,,,,,,
2022/3/13 12:00,0,0,0,-1.179,,,,,,,,,,,,,
2022/3/13 13:00,0,0,0,-1.324,,,,,,,,,,,,,
2022/3/13 14:00,0,0,0,-1.931,,,,,,,,,,,,,
2022/3/13 15:00,0,0,0,-2.205,,,,,,,,,,,,,
2022/3/13 16:00,0,0,0,-2.207,,,,,,,,,,,,,
2022/3/13 17:00,0,0,0,-2.15,,,,,,,,,,,,,
2022/3/13 18:00,0,0,0,-2.147,,,,,,,,,,,,,
2022/3/13 19:00,0,0,0,-2.261,,,,,,,,,,,,,
2022/3/13 20:00,0,0,0,-2.416,,,,,,,,,,,,,
2022/3/13 21:00,0,0,0,-2.887,,,,,,,,,,,,,
2022/3/13 22:00,0.012,0.009,0.021,-3.261,,,,,,,,,,,,,
2022/3/13 23:00,0.168,0.081,0.107,-1.115,,,,,,,,,,,,,
2022/3/14 0:00,0.319,0.166,0.179,0.656,,,,,,,,,,,,,
2022/3/14 1:00,0.425,0.221,0.239,1.325,,,,,,,,,,,,,
2022/3/14 2:00,0.504,0.269,0.282,1.666,,,,,,,,,,,,,
2022/3/14 3:00,0.561,0.318,0.301,1.861,,,,,,,,,,,,,
2022/3/14 4:00,0.629,0.42,0.281,2.035,,,,,,,,,,,,,
2022/3/14 5:00,0.614,0.43,0.253,2.204,,,,,,,,,,,,,
2022/3/14 6:00,0.576,0.439,0.199,2.407,,,,,,,,,,,,,
2022/3/14 7:00,0.452,0.341,0.151,2.338,,,,,,,,,,,,,
2022/3/14 8:00,0.242,0.159,0.106,1.579,,,,,,,,,,,,,
2022/3/14 9:00,0.036,0.021,0.034,-1.409,,,,,,,,,,,,,
2022/3/14 10:00,0,0,0,-3.74,,,,,,,,,,,,,
2022/3/14 11:00,0,0,0,-4.338,,,,,,,,,,,,,
2022/3/14 12:00,0,0,0,-4.233,,,,,,,,,,,,,
2022/3/14 13:00,0,0,0,-3.504,,,,,,,,,,,,,
2022/3/14 14:00,0,0,0,-3.24,,,,,,,,,,,,,
2022/3/14 15:00,0,0,0,-3.17,,,,,,,,,,,,,
2022/3/14 16:00,0,0,0,-3.225,,,,,,,,,,,,,
2022/3/14 17:00,0,0,0,-3.289,,,,,,,,,,,,,
2022/3/14 18:00,0,0,0,-3.366,,,,,,,,,,,,,
2022/3/14 19:00,0,0,0,-3.358,,,,,,,,,,,,,
2022/3/14 20:00,0,0,0,-3.261,,,,,,,,,,,,,
2022/3/14 21:00,0,0,0,-2.869,,,,,,,,,,,,,
2022/3/14 22:00,0.009,0.006,0.02,-2.168,,,,,,,,,,,,,
2022/3/14 23:00,0.198,0.114,0.105,0.027,,,,,,,,,,,,,
2022/3/15 0:00,0.44,0.352,0.129,3.143,,,,,,,,,,,,,
2022/3/15 1:00,0.637,0.589,0.138,6.216,,,,,,,,,,,,,
2022/3/15 2:00,0.757,0.759,0.146,9.256,,,,,,,,,,,,,
2022/3/15 3:00,0.79,0.797,0.164,10.43,,,,,,,,,,,,,
2022/3/15 4:00,0.825,0.861,0.149,9.92,,,,,,,,,,,,,
2022/3/15 5:00,0.795,0.827,0.134,9.306,,,,,,,,,,,,,
2022/3/15 6:00,0.689,0.685,0.122,8.391,,,,,,,,,,,,,
2022/3/15 7:00,0.519,0.477,0.106,7.068,,,,,,,,,,,,,
2022/3/15 8:00,0.287,0.235,0.083,5.459,,,,,,,,,,,,,
2022/3/15 9:00,0.049,0.036,0.034,2.895,,,,,,,,,,,,,
2022/3/15 10:00,0,0,0,0.368,,,,,,,,,,,,,
2022/3/15 11:00,0,0,0,-0.729,,,,,,,,,,,,,
2022/3/15 12:00,0,0,0,-1.519,,,,,,,,,,,,,
2022/3/15 13:00,0,0,0,-2.074,,,,,,,,,,,,,
2022/3/15 14:00,0,0,0,-3.073,,,,,,,,,,,,,
2022/3/15 15:00,0,0,0,-3.478,,,,,,,,,,,,,
2022/3/15 16:00,0,0,0,-3.706,,,,,,,,,,,,,
2022/3/15 17:00,0,0,0,-3.95,,,,,,,,,,,,,
2022/3/15 18:00,0,0,0,-4.358,,,,,,,,,,,,,
2022/3/15 19:00,0,0,0,-4.905,,,,,,,,,,,,,
2022/3/15 20:00,0,0,0,-5.375,,,,,,,,,,,,,
2022/3/15 21:00,0,0,0,-5.824,,,,,,,,,,,,,
2022/3/15 22:00,0.013,0.009,0.022,-6.147,,,,,,,,,,,,,
2022/3/15 23:00,0.183,0.095,0.103,-5.512,,,,,,,,,,,,,
2022/3/16 0:00,0.466,0.369,0.123,-4.315,,,,,,,,,,,,,
2022/3/16 1:00,0.718,0.682,0.112,-2.952,,,,,,,,,,,,,
2022/3/16 2:00,0.848,0.856,0.119,-1.744,,,,,,,,,,,,,
2022/3/16 3:00,0.894,0.915,0.131,-0.857,,,,,,,,,,,,,
2022/3/16 4:00,0.891,0.913,0.133,-0.244,,,,,,,,,,,,,
2022/3/16 5:00,0.815,0.801,0.138,0.156,,,,,,,,,,,,,
2022/3/16 6:00,0.731,0.712,0.113,0.206,,,,,,,,,,,,,
2022/3/16 7:00,0.547,0.494,0.1,-0.175,,,,,,,,,,,,,
2022/3/16 8:00,0.291,0.228,0.084,-1.11,,,,,,,,,,,,,
2022/3/16 9:00,0.045,0.03,0.036,-3.299,,,,,,,,,,,,,
2022/3/16 10:00,0,0,0,-5.664,,,,,,,,,,,,,
2022/3/16 11:00,0,0,0,-6.139,,,,,,,,,,,,,
2022/3/16 12:00,0,0,0,-6.716,,,,,,,,,,,,,
2022/3/16 13:00,0,0,0,-6.966,,,,,,,,,,,,,
2022/3/16 14:00,0,0,0,-7.007,,,,,,,,,,,,,
2022/3/16 15:00,0,0,0,-7.165,,,,,,,,,,,,,
2022/3/16 16:00,0,0,0,-7.787,,,,,,,,,,,,,
2022/3/16 17:00,0,0,0,-8.393,,,,,,,,,,,,,
2022/3/16 18:00,0,0,0,-8.804,,,,,,,,,,,,,
2022/3/16 19:00,0,0,0,-9.159,,,,,,,,,,,,,
2022/3/16 20:00,0,0,0,-9.361,,,,,,,,,,,,,
2022/3/16 21:00,0,0,0,-9.376,,,,,,,,,,,,,
2022/3/16 22:00,0.037,0.035,0.02,-9.092,,,,,,,,,,,,,
2022/3/16 23:00,0.281,0.215,0.078,-7.72,,,,,,,,,,,,,
2022/3/17 0:00,0.499,0.369,0.155,-6.084,,,,,,,,,,,,,
2022/3/17 1:00,0.565,0.362,0.242,-4.583,,,,,,,,,,,,,
2022/3/17 2:00,0.662,0.443,0.28,-3.195,,,,,,,,,,,,,
2022/3/17 3:00,0.398,0.088,0.334,-2.838,,,,,,,,,,,,,
2022/3/17 4:00,0.285,0.032,0.271,-2.879,,,,,,,,,,,,,
2022/3/17 5:00,0.21,0.016,0.212,-3.122,,,,,,,,,,,,,
2022/3/17 6:00,0.106,0.005,0.121,-3.66,,,,,,,,,,,,,
2022/3/17 7:00,0.056,0.002,0.073,-4.087,,,,,,,,,,,,,
2022/3/17 8:00,0.02,0.001,0.038,-4.45,,,,,,,,,,,,,
2022/3/17 9:00,0,0,0.011,-4.832,,,,,,,,,,,,,
2022/3/17 10:00,0,0,0,-5.195,,,,,,,,,,,,,
2022/3/17 11:00,0,0,0,-5.436,,,,,,,,,,,,,
2022/3/17 12:00,0,0,0,-5.629,,,,,,,,,,,,,
2022/3/17 13:00,0,0,0,-5.777,,,,,,,,,,,,,
2022/3/17 14:00,0,0,0,-5.945,,,,,,,,,,,,,
2022/3/17 15:00,0,0,0,-6.091,,,,,,,,,,,,,
2022/3/17 16:00,0,0,0,-6.218,,,,,,,,,,,,,
2022/3/17 17:00,0,0,0,-6.402,,,,,,,,,,,,,
2022/3/17 18:00,0,0,0,-6.556,,,,,,,,,,,,,
2022/3/17 19:00,0,0,0,-6.673,,,,,,,,,,,,,
2022/3/17 20:00,0,0,0,-6.722,,,,,,,,,,,,,
2022/3/17 21:00,0,0,0,-6.952,,,,,,,,,,,,,
2022/3/17 22:00,0.014,0.005,0.026,-7.431,,,,,,,,,,,,,
2022/3/17 23:00,0.156,0.046,0.125,-6.801,,,,,,,,,,,,,
2022/3/18 0:00,0.32,0.129,0.206,-5.664,,,,,,,,,,,,,
2022/3/18 1:00,0.418,0.166,0.274,-4.458,,,,,,,,,,,,,
2022/3/18 2:00,0.494,0.204,0.322,-3.445,,,,,,,,,,,,,
2022/3/18 3:00,0.532,0.223,0.348,-2.647,,,,,,,,,,,,,
2022/3/18 4:00,0.54,0.232,0.349,-2.122,,,,,,,,,,,,,
2022/3/18 5:00,0.431,0.133,0.325,-2.19,,,,,,,,,,,,,
2022/3/18 6:00,0.203,0.02,0.201,-2.919,,,,,,,,,,,,,
2022/3/18 7:00,0.09,0.005,0.105,-3.744,,,,,,,,,,,,,
2022/3/18 8:00,0.03,0.002,0.048,-4.467,,,,,,,,,,,,,
2022/3/18 9:00,0,0,0.01,-5.265,,,,,,,,,,,,,
2022/3/18 10:00,0,0,0,-5.981,,,,,,,,,,,,,
2022/3/18 11:00,0,0,0,-6.538,,,,,,,,,,,,,
2022/3/18 12:00,0,0,0,-7.096,,,,,,,,,,,,,
2022/3/18 13:00,0,0,0,-7.651,,,,,,,,,,,,,
2022/3/18 14:00,0,0,0,-8.099,,,,,,,,,,,,,
2022/3/18 15:00,0,0,0,-8.455,,,,,,,,,,,,,
2022/3/18 16:00,0,0,0,-8.859,,,,,,,,,,,,,
2022/3/18 17:00,0,0,0,-9.449,,,,,,,,,,,,,
2022/3/18 18:00,0,0,0,-10.067,,,,,,,,,,,,,
2022/3/18 19:00,0,0,0,-10.534,,,,,,,,,,,,,
2022/3/18 20:00,0,0,0,-10.968,,,,,,,,,,,,,
2022/3/18 21:00,0,0,0,-11.432,,,,,,,,,,,,,
2022/3/18 22:00,0.046,0.036,0.028,-11.246,,,,,,,,,,,,,
2022/3/18 23:00,0.295,0.206,0.099,-8.585,,,,,,,,,,,,,
2022/3/19 0:00,0.552,0.479,0.106,-5.497,,,,,,,,,,,,,
2022/3/19 1:00,0.733,0.688,0.124,-3.244,,,,,,,,,,,,,
2022/3/19 2:00,0.841,0.825,0.141,-1.469,,,,,,,,,,,,,
2022/3/19 3:00,0.886,0.883,0.155,-0.246,,,,,,,,,,,,,
2022/3/19 4:00,0.894,0.905,0.151,0.538,,,,,,,,,,,,,
2022/3/19 5:00,0.844,0.843,0.142,0.993,,,,,,,,,,,,,
2022/3/19 6:00,0.721,0.68,0.135,1.101,,,,,,,,,,,,,
2022/3/19 7:00,0.477,0.367,0.149,0.774,,,,,,,,,,,,,
2022/3/19 8:00,0.181,0.075,0.127,-0.034,,,,,,,,,,,,,
2022/3/19 9:00,0.026,0.008,0.037,-1.692,,,,,,,,,,,,,
2022/3/19 10:00,0,0,0,-2.947,,,,,,,,,,,,,
2022/3/19 11:00,0,0,0,-3.33,,,,,,,,,,,,,
2022/3/19 12:00,0,0,0,-3.764,,,,,,,,,,,,,
2022/3/19 13:00,0,0,0,-4.523,,,,,,,,,,,,,
2022/3/19 14:00,0,0,0,-5.169,,,,,,,,,,,,,
2022/3/19 15:00,0,0,0,-5.695,,,,,,,,,,,,,
2022/3/19 16:00,0,0,0,-6.304,,,,,,,,,,,,,
2022/3/19 17:00,0,0,0,-7.016,,,,,,,,,,,,,
2022/3/19 18:00,0,0,0,-7.615,,,,,,,,,,,,,
2022/3/19 19:00,0,0,0,-7.786,,,,,,,,,,,,,
2022/3/19 20:00,0,0,0,-7.342,,,,,,,,,,,,,
2022/3/19 21:00,0,0,0,-6.757,,,,,,,,,,,,,
2022/3/19 22:00,0.006,0.002,0.02,-5.977,,,,,,,,,,,,,
2022/3/19 23:00,0.061,0.007,0.073,-4.712,,,,,,,,,,,,,
2022/3/20 0:00,0.123,0.01,0.132,-3.404,,,,,,,,,,,,,
2022/3/20 1:00,0.19,0.018,0.191,-2.021,,,,,,,,,,,,,
2022/3/20 2:00,0.26,0.03,0.25,-0.987,,,,,,,,,,,,,
2022/3/20 3:00,0.341,0.056,0.309,-0.191,,,,,,,,,,,,,
2022/3/20 4:00,0.39,0.085,0.335,0.582,,,,,,,,,,,,,
2022/3/20 5:00,0.368,0.082,0.315,1.162,,,,,,,,,,,,,
2022/3/20 6:00,0.306,0.063,0.268,1.477,,,,,,,,,,,,,
2022/3/20 7:00,0.233,0.049,0.207,1.508,,,,,,,,,,,,,
2022/3/20 8:00,0.138,0.029,0.131,1.118,,,,,,,,,,,,,
2022/3/20 9:00,0.027,0.006,0.041,-0.481,,,,,,,,,,,,,
2022/3/20 10:00,0,0,0,-2.186,,,,,,,,,,,,,
2022/3/20 11:00,0,0,0,-2.785,,,,,,,,,,,,,
2022/3/20 12:00,0,0,0,-2.953,,,,,,,,,,,,,
2022/3/20 13:00,0,0,0,-3.264,,,,,,,,,,,,,
2022/3/20 14:00,0,0,0,-3.733,,,,,,,,,,,,,
2022/3/20 15:00,0,0,0,-4.217,,,,,,,,,,,,,
2022/3/20 16:00,0,0,0,-4.826,,,,,,,,,,,,,
2022/3/20 17:00,0,0,0,-5.218,,,,,,,,,,,,,
2022/3/20 18:00,0,0,0,-5.55,,,,,,,,,,,,,
2022/3/20 19:00,0,0,0,-5.933,,,,,,,,,,,,,
2022/3/20 20:00,0,0,0,-6.585,,,,,,,,,,,,,
2022/3/20 21:00,0,0,0,-6.924,,,,,,,,,,,,,
2022/3/20 22:00,0.034,0.018,0.034,-6.341,,,,,,,,,,,,,
2022/3/20 23:00,0.237,0.129,0.125,-3.859,,,,,,,,,,,,,
2022/3/21 0:00,0.469,0.354,0.149,-1.291,,,,,,,,,,,,,
2022/3/21 1:00,0.563,0.4,0.214,0.118,,,,,,,,,,,,,
2022/3/21 2:00,0.591,0.375,0.276,0.945,,,,,,,,,,,,,
2022/3/21 3:00,0.549,0.277,0.324,1.224,,,,,,,,,,,,,
2022/3/21 4:00,0.599,0.35,0.313,1.519,,,,,,,,,,,,,
2022/3/21 5:00,0.572,0.34,0.291,1.743,,,,,,,,,,,,,
2022/3/21 6:00,0.506,0.304,0.249,1.84,,,,,,,,,,,,,
2022/3/21 7:00,0.404,0.247,0.19,1.676,,,,,,,,,,,,,
2022/3/21 8:00,0.243,0.14,0.126,1.079,,,,,,,,,,,,,
2022/3/21 9:00,0.054,0.025,0.049,-1.069,,,,,,,,,,,,,
2022/3/21 10:00,0,0,0,-3.404,,,,,,,,,,,,,
2022/3/21 11:00,0,0,0,-3.724,,,,,,,,,,,,,
2022/3/21 12:00,0,0,0,-4.073,,,,,,,,,,,,,
2022/3/21 13:00,0,0,0,-4.506,,,,,,,,,,,,,
2022/3/21 14:00,0,0,0,-4.78,,,,,,,,,,,,,
2022/3/21 15:00,0,0,0,-5.046,,,,,,,,,,,,,
2022/3/21 16:00,0,0,0,-5.553,,,,,,,,,,,,,
2022/3/21 17:00,0,0,0,-6.143,,,,,,,,,,,,,
2022/3/21 18:00,0,0,0,-6.783,,,,,,,,,,,,,
2022/3/21 19:00,0,0,0,-7.397,,,,,,,,,,,,,
2022/3/21 20:00,0,0,0,-7.932,,,,,,,,,,,,,
2022/3/21 21:00,0,0,0,-8.424,,,,,,,,,,,,,
2022/3/21 22:00,0.052,0.042,0.029,-7.884,,,,,,,,,,,,,
2022/3/21 23:00,0.286,0.204,0.097,-5.237,,,,,,,,,,,,,
2022/3/22 0:00,0.52,0.423,0.136,-1.885,,,,,,,,,,,,,
2022/3/22 1:00,0.687,0.617,0.16,2.344,,,,,,,,,,,,,
2022/3/22 2:00,0.778,0.718,0.189,3.857,,,,,,,,,,,,,
2022/3/22 3:00,0.743,0.608,0.254,4.74,,,,,,,,,,,,,
2022/3/22 4:00,0.583,0.324,0.332,5.16,,,,,,,,,,,,,
2022/3/22 5:00,0.353,0.083,0.305,4.945,,,,,,,,,,,,,
2022/3/22 6:00,0.245,0.039,0.234,4.626,,,,,,,,,,,,,
2022/3/22 7:00,0.174,0.025,0.174,4.133,,,,,,,,,,,,,
2022/3/22 8:00,0.105,0.016,0.112,3.097,,,,,,,,,,,,,
2022/3/22 9:00,0.012,0.002,0.029,1.182,,,,,,,,,,,,,
2022/3/22 10:00,0,0,0,0.066,,,,,,,,,,,,,
2022/3/22 11:00,0,0,0,-0.265,,,,,,,,,,,,,
2022/3/22 12:00,0,0,0,-0.541,,,,,,,,,,,,,
2022/3/22 13:00,0,0,0,-0.906,,,,,,,,,,,,,
2022/3/22 14:00,0,0,0,-1.279,,,,,,,,,,,,,
2022/3/22 15:00,0,0,0,-1.975,,,,,,,,,,,,,
2022/3/22 16:00,0,0,0,-2.597,,,,,,,,,,,,,
2022/3/22 17:00,0,0,0,-3.324,,,,,,,,,,,,,
2022/3/22 18:00,0,0,0,-3.854,,,,,,,,,,,,,
2022/3/22 19:00,0,0,0,-4.186,,,,,,,,,,,,,
2022/3/22 20:00,0,0,0,-4.218,,,,,,,,,,,,,
2022/3/22 21:00,0,0,0,-3.864,,,,,,,,,,,,,
2022/3/22 22:00,0.04,0.025,0.035,-3.456,,,,,,,,,,,,,
2022/3/22 23:00,0.28,0.196,0.105,-1.231,,,,,,,,,,,,,
2022/3/23 0:00,0.529,0.463,0.119,2.535,,,,,,,,,,,,,
2022/3/23 1:00,0.699,0.673,0.137,6.343,,,,,,,,,,,,,
2022/3/23 2:00,0.809,0.825,0.15,8.228,,,,,,,,,,,,,
2022/3/23 3:00,0.86,0.898,0.16,9.061,,,,,,,,,,,,,
2022/3/23 4:00,0.854,0.887,0.165,9.548,,,,,,,,,,,,,
2022/3/23 5:00,0.729,0.663,0.203,9.532,,,,,,,,,,,,,
2022/3/23 6:00,0.45,0.24,0.265,8.784,,,,,,,,,,,,,
2022/3/23 7:00,0.279,0.101,0.212,7.844,,,,,,,,,,,,,
2022/3/23 8:00,0.212,0.104,0.136,6.487,,,,,,,,,,,,,
2022/3/23 9:00,0.065,0.034,0.053,2.005,,,,,,,,,,,,,
2022/3/23 10:00,0,0,0,-1.132,,,,,,,,,,,,,
2022/3/23 11:00,0,0,0,-1.67,,,,,,,,,,,,,
2022/3/23 12:00,0,0,0,-2.034,,,,,,,,,,,,,
2022/3/23 13:00,0,0,0,-2.275,,,,,,,,,,,,,
2022/3/23 14:00,0,0,0,-2.37,,,,,,,,,,,,,
2022/3/23 15:00,0,0,0,-2.469,,,,,,,,,,,,,
2022/3/23 16:00,0,0,0,-2.512,,,,,,,,,,,,,
2022/3/23 17:00,0,0,0,-2.56,,,,,,,,,,,,,
2022/3/23 18:00,0,0,0,-2.608,,,,,,,,,,,,,
2022/3/23 19:00,0,0,0,-2.596,,,,,,,,,,,,,
2022/3/23 20:00,0,0,0,-1.891,,,,,,,,,,,,,
2022/3/23 21:00,0,0,0,-1.216,,,,,,,,,,,,,
2022/3/23 22:00,0.011,0.002,0.026,-0.312,,,,,,,,,,,,,
2022/3/23 23:00,0.068,0.008,0.082,1.486,,,,,,,,,,,,,
2022/3/24 0:00,0.14,0.012,0.151,3.004,,,,,,,,,,,,,
2022/3/24 1:00,0.3,0.06,0.271,5.23,,,,,,,,,,,,,
2022/3/24 2:00,0.461,0.172,0.346,8.428,,,,,,,,,,,,,
2022/3/24 3:00,0.426,0.118,0.363,10.026,,,,,,,,,,,,,
2022/3/24 4:00,0.31,0.043,0.307,10.424,,,,,,,,,,,,,
2022/3/24 5:00,0.238,0.023,0.249,10.278,,,,,,,,,,,,,
2022/3/24 6:00,0.225,0.026,0.232,9.995,,,,,,,,,,,,,
2022/3/24 7:00,0.126,0.009,0.143,8.704,,,,,,,,,,,,,
2022/3/24 8:00,0.08,0.007,0.097,7.526,,,,,,,,,,,,,
2022/3/24 9:00,0.007,0.001,0.024,6.157,,,,,,,,,,,,,
2022/3/24 10:00,0,0,0,5.066,,,,,,,,,,,,,
2022/3/24 11:00,0,0,0,4.171,,,,,,,,,,,,,
2022/3/24 12:00,0,0,0,3.449,,,,,,,,,,,,,
2022/3/24 13:00,0,0,0,2.737,,,,,,,,,,,,,
2022/3/24 14:00,0,0,0,1.929,,,,,,,,,,,,,
2022/3/24 15:00,0,0,0,0.978,,,,,,,,,,,,,
2022/3/24 16:00,0,0,0,-0.05,,,,,,,,,,,,,
2022/3/24 17:00,0,0,0,-1.415,,,,,,,,,,,,,
2022/3/24 18:00,0,0,0,-2.333,,,,,,,,,,,,,
2022/3/24 19:00,0,0,0,-2.789,,,,,,,,,,,,,
2022/3/24 20:00,0,0,0,-2.872,,,,,,,,,,,,,
2022/3/24 21:00,0,0,0,-2.792,,,,,,,,,,,,,
2022/3/24 22:00,0.035,0.008,0.047,-1.64,,,,,,,,,,,,,
2022/3/24 23:00,0.193,0.071,0.144,1.606,,,,,,,,,,,,,
2022/3/25 0:00,0.392,0.234,0.195,4.187,,,,,,,,,,,,,
2022/3/25 1:00,0.571,0.421,0.223,6.21,,,,,,,,,,,,,
2022/3/25 2:00,0.707,0.598,0.229,7.789,,,,,,,,,,,,,
2022/3/25 3:00,0.74,0.626,0.253,8.874,,,,,,,,,,,,,
2022/3/25 4:00,0.622,0.4,0.32,9.206,,,,,,,,,,,,,
2022/3/25 5:00,0.466,0.194,0.331,8.96,,,,,,,,,,,,,
2022/3/25 6:00,0.328,0.089,0.278,8.339,,,,,,,,,,,,,
2022/3/25 7:00,0.167,0.022,0.172,7.233,,,,,,,,,,,,,
2022/3/25 8:00,0.06,0.005,0.079,5.487,,,,,,,,,,,,,
2022/3/25 9:00,0.007,0.001,0.023,3.177,,,,,,,,,,,,,
2022/3/25 10:00,0,0,0,1.788,,,,,,,,,,,,,
2022/3/25 11:00,0,0,0,1.307,,,,,,,,,,,,,
2022/3/25 12:00,0,0,0,1.105,,,,,,,,,,,,,
2022/3/25 13:00,0,0,0,1.139,,,,,,,,,,,,,
2022/3/25 14:00,0,0,0,1.067,,,,,,,,,,,,,
2022/3/25 15:00,0,0,0,-0.064,,,,,,,,,,,,,
2022/3/25 16:00,0,0,0,-1.638,,,,,,,,,,,,,
2022/3/25 17:00,0,0,0,-2.736,,,,,,,,,,,,,
2022/3/25 18:00,0,0,0,-3.062,,,,,,,,,,,,,
2022/3/25 19:00,0,0,0,-3.131,,,,,,,,,,,,,
2022/3/25 20:00,0,0,0,-3.378,,,,,,,,,,,,,
2022/3/25 21:00,0,0,0,-3.568,,,,,,,,,,,,,
2022/3/25 22:00,0.063,0.035,0.048,-2.31,,,,,,,,,,,,,
2022/3/25 23:00,0.307,0.233,0.099,0.61,,,,,,,,,,,,,
2022/3/26 0:00,0.541,0.486,0.114,3.864,,,,,,,,,,,,,
2022/3/26 1:00,0.712,0.693,0.133,5.991,,,,,,,,,,,,,
2022/3/26 2:00,0.821,0.843,0.147,7.562,,,,,,,,,,,,,
2022/3/26 3:00,0.873,0.92,0.155,8.606,,,,,,,,,,,,,
2022/3/26 4:00,0.834,0.838,0.18,9.21,,,,,,,,,,,,,
2022/3/26 5:00,0.692,0.586,0.229,9.312,,,,,,,,,,,,,
2022/3/26 6:00,0.471,0.267,0.264,8.726,,,,,,,,,,,,,
2022/3/26 7:00,0.225,0.053,0.202,7.528,,,,,,,,,,,,,
2022/3/26 8:00,0.097,0.014,0.108,6.026,,,,,,,,,,,,,
2022/3/26 9:00,0.017,0.002,0.033,4.035,,,,,,,,,,,,,
2022/3/26 10:00,0,0,0,2.499,,,,,,,,,,,,,
2022/3/26 11:00,0,0,0,1.793,,,,,,,,,,,,,
2022/3/26 12:00,0,0,0,0.814,,,,,,,,,,,,,
2022/3/26 13:00,0,0,0,0.12,,,,,,,,,,,,,
2022/3/26 14:00,0,0,0,-0.626,,,,,,,,,,,,,
2022/3/26 15:00,0,0,0,-1.945,,,,,,,,,,,,,
2022/3/26 16:00,0,0,0,-3.398,,,,,,,,,,,,,
2022/3/26 17:00,0,0,0,-4.185,,,,,,,,,,,,,
2022/3/26 18:00,0,0,0,-4.485,,,,,,,,,,,,,
2022/3/26 19:00,0,0,0,-4.595,,,,,,,,,,,,,
2022/3/26 20:00,0,0,0,-4.474,,,,,,,,,,,,,
2022/3/26 21:00,0,0,0,-4.356,,,,,,,,,,,,,
2022/3/26 22:00,0.068,0.042,0.046,-3.416,,,,,,,,,,,,,
2022/3/26 23:00,0.318,0.252,0.089,-0.95,,,,,,,,,,,,,
2022/3/27 0:00,0.559,0.518,0.097,1.504,,,,,,,,,,,,,
2022/3/27 1:00,0.736,0.734,0.111,3.172,,,,,,,,,,,,,
2022/3/27 2:00,0.849,0.89,0.122,4.561,,,,,,,,,,,,,
2022/3/27 3:00,0.9,0.975,0.128,5.612,,,,,,,,,,,,,
2022/3/27 4:00,0.9,0.976,0.13,6.311,,,,,,,,,,,,,
2022/3/27 5:00,0.846,0.896,0.126,6.756,,,,,,,,,,,,,
2022/3/27 6:00,0.733,0.741,0.119,6.881,,,,,,,,,,,,,
2022/3/27 7:00,0.563,0.53,0.105,6.637,,,,,,,,,,,,,
2022/3/27 8:00,0.336,0.285,0.086,5.881,,,,,,,,,,,,,
2022/3/27 9:00,0.091,0.062,0.051,2.796,,,,,,,,,,,,,
2022/3/27 10:00,0,0,0.001,-0.115,,,,,,,,,,,,,
2022/3/27 11:00,0,0,0,0.183,,,,,,,,,,,,,
2022/3/27 12:00,0,0,0,-0.49,,,,,,,,,,,,,
2022/3/27 13:00,0,0,0,-1.893,,,,,,,,,,,,,
2022/3/27 14:00,0,0,0,-2.649,,,,,,,,,,,,,
2022/3/27 15:00,0,0,0,-2.572,,,,,,,,,,,,,
2022/3/27 16:00,0,0,0,-2.151,,,,,,,,,,,,,
2022/3/27 17:00,0,0,0,-1.78,,,,,,,,,,,,,
2022/3/27 18:00,0,0,0,-1.709,,,,,,,,,,,,,
2022/3/27 19:00,0,0,0,-1.716,,,,,,,,,,,,,
2022/3/27 20:00,0,0,0,-1.972,,,,,,,,,,,,,
2022/3/27 21:00,0,0,0,-2.184,,,,,,,,,,,,,
2022/3/27 22:00,0.059,0.032,0.048,-1.423,,,,,,,,,,,,,
2022/3/27 23:00,0.291,0.223,0.092,1.079,,,,,,,,,,,,,
2022/3/28 0:00,0.512,0.439,0.13,5.076,,,,,,,,,,,,,
2022/3/28 1:00,0.676,0.642,0.149,8.923,,,,,,,,,,,,,
2022/3/28 2:00,0.78,0.787,0.164,11.487,,,,,,,,,,,,,
2022/3/28 3:00,0.841,0.89,0.164,12.963,,,,,,,,,,,,,
2022/3/28 4:00,0.837,0.886,0.167,13.843,,,,,,,,,,,,,
2022/3/28 5:00,0.782,0.804,0.165,14.167,,,,,,,,,,,,,
2022/3/28 6:00,0.674,0.655,0.156,13.941,,,,,,,,,,,,,
2022/3/28 7:00,0.503,0.437,0.144,13.052,,,,,,,,,,,,,
2022/3/28 8:00,0.271,0.182,0.127,11.484,,,,,,,,,,,,,
2022/3/28 9:00,0.061,0.022,0.062,9.104,,,,,,,,,,,,,
2022/3/28 10:00,0,0,0.001,6.518,,,,,,,,,,,,,
2022/3/28 11:00,0,0,0,5.001,,,,,,,,,,,,,
2022/3/28 12:00,0,0,0,3.894,,,,,,,,,,,,,
2022/3/28 13:00,0,0,0,3.185,,,,,,,,,,,,,
2022/3/28 14:00,0,0,0,2.754,,,,,,,,,,,,,
2022/3/28 15:00,0,0,0,2.536,,,,,,,,,,,,,
2022/3/28 16:00,0,0,0,2.461,,,,,,,,,,,,,
2022/3/28 17:00,0,0,0,2.433,,,,,,,,,,,,,
2022/3/28 18:00,0,0,0,2.383,,,,,,,,,,,,,
2022/3/28 19:00,0,0,0,2.138,,,,,,,,,,,,,
2022/3/28 20:00,0,0,0,1.734,,,,,,,,,,,,,
2022/3/28 21:00,0,0,0,1.503,,,,,,,,,,,,,
2022/3/28 22:00,0,0,0.015,1.569,,,,,,,,,,,,,
2022/3/28 23:00,0.036,0.002,0.054,2.293,,,,,,,,,,,,,
2022/3/29 0:00,0.076,0.003,0.096,3.13,,,,,,,,,,,,,
2022/3/29 1:00,0.09,0.003,0.11,4.187,,,,,,,,,,,,,
2022/3/29 2:00,0.111,0.003,0.131,4.246,,,,,,,,,,,,,
2022/3/29 3:00,0.137,0.005,0.156,3.509,,,,,,,,,,,,,
2022/3/29 4:00,0.188,0.009,0.203,2.801,,,,,,,,,,,,,
2022/3/29 5:00,0.18,0.009,0.195,2.442,,,,,,,,,,,,,
2022/3/29 6:00,0.139,0.006,0.155,2.33,,,,,,,,,,,,,
2022/3/29 7:00,0.095,0.004,0.114,2.174,,,,,,,,,,,,,
2022/3/29 8:00,0.043,0.002,0.063,1.793,,,,,,,,,,,,,
2022/3/29 9:00,0.006,0,0.022,0.813,,,,,,,,,,,,,
2022/3/29 10:00,0,0,0.001,-0.513,,,,,,,,,,,,,
2022/3/29 11:00,0,0,0,-1.071,,,,,,,,,,,,,
2022/3/29 12:00,0,0,0,-1.424,,,,,,,,,,,,,
2022/3/29 13:00,0,0,0,-1.789,,,,,,,,,,,,,
2022/3/29 14:00,0,0,0,-2.558,,,,,,,,,,,,,
2022/3/29 15:00,0,0,0,-3.847,,,,,,,,,,,,,
2022/3/29 16:00,0,0,0,-4.375,,,,,,,,,,,,,
2022/3/29 17:00,0,0,0,-4.417,,,,,,,,,,,,,
2022/3/29 18:00,0,0,0,-4.641,,,,,,,,,,,,,
2022/3/29 19:00,0,0,0,-5.154,,,,,,,,,,,,,
2022/3/29 20:00,0,0,0,-5.563,,,,,,,,,,,,,
2022/3/29 21:00,0,0,0.001,-5.866,,,,,,,,,,,,,
2022/3/29 22:00,0.066,0.021,0.065,-5.141,,,,,,,,,,,,,
2022/3/29 23:00,0.263,0.128,0.153,-2.806,,,,,,,,,,,,,
2022/3/30 0:00,0.466,0.341,0.162,0.185,,,,,,,,,,,,,
2022/3/30 1:00,0.604,0.468,0.203,1.849,,,,,,,,,,,,,
2022/3/30 2:00,0.717,0.6,0.219,3.08,,,,,,,,,,,,,
2022/3/30 3:00,0.802,0.733,0.21,4.095,,,,,,,,,,,,,
2022/3/30 4:00,0.837,0.808,0.189,4.844,,,,,,,,,,,,,
2022/3/30 5:00,0.769,0.708,0.193,5.094,,,,,,,,,,,,,
2022/3/30 6:00,0.622,0.501,0.203,4.826,,,,,,,,,,,,,
2022/3/30 7:00,0.476,0.354,0.171,4.268,,,,,,,,,,,,,
2022/3/30 8:00,0.311,0.224,0.116,3.397,,,,,,,,,,,,,
2022/3/30 9:00,0.083,0.039,0.066,1.364,,,,,,,,,,,,,
2022/3/30 10:00,0,0,0.002,-1.432,,,,,,,,,,,,,
2022/3/30 11:00,0,0,0,-1.692,,,,,,,,,,,,,
2022/3/30 12:00,0,0,0,-1.888,,,,,,,,,,,,,
2022/3/30 13:00,0,0,0,-2.189,,,,,,,,,,,,,
2022/3/30 14:00,0,0,0,-2.966,,,,,,,,,,,,,
2022/3/30 15:00,0,0,0,-3.739,,,,,,,,,,,,,
2022/3/30 16:00,0,0,0,-4.054,,,,,,,,,,,,,
2022/3/30 17:00,0,0,0,-4.032,,,,,,,,,,,,,
2022/3/30 18:00,0,0,0,-3.932,,,,,,,,,,,,,
2022/3/30 19:00,0,0,0,-3.874,,,,,,,,,,,,,
2022/3/30 20:00,0,0,0,-3.836,,,,,,,,,,,,,
2022/3/30 21:00,0,0,0.001,-3.648,,,,,,,,,,,,,
2022/3/30 22:00,0.05,0.015,0.056,-1.9,,,,,,,,,,,,,
2022/3/30 23:00,0.121,0.022,0.12,-0.75,,,,,,,,,,,,,
2022/3/31 0:00,0.181,0.028,0.174,-0.534,,,,,,,,,,,,,
2022/3/31 1:00,0.243,0.038,0.226,-0.081,,,,,,,,,,,,,
2022/3/31 2:00,0.44,0.159,0.317,1.263,,,,,,,,,,,,,
2022/3/31 3:00,0.748,0.614,0.247,3.052,,,,,,,,,,,,,
2022/3/31 4:00,0.851,0.829,0.184,4.097,,,,,,,,,,,,,
2022/3/31 5:00,0.817,0.798,0.167,4.391,,,,,,,,,,,,,
2022/3/31 6:00,0.724,0.688,0.146,4.385,,,,,,,,,,,,,
2022/3/31 7:00,0.566,0.508,0.124,4.091,,,,,,,,,,,,,
2022/3/31 8:00,0.345,0.276,0.1,3.317,,,,,,,,,,,,,
2022/3/31 9:00,0.101,0.061,0.062,1.474,,,,,,,,,,,,,
2022/3/31 10:00,0,0,0.003,-2.621,,,,,,,,,,,,,
2022/3/31 11:00,0,0,0,-3.612,,,,,,,,,,,,,
2022/3/31 12:00,0,0,0,-3.938,,,,,,,,,,,,,
2022/3/31 13:00,0,0,0,-4.124,,,,,,,,,,,,,
2022/3/31 14:00,0,0,0,-4.238,,,,,,,,,,,,,
2022/3/31 15:00,0,0,0,-4.334,,,,,,,,,,,,,
2022/3/31 16:00,0,0,0,-4.42,,,,,,,,,,,,,
2022/3/31 17:00,0,0,0,-4.438,,,,,,,,,,,,,
2022/3/31 18:00,0,0,0,-4.461,,,,,,,,,,,,,
2022/3/31 19:00,0,0,0,-4.51,,,,,,,,,,,,,
2022/3/31 20:00,0,0,0,-4.562,,,,,,,,,,,,,
2022/3/31 21:00,0,0,0.001,-4.606,,,,,,,,,,,,,
2022/3/31 22:00,0.079,0.045,0.054,-2.78,,,,,,,,,,,,,
2022/3/31 23:00,0.324,0.255,0.093,-0.023,,,,,,,,,,,,,
2022/4/1 0:00,0.553,0.503,0.11,3.318,,,,,,,,,,,,,
2022/4/1 1:00,0.724,0.711,0.127,5.151,,,,,,,,,,,,,
2022/4/1 2:00,0.833,0.862,0.139,6.626,,,,,,,,,,,,,
2022/4/1 3:00,0.887,0.949,0.144,7.924,,,,,,,,,,,,,
2022/4/1 4:00,0.884,0.95,0.146,9.003,,,,,,,,,,,,,
2022/4/1 5:00,0.828,0.871,0.142,9.785,,,,,,,,,,,,,
2022/4/1 6:00,0.709,0.704,0.138,10.178,,,,,,,,,,,,,
2022/4/1 7:00,0.471,0.369,0.165,9.911,,,,,,,,,,,,,
2022/4/1 8:00,0.164,0.047,0.145,8.433,,,,,,,,,,,,,
2022/4/1 9:00,0.03,0.004,0.047,6.084,,,,,,,,,,,,,
2022/4/1 10:00,0,0,0.002,3.624,,,,,,,,,,,,,
2022/4/1 11:00,0,0,0,1.947,,,,,,,,,,,,,
2022/4/1 12:00,0,0,0,0.871,,,,,,,,,,,,,
2022/4/1 13:00,0,0,0,0.154,,,,,,,,,,,,,
2022/4/1 14:00,0,0,0,-0.558,,,,,,,,,,,,,
2022/4/1 15:00,0,0,0,-1.237,,,,,,,,,,,,,
2022/4/1 16:00,0,0,0,-1.844,,,,,,,,,,,,,
2022/4/1 17:00,0,0,0,-2.289,,,,,,,,,,,,,
2022/4/1 18:00,0,0,0,-2.59,,,,,,,,,,,,,
2022/4/1 19:00,0,0,0,-2.753,,,,,,,,,,,,,
2022/4/1 20:00,0,0,0,-2.833,,,,,,,,,,,,,
2022/4/1 21:00,0,0,0.002,-2.843,,,,,,,,,,,,,
2022/4/1 22:00,0.079,0.045,0.055,-0.68,,,,,,,,,,,,,
2022/4/1 23:00,0.314,0.247,0.095,2.563,,,,,,,,,,,,,
2022/4/2 0:00,0.533,0.484,0.115,6.482,,,,,,,,,,,,,
2022/4/2 1:00,0.697,0.688,0.131,9.079,,,,,,,,,,,,,
2022/4/2 2:00,0.805,0.839,0.143,10.383,,,,,,,,,,,,,
2022/4/2 3:00,0.862,0.93,0.146,11.371,,,,,,,,,,,,,
2022/4/2 4:00,0.86,0.931,0.148,12.104,,,,,,,,,,,,,
2022/4/2 5:00,0.807,0.855,0.144,12.626,,,,,,,,,,,,,
2022/4/2 6:00,0.7,0.706,0.135,12.812,,,,,,,,,,,,,
2022/4/2 7:00,0.537,0.501,0.122,12.626,,,,,,,,,,,,,
2022/4/2 8:00,0.322,0.264,0.102,11.93,,,,,,,,,,,,,
2022/4/2 9:00,0.096,0.057,0.065,9.167,,,,,,,,,,,,,
2022/4/2 10:00,0,0,0.004,6.104,,,,,,,,,,,,,
2022/4/2 11:00,0,0,0,4.003,,,,,,,,,,,,,
2022/4/2 12:00,0,0,0,2.362,,,,,,,,,,,,,
2022/4/2 13:00,0,0,0,1.544,,,,,,,,,,,,,
2022/4/2 14:00,0,0,0,1.037,,,,,,,,,,,,,
2022/4/2 15:00,0,0,0,0.541,,,,,,,,,,,,,
2022/4/2 16:00,0,0,0,0.148,,,,,,,,,,,,,
2022/4/2 17:00,0,0,0,0.025,,,,,,,,,,,,,
2022/4/2 18:00,0,0,0,0.056,,,,,,,,,,,,,
2022/4/2 19:00,0,0,0,0.035,,,,,,,,,,,,,
2022/4/2 20:00,0,0,0,0.034,,,,,,,,,,,,,
2022/4/2 21:00,0,0,0.002,-0.045,,,,,,,,,,,,,
2022/4/2 22:00,0.055,0.016,0.06,1.685,,,,,,,,,,,,,
2022/4/2 23:00,0.226,0.119,0.133,4.652,,,,,,,,,,,,,
2022/4/3 0:00,0.438,0.325,0.165,8.137,,,,,,,,,,,,,
2022/4/3 1:00,0.631,0.581,0.164,12.404,,,,,,,,,,,,,
2022/4/3 2:00,0.761,0.785,0.159,15.134,,,,,,,,,,,,,
2022/4/3 3:00,0.824,0.897,0.156,16.885,,,,,,,,,,,,,
2022/4/3 4:00,0.828,0.914,0.153,17.966,,,,,,,,,,,,,
2022/4/3 5:00,0.778,0.84,0.149,18.446,,,,,,,,,,,,,
2022/4/3 6:00,0.676,0.695,0.14,18.398,,,,,,,,,,,,,
2022/4/3 7:00,0.519,0.492,0.125,17.861,,,,,,,,,,,,,
2022/4/3 8:00,0.312,0.257,0.106,16.669,,,,,,,,,,,,,
2022/4/3 9:00,0.093,0.053,0.068,13.621,,,,,,,,,,,,,
2022/4/3 10:00,0,0,0.004,9.969,,,,,,,,,,,,,
2022/4/3 11:00,0,0,0,8.63,,,,,,,,,,,,,
2022/4/3 12:00,0,0,0,7.562,,,,,,,,,,,,,
2022/4/3 13:00,0,0,0,6.203,,,,,,,,,,,,,
2022/4/3 14:00,0,0,0,5.282,,,,,,,,,,,,,
2022/4/3 15:00,0,0,0,4.602,,,,,,,,,,,,,
2022/4/3 16:00,0,0,0,4.015,,,,,,,,,,,,,
2022/4/3 17:00,0,0,0,3.5,,,,,,,,,,,,,
2022/4/3 18:00,0,0,0,2.994,,,,,,,,,,,,,
2022/4/3 19:00,0,0,0,2.508,,,,,,,,,,,,,
2022/4/3 20:00,0,0,0,2.067,,,,,,,,,,,,,
2022/4/3 21:00,0,0,0.002,1.71,,,,,,,,,,,,,
2022/4/3 22:00,0.074,0.035,0.061,2.735,,,,,,,,,,,,,
2022/4/3 23:00,0.294,0.22,0.105,5.737,,,,,,,,,,,,,
2022/4/4 0:00,0.505,0.448,0.129,10.2,,,,,,,,,,,,,
2022/4/4 1:00,0.662,0.652,0.144,14.496,,,,,,,,,,,,,
2022/4/4 2:00,0.764,0.805,0.155,17.238,,,,,,,,,,,,,
2022/4/4 3:00,0.813,0.887,0.16,18.79,,,,,,,,,,,,,
2022/4/4 4:00,0.81,0.885,0.163,19.69,,,,,,,,,,,,,
2022/4/4 5:00,0.753,0.798,0.163,20.167,,,,,,,,,,,,,
2022/4/4 6:00,0.643,0.636,0.159,20.222,,,,,,,,,,,,,
2022/4/4 7:00,0.479,0.423,0.15,19.726,,,,,,,,,,,,,
2022/4/4 8:00,0.273,0.192,0.129,18.412,,,,,,,,,,,,,
2022/4/4 9:00,0.078,0.032,0.074,15.905,,,,,,,,,,,,,
2022/4/4 10:00,0,0,0.005,13.13,,,,,,,,,,,,,
2022/4/4 11:00,0,0,0,11.624,,,,,,,,,,,,,
2022/4/4 12:00,0,0,0,10.391,,,,,,,,,,,,,
2022/4/4 13:00,0,0,0,9.47,,,,,,,,,,,,,
2022/4/4 14:00,0,0,0,8.78,,,,,,,,,,,,,
2022/4/4 15:00,0,0,0,8.055,,,,,,,,,,,,,
2022/4/4 16:00,0,0,0,7.116,,,,,,,,,,,,,
2022/4/4 17:00,0,0,0,5.973,,,,,,,,,,,,,
2022/4/4 18:00,0,0,0,4.493,,,,,,,,,,,,,
2022/4/4 19:00,0,0,0,2.67,,,,,,,,,,,,,
2022/4/4 20:00,0,0,0,1.276,,,,,,,,,,,,,
2022/4/4 21:00,0,0,0.003,0.274,,,,,,,,,,,,,
2022/4/4 22:00,0.079,0.039,0.062,0.67,,,,,,,,,,,,,
2022/4/4 23:00,0.302,0.223,0.106,2.368,,,,,,,,,,,,,
2022/4/5 0:00,0.516,0.433,0.138,4.164,,,,,,,,,,,,,
2022/4/5 1:00,0.685,0.634,0.155,5.833,,,,,,,,,,,,,
2022/4/5 2:00,0.798,0.79,0.165,7.387,,,,,,,,,,,,,
2022/4/5 3:00,0.86,0.889,0.166,8.587,,,,,,,,,,,,,
2022/4/5 4:00,0.857,0.887,0.168,9.279,,,,,,,,,,,,,
2022/4/5 5:00,0.783,0.766,0.178,9.535,,,,,,,,,,,,,
2022/4/5 6:00,0.618,0.509,0.205,9.041,,,,,,,,,,,,,
2022/4/5 7:00,0.413,0.254,0.207,7.942,,,,,,,,,,,,,
2022/4/5 8:00,0.265,0.148,0.147,6.644,,,,,,,,,,,,,
2022/4/5 9:00,0.096,0.044,0.076,4.928,,,,,,,,,,,,,
2022/4/5 10:00,0,0,0.006,2.068,,,,,,,,,,,,,
2022/4/5 11:00,0,0,0,-0.001,,,,,,,,,,,,,
2022/4/5 12:00,0,0,0,-1.476,,,,,,,,,,,,,
2022/4/5 13:00,0,0,0,-2.538,,,,,,,,,,,,,
2022/4/5 14:00,0,0,0,-3.268,,,,,,,,,,,,,
2022/4/5 15:00,0,0,0,-3.476,,,,,,,,,,,,,
2022/4/5 16:00,0,0,0,-3.354,,,,,,,,,,,,,
2022/4/5 17:00,0,0,0,-3.319,,,,,,,,,,,,,
2022/4/5 18:00,0,0,0,-3.351,,,,,,,,,,,,,
2022/4/5 19:00,0,0,0,-3.467,,,,,,,,,,,,,
2022/4/5 20:00,0,0,0,-3.575,,,,,,,,,,,,,
2022/4/5 21:00,0,0,0.003,-3.676,,,,,,,,,,,,,
2022/4/5 22:00,0.043,0.006,0.057,-2.661,,,,,,,,,,,,,
2022/4/5 23:00,0.212,0.085,0.148,-0.757,,,,,,,,,,,,,
2022/4/6 0:00,0.473,0.328,0.185,1.448,,,,,,,,,,,,,
2022/4/6 1:00,0.639,0.51,0.21,3.576,,,,,,,,,,,,,
2022/4/6 2:00,0.713,0.577,0.248,5.492,,,,,,,,,,,,,
2022/4/6 3:00,0.702,0.518,0.299,7.105,,,,,,,,,,,,,
2022/4/6 4:00,0.565,0.282,0.362,8.121,,,,,,,,,,,,,
2022/4/6 5:00,0.417,0.123,0.343,8.61,,,,,,,,,,,,,
2022/4/6 6:00,0.294,0.055,0.275,8.75,,,,,,,,,,,,,
2022/4/6 7:00,0.213,0.034,0.209,8.943,,,,,,,,,,,,,
2022/4/6 8:00,0.121,0.015,0.133,9.005,,,,,,,,,,,,,
2022/4/6 9:00,0.037,0.003,0.056,7.698,,,,,,,,,,,,,
2022/4/6 10:00,0,0,0.005,5.174,,,,,,,,,,,,,
2022/4/6 11:00,0,0,0,4.262,,,,,,,,,,,,,
2022/4/6 12:00,0,0,0,3.901,,,,,,,,,,,,,
2022/4/6 13:00,0,0,0,3.31,,,,,,,,,,,,,
2022/4/6 14:00,0,0,0,2.591,,,,,,,,,,,,,
2022/4/6 15:00,0,0,0,1.889,,,,,,,,,,,,,
2022/4/6 16:00,0,0,0,1.432,,,,,,,,,,,,,
2022/4/6 17:00,0,0,0,1.026,,,,,,,,,,,,,
2022/4/6 18:00,0,0,0,0.593,,,,,,,,,,,,,
2022/4/6 19:00,0,0,0,0.127,,,,,,,,,,,,,
2022/4/6 20:00,0,0,0,-0.382,,,,,,,,,,,,,
2022/4/6 21:00,0,0,0.004,-0.868,,,,,,,,,,,,,
2022/4/6 22:00,0.084,0.033,0.073,1.555,,,,,,,,,,,,,
2022/4/6 23:00,0.295,0.197,0.129,5.111,,,,,,,,,,,,,
2022/4/7 0:00,0.508,0.436,0.137,8.206,,,,,,,,,,,,,
2022/4/7 1:00,0.668,0.629,0.156,10.1,,,,,,,,,,,,,
2022/4/7 2:00,0.768,0.764,0.171,11.634,,,,,,,,,,,,,
2022/4/7 3:00,0.812,0.825,0.182,12.906,,,,,,,,,,,,,
2022/4/7 4:00,0.791,0.786,0.196,13.975,,,,,,,,,,,,,
2022/4/7 5:00,0.729,0.696,0.198,14.845,,,,,,,,,,,,,
2022/4/7 6:00,0.617,0.546,0.192,15.525,,,,,,,,,,,,,
2022/4/7 7:00,0.452,0.348,0.179,15.922,,,,,,,,,,,,,
2022/4/7 8:00,0.269,0.172,0.141,15.931,,,,,,,,,,,,,
2022/4/7 9:00,0.087,0.035,0.08,13.961,,,,,,,,,,,,,
2022/4/7 10:00,0,0,0.007,9.973,,,,,,,,,,,,,
2022/4/7 11:00,0,0,0,8.428,,,,,,,,,,,,,
2022/4/7 12:00,0,0,0,7.813,,,,,,,,,,,,,
2022/4/7 13:00,0,0,0,6.797,,,,,,,,,,,,,
2022/4/7 14:00,0,0,0,6.243,,,,,,,,,,,,,
2022/4/7 15:00,0,0,0,6.041,,,,,,,,,,,,,
2022/4/7 16:00,0,0,0,5.512,,,,,,,,,,,,,
2022/4/7 17:00,0,0,0,4.72,,,,,,,,,,,,,
2022/4/7 18:00,0,0,0,4.177,,,,,,,,,,,,,
2022/4/7 19:00,0,0,0,3.829,,,,,,,,,,,,,
2022/4/7 20:00,0,0,0,3.564,,,,,,,,,,,,,
2022/4/7 21:00,0,0,0.004,3.432,,,,,,,,,,,,,
2022/4/7 22:00,0.08,0.034,0.069,4.606,,,,,,,,,,,,,
2022/4/7 23:00,0.29,0.208,0.117,7.656,,,,,,,,,,,,,
2022/4/8 0:00,0.493,0.427,0.14,12.477,,,,,,,,,,,,,
2022/4/8 1:00,0.644,0.627,0.156,17.116,,,,,,,,,,,,,
2022/4/8 2:00,0.741,0.781,0.165,20.789,,,,,,,,,,,,,
2022/4/8 3:00,0.792,0.878,0.166,23.318,,,,,,,,,,,,,
2022/4/8 4:00,0.784,0.867,0.171,24.584,,,,,,,,,,,,,
2022/4/8 5:00,0.729,0.782,0.171,25.321,,,,,,,,,,,,,
2022/4/8 6:00,0.626,0.632,0.164,25.643,,,,,,,,,,,,,
2022/4/8 7:00,0.474,0.431,0.151,25.306,,,,,,,,,,,,,
2022/4/8 8:00,0.265,0.181,0.139,23.848,,,,,,,,,,,,,
2022/4/8 9:00,0.081,0.03,0.081,20.591,,,,,,,,,,,,,
2022/4/8 10:00,0,0,0.007,16.988,,,,,,,,,,,,,
2022/4/8 11:00,0,0,0,14.755,,,,,,,,,,,,,
2022/4/8 12:00,0,0,0,13.151,,,,,,,,,,,,,
2022/4/8 13:00,0,0,0,11.648,,,,,,,,,,,,,
2022/4/8 14:00,0,0,0,10.246,,,,,,,,,,,,,
2022/4/8 15:00,0,0,0,9.043,,,,,,,,,,,,,
2022/4/8 16:00,0,0,0,8.111,,,,,,,,,,,,,
2022/4/8 17:00,0,0,0,7.137,,,,,,,,,,,,,
2022/4/8 18:00,0,0,0,6.144,,,,,,,,,,,,,
2022/4/8 19:00,0,0,0,5.094,,,,,,,,,,,,,
2022/4/8 20:00,0,0,0,4.006,,,,,,,,,,,,,
2022/4/8 21:00,0,0,0.005,3.062,,,,,,,,,,,,,
2022/4/8 22:00,0.084,0.037,0.07,5.135,,,,,,,,,,,,,
2022/4/8 23:00,0.295,0.216,0.114,8.143,,,,,,,,,,,,,
2022/4/9 0:00,0.5,0.431,0.144,11.93,,,,,,,,,,,,,
2022/4/9 1:00,0.651,0.622,0.163,15.426,,,,,,,,,,,,,
2022/4/9 2:00,0.75,0.764,0.176,17.33,,,,,,,,,,,,,
2022/4/9 3:00,0.803,0.852,0.18,18.952,,,,,,,,,,,,,
2022/4/9 4:00,0.794,0.841,0.185,20.358,,,,,,,,,,,,,
2022/4/9 5:00,0.732,0.746,0.188,21.312,,,,,,,,,,,,,
2022/4/9 6:00,0.609,0.561,0.193,21.719,,,,,,,,,,,,,
2022/4/9 7:00,0.438,0.336,0.189,21.491,,,,,,,,,,,,,
2022/4/9 8:00,0.269,0.174,0.146,20.677,,,,,,,,,,,,,
2022/4/9 9:00,0.094,0.04,0.084,18.501,,,,,,,,,,,,,
2022/4/9 10:00,0,0,0.008,15.228,,,,,,,,,,,,,
2022/4/9 11:00,0,0,0,13.853,,,,,,,,,,,,,
2022/4/9 12:00,0,0,0,12.76,,,,,,,,,,,,,
2022/4/9 13:00,0,0,0,11.701,,,,,,,,,,,,,
2022/4/9 14:00,0,0,0,10.833,,,,,,,,,,,,,
2022/4/9 15:00,0,0,0,10.313,,,,,,,,,,,,,
2022/4/9 16:00,0,0,0,9.939,,,,,,,,,,,,,
2022/4/9 17:00,0,0,0,9.587,,,,,,,,,,,,,
2022/4/9 18:00,0,0,0,9.236,,,,,,,,,,,,,
2022/4/9 19:00,0,0,0,8.952,,,,,,,,,,,,,
2022/4/9 20:00,0,0,0,8.791,,,,,,,,,,,,,
2022/4/9 21:00,0,0,0.005,8.69,,,,,,,,,,,,,
2022/4/9 22:00,0.052,0.009,0.067,9.747,,,,,,,,,,,,,
2022/4/9 23:00,0.124,0.021,0.132,11.578,,,,,,,,,,,,,
2022/4/10 0:00,0.235,0.044,0.23,14.371,,,,,,,,,,,,,
2022/4/10 1:00,0.381,0.127,0.319,18.023,,,,,,,,,,,,,
2022/4/10 2:00,0.427,0.143,0.366,20.708,,,,,,,,,,,,,
2022/4/10 3:00,0.368,0.077,0.362,21.625,,,,,,,,,,,,,
2022/4/10 4:00,0.317,0.048,0.33,21.582,,,,,,,,,,,,,
2022/4/10 5:00,0.423,0.136,0.371,22.161,,,,,,,,,,,,,
2022/4/10 6:00,0.339,0.087,0.318,22.301,,,,,,,,,,,,,
2022/4/10 7:00,0.247,0.051,0.246,21.611,,,,,,,,,,,,,
2022/4/10 8:00,0.15,0.024,0.163,19.975,,,,,,,,,,,,,
2022/4/10 9:00,0.05,0.005,0.071,17.383,,,,,,,,,,,,,
2022/4/10 10:00,0,0,0.009,13.91,,,,,,,,,,,,,
2022/4/10 11:00,0,0,0,11.712,,,,,,,,,,,,,
2022/4/10 12:00,0,0,0,10.459,,,,,,,,,,,,,
2022/4/10 13:00,0,0,0,10.189,,,,,,,,,,,,,
2022/4/10 14:00,0,0,0,9.425,,,,,,,,,,,,,
2022/4/10 15:00,0,0,0,8.509,,,,,,,,,,,,,
2022/4/10 16:00,0,0,0,8.376,,,,,,,,,,,,,
2022/4/10 17:00,0,0,0,8.217,,,,,,,,,,,,,
2022/4/10 18:00,0,0,0,7.935,,,,,,,,,,,,,
2022/4/10 19:00,0,0,0,7.695,,,,,,,,,,,,,
2022/4/10 20:00,0,0,0,7.252,,,,,,,,,,,,,
2022/4/10 21:00,0,0,0.003,6.686,,,,,,,,,,,,,
2022/4/10 22:00,0.039,0.003,0.058,6.282,,,,,,,,,,,,,
2022/4/10 23:00,0.195,0.051,0.172,6.505,,,,,,,,,,,,,
2022/4/11 0:00,0.302,0.08,0.257,7.825,,,,,,,,,,,,,
2022/4/11 1:00,0.408,0.131,0.329,9.993,,,,,,,,,,,,,
2022/4/11 2:00,0.386,0.083,0.356,12.124,,,,,,,,,,,,,
2022/4/11 3:00,0.197,0.011,0.22,13.066,,,,,,,,,,,,,
2022/4/11 4:00,0.219,0.014,0.242,14.055,,,,,,,,,,,,,
2022/4/11 5:00,0.229,0.017,0.25,15.161,,,,,,,,,,,,,
2022/4/11 6:00,0.189,0.013,0.212,15.883,,,,,,,,,,,,,
2022/4/11 7:00,0.154,0.011,0.176,15.872,,,,,,,,,,,,,
2022/4/11 8:00,0.067,0.003,0.09,14.098,,,,,,,,,,,,,
2022/4/11 9:00,0.014,0.001,0.033,11.765,,,,,,,,,,,,,
2022/4/11 10:00,0,0,0.003,9.883,,,,,,,,,,,,,
2022/4/11 11:00,0,0,0,8.781,,,,,,,,,,,,,
2022/4/11 12:00,0,0,0,7.591,,,,,,,,,,,,,
2022/4/11 13:00,0,0,0,6.13,,,,,,,,,,,,,
2022/4/11 14:00,0,0,0,5.116,,,,,,,,,,,,,
2022/4/11 15:00,0,0,0,4.273,,,,,,,,,,,,,
2022/4/11 16:00,0,0,0,3.5,,,,,,,,,,,,,
2022/4/11 17:00,0,0,0,2.482,,,,,,,,,,,,,
2022/4/11 18:00,0,0,0,1.829,,,,,,,,,,,,,
2022/4/11 19:00,0,0,0,1.155,,,,,,,,,,,,,
2022/4/11 20:00,0,0,0,0.439,,,,,,,,,,,,,
2022/4/11 21:00,0,0,0.006,-0.399,,,,,,,,,,,,,
2022/4/11 22:00,0.092,0.024,0.09,0.125,,,,,,,,,,,,,
2022/4/11 23:00,0.316,0.195,0.149,2.713,,,,,,,,,,,,,
2022/4/12 0:00,0.544,0.489,0.122,6.144,,,,,,,,,,,,,
2022/4/12 1:00,0.71,0.697,0.136,8.066,,,,,,,,,,,,,
2022/4/12 2:00,0.818,0.851,0.145,9.456,,,,,,,,,,,,,
2022/4/12 3:00,0.872,0.937,0.149,10.515,,,,,,,,,,,,,
2022/4/12 4:00,0.874,0.946,0.149,11.222,,,,,,,,,,,,,
2022/4/12 5:00,0.824,0.873,0.145,11.605,,,,,,,,,,,,,
2022/4/12 6:00,0.721,0.73,0.135,11.598,,,,,,,,,,,,,
2022/4/12 7:00,0.562,0.528,0.122,11.2,,,,,,,,,,,,,
2022/4/12 8:00,0.353,0.294,0.103,10.361,,,,,,,,,,,,,
2022/4/12 9:00,0.125,0.079,0.073,8.96,,,,,,,,,,,,,
2022/4/12 10:00,0,0,0.011,4.759,,,,,,,,,,,,,
2022/4/12 11:00,0,0,0,2.855,,,,,,,,,,,,,
2022/4/12 12:00,0,0,0,1.882,,,,,,,,,,,,,
2022/4/12 13:00,0,0,0,0.967,,,,,,,,,,,,,
2022/4/12 14:00,0,0,0,0.19,,,,,,,,,,,,,
2022/4/12 15:00,0,0,0,-0.357,,,,,,,,,,,,,
2022/4/12 16:00,0,0,0,-0.668,,,,,,,,,,,,,
2022/4/12 17:00,0,0,0,-0.929,,,,,,,,,,,,,
2022/4/12 18:00,0,0,0,-1.499,,,,,,,,,,,,,
2022/4/12 19:00,0,0,0,-2.378,,,,,,,,,,,,,
2022/4/12 20:00,0,0,0,-2.56,,,,,,,,,,,,,
2022/4/12 21:00,0,0,0.008,-1.569,,,,,,,,,,,,,
2022/4/12 22:00,0.064,0.012,0.073,0.578,,,,,,,,,,,,,
2022/4/12 23:00,0.096,0.01,0.108,2.386,,,,,,,,,,,,,
2022/4/13 0:00,0.15,0.012,0.161,3.753,,,,,,,,,,,,,
2022/4/13 1:00,0.266,0.038,0.259,6.264,,,,,,,,,,,,,
2022/4/13 2:00,0.406,0.106,0.348,8.491,,,,,,,,,,,,,
2022/4/13 3:00,0.503,0.188,0.383,9.579,,,,,,,,,,,,,
2022/4/13 4:00,0.576,0.291,0.375,10.627,,,,,,,,,,,,,
2022/4/13 5:00,0.603,0.374,0.33,11.741,,,,,,,,,,,,,
2022/4/13 6:00,0.507,0.283,0.303,12.378,,,,,,,,,,,,,
2022/4/13 7:00,0.381,0.18,0.254,12.509,,,,,,,,,,,,,
2022/4/13 8:00,0.198,0.05,0.18,11.896,,,,,,,,,,,,,
2022/4/13 9:00,0.052,0.005,0.071,9.813,,,,,,,,,,,,,
2022/4/13 10:00,0,0,0.007,7.096,,,,,,,,,,,,,
2022/4/13 11:00,0,0,0,6.14,,,,,,,,,,,,,
2022/4/13 12:00,0,0,0,5.538,,,,,,,,,,,,,
2022/4/13 13:00,0,0,0,4.207,,,,,,,,,,,,,
2022/4/13 14:00,0,0,0,3.001,,,,,,,,,,,,,
2022/4/13 15:00,0,0,0,2.064,,,,,,,,,,,,,
2022/4/13 16:00,0,0,0,1.101,,,,,,,,,,,,,
2022/4/13 17:00,0,0,0,0.254,,,,,,,,,,,,,
2022/4/13 18:00,0,0,0,-0.634,,,,,,,,,,,,,
2022/4/13 19:00,0,0,0,-1.496,,,,,,,,,,,,,
2022/4/13 20:00,0,0,0,-2.229,,,,,,,,,,,,,
2022/4/13 21:00,0,0,0.009,-2.489,,,,,,,,,,,,,
2022/4/13 22:00,0.109,0.049,0.082,0.401,,,,,,,,,,,,,
2022/4/13 23:00,0.327,0.226,0.13,2.956,,,,,,,,,,,,,
2022/4/14 0:00,0.53,0.435,0.156,5.264,,,,,,,,,,,,,
2022/4/14 1:00,0.666,0.575,0.194,7.12,,,,,,,,,,,,,
2022/4/14 2:00,0.712,0.586,0.251,8.227,,,,,,,,,,,,,
2022/4/14 3:00,0.621,0.365,0.35,8.348,,,,,,,,,,,,,
2022/4/14 4:00,0.526,0.217,0.379,7.972,,,,,,,,,,,,,
2022/4/14 5:00,0.435,0.131,0.354,7.312,,,,,,,,,,,,,
2022/4/14 6:00,0.32,0.063,0.291,6.214,,,,,,,,,,,,,
2022/4/14 7:00,0.209,0.027,0.208,4.911,,,,,,,,,,,,,
2022/4/14 8:00,0.121,0.012,0.133,3.839,,,,,,,,,,,,,
2022/4/14 9:00,0.052,0.004,0.07,3.135,,,,,,,,,,,,,
2022/4/14 10:00,0,0,0.01,2.112,,,,,,,,,,,,,
2022/4/14 11:00,0,0,0,0.552,,,,,,,,,,,,,
2022/4/14 12:00,0,0,0,-0.4,,,,,,,,,,,,,
2022/4/14 13:00,0,0,0,-0.995,,,,,,,,,,,,,
2022/4/14 14:00,0,0,0,-1.341,,,,,,,,,,,,,
2022/4/14 15:00,0,0,0,-1.474,,,,,,,,,,,,,
2022/4/14 16:00,0,0,0,-1.742,,,,,,,,,,,,,
2022/4/14 17:00,0,0,0,-2.269,,,,,,,,,,,,,
2022/4/14 18:00,0,0,0,-2.628,,,,,,,,,,,,,
2022/4/14 19:00,0,0,0,-2.533,,,,,,,,,,,,,
2022/4/14 20:00,0,0,0,-2.587,,,,,,,,,,,,,
2022/4/14 21:00,0,0,0.01,-2.71,,,,,,,,,,,,,
2022/4/14 22:00,0.116,0.06,0.076,-0.015,,,,,,,,,,,,,
2022/4/14 23:00,0.343,0.259,0.116,3.187,,,,,,,,,,,,,
2022/4/15 0:00,0.555,0.518,0.109,7.014,,,,,,,,,,,,,
2022/4/15 1:00,0.716,0.724,0.123,9.187,,,,,,,,,,,,,
2022/4/15 2:00,0.822,0.878,0.132,10.817,,,,,,,,,,,,,
2022/4/15 3:00,0.874,0.964,0.136,12.008,,,,,,,,,,,,,
2022/4/15 4:00,0.871,0.965,0.137,12.917,,,,,,,,,,,,,
2022/4/15 5:00,0.82,0.891,0.134,13.519,,,,,,,,,,,,,
2022/4/15 6:00,0.719,0.748,0.125,13.613,,,,,,,,,,,,,
2022/4/15 7:00,0.565,0.55,0.111,13.185,,,,,,,,,,,,,
2022/4/15 8:00,0.36,0.316,0.094,12.267,,,,,,,,,,,,,
2022/4/15 9:00,0.131,0.09,0.069,10.829,,,,,,,,,,,,,
2022/4/15 10:00,0,0,0.013,6.44,,,,,,,,,,,,,
2022/4/15 11:00,0,0,0,4.061,,,,,,,,,,,,,
2022/4/15 12:00,0,0,0,3.228,,,,,,,,,,,,,
2022/4/15 13:00,0,0,0,2.909,,,,,,,,,,,,,
2022/4/15 14:00,0,0,0,2.898,,,,,,,,,,,,,
2022/4/15 15:00,0,0,0,2.511,,,,,,,,,,,,,
2022/4/15 16:00,0,0,0,2.065,,,,,,,,,,,,,
2022/4/15 17:00,0,0,0,1.72,,,,,,,,,,,,,
2022/4/15 18:00,0,0,0,1.351,,,,,,,,,,,,,
2022/4/15 19:00,0,0,0,0.751,,,,,,,,,,,,,
2022/4/15 20:00,0,0,0,0.055,,,,,,,,,,,,,
2022/4/15 21:00,0,0,0.009,-0.327,,,,,,,,,,,,,
2022/4/15 22:00,0.114,0.073,0.063,1.851,,,,,,,,,,,,,
2022/4/15 23:00,0.345,0.289,0.09,5.133,,,,,,,,,,,,,
2022/4/16 0:00,0.547,0.51,0.116,9.606,,,,,,,,,,,,,
2022/4/16 1:00,0.697,0.705,0.133,12.869,,,,,,,,,,,,,
2022/4/16 2:00,0.795,0.847,0.145,14.615,,,,,,,,,,,,,
2022/4/16 3:00,0.847,0.933,0.149,15.674,,,,,,,,,,,,,
2022/4/16 4:00,0.844,0.93,0.152,16.38,,,,,,,,,,,,,
2022/4/16 5:00,0.792,0.851,0.15,16.752,,,,,,,,,,,,,
2022/4/16 6:00,0.656,0.634,0.164,16.658,,,,,,,,,,,,,
2022/4/16 7:00,0.509,0.452,0.148,16.2,,,,,,,,,,,,,
2022/4/16 8:00,0.285,0.184,0.146,15.241,,,,,,,,,,,,,
2022/4/16 9:00,0.107,0.044,0.092,13.718,,,,,,,,,,,,,
2022/4/16 10:00,0,0,0.015,9.512,,,,,,,,,,,,,
2022/4/16 11:00,0,0,0,7.416,,,,,,,,,,,,,
2022/4/16 12:00,0,0,0,6.809,,,,,,,,,,,,,
2022/4/16 13:00,0,0,0,5.921,,,,,,,,,,,,,
2022/4/16 14:00,0,0,0,4.368,,,,,,,,,,,,,
2022/4/16 15:00,0,0,0,3.234,,,,,,,,,,,,,
2022/4/16 16:00,0,0,0,2.339,,,,,,,,,,,,,
2022/4/16 17:00,0,0,0,1.587,,,,,,,,,,,,,
2022/4/16 18:00,0,0,0,0.966,,,,,,,,,,,,,
2022/4/16 19:00,0,0,0,0.455,,,,,,,,,,,,,
2022/4/16 20:00,0,0,0,-0.063,,,,,,,,,,,,,
2022/4/16 21:00,0,0,0.01,-0.251,,,,,,,,,,,,,
2022/4/16 22:00,0.113,0.066,0.07,2.908,,,,,,,,,,,,,
2022/4/16 23:00,0.339,0.276,0.099,6.187,,,,,,,,,,,,,
2022/4/17 0:00,0.534,0.478,0.135,10.628,,,,,,,,,,,,,
2022/4/17 1:00,0.636,0.574,0.184,14.159,,,,,,,,,,,,,
2022/4/17 2:00,0.714,0.665,0.213,15.792,,,,,,,,,,,,,
2022/4/17 3:00,0.777,0.767,0.21,16.86,,,,,,,,,,,,,
2022/4/17 4:00,0.787,0.795,0.203,17.601,,,,,,,,,,,,,
2022/4/17 5:00,0.708,0.658,0.221,17.913,,,,,,,,,,,,,
2022/4/17 6:00,0.575,0.457,0.234,17.826,,,,,,,,,,,,,
2022/4/17 7:00,0.37,0.191,0.241,17.257,,,,,,,,,,,,,
2022/4/17 8:00,0.188,0.051,0.174,16.171,,,,,,,,,,,,,
2022/4/17 9:00,0.063,0.008,0.081,13.928,,,,,,,,,,,,,
2022/4/17 10:00,0,0,0.012,11.244,,,,,,,,,,,,,
2022/4/17 11:00,0,0,0,9.432,,,,,,,,,,,,,
2022/4/17 12:00,0,0,0,8.242,,,,,,,,,,,,,
2022/4/17 13:00,0,0,0,7.009,,,,,,,,,,,,,
2022/4/17 14:00,0,0,0,5.653,,,,,,,,,,,,,
2022/4/17 15:00,0,0,0,4.333,,,,,,,,,,,,,
2022/4/17 16:00,0,0,0,3.228,,,,,,,,,,,,,
2022/4/17 17:00,0,0,0,2.244,,,,,,,,,,,,,
2022/4/17 18:00,0,0,0,1.386,,,,,,,,,,,,,
2022/4/17 19:00,0,0,0,0.647,,,,,,,,,,,,,
2022/4/17 20:00,0,0,0,0,,,,,,,,,,,,,
2022/4/17 21:00,0,0,0.012,-0.146,,,,,,,,,,,,,
2022/4/17 22:00,0.116,0.062,0.077,3.056,,,,,,,,,,,,,
2022/4/17 23:00,0.337,0.262,0.111,6.355,,,,,,,,,,,,,
2022/4/18 0:00,0.54,0.5,0.119,10.237,,,,,,,,,,,,,
2022/4/18 1:00,0.693,0.694,0.135,12.408,,,,,,,,,,,,,
2022/4/18 2:00,0.791,0.835,0.147,14.006,,,,,,,,,,,,,
2022/4/18 3:00,0.837,0.908,0.155,15.202,,,,,,,,,,,,,
2022/4/18 4:00,0.835,0.909,0.156,16.11,,,,,,,,,,,,,
2022/4/18 5:00,0.783,0.835,0.153,16.82,,,,,,,,,,,,,
2022/4/18 6:00,0.681,0.691,0.145,17.258,,,,,,,,,,,,,
2022/4/18 7:00,0.531,0.5,0.131,17.379,,,,,,,,,,,,,
2022/4/18 8:00,0.336,0.279,0.112,17.103,,,,,,,,,,,,,
2022/4/18 9:00,0.125,0.076,0.081,15.854,,,,,,,,,,,,,
2022/4/18 10:00,0.001,0,0.016,13.827,,,,,,,,,,,,,
2022/4/18 11:00,0,0,0,11.79,,,,,,,,,,,,,
2022/4/18 12:00,0,0,0,9.273,,,,,,,,,,,,,
2022/4/18 13:00,0,0,0,7.751,,,,,,,,,,,,,
2022/4/18 14:00,0,0,0,7.066,,,,,,,,,,,,,
2022/4/18 15:00,0,0,0,6.55,,,,,,,,,,,,,
2022/4/18 16:00,0,0,0,6.153,,,,,,,,,,,,,
2022/4/18 17:00,0,0,0,5.819,,,,,,,,,,,,,
2022/4/18 18:00,0,0,0,5.384,,,,,,,,,,,,,
2022/4/18 19:00,0,0,0,5.015,,,,,,,,,,,,,
2022/4/18 20:00,0,0,0,4.744,,,,,,,,,,,,,
2022/4/18 21:00,0,0,0.012,4.738,,,,,,,,,,,,,
2022/4/18 22:00,0.113,0.068,0.071,7.485,,,,,,,,,,,,,
2022/4/18 23:00,0.331,0.274,0.1,10.955,,,,,,,,,,,,,
2022/4/19 0:00,0.528,0.503,0.118,15.431,,,,,,,,,,,,,
2022/4/19 1:00,0.672,0.703,0.132,19.539,,,,,,,,,,,,,
2022/4/19 2:00,0.767,0.849,0.143,21.732,,,,,,,,,,,,,
2022/4/19 3:00,0.814,0.931,0.147,23.059,,,,,,,,,,,,,
2022/4/19 4:00,0.813,0.935,0.148,23.935,,,,,,,,,,,,,
2022/4/19 5:00,0.765,0.862,0.144,24.451,,,,,,,,,,,,,
2022/4/19 6:00,0.669,0.718,0.136,24.569,,,,,,,,,,,,,
2022/4/19 7:00,0.524,0.523,0.123,24.218,,,,,,,,,,,,,
2022/4/19 8:00,0.334,0.296,0.105,23.336,,,,,,,,,,,,,
2022/4/19 9:00,0.127,0.083,0.078,20.847,,,,,,,,,,,,,
2022/4/19 10:00,0.001,0,0.017,15.729,,,,,,,,,,,,,
2022/4/19 11:00,0,0,0,13.427,,,,,,,,,,,,,
2022/4/19 12:00,0,0,0,12.5,,,,,,,,,,,,,
2022/4/19 13:00,0,0,0,11.595,,,,,,,,,,,,,
2022/4/19 14:00,0,0,0,10.786,,,,,,,,,,,,,
2022/4/19 15:00,0,0,0,9.949,,,,,,,,,,,,,
2022/4/19 16:00,0,0,0,8.927,,,,,,,,,,,,,
2022/4/19 17:00,0,0,0,7.908,,,,,,,,,,,,,
2022/4/19 18:00,0,0,0,6.983,,,,,,,,,,,,,
2022/4/19 19:00,0,0,0,6.194,,,,,,,,,,,,,
2022/4/19 20:00,0,0,0,5.565,,,,,,,,,,,,,
2022/4/19 21:00,0,0,0.012,5.348,,,,,,,,,,,,,
2022/4/19 22:00,0.114,0.068,0.072,7.952,,,,,,,,,,,,,
2022/4/19 23:00,0.332,0.276,0.1,11.38,,,,,,,,,,,,,
2022/4/20 0:00,0.525,0.486,0.133,16.009,,,,,,,,,,,,,
2022/4/20 1:00,0.666,0.68,0.15,20.59,,,,,,,,,,,,,
2022/4/20 2:00,0.76,0.822,0.162,22.317,,,,,,,,,,,,,
2022/4/20 3:00,0.809,0.904,0.167,23.37,,,,,,,,,,,,,
2022/4/20 4:00,0.807,0.903,0.17,24.014,,,,,,,,,,,,,
2022/4/20 5:00,0.755,0.82,0.169,24.34,,,,,,,,,,,,,
2022/4/20 6:00,0.65,0.658,0.167,24.293,,,,,,,,,,,,,
2022/4/20 7:00,0.497,0.448,0.16,23.744,,,,,,,,,,,,,
2022/4/20 8:00,0.277,0.171,0.162,22.483,,,,,,,,,,,,,
2022/4/20 9:00,0.075,0.012,0.093,20.346,,,,,,,,,,,,,
2022/4/20 10:00,0,0,0.011,18.016,,,,,,,,,,,,,
2022/4/20 11:00,0,0,0,16.606,,,,,,,,,,,,,
2022/4/20 12:00,0,0,0,15.607,,,,,,,,,,,,,
2022/4/20 13:00,0,0,0,14.823,,,,,,,,,,,,,
2022/4/20 14:00,0,0,0,14.293,,,,,,,,,,,,,
2022/4/20 15:00,0,0,0,13.78,,,,,,,,,,,,,
2022/4/20 16:00,0,0,0,13.31,,,,,,,,,,,,,
2022/4/20 17:00,0,0,0,12.988,,,,,,,,,,,,,
2022/4/20 18:00,0,0,0,12.635,,,,,,,,,,,,,
2022/4/20 19:00,0,0,0,12.08,,,,,,,,,,,,,
2022/4/20 20:00,0,0,0,11.19,,,,,,,,,,,,,
2022/4/20 21:00,0,0,0.013,10.053,,,,,,,,,,,,,
2022/4/20 22:00,0.077,0.014,0.088,10.349,,,,,,,,,,,,,
2022/4/20 23:00,0.187,0.051,0.169,12.083,,,,,,,,,,,,,
2022/4/21 0:00,0.315,0.114,0.249,14.484,,,,,,,,,,,,,
2022/4/21 1:00,0.449,0.224,0.301,16.696,,,,,,,,,,,,,
2022/4/21 2:00,0.581,0.388,0.312,18.297,,,,,,,,,,,,,
2022/4/21 3:00,0.717,0.638,0.262,19.238,,,,,,,,,,,,,
2022/4/21 4:00,0.7,0.597,0.278,19.514,,,,,,,,,,,,,
2022/4/21 5:00,0.623,0.467,0.294,18.891,,,,,,,,,,,,,
2022/4/21 6:00,0.522,0.339,0.282,17.882,,,,,,,,,,,,,
2022/4/21 7:00,0.395,0.215,0.245,16.641,,,,,,,,,,,,,
2022/4/21 8:00,0.236,0.087,0.188,14.812,,,,,,,,,,,,,
2022/4/21 9:00,0.095,0.019,0.104,12.321,,,,,,,,,,,,,
2022/4/21 10:00,0.002,0,0.018,9.808,,,,,,,,,,,,,
2022/4/21 11:00,0,0,0,8.05,,,,,,,,,,,,,
2022/4/21 12:00,0,0,0,6.953,,,,,,,,,,,,,
2022/4/21 13:00,0,0,0,6.134,,,,,,,,,,,,,
2022/4/21 14:00,0,0,0,5.253,,,,,,,,,,,,,
2022/4/21 15:00,0,0,0,4.403,,,,,,,,,,,,,
2022/4/21 16:00,0,0,0,3.711,,,,,,,,,,,,,
2022/4/21 17:00,0,0,0,2.858,,,,,,,,,,,,,
2022/4/21 18:00,0,0,0,1.761,,,,,,,,,,,,,
2022/4/21 19:00,0,0,0,0.868,,,,,,,,,,,,,
2022/4/21 20:00,0,0,0,0.203,,,,,,,,,,,,,
2022/4/21 21:00,0.001,0,0.015,0.065,,,,,,,,,,,,,
2022/4/21 22:00,0.126,0.066,0.083,2.864,,,,,,,,,,,,,
2022/4/21 23:00,0.35,0.275,0.113,6.566,,,,,,,,,,,,,
2022/4/22 0:00,0.555,0.523,0.115,10.144,,,,,,,,,,,,,
2022/4/22 1:00,0.708,0.719,0.131,12.022,,,,,,,,,,,,,
2022/4/22 2:00,0.805,0.858,0.143,13.616,,,,,,,,,,,,,
2022/4/22 3:00,0.848,0.927,0.151,14.844,,,,,,,,,,,,,
2022/4/22 4:00,0.846,0.929,0.153,15.791,,,,,,,,,,,,,
2022/4/22 5:00,0.796,0.856,0.149,16.582,,,,,,,,,,,,,
2022/4/22 6:00,0.692,0.709,0.143,17.091,,,,,,,,,,,,,
2022/4/22 7:00,0.515,0.462,0.148,17.071,,,,,,,,,,,,,
2022/4/22 8:00,0.297,0.198,0.148,16.505,,,,,,,,,,,,,
2022/4/22 9:00,0.132,0.078,0.086,15.484,,,,,,,,,,,,,
2022/4/22 10:00,0.003,0,0.02,11.477,,,,,,,,,,,,,
2022/4/22 11:00,0,0,0,10.79,,,,,,,,,,,,,
2022/4/22 12:00,0,0,0,9.888,,,,,,,,,,,,,
2022/4/22 13:00,0,0,0,7.745,,,,,,,,,,,,,
2022/4/22 14:00,0,0,0,7.513,,,,,,,,,,,,,
2022/4/22 15:00,0,0,0,7.066,,,,,,,,,,,,,
2022/4/22 16:00,0,0,0,6.051,,,,,,,,,,,,,
2022/4/22 17:00,0,0,0,5.393,,,,,,,,,,,,,
2022/4/22 18:00,0,0,0,4.962,,,,,,,,,,,,,
2022/4/22 19:00,0,0,0,4.376,,,,,,,,,,,,,
2022/4/22 20:00,0,0,0,4.053,,,,,,,,,,,,,
2022/4/22 21:00,0.001,0,0.016,4.185,,,,,,,,,,,,,
2022/4/22 22:00,0.112,0.049,0.087,6.089,,,,,,,,,,,,,
2022/4/22 23:00,0.299,0.203,0.133,9.471,,,,,,,,,,,,,
2022/4/23 0:00,0.446,0.315,0.198,13.408,,,,,,,,,,,,,
2022/4/23 1:00,0.524,0.356,0.263,16.477,,,,,,,,,,,,,
2022/4/23 2:00,0.639,0.521,0.264,19.334,,,,,,,,,,,,,
2022/4/23 3:00,0.748,0.74,0.221,21.753,,,,,,,,,,,,,
2022/4/23 4:00,0.769,0.803,0.203,23.446,,,,,,,,,,,,,
2022/4/23 5:00,0.722,0.739,0.197,24.454,,,,,,,,,,,,,
2022/4/23 6:00,0.628,0.609,0.186,24.97,,,,,,,,,,,,,
2022/4/23 7:00,0.482,0.418,0.173,24.942,,,,,,,,,,,,,
2022/4/23 8:00,0.29,0.191,0.159,24.192,,,,,,,,,,,,,
2022/4/23 9:00,0.111,0.038,0.108,22.289,,,,,,,,,,,,,
2022/4/23 10:00,0.004,0,0.022,19.198,,,,,,,,,,,,,
2022/4/23 11:00,0,0,0,16.905,,,,,,,,,,,,,
2022/4/23 12:00,0,0,0,15.051,,,,,,,,,,,,,
2022/4/23 13:00,0,0,0,12.582,,,,,,,,,,,,,
2022/4/23 14:00,0,0,0,10.498,,,,,,,,,,,,,
2022/4/23 15:00,0,0,0,9.027,,,,,,,,,,,,,
2022/4/23 16:00,0,0,0,7.685,,,,,,,,,,,,,
2022/4/23 17:00,0,0,0,6.744,,,,,,,,,,,,,
2022/4/23 18:00,0,0,0,5.917,,,,,,,,,,,,,
2022/4/23 19:00,0,0,0,5.221,,,,,,,,,,,,,
2022/4/23 20:00,0,0,0,4.541,,,,,,,,,,,,,
2022/4/23 21:00,0.002,0,0.018,4.273,,,,,,,,,,,,,
2022/4/23 22:00,0.109,0.036,0.097,6.735,,,,,,,,,,,,,
2022/4/23 23:00,0.177,0.038,0.168,8.813,,,,,,,,,,,,,
2022/4/24 0:00,0.237,0.041,0.23,10.872,,,,,,,,,,,,,
2022/4/24 1:00,0.295,0.054,0.284,13.119,,,,,,,,,,,,,
2022/4/24 2:00,0.366,0.083,0.34,15.595,,,,,,,,,,,,,
2022/4/24 3:00,0.5,0.206,0.386,17.639,,,,,,,,,,,,,
2022/4/24 4:00,0.695,0.574,0.294,19.528,,,,,,,,,,,,,
2022/4/24 5:00,0.724,0.696,0.224,20.988,,,,,,,,,,,,,
2022/4/24 6:00,0.632,0.58,0.207,21.798,,,,,,,,,,,,,
2022/4/24 7:00,0.458,0.336,0.214,21.75,,,,,,,,,,,,,
2022/4/24 8:00,0.235,0.085,0.196,20.574,,,,,,,,,,,,,
2022/4/24 9:00,0.091,0.014,0.107,18.669,,,,,,,,,,,,,
2022/4/24 10:00,0.004,0,0.021,15.515,,,,,,,,,,,,,
2022/4/24 11:00,0,0,0,13.962,,,,,,,,,,,,,
2022/4/24 12:00,0,0,0,12.912,,,,,,,,,,,,,
2022/4/24 13:00,0,0,0,11.583,,,,,,,,,,,,,
2022/4/24 14:00,0,0,0,10.444,,,,,,,,,,,,,
2022/4/24 15:00,0,0,0,9.13,,,,,,,,,,,,,
2022/4/24 16:00,0,0,0,7.864,,,,,,,,,,,,,
2022/4/24 17:00,0,0,0,6.996,,,,,,,,,,,,,
2022/4/24 18:00,0,0,0,6.336,,,,,,,,,,,,,
2022/4/24 19:00,0,0,0,5.72,,,,,,,,,,,,,
2022/4/24 20:00,0,0,0,5.196,,,,,,,,,,,,,
2022/4/24 21:00,0.003,0,0.019,5.404,,,,,,,,,,,,,
2022/4/24 22:00,0.119,0.046,0.1,8.669,,,,,,,,,,,,,
2022/4/24 23:00,0.313,0.21,0.146,12.147,,,,,,,,,,,,,
2022/4/25 0:00,0.497,0.438,0.147,16.995,,,,,,,,,,,,,
2022/4/25 1:00,0.635,0.627,0.162,21.333,,,,,,,,,,,,,
2022/4/25 2:00,0.723,0.77,0.172,25.049,,,,,,,,,,,,,
2022/4/25 3:00,0.766,0.854,0.175,27.714,,,,,,,,,,,,,
2022/4/25 4:00,0.763,0.853,0.177,28.77,,,,,,,,,,,,,
2022/4/25 5:00,0.714,0.774,0.177,28.965,,,,,,,,,,,,,
2022/4/25 6:00,0.623,0.637,0.168,28.591,,,,,,,,,,,,,
2022/4/25 7:00,0.48,0.438,0.16,27.589,,,,,,,,,,,,,
2022/4/25 8:00,0.299,0.222,0.143,25.996,,,,,,,,,,,,,
2022/4/25 9:00,0.119,0.053,0.103,23.867,,,,,,,,,,,,,
2022/4/25 10:00,0.006,0,0.024,21.116,,,,,,,,,,,,,
2022/4/25 11:00,0,0,0,18.929,,,,,,,,,,,,,
2022/4/25 12:00,0,0,0,17.504,,,,,,,,,,,,,
2022/4/25 13:00,0,0,0,16.036,,,,,,,,,,,,,
2022/4/25 14:00,0,0,0,14.961,,,,,,,,,,,,,
2022/4/25 15:00,0,0,0,14.319,,,,,,,,,,,,,
2022/4/25 16:00,0,0,0,13.667,,,,,,,,,,,,,
2022/4/25 17:00,0,0,0,12.273,,,,,,,,,,,,,
2022/4/25 18:00,0,0,0,10.618,,,,,,,,,,,,,
2022/4/25 19:00,0,0,0,9.366,,,,,,,,,,,,,
2022/4/25 20:00,0,0,0,8.345,,,,,,,,,,,,,
2022/4/25 21:00,0.002,0,0.018,6.659,,,,,,,,,,,,,
2022/4/25 22:00,0.13,0.078,0.077,5.948,,,,,,,,,,,,,
2022/4/25 23:00,0.357,0.293,0.101,6.304,,,,,,,,,,,,,
2022/4/26 0:00,0.564,0.516,0.123,7.423,,,,,,,,,,,,,
2022/4/26 1:00,0.718,0.71,0.139,8.928,,,,,,,,,,,,,
2022/4/26 2:00,0.815,0.844,0.152,10.278,,,,,,,,,,,,,
2022/4/26 3:00,0.86,0.91,0.162,11.135,,,,,,,,,,,,,
2022/4/26 4:00,0.842,0.871,0.175,11.427,,,,,,,,,,,,,
2022/4/26 5:00,0.793,0.797,0.173,11.435,,,,,,,,,,,,,
2022/4/26 6:00,0.687,0.649,0.168,11.17,,,,,,,,,,,,,
2022/4/26 7:00,0.548,0.485,0.146,10.567,,,,,,,,,,,,,
2022/4/26 8:00,0.357,0.278,0.123,9.574,,,,,,,,,,,,,
2022/4/26 9:00,0.142,0.076,0.094,8.411,,,,,,,,,,,,,
2022/4/26 10:00,0.008,0,0.025,7.021,,,,,,,,,,,,,
2022/4/26 11:00,0,0,0,5.645,,,,,,,,,,,,,
2022/4/26 12:00,0,0,0,4.657,,,,,,,,,,,,,
2022/4/26 13:00,0,0,0,3.528,,,,,,,,,,,,,
2022/4/26 14:00,0,0,0,2.764,,,,,,,,,,,,,
2022/4/26 15:00,0,0,0,1.953,,,,,,,,,,,,,
2022/4/26 16:00,0,0,0,1.044,,,,,,,,,,,,,
2022/4/26 17:00,0,0,0,0.261,,,,,,,,,,,,,
2022/4/26 18:00,0,0,0,0.255,,,,,,,,,,,,,
2022/4/26 19:00,0,0,0,0.477,,,,,,,,,,,,,
2022/4/26 20:00,0,0,0,0.874,,,,,,,,,,,,,
2022/4/26 21:00,0,0,0.014,1.008,,,,,,,,,,,,,
2022/4/26 22:00,0.086,0.014,0.095,2.621,,,,,,,,,,,,,
2022/4/26 23:00,0.223,0.073,0.176,5.264,,,,,,,,,,,,,
2022/4/27 0:00,0.41,0.19,0.267,7.95,,,,,,,,,,,,,
2022/4/27 1:00,0.644,0.509,0.243,9.946,,,,,,,,,,,,,
2022/4/27 2:00,0.456,0.133,0.385,10.437,,,,,,,,,,,,,
2022/4/27 3:00,0.413,0.082,0.385,10.73,,,,,,,,,,,,,
2022/4/27 4:00,0.273,0.023,0.287,10.715,,,,,,,,,,,,,
2022/4/27 5:00,0.194,0.011,0.214,10.532,,,,,,,,,,,,,
2022/4/27 6:00,0.225,0.018,0.24,10.843,,,,,,,,,,,,,
2022/4/27 7:00,0.239,0.03,0.243,11.172,,,,,,,,,,,,,
2022/4/27 8:00,0.182,0.025,0.188,11.014,,,,,,,,,,,,,
2022/4/27 9:00,0.087,0.008,0.105,10.187,,,,,,,,,,,,,
2022/4/27 10:00,0.008,0,0.025,8.017,,,,,,,,,,,,,
2022/4/27 11:00,0,0,0,6.26,,,,,,,,,,,,,
2022/4/27 12:00,0,0,0,5.812,,,,,,,,,,,,,
2022/4/27 13:00,0,0,0,5.469,,,,,,,,,,,,,
2022/4/27 14:00,0,0,0,5.013,,,,,,,,,,,,,
2022/4/27 15:00,0,0,0,4.657,,,,,,,,,,,,,
2022/4/27 16:00,0,0,0,4.283,,,,,,,,,,,,,
2022/4/27 17:00,0,0,0,3.928,,,,,,,,,,,,,
2022/4/27 18:00,0,0,0,3.632,,,,,,,,,,,,,
2022/4/27 19:00,0,0,0,3.414,,,,,,,,,,,,,
2022/4/27 20:00,0,0,0,3.163,,,,,,,,,,,,,
2022/4/27 21:00,0,0,0.013,3.266,,,,,,,,,,,,,
2022/4/27 22:00,0.083,0.008,0.099,5.24,,,,,,,,,,,,,
2022/4/27 23:00,0.283,0.124,0.193,7.998,,,,,,,,,,,,,
2022/4/28 0:00,0.501,0.42,0.155,11.459,,,,,,,,,,,,,
2022/4/28 1:00,0.674,0.657,0.152,13.49,,,,,,,,,,,,,
2022/4/28 2:00,0.778,0.808,0.159,14.922,,,,,,,,,,,,,
2022/4/28 3:00,0.837,0.91,0.157,15.955,,,,,,,,,,,,,
2022/4/28 4:00,0.84,0.922,0.156,16.586,,,,,,,,,,,,,
2022/4/28 5:00,0.791,0.848,0.152,16.94,,,,,,,,,,,,,
2022/4/28 6:00,0.692,0.705,0.145,16.969,,,,,,,,,,,,,
2022/4/28 7:00,0.542,0.51,0.134,16.686,,,,,,,,,,,,,
2022/4/28 8:00,0.346,0.28,0.12,16.009,,,,,,,,,,,,,
2022/4/28 9:00,0.139,0.077,0.093,14.877,,,,,,,,,,,,,
2022/4/28 10:00,0.009,0,0.027,11.655,,,,,,,,,,,,,
2022/4/28 11:00,0,0,0,9.156,,,,,,,,,,,,,
2022/4/28 12:00,0,0,0,8.293,,,,,,,,,,,,,
2022/4/28 13:00,0,0,0,7.265,,,,,,,,,,,,,
2022/4/28 14:00,0,0,0,6.376,,,,,,,,,,,,,
2022/4/28 15:00,0,0,0,5.656,,,,,,,,,,,,,
2022/4/28 16:00,0,0,0,5.114,,,,,,,,,,,,,
2022/4/28 17:00,0,0,0,4.553,,,,,,,,,,,,,
2022/4/28 18:00,0,0,0,3.982,,,,,,,,,,,,,
2022/4/28 19:00,0,0,0,3.474,,,,,,,,,,,,,
2022/4/28 20:00,0,0,0,3.063,,,,,,,,,,,,,
2022/4/28 21:00,0.005,0,0.021,3.246,,,,,,,,,,,,,
2022/4/28 22:00,0.127,0.062,0.09,5.463,,,,,,,,,,,,,
2022/4/28 23:00,0.303,0.199,0.141,8.721,,,,,,,,,,,,,
2022/4/29 0:00,0.385,0.171,0.266,11.856,,,,,,,,,,,,,
2022/4/29 1:00,0.237,0.024,0.249,12.436,,,,,,,,,,,,,
2022/4/29 2:00,0.222,0.017,0.239,11.578,,,,,,,,,,,,,
2022/4/29 3:00,0.357,0.056,0.349,11.959,,,,,,,,,,,,,
2022/4/29 4:00,0.561,0.262,0.399,14.611,,,,,,,,,,,,,
2022/4/29 5:00,0.488,0.186,0.385,15.916,,,,,,,,,,,,,
2022/4/29 6:00,0.356,0.083,0.329,15.792,,,,,,,,,,,,,
2022/4/29 7:00,0.332,0.102,0.283,15.629,,,,,,,,,,,,,
2022/4/29 8:00,0.244,0.074,0.209,14.898,,,,,,,,,,,,,
2022/4/29 9:00,0.115,0.021,0.123,13.643,,,,,,,,,,,,,
2022/4/29 10:00,0.013,0,0.032,11.261,,,,,,,,,,,,,
2022/4/29 11:00,0,0,0,8.424,,,,,,,,,,,,,
2022/4/29 12:00,0,0,0,6.362,,,,,,,,,,,,,
2022/4/29 13:00,0,0,0,4.477,,,,,,,,,,,,,
2022/4/29 14:00,0,0,0,3.477,,,,,,,,,,,,,
2022/4/29 15:00,0,0,0,2.935,,,,,,,,,,,,,
2022/4/29 16:00,0,0,0,2.155,,,,,,,,,,,,,
2022/4/29 17:00,0,0,0,1.47,,,,,,,,,,,,,
2022/4/29 18:00,0,0,0,0.849,,,,,,,,,,,,,
2022/4/29 19:00,0,0,0,0.271,,,,,,,,,,,,,
2022/4/29 20:00,0,0,0,-0.172,,,,,,,,,,,,,
2022/4/29 21:00,0.007,0,0.024,0.044,,,,,,,,,,,,,
2022/4/29 22:00,0.148,0.078,0.093,2.216,,,,,,,,,,,,,
2022/4/29 23:00,0.367,0.276,0.128,5.492,,,,,,,,,,,,,
2022/4/30 0:00,0.566,0.519,0.125,7.962,,,,,,,,,,,,,
2022/4/30 1:00,0.702,0.677,0.152,9.648,,,,,,,,,,,,,
2022/4/30 2:00,0.773,0.754,0.183,10.886,,,,,,,,,,,,,
2022/4/30 3:00,0.811,0.801,0.198,11.844,,,,,,,,,,,,,
2022/4/30 4:00,0.808,0.799,0.201,12.552,,,,,,,,,,,,,
2022/4/30 5:00,0.747,0.704,0.206,12.947,,,,,,,,,,,,,
2022/4/30 6:00,0.653,0.584,0.194,13.011,,,,,,,,,,,,,
2022/4/30 7:00,0.504,0.401,0.181,12.708,,,,,,,,,,,,,
2022/4/30 8:00,0.311,0.19,0.164,12.105,,,,,,,,,,,,,
2022/4/30 9:00,0.129,0.042,0.115,11.416,,,,,,,,,,,,,
2022/4/30 10:00,0.016,0,0.035,9.584,,,,,,,,,,,,,
2022/4/30 11:00,0,0,0,6.878,,,,,,,,,,,,,
2022/4/30 12:00,0,0,0,6.166,,,,,,,,,,,,,
2022/4/30 13:00,0,0,0,5.612,,,,,,,,,,,,,
2022/4/30 14:00,0,0,0,5.177,,,,,,,,,,,,,
2022/4/30 15:00,0,0,0,5.063,,,,,,,,,,,,,
2022/4/30 16:00,0,0,0,5.006,,,,,,,,,,,,,
2022/4/30 17:00,0,0,0,4.803,,,,,,,,,,,,,
2022/4/30 18:00,0,0,0,4.714,,,,,,,,,,,,,
2022/4/30 19:00,0,0,0,4.469,,,,,,,,,,,,,
2022/4/30 20:00,0,0,0,3.99,,,,,,,,,,,,,
2022/4/30 21:00,0.011,0,0.029,3.387,,,,,,,,,,,,,
2022/4/30 22:00,0.136,0.072,0.089,5.571,,,,,,,,,,,,,
2022/4/30 23:00,0.346,0.268,0.118,8.455,,,,,,,,,,,,,
2022/5/1 0:00,0.541,0.48,0.142,10.741,,,,,,,,,,,,,
2022/5/1 1:00,0.671,0.628,0.171,12.317,,,,,,,,,,,,,
2022/5/1 2:00,0.741,0.7,0.205,13.453,,,,,,,,,,,,,
2022/5/1 3:00,0.771,0.727,0.226,14.141,,,,,,,,,,,,,
2022/5/1 4:00,0.749,0.675,0.246,14.397,,,,,,,,,,,,,
2022/5/1 5:00,0.689,0.582,0.252,14.45,,,,,,,,,,,,,
2022/5/1 6:00,0.574,0.421,0.255,14.183,,,,,,,,,,,,,
2022/5/1 7:00,0.458,0.311,0.217,13.709,,,,,,,,,,,,,
2022/5/1 8:00,0.309,0.184,0.169,12.967,,,,,,,,,,,,,
2022/5/1 9:00,0.138,0.053,0.114,12.086,,,,,,,,,,,,,
2022/5/1 10:00,0.018,0,0.038,9.786,,,,,,,,,,,,,
2022/5/1 11:00,0,0,0,6.87,,,,,,,,,,,,,
2022/5/1 12:00,0,0,0,5.665,,,,,,,,,,,,,
2022/5/1 13:00,0,0,0,4.73,,,,,,,,,,,,,
2022/5/1 14:00,0,0,0,4.549,,,,,,,,,,,,,
2022/5/1 15:00,0,0,0,4.824,,,,,,,,,,,,,
2022/5/1 16:00,0,0,0,4.647,,,,,,,,,,,,,
2022/5/1 17:00,0,0,0,3.845,,,,,,,,,,,,,
2022/5/1 18:00,0,0,0,2.789,,,,,,,,,,,,,
2022/5/1 19:00,0,0,0,1.78,,,,,,,,,,,,,
2022/5/1 20:00,0,0,0,1.031,,,,,,,,,,,,,
2022/5/1 21:00,0.013,0,0.031,1.273,,,,,,,,,,,,,
2022/5/1 22:00,0.14,0.075,0.09,5.144,,,,,,,,,,,,,
2022/5/1 23:00,0.348,0.268,0.121,8.655,,,,,,,,,,,,,
2022/5/2 0:00,0.538,0.484,0.137,11.876,,,,,,,,,,,,,
2022/5/2 1:00,0.683,0.67,0.153,13.903,,,,,,,,,,,,,
2022/5/2 2:00,0.778,0.806,0.165,15.397,,,,,,,,,,,,,
2022/5/2 3:00,0.825,0.883,0.17,16.623,,,,,,,,,,,,,
2022/5/2 4:00,0.823,0.884,0.172,17.585,,,,,,,,,,,,,
2022/5/2 5:00,0.771,0.808,0.17,18.284,,,,,,,,,,,,,
2022/5/2 6:00,0.664,0.651,0.169,18.729,,,,,,,,,,,,,
2022/5/2 7:00,0.512,0.45,0.162,18.939,,,,,,,,,,,,,
2022/5/2 8:00,0.32,0.227,0.149,18.945,,,,,,,,,,,,,
2022/5/2 9:00,0.135,0.058,0.111,18.458,,,,,,,,,,,,,
2022/5/2 10:00,0.018,0,0.039,15.144,,,,,,,,,,,,,
2022/5/2 11:00,0,0,0,12.736,,,,,,,,,,,,,
2022/5/2 12:00,0,0,0,12.492,,,,,,,,,,,,,
2022/5/2 13:00,0,0,0,12.442,,,,,,,,,,,,,
2022/5/2 14:00,0,0,0,12.466,,,,,,,,,,,,,
2022/5/2 15:00,0,0,0,12.22,,,,,,,,,,,,,
2022/5/2 16:00,0,0,0,11.489,,,,,,,,,,,,,
2022/5/2 17:00,0,0,0,10.632,,,,,,,,,,,,,
2022/5/2 18:00,0,0,0,9.943,,,,,,,,,,,,,
2022/5/2 19:00,0,0,0,9.54,,,,,,,,,,,,,
2022/5/2 20:00,0,0,0,9.235,,,,,,,,,,,,,
2022/5/2 21:00,0.013,0,0.031,9.322,,,,,,,,,,,,,
2022/5/2 22:00,0.134,0.071,0.092,11.009,,,,,,,,,,,,,
2022/5/2 23:00,0.333,0.262,0.121,14.679,,,,,,,,,,,,,
2022/5/3 0:00,0.513,0.471,0.144,19.437,,,,,,,,,,,,,
2022/5/3 1:00,0.642,0.647,0.163,23.674,,,,,,,,,,,,,
2022/5/3 2:00,0.729,0.786,0.174,26.416,,,,,,,,,,,,,
2022/5/3 3:00,0.776,0.873,0.175,27.954,,,,,,,,,,,,,
2022/5/3 4:00,0.777,0.883,0.174,28.983,,,,,,,,,,,,,
2022/5/3 5:00,0.732,0.815,0.17,29.587,,,,,,,,,,,,,
2022/5/3 6:00,0.634,0.662,0.167,29.779,,,,,,,,,,,,,
2022/5/3 7:00,0.495,0.468,0.157,29.599,,,,,,,,,,,,,
2022/5/3 8:00,0.324,0.267,0.134,28.905,,,,,,,,,,,,,
2022/5/3 9:00,0.137,0.072,0.105,26.666,,,,,,,,,,,,,
2022/5/3 10:00,0.019,0,0.042,21.802,,,,,,,,,,,,,
2022/5/3 11:00,0,0,0,18.522,,,,,,,,,,,,,
2022/5/3 12:00,0,0,0,17.118,,,,,,,,,,,,,
2022/5/3 13:00,0,0,0,16.012,,,,,,,,,,,,,
2022/5/3 14:00,0,0,0,15.273,,,,,,,,,,,,,
2022/5/3 15:00,0,0,0,14.602,,,,,,,,,,,,,
2022/5/3 16:00,0,0,0,13.904,,,,,,,,,,,,,
2022/5/3 17:00,0,0,0,13.172,,,,,,,,,,,,,
2022/5/3 18:00,0,0,0,12.423,,,,,,,,,,,,,
2022/5/3 19:00,0,0,0,11.774,,,,,,,,,,,,,
2022/5/3 20:00,0,0,0,11.241,,,,,,,,,,,,,
2022/5/3 21:00,0.013,0,0.032,11.673,,,,,,,,,,,,,
2022/5/3 22:00,0.11,0.028,0.111,14.148,,,,,,,,,,,,,
2022/5/3 23:00,0.227,0.082,0.186,17.224,,,,,,,,,,,,,
2022/5/4 0:00,0.343,0.145,0.263,21.077,,,,,,,,,,,,,
2022/5/4 1:00,0.453,0.244,0.311,25.302,,,,,,,,,,,,,
2022/5/4 2:00,0.583,0.439,0.306,28.389,,,,,,,,,,,,,
2022/5/4 3:00,0.715,0.723,0.238,30.255,,,,,,,,,,,,,
2022/5/4 4:00,0.763,0.853,0.195,31.247,,,,,,,,,,,,,
2022/5/4 5:00,0.719,0.783,0.191,31.543,,,,,,,,,,,,,
2022/5/4 6:00,0.626,0.637,0.186,31.313,,,,,,,,,,,,,
2022/5/4 7:00,0.493,0.454,0.171,30.673,,,,,,,,,,,,,
2022/5/4 8:00,0.313,0.229,0.158,29.564,,,,,,,,,,,,,
2022/5/4 9:00,0.132,0.051,0.122,27.738,,,,,,,,,,,,,
2022/5/4 10:00,0.02,0,0.042,24.979,,,,,,,,,,,,,
2022/5/4 11:00,0,0,0,22.809,,,,,,,,,,,,,
2022/5/4 12:00,0,0,0,21.552,,,,,,,,,,,,,
2022/5/4 13:00,0,0,0,20.448,,,,,,,,,,,,,
2022/5/4 14:00,0,0,0,19.235,,,,,,,,,,,,,
2022/5/4 15:00,0,0,0,18.443,,,,,,,,,,,,,
2022/5/4 16:00,0,0,0,17.867,,,,,,,,,,,,,
2022/5/4 17:00,0,0,0,17.561,,,,,,,,,,,,,
2022/5/4 18:00,0,0,0,17.359,,,,,,,,,,,,,
2022/5/4 19:00,0,0,0,17.091,,,,,,,,,,,,,
2022/5/4 20:00,0,0,0,16.315,,,,,,,,,,,,,
2022/5/4 21:00,0.01,0,0.029,15.557,,,,,,,,,,,,,
2022/5/4 22:00,0.12,0.035,0.116,16.518,,,,,,,,,,,,,
2022/5/4 23:00,0.294,0.181,0.166,19.531,,,,,,,,,,,,,
2022/5/5 0:00,0.469,0.34,0.23,23.153,,,,,,,,,,,,,
2022/5/5 1:00,0.435,0.173,0.357,24.785,,,,,,,,,,,,,
2022/5/5 2:00,0.49,0.201,0.404,25.598,,,,,,,,,,,,,
2022/5/5 3:00,0.321,0.04,0.349,25.249,,,,,,,,,,,,,
2022/5/5 4:00,0.185,0.009,0.22,24.301,,,,,,,,,,,,,
2022/5/5 5:00,0.224,0.016,0.259,24.577,,,,,,,,,,,,,
2022/5/5 6:00,0.272,0.033,0.299,25.477,,,,,,,,,,,,,
2022/5/5 7:00,0.143,0.008,0.174,24.621,,,,,,,,,,,,,
2022/5/5 8:00,0.063,0.002,0.09,22.795,,,,,,,,,,,,,
2022/5/5 9:00,0.021,0,0.043,20.802,,,,,,,,,,,,,
2022/5/5 10:00,0,0,0.011,19.169,,,,,,,,,,,,,
2022/5/5 11:00,0,0,0,17.786,,,,,,,,,,,,,
2022/5/5 12:00,0,0,0,16.796,,,,,,,,,,,,,
2022/5/5 13:00,0,0,0,15.483,,,,,,,,,,,,,
2022/5/5 14:00,0,0,0,14.245,,,,,,,,,,,,,
2022/5/5 15:00,0,0,0,12.703,,,,,,,,,,,,,
2022/5/5 16:00,0,0,0,10.999,,,,,,,,,,,,,
2022/5/5 17:00,0,0,0,9.502,,,,,,,,,,,,,
2022/5/5 18:00,0,0,0,8.102,,,,,,,,,,,,,
2022/5/5 19:00,0,0,0,6.862,,,,,,,,,,,,,
2022/5/5 20:00,0,0,0,5.646,,,,,,,,,,,,,
2022/5/5 21:00,0.021,0,0.04,5.05,,,,,,,,,,,,,
2022/5/5 22:00,0.154,0.061,0.118,6.247,,,,,,,,,,,,,
2022/5/5 23:00,0.357,0.24,0.16,8.657,,,,,,,,,,,,,
2022/5/6 0:00,0.553,0.506,0.131,10.821,,,,,,,,,,,,,
2022/5/6 1:00,0.704,0.703,0.143,12.425,,,,,,,,,,,,,
2022/5/6 2:00,0.802,0.846,0.153,13.839,,,,,,,,,,,,,
2022/5/6 3:00,0.85,0.924,0.158,14.888,,,,,,,,,,,,,
2022/5/6 4:00,0.846,0.922,0.16,15.739,,,,,,,,,,,,,
2022/5/6 5:00,0.795,0.844,0.159,16.341,,,,,,,,,,,,,
2022/5/6 6:00,0.688,0.686,0.157,16.502,,,,,,,,,,,,,
2022/5/6 7:00,0.54,0.492,0.147,16.007,,,,,,,,,,,,,
2022/5/6 8:00,0.354,0.278,0.129,14.793,,,,,,,,,,,,,
2022/5/6 9:00,0.153,0.084,0.1,13.377,,,,,,,,,,,,,
2022/5/6 10:00,0.024,0,0.045,11.594,,,,,,,,,,,,,
2022/5/6 11:00,0,0,0,8.962,,,,,,,,,,,,,
2022/5/6 12:00,0,0,0,7.461,,,,,,,,,,,,,
2022/5/6 13:00,0,0,0,6.443,,,,,,,,,,,,,
2022/5/6 14:00,0,0,0,5.529,,,,,,,,,,,,,
2022/5/6 15:00,0,0,0,4.537,,,,,,,,,,,,,
2022/5/6 16:00,0,0,0,3.525,,,,,,,,,,,,,
2022/5/6 17:00,0,0,0,2.859,,,,,,,,,,,,,
2022/5/6 18:00,0,0,0,2.235,,,,,,,,,,,,,
2022/5/6 19:00,0,0,0,1.496,,,,,,,,,,,,,
2022/5/6 20:00,0,0,0,0.651,,,,,,,,,,,,,
2022/5/6 21:00,0.018,0,0.036,0.975,,,,,,,,,,,,,
2022/5/6 22:00,0.147,0.077,0.092,3.218,,,,,,,,,,,,,
2022/5/6 23:00,0.333,0.232,0.137,6.845,,,,,,,,,,,,,
2022/5/7 0:00,0.512,0.392,0.188,9.029,,,,,,,,,,,,,
2022/5/7 1:00,0.665,0.583,0.201,10.783,,,,,,,,,,,,,
2022/5/7 2:00,0.771,0.739,0.204,12.493,,,,,,,,,,,,,
2022/5/7 3:00,0.856,0.905,0.179,14.029,,,,,,,,,,,,,
2022/5/7 4:00,0.851,0.903,0.182,15.234,,,,,,,,,,,,,
2022/5/7 5:00,0.796,0.821,0.182,16.037,,,,,,,,,,,,,
2022/5/7 6:00,0.695,0.676,0.176,16.46,,,,,,,,,,,,,
2022/5/7 7:00,0.541,0.474,0.168,16.487,,,,,,,,,,,,,
2022/5/7 8:00,0.279,0.118,0.206,15.873,,,,,,,,,,,,,
2022/5/7 9:00,0.076,0.005,0.098,14.723,,,,,,,,,,,,,
2022/5/7 10:00,0.012,0,0.031,12.417,,,,,,,,,,,,,
2022/5/7 11:00,0,0,0,10.024,,,,,,,,,,,,,
2022/5/7 12:00,0,0,0,9.37,,,,,,,,,,,,,
2022/5/7 13:00,0,0,0,9.254,,,,,,,,,,,,,
2022/5/7 14:00,0,0,0,9.057,,,,,,,,,,,,,
2022/5/7 15:00,0,0,0,8.332,,,,,,,,,,,,,
2022/5/7 16:00,0,0,0,7.654,,,,,,,,,,,,,
2022/5/7 17:00,0,0,0,7.194,,,,,,,,,,,,,
2022/5/7 18:00,0,0,0,6.825,,,,,,,,,,,,,
2022/5/7 19:00,0,0,0,6.402,,,,,,,,,,,,,
2022/5/7 20:00,0,0,0,5.847,,,,,,,,,,,,,
2022/5/7 21:00,0.005,0,0.022,5.699,,,,,,,,,,,,,
2022/5/7 22:00,0.091,0.009,0.106,6.892,,,,,,,,,,,,,
2022/5/7 23:00,0.199,0.038,0.191,8.808,,,,,,,,,,,,,
2022/5/8 0:00,0.318,0.096,0.263,10.725,,,,,,,,,,,,,
2022/5/8 1:00,0.384,0.117,0.319,12.03,,,,,,,,,,,,,
2022/5/8 2:00,0.545,0.29,0.347,13.596,,,,,,,,,,,,,
2022/5/8 3:00,0.707,0.58,0.284,15.084,,,,,,,,,,,,,
2022/5/8 4:00,0.792,0.785,0.213,16.174,,,,,,,,,,,,,
2022/5/8 5:00,0.759,0.754,0.197,16.756,,,,,,,,,,,,,
2022/5/8 6:00,0.679,0.657,0.175,16.969,,,,,,,,,,,,,
2022/5/8 7:00,0.542,0.487,0.156,16.811,,,,,,,,,,,,,
2022/5/8 8:00,0.359,0.282,0.134,16.253,,,,,,,,,,,,,
2022/5/8 9:00,0.157,0.086,0.104,15.368,,,,,,,,,,,,,
2022/5/8 10:00,0.028,0,0.049,12.735,,,,,,,,,,,,,
2022/5/8 11:00,0,0,0,9.439,,,,,,,,,,,,,
2022/5/8 12:00,0,0,0,8.381,,,,,,,,,,,,,
2022/5/8 13:00,0,0,0,7.609,,,,,,,,,,,,,
2022/5/8 14:00,0,0,0,6.927,,,,,,,,,,,,,
2022/5/8 15:00,0,0,0,6.252,,,,,,,,,,,,,
2022/5/8 16:00,0,0,0,5.569,,,,,,,,,,,,,
2022/5/8 17:00,0,0,0,4.901,,,,,,,,,,,,,
2022/5/8 18:00,0,0,0,4.215,,,,,,,,,,,,,
2022/5/8 19:00,0,0,0,3.592,,,,,,,,,,,,,
2022/5/8 20:00,0,0,0,3.063,,,,,,,,,,,,,
2022/5/8 21:00,0.021,0,0.04,4.013,,,,,,,,,,,,,
2022/5/8 22:00,0.152,0.088,0.091,7.776,,,,,,,,,,,,,
2022/5/8 23:00,0.361,0.291,0.118,11.317,,,,,,,,,,,,,
2022/5/9 0:00,0.548,0.517,0.127,14.999,,,,,,,,,,,,,
2022/5/9 1:00,0.689,0.707,0.142,17.449,,,,,,,,,,,,,
2022/5/9 2:00,0.779,0.843,0.153,19.383,,,,,,,,,,,,,
2022/5/9 3:00,0.822,0.918,0.159,20.836,,,,,,,,,,,,,
2022/5/9 4:00,0.819,0.917,0.161,21.802,,,,,,,,,,,,,
2022/5/9 5:00,0.77,0.842,0.159,22.397,,,,,,,,,,,,,
2022/5/9 6:00,0.678,0.709,0.149,22.546,,,,,,,,,,,,,
2022/5/9 7:00,0.538,0.52,0.137,22.192,,,,,,,,,,,,,
2022/5/9 8:00,0.355,0.302,0.12,21.282,,,,,,,,,,,,,
2022/5/9 9:00,0.154,0.095,0.096,19.739,,,,,,,,,,,,,
2022/5/9 10:00,0.026,0,0.049,17.144,,,,,,,,,,,,,
2022/5/9 11:00,0,0,0.001,14.073,,,,,,,,,,,,,
2022/5/9 12:00,0,0,0,12.352,,,,,,,,,,,,,
2022/5/9 13:00,0,0,0,10.895,,,,,,,,,,,,,
2022/5/9 14:00,0,0,0,9.636,,,,,,,,,,,,,
2022/5/9 15:00,0,0,0,8.474,,,,,,,,,,,,,
2022/5/9 16:00,0,0,0,7.413,,,,,,,,,,,,,
2022/5/9 17:00,0,0,0,6.449,,,,,,,,,,,,,
2022/5/9 18:00,0,0,0,5.693,,,,,,,,,,,,,
2022/5/9 19:00,0,0,0,5.143,,,,,,,,,,,,,
2022/5/9 20:00,0,0,0,4.634,,,,,,,,,,,,,
2022/5/9 21:00,0.021,0,0.04,5.076,,,,,,,,,,,,,
2022/5/9 22:00,0.143,0.067,0.102,7.219,,,,,,,,,,,,,
2022/5/9 23:00,0.34,0.253,0.13,10.393,,,,,,,,,,,,,
2022/5/10 0:00,0.523,0.44,0.168,13.631,,,,,,,,,,,,,
2022/5/10 1:00,0.653,0.599,0.193,16.455,,,,,,,,,,,,,
2022/5/10 2:00,0.738,0.721,0.208,18.801,,,,,,,,,,,,,
2022/5/10 3:00,0.769,0.762,0.225,20.535,,,,,,,,,,,,,
2022/5/10 4:00,0.752,0.728,0.24,21.683,,,,,,,,,,,,,
2022/5/10 5:00,0.706,0.665,0.235,22.423,,,,,,,,,,,,,
2022/5/10 6:00,0.599,0.506,0.238,22.616,,,,,,,,,,,,,
2022/5/10 7:00,0.446,0.301,0.236,22.22,,,,,,,,,,,,,
2022/5/10 8:00,0.238,0.072,0.213,20.908,,,,,,,,,,,,,
2022/5/10 9:00,0.042,0.002,0.065,18.054,,,,,,,,,,,,,
2022/5/10 10:00,0.003,0,0.019,13.923,,,,,,,,,,,,,
2022/5/10 11:00,0,0,0,9.342,,,,,,,,,,,,,
2022/5/10 12:00,0,0,0,5.908,,,,,,,,,,,,,
2022/5/10 13:00,0,0,0,4.335,,,,,,,,,,,,,
2022/5/10 14:00,0,0,0,3.88,,,,,,,,,,,,,
2022/5/10 15:00,0,0,0,3.479,,,,,,,,,,,,,
2022/5/10 16:00,0,0,0,2.866,,,,,,,,,,,,,
2022/5/10 17:00,0,0,0,2.234,,,,,,,,,,,,,
2022/5/10 18:00,0,0,0,1.628,,,,,,,,,,,,,
2022/5/10 19:00,0,0,0,1.152,,,,,,,,,,,,,
2022/5/10 20:00,0,0,0,0.882,,,,,,,,,,,,,
2022/5/10 21:00,0.025,0,0.044,2.23,,,,,,,,,,,,,
2022/5/10 22:00,0.156,0.079,0.101,5.126,,,,,,,,,,,,,
2022/5/10 23:00,0.358,0.268,0.133,8.747,,,,,,,,,,,,,
2022/5/11 0:00,0.532,0.461,0.151,11.358,,,,,,,,,,,,,
2022/5/11 1:00,0.679,0.649,0.165,13.163,,,,,,,,,,,,,
2022/5/11 2:00,0.759,0.749,0.187,14.465,,,,,,,,,,,,,
2022/5/11 3:00,0.781,0.762,0.213,15.405,,,,,,,,,,,,,
2022/5/11 4:00,0.78,0.765,0.214,16.135,,,,,,,,,,,,,
2022/5/11 5:00,0.754,0.748,0.193,16.638,,,,,,,,,,,,,
2022/5/11 6:00,0.68,0.664,0.168,16.831,,,,,,,,,,,,,
2022/5/11 7:00,0.508,0.419,0.18,16.49,,,,,,,,,,,,,
2022/5/11 8:00,0.321,0.203,0.168,15.757,,,,,,,,,,,,,
2022/5/11 9:00,0.151,0.065,0.118,14.619,,,,,,,,,,,,,
2022/5/11 10:00,0.03,0,0.053,12.092,,,,,,,,,,,,,
2022/5/11 11:00,0,0,0.001,9.002,,,,,,,,,,,,,
2022/5/11 12:00,0,0,0,7.69,,,,,,,,,,,,,
2022/5/11 13:00,0,0,0,6.39,,,,,,,,,,,,,
2022/5/11 14:00,0,0,0,4.749,,,,,,,,,,,,,
2022/5/11 15:00,0,0,0,3.367,,,,,,,,,,,,,
2022/5/11 16:00,0,0,0,2.32,,,,,,,,,,,,,
2022/5/11 17:00,0,0,0,1.552,,,,,,,,,,,,,
2022/5/11 18:00,0,0,0,0.878,,,,,,,,,,,,,
2022/5/11 19:00,0,0,0,0.19,,,,,,,,,,,,,
2022/5/11 20:00,0,0,0,-0.251,,,,,,,,,,,,,
2022/5/11 21:00,0.024,0,0.043,0.909,,,,,,,,,,,,,
2022/5/11 22:00,0.155,0.087,0.092,4.428,,,,,,,,,,,,,
2022/5/11 23:00,0.364,0.289,0.117,8.239,,,,,,,,,,,,,
2022/5/12 0:00,0.528,0.445,0.161,10.776,,,,,,,,,,,,,
2022/5/12 1:00,0.621,0.511,0.219,12.216,,,,,,,,,,,,,
2022/5/12 2:00,0.668,0.529,0.27,13.313,,,,,,,,,,,,,
2022/5/12 3:00,0.762,0.702,0.239,14.483,,,,,,,,,,,,,
2022/5/12 4:00,0.777,0.744,0.226,15.443,,,,,,,,,,,,,
2022/5/12 5:00,0.711,0.638,0.237,16.054,,,,,,,,,,,,,
2022/5/12 6:00,0.613,0.506,0.23,16.333,,,,,,,,,,,,,
2022/5/12 7:00,0.469,0.329,0.22,16.243,,,,,,,,,,,,,
2022/5/12 8:00,0.304,0.165,0.188,15.75,,,,,,,,,,,,,
2022/5/12 9:00,0.145,0.047,0.131,14.793,,,,,,,,,,,,,
2022/5/12 10:00,0.03,0,0.052,12.524,,,,,,,,,,,,,
2022/5/12 11:00,0,0,0.001,8.863,,,,,,,,,,,,,
2022/5/12 12:00,0,0,0,7.219,,,,,,,,,,,,,
2022/5/12 13:00,0,0,0,5.872,,,,,,,,,,,,,
2022/5/12 14:00,0,0,0,4.63,,,,,,,,,,,,,
2022/5/12 15:00,0,0,0,3.414,,,,,,,,,,,,,
2022/5/12 16:00,0,0,0,2.386,,,,,,,,,,,,,
2022/5/12 17:00,0,0,0,1.624,,,,,,,,,,,,,
2022/5/12 18:00,0,0,0,1.065,,,,,,,,,,,,,
2022/5/12 19:00,0,0,0,0.643,,,,,,,,,,,,,
2022/5/12 20:00,0,0,0,0.256,,,,,,,,,,,,,
2022/5/12 21:00,0.025,0,0.044,1.562,,,,,,,,,,,,,
2022/5/12 22:00,0.16,0.093,0.091,4.513,,,,,,,,,,,,,
2022/5/12 23:00,0.369,0.295,0.117,8.404,,,,,,,,,,,,,
2022/5/13 0:00,0.556,0.488,0.154,11.135,,,,,,,,,,,,,
2022/5/13 1:00,0.677,0.62,0.191,12.896,,,,,,,,,,,,,
2022/5/13 2:00,0.663,0.496,0.298,13.581,,,,,,,,,,,,,
2022/5/13 3:00,0.46,0.13,0.398,12.502,,,,,,,,,,,,,
2022/5/13 4:00,0.365,0.058,0.354,11.072,,,,,,,,,,,,,
2022/5/13 5:00,0.339,0.05,0.332,10.484,,,,,,,,,,,,,
2022/5/13 6:00,0.373,0.086,0.335,10.622,,,,,,,,,,,,,
2022/5/13 7:00,0.366,0.122,0.291,10.476,,,,,,,,,,,,,
2022/5/13 8:00,0.287,0.107,0.217,9.783,,,,,,,,,,,,,
2022/5/13 9:00,0.151,0.038,0.14,8.839,,,,,,,,,,,,,
2022/5/13 10:00,0.035,0,0.057,7.678,,,,,,,,,,,,,
2022/5/13 11:00,0,0,0.001,5.927,,,,,,,,,,,,,
2022/5/13 12:00,0,0,0,4.7,,,,,,,,,,,,,
2022/5/13 13:00,0,0,0,3.573,,,,,,,,,,,,,
2022/5/13 14:00,0,0,0,2.656,,,,,,,,,,,,,
2022/5/13 15:00,0,0,0,1.952,,,,,,,,,,,,,
2022/5/13 16:00,0,0,0,1.42,,,,,,,,,,,,,
2022/5/13 17:00,0,0,0,1.18,,,,,,,,,,,,,
2022/5/13 18:00,0,0,0,1.133,,,,,,,,,,,,,
2022/5/13 19:00,0,0,0,0.947,,,,,,,,,,,,,
2022/5/13 20:00,0,0,0,0.539,,,,,,,,,,,,,
2022/5/13 21:00,0.029,0,0.049,1.358,,,,,,,,,,,,,
2022/5/13 22:00,0.163,0.084,0.104,3.946,,,,,,,,,,,,,
2022/5/13 23:00,0.368,0.273,0.135,7.293,,,,,,,,,,,,,
2022/5/14 0:00,0.551,0.479,0.152,9.817,,,,,,,,,,,,,
2022/5/14 1:00,0.669,0.604,0.189,11.581,,,,,,,,,,,,,
2022/5/14 2:00,0.722,0.639,0.235,12.935,,,,,,,,,,,,,
2022/5/14 3:00,0.712,0.573,0.291,13.727,,,,,,,,,,,,,
2022/5/14 4:00,0.651,0.439,0.339,13.869,,,,,,,,,,,,,
2022/5/14 5:00,0.576,0.327,0.35,13.756,,,,,,,,,,,,,
2022/5/14 6:00,0.523,0.3,0.309,13.732,,,,,,,,,,,,,
2022/5/14 7:00,0.427,0.23,0.261,13.546,,,,,,,,,,,,,
2022/5/14 8:00,0.302,0.147,0.199,13.079,,,,,,,,,,,,,
2022/5/14 9:00,0.151,0.046,0.135,12.427,,,,,,,,,,,,,
2022/5/14 10:00,0.035,0,0.057,10.806,,,,,,,,,,,,,
2022/5/14 11:00,0,0,0.001,7.747,,,,,,,,,,,,,
2022/5/14 12:00,0,0,0,7.028,,,,,,,,,,,,,
2022/5/14 13:00,0,0,0,6.43,,,,,,,,,,,,,
2022/5/14 14:00,0,0,0,5.908,,,,,,,,,,,,,
2022/5/14 15:00,0,0,0,5.469,,,,,,,,,,,,,
2022/5/14 16:00,0,0,0,5.069,,,,,,,,,,,,,
2022/5/14 17:00,0,0,0,4.703,,,,,,,,,,,,,
2022/5/14 18:00,0,0,0,4.39,,,,,,,,,,,,,
2022/5/14 19:00,0,0,0,4.064,,,,,,,,,,,,,
2022/5/14 20:00,0,0,0,3.74,,,,,,,,,,,,,
2022/5/14 21:00,0.028,0,0.049,4.941,,,,,,,,,,,,,
2022/5/14 22:00,0.156,0.078,0.105,7.701,,,,,,,,,,,,,
2022/5/14 23:00,0.35,0.26,0.137,11.71,,,,,,,,,,,,,
2022/5/15 0:00,0.525,0.444,0.173,15.64,,,,,,,,,,,,,
2022/5/15 1:00,0.657,0.608,0.196,17.638,,,,,,,,,,,,,
2022/5/15 2:00,0.73,0.694,0.225,19.086,,,,,,,,,,,,,
2022/5/15 3:00,0.74,0.676,0.264,19.993,,,,,,,,,,,,,
2022/5/15 4:00,0.65,0.462,0.344,20.138,,,,,,,,,,,,,
2022/5/15 5:00,0.488,0.194,0.388,19.484,,,,,,,,,,,,,
2022/5/15 6:00,0.329,0.063,0.322,18.105,,,,,,,,,,,,,
2022/5/15 7:00,0.262,0.043,0.264,16.894,,,,,,,,,,,,,
2022/5/15 8:00,0.185,0.025,0.196,15.904,,,,,,,,,,,,,
2022/5/15 9:00,0.094,0.007,0.116,15.061,,,,,,,,,,,,,
2022/5/15 10:00,0.021,0,0.041,13.518,,,,,,,,,,,,,
2022/5/15 11:00,0,0,0.001,11.039,,,,,,,,,,,,,
2022/5/15 12:00,0,0,0,10.19,,,,,,,,,,,,,
2022/5/15 13:00,0,0,0,9.654,,,,,,,,,,,,,
2022/5/15 14:00,0,0,0,9.27,,,,,,,,,,,,,
2022/5/15 15:00,0,0,0,9.024,,,,,,,,,,,,,
2022/5/15 16:00,0,0,0,8.675,,,,,,,,,,,,,
2022/5/15 17:00,0,0,0,8.15,,,,,,,,,,,,,
2022/5/15 18:00,0,0,0,7.764,,,,,,,,,,,,,
2022/5/15 19:00,0,0,0,7.27,,,,,,,,,,,,,
2022/5/15 20:00,0,0,0.001,6.51,,,,,,,,,,,,,
2022/5/15 21:00,0.03,0,0.052,7.446,,,,,,,,,,,,,
2022/5/15 22:00,0.159,0.078,0.11,10.277,,,,,,,,,,,,,
2022/5/15 23:00,0.352,0.262,0.143,14.026,,,,,,,,,,,,,
2022/5/16 0:00,0.531,0.485,0.143,16.618,,,,,,,,,,,,,
2022/5/16 1:00,0.67,0.667,0.158,18.196,,,,,,,,,,,,,
2022/5/16 2:00,0.762,0.802,0.168,19.471,,,,,,,,,,,,,
2022/5/16 3:00,0.808,0.878,0.173,20.482,,,,,,,,,,,,,
2022/5/16 4:00,0.807,0.88,0.174,21.193,,,,,,,,,,,,,
2022/5/16 5:00,0.76,0.809,0.171,21.675,,,,,,,,,,,,,
2022/5/16 6:00,0.669,0.68,0.162,21.895,,,,,,,,,,,,,
2022/5/16 7:00,0.52,0.474,0.158,21.788,,,,,,,,,,,,,
2022/5/16 8:00,0.337,0.254,0.147,21.334,,,,,,,,,,,,,
2022/5/16 9:00,0.152,0.067,0.122,20.523,,,,,,,,,,,,,
2022/5/16 10:00,0.034,0,0.058,18.779,,,,,,,,,,,,,
2022/5/16 11:00,0,0,0.002,16.225,,,,,,,,,,,,,
2022/5/16 12:00,0,0,0,14.187,,,,,,,,,,,,,
2022/5/16 13:00,0,0,0,12.951,,,,,,,,,,,,,
2022/5/16 14:00,0,0,0,12.726,,,,,,,,,,,,,
2022/5/16 15:00,0,0,0,12.371,,,,,,,,,,,,,
2022/5/16 16:00,0,0,0,11.848,,,,,,,,,,,,,
2022/5/16 17:00,0,0,0,10.887,,,,,,,,,,,,,
2022/5/16 18:00,0,0,0,9.73,,,,,,,,,,,,,
2022/5/16 19:00,0,0,0,9.01,,,,,,,,,,,,,
2022/5/16 20:00,0,0,0.001,8.191,,,,,,,,,,,,,
2022/5/16 21:00,0.028,0,0.049,8.768,,,,,,,,,,,,,
2022/5/16 22:00,0.15,0.073,0.106,11.596,,,,,,,,,,,,,
2022/5/16 23:00,0.327,0.232,0.145,14.969,,,,,,,,,,,,,
2022/5/17 0:00,0.469,0.344,0.212,19.04,,,,,,,,,,,,,
2022/5/17 1:00,0.596,0.505,0.232,22.265,,,,,,,,,,,,,
2022/5/17 2:00,0.707,0.688,0.223,23.98,,,,,,,,,,,,,
2022/5/17 3:00,0.761,0.784,0.22,25.028,,,,,,,,,,,,,
2022/5/17 4:00,0.738,0.727,0.243,25.542,,,,,,,,,,,,,
2022/5/17 5:00,0.674,0.61,0.258,25.799,,,,,,,,,,,,,
2022/5/17 6:00,0.537,0.379,0.29,25.661,,,,,,,,,,,,,
2022/5/17 7:00,0.379,0.177,0.283,24.956,,,,,,,,,,,,,
2022/5/17 8:00,0.159,0.018,0.181,22.939,,,,,,,,,,,,,
2022/5/17 9:00,0.038,0.001,0.062,20.244,,,,,,,,,,,,,
2022/5/17 10:00,0.01,0,0.029,18.11,,,,,,,,,,,,,
2022/5/17 11:00,0,0,0.002,16.056,,,,,,,,,,,,,
2022/5/17 12:00,0,0,0,14.514,,,,,,,,,,,,,
2022/5/17 13:00,0,0,0,12.805,,,,,,,,,,,,,
2022/5/17 14:00,0,0,0,11.695,,,,,,,,,,,,,
2022/5/17 15:00,0,0,0,11.036,,,,,,,,,,,,,
2022/5/17 16:00,0,0,0,10.574,,,,,,,,,,,,,
2022/5/17 17:00,0,0,0,9.879,,,,,,,,,,,,,
2022/5/17 18:00,0,0,0,9.411,,,,,,,,,,,,,
2022/5/17 19:00,0,0,0,9.038,,,,,,,,,,,,,
2022/5/17 20:00,0,0,0.001,8.612,,,,,,,,,,,,,
2022/5/17 21:00,0.031,0,0.053,9.93,,,,,,,,,,,,,
2022/5/17 22:00,0.158,0.081,0.108,13.037,,,,,,,,,,,,,
2022/5/17 23:00,0.348,0.265,0.14,16.68,,,,,,,,,,,,,
2022/5/18 0:00,0.519,0.474,0.152,20.565,,,,,,,,,,,,,
2022/5/18 1:00,0.651,0.646,0.171,22.367,,,,,,,,,,,,,
2022/5/18 2:00,0.735,0.769,0.185,23.746,,,,,,,,,,,,,
2022/5/18 3:00,0.775,0.832,0.194,24.862,,,,,,,,,,,,,
2022/5/18 4:00,0.764,0.808,0.204,25.56,,,,,,,,,,,,,
2022/5/18 5:00,0.697,0.684,0.221,25.928,,,,,,,,,,,,,
2022/5/18 6:00,0.579,0.491,0.239,25.965,,,,,,,,,,,,,
2022/5/18 7:00,0.448,0.325,0.225,25.779,,,,,,,,,,,,,
2022/5/18 8:00,0.283,0.142,0.202,25.285,,,,,,,,,,,,,
2022/5/18 9:00,0.133,0.031,0.14,24.466,,,,,,,,,,,,,
2022/5/18 10:00,0.032,0,0.057,22.357,,,,,,,,,,,,,
2022/5/18 11:00,0,0,0.002,19.186,,,,,,,,,,,,,
2022/5/18 12:00,0,0,0,17.203,,,,,,,,,,,,,
2022/5/18 13:00,0,0,0,16.374,,,,,,,,,,,,,
2022/5/18 14:00,0,0,0,15.829,,,,,,,,,,,,,
2022/5/18 15:00,0,0,0,15.477,,,,,,,,,,,,,
2022/5/18 16:00,0,0,0,15.15,,,,,,,,,,,,,
2022/5/18 17:00,0,0,0,14.677,,,,,,,,,,,,,
2022/5/18 18:00,0,0,0,13.926,,,,,,,,,,,,,
2022/5/18 19:00,0,0,0,13.006,,,,,,,,,,,,,
2022/5/18 20:00,0,0,0.001,12.286,,,,,,,,,,,,,
2022/5/18 21:00,0.03,0,0.053,13.153,,,,,,,,,,,,,
2022/5/18 22:00,0.147,0.064,0.117,15.893,,,,,,,,,,,,,
2022/5/18 23:00,0.298,0.174,0.177,19.202,,,,,,,,,,,,,
2022/5/19 0:00,0.416,0.248,0.252,22.894,,,,,,,,,,,,,
2022/5/19 1:00,0.517,0.344,0.296,25.273,,,,,,,,,,,,,
2022/5/19 2:00,0.584,0.41,0.328,26.461,,,,,,,,,,,,,
2022/5/19 3:00,0.566,0.335,0.38,26.963,,,,,,,,,,,,,
2022/5/19 4:00,0.557,0.316,0.387,27.292,,,,,,,,,,,,,
2022/5/19 5:00,0.491,0.227,0.384,27.033,,,,,,,,,,,,,
2022/5/19 6:00,0.456,0.221,0.341,26.522,,,,,,,,,,,,,
2022/5/19 7:00,0.375,0.169,0.287,25.864,,,,,,,,,,,,,
2022/5/19 8:00,0.26,0.093,0.223,25.329,,,,,,,,,,,,,
2022/5/19 9:00,0.133,0.025,0.146,24.595,,,,,,,,,,,,,
2022/5/19 10:00,0.033,0,0.058,21.955,,,,,,,,,,,,,
2022/5/19 11:00,0,0,0.002,19.392,,,,,,,,,,,,,
2022/5/19 12:00,0,0,0,18.102,,,,,,,,,,,,,
2022/5/19 13:00,0,0,0,16.506,,,,,,,,,,,,,
2022/5/19 14:00,0,0,0,14.732,,,,,,,,,,,,,
2022/5/19 15:00,0,0,0,13.234,,,,,,,,,,,,,
2022/5/19 16:00,0,0,0,12.007,,,,,,,,,,,,,
2022/5/19 17:00,0,0,0,11.111,,,,,,,,,,,,,
2022/5/19 18:00,0,0,0,10.352,,,,,,,,,,,,,
2022/5/19 19:00,0,0,0,9.739,,,,,,,,,,,,,
2022/5/19 20:00,0,0,0.001,9.288,,,,,,,,,,,,,
2022/5/19 21:00,0.033,0,0.055,10.85,,,,,,,,,,,,,
2022/5/19 22:00,0.159,0.081,0.111,14.756,,,,,,,,,,,,,
2022/5/19 23:00,0.346,0.262,0.143,18.498,,,,,,,,,,,,,
2022/5/20 0:00,0.515,0.483,0.143,22.155,,,,,,,,,,,,,
2022/5/20 1:00,0.648,0.663,0.158,24.054,,,,,,,,,,,,,
2022/5/20 2:00,0.735,0.796,0.169,25.683,,,,,,,,,,,,,
2022/5/20 3:00,0.778,0.872,0.173,27.045,,,,,,,,,,,,,
2022/5/20 4:00,0.776,0.876,0.173,28.068,,,,,,,,,,,,,
2022/5/20 5:00,0.733,0.812,0.169,28.78,,,,,,,,,,,,,
2022/5/20 6:00,0.643,0.677,0.162,29.109,,,,,,,,,,,,,
2022/5/20 7:00,0.512,0.499,0.148,29.075,,,,,,,,,,,,,
2022/5/20 8:00,0.343,0.293,0.13,28.658,,,,,,,,,,,,,
2022/5/20 9:00,0.156,0.096,0.105,27.789,,,,,,,,,,,,,
2022/5/20 10:00,0.035,0,0.06,24.716,,,,,,,,,,,,,
2022/5/20 11:00,0,0,0.003,20.573,,,,,,,,,,,,,
2022/5/20 12:00,0,0,0,18.684,,,,,,,,,,,,,
2022/5/20 13:00,0,0,0,17.503,,,,,,,,,,,,,
2022/5/20 14:00,0,0,0,16.491,,,,,,,,,,,,,
2022/5/20 15:00,0,0,0,15.875,,,,,,,,,,,,,
2022/5/20 16:00,0,0,0,15.788,,,,,,,,,,,,,
2022/5/20 17:00,0,0,0,15.356,,,,,,,,,,,,,
2022/5/20 18:00,0,0,0,14.803,,,,,,,,,,,,,
2022/5/20 19:00,0,0,0,14.096,,,,,,,,,,,,,
2022/5/20 20:00,0,0,0.001,13.692,,,,,,,,,,,,,
2022/5/20 21:00,0.03,0,0.052,14.679,,,,,,,,,,,,,
2022/5/20 22:00,0.142,0.055,0.12,16.946,,,,,,,,,,,,,
2022/5/20 23:00,0.315,0.221,0.152,20.308,,,,,,,,,,,,,
2022/5/21 0:00,0.483,0.416,0.177,25.151,,,,,,,,,,,,,
2022/5/21 1:00,0.611,0.596,0.19,28.462,,,,,,,,,,,,,
2022/5/21 2:00,0.68,0.689,0.214,30.206,,,,,,,,,,,,,
2022/5/21 3:00,0.738,0.801,0.205,31.492,,,,,,,,,,,,,
2022/5/21 4:00,0.707,0.721,0.236,31.973,,,,,,,,,,,,,
2022/5/21 5:00,0.558,0.391,0.329,31.051,,,,,,,,,,,,,
2022/5/21 6:00,0.394,0.151,0.339,29.708,,,,,,,,,,,,,
2022/5/21 7:00,0.333,0.125,0.285,28.818,,,,,,,,,,,,,
2022/5/21 8:00,0.285,0.15,0.202,28.434,,,,,,,,,,,,,
2022/5/21 9:00,0.157,0.08,0.12,27.825,,,,,,,,,,,,,
2022/5/21 10:00,0.038,0,0.065,24.959,,,,,,,,,,,,,
2022/5/21 11:00,0,0,0.003,21.9,,,,,,,,,,,,,
2022/5/21 12:00,0,0,0,20.155,,,,,,,,,,,,,
2022/5/21 13:00,0,0,0,19.132,,,,,,,,,,,,,
2022/5/21 14:00,0,0,0,18.044,,,,,,,,,,,,,
2022/5/21 15:00,0,0,0,16.67,,,,,,,,,,,,,
2022/5/21 16:00,0,0,0,15.478,,,,,,,,,,,,,
2022/5/21 17:00,0,0,0,14.696,,,,,,,,,,,,,
2022/5/21 18:00,0,0,0,13.497,,,,,,,,,,,,,
2022/5/21 19:00,0,0,0,12.531,,,,,,,,,,,,,
2022/5/21 20:00,0,0,0.002,11.701,,,,,,,,,,,,,
2022/5/21 21:00,0.033,0,0.056,12.247,,,,,,,,,,,,,
2022/5/21 22:00,0.156,0.079,0.109,14.221,,,,,,,,,,,,,
2022/5/21 23:00,0.342,0.258,0.14,16.944,,,,,,,,,,,,,
2022/5/22 0:00,0.511,0.451,0.164,20.287,,,,,,,,,,,,,
2022/5/22 1:00,0.641,0.623,0.181,22.596,,,,,,,,,,,,,
2022/5/22 2:00,0.725,0.748,0.194,24.599,,,,,,,,,,,,,
2022/5/22 3:00,0.765,0.817,0.201,26.289,,,,,,,,,,,,,
2022/5/22 4:00,0.76,0.815,0.203,27.567,,,,,,,,,,,,,
2022/5/22 5:00,0.715,0.75,0.199,28.463,,,,,,,,,,,,,
2022/5/22 6:00,0.622,0.61,0.195,28.938,,,,,,,,,,,,,
2022/5/22 7:00,0.489,0.431,0.184,29.005,,,,,,,,,,,,,
2022/5/22 8:00,0.322,0.229,0.168,28.593,,,,,,,,,,,,,
2022/5/22 9:00,0.152,0.06,0.135,27.687,,,,,,,,,,,,,
2022/5/22 10:00,0.034,0,0.06,24.754,,,,,,,,,,,,,
2022/5/22 11:00,0,0,0.002,22.187,,,,,,,,,,,,,
2022/5/22 12:00,0,0,0,21.56,,,,,,,,,,,,,
2022/5/22 13:00,0,0,0,20.623,,,,,,,,,,,,,
2022/5/22 14:00,0,0,0,19.064,,,,,,,,,,,,,
2022/5/22 15:00,0,0,0,17.941,,,,,,,,,,,,,
2022/5/22 16:00,0,0,0,17.57,,,,,,,,,,,,,
2022/5/22 17:00,0,0,0,17.334,,,,,,,,,,,,,
2022/5/22 18:00,0,0,0,16.712,,,,,,,,,,,,,
2022/5/22 19:00,0,0,0,16.418,,,,,,,,,,,,,
2022/5/22 20:00,0,0,0.001,15.834,,,,,,,,,,,,,
2022/5/22 21:00,0.023,0,0.045,16.354,,,,,,,,,,,,,
2022/5/22 22:00,0.12,0.021,0.132,18.333,,,,,,,,,,,,,
2022/5/22 23:00,0.251,0.094,0.207,21.188,,,,,,,,,,,,,
2022/5/23 0:00,0.389,0.196,0.273,23.952,,,,,,,,,,,,,
2022/5/23 1:00,0.519,0.347,0.299,26.185,,,,,,,,,,,,,
2022/5/23 2:00,0.609,0.472,0.31,27.91,,,,,,,,,,,,,
2022/5/23 3:00,0.709,0.683,0.261,29.472,,,,,,,,,,,,,
2022/5/23 4:00,0.71,0.693,0.26,30.529,,,,,,,,,,,,,
2022/5/23 5:00,0.664,0.624,0.258,31.192,,,,,,,,,,,,,
2022/5/23 6:00,0.551,0.436,0.275,31.269,,,,,,,,,,,,,
2022/5/23 7:00,0.378,0.183,0.289,30.571,,,,,,,,,,,,,
2022/5/23 8:00,0.18,0.026,0.203,28.735,,,,,,,,,,,,,
2022/5/23 9:00,0.062,0.003,0.09,26.146,,,,,,,,,,,,,
2022/5/23 10:00,0.01,0,0.03,23.209,,,,,,,,,,,,,
2022/5/23 11:00,0,0,0.001,20.41,,,,,,,,,,,,,
2022/5/23 12:00,0,0,0,19.094,,,,,,,,,,,,,
2022/5/23 13:00,0,0,0,18.572,,,,,,,,,,,,,
2022/5/23 14:00,0,0,0,18.29,,,,,,,,,,,,,
2022/5/23 15:00,0,0,0,18.347,,,,,,,,,,,,,
2022/5/23 16:00,0,0,0,18.361,,,,,,,,,,,,,
2022/5/23 17:00,0,0,0,18.112,,,,,,,,,,,,,
2022/5/23 18:00,0,0,0,17.419,,,,,,,,,,,,,
2022/5/23 19:00,0,0,0,16.671,,,,,,,,,,,,,
2022/5/23 20:00,0,0,0.002,16.064,,,,,,,,,,,,,
2022/5/23 21:00,0.035,0,0.059,16.816,,,,,,,,,,,,,
2022/5/23 22:00,0.152,0.058,0.13,18.66,,,,,,,,,,,,,
2022/5/23 23:00,0.319,0.208,0.173,22.018,,,,,,,,,,,,,
2022/5/24 0:00,0.464,0.345,0.224,25.168,,,,,,,,,,,,,
2022/5/24 1:00,0.537,0.382,0.293,27.358,,,,,,,,,,,,,
2022/5/24 2:00,0.536,0.303,0.375,28.496,,,,,,,,,,,,,
2022/5/24 3:00,0.417,0.11,0.407,28.585,,,,,,,,,,,,,
2022/5/24 4:00,0.423,0.115,0.411,28.611,,,,,,,,,,,,,
2022/5/24 5:00,0.535,0.296,0.383,29.135,,,,,,,,,,,,,
2022/5/24 6:00,0.528,0.357,0.313,29.286,,,,,,,,,,,,,
2022/5/24 7:00,0.341,0.113,0.306,27.997,,,,,,,,,,,,,
2022/5/24 8:00,0.148,0.013,0.176,25.188,,,,,,,,,,,,,
2022/5/24 9:00,0.041,0.001,0.066,21.39,,,,,,,,,,,,,
2022/5/24 10:00,0.003,0,0.02,16.947,,,,,,,,,,,,,
2022/5/24 11:00,0,0,0.001,13.427,,,,,,,,,,,,,
2022/5/24 12:00,0,0,0,11.387,,,,,,,,,,,,,
2022/5/24 13:00,0,0,0,9.796,,,,,,,,,,,,,
2022/5/24 14:00,0,0,0,8.599,,,,,,,,,,,,,
2022/5/24 15:00,0,0,0,8.082,,,,,,,,,,,,,
2022/5/24 16:00,0,0,0,7.819,,,,,,,,,,,,,
2022/5/24 17:00,0,0,0,7.608,,,,,,,,,,,,,
2022/5/24 18:00,0,0,0,7.463,,,,,,,,,,,,,
2022/5/24 19:00,0,0,0,7.49,,,,,,,,,,,,,
2022/5/24 20:00,0,0,0.002,7.62,,,,,,,,,,,,,
2022/5/24 21:00,0.04,0,0.062,8.572,,,,,,,,,,,,,
2022/5/24 22:00,0.169,0.08,0.119,10.885,,,,,,,,,,,,,
2022/5/24 23:00,0.356,0.252,0.156,13.746,,,,,,,,,,,,,
2022/5/25 0:00,0.468,0.325,0.221,15.581,,,,,,,,,,,,,
2022/5/25 1:00,0.598,0.477,0.242,17.014,,,,,,,,,,,,,
2022/5/25 2:00,0.683,0.586,0.259,18.564,,,,,,,,,,,,,
2022/5/25 3:00,0.745,0.699,0.248,19.989,,,,,,,,,,,,,
2022/5/25 4:00,0.696,0.584,0.293,20.743,,,,,,,,,,,,,
2022/5/25 5:00,0.613,0.434,0.322,20.975,,,,,,,,,,,,,
2022/5/25 6:00,0.506,0.289,0.321,20.739,,,,,,,,,,,,,
2022/5/25 7:00,0.395,0.185,0.283,20.261,,,,,,,,,,,,,
2022/5/25 8:00,0.258,0.08,0.225,19.447,,,,,,,,,,,,,
2022/5/25 9:00,0.138,0.024,0.148,18.533,,,,,,,,,,,,,
2022/5/25 10:00,0.043,0,0.068,17.162,,,,,,,,,,,,,
2022/5/25 11:00,0,0,0.004,14.143,,,,,,,,,,,,,
2022/5/25 12:00,0,0,0,13.185,,,,,,,,,,,,,
2022/5/25 13:00,0,0,0,12.972,,,,,,,,,,,,,
2022/5/25 14:00,0,0,0,12.578,,,,,,,,,,,,,
2022/5/25 15:00,0,0,0,12.08,,,,,,,,,,,,,
2022/5/25 16:00,0,0,0,11.503,,,,,,,,,,,,,
2022/5/25 17:00,0,0,0,10.766,,,,,,,,,,,,,
2022/5/25 18:00,0,0,0,10.006,,,,,,,,,,,,,
2022/5/25 19:00,0,0,0,9.426,,,,,,,,,,,,,
2022/5/25 20:00,0,0,0.002,9.151,,,,,,,,,,,,,
2022/5/25 21:00,0.038,0,0.06,10.611,,,,,,,,,,,,,
2022/5/25 22:00,0.149,0.044,0.135,12.711,,,,,,,,,,,,,
2022/5/25 23:00,0.334,0.225,0.161,15.654,,,,,,,,,,,,,
2022/5/26 0:00,0.508,0.425,0.178,17.987,,,,,,,,,,,,,
2022/5/26 1:00,0.62,0.545,0.215,19.644,,,,,,,,,,,,,
2022/5/26 2:00,0.64,0.505,0.289,20.819,,,,,,,,,,,,,
2022/5/26 3:00,0.456,0.147,0.398,20.75,,,,,,,,,,,,,
2022/5/26 4:00,0.415,0.105,0.388,20.714,,,,,,,,,,,,,
2022/5/26 5:00,0.448,0.153,0.384,21.31,,,,,,,,,,,,,
2022/5/26 6:00,0.497,0.281,0.323,22.382,,,,,,,,,,,,,
2022/5/26 7:00,0.455,0.312,0.238,23.081,,,,,,,,,,,,,
2022/5/26 8:00,0.31,0.173,0.198,22.914,,,,,,,,,,,,,
2022/5/26 9:00,0.163,0.066,0.137,22.182,,,,,,,,,,,,,
2022/5/26 10:00,0.045,0,0.071,19.676,,,,,,,,,,,,,
2022/5/26 11:00,0,0,0.005,15.565,,,,,,,,,,,,,
2022/5/26 12:00,0,0,0,14.558,,,,,,,,,,,,,
2022/5/26 13:00,0,0,0,15.217,,,,,,,,,,,,,
2022/5/26 14:00,0,0,0,14.676,,,,,,,,,,,,,
2022/5/26 15:00,0,0,0,13.001,,,,,,,,,,,,,
2022/5/26 16:00,0,0,0,11.887,,,,,,,,,,,,,
2022/5/26 17:00,0,0,0,11.137,,,,,,,,,,,,,
2022/5/26 18:00,0,0,0,10.689,,,,,,,,,,,,,
2022/5/26 19:00,0,0,0,10.309,,,,,,,,,,,,,
2022/5/26 20:00,0,0,0.003,9.93,,,,,,,,,,,,,
2022/5/26 21:00,0.037,0,0.06,11.873,,,,,,,,,,,,,
2022/5/26 22:00,0.162,0.089,0.107,15.586,,,,,,,,,,,,,
2022/5/26 23:00,0.35,0.275,0.136,19.219,,,,,,,,,,,,,
2022/5/27 0:00,0.513,0.488,0.143,24.035,,,,,,,,,,,,,
2022/5/27 1:00,0.639,0.663,0.159,26.761,,,,,,,,,,,,,
2022/5/27 2:00,0.722,0.79,0.17,28.534,,,,,,,,,,,,,
2022/5/27 3:00,0.755,0.843,0.182,29.839,,,,,,,,,,,,,
2022/5/27 4:00,0.748,0.831,0.188,30.752,,,,,,,,,,,,,
2022/5/27 5:00,0.713,0.785,0.177,31.328,,,,,,,,,,,,,
2022/5/27 6:00,0.634,0.671,0.164,31.429,,,,,,,,,,,,,
2022/5/27 7:00,0.504,0.488,0.154,30.96,,,,,,,,,,,,,
2022/5/27 8:00,0.333,0.267,0.145,29.917,,,,,,,,,,,,,
2022/5/27 9:00,0.156,0.076,0.125,28.437,,,,,,,,,,,,,
2022/5/27 10:00,0.042,0,0.069,25.076,,,,,,,,,,,,,
2022/5/27 11:00,0,0,0.004,22.226,,,,,,,,,,,,,
2022/5/27 12:00,0,0,0,21.198,,,,,,,,,,,,,
2022/5/27 13:00,0,0,0,18.716,,,,,,,,,,,,,
2022/5/27 14:00,0,0,0,17.545,,,,,,,,,,,,,
2022/5/27 15:00,0,0,0,17.013,,,,,,,,,,,,,
2022/5/27 16:00,0,0,0,17.04,,,,,,,,,,,,,
2022/5/27 17:00,0,0,0,18.001,,,,,,,,,,,,,
2022/5/27 18:00,0,0,0,16.963,,,,,,,,,,,,,
2022/5/27 19:00,0,0,0,15.116,,,,,,,,,,,,,
2022/5/27 20:00,0,0,0.003,13.916,,,,,,,,,,,,,
2022/5/27 21:00,0.036,0,0.059,14.848,,,,,,,,,,,,,
2022/5/27 22:00,0.153,0.076,0.111,16.934,,,,,,,,,,,,,
2022/5/27 23:00,0.332,0.25,0.141,19.309,,,,,,,,,,,,,
2022/5/28 0:00,0.498,0.407,0.195,21.639,,,,,,,,,,,,,
2022/5/28 1:00,0.623,0.566,0.217,23.946,,,,,,,,,,,,,
2022/5/28 2:00,0.697,0.669,0.238,26.081,,,,,,,,,,,,,
2022/5/28 3:00,0.731,0.719,0.251,27.731,,,,,,,,,,,,,
2022/5/28 4:00,0.708,0.665,0.274,28.842,,,,,,,,,,,,,
2022/5/28 5:00,0.616,0.482,0.317,29.549,,,,,,,,,,,,,
2022/5/28 6:00,0.429,0.177,0.359,29.533,,,,,,,,,,,,,
2022/5/28 7:00,0.256,0.043,0.275,28.992,,,,,,,,,,,,,
2022/5/28 8:00,0.134,0.01,0.165,28.129,,,,,,,,,,,,,
2022/5/28 9:00,0.076,0.004,0.105,27.044,,,,,,,,,,,,,
2022/5/28 10:00,0.028,0,0.053,25.399,,,,,,,,,,,,,
2022/5/28 11:00,0,0,0.004,23.868,,,,,,,,,,,,,
2022/5/28 12:00,0,0,0,22.932,,,,,,,,,,,,,
2022/5/28 13:00,0,0,0,21.422,,,,,,,,,,,,,
2022/5/28 14:00,0,0,0,20.002,,,,,,,,,,,,,
2022/5/28 15:00,0,0,0,18.942,,,,,,,,,,,,,
2022/5/28 16:00,0,0,0,18.492,,,,,,,,,,,,,
2022/5/28 17:00,0,0,0,18.416,,,,,,,,,,,,,
2022/5/28 18:00,0,0,0,18.434,,,,,,,,,,,,,
2022/5/28 19:00,0,0,0,18.357,,,,,,,,,,,,,
2022/5/28 20:00,0,0,0.002,18.035,,,,,,,,,,,,,
2022/5/28 21:00,0.026,0,0.049,18.306,,,,,,,,,,,,,
2022/5/28 22:00,0.127,0.02,0.142,19.607,,,,,,,,,,,,,
2022/5/28 23:00,0.254,0.08,0.223,20.641,,,,,,,,,,,,,
2022/5/29 0:00,0.355,0.125,0.296,20.828,,,,,,,,,,,,,
2022/5/29 1:00,0.275,0.034,0.29,19.212,,,,,,,,,,,,,
2022/5/29 2:00,0.187,0.01,0.213,16.761,,,,,,,,,,,,,
2022/5/29 3:00,0.224,0.014,0.249,15.413,,,,,,,,,,,,,
2022/5/29 4:00,0.242,0.017,0.265,14.775,,,,,,,,,,,,,
2022/5/29 5:00,0.276,0.026,0.295,15.374,,,,,,,,,,,,,
2022/5/29 6:00,0.404,0.112,0.36,17.326,,,,,,,,,,,,,
2022/5/29 7:00,0.502,0.375,0.224,19.004,,,,,,,,,,,,,
2022/5/29 8:00,0.363,0.257,0.169,18.517,,,,,,,,,,,,,
2022/5/29 9:00,0.181,0.089,0.129,16.896,,,,,,,,,,,,,
2022/5/29 10:00,0.05,0,0.075,14.92,,,,,,,,,,,,,
2022/5/29 11:00,0,0,0.006,12.631,,,,,,,,,,,,,
2022/5/29 12:00,0,0,0,10.944,,,,,,,,,,,,,
2022/5/29 13:00,0,0,0,9.939,,,,,,,,,,,,,
2022/5/29 14:00,0,0,0,9.03,,,,,,,,,,,,,
2022/5/29 15:00,0,0,0,8.177,,,,,,,,,,,,,
2022/5/29 16:00,0,0,0,7.386,,,,,,,,,,,,,
2022/5/29 17:00,0,0,0,6.767,,,,,,,,,,,,,
2022/5/29 18:00,0,0,0,6.315,,,,,,,,,,,,,
2022/5/29 19:00,0,0,0,5.989,,,,,,,,,,,,,
2022/5/29 20:00,0,0,0.004,5.707,,,,,,,,,,,,,
2022/5/29 21:00,0.043,0,0.066,7.619,,,,,,,,,,,,,
2022/5/29 22:00,0.17,0.075,0.125,10.404,,,,,,,,,,,,,
2022/5/29 23:00,0.347,0.229,0.169,13.663,,,,,,,,,,,,,
2022/5/30 0:00,0.479,0.332,0.227,15.122,,,,,,,,,,,,,
2022/5/30 1:00,0.513,0.277,0.326,15.891,,,,,,,,,,,,,
2022/5/30 2:00,0.522,0.23,0.387,16.398,,,,,,,,,,,,,
2022/5/30 3:00,0.558,0.258,0.407,16.91,,,,,,,,,,,,,
2022/5/30 4:00,0.57,0.278,0.405,17.276,,,,,,,,,,,,,
2022/5/30 5:00,0.557,0.286,0.381,17.629,,,,,,,,,,,,,
2022/5/30 6:00,0.5,0.249,0.344,17.867,,,,,,,,,,,,,
2022/5/30 7:00,0.402,0.175,0.296,17.864,,,,,,,,,,,,,
2022/5/30 8:00,0.28,0.094,0.234,17.53,,,,,,,,,,,,,
2022/5/30 9:00,0.144,0.023,0.155,16.982,,,,,,,,,,,,,
2022/5/30 10:00,0.039,0,0.064,15.736,,,,,,,,,,,,,
2022/5/30 11:00,0,0,0.005,12.888,,,,,,,,,,,,,
2022/5/30 12:00,0,0,0,11.775,,,,,,,,,,,,,
2022/5/30 13:00,0,0,0,11.317,,,,,,,,,,,,,
2022/5/30 14:00,0,0,0,10.766,,,,,,,,,,,,,
2022/5/30 15:00,0,0,0,10.132,,,,,,,,,,,,,
2022/5/30 16:00,0,0,0,9.403,,,,,,,,,,,,,
2022/5/30 17:00,0,0,0,8.669,,,,,,,,,,,,,
2022/5/30 18:00,0,0,0,7.925,,,,,,,,,,,,,
2022/5/30 19:00,0,0,0,7.265,,,,,,,,,,,,,
2022/5/30 20:00,0,0,0.004,6.594,,,,,,,,,,,,,
2022/5/30 21:00,0.044,0,0.067,8.424,,,,,,,,,,,,,
2022/5/30 22:00,0.152,0.036,0.145,11.347,,,,,,,,,,,,,
2022/5/30 23:00,0.221,0.043,0.215,13.634,,,,,,,,,,,,,
2022/5/31 0:00,0.27,0.043,0.27,15.576,,,,,,,,,,,,,
2022/5/31 1:00,0.401,0.114,0.355,17.438,,,,,,,,,,,,,
2022/5/31 2:00,0.479,0.169,0.4,18.823,,,,,,,,,,,,,
2022/5/31 3:00,0.495,0.17,0.423,19.818,,,,,,,,,,,,,
2022/5/31 4:00,0.501,0.177,0.425,20.597,,,,,,,,,,,,,
2022/5/31 5:00,0.522,0.233,0.4,21.417,,,,,,,,,,,,,
2022/5/31 6:00,0.456,0.183,0.364,21.686,,,,,,,,,,,,,
2022/5/31 7:00,0.263,0.039,0.275,21.033,,,,,,,,,,,,,
2022/5/31 8:00,0.175,0.018,0.197,20.432,,,,,,,,,,,,,
2022/5/31 9:00,0.098,0.006,0.124,19.74,,,,,,,,,,,,,
2022/5/31 10:00,0.035,0,0.059,18.121,,,,,,,,,,,,,
2022/5/31 11:00,0,0,0.006,15.363,,,,,,,,,,,,,
2022/5/31 12:00,0,0,0,13.736,,,,,,,,,,,,,
2022/5/31 13:00,0,0,0,12.662,,,,,,,,,,,,,
2022/5/31 14:00,0,0,0,11.93,,,,,,,,,,,,,
2022/5/31 15:00,0,0,0,11.33,,,,,,,,,,,,,
2022/5/31 16:00,0,0,0,10.785,,,,,,,,,,,,,
2022/5/31 17:00,0,0,0,10.287,,,,,,,,,,,,,
2022/5/31 18:00,0,0,0,9.781,,,,,,,,,,,,,
2022/5/31 19:00,0,0,0,9.205,,,,,,,,,,,,,
2022/5/31 20:00,0,0,0.004,8.812,,,,,,,,,,,,,
2022/5/31 21:00,0.044,0,0.067,11.078,,,,,,,,,,,,,
2022/5/31 22:00,0.17,0.084,0.12,14.629,,,,,,,,,,,,,
2022/5/31 23:00,0.356,0.265,0.152,18.113,,,,,,,,,,,,,
2022/6/1 0:00,0.518,0.49,0.143,22.863,,,,,,,,,,,,,
2022/6/1 1:00,0.644,0.66,0.16,25.211,,,,,,,,,,,,,
2022/6/1 2:00,0.725,0.783,0.173,26.865,,,,,,,,,,,,,
2022/6/1 3:00,0.765,0.854,0.178,28.298,,,,,,,,,,,,,
2022/6/1 4:00,0.764,0.861,0.178,29.468,,,,,,,,,,,,,
2022/6/1 5:00,0.715,0.782,0.179,30.196,,,,,,,,,,,,,
2022/6/1 6:00,0.6,0.58,0.199,30.254,,,,,,,,,,,,,
2022/6/1 7:00,0.488,0.442,0.174,29.898,,,,,,,,,,,,,
2022/6/1 8:00,0.333,0.261,0.151,29.044,,,,,,,,,,,,,
2022/6/1 9:00,0.159,0.073,0.13,27.715,,,,,,,,,,,,,
2022/6/1 10:00,0.045,0,0.072,24.801,,,,,,,,,,,,,
2022/6/1 11:00,0,0,0.006,20.861,,,,,,,,,,,,,
2022/6/1 12:00,0,0,0,19.063,,,,,,,,,,,,,
2022/6/1 13:00,0,0,0,17.627,,,,,,,,,,,,,
2022/6/1 14:00,0,0,0,16.051,,,,,,,,,,,,,
2022/6/1 15:00,0,0,0,14.432,,,,,,,,,,,,,
2022/6/1 16:00,0,0,0,13.286,,,,,,,,,,,,,
2022/6/1 17:00,0,0,0,12.563,,,,,,,,,,,,,
2022/6/1 18:00,0,0,0,12.301,,,,,,,,,,,,,
2022/6/1 19:00,0,0,0,12.202,,,,,,,,,,,,,
2022/6/1 20:00,0,0,0.004,12.16,,,,,,,,,,,,,
2022/6/1 21:00,0.039,0,0.063,13.338,,,,,,,,,,,,,
2022/6/1 22:00,0.156,0.073,0.116,15.971,,,,,,,,,,,,,
2022/6/1 23:00,0.328,0.237,0.149,19.102,,,,,,,,,,,,,
2022/6/2 0:00,0.486,0.408,0.184,23.564,,,,,,,,,,,,,
2022/6/2 1:00,0.611,0.577,0.2,26.279,,,,,,,,,,,,,
2022/6/2 2:00,0.691,0.697,0.213,28.445,,,,,,,,,,,,,
2022/6/2 3:00,0.732,0.769,0.218,30.129,,,,,,,,,,,,,
2022/6/2 4:00,0.73,0.775,0.218,31.38,,,,,,,,,,,,,
2022/6/2 5:00,0.678,0.689,0.223,32.245,,,,,,,,,,,,,
2022/6/2 6:00,0.583,0.539,0.225,32.69,,,,,,,,,,,,,
2022/6/2 7:00,0.43,0.305,0.241,32.58,,,,,,,,,,,,,
2022/6/2 8:00,0.285,0.147,0.211,32.074,,,,,,,,,,,,,
2022/6/2 9:00,0.149,0.042,0.152,30.933,,,,,,,,,,,,,
2022/6/2 10:00,0.046,0,0.074,27.531,,,,,,,,,,,,,
2022/6/2 11:00,0,0,0.007,24.422,,,,,,,,,,,,,
2022/6/2 12:00,0,0,0,22.933,,,,,,,,,,,,,
2022/6/2 13:00,0,0,0,21.621,,,,,,,,,,,,,
2022/6/2 14:00,0,0,0,20.358,,,,,,,,,,,,,
2022/6/2 15:00,0,0,0,19.237,,,,,,,,,,,,,
2022/6/2 16:00,0,0,0,18.32,,,,,,,,,,,,,
2022/6/2 17:00,0,0,0,17.633,,,,,,,,,,,,,
2022/6/2 18:00,0,0,0,17.175,,,,,,,,,,,,,
2022/6/2 19:00,0,0,0,16.922,,,,,,,,,,,,,
2022/6/2 20:00,0,0,0.004,16.982,,,,,,,,,,,,,
2022/6/2 21:00,0.036,0,0.06,18.192,,,,,,,,,,,,,
2022/6/2 22:00,0.109,0.012,0.13,19.942,,,,,,,,,,,,,
2022/6/2 23:00,0.214,0.049,0.211,22.349,,,,,,,,,,,,,
2022/6/3 0:00,0.386,0.183,0.288,26.149,,,,,,,,,,,,,
2022/6/3 1:00,0.542,0.405,0.287,29.834,,,,,,,,,,,,,
2022/6/3 2:00,0.6,0.464,0.323,32.057,,,,,,,,,,,,,
2022/6/3 3:00,0.649,0.551,0.321,33.602,,,,,,,,,,,,,
2022/6/3 4:00,0.699,0.694,0.267,34.88,,,,,,,,,,,,,
2022/6/3 5:00,0.654,0.624,0.266,35.479,,,,,,,,,,,,,
2022/6/3 6:00,0.543,0.427,0.288,35.328,,,,,,,,,,,,,
2022/6/3 7:00,0.405,0.233,0.285,34.597,,,,,,,,,,,,,
2022/6/3 8:00,0.254,0.081,0.241,33.371,,,,,,,,,,,,,
2022/6/3 9:00,0.13,0.018,0.156,31.785,,,,,,,,,,,,,
2022/6/3 10:00,0.041,0,0.07,29.477,,,,,,,,,,,,,
2022/6/3 11:00,0,0,0.005,27.058,,,,,,,,,,,,,
2022/6/3 12:00,0,0,0,25.306,,,,,,,,,,,,,
2022/6/3 13:00,0,0,0,23.888,,,,,,,,,,,,,
2022/6/3 14:00,0,0,0,22.475,,,,,,,,,,,,,
2022/6/3 15:00,0,0,0,21.314,,,,,,,,,,,,,
2022/6/3 16:00,0,0,0,20.552,,,,,,,,,,,,,
2022/6/3 17:00,0,0,0,20.154,,,,,,,,,,,,,
2022/6/3 18:00,0,0,0,19.954,,,,,,,,,,,,,
2022/6/3 19:00,0,0,0,19.392,,,,,,,,,,,,,
2022/6/3 20:00,0,0,0.001,18.636,,,,,,,,,,,,,
2022/6/3 21:00,0.001,0,0.017,18.305,,,,,,,,,,,,,
2022/6/3 22:00,0.028,0.001,0.051,18.29,,,,,,,,,,,,,
2022/6/3 23:00,0.055,0.002,0.08,18.649,,,,,,,,,,,,,
2022/6/4 0:00,0.116,0.005,0.144,19.223,,,,,,,,,,,,,
2022/6/4 1:00,0.25,0.024,0.275,20.329,,,,,,,,,,,,,
2022/6/4 2:00,0.388,0.079,0.384,21.759,,,,,,,,,,,,,
2022/6/4 3:00,0.4,0.079,0.401,22.555,,,,,,,,,,,,,
2022/6/4 4:00,0.412,0.086,0.409,22.865,,,,,,,,,,,,,
2022/6/4 5:00,0.344,0.051,0.36,22.592,,,,,,,,,,,,,
2022/6/4 6:00,0.29,0.036,0.311,22.013,,,,,,,,,,,,,
2022/6/4 7:00,0.239,0.027,0.26,21.294,,,,,,,,,,,,,
2022/6/4 8:00,0.2,0.025,0.217,20.742,,,,,,,,,,,,,
2022/6/4 9:00,0.15,0.023,0.164,20.408,,,,,,,,,,,,,
2022/6/4 10:00,0.053,0,0.08,19.455,,,,,,,,,,,,,
2022/6/4 11:00,0,0,0.008,17.168,,,,,,,,,,,,,
2022/6/4 12:00,0,0,0,16.161,,,,,,,,,,,,,
2022/6/4 13:00,0,0,0,15.24,,,,,,,,,,,,,
2022/6/4 14:00,0,0,0,14.761,,,,,,,,,,,,,
2022/6/4 15:00,0,0,0,14.299,,,,,,,,,,,,,
2022/6/4 16:00,0,0,0,13.389,,,,,,,,,,,,,
2022/6/4 17:00,0,0,0,12.181,,,,,,,,,,,,,
2022/6/4 18:00,0,0,0,11.506,,,,,,,,,,,,,
2022/6/4 19:00,0,0,0,10.971,,,,,,,,,,,,,
2022/6/4 20:00,0,0,0.005,10.697,,,,,,,,,,,,,
2022/6/4 21:00,0.047,0,0.071,12.362,,,,,,,,,,,,,
2022/6/4 22:00,0.173,0.083,0.125,15.231,,,,,,,,,,,,,
2022/6/4 23:00,0.355,0.258,0.16,19.229,,,,,,,,,,,,,
2022/6/5 0:00,0.518,0.458,0.173,22.401,,,,,,,,,,,,,
2022/6/5 1:00,0.645,0.623,0.194,24.044,,,,,,,,,,,,,
2022/6/5 2:00,0.727,0.738,0.211,25.163,,,,,,,,,,,,,
2022/6/5 3:00,0.758,0.774,0.229,25.852,,,,,,,,,,,,,
2022/6/5 4:00,0.745,0.737,0.246,26.085,,,,,,,,,,,,,
2022/6/5 5:00,0.649,0.534,0.298,25.732,,,,,,,,,,,,,
2022/6/5 6:00,0.488,0.253,0.346,24.682,,,,,,,,,,,,,
2022/6/5 7:00,0.356,0.12,0.308,23.33,,,,,,,,,,,,,
2022/6/5 8:00,0.232,0.047,0.232,21.57,,,,,,,,,,,,,
2022/6/5 9:00,0.133,0.016,0.152,19.334,,,,,,,,,,,,,
2022/6/5 10:00,0.036,0,0.06,16.555,,,,,,,,,,,,,
2022/6/5 11:00,0,0,0.006,13.87,,,,,,,,,,,,,
2022/6/5 12:00,0,0,0,12.14,,,,,,,,,,,,,
2022/6/5 13:00,0,0,0,11.158,,,,,,,,,,,,,
2022/6/5 14:00,0,0,0,10.59,,,,,,,,,,,,,
2022/6/5 15:00,0,0,0,10.268,,,,,,,,,,,,,
2022/6/5 16:00,0,0,0,10.009,,,,,,,,,,,,,
2022/6/5 17:00,0,0,0,9.592,,,,,,,,,,,,,
2022/6/5 18:00,0,0,0,9.131,,,,,,,,,,,,,
2022/6/5 19:00,0,0,0,8.671,,,,,,,,,,,,,
2022/6/5 20:00,0,0,0.002,8.281,,,,,,,,,,,,,
2022/6/5 21:00,0.013,0,0.032,8.333,,,,,,,,,,,,,
2022/6/5 22:00,0.059,0.002,0.081,8.84,,,,,,,,,,,,,
2022/6/5 23:00,0.12,0.007,0.14,9.547,,,,,,,,,,,,,
2022/6/6 0:00,0.189,0.014,0.206,10.307,,,,,,,,,,,,,
2022/6/6 1:00,0.273,0.029,0.282,11.235,,,,,,,,,,,,,
2022/6/6 2:00,0.386,0.07,0.37,12.377,,,,,,,,,,,,,
2022/6/6 3:00,0.486,0.14,0.422,13.366,,,,,,,,,,,,,
2022/6/6 4:00,0.499,0.154,0.426,14.02,,,,,,,,,,,,,
2022/6/6 5:00,0.551,0.251,0.398,14.94,,,,,,,,,,,,,
2022/6/6 6:00,0.508,0.241,0.355,15.51,,,,,,,,,,,,,
2022/6/6 7:00,0.412,0.172,0.305,15.543,,,,,,,,,,,,,
2022/6/6 8:00,0.281,0.082,0.243,15.165,,,,,,,,,,,,,
2022/6/6 9:00,0.143,0.017,0.157,14.43,,,,,,,,,,,,,
2022/6/6 10:00,0.036,0,0.059,13.428,,,,,,,,,,,,,
2022/6/6 11:00,0,0,0.006,11.944,,,,,,,,,,,,,
2022/6/6 12:00,0,0,0,10.343,,,,,,,,,,,,,
2022/6/6 13:00,0,0,0,8.82,,,,,,,,,,,,,
2022/6/6 14:00,0,0,0,7.877,,,,,,,,,,,,,
2022/6/6 15:00,0,0,0,7.266,,,,,,,,,,,,,
2022/6/6 16:00,0,0,0,6.772,,,,,,,,,,,,,
2022/6/6 17:00,0,0,0,6.449,,,,,,,,,,,,,
2022/6/6 18:00,0,0,0,6.36,,,,,,,,,,,,,
2022/6/6 19:00,0,0,0,6.302,,,,,,,,,,,,,
2022/6/6 20:00,0,0,0.005,6.276,,,,,,,,,,,,,
2022/6/6 21:00,0.049,0,0.072,8.285,,,,,,,,,,,,,
2022/6/6 22:00,0.173,0.074,0.13,11.229,,,,,,,,,,,,,
2022/6/6 23:00,0.357,0.248,0.162,14.063,,,,,,,,,,,,,
2022/6/7 0:00,0.518,0.436,0.174,15.922,,,,,,,,,,,,,
2022/6/7 1:00,0.639,0.577,0.201,17.62,,,,,,,,,,,,,
2022/6/7 2:00,0.72,0.686,0.218,19.137,,,,,,,,,,,,,
2022/6/7 3:00,0.761,0.746,0.227,20.308,,,,,,,,,,,,,
2022/6/7 4:00,0.753,0.733,0.234,21.112,,,,,,,,,,,,,
2022/6/7 5:00,0.711,0.676,0.228,21.683,,,,,,,,,,,,,
2022/6/7 6:00,0.619,0.546,0.223,21.967,,,,,,,,,,,,,
2022/6/7 7:00,0.494,0.393,0.205,21.906,,,,,,,,,,,,,
2022/6/7 8:00,0.339,0.224,0.179,21.417,,,,,,,,,,,,,
2022/6/7 9:00,0.173,0.072,0.14,20.437,,,,,,,,,,,,,
2022/6/7 10:00,0.052,0,0.079,18.629,,,,,,,,,,,,,
2022/6/7 11:00,0,0,0.008,15.257,,,,,,,,,,,,,
2022/6/7 12:00,0,0,0,13.749,,,,,,,,,,,,,
2022/6/7 13:00,0,0,0,12.682,,,,,,,,,,,,,
2022/6/7 14:00,0,0,0,11.758,,,,,,,,,,,,,
2022/6/7 15:00,0,0,0,11.171,,,,,,,,,,,,,
2022/6/7 16:00,0,0,0,10.598,,,,,,,,,,,,,
2022/6/7 17:00,0,0,0,10.095,,,,,,,,,,,,,
2022/6/7 18:00,0,0,0,9.874,,,,,,,,,,,,,
2022/6/7 19:00,0,0,0,9.577,,,,,,,,,,,,,
2022/6/7 20:00,0,0,0.004,9.374,,,,,,,,,,,,,
2022/6/7 21:00,0.029,0,0.05,10.265,,,,,,,,,,,,,
2022/6/7 22:00,0.087,0.005,0.108,11.3,,,,,,,,,,,,,
2022/6/7 23:00,0.14,0.011,0.159,12.355,,,,,,,,,,,,,
2022/6/8 0:00,0.206,0.015,0.226,13.352,,,,,,,,,,,,,
2022/6/8 1:00,0.294,0.031,0.308,14.465,,,,,,,,,,,,,
2022/6/8 2:00,0.395,0.067,0.39,15.748,,,,,,,,,,,,,
2022/6/8 3:00,0.419,0.074,0.415,16.575,,,,,,,,,,,,,
2022/6/8 4:00,0.36,0.044,0.375,16.672,,,,,,,,,,,,,
2022/6/8 5:00,0.309,0.029,0.331,16.593,,,,,,,,,,,,,
2022/6/8 6:00,0.291,0.029,0.31,16.58,,,,,,,,,,,,,
2022/6/8 7:00,0.2,0.013,0.225,16.185,,,,,,,,,,,,,
2022/6/8 8:00,0.139,0.007,0.164,15.708,,,,,,,,,,,,,
2022/6/8 9:00,0.073,0.002,0.098,15.214,,,,,,,,,,,,,
2022/6/8 10:00,0.034,0,0.057,14.612,,,,,,,,,,,,,
2022/6/8 11:00,0,0,0.007,12.408,,,,,,,,,,,,,
2022/6/8 12:00,0,0,0,10.935,,,,,,,,,,,,,
2022/6/8 13:00,0,0,0,10.143,,,,,,,,,,,,,
2022/6/8 14:00,0,0,0,9.484,,,,,,,,,,,,,
2022/6/8 15:00,0,0,0,8.999,,,,,,,,,,,,,
2022/6/8 16:00,0,0,0,8.813,,,,,,,,,,,,,
2022/6/8 17:00,0,0,0,8.621,,,,,,,,,,,,,
2022/6/8 18:00,0,0,0,8.436,,,,,,,,,,,,,
2022/6/8 19:00,0,0,0,8.399,,,,,,,,,,,,,
2022/6/8 20:00,0,0,0.004,8.493,,,,,,,,,,,,,
2022/6/8 21:00,0.04,0,0.062,9.46,,,,,,,,,,,,,
2022/6/8 22:00,0.149,0.019,0.159,11.159,,,,,,,,,,,,,
2022/6/8 23:00,0.311,0.123,0.234,14.511,,,,,,,,,,,,,
2022/6/9 0:00,0.458,0.28,0.258,17.19,,,,,,,,,,,,,
2022/6/9 1:00,0.555,0.362,0.307,18.942,,,,,,,,,,,,,
2022/6/9 2:00,0.588,0.351,0.366,20.232,,,,,,,,,,,,,
2022/6/9 3:00,0.545,0.24,0.422,20.886,,,,,,,,,,,,,
2022/6/9 4:00,0.397,0.075,0.396,20.627,,,,,,,,,,,,,
2022/6/9 5:00,0.354,0.056,0.363,20.645,,,,,,,,,,,,,
2022/6/9 6:00,0.365,0.078,0.355,21.028,,,,,,,,,,,,,
2022/6/9 7:00,0.342,0.093,0.313,21.327,,,,,,,,,,,,,
2022/6/9 8:00,0.246,0.054,0.241,21.128,,,,,,,,,,,,,
2022/6/9 9:00,0.131,0.014,0.153,20.451,,,,,,,,,,,,,
2022/6/9 10:00,0.05,0,0.076,18.802,,,,,,,,,,,,,
2022/6/9 11:00,0,0,0.007,16.012,,,,,,,,,,,,,
2022/6/9 12:00,0,0,0,14.839,,,,,,,,,,,,,
2022/6/9 13:00,0,0,0,13.979,,,,,,,,,,,,,
2022/6/9 14:00,0,0,0,13.082,,,,,,,,,,,,,
2022/6/9 15:00,0,0,0,12.304,,,,,,,,,,,,,
2022/6/9 16:00,0,0,0,11.701,,,,,,,,,,,,,
2022/6/9 17:00,0,0,0,11.298,,,,,,,,,,,,,
2022/6/9 18:00,0,0,0,11.327,,,,,,,,,,,,,
2022/6/9 19:00,0,0,0,11.231,,,,,,,,,,,,,
2022/6/9 20:00,0,0,0.004,11.098,,,,,,,,,,,,,
2022/6/9 21:00,0.038,0,0.061,12.464,,,,,,,,,,,,,
2022/6/9 22:00,0.132,0.015,0.147,14.095,,,,,,,,,,,,,
2022/6/9 23:00,0.249,0.06,0.232,16.601,,,,,,,,,,,,,
2022/6/10 0:00,0.384,0.152,0.299,18.725,,,,,,,,,,,,,
2022/6/10 1:00,0.527,0.312,0.325,20.567,,,,,,,,,,,,,
2022/6/10 2:00,0.65,0.507,0.308,22.23,,,,,,,,,,,,,
2022/6/10 3:00,0.713,0.623,0.294,23.735,,,,,,,,,,,,,
2022/6/10 4:00,0.697,0.588,0.311,24.742,,,,,,,,,,,,,
2022/6/10 5:00,0.636,0.486,0.323,25.261,,,,,,,,,,,,,
2022/6/10 6:00,0.526,0.32,0.332,25.343,,,,,,,,,,,,,
2022/6/10 7:00,0.349,0.107,0.315,24.781,,,,,,,,,,,,,
2022/6/10 8:00,0.218,0.036,0.231,24.006,,,,,,,,,,,,,
2022/6/10 9:00,0.096,0.005,0.124,22.79,,,,,,,,,,,,,
2022/6/10 10:00,0.034,0,0.058,21.013,,,,,,,,,,,,,
2022/6/10 11:00,0,0,0.006,18.592,,,,,,,,,,,,,
2022/6/10 12:00,0,0,0,17.237,,,,,,,,,,,,,
2022/6/10 13:00,0,0,0,16.173,,,,,,,,,,,,,
2022/6/10 14:00,0,0,0,15.305,,,,,,,,,,,,,
2022/6/10 15:00,0,0,0,14.79,,,,,,,,,,,,,
2022/6/10 16:00,0,0,0,14.37,,,,,,,,,,,,,
2022/6/10 17:00,0,0,0,14.088,,,,,,,,,,,,,
2022/6/10 18:00,0,0,0,13.869,,,,,,,,,,,,,
2022/6/10 19:00,0,0,0,13.744,,,,,,,,,,,,,
2022/6/10 20:00,0,0,0.002,13.741,,,,,,,,,,,,,
2022/6/10 21:00,0.016,0,0.036,14.408,,,,,,,,,,,,,
2022/6/10 22:00,0.073,0.003,0.098,15.456,,,,,,,,,,,,,
2022/6/10 23:00,0.147,0.011,0.17,16.847,,,,,,,,,,,,,
2022/6/11 0:00,0.257,0.029,0.274,18.459,,,,,,,,,,,,,
2022/6/11 1:00,0.423,0.119,0.385,20.385,,,,,,,,,,,,,
2022/6/11 2:00,0.575,0.302,0.408,22.437,,,,,,,,,,,,,
2022/6/11 3:00,0.563,0.25,0.448,23.732,,,,,,,,,,,,,
2022/6/11 4:00,0.477,0.13,0.452,23.999,,,,,,,,,,,,,
2022/6/11 5:00,0.298,0.027,0.33,23.05,,,,,,,,,,,,,
2022/6/11 6:00,0.236,0.016,0.268,22.172,,,,,,,,,,,,,
2022/6/11 7:00,0.303,0.05,0.312,22.054,,,,,,,,,,,,,
2022/6/11 8:00,0.191,0.018,0.215,21.375,,,,,,,,,,,,,
2022/6/11 9:00,0.082,0.003,0.109,20.118,,,,,,,,,,,,,
2022/6/11 10:00,0.022,0,0.044,18.571,,,,,,,,,,,,,
2022/6/11 11:00,0,0,0.004,16.676,,,,,,,,,,,,,
2022/6/11 12:00,0,0,0,15.687,,,,,,,,,,,,,
2022/6/11 13:00,0,0,0,15.012,,,,,,,,,,,,,
2022/6/11 14:00,0,0,0,14.585,,,,,,,,,,,,,
2022/6/11 15:00,0,0,0,14.094,,,,,,,,,,,,,
2022/6/11 16:00,0,0,0,13.64,,,,,,,,,,,,,
2022/6/11 17:00,0,0,0,13.3,,,,,,,,,,,,,
2022/6/11 18:00,0,0,0,13.097,,,,,,,,,,,,,
2022/6/11 19:00,0,0,0,13.116,,,,,,,,,,,,,
2022/6/11 20:00,0,0,0.001,13.292,,,,,,,,,,,,,
2022/6/11 21:00,0.001,0,0.017,13.584,,,,,,,,,,,,,
2022/6/11 22:00,0.03,0.001,0.052,14.115,,,,,,,,,,,,,
2022/6/11 23:00,0.063,0.002,0.088,14.751,,,,,,,,,,,,,
2022/6/12 0:00,0.14,0.006,0.166,15.818,,,,,,,,,,,,,
2022/6/12 1:00,0.224,0.016,0.249,17.379,,,,,,,,,,,,,
2022/6/12 2:00,0.415,0.093,0.4,19.91,,,,,,,,,,,,,
2022/6/12 3:00,0.537,0.219,0.437,22.234,,,,,,,,,,,,,
2022/6/12 4:00,0.591,0.318,0.418,23.854,,,,,,,,,,,,,
2022/6/12 5:00,0.595,0.371,0.377,24.858,,,,,,,,,,,,,
2022/6/12 6:00,0.534,0.321,0.342,25.135,,,,,,,,,,,,,
2022/6/12 7:00,0.437,0.237,0.296,24.838,,,,,,,,,,,,,
2022/6/12 8:00,0.277,0.083,0.252,23.869,,,,,,,,,,,,,
2022/6/12 9:00,0.136,0.014,0.159,22.399,,,,,,,,,,,,,
2022/6/12 10:00,0.037,0,0.063,20.426,,,,,,,,,,,,,
2022/6/12 11:00,0,0,0.006,18.31,,,,,,,,,,,,,
2022/6/12 12:00,0,0,0,16.955,,,,,,,,,,,,,
2022/6/12 13:00,0,0,0,15.803,,,,,,,,,,,,,
2022/6/12 14:00,0,0,0,15.044,,,,,,,,,,,,,
2022/6/12 15:00,0,0,0,14.753,,,,,,,,,,,,,
2022/6/12 16:00,0,0,0,14.758,,,,,,,,,,,,,
2022/6/12 17:00,0,0,0,15.055,,,,,,,,,,,,,
2022/6/12 18:00,0,0,0,15.146,,,,,,,,,,,,,
2022/6/12 19:00,0,0,0,14.862,,,,,,,,,,,,,
2022/6/12 20:00,0,0,0.002,14.267,,,,,,,,,,,,,
2022/6/12 21:00,0.012,0,0.031,14.158,,,,,,,,,,,,,
2022/6/12 22:00,0.067,0.002,0.091,14.712,,,,,,,,,,,,,
2022/6/12 23:00,0.197,0.023,0.211,16.185,,,,,,,,,,,,,
2022/6/13 0:00,0.406,0.184,0.292,18.388,,,,,,,,,,,,,
2022/6/13 1:00,0.589,0.45,0.271,20.607,,,,,,,,,,,,,
2022/6/13 2:00,0.693,0.616,0.265,22.415,,,,,,,,,,,,,
2022/6/13 3:00,0.717,0.632,0.291,23.521,,,,,,,,,,,,,
2022/6/13 4:00,0.681,0.539,0.33,23.964,,,,,,,,,,,,,
2022/6/13 5:00,0.59,0.368,0.367,23.841,,,,,,,,,,,,,
2022/6/13 6:00,0.431,0.147,0.372,22.965,,,,,,,,,,,,,
2022/6/13 7:00,0.234,0.026,0.256,21.284,,,,,,,,,,,,,
2022/6/13 8:00,0.135,0.008,0.162,19.542,,,,,,,,,,,,,
2022/6/13 9:00,0.059,0.002,0.084,18.106,,,,,,,,,,,,,
2022/6/13 10:00,0.02,0,0.041,17.025,,,,,,,,,,,,,
2022/6/13 11:00,0,0,0.006,15.754,,,,,,,,,,,,,
2022/6/13 12:00,0,0,0,15.077,,,,,,,,,,,,,
2022/6/13 13:00,0,0,0,14.453,,,,,,,,,,,,,
2022/6/13 14:00,0,0,0,13.843,,,,,,,,,,,,,
2022/6/13 15:00,0,0,0,13.63,,,,,,,,,,,,,
2022/6/13 16:00,0,0,0,13.36,,,,,,,,,,,,,
2022/6/13 17:00,0,0,0,12.904,,,,,,,,,,,,,
2022/6/13 18:00,0,0,0,12.394,,,,,,,,,,,,,
2022/6/13 19:00,0,0,0,12.005,,,,,,,,,,,,,
2022/6/13 20:00,0,0,0.005,11.847,,,,,,,,,,,,,
2022/6/13 21:00,0.036,0,0.06,13.062,,,,,,,,,,,,,
2022/6/13 22:00,0.122,0.011,0.141,14.478,,,,,,,,,,,,,
2022/6/13 23:00,0.24,0.051,0.23,16.306,,,,,,,,,,,,,
2022/6/14 0:00,0.338,0.078,0.316,17.829,,,,,,,,,,,,,
2022/6/14 1:00,0.369,0.071,0.363,18.857,,,,,,,,,,,,,
2022/6/14 2:00,0.386,0.065,0.39,19.521,,,,,,,,,,,,,
2022/6/14 3:00,0.41,0.072,0.414,19.933,,,,,,,,,,,,,
2022/6/14 4:00,0.356,0.044,0.377,19.813,,,,,,,,,,,,,
2022/6/14 5:00,0.329,0.036,0.351,19.683,,,,,,,,,,,,,
2022/6/14 6:00,0.288,0.029,0.311,19.558,,,,,,,,,,,,,
2022/6/14 7:00,0.215,0.016,0.241,19.143,,,,,,,,,,,,,
2022/6/14 8:00,0.15,0.009,0.177,18.503,,,,,,,,,,,,,
2022/6/14 9:00,0.075,0.002,0.101,17.649,,,,,,,,,,,,,
2022/6/14 10:00,0.02,0,0.041,16.645,,,,,,,,,,,,,
2022/6/14 11:00,0,0,0.004,15.422,,,,,,,,,,,,,
2022/6/14 12:00,0,0,0,14.634,,,,,,,,,,,,,
2022/6/14 13:00,0,0,0,14.056,,,,,,,,,,,,,
2022/6/14 14:00,0,0,0,13.567,,,,,,,,,,,,,
2022/6/14 15:00,0,0,0,13.285,,,,,,,,,,,,,
2022/6/14 16:00,0,0,0,13.008,,,,,,,,,,,,,
2022/6/14 17:00,0,0,0,12.689,,,,,,,,,,,,,
2022/6/14 18:00,0,0,0,12.401,,,,,,,,,,,,,
2022/6/14 19:00,0,0,0,12.164,,,,,,,,,,,,,
2022/6/14 20:00,0,0,0.004,11.994,,,,,,,,,,,,,
2022/6/14 21:00,0.031,0,0.053,12.742,,,,,,,,,,,,,
2022/6/14 22:00,0.127,0.01,0.147,13.939,,,,,,,,,,,,,
2022/6/14 23:00,0.289,0.091,0.245,15.876,,,,,,,,,,,,,
2022/6/15 0:00,0.459,0.32,0.221,17.911,,,,,,,,,,,,,
2022/6/15 1:00,0.566,0.428,0.258,19.595,,,,,,,,,,,,,
2022/6/15 2:00,0.634,0.5,0.286,20.965,,,,,,,,,,,,,
2022/6/15 3:00,0.661,0.522,0.308,22.064,,,,,,,,,,,,,
2022/6/15 4:00,0.647,0.492,0.321,22.844,,,,,,,,,,,,,
2022/6/15 5:00,0.633,0.506,0.291,23.518,,,,,,,,,,,,,
2022/6/15 6:00,0.548,0.397,0.28,23.816,,,,,,,,,,,,,
2022/6/15 7:00,0.431,0.264,0.258,23.787,,,,,,,,,,,,,
2022/6/15 8:00,0.302,0.152,0.211,23.537,,,,,,,,,,,,,
2022/6/15 9:00,0.164,0.052,0.152,23.1,,,,,,,,,,,,,
2022/6/15 10:00,0.052,0,0.08,21.694,,,,,,,,,,,,,
2022/6/15 11:00,0,0,0.01,18.952,,,,,,,,,,,,,
2022/6/15 12:00,0,0,0,17.494,,,,,,,,,,,,,
2022/6/15 13:00,0,0,0,16.621,,,,,,,,,,,,,
2022/6/15 14:00,0,0,0,15.78,,,,,,,,,,,,,
2022/6/15 15:00,0,0,0,15.012,,,,,,,,,,,,,
2022/6/15 16:00,0,0,0,14.356,,,,,,,,,,,,,
2022/6/15 17:00,0,0,0,13.848,,,,,,,,,,,,,
2022/6/15 18:00,0,0,0,13.408,,,,,,,,,,,,,
2022/6/15 19:00,0,0,0,12.986,,,,,,,,,,,,,
2022/6/15 20:00,0,0,0.006,12.65,,,,,,,,,,,,,
2022/6/15 21:00,0.044,0,0.068,14.5,,,,,,,,,,,,,
2022/6/15 22:00,0.162,0.085,0.112,16.787,,,,,,,,,,,,,
2022/6/15 23:00,0.343,0.266,0.14,20.332,,,,,,,,,,,,,
2022/6/16 0:00,0.505,0.449,0.17,23.661,,,,,,,,,,,,,
2022/6/16 1:00,0.626,0.604,0.192,25.582,,,,,,,,,,,,,
2022/6/16 2:00,0.66,0.599,0.254,26.733,,,,,,,,,,,,,
2022/6/16 3:00,0.534,0.276,0.394,27.062,,,,,,,,,,,,,
2022/6/16 4:00,0.505,0.226,0.405,27.4,,,,,,,,,,,,,
2022/6/16 5:00,0.535,0.309,0.366,27.956,,,,,,,,,,,,,
2022/6/16 6:00,0.533,0.382,0.292,28.481,,,,,,,,,,,,,
2022/6/16 7:00,0.433,0.281,0.257,28.559,,,,,,,,,,,,,
2022/6/16 8:00,0.293,0.14,0.22,28.192,,,,,,,,,,,,,
2022/6/16 9:00,0.161,0.048,0.157,27.249,,,,,,,,,,,,,
2022/6/16 10:00,0.054,0,0.082,24.65,,,,,,,,,,,,,
2022/6/16 11:00,0,0,0.01,21.125,,,,,,,,,,,,,
2022/6/16 12:00,0,0,0,19.925,,,,,,,,,,,,,
2022/6/16 13:00,0,0,0,19.474,,,,,,,,,,,,,
2022/6/16 14:00,0,0,0,18.954,,,,,,,,,,,,,
2022/6/16 15:00,0,0,0,18.283,,,,,,,,,,,,,
2022/6/16 16:00,0,0,0,17.475,,,,,,,,,,,,,
2022/6/16 17:00,0,0,0,16.714,,,,,,,,,,,,,
2022/6/16 18:00,0,0,0,16.163,,,,,,,,,,,,,
2022/6/16 19:00,0,0,0,15.903,,,,,,,,,,,,,
2022/6/16 20:00,0,0,0.005,15.694,,,,,,,,,,,,,
2022/6/16 21:00,0.04,0,0.064,17.115,,,,,,,,,,,,,
2022/6/16 22:00,0.14,0.027,0.148,18.997,,,,,,,,,,,,,
2022/6/16 23:00,0.303,0.169,0.193,21.958,,,,,,,,,,,,,
2022/6/17 0:00,0.443,0.26,0.28,24.815,,,,,,,,,,,,,
2022/6/17 1:00,0.425,0.141,0.381,26.256,,,,,,,,,,,,,
2022/6/17 2:00,0.418,0.101,0.413,26.973,,,,,,,,,,,,,
2022/6/17 3:00,0.398,0.075,0.415,27.566,,,,,,,,,,,,,
2022/6/17 4:00,0.3,0.029,0.339,27.549,,,,,,,,,,,,,
2022/6/17 5:00,0.268,0.022,0.308,27.431,,,,,,,,,,,,,
2022/6/17 6:00,0.252,0.022,0.288,27.493,,,,,,,,,,,,,
2022/6/17 7:00,0.215,0.018,0.249,27.417,,,,,,,,,,,,,
2022/6/17 8:00,0.156,0.011,0.188,26.898,,,,,,,,,,,,,
2022/6/17 9:00,0.081,0.003,0.111,25.46,,,,,,,,,,,,,
2022/6/17 10:00,0.032,0,0.058,23.86,,,,,,,,,,,,,
2022/6/17 11:00,0,0,0.005,22.053,,,,,,,,,,,,,
2022/6/17 12:00,0,0,0,20.652,,,,,,,,,,,,,
2022/6/17 13:00,0,0,0,19.593,,,,,,,,,,,,,
2022/6/17 14:00,0,0,0,18.721,,,,,,,,,,,,,
2022/6/17 15:00,0,0,0,18.05,,,,,,,,,,,,,
2022/6/17 16:00,0,0,0,17.488,,,,,,,,,,,,,
2022/6/17 17:00,0,0,0,17.131,,,,,,,,,,,,,
2022/6/17 18:00,0,0,0,16.907,,,,,,,,,,,,,
2022/6/17 19:00,0,0,0,16.596,,,,,,,,,,,,,
2022/6/17 20:00,0,0,0.003,16.308,,,,,,,,,,,,,
2022/6/17 21:00,0.024,0,0.046,16.53,,,,,,,,,,,,,
2022/6/17 22:00,0.114,0.007,0.138,17.266,,,,,,,,,,,,,
2022/6/17 23:00,0.253,0.056,0.244,18.848,,,,,,,,,,,,,
2022/6/18 0:00,0.413,0.238,0.254,20.936,,,,,,,,,,,,,
2022/6/18 1:00,0.553,0.421,0.26,22.815,,,,,,,,,,,,,
2022/6/18 2:00,0.646,0.556,0.264,24.376,,,,,,,,,,,,,
2022/6/18 3:00,0.71,0.677,0.248,25.687,,,,,,,,,,,,,
2022/6/18 4:00,0.717,0.699,0.242,26.637,,,,,,,,,,,,,
2022/6/18 5:00,0.677,0.646,0.236,27.247,,,,,,,,,,,,,
2022/6/18 6:00,0.589,0.517,0.232,27.475,,,,,,,,,,,,,
2022/6/18 7:00,0.47,0.37,0.213,27.396,,,,,,,,,,,,,
2022/6/18 8:00,0.319,0.2,0.19,26.95,,,,,,,,,,,,,
2022/6/18 9:00,0.166,0.061,0.149,26.087,,,,,,,,,,,,,
2022/6/18 10:00,0.053,0,0.081,24.376,,,,,,,,,,,,,
2022/6/18 11:00,0,0,0.01,21.342,,,,,,,,,,,,,
2022/6/18 12:00,0,0,0,19.865,,,,,,,,,,,,,
2022/6/18 13:00,0,0,0,19.034,,,,,,,,,,,,,
2022/6/18 14:00,0,0,0,18.305,,,,,,,,,,,,,
2022/6/18 15:00,0,0,0,17.741,,,,,,,,,,,,,
2022/6/18 16:00,0,0,0,17.355,,,,,,,,,,,,,
2022/6/18 17:00,0,0,0,17.012,,,,,,,,,,,,,
2022/6/18 18:00,0,0,0,16.655,,,,,,,,,,,,,
2022/6/18 19:00,0,0,0,16.373,,,,,,,,,,,,,
2022/6/18 20:00,0,0,0.006,16.289,,,,,,,,,,,,,
2022/6/18 21:00,0.044,0,0.069,18.208,,,,,,,,,,,,,
2022/6/18 22:00,0.152,0.05,0.138,19.985,,,,,,,,,,,,,
2022/6/18 23:00,0.307,0.189,0.179,22.839,,,,,,,,,,,,,
2022/6/19 0:00,0.458,0.354,0.207,25.449,,,,,,,,,,,,,
2022/6/19 1:00,0.579,0.509,0.226,27.323,,,,,,,,,,,,,
2022/6/19 2:00,0.661,0.627,0.237,28.775,,,,,,,,,,,,,
2022/6/19 3:00,0.704,0.699,0.241,29.915,,,,,,,,,,,,,
2022/6/19 4:00,0.702,0.698,0.244,30.767,,,,,,,,,,,,,
2022/6/19 5:00,0.66,0.637,0.24,31.315,,,,,,,,,,,,,
2022/6/19 6:00,0.58,0.525,0.23,31.535,,,,,,,,,,,,,
2022/6/19 7:00,0.463,0.373,0.213,31.448,,,,,,,,,,,,,
2022/6/19 8:00,0.316,0.207,0.188,30.929,,,,,,,,,,,,,
2022/6/19 9:00,0.164,0.063,0.148,29.823,,,,,,,,,,,,,
2022/6/19 10:00,0.052,0,0.081,27.451,,,,,,,,,,,,,
2022/6/19 11:00,0,0,0.009,24.849,,,,,,,,,,,,,
2022/6/19 12:00,0,0,0,23.508,,,,,,,,,,,,,
2022/6/19 13:00,0,0,0,22.36,,,,,,,,,,,,,
2022/6/19 14:00,0,0,0,21.303,,,,,,,,,,,,,
2022/6/19 15:00,0,0,0,20.47,,,,,,,,,,,,,
2022/6/19 16:00,0,0,0,19.848,,,,,,,,,,,,,
2022/6/19 17:00,0,0,0,19.351,,,,,,,,,,,,,
2022/6/19 18:00,0,0,0,18.965,,,,,,,,,,,,,
2022/6/19 19:00,0,0,0,18.74,,,,,,,,,,,,,
2022/6/19 20:00,0,0,0.006,18.758,,,,,,,,,,,,,
2022/6/19 21:00,0.041,0,0.066,19.822,,,,,,,,,,,,,
2022/6/19 22:00,0.139,0.029,0.146,21.661,,,,,,,,,,,,,
2022/6/19 23:00,0.244,0.077,0.219,24.149,,,,,,,,,,,,,
2022/6/20 0:00,0.381,0.176,0.29,26.839,,,,,,,,,,,,,
2022/6/20 1:00,0.481,0.273,0.332,29.529,,,,,,,,,,,,,
2022/6/20 2:00,0.557,0.367,0.355,31.944,,,,,,,,,,,,,
2022/6/20 3:00,0.542,0.307,0.401,33.737,,,,,,,,,,,,,
2022/6/20 4:00,0.548,0.323,0.399,35.114,,,,,,,,,,,,,
2022/6/20 5:00,0.513,0.288,0.386,35.796,,,,,,,,,,,,,
2022/6/20 6:00,0.456,0.239,0.352,35.887,,,,,,,,,,,,,
2022/6/20 7:00,0.419,0.269,0.272,35.822,,,,,,,,,,,,,
2022/6/20 8:00,0.279,0.12,0.236,34.835,,,,,,,,,,,,,
2022/6/20 9:00,0.158,0.042,0.165,33.146,,,,,,,,,,,,,
2022/6/20 10:00,0.048,0,0.078,30.445,,,,,,,,,,,,,
2022/6/20 11:00,0,0,0.009,27.984,,,,,,,,,,,,,
2022/6/20 12:00,0,0,0,26.717,,,,,,,,,,,,,
2022/6/20 13:00,0,0,0,25.601,,,,,,,,,,,,,
2022/6/20 14:00,0,0,0,24.434,,,,,,,,,,,,,
2022/6/20 15:00,0,0,0,23.496,,,,,,,,,,,,,
2022/6/20 16:00,0,0,0,22.628,,,,,,,,,,,,,
2022/6/20 17:00,0,0,0,21.755,,,,,,,,,,,,,
2022/6/20 18:00,0,0,0,20.847,,,,,,,,,,,,,
2022/6/20 19:00,0,0,0,20.035,,,,,,,,,,,,,
2022/6/20 20:00,0,0,0.004,19.356,,,,,,,,,,,,,
2022/6/20 21:00,0.019,0,0.04,19.682,,,,,,,,,,,,,
2022/6/20 22:00,0.094,0.006,0.12,20.781,,,,,,,,,,,,,
2022/6/20 23:00,0.249,0.07,0.231,23.12,,,,,,,,,,,,,
2022/6/21 0:00,0.373,0.13,0.322,25.126,,,,,,,,,,,,,
2022/6/21 1:00,0.427,0.139,0.385,26.074,,,,,,,,,,,,,
2022/6/21 2:00,0.454,0.133,0.427,26.613,,,,,,,,,,,,,
2022/6/21 3:00,0.529,0.213,0.452,27.551,,,,,,,,,,,,,
2022/6/21 4:00,0.572,0.29,0.44,28.65,,,,,,,,,,,,,
2022/6/21 5:00,0.482,0.17,0.436,29.296,,,,,,,,,,,,,
2022/6/21 6:00,0.347,0.063,0.367,29.465,,,,,,,,,,,,,
2022/6/21 7:00,0.228,0.022,0.263,29.291,,,,,,,,,,,,,
2022/6/21 8:00,0.117,0.005,0.151,28.293,,,,,,,,,,,,,
2022/6/21 9:00,0.038,0.001,0.064,26.39,,,,,,,,,,,,,
2022/6/21 10:00,0.009,0,0.028,24.68,,,,,,,,,,,,,
2022/6/21 11:00,0,0,0.004,23.143,,,,,,,,,,,,,
2022/6/21 12:00,0,0,0,21.821,,,,,,,,,,,,,
2022/6/21 13:00,0,0,0,20.9,,,,,,,,,,,,,
2022/6/21 14:00,0,0,0,19.789,,,,,,,,,,,,,
2022/6/21 15:00,0,0,0,19.177,,,,,,,,,,,,,
2022/6/21 16:00,0,0,0,18.933,,,,,,,,,,,,,
2022/6/21 17:00,0,0,0,18.511,,,,,,,,,,,,,
2022/6/21 18:00,0,0,0,18.102,,,,,,,,,,,,,
2022/6/21 19:00,0,0,0,17.772,,,,,,,,,,,,,
2022/6/21 20:00,0,0,0.002,17.435,,,,,,,,,,,,,
2022/6/21 21:00,0.003,0,0.019,17.226,,,,,,,,,,,,,
2022/6/21 22:00,0.033,0.001,0.056,17.199,,,,,,,,,,,,,
2022/6/21 23:00,0.065,0.002,0.09,17.401,,,,,,,,,,,,,
2022/6/22 0:00,0.119,0.004,0.147,17.95,,,,,,,,,,,,,
2022/6/22 1:00,0.222,0.013,0.252,19.086,,,,,,,,,,,,,
2022/6/22 2:00,0.259,0.017,0.291,20.242,,,,,,,,,,,,,
2022/6/22 3:00,0.216,0.01,0.251,20.831,,,,,,,,,,,,,
2022/6/22 4:00,0.17,0.006,0.204,21.106,,,,,,,,,,,,,
2022/6/22 5:00,0.148,0.005,0.181,21.183,,,,,,,,,,,,,
2022/6/22 6:00,0.139,0.004,0.171,21.285,,,,,,,,,,,,,
2022/6/22 7:00,0.122,0.004,0.152,21.3,,,,,,,,,,,,,
2022/6/22 8:00,0.086,0.002,0.115,21.171,,,,,,,,,,,,,
2022/6/22 9:00,0.038,0.001,0.063,20.713,,,,,,,,,,,,,
2022/6/22 10:00,0.011,0,0.031,20.039,,,,,,,,,,,,,
2022/6/22 11:00,0,0,0.005,19.133,,,,,,,,,,,,,
2022/6/22 12:00,0,0,0,18.478,,,,,,,,,,,,,
2022/6/22 13:00,0,0,0,17.989,,,,,,,,,,,,,
2022/6/22 14:00,0,0,0,17.472,,,,,,,,,,,,,
2022/6/22 15:00,0,0,0,17.001,,,,,,,,,,,,,
2022/6/22 16:00,0,0,0,16.544,,,,,,,,,,,,,
2022/6/22 17:00,0,0,0,15.918,,,,,,,,,,,,,
2022/6/22 18:00,0,0,0,15.073,,,,,,,,,,,,,
2022/6/22 19:00,0,0,0,14.245,,,,,,,,,,,,,
2022/6/22 20:00,0,0,0.007,13.755,,,,,,,,,,,,,
2022/6/22 21:00,0.056,0,0.082,15.092,,,,,,,,,,,,,
2022/6/22 22:00,0.175,0.052,0.159,17.626,,,,,,,,,,,,,
2022/6/22 23:00,0.34,0.191,0.211,20.324,,,,,,,,,,,,,
2022/6/23 0:00,0.49,0.433,0.164,23.193,,,,,,,,,,,,,
2022/6/23 1:00,0.614,0.599,0.179,25.409,,,,,,,,,,,,,
2022/6/23 2:00,0.698,0.723,0.19,26.941,,,,,,,,,,,,,
2022/6/23 3:00,0.742,0.797,0.193,28.026,,,,,,,,,,,,,
2022/6/23 4:00,0.74,0.796,0.196,28.709,,,,,,,,,,,,,
2022/6/23 5:00,0.692,0.716,0.199,29.095,,,,,,,,,,,,,
2022/6/23 6:00,0.584,0.534,0.216,29.108,,,,,,,,,,,,,
2022/6/23 7:00,0.45,0.344,0.216,28.597,,,,,,,,,,,,,
2022/6/23 8:00,0.327,0.236,0.167,27.813,,,,,,,,,,,,,
2022/6/23 9:00,0.176,0.109,0.112,26.355,,,,,,,,,,,,,
2022/6/23 10:00,0.048,0,0.075,23.629,,,,,,,,,,,,,
2022/6/23 11:00,0,0,0.01,20.614,,,,,,,,,,,,,
2022/6/23 12:00,0,0,0,18.957,,,,,,,,,,,,,
2022/6/23 13:00,0,0,0,17.548,,,,,,,,,,,,,
2022/6/23 14:00,0,0,0,16.454,,,,,,,,,,,,,
2022/6/23 15:00,0,0,0,15.668,,,,,,,,,,,,,
2022/6/23 16:00,0,0,0,14.993,,,,,,,,,,,,,
2022/6/23 17:00,0,0,0,14.496,,,,,,,,,,,,,
2022/6/23 18:00,0,0,0,14.177,,,,,,,,,,,,,
2022/6/23 19:00,0,0,0,13.914,,,,,,,,,,,,,
2022/6/23 20:00,0,0,0.007,13.733,,,,,,,,,,,,,
2022/6/23 21:00,0.04,0,0.063,14.704,,,,,,,,,,,,,
2022/6/23 22:00,0.157,0.089,0.102,16.791,,,,,,,,,,,,,
2022/6/23 23:00,0.341,0.273,0.129,19.844,,,,,,,,,,,,,
2022/6/24 0:00,0.504,0.463,0.151,22.458,,,,,,,,,,,,,
2022/6/24 1:00,0.635,0.639,0.164,24.233,,,,,,,,,,,,,
2022/6/24 2:00,0.721,0.767,0.174,25.485,,,,,,,,,,,,,
2022/6/24 3:00,0.763,0.837,0.179,26.43,,,,,,,,,,,,,
2022/6/24 4:00,0.762,0.838,0.181,27.136,,,,,,,,,,,,,
2022/6/24 5:00,0.717,0.768,0.18,27.654,,,,,,,,,,,,,
2022/6/24 6:00,0.634,0.648,0.171,27.947,,,,,,,,,,,,,
2022/6/24 7:00,0.507,0.474,0.161,27.887,,,,,,,,,,,,,
2022/6/24 8:00,0.348,0.284,0.142,27.334,,,,,,,,,,,,,
2022/6/24 9:00,0.176,0.109,0.112,25.936,,,,,,,,,,,,,
2022/6/24 10:00,0.046,0,0.073,23.327,,,,,,,,,,,,,
2022/6/24 11:00,0,0,0.01,20.062,,,,,,,,,,,,,
2022/6/24 12:00,0,0,0,18.927,,,,,,,,,,,,,
2022/6/24 13:00,0,0,0,18.577,,,,,,,,,,,,,
2022/6/24 14:00,0,0,0,18.03,,,,,,,,,,,,,
2022/6/24 15:00,0,0,0,16.993,,,,,,,,,,,,,
2022/6/24 16:00,0,0,0,16.273,,,,,,,,,,,,,
2022/6/24 17:00,0,0,0,16.012,,,,,,,,,,,,,
2022/6/24 18:00,0,0,0,15.91,,,,,,,,,,,,,
2022/6/24 19:00,0,0,0,15.45,,,,,,,,,,,,,
2022/6/24 20:00,0,0,0.006,14.835,,,,,,,,,,,,,
2022/6/24 21:00,0.043,0,0.068,16.457,,,,,,,,,,,,,
2022/6/24 22:00,0.148,0.051,0.132,18.282,,,,,,,,,,,,,
2022/6/24 23:00,0.296,0.171,0.18,20.798,,,,,,,,,,,,,
2022/6/25 0:00,0.435,0.275,0.252,24.148,,,,,,,,,,,,,
2022/6/25 1:00,0.544,0.401,0.283,26.864,,,,,,,,,,,,,
2022/6/25 2:00,0.583,0.408,0.337,28.43,,,,,,,,,,,,,
2022/6/25 3:00,0.59,0.384,0.375,29.046,,,,,,,,,,,,,
2022/6/25 4:00,0.542,0.282,0.406,29.025,,,,,,,,,,,,,
2022/6/25 5:00,0.44,0.147,0.4,28.326,,,,,,,,,,,,,
2022/6/25 6:00,0.415,0.148,0.363,27.5,,,,,,,,,,,,,
2022/6/25 7:00,0.442,0.283,0.264,27.292,,,,,,,,,,,,,
2022/6/25 8:00,0.331,0.205,0.199,26.738,,,,,,,,,,,,,
2022/6/25 9:00,0.179,0.076,0.148,25.462,,,,,,,,,,,,,
2022/6/25 10:00,0.056,0,0.085,23.054,,,,,,,,,,,,,
2022/6/25 11:00,0,0,0.01,20.16,,,,,,,,,,,,,
2022/6/25 12:00,0,0,0,18.334,,,,,,,,,,,,,
2022/6/25 13:00,0,0,0,17.045,,,,,,,,,,,,,
2022/6/25 14:00,0,0,0,16.776,,,,,,,,,,,,,
2022/6/25 15:00,0,0,0,16.787,,,,,,,,,,,,,
2022/6/25 16:00,0,0,0,16.228,,,,,,,,,,,,,
2022/6/25 17:00,0,0,0,15.429,,,,,,,,,,,,,
2022/6/25 18:00,0,0,0,14.857,,,,,,,,,,,,,
2022/6/25 19:00,0,0,0,14.573,,,,,,,,,,,,,
2022/6/25 20:00,0,0,0.005,14.647,,,,,,,,,,,,,
2022/6/25 21:00,0.024,0,0.046,15.741,,,,,,,,,,,,,
2022/6/25 22:00,0.083,0.004,0.108,16.975,,,,,,,,,,,,,
2022/6/25 23:00,0.141,0.011,0.164,18.009,,,,,,,,,,,,,
2022/6/26 0:00,0.226,0.019,0.252,20.071,,,,,,,,,,,,,
2022/6/26 1:00,0.324,0.044,0.343,21.894,,,,,,,,,,,,,
2022/6/26 2:00,0.39,0.067,0.402,23.163,,,,,,,,,,,,,
2022/6/26 3:00,0.411,0.072,0.425,23.908,,,,,,,,,,,,,
2022/6/26 4:00,0.376,0.052,0.402,24.13,,,,,,,,,,,,,
2022/6/26 5:00,0.315,0.031,0.348,23.904,,,,,,,,,,,,,
2022/6/26 6:00,0.279,0.026,0.31,23.489,,,,,,,,,,,,,
2022/6/26 7:00,0.21,0.015,0.242,22.847,,,,,,,,,,,,,
2022/6/26 8:00,0.133,0.006,0.163,22.055,,,,,,,,,,,,,
2022/6/26 9:00,0.074,0.002,0.102,21.408,,,,,,,,,,,,,
2022/6/26 10:00,0.017,0,0.038,20.4,,,,,,,,,,,,,
2022/6/26 11:00,0,0,0.004,19.173,,,,,,,,,,,,,
2022/6/26 12:00,0,0,0,18.592,,,,,,,,,,,,,
2022/6/26 13:00,0,0,0,18.109,,,,,,,,,,,,,
2022/6/26 14:00,0,0,0,17.692,,,,,,,,,,,,,
2022/6/26 15:00,0,0,0,17.25,,,,,,,,,,,,,
2022/6/26 16:00,0,0,0,16.891,,,,,,,,,,,,,
2022/6/26 17:00,0,0,0,16.793,,,,,,,,,,,,,
2022/6/26 18:00,0,0,0,16.544,,,,,,,,,,,,,
2022/6/26 19:00,0,0,0,16.26,,,,,,,,,,,,,
2022/6/26 20:00,0,0,0.003,16.234,,,,,,,,,,,,,
2022/6/26 21:00,0.017,0,0.038,16.913,,,,,,,,,,,,,
2022/6/26 22:00,0.052,0.001,0.077,17.612,,,,,,,,,,,,,
2022/6/26 23:00,0.126,0.006,0.154,18.572,,,,,,,,,,,,,
2022/6/27 0:00,0.223,0.02,0.248,20.404,,,,,,,,,,,,,
2022/6/27 1:00,0.295,0.034,0.318,22.135,,,,,,,,,,,,,
2022/6/27 2:00,0.275,0.023,0.308,22.828,,,,,,,,,,,,,
2022/6/27 3:00,0.298,0.026,0.331,22.909,,,,,,,,,,,,,
2022/6/27 4:00,0.338,0.038,0.367,22.738,,,,,,,,,,,,,
2022/6/27 5:00,0.365,0.054,0.383,22.437,,,,,,,,,,,,,
2022/6/27 6:00,0.337,0.05,0.351,21.937,,,,,,,,,,,,,
2022/6/27 7:00,0.248,0.025,0.272,21.234,,,,,,,,,,,,,
2022/6/27 8:00,0.168,0.012,0.195,20.547,,,,,,,,,,,,,
2022/6/27 9:00,0.096,0.004,0.123,19.847,,,,,,,,,,,,,
2022/6/27 10:00,0.026,0,0.049,19.055,,,,,,,,,,,,,
2022/6/27 11:00,0,0,0.005,18.26,,,,,,,,,,,,,
2022/6/27 12:00,0,0,0,17.769,,,,,,,,,,,,,
2022/6/27 13:00,0,0,0,17.48,,,,,,,,,,,,,
2022/6/27 14:00,0,0,0,17.245,,,,,,,,,,,,,
2022/6/27 15:00,0,0,0,17.023,,,,,,,,,,,,,
2022/6/27 16:00,0,0,0,16.839,,,,,,,,,,,,,
2022/6/27 17:00,0,0,0,16.656,,,,,,,,,,,,,
2022/6/27 18:00,0,0,0,16.39,,,,,,,,,,,,,
2022/6/27 19:00,0,0,0,16.094,,,,,,,,,,,,,
2022/6/27 20:00,0,0,0.005,15.916,,,,,,,,,,,,,
2022/6/27 21:00,0.038,0,0.062,16.465,,,,,,,,,,,,,
2022/6/27 22:00,0.131,0.012,0.152,17.646,,,,,,,,,,,,,
2022/6/27 23:00,0.249,0.051,0.244,19.255,,,,,,,,,,,,,
2022/6/28 0:00,0.404,0.188,0.294,20.984,,,,,,,,,,,,,
2022/6/28 1:00,0.466,0.204,0.359,22.161,,,,,,,,,,,,,
2022/6/28 2:00,0.513,0.224,0.403,22.983,,,,,,,,,,,,,
2022/6/28 3:00,0.506,0.187,0.431,23.334,,,,,,,,,,,,,
2022/6/28 4:00,0.547,0.249,0.426,23.632,,,,,,,,,,,,,
2022/6/28 5:00,0.497,0.195,0.413,23.665,,,,,,,,,,,,,
2022/6/28 6:00,0.476,0.214,0.367,23.886,,,,,,,,,,,,,
2022/6/28 7:00,0.4,0.172,0.311,23.99,,,,,,,,,,,,,
2022/6/28 8:00,0.277,0.086,0.248,23.783,,,,,,,,,,,,,
2022/6/28 9:00,0.155,0.027,0.168,23.093,,,,,,,,,,,,,
2022/6/28 10:00,0.051,0,0.078,21.576,,,,,,,,,,,,,
2022/6/28 11:00,0,0,0.008,19.541,,,,,,,,,,,,,
2022/6/28 12:00,0,0,0,18.76,,,,,,,,,,,,,
2022/6/28 13:00,0,0,0,18.481,,,,,,,,,,,,,
2022/6/28 14:00,0,0,0,18.357,,,,,,,,,,,,,
2022/6/28 15:00,0,0,0,18.441,,,,,,,,,,,,,
2022/6/28 16:00,0,0,0,18.508,,,,,,,,,,,,,
2022/6/28 17:00,0,0,0,18.505,,,,,,,,,,,,,
2022/6/28 18:00,0,0,0,18.371,,,,,,,,,,,,,
2022/6/28 19:00,0,0,0,18.193,,,,,,,,,,,,,
2022/6/28 20:00,0,0,0.002,18.147,,,,,,,,,,,,,
2022/6/28 21:00,0.011,0,0.031,18.628,,,,,,,,,,,,,
2022/6/28 22:00,0.06,0.002,0.086,19.036,,,,,,,,,,,,,
2022/6/28 23:00,0.139,0.009,0.165,19.615,,,,,,,,,,,,,
2022/6/29 0:00,0.209,0.02,0.232,20.477,,,,,,,,,,,,,
2022/6/29 1:00,0.282,0.037,0.301,21.556,,,,,,,,,,,,,
2022/6/29 2:00,0.354,0.062,0.362,22.687,,,,,,,,,,,,,
2022/6/29 3:00,0.447,0.125,0.418,23.763,,,,,,,,,,,,,
2022/6/29 4:00,0.479,0.161,0.426,24.448,,,,,,,,,,,,,
2022/6/29 5:00,0.511,0.228,0.402,24.964,,,,,,,,,,,,,
2022/6/29 6:00,0.497,0.265,0.348,25.289,,,,,,,,,,,,,
2022/6/29 7:00,0.41,0.202,0.298,25.216,,,,,,,,,,,,,
2022/6/29 8:00,0.301,0.13,0.234,24.843,,,,,,,,,,,,,
2022/6/29 9:00,0.172,0.052,0.163,24.02,,,,,,,,,,,,,
2022/6/29 10:00,0.056,0,0.084,22.409,,,,,,,,,,,,,
2022/6/29 11:00,0,0,0.009,20.137,,,,,,,,,,,,,
2022/6/29 12:00,0,0,0,19.383,,,,,,,,,,,,,
2022/6/29 13:00,0,0,0,19.108,,,,,,,,,,,,,
2022/6/29 14:00,0,0,0,18.841,,,,,,,,,,,,,
2022/6/29 15:00,0,0,0,18.171,,,,,,,,,,,,,
2022/6/29 16:00,0,0,0,17.237,,,,,,,,,,,,,
2022/6/29 17:00,0,0,0,16.499,,,,,,,,,,,,,
2022/6/29 18:00,0,0,0,15.974,,,,,,,,,,,,,
2022/6/29 19:00,0,0,0,15.634,,,,,,,,,,,,,
2022/6/29 20:00,0,0,0.006,15.492,,,,,,,,,,,,,
2022/6/29 21:00,0.044,0,0.069,17.159,,,,,,,,,,,,,
2022/6/29 22:00,0.145,0.026,0.154,19.143,,,,,,,,,,,,,
2022/6/29 23:00,0.292,0.131,0.218,21.461,,,,,,,,,,,,,
2022/6/30 0:00,0.444,0.299,0.239,23.458,,,,,,,,,,,,,
2022/6/30 1:00,0.582,0.485,0.244,24.914,,,,,,,,,,,,,
2022/6/30 2:00,0.675,0.623,0.249,26.123,,,,,,,,,,,,,
2022/6/30 3:00,0.723,0.705,0.249,27.121,,,,,,,,,,,,,
2022/6/30 4:00,0.719,0.698,0.255,27.822,,,,,,,,,,,,,
2022/6/30 5:00,0.672,0.621,0.257,28.181,,,,,,,,,,,,,
2022/6/30 6:00,0.575,0.471,0.262,28.184,,,,,,,,,,,,,
2022/6/30 7:00,0.45,0.308,0.25,27.901,,,,,,,,,,,,,
2022/6/30 8:00,0.308,0.162,0.216,27.407,,,,,,,,,,,,,
2022/6/30 9:00,0.157,0.038,0.162,26.192,,,,,,,,,,,,,
2022/6/30 10:00,0.05,0,0.078,24.183,,,,,,,,,,,,,
2022/6/30 11:00,0,0,0.008,21.654,,,,,,,,,,,,,
2022/6/30 12:00,0,0,0,20.558,,,,,,,,,,,,,
2022/6/30 13:00,0,0,0,20.015,,,,,,,,,,,,,
2022/6/30 14:00,0,0,0,19.61,,,,,,,,,,,,,
2022/6/30 15:00,0,0,0,19.282,,,,,,,,,,,,,
2022/6/30 16:00,0,0,0,18.983,,,,,,,,,,,,,
2022/6/30 17:00,0,0,0,18.684,,,,,,,,,,,,,
2022/6/30 18:00,0,0,0,18.281,,,,,,,,,,,,,
2022/6/30 19:00,0,0,0,17.603,,,,,,,,,,,,,
2022/6/30 20:00,0,0,0.003,17.033,,,,,,,,,,,,,
2022/6/30 21:00,0.015,0,0.035,17.695,,,,,,,,,,,,,
2022/6/30 22:00,0.064,0.002,0.089,18.587,,,,,,,,,,,,,
2022/6/30 23:00,0.122,0.008,0.147,19.539,,,,,,,,,,,,,
2022/7/1 0:00,0.158,0.007,0.188,20.592,,,,,,,,,,,,,
2022/7/1 1:00,0.196,0.01,0.229,21.24,,,,,,,,,,,,,
2022/7/1 2:00,0.222,0.011,0.257,21.703,,,,,,,,,,,,,
2022/7/1 3:00,0.234,0.012,0.27,22.032,,,,,,,,,,,,,
2022/7/1 4:00,0.23,0.011,0.267,22.187,,,,,,,,,,,,,
2022/7/1 5:00,0.221,0.011,0.257,22.251,,,,,,,,,,,,,
2022/7/1 6:00,0.186,0.008,0.22,22.138,,,,,,,,,,,,,
2022/7/1 7:00,0.139,0.005,0.17,21.847,,,,,,,,,,,,,
2022/7/1 8:00,0.089,0.003,0.118,21.429,,,,,,,,,,,,,
2022/7/1 9:00,0.046,0.001,0.071,20.973,,,,,,,,,,,,,
2022/7/1 10:00,0.012,0,0.031,20.435,,,,,,,,,,,,,
2022/7/1 11:00,0,0,0.004,19.68,,,,,,,,,,,,,
2022/7/1 12:00,0,0,0,19.316,,,,,,,,,,,,,
2022/7/1 13:00,0,0,0,19.03,,,,,,,,,,,,,
2022/7/1 14:00,0,0,0,18.68,,,,,,,,,,,,,
2022/7/1 15:00,0,0,0,18.008,,,,,,,,,,,,,
2022/7/1 16:00,0,0,0,17.36,,,,,,,,,,,,,
2022/7/1 17:00,0,0,0,17.189,,,,,,,,,,,,,
2022/7/1 18:00,0,0,0,17.009,,,,,,,,,,,,,
2022/7/1 19:00,0,0,0,16.748,,,,,,,,,,,,,
2022/7/1 20:00,0,0,0.004,16.506,,,,,,,,,,,,,
2022/7/1 21:00,0.036,0,0.06,17.563,,,,,,,,,,,,,
2022/7/1 22:00,0.152,0.021,0.167,18.94,,,,,,,,,,,,,
2022/7/1 23:00,0.311,0.129,0.24,21.131,,,,,,,,,,,,,
2022/7/2 0:00,0.457,0.354,0.2,23.557,,,,,,,,,,,,,
2022/7/2 1:00,0.583,0.518,0.215,25.531,,,,,,,,,,,,,
2022/7/2 2:00,0.667,0.638,0.226,27.002,,,,,,,,,,,,,
2022/7/2 3:00,0.711,0.71,0.229,28.094,,,,,,,,,,,,,
2022/7/2 4:00,0.721,0.742,0.22,28.842,,,,,,,,,,,,,
2022/7/2 5:00,0.691,0.709,0.206,29.291,,,,,,,,,,,,,
2022/7/2 6:00,0.611,0.596,0.196,29.399,,,,,,,,,,,,,
2022/7/2 7:00,0.492,0.441,0.179,29.226,,,,,,,,,,,,,
2022/7/2 8:00,0.339,0.263,0.156,28.836,,,,,,,,,,,,,
2022/7/2 9:00,0.173,0.093,0.126,27.869,,,,,,,,,,,,,
2022/7/2 10:00,0.048,0,0.077,25.887,,,,,,,,,,,,,
2022/7/2 11:00,0,0,0.009,22.877,,,,,,,,,,,,,
2022/7/2 12:00,0,0,0,21.868,,,,,,,,,,,,,
2022/7/2 13:00,0,0,0,21.507,,,,,,,,,,,,,
2022/7/2 14:00,0,0,0,21.072,,,,,,,,,,,,,
2022/7/2 15:00,0,0,0,20.683,,,,,,,,,,,,,
2022/7/2 16:00,0,0,0,20.18,,,,,,,,,,,,,
2022/7/2 17:00,0,0,0,19.685,,,,,,,,,,,,,
2022/7/2 18:00,0,0,0,19.313,,,,,,,,,,,,,
2022/7/2 19:00,0,0,0,18.992,,,,,,,,,,,,,
2022/7/2 20:00,0,0,0.005,18.749,,,,,,,,,,,,,
2022/7/2 21:00,0.042,0,0.068,19.901,,,,,,,,,,,,,
2022/7/2 22:00,0.146,0.053,0.131,21.57,,,,,,,,,,,,,
2022/7/2 23:00,0.303,0.195,0.17,24.121,,,,,,,,,,,,,
2022/7/3 0:00,0.452,0.302,0.256,26.583,,,,,,,,,,,,,
2022/7/3 1:00,0.547,0.385,0.307,28.15,,,,,,,,,,,,,
2022/7/3 2:00,0.587,0.389,0.365,28.961,,,,,,,,,,,,,
2022/7/3 3:00,0.549,0.27,0.43,29.278,,,,,,,,,,,,,
2022/7/3 4:00,0.453,0.129,0.437,29.173,,,,,,,,,,,,,
2022/7/3 5:00,0.344,0.053,0.372,28.674,,,,,,,,,,,,,
2022/7/3 6:00,0.29,0.037,0.32,28.163,,,,,,,,,,,,,
2022/7/3 7:00,0.265,0.038,0.288,27.782,,,,,,,,,,,,,
2022/7/3 8:00,0.147,0.01,0.179,26.725,,,,,,,,,,,,,
2022/7/3 9:00,0.053,0.001,0.08,25.131,,,,,,,,,,,,,
2022/7/3 10:00,0.012,0,0.033,23.653,,,,,,,,,,,,,
2022/7/3 11:00,0,0,0.004,22.266,,,,,,,,,,,,,
2022/7/3 12:00,0,0,0,21.264,,,,,,,,,,,,,
2022/7/3 13:00,0,0,0,20.531,,,,,,,,,,,,,
2022/7/3 14:00,0,0,0,19.895,,,,,,,,,,,,,
2022/7/3 15:00,0,0,0,19.36,,,,,,,,,,,,,
2022/7/3 16:00,0,0,0,18.904,,,,,,,,,,,,,
2022/7/3 17:00,0,0,0,18.517,,,,,,,,,,,,,
2022/7/3 18:00,0,0,0,18.211,,,,,,,,,,,,,
2022/7/3 19:00,0,0,0,18.021,,,,,,,,,,,,,
2022/7/3 20:00,0,0,0.003,18.012,,,,,,,,,,,,,
2022/7/3 21:00,0.021,0,0.043,18.486,,,,,,,,,,,,,
2022/7/3 22:00,0.095,0.005,0.121,19.465,,,,,,,,,,,,,
2022/7/3 23:00,0.187,0.021,0.208,20.926,,,,,,,,,,,,,
2022/7/4 0:00,0.314,0.085,0.291,22.691,,,,,,,,,,,,,
2022/7/4 1:00,0.517,0.333,0.306,24.712,,,,,,,,,,,,,
2022/7/4 2:00,0.628,0.503,0.298,26.128,,,,,,,,,,,,,
2022/7/4 3:00,0.666,0.554,0.31,27.046,,,,,,,,,,,,,
2022/7/4 4:00,0.659,0.536,0.319,27.757,,,,,,,,,,,,,
2022/7/4 5:00,0.589,0.413,0.339,28.133,,,,,,,,,,,,,
2022/7/4 6:00,0.455,0.214,0.352,28.074,,,,,,,,,,,,,
2022/7/4 7:00,0.325,0.095,0.304,27.618,,,,,,,,,,,,,
2022/7/4 8:00,0.211,0.038,0.224,26.852,,,,,,,,,,,,,
2022/7/4 9:00,0.124,0.014,0.148,25.92,,,,,,,,,,,,,
2022/7/4 10:00,0.045,0,0.073,24.741,,,,,,,,,,,,,
2022/7/4 11:00,0,0,0.008,23.173,,,,,,,,,,,,,
2022/7/4 12:00,0,0,0,22.342,,,,,,,,,,,,,
2022/7/4 13:00,0,0,0,21.783,,,,,,,,,,,,,
2022/7/4 14:00,0,0,0,21.369,,,,,,,,,,,,,
2022/7/4 15:00,0,0,0,21.114,,,,,,,,,,,,,
2022/7/4 16:00,0,0,0,20.873,,,,,,,,,,,,,
2022/7/4 17:00,0,0,0,20.623,,,,,,,,,,,,,
2022/7/4 18:00,0,0,0,20.373,,,,,,,,,,,,,
2022/7/4 19:00,0,0,0,20.092,,,,,,,,,,,,,
2022/7/4 20:00,0,0,0.005,19.863,,,,,,,,,,,,,
2022/7/4 21:00,0.042,0,0.068,20.674,,,,,,,,,,,,,
2022/7/4 22:00,0.148,0.041,0.145,22.227,,,,,,,,,,,,,
2022/7/4 23:00,0.305,0.178,0.19,24.681,,,,,,,,,,,,,
2022/7/5 0:00,0.451,0.327,0.231,27.085,,,,,,,,,,,,,
2022/7/5 1:00,0.559,0.446,0.265,28.859,,,,,,,,,,,,,
2022/7/5 2:00,0.63,0.534,0.291,30.174,,,,,,,,,,,,,
2022/7/5 3:00,0.668,0.585,0.303,31.097,,,,,,,,,,,,,
2022/7/5 4:00,0.657,0.559,0.315,31.635,,,,,,,,,,,,,
2022/7/5 5:00,0.617,0.5,0.312,31.854,,,,,,,,,,,,,
2022/7/5 6:00,0.531,0.378,0.305,31.727,,,,,,,,,,,,,
2022/7/5 7:00,0.409,0.228,0.286,31.236,,,,,,,,,,,,,
2022/7/5 8:00,0.278,0.11,0.236,30.389,,,,,,,,,,,,,
2022/7/5 9:00,0.14,0.023,0.159,29.024,,,,,,,,,,,,,
2022/7/5 10:00,0.04,0,0.067,27.08,,,,,,,,,,,,,
2022/7/5 11:00,0,0,0.005,25.258,,,,,,,,,,,,,
2022/7/5 12:00,0,0,0,24.267,,,,,,,,,,,,,
2022/7/5 13:00,0,0,0,23.504,,,,,,,,,,,,,
2022/7/5 14:00,0,0,0,22.96,,,,,,,,,,,,,
2022/7/5 15:00,0,0,0,22.562,,,,,,,,,,,,,
2022/7/5 16:00,0,0,0,22.092,,,,,,,,,,,,,
2022/7/5 17:00,0,0,0,21.627,,,,,,,,,,,,,
2022/7/5 18:00,0,0,0,21.275,,,,,,,,,,,,,
2022/7/5 19:00,0,0,0,21.063,,,,,,,,,,,,,
2022/7/5 20:00,0,0,0.003,20.88,,,,,,,,,,,,,
2022/7/5 21:00,0.008,0,0.027,21.143,,,,,,,,,,,,,
2022/7/5 22:00,0.046,0.001,0.071,21.495,,,,,,,,,,,,,
2022/7/5 23:00,0.098,0.005,0.126,21.849,,,,,,,,,,,,,
2022/7/6 0:00,0.141,0.006,0.172,22.307,,,,,,,,,,,,,
2022/7/6 1:00,0.151,0.006,0.183,22.248,,,,,,,,,,,,,
2022/7/6 2:00,0.195,0.009,0.229,22.005,,,,,,,,,,,,,
2022/7/6 3:00,0.235,0.014,0.27,21.812,,,,,,,,,,,,,
2022/7/6 4:00,0.24,0.014,0.275,21.902,,,,,,,,,,,,,
2022/7/6 5:00,0.249,0.017,0.283,22.335,,,,,,,,,,,,,
2022/7/6 6:00,0.265,0.024,0.295,22.92,,,,,,,,,,,,,
2022/7/6 7:00,0.241,0.025,0.267,23.436,,,,,,,,,,,,,
2022/7/6 8:00,0.146,0.009,0.176,23.503,,,,,,,,,,,,,
2022/7/6 9:00,0.072,0.002,0.1,22.866,,,,,,,,,,,,,
2022/7/6 10:00,0.019,0,0.041,21.248,,,,,,,,,,,,,
2022/7/6 11:00,0,0,0.004,19.623,,,,,,,,,,,,,
2022/7/6 12:00,0,0,0,18.776,,,,,,,,,,,,,
2022/7/6 13:00,0,0,0,18.196,,,,,,,,,,,,,
2022/7/6 14:00,0,0,0,17.575,,,,,,,,,,,,,
2022/7/6 15:00,0,0,0,17.052,,,,,,,,,,,,,
2022/7/6 16:00,0,0,0,16.969,,,,,,,,,,,,,
2022/7/6 17:00,0,0,0,16.387,,,,,,,,,,,,,
2022/7/6 18:00,0,0,0,15.58,,,,,,,,,,,,,
2022/7/6 19:00,0,0,0,15.026,,,,,,,,,,,,,
2022/7/6 20:00,0,0,0.006,14.716,,,,,,,,,,,,,
2022/7/6 21:00,0.051,0,0.077,16.404,,,,,,,,,,,,,
2022/7/6 22:00,0.168,0.064,0.14,18.781,,,,,,,,,,,,,
2022/7/6 23:00,0.345,0.227,0.182,20.885,,,,,,,,,,,,,
2022/7/7 0:00,0.502,0.463,0.151,23.823,,,,,,,,,,,,,
2022/7/7 1:00,0.628,0.63,0.169,25.728,,,,,,,,,,,,,
2022/7/7 2:00,0.708,0.747,0.184,27.309,,,,,,,,,,,,,
2022/7/7 3:00,0.748,0.812,0.191,28.429,,,,,,,,,,,,,
2022/7/7 4:00,0.745,0.808,0.195,29.108,,,,,,,,,,,,,
2022/7/7 5:00,0.703,0.743,0.193,29.423,,,,,,,,,,,,,
2022/7/7 6:00,0.622,0.625,0.183,29.404,,,,,,,,,,,,,
2022/7/7 7:00,0.5,0.46,0.169,29.114,,,,,,,,,,,,,
2022/7/7 8:00,0.343,0.272,0.15,28.449,,,,,,,,,,,,,
2022/7/7 9:00,0.172,0.096,0.122,27.432,,,,,,,,,,,,,
2022/7/7 10:00,0.046,0,0.074,25.503,,,,,,,,,,,,,
2022/7/7 11:00,0,0,0.008,22.158,,,,,,,,,,,,,
2022/7/7 12:00,0,0,0,20.431,,,,,,,,,,,,,
2022/7/7 13:00,0,0,0,19.671,,,,,,,,,,,,,
2022/7/7 14:00,0,0,0,19.232,,,,,,,,,,,,,
2022/7/7 15:00,0,0,0,18.893,,,,,,,,,,,,,
2022/7/7 16:00,0,0,0,18.398,,,,,,,,,,,,,
2022/7/7 17:00,0,0,0,17.946,,,,,,,,,,,,,
2022/7/7 18:00,0,0,0,17.836,,,,,,,,,,,,,
2022/7/7 19:00,0,0,0,17.756,,,,,,,,,,,,,
2022/7/7 20:00,0,0,0.004,17.517,,,,,,,,,,,,,
2022/7/7 21:00,0.039,0,0.063,18.767,,,,,,,,,,,,,
2022/7/7 22:00,0.138,0.038,0.136,20.684,,,,,,,,,,,,,
2022/7/7 23:00,0.289,0.164,0.182,23.065,,,,,,,,,,,,,
2022/7/8 0:00,0.398,0.237,0.247,25.202,,,,,,,,,,,,,
2022/7/8 1:00,0.457,0.255,0.311,27.059,,,,,,,,,,,,,
2022/7/8 2:00,0.591,0.471,0.289,29.116,,,,,,,,,,,,,
2022/7/8 3:00,0.701,0.712,0.229,30.851,,,,,,,,,,,,,
2022/7/8 4:00,0.718,0.761,0.213,31.752,,,,,,,,,,,,,
2022/7/8 5:00,0.689,0.729,0.199,32.14,,,,,,,,,,,,,
2022/7/8 6:00,0.611,0.617,0.187,32.143,,,,,,,,,,,,,
2022/7/8 7:00,0.492,0.455,0.172,31.75,,,,,,,,,,,,,
2022/7/8 8:00,0.337,0.267,0.153,30.796,,,,,,,,,,,,,
2022/7/8 9:00,0.171,0.096,0.123,29.413,,,,,,,,,,,,,
2022/7/8 10:00,0.046,0,0.074,26.314,,,,,,,,,,,,,
2022/7/8 11:00,0,0,0.008,23.008,,,,,,,,,,,,,
2022/7/8 12:00,0,0,0,21.62,,,,,,,,,,,,,
2022/7/8 13:00,0,0,0,20.638,,,,,,,,,,,,,
2022/7/8 14:00,0,0,0,19.632,,,,,,,,,,,,,
2022/7/8 15:00,0,0,0,18.623,,,,,,,,,,,,,
2022/7/8 16:00,0,0,0,17.797,,,,,,,,,,,,,
2022/7/8 17:00,0,0,0,17.215,,,,,,,,,,,,,
2022/7/8 18:00,0,0,0,16.339,,,,,,,,,,,,,
2022/7/8 19:00,0,0,0,15.691,,,,,,,,,,,,,
2022/7/8 20:00,0,0,0.005,15.25,,,,,,,,,,,,,
2022/7/8 21:00,0.039,0,0.063,17.036,,,,,,,,,,,,,
2022/7/8 22:00,0.149,0.077,0.107,19.265,,,,,,,,,,,,,
2022/7/8 23:00,0.33,0.257,0.137,22.023,,,,,,,,,,,,,
2022/7/9 0:00,0.492,0.423,0.183,25.052,,,,,,,,,,,,,
2022/7/9 1:00,0.616,0.582,0.205,26.81,,,,,,,,,,,,,
2022/7/9 2:00,0.625,0.51,0.294,27.644,,,,,,,,,,,,,
2022/7/9 3:00,0.722,0.714,0.247,28.605,,,,,,,,,,,,,
2022/7/9 4:00,0.74,0.767,0.229,29.3,,,,,,,,,,,,,
2022/7/9 5:00,0.701,0.71,0.223,29.726,,,,,,,,,,,,,
2022/7/9 6:00,0.616,0.584,0.217,29.865,,,,,,,,,,,,,
2022/7/9 7:00,0.49,0.416,0.203,29.768,,,,,,,,,,,,,
2022/7/9 8:00,0.307,0.169,0.211,29.26,,,,,,,,,,,,,
2022/7/9 9:00,0.12,0.014,0.145,28.355,,,,,,,,,,,,,
2022/7/9 10:00,0.029,0,0.055,26.609,,,,,,,,,,,,,
2022/7/9 11:00,0,0,0.005,24.22,,,,,,,,,,,,,
2022/7/9 12:00,0,0,0,22.936,,,,,,,,,,,,,
2022/7/9 13:00,0,0,0,22.178,,,,,,,,,,,,,
2022/7/9 14:00,0,0,0,21.56,,,,,,,,,,,,,
2022/7/9 15:00,0,0,0,20.936,,,,,,,,,,,,,
2022/7/9 16:00,0,0,0,20.419,,,,,,,,,,,,,
2022/7/9 17:00,0,0,0,19.512,,,,,,,,,,,,,
2022/7/9 18:00,0,0,0,18.915,,,,,,,,,,,,,
2022/7/9 19:00,0,0,0,18.45,,,,,,,,,,,,,
2022/7/9 20:00,0,0,0.002,17.999,,,,,,,,,,,,,
2022/7/9 21:00,0.01,0,0.03,18.284,,,,,,,,,,,,,
2022/7/9 22:00,0.054,0.002,0.079,19.33,,,,,,,,,,,,,
2022/7/9 23:00,0.097,0.005,0.124,19.953,,,,,,,,,,,,,
2022/7/10 0:00,0.163,0.014,0.188,20.915,,,,,,,,,,,,,
2022/7/10 1:00,0.335,0.079,0.322,22.857,,,,,,,,,,,,,
2022/7/10 2:00,0.625,0.52,0.277,26.393,,,,,,,,,,,,,
2022/7/10 3:00,0.74,0.786,0.208,29.117,,,,,,,,,,,,,
2022/7/10 4:00,0.743,0.803,0.204,30.325,,,,,,,,,,,,,
2022/7/10 5:00,0.703,0.744,0.2,30.879,,,,,,,,,,,,,
2022/7/10 6:00,0.621,0.624,0.19,30.995,,,,,,,,,,,,,
2022/7/10 7:00,0.493,0.444,0.182,30.585,,,,,,,,,,,,,
2022/7/10 8:00,0.334,0.247,0.167,29.534,,,,,,,,,,,,,
2022/7/10 9:00,0.155,0.048,0.151,27.56,,,,,,,,,,,,,
2022/7/10 10:00,0.047,0,0.075,25.118,,,,,,,,,,,,,
2022/7/10 11:00,0,0,0.007,22.571,,,,,,,,,,,,,
2022/7/10 12:00,0,0,0,20.971,,,,,,,,,,,,,
2022/7/10 13:00,0,0,0,20.039,,,,,,,,,,,,,
2022/7/10 14:00,0,0,0,19.437,,,,,,,,,,,,,
2022/7/10 15:00,0,0,0,18.92,,,,,,,,,,,,,
2022/7/10 16:00,0,0,0,18.317,,,,,,,,,,,,,
2022/7/10 17:00,0,0,0,17.677,,,,,,,,,,,,,
2022/7/10 18:00,0,0,0,17.081,,,,,,,,,,,,,
2022/7/10 19:00,0,0,0,16.618,,,,,,,,,,,,,
2022/7/10 20:00,0,0,0.004,16.236,,,,,,,,,,,,,
2022/7/10 21:00,0.04,0,0.065,17.783,,,,,,,,,,,,,
2022/7/10 22:00,0.149,0.069,0.115,19.817,,,,,,,,,,,,,
2022/7/10 23:00,0.326,0.243,0.147,22.573,,,,,,,,,,,,,
2022/7/11 0:00,0.487,0.41,0.191,25.653,,,,,,,,,,,,,
2022/7/11 1:00,0.607,0.569,0.213,28.508,,,,,,,,,,,,,
2022/7/11 2:00,0.688,0.687,0.228,30.057,,,,,,,,,,,,,
2022/7/11 3:00,0.726,0.744,0.239,31.007,,,,,,,,,,,,,
2022/7/11 4:00,0.703,0.681,0.266,31.47,,,,,,,,,,,,,
2022/7/11 5:00,0.623,0.517,0.303,31.387,,,,,,,,,,,,,
2022/7/11 6:00,0.481,0.27,0.339,30.711,,,,,,,,,,,,,
2022/7/11 7:00,0.309,0.082,0.301,29.43,,,,,,,,,,,,,
2022/7/11 8:00,0.182,0.024,0.206,27.961,,,,,,,,,,,,,
2022/7/11 9:00,0.089,0.006,0.118,26.406,,,,,,,,,,,,,
2022/7/11 10:00,0.026,0,0.05,24.784,,,,,,,,,,,,,
2022/7/11 11:00,0,0,0.005,23.131,,,,,,,,,,,,,
2022/7/11 12:00,0,0,0,22.023,,,,,,,,,,,,,
2022/7/11 13:00,0,0,0,21.205,,,,,,,,,,,,,
2022/7/11 14:00,0,0,0,20.51,,,,,,,,,,,,,
2022/7/11 15:00,0,0,0,19.941,,,,,,,,,,,,,
2022/7/11 16:00,0,0,0,19.545,,,,,,,,,,,,,
2022/7/11 17:00,0,0,0,19.146,,,,,,,,,,,,,
2022/7/11 18:00,0,0,0,18.661,,,,,,,,,,,,,
2022/7/11 19:00,0,0,0,18.352,,,,,,,,,,,,,
2022/7/11 20:00,0,0,0.003,18.287,,,,,,,,,,,,,
2022/7/11 21:00,0.024,0,0.047,18.937,,,,,,,,,,,,,
2022/7/11 22:00,0.095,0.006,0.12,20.007,,,,,,,,,,,,,
2022/7/11 23:00,0.191,0.028,0.205,21.401,,,,,,,,,,,,,
2022/7/12 0:00,0.303,0.071,0.292,22.965,,,,,,,,,,,,,
2022/7/12 1:00,0.501,0.29,0.327,25,,,,,,,,,,,,,
2022/7/12 2:00,0.623,0.483,0.313,26.683,,,,,,,,,,,,,
2022/7/12 3:00,0.538,0.262,0.413,26.989,,,,,,,,,,,,,
2022/7/12 4:00,0.441,0.125,0.417,26.579,,,,,,,,,,,,,
2022/7/12 5:00,0.394,0.093,0.389,26.152,,,,,,,,,,,,,
2022/7/12 6:00,0.376,0.099,0.359,25.936,,,,,,,,,,,,,
2022/7/12 7:00,0.314,0.078,0.304,25.674,,,,,,,,,,,,,
2022/7/12 8:00,0.196,0.028,0.215,24.987,,,,,,,,,,,,,
2022/7/12 9:00,0.102,0.008,0.128,24.036,,,,,,,,,,,,,
2022/7/12 10:00,0.042,0,0.069,22.88,,,,,,,,,,,,,
2022/7/12 11:00,0,0,0.006,21.144,,,,,,,,,,,,,
2022/7/12 12:00,0,0,0,20.114,,,,,,,,,,,,,
2022/7/12 13:00,0,0,0,19.404,,,,,,,,,,,,,
2022/7/12 14:00,0,0,0,18.852,,,,,,,,,,,,,
2022/7/12 15:00,0,0,0,18.384,,,,,,,,,,,,,
2022/7/12 16:00,0,0,0,17.918,,,,,,,,,,,,,
2022/7/12 17:00,0,0,0,17.56,,,,,,,,,,,,,
2022/7/12 18:00,0,0,0,17.372,,,,,,,,,,,,,
2022/7/12 19:00,0,0,0,17.238,,,,,,,,,,,,,
2022/7/12 20:00,0,0,0.003,16.971,,,,,,,,,,,,,
2022/7/12 21:00,0.04,0,0.065,18.354,,,,,,,,,,,,,
2022/7/12 22:00,0.148,0.039,0.146,20.103,,,,,,,,,,,,,
2022/7/12 23:00,0.304,0.167,0.197,23.208,,,,,,,,,,,,,
2022/7/13 0:00,0.453,0.362,0.197,26.495,,,,,,,,,,,,,
2022/7/13 1:00,0.576,0.523,0.214,28.904,,,,,,,,,,,,,
2022/7/13 2:00,0.66,0.649,0.224,30.577,,,,,,,,,,,,,
2022/7/13 3:00,0.715,0.753,0.216,31.774,,,,,,,,,,,,,
2022/7/13 4:00,0.717,0.76,0.217,32.49,,,,,,,,,,,,,
2022/7/13 5:00,0.656,0.646,0.232,32.778,,,,,,,,,,,,,
2022/7/13 6:00,0.581,0.543,0.218,32.733,,,,,,,,,,,,,
2022/7/13 7:00,0.414,0.274,0.248,31.849,,,,,,,,,,,,,
2022/7/13 8:00,0.276,0.132,0.212,30.572,,,,,,,,,,,,,
2022/7/13 9:00,0.151,0.048,0.147,28.81,,,,,,,,,,,,,
2022/7/13 10:00,0.044,0,0.072,26.251,,,,,,,,,,,,,
2022/7/13 11:00,0,0,0.006,23.512,,,,,,,,,,,,,
2022/7/13 12:00,0,0,0,21.889,,,,,,,,,,,,,
2022/7/13 13:00,0,0,0,20.581,,,,,,,,,,,,,
2022/7/13 14:00,0,0,0,19.25,,,,,,,,,,,,,
2022/7/13 15:00,0,0,0,18.093,,,,,,,,,,,,,
2022/7/13 16:00,0,0,0,17.306,,,,,,,,,,,,,
2022/7/13 17:00,0,0,0,16.698,,,,,,,,,,,,,
2022/7/13 18:00,0,0,0,16.32,,,,,,,,,,,,,
2022/7/13 19:00,0,0,0,16.018,,,,,,,,,,,,,
2022/7/13 20:00,0,0,0.004,15.701,,,,,,,,,,,,,
2022/7/13 21:00,0.038,0,0.062,16.993,,,,,,,,,,,,,
2022/7/13 22:00,0.146,0.071,0.111,19.015,,,,,,,,,,,,,
2022/7/13 23:00,0.327,0.249,0.141,21.944,,,,,,,,,,,,,
2022/7/14 0:00,0.493,0.447,0.155,23.718,,,,,,,,,,,,,
2022/7/14 1:00,0.621,0.614,0.173,25.141,,,,,,,,,,,,,
2022/7/14 2:00,0.705,0.736,0.185,26.489,,,,,,,,,,,,,
2022/7/14 3:00,0.748,0.807,0.191,27.708,,,,,,,,,,,,,
2022/7/14 4:00,0.746,0.809,0.192,28.706,,,,,,,,,,,,,
2022/7/14 5:00,0.703,0.746,0.189,29.427,,,,,,,,,,,,,
2022/7/14 6:00,0.623,0.633,0.178,29.879,,,,,,,,,,,,,
2022/7/14 7:00,0.498,0.465,0.164,29.928,,,,,,,,,,,,,
2022/7/14 8:00,0.336,0.266,0.15,29.464,,,,,,,,,,,,,
2022/7/14 9:00,0.162,0.077,0.131,28.254,,,,,,,,,,,,,
2022/7/14 10:00,0.042,0,0.069,25.652,,,,,,,,,,,,,
2022/7/14 11:00,0,0,0.006,22.363,,,,,,,,,,,,,
2022/7/14 12:00,0,0,0,21.041,,,,,,,,,,,,,
2022/7/14 13:00,0,0,0,20.166,,,,,,,,,,,,,
2022/7/14 14:00,0,0,0,19.17,,,,,,,,,,,,,
2022/7/14 15:00,0,0,0,18.289,,,,,,,,,,,,,
2022/7/14 16:00,0,0,0,17.753,,,,,,,,,,,,,
2022/7/14 17:00,0,0,0,17.32,,,,,,,,,,,,,
2022/7/14 18:00,0,0,0,16.844,,,,,,,,,,,,,
2022/7/14 19:00,0,0,0,16.337,,,,,,,,,,,,,
2022/7/14 20:00,0,0,0.003,15.89,,,,,,,,,,,,,
2022/7/14 21:00,0.035,0,0.059,17.128,,,,,,,,,,,,,
2022/7/14 22:00,0.143,0.074,0.104,19.329,,,,,,,,,,,,,
2022/7/14 23:00,0.325,0.256,0.133,22.402,,,,,,,,,,,,,
2022/7/15 0:00,0.492,0.439,0.164,24.221,,,,,,,,,,,,,
2022/7/15 1:00,0.619,0.602,0.184,25.573,,,,,,,,,,,,,
2022/7/15 2:00,0.701,0.718,0.199,26.827,,,,,,,,,,,,,
2022/7/15 3:00,0.744,0.788,0.205,27.934,,,,,,,,,,,,,
2022/7/15 4:00,0.739,0.78,0.211,28.72,,,,,,,,,,,,,
2022/7/15 5:00,0.694,0.71,0.21,29.174,,,,,,,,,,,,,
2022/7/15 6:00,0.613,0.593,0.2,29.262,,,,,,,,,,,,,
2022/7/15 7:00,0.49,0.43,0.185,28.918,,,,,,,,,,,,,
2022/7/15 8:00,0.334,0.248,0.163,28.162,,,,,,,,,,,,,
2022/7/15 9:00,0.167,0.08,0.132,26.989,,,,,,,,,,,,,
2022/7/15 10:00,0.044,0,0.072,25.169,,,,,,,,,,,,,
2022/7/15 11:00,0,0,0.005,22.528,,,,,,,,,,,,,
2022/7/15 12:00,0,0,0,21.356,,,,,,,,,,,,,
2022/7/15 13:00,0,0,0,20.478,,,,,,,,,,,,,
2022/7/15 14:00,0,0,0,19.489,,,,,,,,,,,,,
2022/7/15 15:00,0,0,0,18.803,,,,,,,,,,,,,
2022/7/15 16:00,0,0,0,18.172,,,,,,,,,,,,,
2022/7/15 17:00,0,0,0,17.65,,,,,,,,,,,,,
2022/7/15 18:00,0,0,0,17.335,,,,,,,,,,,,,
2022/7/15 19:00,0,0,0,17.082,,,,,,,,,,,,,
2022/7/15 20:00,0,0,0.003,17.158,,,,,,,,,,,,,
2022/7/15 21:00,0.029,0,0.053,18.237,,,,,,,,,,,,,
2022/7/15 22:00,0.114,0.015,0.132,19.659,,,,,,,,,,,,,
2022/7/15 23:00,0.262,0.109,0.203,21.23,,,,,,,,,,,,,
2022/7/16 0:00,0.419,0.249,0.255,22.73,,,,,,,,,,,,,
2022/7/16 1:00,0.542,0.387,0.282,24.115,,,,,,,,,,,,,
2022/7/16 2:00,0.632,0.511,0.293,25.427,,,,,,,,,,,,,
2022/7/16 3:00,0.663,0.542,0.312,26.457,,,,,,,,,,,,,
2022/7/16 4:00,0.688,0.612,0.289,27.433,,,,,,,,,,,,,
2022/7/16 5:00,0.65,0.563,0.28,28.055,,,,,,,,,,,,,
2022/7/16 6:00,0.547,0.406,0.287,28.193,,,,,,,,,,,,,
2022/7/16 7:00,0.449,0.311,0.246,28.079,,,,,,,,,,,,,
2022/7/16 8:00,0.293,0.142,0.219,27.495,,,,,,,,,,,,,
2022/7/16 9:00,0.115,0.013,0.139,26.159,,,,,,,,,,,,,
2022/7/16 10:00,0.023,0,0.046,24.254,,,,,,,,,,,,,
2022/7/16 11:00,0,0,0.003,22.378,,,,,,,,,,,,,
2022/7/16 12:00,0,0,0,21.354,,,,,,,,,,,,,
2022/7/16 13:00,0,0,0,20.6,,,,,,,,,,,,,
2022/7/16 14:00,0,0,0,19.858,,,,,,,,,,,,,
2022/7/16 15:00,0,0,0,19.235,,,,,,,,,,,,,
2022/7/16 16:00,0,0,0,18.797,,,,,,,,,,,,,
2022/7/16 17:00,0,0,0,18.472,,,,,,,,,,,,,
2022/7/16 18:00,0,0,0,18.196,,,,,,,,,,,,,
2022/7/16 19:00,0,0,0,17.944,,,,,,,,,,,,,
2022/7/16 20:00,0,0,0.002,17.685,,,,,,,,,,,,,
2022/7/16 21:00,0.028,0,0.051,18.234,,,,,,,,,,,,,
2022/7/16 22:00,0.116,0.013,0.135,18.967,,,,,,,,,,,,,
2022/7/16 23:00,0.237,0.065,0.219,20.239,,,,,,,,,,,,,
2022/7/17 0:00,0.358,0.139,0.287,21.627,,,,,,,,,,,,,
2022/7/17 1:00,0.478,0.251,0.33,23.007,,,,,,,,,,,,,
2022/7/17 2:00,0.563,0.345,0.353,24.19,,,,,,,,,,,,,
2022/7/17 3:00,0.649,0.498,0.33,25.313,,,,,,,,,,,,,
2022/7/17 4:00,0.666,0.543,0.316,26.167,,,,,,,,,,,,,
2022/7/17 5:00,0.592,0.413,0.338,26.6,,,,,,,,,,,,,
2022/7/17 6:00,0.492,0.278,0.333,26.576,,,,,,,,,,,,,
2022/7/17 7:00,0.326,0.097,0.299,25.896,,,,,,,,,,,,,
2022/7/17 8:00,0.2,0.033,0.214,24.957,,,,,,,,,,,,,
2022/7/17 9:00,0.074,0.004,0.101,23.637,,,,,,,,,,,,,
2022/7/17 10:00,0.025,0,0.049,22.295,,,,,,,,,,,,,
2022/7/17 11:00,0,0,0.004,20.572,,,,,,,,,,,,,
2022/7/17 12:00,0,0,0,19.345,,,,,,,,,,,,,
2022/7/17 13:00,0,0,0,18.412,,,,,,,,,,,,,
2022/7/17 14:00,0,0,0,17.725,,,,,,,,,,,,,
2022/7/17 15:00,0,0,0,17.198,,,,,,,,,,,,,
2022/7/17 16:00,0,0,0,16.911,,,,,,,,,,,,,
2022/7/17 17:00,0,0,0,16.72,,,,,,,,,,,,,
2022/7/17 18:00,0,0,0,16.483,,,,,,,,,,,,,
2022/7/17 19:00,0,0,0,16.13,,,,,,,,,,,,,
2022/7/17 20:00,0,0,0.003,15.78,,,,,,,,,,,,,
2022/7/17 21:00,0.039,0,0.063,16.441,,,,,,,,,,,,,
2022/7/17 22:00,0.148,0.055,0.128,18.129,,,,,,,,,,,,,
2022/7/17 23:00,0.329,0.233,0.157,20.467,,,,,,,,,,,,,
2022/7/18 0:00,0.496,0.448,0.154,22.532,,,,,,,,,,,,,
2022/7/18 1:00,0.627,0.621,0.17,24.22,,,,,,,,,,,,,
2022/7/18 2:00,0.713,0.748,0.181,25.678,,,,,,,,,,,,,
2022/7/18 3:00,0.755,0.818,0.187,26.831,,,,,,,,,,,,,
2022/7/18 4:00,0.755,0.822,0.188,27.689,,,,,,,,,,,,,
2022/7/18 5:00,0.713,0.76,0.185,28.251,,,,,,,,,,,,,
2022/7/18 6:00,0.629,0.639,0.175,28.493,,,,,,,,,,,,,
2022/7/18 7:00,0.503,0.469,0.162,28.269,,,,,,,,,,,,,
2022/7/18 8:00,0.341,0.272,0.146,27.563,,,,,,,,,,,,,
2022/7/18 9:00,0.168,0.096,0.117,26.414,,,,,,,,,,,,,
2022/7/18 10:00,0.04,0,0.067,24.184,,,,,,,,,,,,,
2022/7/18 11:00,0,0,0.005,21.303,,,,,,,,,,,,,
2022/7/18 12:00,0,0,0,20.377,,,,,,,,,,,,,
2022/7/18 13:00,0,0,0,20.068,,,,,,,,,,,,,
2022/7/18 14:00,0,0,0,19.515,,,,,,,,,,,,,
2022/7/18 15:00,0,0,0,18.461,,,,,,,,,,,,,
2022/7/18 16:00,0,0,0,17.345,,,,,,,,,,,,,
2022/7/18 17:00,0,0,0,16.609,,,,,,,,,,,,,
2022/7/18 18:00,0,0,0,16.109,,,,,,,,,,,,,
2022/7/18 19:00,0,0,0,15.669,,,,,,,,,,,,,
2022/7/18 20:00,0,0,0.002,15.32,,,,,,,,,,,,,
2022/7/18 21:00,0.033,0,0.057,16.724,,,,,,,,,,,,,
2022/7/18 22:00,0.14,0.068,0.106,19.044,,,,,,,,,,,,,
2022/7/18 23:00,0.32,0.245,0.137,21.67,,,,,,,,,,,,,
2022/7/19 0:00,0.487,0.407,0.188,23.637,,,,,,,,,,,,,
2022/7/19 1:00,0.613,0.566,0.21,25.31,,,,,,,,,,,,,
2022/7/19 2:00,0.695,0.679,0.227,26.751,,,,,,,,,,,,,
2022/7/19 3:00,0.724,0.712,0.248,27.897,,,,,,,,,,,,,
2022/7/19 4:00,0.701,0.655,0.272,28.72,,,,,,,,,,,,,
2022/7/19 5:00,0.63,0.522,0.296,29.154,,,,,,,,,,,,,
2022/7/19 6:00,0.508,0.327,0.315,29.177,,,,,,,,,,,,,
2022/7/19 7:00,0.39,0.199,0.285,29.015,,,,,,,,,,,,,
2022/7/19 8:00,0.258,0.09,0.229,28.582,,,,,,,,,,,,,
2022/7/19 9:00,0.137,0.027,0.151,27.749,,,,,,,,,,,,,
2022/7/19 10:00,0.036,0,0.063,26.032,,,,,,,,,,,,,
2022/7/19 11:00,0,0,0.004,23.736,,,,,,,,,,,,,
2022/7/19 12:00,0,0,0,22.836,,,,,,,,,,,,,
2022/7/19 13:00,0,0,0,22.481,,,,,,,,,,,,,
2022/7/19 14:00,0,0,0,21.995,,,,,,,,,,,,,
2022/7/19 15:00,0,0,0,21.537,,,,,,,,,,,,,
2022/7/19 16:00,0,0,0,21.492,,,,,,,,,,,,,
2022/7/19 17:00,0,0,0,21.243,,,,,,,,,,,,,
2022/7/19 18:00,0,0,0,20.895,,,,,,,,,,,,,
2022/7/19 19:00,0,0,0,20.588,,,,,,,,,,,,,
2022/7/19 20:00,0,0,0.001,20.302,,,,,,,,,,,,,
2022/7/19 21:00,0.01,0,0.03,20.155,,,,,,,,,,,,,
2022/7/19 22:00,0.073,0.004,0.099,21.128,,,,,,,,,,,,,
2022/7/19 23:00,0.171,0.022,0.189,22.389,,,,,,,,,,,,,
2022/7/20 0:00,0.285,0.055,0.29,24.695,,,,,,,,,,,,,
2022/7/20 1:00,0.375,0.096,0.36,25.995,,,,,,,,,,,,,
2022/7/20 2:00,0.45,0.146,0.41,26.909,,,,,,,,,,,,,
2022/7/20 3:00,0.503,0.194,0.435,27.682,,,,,,,,,,,,,
2022/7/20 4:00,0.544,0.26,0.429,28.399,,,,,,,,,,,,,
2022/7/20 5:00,0.495,0.206,0.415,28.735,,,,,,,,,,,,,
2022/7/20 6:00,0.396,0.116,0.374,28.64,,,,,,,,,,,,,
2022/7/20 7:00,0.267,0.043,0.287,28.048,,,,,,,,,,,,,
2022/7/20 8:00,0.183,0.022,0.208,27.14,,,,,,,,,,,,,
2022/7/20 9:00,0.091,0.006,0.119,25.718,,,,,,,,,,,,,
2022/7/20 10:00,0.02,0,0.042,23.864,,,,,,,,,,,,,
2022/7/20 11:00,0,0,0.002,22.129,,,,,,,,,,,,,
2022/7/20 12:00,0,0,0,21.223,,,,,,,,,,,,,
2022/7/20 13:00,0,0,0,20.534,,,,,,,,,,,,,
2022/7/20 14:00,0,0,0,20.044,,,,,,,,,,,,,
2022/7/20 15:00,0,0,0,19.761,,,,,,,,,,,,,
2022/7/20 16:00,0,0,0,19.547,,,,,,,,,,,,,
2022/7/20 17:00,0,0,0,19.308,,,,,,,,,,,,,
2022/7/20 18:00,0,0,0,19.009,,,,,,,,,,,,,
2022/7/20 19:00,0,0,0,18.726,,,,,,,,,,,,,
2022/7/20 20:00,0,0,0.001,18.432,,,,,,,,,,,,,
2022/7/20 21:00,0.014,0,0.035,18.626,,,,,,,,,,,,,
2022/7/20 22:00,0.083,0.004,0.109,19.339,,,,,,,,,,,,,
2022/7/20 23:00,0.18,0.021,0.2,20.643,,,,,,,,,,,,,
2022/7/21 0:00,0.286,0.057,0.285,22.258,,,,,,,,,,,,,
2022/7/21 1:00,0.339,0.069,0.339,23.396,,,,,,,,,,,,,
2022/7/21 2:00,0.374,0.076,0.376,24.177,,,,,,,,,,,,,
2022/7/21 3:00,0.397,0.083,0.399,24.887,,,,,,,,,,,,,
2022/7/21 4:00,0.381,0.072,0.391,25.4,,,,,,,,,,,,,
2022/7/21 5:00,0.331,0.05,0.352,25.631,,,,,,,,,,,,,
2022/7/21 6:00,0.277,0.035,0.302,25.719,,,,,,,,,,,,,
2022/7/21 7:00,0.232,0.028,0.257,25.717,,,,,,,,,,,,,
2022/7/21 8:00,0.185,0.024,0.207,25.568,,,,,,,,,,,,,
2022/7/21 9:00,0.118,0.013,0.141,24.923,,,,,,,,,,,,,
2022/7/21 10:00,0.037,0,0.063,23.272,,,,,,,,,,,,,
2022/7/21 11:00,0,0,0.004,20.836,,,,,,,,,,,,,
2022/7/21 12:00,0,0,0,20.098,,,,,,,,,,,,,
2022/7/21 13:00,0,0,0,20.145,,,,,,,,,,,,,
2022/7/21 14:00,0,0,0,19.31,,,,,,,,,,,,,
2022/7/21 15:00,0,0,0,18.248,,,,,,,,,,,,,
2022/7/21 16:00,0,0,0,17.748,,,,,,,,,,,,,
2022/7/21 17:00,0,0,0,17.499,,,,,,,,,,,,,
2022/7/21 18:00,0,0,0,17.221,,,,,,,,,,,,,
2022/7/21 19:00,0,0,0,16.839,,,,,,,,,,,,,
2022/7/21 20:00,0,0,0.002,16.469,,,,,,,,,,,,,
2022/7/21 21:00,0.037,0,0.062,18.227,,,,,,,,,,,,,
2022/7/21 22:00,0.148,0.056,0.129,20.823,,,,,,,,,,,,,
2022/7/21 23:00,0.322,0.214,0.173,23.507,,,,,,,,,,,,,
2022/7/22 0:00,0.483,0.405,0.19,25.571,,,,,,,,,,,,,
2022/7/22 1:00,0.608,0.565,0.212,27.31,,,,,,,,,,,,,
2022/7/22 2:00,0.691,0.683,0.228,28.649,,,,,,,,,,,,,
2022/7/22 3:00,0.733,0.751,0.236,29.705,,,,,,,,,,,,,
2022/7/22 4:00,0.723,0.726,0.248,30.355,,,,,,,,,,,,,
2022/7/22 5:00,0.634,0.54,0.292,30.484,,,,,,,,,,,,,
2022/7/22 6:00,0.484,0.28,0.331,30.156,,,,,,,,,,,,,
2022/7/22 7:00,0.425,0.269,0.263,29.918,,,,,,,,,,,,,
2022/7/22 8:00,0.298,0.158,0.211,29.194,,,,,,,,,,,,,
2022/7/22 9:00,0.099,0.009,0.126,27.511,,,,,,,,,,,,,
2022/7/22 10:00,0.019,0,0.042,25.384,,,,,,,,,,,,,
2022/7/22 11:00,0,0,0.002,23.598,,,,,,,,,,,,,
2022/7/22 12:00,0,0,0,22.68,,,,,,,,,,,,,
2022/7/22 13:00,0,0,0,21.794,,,,,,,,,,,,,
2022/7/22 14:00,0,0,0,20.957,,,,,,,,,,,,,
2022/7/22 15:00,0,0,0,20.274,,,,,,,,,,,,,
2022/7/22 16:00,0,0,0,19.967,,,,,,,,,,,,,
2022/7/22 17:00,0,0,0,19.712,,,,,,,,,,,,,
2022/7/22 18:00,0,0,0,19.585,,,,,,,,,,,,,
2022/7/22 19:00,0,0,0,19.367,,,,,,,,,,,,,
2022/7/22 20:00,0,0,0.001,19.075,,,,,,,,,,,,,
2022/7/22 21:00,0.009,0,0.028,19.487,,,,,,,,,,,,,
2022/7/22 22:00,0.063,0.003,0.088,20.233,,,,,,,,,,,,,
2022/7/22 23:00,0.127,0.01,0.152,20.846,,,,,,,,,,,,,
2022/7/23 0:00,0.185,0.017,0.21,21.828,,,,,,,,,,,,,
2022/7/23 1:00,0.293,0.047,0.304,22.826,,,,,,,,,,,,,
2022/7/23 2:00,0.451,0.16,0.389,24.146,,,,,,,,,,,,,
2022/7/23 3:00,0.596,0.378,0.374,25.554,,,,,,,,,,,,,
2022/7/23 4:00,0.646,0.493,0.337,26.414,,,,,,,,,,,,,
2022/7/23 5:00,0.583,0.389,0.348,26.611,,,,,,,,,,,,,
2022/7/23 6:00,0.464,0.225,0.347,26.376,,,,,,,,,,,,,
2022/7/23 7:00,0.344,0.119,0.3,25.97,,,,,,,,,,,,,
2022/7/23 8:00,0.268,0.098,0.228,25.585,,,,,,,,,,,,,
2022/7/23 9:00,0.141,0.031,0.15,24.789,,,,,,,,,,,,,
2022/7/23 10:00,0.041,0,0.067,23.343,,,,,,,,,,,,,
2022/7/23 11:00,0,0,0.003,20.678,,,,,,,,,,,,,
2022/7/23 12:00,0,0,0,19.216,,,,,,,,,,,,,
2022/7/23 13:00,0,0,0,18.28,,,,,,,,,,,,,
2022/7/23 14:00,0,0,0,17.55,,,,,,,,,,,,,
2022/7/23 15:00,0,0,0,17.005,,,,,,,,,,,,,
2022/7/23 16:00,0,0,0,16.534,,,,,,,,,,,,,
2022/7/23 17:00,0,0,0,16.011,,,,,,,,,,,,,
2022/7/23 18:00,0,0,0,15.507,,,,,,,,,,,,,
2022/7/23 19:00,0,0,0,15.167,,,,,,,,,,,,,
2022/7/23 20:00,0,0,0.001,15.006,,,,,,,,,,,,,
2022/7/23 21:00,0.031,0,0.055,16.002,,,,,,,,,,,,,
2022/7/23 22:00,0.136,0.032,0.137,17.64,,,,,,,,,,,,,
2022/7/23 23:00,0.319,0.21,0.168,20.412,,,,,,,,,,,,,
2022/7/24 0:00,0.483,0.412,0.174,22.87,,,,,,,,,,,,,
2022/7/24 1:00,0.61,0.575,0.194,25.073,,,,,,,,,,,,,
2022/7/24 2:00,0.691,0.695,0.209,27.28,,,,,,,,,,,,,
2022/7/24 3:00,0.729,0.758,0.217,29.114,,,,,,,,,,,,,
2022/7/24 4:00,0.725,0.756,0.221,30.403,,,,,,,,,,,,,
2022/7/24 5:00,0.68,0.689,0.219,31.248,,,,,,,,,,,,,
2022/7/24 6:00,0.595,0.569,0.209,31.643,,,,,,,,,,,,,
2022/7/24 7:00,0.468,0.397,0.198,31.561,,,,,,,,,,,,,
2022/7/24 8:00,0.302,0.191,0.186,30.606,,,,,,,,,,,,,
2022/7/24 9:00,0.147,0.05,0.14,28.755,,,,,,,,,,,,,
2022/7/24 10:00,0.035,0,0.061,26.226,,,,,,,,,,,,,
2022/7/24 11:00,0,0,0.002,23.992,,,,,,,,,,,,,
2022/7/24 12:00,0,0,0,23.193,,,,,,,,,,,,,
2022/7/24 13:00,0,0,0,22.221,,,,,,,,,,,,,
2022/7/24 14:00,0,0,0,21.459,,,,,,,,,,,,,
2022/7/24 15:00,0,0,0,20.993,,,,,,,,,,,,,
2022/7/24 16:00,0,0,0,20.723,,,,,,,,,,,,,
2022/7/24 17:00,0,0,0,20.258,,,,,,,,,,,,,
2022/7/24 18:00,0,0,0,19.665,,,,,,,,,,,,,
2022/7/24 19:00,0,0,0,19.04,,,,,,,,,,,,,
2022/7/24 20:00,0,0,0.001,18.575,,,,,,,,,,,,,
2022/7/24 21:00,0.026,0,0.048,19.389,,,,,,,,,,,,,
2022/7/24 22:00,0.131,0.042,0.125,21.23,,,,,,,,,,,,,
2022/7/24 23:00,0.293,0.185,0.169,24.148,,,,,,,,,,,,,
2022/7/25 0:00,0.412,0.238,0.267,26.668,,,,,,,,,,,,,
2022/7/25 1:00,0.457,0.223,0.346,28.286,,,,,,,,,,,,,
2022/7/25 2:00,0.449,0.161,0.4,29.332,,,,,,,,,,,,,
2022/7/25 3:00,0.44,0.133,0.418,30.054,,,,,,,,,,,,,
2022/7/25 4:00,0.401,0.096,0.406,30.41,,,,,,,,,,,,,
2022/7/25 5:00,0.354,0.069,0.372,30.561,,,,,,,,,,,,,
2022/7/25 6:00,0.338,0.075,0.347,30.84,,,,,,,,,,,,,
2022/7/25 7:00,0.315,0.09,0.304,31.07,,,,,,,,,,,,,
2022/7/25 8:00,0.229,0.056,0.231,30.645,,,,,,,,,,,,,
2022/7/25 9:00,0.121,0.017,0.144,29.221,,,,,,,,,,,,,
2022/7/25 10:00,0.03,0,0.055,26.841,,,,,,,,,,,,,
2022/7/25 11:00,0,0,0.002,24.714,,,,,,,,,,,,,
2022/7/25 12:00,0,0,0,23.466,,,,,,,,,,,,,
2022/7/25 13:00,0,0,0,22.312,,,,,,,,,,,,,
2022/7/25 14:00,0,0,0,21.685,,,,,,,,,,,,,
2022/7/25 15:00,0,0,0,21.316,,,,,,,,,,,,,
2022/7/25 16:00,0,0,0,20.947,,,,,,,,,,,,,
2022/7/25 17:00,0,0,0,20.689,,,,,,,,,,,,,
2022/7/25 18:00,0,0,0,20.482,,,,,,,,,,,,,
2022/7/25 19:00,0,0,0,20.25,,,,,,,,,,,,,
2022/7/25 20:00,0,0,0,19.908,,,,,,,,,,,,,
2022/7/25 21:00,0.015,0,0.036,20.332,,,,,,,,,,,,,
2022/7/25 22:00,0.115,0.014,0.135,21.852,,,,,,,,,,,,,
2022/7/25 23:00,0.267,0.108,0.216,24.22,,,,,,,,,,,,,
2022/7/26 0:00,0.422,0.285,0.233,26.19,,,,,,,,,,,,,
2022/7/26 1:00,0.546,0.432,0.258,27.772,,,,,,,,,,,,,
2022/7/26 2:00,0.623,0.527,0.28,29.043,,,,,,,,,,,,,
2022/7/26 3:00,0.651,0.554,0.302,30.011,,,,,,,,,,,,,
2022/7/26 4:00,0.62,0.48,0.331,30.584,,,,,,,,,,,,,
2022/7/26 5:00,0.571,0.408,0.331,30.849,,,,,,,,,,,,,
2022/7/26 6:00,0.503,0.335,0.305,30.884,,,,,,,,,,,,,
2022/7/26 7:00,0.395,0.224,0.27,30.554,,,,,,,,,,,,,
2022/7/26 8:00,0.278,0.135,0.211,29.9,,,,,,,,,,,,,
2022/7/26 9:00,0.148,0.05,0.142,28.769,,,,,,,,,,,,,
2022/7/26 10:00,0.035,0,0.061,26.813,,,,,,,,,,,,,
2022/7/26 11:00,0,0,0.002,24.621,,,,,,,,,,,,,
2022/7/26 12:00,0,0,0,23.337,,,,,,,,,,,,,
2022/7/26 13:00,0,0,0,22.257,,,,,,,,,,,,,
2022/7/26 14:00,0,0,0,21.38,,,,,,,,,,,,,
2022/7/26 15:00,0,0,0,20.772,,,,,,,,,,,,,
2022/7/26 16:00,0,0,0,20.22,,,,,,,,,,,,,
2022/7/26 17:00,0,0,0,19.831,,,,,,,,,,,,,
2022/7/26 18:00,0,0,0,19.633,,,,,,,,,,,,,
2022/7/26 19:00,0,0,0,19.406,,,,,,,,,,,,,
2022/7/26 20:00,0,0,0.001,19.116,,,,,,,,,,,,,
2022/7/26 21:00,0.023,0,0.046,19.708,,,,,,,,,,,,,
2022/7/26 22:00,0.125,0.028,0.132,21.432,,,,,,,,,,,,,
2022/7/26 23:00,0.277,0.144,0.191,23.575,,,,,,,,,,,,,
2022/7/27 0:00,0.428,0.27,0.253,25.6,,,,,,,,,,,,,
2022/7/27 1:00,0.552,0.414,0.282,27.28,,,,,,,,,,,,,
2022/7/27 2:00,0.621,0.489,0.314,28.632,,,,,,,,,,,,,
2022/7/27 3:00,0.679,0.591,0.308,29.853,,,,,,,,,,,,,
2022/7/27 4:00,0.659,0.54,0.33,30.553,,,,,,,,,,,,,
2022/7/27 5:00,0.486,0.213,0.402,30.255,,,,,,,,,,,,,
2022/7/27 6:00,0.315,0.059,0.332,29.436,,,,,,,,,,,,,
2022/7/27 7:00,0.241,0.035,0.264,28.778,,,,,,,,,,,,,
2022/7/27 8:00,0.22,0.048,0.226,28.43,,,,,,,,,,,,,
2022/7/27 9:00,0.118,0.016,0.141,27.084,,,,,,,,,,,,,
2022/7/27 10:00,0.03,0,0.055,24.972,,,,,,,,,,,,,
2022/7/27 11:00,0,0,0.002,22.721,,,,,,,,,,,,,
2022/7/27 12:00,0,0,0,21.651,,,,,,,,,,,,,
2022/7/27 13:00,0,0,0,20.78,,,,,,,,,,,,,
2022/7/27 14:00,0,0,0,19.996,,,,,,,,,,,,,
2022/7/27 15:00,0,0,0,19.42,,,,,,,,,,,,,
2022/7/27 16:00,0,0,0,19.085,,,,,,,,,,,,,
2022/7/27 17:00,0,0,0,18.822,,,,,,,,,,,,,
2022/7/27 18:00,0,0,0,18.595,,,,,,,,,,,,,
2022/7/27 19:00,0,0,0,18.417,,,,,,,,,,,,,
2022/7/27 20:00,0,0,0,18.268,,,,,,,,,,,,,
2022/7/27 21:00,0,0,0.016,18.317,,,,,,,,,,,,,
2022/7/27 22:00,0.032,0.001,0.055,18.566,,,,,,,,,,,,,
2022/7/27 23:00,0.09,0.004,0.116,19.111,,,,,,,,,,,,,
2022/7/28 0:00,0.162,0.008,0.191,19.84,,,,,,,,,,,,,
2022/7/28 1:00,0.22,0.014,0.25,20.598,,,,,,,,,,,,,
2022/7/28 2:00,0.236,0.014,0.269,21.181,,,,,,,,,,,,,
2022/7/28 3:00,0.246,0.014,0.281,21.66,,,,,,,,,,,,,
2022/7/28 4:00,0.273,0.019,0.308,22.094,,,,,,,,,,,,,
2022/7/28 5:00,0.223,0.012,0.258,22.099,,,,,,,,,,,,,
2022/7/28 6:00,0.155,0.006,0.187,21.666,,,,,,,,,,,,,
2022/7/28 7:00,0.135,0.005,0.166,21.167,,,,,,,,,,,,,
2022/7/28 8:00,0.091,0.003,0.119,20.56,,,,,,,,,,,,,
2022/7/28 9:00,0.045,0.001,0.07,19.818,,,,,,,,,,,,,
2022/7/28 10:00,0.01,0,0.03,18.974,,,,,,,,,,,,,
2022/7/28 11:00,0,0,0.001,17.986,,,,,,,,,,,,,
2022/7/28 12:00,0,0,0,17.554,,,,,,,,,,,,,
2022/7/28 13:00,0,0,0,17.087,,,,,,,,,,,,,
2022/7/28 14:00,0,0,0,16.685,,,,,,,,,,,,,
2022/7/28 15:00,0,0,0,16.444,,,,,,,,,,,,,
2022/7/28 16:00,0,0,0,16.304,,,,,,,,,,,,,
2022/7/28 17:00,0,0,0,16.305,,,,,,,,,,,,,
2022/7/28 18:00,0,0,0,16.26,,,,,,,,,,,,,
2022/7/28 19:00,0,0,0,16.173,,,,,,,,,,,,,
2022/7/28 20:00,0,0,0,16.093,,,,,,,,,,,,,
2022/7/28 21:00,0.017,0,0.038,16.679,,,,,,,,,,,,,
2022/7/28 22:00,0.102,0.007,0.126,17.962,,,,,,,,,,,,,
2022/7/28 23:00,0.211,0.032,0.221,19.488,,,,,,,,,,,,,
2022/7/29 0:00,0.325,0.109,0.276,20.487,,,,,,,,,,,,,
2022/7/29 1:00,0.44,0.198,0.329,21.415,,,,,,,,,,,,,
2022/7/29 2:00,0.534,0.296,0.356,22.301,,,,,,,,,,,,,
2022/7/29 3:00,0.631,0.457,0.335,23.427,,,,,,,,,,,,,
2022/7/29 4:00,0.675,0.565,0.299,24.588,,,,,,,,,,,,,
2022/7/29 5:00,0.656,0.57,0.271,25.499,,,,,,,,,,,,,
2022/7/29 6:00,0.554,0.421,0.273,25.914,,,,,,,,,,,,,
2022/7/29 7:00,0.448,0.316,0.235,26.025,,,,,,,,,,,,,
2022/7/29 8:00,0.295,0.16,0.2,25.803,,,,,,,,,,,,,
2022/7/29 9:00,0.149,0.052,0.138,25.159,,,,,,,,,,,,,
2022/7/29 10:00,0.034,0,0.06,23.516,,,,,,,,,,,,,
2022/7/29 11:00,0,0,0.002,20.889,,,,,,,,,,,,,
2022/7/29 12:00,0,0,0,19.96,,,,,,,,,,,,,
2022/7/29 13:00,0,0,0,19.271,,,,,,,,,,,,,
2022/7/29 14:00,0,0,0,18.714,,,,,,,,,,,,,
2022/7/29 15:00,0,0,0,18.302,,,,,,,,,,,,,
2022/7/29 16:00,0,0,0,18.067,,,,,,,,,,,,,
2022/7/29 17:00,0,0,0,17.967,,,,,,,,,,,,,
2022/7/29 18:00,0,0,0,17.804,,,,,,,,,,,,,
2022/7/29 19:00,0,0,0,17.61,,,,,,,,,,,,,
2022/7/29 20:00,0,0,0,17.461,,,,,,,,,,,,,
2022/7/29 21:00,0.024,0,0.047,18.358,,,,,,,,,,,,,
2022/7/29 22:00,0.127,0.034,0.127,19.951,,,,,,,,,,,,,
2022/7/29 23:00,0.301,0.193,0.167,22.223,,,,,,,,,,,,,
2022/7/30 0:00,0.458,0.365,0.194,24.709,,,,,,,,,,,,,
2022/7/30 1:00,0.574,0.5,0.225,26.567,,,,,,,,,,,,,
2022/7/30 2:00,0.648,0.589,0.25,27.812,,,,,,,,,,,,,
2022/7/30 3:00,0.694,0.661,0.256,28.844,,,,,,,,,,,,,
2022/7/30 4:00,0.697,0.672,0.255,29.672,,,,,,,,,,,,,
2022/7/30 5:00,0.655,0.612,0.25,30.159,,,,,,,,,,,,,
2022/7/30 6:00,0.572,0.5,0.237,30.27,,,,,,,,,,,,,
2022/7/30 7:00,0.45,0.347,0.218,29.989,,,,,,,,,,,,,
2022/7/30 8:00,0.301,0.187,0.185,29.283,,,,,,,,,,,,,
2022/7/30 9:00,0.147,0.057,0.133,27.965,,,,,,,,,,,,,
2022/7/30 10:00,0.031,0,0.057,25.905,,,,,,,,,,,,,
2022/7/30 11:00,0,0,0.001,23.952,,,,,,,,,,,,,
2022/7/30 12:00,0,0,0,22.762,,,,,,,,,,,,,
2022/7/30 13:00,0,0,0,21.857,,,,,,,,,,,,,
2022/7/30 14:00,0,0,0,21.249,,,,,,,,,,,,,
2022/7/30 15:00,0,0,0,20.862,,,,,,,,,,,,,
2022/7/30 16:00,0,0,0,20.524,,,,,,,,,,,,,
2022/7/30 17:00,0,0,0,20.135,,,,,,,,,,,,,
2022/7/30 18:00,0,0,0,19.852,,,,,,,,,,,,,
2022/7/30 19:00,0,0,0,19.57,,,,,,,,,,,,,
2022/7/30 20:00,0,0,0,19.228,,,,,,,,,,,,,
2022/7/30 21:00,0.022,0,0.044,19.692,,,,,,,,,,,,,
2022/7/30 22:00,0.12,0.029,0.125,21.177,,,,,,,,,,,,,
2022/7/30 23:00,0.243,0.094,0.199,22.952,,,,,,,,,,,,,
2022/7/31 0:00,0.398,0.244,0.238,24.758,,,,,,,,,,,,,
2022/7/31 1:00,0.581,0.521,0.214,26.604,,,,,,,,,,,,,
2022/7/31 2:00,0.673,0.658,0.222,28.005,,,,,,,,,,,,,
2022/7/31 3:00,0.723,0.745,0.222,29.212,,,,,,,,,,,,,
2022/7/31 4:00,0.719,0.739,0.227,30.257,,,,,,,,,,,,,
2022/7/31 5:00,0.672,0.667,0.226,30.956,,,,,,,,,,,,,
2022/7/31 6:00,0.584,0.541,0.219,31.263,,,,,,,,,,,,,
2022/7/31 7:00,0.449,0.357,0.211,31.178,,,,,,,,,,,,,
2022/7/31 8:00,0.295,0.184,0.184,30.688,,,,,,,,,,,,,
2022/7/31 9:00,0.144,0.057,0.131,29.535,,,,,,,,,,,,,
2022/7/31 10:00,0.03,0,0.056,27.05,,,,,,,,,,,,,
2022/7/31 11:00,0,0,0.001,24.673,,,,,,,,,,,,,
2022/7/31 12:00,0,0,0,23.821,,,,,,,,,,,,,
2022/7/31 13:00,0,0,0,23.026,,,,,,,,,,,,,
2022/7/31 14:00,0,0,0,22.292,,,,,,,,,,,,,
2022/7/31 15:00,0,0,0,21.629,,,,,,,,,,,,,
2022/7/31 16:00,0,0,0,21.036,,,,,,,,,,,,,
2022/7/31 17:00,0,0,0,20.446,,,,,,,,,,,,,
2022/7/31 18:00,0,0,0,19.914,,,,,,,,,,,,,
2022/7/31 19:00,0,0,0,19.426,,,,,,,,,,,,,
2022/7/31 20:00,0,0,0,19.043,,,,,,,,,,,,,
2022/7/31 21:00,0.022,0,0.045,19.75,,,,,,,,,,,,,
2022/7/31 22:00,0.127,0.048,0.115,21.623,,,,,,,,,,,,,
2022/7/31 23:00,0.297,0.202,0.156,24.114,,,,,,,,,,,,,
2022/8/1 0:00,0.458,0.393,0.176,27.571,,,,,,,,,,,,,
2022/8/1 1:00,0.584,0.56,0.194,29.944,,,,,,,,,,,,,
2022/8/1 2:00,0.669,0.684,0.208,31.303,,,,,,,,,,,,,
2022/8/1 3:00,0.719,0.772,0.208,32.239,,,,,,,,,,,,,
2022/8/1 4:00,0.722,0.782,0.207,32.899,,,,,,,,,,,,,
2022/8/1 5:00,0.684,0.728,0.2,33.243,,,,,,,,,,,,,
2022/8/1 6:00,0.604,0.612,0.187,33.264,,,,,,,,,,,,,
2022/8/1 7:00,0.483,0.45,0.169,32.925,,,,,,,,,,,,,
2022/8/1 8:00,0.325,0.262,0.146,32.154,,,,,,,,,,,,,
2022/8/1 9:00,0.153,0.088,0.112,31.221,,,,,,,,,,,,,
2022/8/1 10:00,0.029,0,0.054,28.543,,,,,,,,,,,,,
2022/8/1 11:00,0,0,0.001,26.098,,,,,,,,,,,,,
2022/8/1 12:00,0,0,0,24.911,,,,,,,,,,,,,
2022/8/1 13:00,0,0,0,23.75,,,,,,,,,,,,,
2022/8/1 14:00,0,0,0,22.553,,,,,,,,,,,,,
2022/8/1 15:00,0,0,0,21.522,,,,,,,,,,,,,
2022/8/1 16:00,0,0,0,20.785,,,,,,,,,,,,,
2022/8/1 17:00,0,0,0,20.27,,,,,,,,,,,,,
2022/8/1 18:00,0,0,0,19.866,,,,,,,,,,,,,
2022/8/1 19:00,0,0,0,19.481,,,,,,,,,,,,,
2022/8/1 20:00,0,0,0,19.164,,,,,,,,,,,,,
2022/8/1 21:00,0.022,0,0.044,20.216,,,,,,,,,,,,,
2022/8/1 22:00,0.125,0.056,0.106,23.418,,,,,,,,,,,,,
2022/8/1 23:00,0.3,0.222,0.143,25.806,,,,,,,,,,,,,
2022/8/2 0:00,0.462,0.398,0.179,28.9,,,,,,,,,,,,,
2022/8/2 1:00,0.589,0.565,0.199,30.616,,,,,,,,,,,,,
2022/8/2 2:00,0.674,0.689,0.213,31.776,,,,,,,,,,,,,
2022/8/2 3:00,0.717,0.76,0.22,32.822,,,,,,,,,,,,,
2022/8/2 4:00,0.716,0.761,0.222,33.615,,,,,,,,,,,,,
2022/8/2 5:00,0.674,0.697,0.218,34.032,,,,,,,,,,,,,
2022/8/2 6:00,0.592,0.577,0.207,34.038,,,,,,,,,,,,,
2022/8/2 7:00,0.468,0.409,0.191,33.677,,,,,,,,,,,,,
2022/8/2 8:00,0.309,0.221,0.168,32.809,,,,,,,,,,,,,
2022/8/2 9:00,0.141,0.055,0.13,31.131,,,,,,,,,,,,,
2022/8/2 10:00,0.02,0,0.043,28.411,,,,,,,,,,,,,
2022/8/2 11:00,0,0,0.001,26.777,,,,,,,,,,,,,
2022/8/2 12:00,0,0,0,26.138,,,,,,,,,,,,,
2022/8/2 13:00,0,0,0,25.423,,,,,,,,,,,,,
2022/8/2 14:00,0,0,0,24.721,,,,,,,,,,,,,
2022/8/2 15:00,0,0,0,23.931,,,,,,,,,,,,,
2022/8/2 16:00,0,0,0,23.503,,,,,,,,,,,,,
2022/8/2 17:00,0,0,0,23.158,,,,,,,,,,,,,
2022/8/2 18:00,0,0,0,22.642,,,,,,,,,,,,,
2022/8/2 19:00,0,0,0,22.119,,,,,,,,,,,,,
2022/8/2 20:00,0,0,0,21.672,,,,,,,,,,,,,
2022/8/2 21:00,0.016,0,0.037,22.259,,,,,,,,,,,,,
2022/8/2 22:00,0.114,0.028,0.122,24.198,,,,,,,,,,,,,
2022/8/2 23:00,0.237,0.095,0.196,26.503,,,,,,,,,,,,,
2022/8/3 0:00,0.224,0.033,0.246,27.803,,,,,,,,,,,,,
2022/8/3 1:00,0.295,0.053,0.311,28.819,,,,,,,,,,,,,
2022/8/3 2:00,0.504,0.261,0.379,30.47,,,,,,,,,,,,,
2022/8/3 3:00,0.672,0.6,0.3,32.107,,,,,,,,,,,,,
2022/8/3 4:00,0.675,0.614,0.297,33.067,,,,,,,,,,,,,
2022/8/3 5:00,0.631,0.548,0.294,33.567,,,,,,,,,,,,,
2022/8/3 6:00,0.534,0.402,0.292,33.606,,,,,,,,,,,,,
2022/8/3 7:00,0.406,0.246,0.27,33.273,,,,,,,,,,,,,
2022/8/3 8:00,0.249,0.092,0.223,32.454,,,,,,,,,,,,,
2022/8/3 9:00,0.119,0.022,0.138,31.098,,,,,,,,,,,,,
2022/8/3 10:00,0.021,0,0.045,28.964,,,,,,,,,,,,,
2022/8/3 11:00,0,0,0.001,27.052,,,,,,,,,,,,,
2022/8/3 12:00,0,0,0,26.257,,,,,,,,,,,,,
2022/8/3 13:00,0,0,0,25.608,,,,,,,,,,,,,
2022/8/3 14:00,0,0,0,25.043,,,,,,,,,,,,,
2022/8/3 15:00,0,0,0,24.555,,,,,,,,,,,,,
2022/8/3 16:00,0,0,0,24.167,,,,,,,,,,,,,
2022/8/3 17:00,0,0,0,23.841,,,,,,,,,,,,,
2022/8/3 18:00,0,0,0,23.561,,,,,,,,,,,,,
2022/8/3 19:00,0,0,0,23.375,,,,,,,,,,,,,
2022/8/3 20:00,0,0,0,23.214,,,,,,,,,,,,,
2022/8/3 21:00,0.004,0,0.021,23.454,,,,,,,,,,,,,
2022/8/3 22:00,0.049,0.002,0.075,24.169,,,,,,,,,,,,,
2022/8/3 23:00,0.109,0.008,0.137,25.237,,,,,,,,,,,,,
2022/8/4 0:00,0.177,0.017,0.207,26.636,,,,,,,,,,,,,
2022/8/4 1:00,0.266,0.038,0.291,28.19,,,,,,,,,,,,,
2022/8/4 2:00,0.403,0.119,0.385,30.096,,,,,,,,,,,,,
2022/8/4 3:00,0.52,0.261,0.407,31.959,,,,,,,,,,,,,
2022/8/4 4:00,0.529,0.28,0.406,33.109,,,,,,,,,,,,,
2022/8/4 5:00,0.464,0.199,0.396,33.567,,,,,,,,,,,,,
2022/8/4 6:00,0.39,0.14,0.356,33.646,,,,,,,,,,,,,
2022/8/4 7:00,0.291,0.077,0.29,33.307,,,,,,,,,,,,,
2022/8/4 8:00,0.207,0.048,0.217,32.68,,,,,,,,,,,,,
2022/8/4 9:00,0.101,0.013,0.127,31.232,,,,,,,,,,,,,
2022/8/4 10:00,0.015,0,0.037,28.951,,,,,,,,,,,,,
2022/8/4 11:00,0,0,0,26.994,,,,,,,,,,,,,
2022/8/4 12:00,0,0,0,26.022,,,,,,,,,,,,,
2022/8/4 13:00,0,0,0,25.231,,,,,,,,,,,,,
2022/8/4 14:00,0,0,0,24.593,,,,,,,,,,,,,
2022/8/4 15:00,0,0,0,24.029,,,,,,,,,,,,,
2022/8/4 16:00,0,0,0,23.593,,,,,,,,,,,,,
2022/8/4 17:00,0,0,0,23.201,,,,,,,,,,,,,
2022/8/4 18:00,0,0,0,22.869,,,,,,,,,,,,,
2022/8/4 19:00,0,0,0,22.44,,,,,,,,,,,,,
2022/8/4 20:00,0,0,0,21.965,,,,,,,,,,,,,
2022/8/4 21:00,0.02,0,0.043,22.026,,,,,,,,,,,,,
2022/8/4 22:00,0.13,0.045,0.121,23.139,,,,,,,,,,,,,
2022/8/4 23:00,0.306,0.202,0.168,25.054,,,,,,,,,,,,,
2022/8/5 0:00,0.474,0.421,0.166,27.009,,,,,,,,,,,,,
2022/8/5 1:00,0.604,0.593,0.185,28.782,,,,,,,,,,,,,
2022/8/5 2:00,0.69,0.72,0.199,30.243,,,,,,,,,,,,,
2022/8/5 3:00,0.733,0.792,0.205,31.393,,,,,,,,,,,,,
2022/8/5 4:00,0.731,0.791,0.208,32.248,,,,,,,,,,,,,
2022/8/5 5:00,0.688,0.726,0.204,32.844,,,,,,,,,,,,,
2022/8/5 6:00,0.605,0.609,0.191,33.162,,,,,,,,,,,,,
2022/8/5 7:00,0.475,0.43,0.179,33.156,,,,,,,,,,,,,
2022/8/5 8:00,0.306,0.223,0.163,32.62,,,,,,,,,,,,,
2022/8/5 9:00,0.143,0.067,0.12,31.214,,,,,,,,,,,,,
2022/8/5 10:00,0.024,0,0.049,28.224,,,,,,,,,,,,,
2022/8/5 11:00,0,0,0,25.649,,,,,,,,,,,,,
2022/8/5 12:00,0,0,0,24.661,,,,,,,,,,,,,
2022/8/5 13:00,0,0,0,23.879,,,,,,,,,,,,,
2022/8/5 14:00,0,0,0,23.258,,,,,,,,,,,,,
2022/8/5 15:00,0,0,0,22.717,,,,,,,,,,,,,
2022/8/5 16:00,0,0,0,22.46,,,,,,,,,,,,,
2022/8/5 17:00,0,0,0,22.219,,,,,,,,,,,,,
2022/8/5 18:00,0,0,0,21.944,,,,,,,,,,,,,
2022/8/5 19:00,0,0,0,21.635,,,,,,,,,,,,,
2022/8/5 20:00,0,0,0,21.282,,,,,,,,,,,,,
2022/8/5 21:00,0.013,0,0.033,21.72,,,,,,,,,,,,,
2022/8/5 22:00,0.11,0.027,0.117,23.435,,,,,,,,,,,,,
2022/8/5 23:00,0.24,0.105,0.189,25.613,,,,,,,,,,,,,
2022/8/6 0:00,0.404,0.263,0.236,27.898,,,,,,,,,,,,,
2022/8/6 1:00,0.569,0.505,0.227,29.958,,,,,,,,,,,,,
2022/8/6 2:00,0.667,0.657,0.23,31.38,,,,,,,,,,,,,
2022/8/6 3:00,0.712,0.733,0.236,32.485,,,,,,,,,,,,,
2022/8/6 4:00,0.706,0.72,0.243,33.314,,,,,,,,,,,,,
2022/8/6 5:00,0.637,0.59,0.263,33.72,,,,,,,,,,,,,
2022/8/6 6:00,0.563,0.497,0.242,33.818,,,,,,,,,,,,,
2022/8/6 7:00,0.421,0.3,0.237,33.358,,,,,,,,,,,,,
2022/8/6 8:00,0.263,0.128,0.203,32.396,,,,,,,,,,,,,
2022/8/6 9:00,0.122,0.032,0.132,30.907,,,,,,,,,,,,,
2022/8/6 10:00,0.021,0,0.045,28.879,,,,,,,,,,,,,
2022/8/6 11:00,0,0,0,27.067,,,,,,,,,,,,,
2022/8/6 12:00,0,0,0,26.015,,,,,,,,,,,,,
2022/8/6 13:00,0,0,0,25.072,,,,,,,,,,,,,
2022/8/6 14:00,0,0,0,24.319,,,,,,,,,,,,,
2022/8/6 15:00,0,0,0,23.713,,,,,,,,,,,,,
2022/8/6 16:00,0,0,0,23.359,,,,,,,,,,,,,
2022/8/6 17:00,0,0,0,23.213,,,,,,,,,,,,,
2022/8/6 18:00,0,0,0,23.247,,,,,,,,,,,,,
2022/8/6 19:00,0,0,0,23.226,,,,,,,,,,,,,
2022/8/6 20:00,0,0,0,23.067,,,,,,,,,,,,,
2022/8/6 21:00,0.002,0,0.018,23.032,,,,,,,,,,,,,
2022/8/6 22:00,0.089,0.011,0.111,23.559,,,,,,,,,,,,,
2022/8/6 23:00,0.257,0.123,0.189,24.871,,,,,,,,,,,,,
2022/8/7 0:00,0.42,0.29,0.226,26.775,,,,,,,,,,,,,
2022/8/7 1:00,0.551,0.45,0.249,28.302,,,,,,,,,,,,,
2022/8/7 2:00,0.659,0.618,0.246,29.502,,,,,,,,,,,,,
2022/8/7 3:00,0.698,0.675,0.258,30.391,,,,,,,,,,,,,
2022/8/7 4:00,0.692,0.658,0.267,30.871,,,,,,,,,,,,,
2022/8/7 5:00,0.636,0.562,0.275,30.83,,,,,,,,,,,,,
2022/8/7 6:00,0.497,0.325,0.304,30.023,,,,,,,,,,,,,
2022/8/7 7:00,0.39,0.219,0.265,29.011,,,,,,,,,,,,,
2022/8/7 8:00,0.257,0.109,0.208,27.745,,,,,,,,,,,,,
2022/8/7 9:00,0.125,0.032,0.132,26.087,,,,,,,,,,,,,
2022/8/7 10:00,0.021,0,0.044,24.185,,,,,,,,,,,,,
2022/8/7 11:00,0,0,0,22.445,,,,,,,,,,,,,
2022/8/7 12:00,0,0,0,21.457,,,,,,,,,,,,,
2022/8/7 13:00,0,0,0,20.716,,,,,,,,,,,,,
2022/8/7 14:00,0,0,0,20.135,,,,,,,,,,,,,
2022/8/7 15:00,0,0,0,19.5,,,,,,,,,,,,,
2022/8/7 16:00,0,0,0,18.752,,,,,,,,,,,,,
2022/8/7 17:00,0,0,0,17.851,,,,,,,,,,,,,
2022/8/7 18:00,0,0,0,16.928,,,,,,,,,,,,,
2022/8/7 19:00,0,0,0,16.222,,,,,,,,,,,,,
2022/8/7 20:00,0,0,0,15.894,,,,,,,,,,,,,
2022/8/7 21:00,0.008,0,0.026,16.081,,,,,,,,,,,,,
2022/8/7 22:00,0.088,0.01,0.108,17.242,,,,,,,,,,,,,
2022/8/7 23:00,0.194,0.042,0.192,19.314,,,,,,,,,,,,,
2022/8/8 0:00,0.313,0.104,0.268,21.204,,,,,,,,,,,,,
2022/8/8 1:00,0.482,0.281,0.304,22.807,,,,,,,,,,,,,
2022/8/8 2:00,0.653,0.566,0.263,24.297,,,,,,,,,,,,,
2022/8/8 3:00,0.714,0.673,0.257,25.367,,,,,,,,,,,,,
2022/8/8 4:00,0.722,0.695,0.251,26.222,,,,,,,,,,,,,
2022/8/8 5:00,0.688,0.66,0.237,26.868,,,,,,,,,,,,,
2022/8/8 6:00,0.564,0.457,0.256,27.049,,,,,,,,,,,,,
2022/8/8 7:00,0.431,0.293,0.238,26.968,,,,,,,,,,,,,
2022/8/8 8:00,0.304,0.192,0.179,26.639,,,,,,,,,,,,,
2022/8/8 9:00,0.143,0.059,0.124,25.666,,,,,,,,,,,,,
2022/8/8 10:00,0.02,0,0.043,23.336,,,,,,,,,,,,,
2022/8/8 11:00,0,0,0,21.473,,,,,,,,,,,,,
2022/8/8 12:00,0,0,0,20.963,,,,,,,,,,,,,
2022/8/8 13:00,0,0,0,20.44,,,,,,,,,,,,,
2022/8/8 14:00,0,0,0,20.085,,,,,,,,,,,,,
2022/8/8 15:00,0,0,0,19.42,,,,,,,,,,,,,
2022/8/8 16:00,0,0,0,18.653,,,,,,,,,,,,,
2022/8/8 17:00,0,0,0,18.069,,,,,,,,,,,,,
2022/8/8 18:00,0,0,0,17.646,,,,,,,,,,,,,
2022/8/8 19:00,0,0,0,16.8,,,,,,,,,,,,,
2022/8/8 20:00,0,0,0,16.197,,,,,,,,,,,,,
2022/8/8 21:00,0.005,0,0.022,16.419,,,,,,,,,,,,,
2022/8/8 22:00,0.09,0.011,0.109,18.542,,,,,,,,,,,,,
2022/8/8 23:00,0.269,0.14,0.181,21.198,,,,,,,,,,,,,
2022/8/9 0:00,0.468,0.413,0.16,24.836,,,,,,,,,,,,,
2022/8/9 1:00,0.596,0.575,0.182,26.906,,,,,,,,,,,,,
2022/8/9 2:00,0.705,0.755,0.177,28.298,,,,,,,,,,,,,
2022/8/9 3:00,0.752,0.834,0.181,29.32,,,,,,,,,,,,,
2022/8/9 4:00,0.752,0.839,0.182,30.028,,,,,,,,,,,,,
2022/8/9 5:00,0.711,0.777,0.177,30.453,,,,,,,,,,,,,
2022/8/9 6:00,0.623,0.646,0.169,30.554,,,,,,,,,,,,,
2022/8/9 7:00,0.492,0.469,0.155,30.335,,,,,,,,,,,,,
2022/8/9 8:00,0.323,0.265,0.135,29.726,,,,,,,,,,,,,
2022/8/9 9:00,0.145,0.087,0.101,28.647,,,,,,,,,,,,,
2022/8/9 10:00,0.02,0,0.043,25.761,,,,,,,,,,,,,
2022/8/9 11:00,0,0,0,22.557,,,,,,,,,,,,,
2022/8/9 12:00,0,0,0,20.996,,,,,,,,,,,,,
2022/8/9 13:00,0,0,0,20.026,,,,,,,,,,,,,
2022/8/9 14:00,0,0,0,19.521,,,,,,,,,,,,,
2022/8/9 15:00,0,0,0,19.136,,,,,,,,,,,,,
2022/8/9 16:00,0,0,0,18.641,,,,,,,,,,,,,
2022/8/9 17:00,0,0,0,18.093,,,,,,,,,,,,,
2022/8/9 18:00,0,0,0,17.653,,,,,,,,,,,,,
2022/8/9 19:00,0,0,0,17.283,,,,,,,,,,,,,
2022/8/9 20:00,0,0,0,16.871,,,,,,,,,,,,,
2022/8/9 21:00,0.007,0,0.026,17.465,,,,,,,,,,,,,
2022/8/9 22:00,0.121,0.066,0.089,20.204,,,,,,,,,,,,,
2022/8/9 23:00,0.311,0.252,0.121,23.174,,,,,,,,,,,,,
2022/8/10 0:00,0.478,0.43,0.164,27.257,,,,,,,,,,,,,
2022/8/10 1:00,0.598,0.583,0.191,29.982,,,,,,,,,,,,,
2022/8/10 2:00,0.686,0.718,0.203,31.696,,,,,,,,,,,,,
2022/8/10 3:00,0.727,0.785,0.211,32.96,,,,,,,,,,,,,
2022/8/10 4:00,0.722,0.779,0.216,33.839,,,,,,,,,,,,,
2022/8/10 5:00,0.579,0.464,0.3,33.934,,,,,,,,,,,,,
2022/8/10 6:00,0.455,0.275,0.309,33.719,,,,,,,,,,,,,
2022/8/10 7:00,0.329,0.144,0.271,33.277,,,,,,,,,,,,,
2022/8/10 8:00,0.237,0.099,0.202,32.72,,,,,,,,,,,,,
2022/8/10 9:00,0.125,0.044,0.124,31.056,,,,,,,,,,,,,
2022/8/10 10:00,0.019,0,0.042,28.183,,,,,,,,,,,,,
2022/8/10 11:00,0,0,0,26.151,,,,,,,,,,,,,
2022/8/10 12:00,0,0,0,24.797,,,,,,,,,,,,,
2022/8/10 13:00,0,0,0,22.776,,,,,,,,,,,,,
2022/8/10 14:00,0,0,0,21.311,,,,,,,,,,,,,
2022/8/10 15:00,0,0,0,20.054,,,,,,,,,,,,,
2022/8/10 16:00,0,0,0,19.033,,,,,,,,,,,,,
2022/8/10 17:00,0,0,0,18.299,,,,,,,,,,,,,
2022/8/10 18:00,0,0,0,17.737,,,,,,,,,,,,,
2022/8/10 19:00,0,0,0,17.351,,,,,,,,,,,,,
2022/8/10 20:00,0,0,0,17.247,,,,,,,,,,,,,
2022/8/10 21:00,0.006,0,0.024,17.552,,,,,,,,,,,,,
2022/8/10 22:00,0.093,0.015,0.109,18.958,,,,,,,,,,,,,
2022/8/10 23:00,0.254,0.122,0.182,21.264,,,,,,,,,,,,,
2022/8/11 0:00,0.464,0.385,0.179,23.861,,,,,,,,,,,,,
2022/8/11 1:00,0.603,0.571,0.193,26.049,,,,,,,,,,,,,
2022/8/11 2:00,0.69,0.699,0.207,27.879,,,,,,,,,,,,,
2022/8/11 3:00,0.736,0.778,0.211,29.306,,,,,,,,,,,,,
2022/8/11 4:00,0.734,0.778,0.214,30.307,,,,,,,,,,,,,
2022/8/11 5:00,0.681,0.692,0.217,30.88,,,,,,,,,,,,,
2022/8/11 6:00,0.588,0.554,0.211,31.033,,,,,,,,,,,,,
2022/8/11 7:00,0.468,0.406,0.186,30.796,,,,,,,,,,,,,
2022/8/11 8:00,0.314,0.237,0.153,30.087,,,,,,,,,,,,,
2022/8/11 9:00,0.142,0.075,0.11,28.736,,,,,,,,,,,,,
2022/8/11 10:00,0.019,0,0.041,25.76,,,,,,,,,,,,,
2022/8/11 11:00,0,0,0,23.192,,,,,,,,,,,,,
2022/8/11 12:00,0,0,0,22.404,,,,,,,,,,,,,
2022/8/11 13:00,0,0,0,22.087,,,,,,,,,,,,,
2022/8/11 14:00,0,0,0,21.708,,,,,,,,,,,,,
2022/8/11 15:00,0,0,0,21.324,,,,,,,,,,,,,
2022/8/11 16:00,0,0,0,20.91,,,,,,,,,,,,,
2022/8/11 17:00,0,0,0,20.491,,,,,,,,,,,,,
2022/8/11 18:00,0,0,0,19.871,,,,,,,,,,,,,
2022/8/11 19:00,0,0,0,19.539,,,,,,,,,,,,,
2022/8/11 20:00,0,0,0,19.284,,,,,,,,,,,,,
2022/8/11 21:00,0.001,0,0.017,19.408,,,,,,,,,,,,,
2022/8/11 22:00,0.069,0.006,0.091,20.559,,,,,,,,,,,,,
2022/8/11 23:00,0.141,0.02,0.158,22.077,,,,,,,,,,,,,
2022/8/12 0:00,0.139,0.008,0.168,22.214,,,,,,,,,,,,,
2022/8/12 1:00,0.181,0.011,0.212,21.836,,,,,,,,,,,,,
2022/8/12 2:00,0.207,0.013,0.238,21.557,,,,,,,,,,,,,
2022/8/12 3:00,0.302,0.032,0.328,21.748,,,,,,,,,,,,,
2022/8/12 4:00,0.274,0.024,0.303,21.504,,,,,,,,,,,,,
2022/8/12 5:00,0.203,0.012,0.234,21.091,,,,,,,,,,,,,
2022/8/12 6:00,0.151,0.007,0.181,20.671,,,,,,,,,,,,,
2022/8/12 7:00,0.147,0.008,0.175,20.393,,,,,,,,,,,,,
2022/8/12 8:00,0.142,0.012,0.166,20.471,,,,,,,,,,,,,
2022/8/12 9:00,0.118,0.02,0.132,20.656,,,,,,,,,,,,,
2022/8/12 10:00,0.016,0,0.037,19.643,,,,,,,,,,,,,
2022/8/12 11:00,0,0,0,18.066,,,,,,,,,,,,,
2022/8/12 12:00,0,0,0,17.788,,,,,,,,,,,,,
2022/8/12 13:00,0,0,0,17.672,,,,,,,,,,,,,
2022/8/12 14:00,0,0,0,17.604,,,,,,,,,,,,,
2022/8/12 15:00,0,0,0,17.51,,,,,,,,,,,,,
2022/8/12 16:00,0,0,0,17.434,,,,,,,,,,,,,
2022/8/12 17:00,0,0,0,17.294,,,,,,,,,,,,,
2022/8/12 18:00,0,0,0,17.146,,,,,,,,,,,,,
2022/8/12 19:00,0,0,0,16.973,,,,,,,,,,,,,
2022/8/12 20:00,0,0,0,16.64,,,,,,,,,,,,,
2022/8/12 21:00,0.008,0,0.026,17,,,,,,,,,,,,,
2022/8/12 22:00,0.116,0.025,0.124,19.061,,,,,,,,,,,,,
2022/8/12 23:00,0.293,0.162,0.188,21.89,,,,,,,,,,,,,
2022/8/13 0:00,0.468,0.385,0.188,24.777,,,,,,,,,,,,,
2022/8/13 1:00,0.603,0.559,0.208,26.594,,,,,,,,,,,,,
2022/8/13 2:00,0.693,0.687,0.223,27.953,,,,,,,,,,,,,
2022/8/13 3:00,0.739,0.765,0.228,29.069,,,,,,,,,,,,,
2022/8/13 4:00,0.732,0.751,0.236,29.861,,,,,,,,,,,,,
2022/8/13 5:00,0.586,0.438,0.319,29.945,,,,,,,,,,,,,
2022/8/13 6:00,0.428,0.202,0.332,29.652,,,,,,,,,,,,,
2022/8/13 7:00,0.348,0.156,0.275,29.422,,,,,,,,,,,,,
2022/8/13 8:00,0.292,0.179,0.182,29.104,,,,,,,,,,,,,
2022/8/13 9:00,0.116,0.03,0.125,27.688,,,,,,,,,,,,,
2022/8/13 10:00,0.009,0,0.028,24.638,,,,,,,,,,,,,
2022/8/13 11:00,0,0,0,22.982,,,,,,,,,,,,,
2022/8/13 12:00,0,0,0,22.553,,,,,,,,,,,,,
2022/8/13 13:00,0,0,0,21.997,,,,,,,,,,,,,
2022/8/13 14:00,0,0,0,21.396,,,,,,,,,,,,,
2022/8/13 15:00,0,0,0,20.702,,,,,,,,,,,,,
2022/8/13 16:00,0,0,0,20.241,,,,,,,,,,,,,
2022/8/13 17:00,0,0,0,20.066,,,,,,,,,,,,,
2022/8/13 18:00,0,0,0,19.948,,,,,,,,,,,,,
2022/8/13 19:00,0,0,0,19.894,,,,,,,,,,,,,
2022/8/13 20:00,0,0,0,19.829,,,,,,,,,,,,,
2022/8/13 21:00,0,0,0.006,19.744,,,,,,,,,,,,,
2022/8/13 22:00,0.024,0.001,0.046,19.975,,,,,,,,,,,,,
2022/8/13 23:00,0.083,0.005,0.108,20.305,,,,,,,,,,,,,
2022/8/14 0:00,0.143,0.009,0.17,20.961,,,,,,,,,,,,,
2022/8/14 1:00,0.207,0.016,0.235,21.978,,,,,,,,,,,,,
2022/8/14 2:00,0.255,0.024,0.284,22.76,,,,,,,,,,,,,
2022/8/14 3:00,0.296,0.032,0.323,22.961,,,,,,,,,,,,,
2022/8/14 4:00,0.433,0.113,0.411,23.427,,,,,,,,,,,,,
2022/8/14 5:00,0.396,0.093,0.384,23.462,,,,,,,,,,,,,
2022/8/14 6:00,0.273,0.035,0.294,22.946,,,,,,,,,,,,,
2022/8/14 7:00,0.175,0.014,0.202,22.192,,,,,,,,,,,,,
2022/8/14 8:00,0.117,0.008,0.144,21.533,,,,,,,,,,,,,
2022/8/14 9:00,0.065,0.004,0.09,20.803,,,,,,,,,,,,,
2022/8/14 10:00,0.007,0,0.026,19.712,,,,,,,,,,,,,
2022/8/14 11:00,0,0,0,18.718,,,,,,,,,,,,,
2022/8/14 12:00,0,0,0,18.319,,,,,,,,,,,,,
2022/8/14 13:00,0,0,0,18.135,,,,,,,,,,,,,
2022/8/14 14:00,0,0,0,18.083,,,,,,,,,,,,,
2022/8/14 15:00,0,0,0,18.084,,,,,,,,,,,,,
2022/8/14 16:00,0,0,0,18.052,,,,,,,,,,,,,
2022/8/14 17:00,0,0,0,17.756,,,,,,,,,,,,,
2022/8/14 18:00,0,0,0,17.461,,,,,,,,,,,,,
2022/8/14 19:00,0,0,0,17.309,,,,,,,,,,,,,
2022/8/14 20:00,0,0,0,17.117,,,,,,,,,,,,,
2022/8/14 21:00,0.007,0,0.026,16.946,,,,,,,,,,,,,
2022/8/14 22:00,0.119,0.034,0.117,18.036,,,,,,,,,,,,,
2022/8/14 23:00,0.304,0.187,0.172,19.694,,,,,,,,,,,,,
2022/8/15 0:00,0.481,0.421,0.16,21.717,,,,,,,,,,,,,
2022/8/15 1:00,0.62,0.598,0.179,23.459,,,,,,,,,,,,,
2022/8/15 2:00,0.705,0.717,0.196,24.894,,,,,,,,,,,,,
2022/8/15 3:00,0.747,0.78,0.206,25.949,,,,,,,,,,,,,
2022/8/15 4:00,0.725,0.726,0.226,26.385,,,,,,,,,,,,,
2022/8/15 5:00,0.656,0.6,0.243,26.282,,,,,,,,,,,,,
2022/8/15 6:00,0.458,0.26,0.302,25.35,,,,,,,,,,,,,
2022/8/15 7:00,0.358,0.178,0.255,24.208,,,,,,,,,,,,,
2022/8/15 8:00,0.215,0.069,0.192,22.706,,,,,,,,,,,,,
2022/8/15 9:00,0.099,0.02,0.112,21.027,,,,,,,,,,,,,
2022/8/15 10:00,0.008,0,0.026,19.158,,,,,,,,,,,,,
2022/8/15 11:00,0,0,0,17.661,,,,,,,,,,,,,
2022/8/15 12:00,0,0,0,16.763,,,,,,,,,,,,,
2022/8/15 13:00,0,0,0,15.956,,,,,,,,,,,,,
2022/8/15 14:00,0,0,0,15.141,,,,,,,,,,,,,
2022/8/15 15:00,0,0,0,14.567,,,,,,,,,,,,,
2022/8/15 16:00,0,0,0,14.188,,,,,,,,,,,,,
2022/8/15 17:00,0,0,0,13.908,,,,,,,,,,,,,
2022/8/15 18:00,0,0,0,13.669,,,,,,,,,,,,,
2022/8/15 19:00,0,0,0,13.369,,,,,,,,,,,,,
2022/8/15 20:00,0,0,0,13.083,,,,,,,,,,,,,
2022/8/15 21:00,0.004,0,0.021,13.125,,,,,,,,,,,,,
2022/8/15 22:00,0.119,0.059,0.09,14.523,,,,,,,,,,,,,
2022/8/15 23:00,0.317,0.246,0.124,17.316,,,,,,,,,,,,,
2022/8/16 0:00,0.5,0.468,0.133,20.478,,,,,,,,,,,,,
2022/8/16 1:00,0.64,0.653,0.149,22.571,,,,,,,,,,,,,
2022/8/16 2:00,0.732,0.79,0.16,24.178,,,,,,,,,,,,,
2022/8/16 3:00,0.778,0.868,0.165,25.389,,,,,,,,,,,,,
2022/8/16 4:00,0.776,0.869,0.167,26.183,,,,,,,,,,,,,
2022/8/16 5:00,0.731,0.8,0.164,26.646,,,,,,,,,,,,,
2022/8/16 6:00,0.64,0.667,0.155,26.712,,,,,,,,,,,,,
2022/8/16 7:00,0.505,0.488,0.14,26.425,,,,,,,,,,,,,
2022/8/16 8:00,0.328,0.277,0.122,25.751,,,,,,,,,,,,,
2022/8/16 9:00,0.137,0.085,0.091,24.548,,,,,,,,,,,,,
2022/8/16 10:00,0.012,0,0.032,21.686,,,,,,,,,,,,,
2022/8/16 11:00,0,0,0,19.201,,,,,,,,,,,,,
2022/8/16 12:00,0,0,0,18.199,,,,,,,,,,,,,
2022/8/16 13:00,0,0,0,17.411,,,,,,,,,,,,,
2022/8/16 14:00,0,0,0,16.745,,,,,,,,,,,,,
2022/8/16 15:00,0,0,0,16.223,,,,,,,,,,,,,
2022/8/16 16:00,0,0,0,15.833,,,,,,,,,,,,,
2022/8/16 17:00,0,0,0,15.496,,,,,,,,,,,,,
2022/8/16 18:00,0,0,0,15.191,,,,,,,,,,,,,
2022/8/16 19:00,0,0,0,14.911,,,,,,,,,,,,,
2022/8/16 20:00,0,0,0,14.637,,,,,,,,,,,,,
2022/8/16 21:00,0.003,0,0.019,15,,,,,,,,,,,,,
2022/8/16 22:00,0.112,0.06,0.084,17.842,,,,,,,,,,,,,
2022/8/16 23:00,0.304,0.242,0.118,20.508,,,,,,,,,,,,,
2022/8/17 0:00,0.476,0.413,0.167,23.815,,,,,,,,,,,,,
2022/8/17 1:00,0.607,0.58,0.19,25.93,,,,,,,,,,,,,
2022/8/17 2:00,0.693,0.702,0.207,27.56,,,,,,,,,,,,,
2022/8/17 3:00,0.738,0.775,0.213,28.914,,,,,,,,,,,,,
2022/8/17 4:00,0.687,0.654,0.258,29.811,,,,,,,,,,,,,
2022/8/17 5:00,0.448,0.202,0.36,29.763,,,,,,,,,,,,,
2022/8/17 6:00,0.292,0.065,0.297,29.399,,,,,,,,,,,,,
2022/8/17 7:00,0.25,0.06,0.251,29.176,,,,,,,,,,,,,
2022/8/17 8:00,0.262,0.142,0.183,29.033,,,,,,,,,,,,,
2022/8/17 9:00,0.128,0.059,0.109,27.755,,,,,,,,,,,,,
2022/8/17 10:00,0.011,0,0.032,24.615,,,,,,,,,,,,,
2022/8/17 11:00,0,0,0,22.802,,,,,,,,,,,,,
2022/8/17 12:00,0,0,0,22.442,,,,,,,,,,,,,
2022/8/17 13:00,0,0,0,21.947,,,,,,,,,,,,,
2022/8/17 14:00,0,0,0,21.471,,,,,,,,,,,,,
2022/8/17 15:00,0,0,0,20.997,,,,,,,,,,,,,
2022/8/17 16:00,0,0,0,20.483,,,,,,,,,,,,,
2022/8/17 17:00,0,0,0,19.932,,,,,,,,,,,,,
2022/8/17 18:00,0,0,0,19.609,,,,,,,,,,,,,
2022/8/17 19:00,0,0,0,19.455,,,,,,,,,,,,,
2022/8/17 20:00,0,0,0,19.398,,,,,,,,,,,,,
2022/8/17 21:00,0.002,0,0.018,19.383,,,,,,,,,,,,,
2022/8/17 22:00,0.085,0.015,0.1,20.96,,,,,,,,,,,,,
2022/8/17 23:00,0.222,0.09,0.181,23.244,,,,,,,,,,,,,
2022/8/18 0:00,0.341,0.142,0.271,25.474,,,,,,,,,,,,,
2022/8/18 1:00,0.435,0.205,0.331,27.069,,,,,,,,,,,,,
2022/8/18 2:00,0.552,0.35,0.351,28.522,,,,,,,,,,,,,
2022/8/18 3:00,0.573,0.358,0.378,29.654,,,,,,,,,,,,,
2022/8/18 4:00,0.483,0.201,0.409,29.81,,,,,,,,,,,,,
2022/8/18 5:00,0.325,0.058,0.343,28.644,,,,,,,,,,,,,
2022/8/18 6:00,0.169,0.011,0.203,26.735,,,,,,,,,,,,,
2022/8/18 7:00,0.092,0.004,0.122,25.342,,,,,,,,,,,,,
2022/8/18 8:00,0.071,0.003,0.098,24.713,,,,,,,,,,,,,
2022/8/18 9:00,0.07,0.006,0.095,24.371,,,,,,,,,,,,,
2022/8/18 10:00,0.001,0,0.018,23.307,,,,,,,,,,,,,
2022/8/18 11:00,0,0,0,22.461,,,,,,,,,,,,,
2022/8/18 12:00,0,0,0,21.902,,,,,,,,,,,,,
2022/8/18 13:00,0,0,0,21.296,,,,,,,,,,,,,
2022/8/18 14:00,0,0,0,20.699,,,,,,,,,,,,,
2022/8/18 15:00,0,0,0,20.369,,,,,,,,,,,,,
2022/8/18 16:00,0,0,0,20.521,,,,,,,,,,,,,
2022/8/18 17:00,0,0,0,20.622,,,,,,,,,,,,,
2022/8/18 18:00,0,0,0,20.566,,,,,,,,,,,,,
2022/8/18 19:00,0,0,0,20.219,,,,,,,,,,,,,
2022/8/18 20:00,0,0,0,19.778,,,,,,,,,,,,,
2022/8/18 21:00,0.001,0,0.018,19.414,,,,,,,,,,,,,
2022/8/18 22:00,0.085,0.012,0.103,18.964,,,,,,,,,,,,,
2022/8/18 23:00,0.236,0.086,0.194,19.107,,,,,,,,,,,,,
2022/8/19 0:00,0.407,0.284,0.199,20.314,,,,,,,,,,,,,
2022/8/19 1:00,0.581,0.519,0.195,21.621,,,,,,,,,,,,,
2022/8/19 2:00,0.682,0.663,0.202,22.766,,,,,,,,,,,,,
2022/8/19 3:00,0.757,0.801,0.188,23.737,,,,,,,,,,,,,
2022/8/19 4:00,0.759,0.81,0.187,24.434,,,,,,,,,,,,,
2022/8/19 5:00,0.731,0.783,0.17,24.899,,,,,,,,,,,,,
2022/8/19 6:00,0.645,0.666,0.156,25.009,,,,,,,,,,,,,
2022/8/19 7:00,0.511,0.491,0.139,24.671,,,,,,,,,,,,,
2022/8/19 8:00,0.334,0.286,0.116,23.862,,,,,,,,,,,,,
2022/8/19 9:00,0.138,0.09,0.085,22.612,,,,,,,,,,,,,
2022/8/19 10:00,0.004,0,0.022,19.846,,,,,,,,,,,,,
2022/8/19 11:00,0,0,0,17.331,,,,,,,,,,,,,
2022/8/19 12:00,0,0,0,16.461,,,,,,,,,,,,,
2022/8/19 13:00,0,0,0,15.8,,,,,,,,,,,,,
2022/8/19 14:00,0,0,0,15.354,,,,,,,,,,,,,
2022/8/19 15:00,0,0,0,14.854,,,,,,,,,,,,,
2022/8/19 16:00,0,0,0,14.222,,,,,,,,,,,,,
2022/8/19 17:00,0,0,0,13.712,,,,,,,,,,,,,
2022/8/19 18:00,0,0,0,13.348,,,,,,,,,,,,,
2022/8/19 19:00,0,0,0,13.046,,,,,,,,,,,,,
2022/8/19 20:00,0,0,0,12.836,,,,,,,,,,,,,
2022/8/19 21:00,0.001,0,0.016,13.117,,,,,,,,,,,,,
2022/8/19 22:00,0.113,0.066,0.077,16.589,,,,,,,,,,,,,
2022/8/19 23:00,0.314,0.26,0.109,19.392,,,,,,,,,,,,,
2022/8/20 0:00,0.492,0.46,0.138,22.915,,,,,,,,,,,,,
2022/8/20 1:00,0.628,0.636,0.158,24.713,,,,,,,,,,,,,
2022/8/20 2:00,0.716,0.764,0.173,26.101,,,,,,,,,,,,,
2022/8/20 3:00,0.761,0.84,0.179,27.385,,,,,,,,,,,,,
2022/8/20 4:00,0.758,0.839,0.181,28.531,,,,,,,,,,,,,
2022/8/20 5:00,0.711,0.77,0.178,29.359,,,,,,,,,,,,,
2022/8/20 6:00,0.62,0.639,0.168,29.744,,,,,,,,,,,,,
2022/8/20 7:00,0.486,0.46,0.152,29.584,,,,,,,,,,,,,
2022/8/20 8:00,0.313,0.257,0.129,28.718,,,,,,,,,,,,,
2022/8/20 9:00,0.127,0.072,0.094,27.009,,,,,,,,,,,,,
2022/8/20 10:00,0.004,0,0.022,24.603,,,,,,,,,,,,,
2022/8/20 11:00,0,0,0,22.723,,,,,,,,,,,,,
2022/8/20 12:00,0,0,0,21.609,,,,,,,,,,,,,
2022/8/20 13:00,0,0,0,20.693,,,,,,,,,,,,,
2022/8/20 14:00,0,0,0,20.274,,,,,,,,,,,,,
2022/8/20 15:00,0,0,0,20.238,,,,,,,,,,,,,
2022/8/20 16:00,0,0,0,20.391,,,,,,,,,,,,,
2022/8/20 17:00,0,0,0,20.429,,,,,,,,,,,,,
2022/8/20 18:00,0,0,0,20.325,,,,,,,,,,,,,
2022/8/20 19:00,0,0,0,20.064,,,,,,,,,,,,,
2022/8/20 20:00,0,0,0,19.794,,,,,,,,,,,,,
2022/8/20 21:00,0,0,0.015,19.716,,,,,,,,,,,,,
2022/8/20 22:00,0.084,0.021,0.094,20.794,,,,,,,,,,,,,
2022/8/20 23:00,0.23,0.115,0.164,23.066,,,,,,,,,,,,,
2022/8/21 0:00,0.385,0.237,0.233,25.992,,,,,,,,,,,,,
2022/8/21 1:00,0.502,0.358,0.272,28.47,,,,,,,,,,,,,
2022/8/21 2:00,0.562,0.411,0.312,30.219,,,,,,,,,,,,,
2022/8/21 3:00,0.583,0.419,0.34,31.426,,,,,,,,,,,,,
2022/8/21 4:00,0.523,0.301,0.372,32.024,,,,,,,,,,,,,
2022/8/21 5:00,0.461,0.224,0.363,32.295,,,,,,,,,,,,,
2022/8/21 6:00,0.393,0.171,0.325,32.266,,,,,,,,,,,,,
2022/8/21 7:00,0.332,0.152,0.264,32.024,,,,,,,,,,,,,
2022/8/21 8:00,0.243,0.117,0.189,31.338,,,,,,,,,,,,,
2022/8/21 9:00,0.106,0.032,0.112,29.408,,,,,,,,,,,,,
2022/8/21 10:00,0.004,0,0.022,26.209,,,,,,,,,,,,,
2022/8/21 11:00,0,0,0,24.128,,,,,,,,,,,,,
2022/8/21 12:00,0,0,0,22.744,,,,,,,,,,,,,
2022/8/21 13:00,0,0,0,21.702,,,,,,,,,,,,,
2022/8/21 14:00,0,0,0,21.085,,,,,,,,,,,,,
2022/8/21 15:00,0,0,0,20.765,,,,,,,,,,,,,
2022/8/21 16:00,0,0,0,20.543,,,,,,,,,,,,,
2022/8/21 17:00,0,0,0,20.374,,,,,,,,,,,,,
2022/8/21 18:00,0,0,0,20.238,,,,,,,,,,,,,
2022/8/21 19:00,0,0,0,20.119,,,,,,,,,,,,,
2022/8/21 20:00,0,0,0,19.944,,,,,,,,,,,,,
2022/8/21 21:00,0,0,0.008,19.772,,,,,,,,,,,,,
2022/8/21 22:00,0.063,0.007,0.085,20.673,,,,,,,,,,,,,
2022/8/21 23:00,0.226,0.092,0.18,21.2,,,,,,,,,,,,,
2022/8/22 0:00,0.387,0.257,0.206,21.767,,,,,,,,,,,,,
2022/8/22 1:00,0.533,0.426,0.225,22.577,,,,,,,,,,,,,
2022/8/22 2:00,0.672,0.649,0.207,23.651,,,,,,,,,,,,,
2022/8/22 3:00,0.766,0.831,0.178,24.507,,,,,,,,,,,,,
2022/8/22 4:00,0.779,0.861,0.171,24.935,,,,,,,,,,,,,
2022/8/22 5:00,0.742,0.81,0.161,24.906,,,,,,,,,,,,,
2022/8/22 6:00,0.655,0.684,0.149,24.448,,,,,,,,,,,,,
2022/8/22 7:00,0.517,0.5,0.134,23.626,,,,,,,,,,,,,
2022/8/22 8:00,0.335,0.286,0.114,22.463,,,,,,,,,,,,,
2022/8/22 9:00,0.134,0.086,0.083,21.082,,,,,,,,,,,,,
2022/8/22 10:00,0.002,0,0.019,18.949,,,,,,,,,,,,,
2022/8/22 11:00,0,0,0,16.703,,,,,,,,,,,,,
2022/8/22 12:00,0,0,0,15.719,,,,,,,,,,,,,
2022/8/22 13:00,0,0,0,14.929,,,,,,,,,,,,,
2022/8/22 14:00,0,0,0,14.36,,,,,,,,,,,,,
2022/8/22 15:00,0,0,0,13.937,,,,,,,,,,,,,
2022/8/22 16:00,0,0,0,13.327,,,,,,,,,,,,,
2022/8/22 17:00,0,0,0,12.746,,,,,,,,,,,,,
2022/8/22 18:00,0,0,0,12.089,,,,,,,,,,,,,
2022/8/22 19:00,0,0,0,11.53,,,,,,,,,,,,,
2022/8/22 20:00,0,0,0,11.024,,,,,,,,,,,,,
2022/8/22 21:00,0,0,0.014,10.857,,,,,,,,,,,,,
2022/8/22 22:00,0.111,0.064,0.075,12.621,,,,,,,,,,,,,
2022/8/22 23:00,0.318,0.262,0.107,15.85,,,,,,,,,,,,,
2022/8/23 0:00,0.504,0.46,0.143,19.296,,,,,,,,,,,,,
2022/8/23 1:00,0.647,0.643,0.162,21.078,,,,,,,,,,,,,
2022/8/23 2:00,0.74,0.778,0.175,22.394,,,,,,,,,,,,,
2022/8/23 3:00,0.785,0.849,0.183,23.424,,,,,,,,,,,,,
2022/8/23 4:00,0.748,0.762,0.213,23.987,,,,,,,,,,,,,
2022/8/23 5:00,0.591,0.445,0.292,23.966,,,,,,,,,,,,,
2022/8/23 6:00,0.48,0.3,0.285,23.803,,,,,,,,,,,,,
2022/8/23 7:00,0.36,0.187,0.245,23.452,,,,,,,,,,,,,
2022/8/23 8:00,0.227,0.093,0.182,22.793,,,,,,,,,,,,,
2022/8/23 9:00,0.086,0.017,0.099,21.48,,,,,,,,,,,,,
2022/8/23 10:00,0.001,0,0.018,19.098,,,,,,,,,,,,,
2022/8/23 11:00,0,0,0,18.22,,,,,,,,,,,,,
2022/8/23 12:00,0,0,0,17.831,,,,,,,,,,,,,
2022/8/23 13:00,0,0,0,17.351,,,,,,,,,,,,,
2022/8/23 14:00,0,0,0,16.417,,,,,,,,,,,,,
2022/8/23 15:00,0,0,0,15.196,,,,,,,,,,,,,
2022/8/23 16:00,0,0,0,14.231,,,,,,,,,,,,,
2022/8/23 17:00,0,0,0,13.184,,,,,,,,,,,,,
2022/8/23 18:00,0,0,0,12.823,,,,,,,,,,,,,
2022/8/23 19:00,0,0,0,12.615,,,,,,,,,,,,,
2022/8/23 20:00,0,0,0,12.485,,,,,,,,,,,,,
2022/8/23 21:00,0,0,0.014,12.562,,,,,,,,,,,,,
2022/8/23 22:00,0.092,0.028,0.093,15.208,,,,,,,,,,,,,
2022/8/23 23:00,0.251,0.137,0.159,17.771,,,,,,,,,,,,,
2022/8/24 0:00,0.397,0.269,0.203,21.085,,,,,,,,,,,,,
2022/8/24 1:00,0.516,0.392,0.24,23.123,,,,,,,,,,,,,
2022/8/24 2:00,0.603,0.498,0.26,24.537,,,,,,,,,,,,,
2022/8/24 3:00,0.705,0.69,0.227,25.623,,,,,,,,,,,,,
2022/8/24 4:00,0.724,0.737,0.214,26.34,,,,,,,,,,,,,
2022/8/24 5:00,0.698,0.719,0.194,26.847,,,,,,,,,,,,,
2022/8/24 6:00,0.594,0.562,0.193,26.936,,,,,,,,,,,,,
2022/8/24 7:00,0.475,0.427,0.162,26.739,,,,,,,,,,,,,
2022/8/24 8:00,0.314,0.256,0.126,26.12,,,,,,,,,,,,,
2022/8/24 9:00,0.122,0.07,0.089,24.682,,,,,,,,,,,,,
2022/8/24 10:00,0.002,0,0.018,20.895,,,,,,,,,,,,,
2022/8/24 11:00,0,0,0,19.371,,,,,,,,,,,,,
2022/8/24 12:00,0,0,0,18.88,,,,,,,,,,,,,
2022/8/24 13:00,0,0,0,18.083,,,,,,,,,,,,,
2022/8/24 14:00,0,0,0,17.515,,,,,,,,,,,,,
2022/8/24 15:00,0,0,0,17.194,,,,,,,,,,,,,
2022/8/24 16:00,0,0,0,17.071,,,,,,,,,,,,,
2022/8/24 17:00,0,0,0,16.778,,,,,,,,,,,,,
2022/8/24 18:00,0,0,0,16.155,,,,,,,,,,,,,
2022/8/24 19:00,0,0,0,15.266,,,,,,,,,,,,,
2022/8/24 20:00,0,0,0,14.412,,,,,,,,,,,,,
2022/8/24 21:00,0,0,0.013,13.762,,,,,,,,,,,,,
2022/8/24 22:00,0.107,0.059,0.077,14.946,,,,,,,,,,,,,
2022/8/24 23:00,0.312,0.252,0.111,17.25,,,,,,,,,,,,,
2022/8/25 0:00,0.501,0.463,0.135,19.306,,,,,,,,,,,,,
2022/8/25 1:00,0.644,0.647,0.154,21.002,,,,,,,,,,,,,
2022/8/25 2:00,0.736,0.78,0.168,22.504,,,,,,,,,,,,,
2022/8/25 3:00,0.781,0.853,0.175,23.802,,,,,,,,,,,,,
2022/8/25 4:00,0.774,0.842,0.18,24.81,,,,,,,,,,,,,
2022/8/25 5:00,0.728,0.778,0.174,25.612,,,,,,,,,,,,,
2022/8/25 6:00,0.62,0.615,0.174,26.033,,,,,,,,,,,,,
2022/8/25 7:00,0.485,0.444,0.155,26.046,,,,,,,,,,,,,
2022/8/25 8:00,0.284,0.198,0.147,25.326,,,,,,,,,,,,,
2022/8/25 9:00,0.112,0.052,0.095,23.527,,,,,,,,,,,,,
2022/8/25 10:00,0.001,0,0.018,19.896,,,,,,,,,,,,,
2022/8/25 11:00,0,0,0,17.301,,,,,,,,,,,,,
2022/8/25 12:00,0,0,0,15.916,,,,,,,,,,,,,
2022/8/25 13:00,0,0,0,14.921,,,,,,,,,,,,,
2022/8/25 14:00,0,0,0,14.483,,,,,,,,,,,,,
2022/8/25 15:00,0,0,0,13.824,,,,,,,,,,,,,
2022/8/25 16:00,0,0,0,12.938,,,,,,,,,,,,,
2022/8/25 17:00,0,0,0,12.236,,,,,,,,,,,,,
2022/8/25 18:00,0,0,0,11.593,,,,,,,,,,,,,
2022/8/25 19:00,0,0,0,11.183,,,,,,,,,,,,,
2022/8/25 20:00,0,0,0,11.181,,,,,,,,,,,,,
2022/8/25 21:00,0,0,0.01,11.024,,,,,,,,,,,,,
2022/8/25 22:00,0.079,0.019,0.086,11.656,,,,,,,,,,,,,
2022/8/25 23:00,0.235,0.114,0.158,13.28,,,,,,,,,,,,,
2022/8/26 0:00,0.417,0.288,0.194,15.429,,,,,,,,,,,,,
2022/8/26 1:00,0.59,0.513,0.197,17.544,,,,,,,,,,,,,
2022/8/26 2:00,0.72,0.718,0.186,19.129,,,,,,,,,,,,,
2022/8/26 3:00,0.706,0.647,0.239,19.618,,,,,,,,,,,,,
2022/8/26 4:00,0.664,0.55,0.273,19.526,,,,,,,,,,,,,
2022/8/26 5:00,0.646,0.548,0.248,19.518,,,,,,,,,,,,,
2022/8/26 6:00,0.611,0.555,0.193,19.571,,,,,,,,,,,,,
2022/8/26 7:00,0.478,0.399,0.169,19.19,,,,,,,,,,,,,
2022/8/26 8:00,0.311,0.233,0.132,18.418,,,,,,,,,,,,,
2022/8/26 9:00,0.127,0.077,0.083,17.589,,,,,,,,,,,,,
2022/8/26 10:00,0,0,0.016,15.659,,,,,,,,,,,,,
2022/8/26 11:00,0,0,0,13.845,,,,,,,,,,,,,
2022/8/26 12:00,0,0,0,13.171,,,,,,,,,,,,,
2022/8/26 13:00,0,0,0,12.398,,,,,,,,,,,,,
2022/8/26 14:00,0,0,0,11.565,,,,,,,,,,,,,
2022/8/26 15:00,0,0,0,10.707,,,,,,,,,,,,,
2022/8/26 16:00,0,0,0,10.095,,,,,,,,,,,,,
2022/8/26 17:00,0,0,0,9.557,,,,,,,,,,,,,
2022/8/26 18:00,0,0,0,9.126,,,,,,,,,,,,,
2022/8/26 19:00,0,0,0,8.745,,,,,,,,,,,,,
2022/8/26 20:00,0,0,0,8.383,,,,,,,,,,,,,
2022/8/26 21:00,0,0,0.011,8.311,,,,,,,,,,,,,
2022/8/26 22:00,0.11,0.067,0.07,10.426,,,,,,,,,,,,,
2022/8/26 23:00,0.325,0.27,0.102,13.77,,,,,,,,,,,,,
2022/8/27 0:00,0.518,0.487,0.126,16.928,,,,,,,,,,,,,
2022/8/27 1:00,0.665,0.676,0.144,18.661,,,,,,,,,,,,,
2022/8/27 2:00,0.76,0.815,0.156,20.118,,,,,,,,,,,,,
2022/8/27 3:00,0.807,0.893,0.163,21.377,,,,,,,,,,,,,
2022/8/27 4:00,0.805,0.896,0.164,22.423,,,,,,,,,,,,,
2022/8/27 5:00,0.758,0.828,0.159,23.13,,,,,,,,,,,,,
2022/8/27 6:00,0.663,0.692,0.149,23.482,,,,,,,,,,,,,
2022/8/27 7:00,0.521,0.506,0.132,23.438,,,,,,,,,,,,,
2022/8/27 8:00,0.334,0.291,0.11,22.884,,,,,,,,,,,,,
2022/8/27 9:00,0.127,0.085,0.077,21.276,,,,,,,,,,,,,
2022/8/27 10:00,0,0,0.015,17.35,,,,,,,,,,,,,
2022/8/27 11:00,0,0,0,15.286,,,,,,,,,,,,,
2022/8/27 12:00,0,0,0,14.101,,,,,,,,,,,,,
2022/8/27 13:00,0,0,0,13.099,,,,,,,,,,,,,
2022/8/27 14:00,0,0,0,12.534,,,,,,,,,,,,,
2022/8/27 15:00,0,0,0,12.355,,,,,,,,,,,,,
2022/8/27 16:00,0,0,0,11.85,,,,,,,,,,,,,
2022/8/27 17:00,0,0,0,11.623,,,,,,,,,,,,,
2022/8/27 18:00,0,0,0,11.62,,,,,,,,,,,,,
2022/8/27 19:00,0,0,0,11.738,,,,,,,,,,,,,
2022/8/27 20:00,0,0,0,11.75,,,,,,,,,,,,,
2022/8/27 21:00,0,0,0.007,11.754,,,,,,,,,,,,,
2022/8/27 22:00,0.034,0.003,0.054,13.084,,,,,,,,,,,,,
2022/8/27 23:00,0.136,0.025,0.142,14.889,,,,,,,,,,,,,
2022/8/28 0:00,0.218,0.03,0.229,17.181,,,,,,,,,,,,,
2022/8/28 1:00,0.299,0.051,0.301,19.16,,,,,,,,,,,,,
2022/8/28 2:00,0.273,0.029,0.295,19.985,,,,,,,,,,,,,
2022/8/28 3:00,0.293,0.032,0.316,20.761,,,,,,,,,,,,,
2022/8/28 4:00,0.281,0.028,0.307,21.505,,,,,,,,,,,,,
2022/8/28 5:00,0.212,0.015,0.243,21.671,,,,,,,,,,,,,
2022/8/28 6:00,0.177,0.011,0.206,21.418,,,,,,,,,,,,,
2022/8/28 7:00,0.145,0.009,0.172,20.864,,,,,,,,,,,,,
2022/8/28 8:00,0.109,0.008,0.133,20.056,,,,,,,,,,,,,
2022/8/28 9:00,0.047,0.003,0.07,18.59,,,,,,,,,,,,,
2022/8/28 10:00,0,0,0.011,16.296,,,,,,,,,,,,,
2022/8/28 11:00,0,0,0,14.598,,,,,,,,,,,,,
2022/8/28 12:00,0,0,0,13.673,,,,,,,,,,,,,
2022/8/28 13:00,0,0,0,13.015,,,,,,,,,,,,,
2022/8/28 14:00,0,0,0,12.491,,,,,,,,,,,,,
2022/8/28 15:00,0,0,0,12.06,,,,,,,,,,,,,
2022/8/28 16:00,0,0,0,11.799,,,,,,,,,,,,,
2022/8/28 17:00,0,0,0,11.588,,,,,,,,,,,,,
2022/8/28 18:00,0,0,0,11.45,,,,,,,,,,,,,
2022/8/28 19:00,0,0,0,11.334,,,,,,,,,,,,,
2022/8/28 20:00,0,0,0,11.269,,,,,,,,,,,,,
2022/8/28 21:00,0,0,0.006,11.16,,,,,,,,,,,,,
2022/8/28 22:00,0.052,0.004,0.072,12.112,,,,,,,,,,,,,
2022/8/28 23:00,0.191,0.043,0.182,13.933,,,,,,,,,,,,,
2022/8/29 0:00,0.386,0.237,0.212,16.6,,,,,,,,,,,,,
2022/8/29 1:00,0.542,0.419,0.232,19.012,,,,,,,,,,,,,
2022/8/29 2:00,0.646,0.561,0.242,20.738,,,,,,,,,,,,,
2022/8/29 3:00,0.696,0.634,0.248,22.066,,,,,,,,,,,,,
2022/8/29 4:00,0.682,0.606,0.26,22.904,,,,,,,,,,,,,
2022/8/29 5:00,0.659,0.599,0.236,23.53,,,,,,,,,,,,,
2022/8/29 6:00,0.58,0.51,0.212,23.775,,,,,,,,,,,,,
2022/8/29 7:00,0.425,0.314,0.2,23.514,,,,,,,,,,,,,
2022/8/29 8:00,0.258,0.151,0.16,22.862,,,,,,,,,,,,,
2022/8/29 9:00,0.091,0.029,0.094,21.643,,,,,,,,,,,,,
2022/8/29 10:00,0,0,0.013,19.294,,,,,,,,,,,,,
2022/8/29 11:00,0,0,0,17.602,,,,,,,,,,,,,
2022/8/29 12:00,0,0,0,16.315,,,,,,,,,,,,,
2022/8/29 13:00,0,0,0,15.176,,,,,,,,,,,,,
2022/8/29 14:00,0,0,0,14.133,,,,,,,,,,,,,
2022/8/29 15:00,0,0,0,13.321,,,,,,,,,,,,,
2022/8/29 16:00,0,0,0,12.787,,,,,,,,,,,,,
2022/8/29 17:00,0,0,0,12.342,,,,,,,,,,,,,
2022/8/29 18:00,0,0,0,11.972,,,,,,,,,,,,,
2022/8/29 19:00,0,0,0,11.647,,,,,,,,,,,,,
2022/8/29 20:00,0,0,0,11.328,,,,,,,,,,,,,
2022/8/29 21:00,0,0,0.009,11.244,,,,,,,,,,,,,
2022/8/29 22:00,0.096,0.048,0.077,14.476,,,,,,,,,,,,,
2022/8/29 23:00,0.294,0.224,0.12,17.38,,,,,,,,,,,,,
2022/8/30 0:00,0.478,0.432,0.145,21.523,,,,,,,,,,,,,
2022/8/30 1:00,0.617,0.608,0.166,23.686,,,,,,,,,,,,,
2022/8/30 2:00,0.702,0.72,0.187,24.932,,,,,,,,,,,,,
2022/8/30 3:00,0.748,0.793,0.194,25.975,,,,,,,,,,,,,
2022/8/30 4:00,0.729,0.751,0.209,26.655,,,,,,,,,,,,,
2022/8/30 5:00,0.662,0.637,0.22,26.972,,,,,,,,,,,,,
2022/8/30 6:00,0.588,0.553,0.194,27.07,,,,,,,,,,,,,
2022/8/30 7:00,0.406,0.294,0.204,26.616,,,,,,,,,,,,,
2022/8/30 8:00,0.22,0.103,0.168,25.796,,,,,,,,,,,,,
2022/8/30 9:00,0.075,0.018,0.088,24.383,,,,,,,,,,,,,
2022/8/30 10:00,0,0,0.011,21.599,,,,,,,,,,,,,
2022/8/30 11:00,0,0,0,19.919,,,,,,,,,,,,,
2022/8/30 12:00,0,0,0,18.869,,,,,,,,,,,,,
2022/8/30 13:00,0,0,0,17.861,,,,,,,,,,,,,
2022/8/30 14:00,0,0,0,16.895,,,,,,,,,,,,,
2022/8/30 15:00,0,0,0,16.123,,,,,,,,,,,,,
2022/8/30 16:00,0,0,0,15.142,,,,,,,,,,,,,
2022/8/30 17:00,0,0,0,14.016,,,,,,,,,,,,,
2022/8/30 18:00,0,0,0,13.22,,,,,,,,,,,,,
2022/8/30 19:00,0,0,0,12.706,,,,,,,,,,,,,
2022/8/30 20:00,0,0,0,12.281,,,,,,,,,,,,,
2022/8/30 21:00,0,0,0.008,11.923,,,,,,,,,,,,,
2022/8/30 22:00,0.094,0.047,0.075,14.213,,,,,,,,,,,,,
2022/8/30 23:00,0.29,0.22,0.119,17.121,,,,,,,,,,,,,
2022/8/31 0:00,0.481,0.441,0.136,20.819,,,,,,,,,,,,,
2022/8/31 1:00,0.621,0.623,0.156,23.359,,,,,,,,,,,,,
2022/8/31 2:00,0.712,0.753,0.17,25.056,,,,,,,,,,,,,
2022/8/31 3:00,0.741,0.79,0.188,26.205,,,,,,,,,,,,,
2022/8/31 4:00,0.719,0.74,0.206,26.941,,,,,,,,,,,,,
2022/8/31 5:00,0.671,0.672,0.202,27.451,,,,,,,,,,,,,
2022/8/31 6:00,0.604,0.599,0.172,27.633,,,,,,,,,,,,,
2022/8/31 7:00,0.457,0.405,0.161,27.259,,,,,,,,,,,,,
2022/8/31 8:00,0.275,0.199,0.137,26.223,,,,,,,,,,,,,
2022/8/31 9:00,0.101,0.052,0.084,24.315,,,,,,,,,,,,,
2022/8/31 10:00,0,0,0.012,20.063,,,,,,,,,,,,,
2022/8/31 11:00,0,0,0,18.197,,,,,,,,,,,,,
2022/8/31 12:00,0,0,0,17.171,,,,,,,,,,,,,
2022/8/31 13:00,0,0,0,15.937,,,,,,,,,,,,,
2022/8/31 14:00,0,0,0,14.125,,,,,,,,,,,,,
2022/8/31 15:00,0,0,0,12.955,,,,,,,,,,,,,
2022/8/31 16:00,0,0,0,11.807,,,,,,,,,,,,,
2022/8/31 17:00,0,0,0,10.629,,,,,,,,,,,,,
2022/8/31 18:00,0,0,0,9.575,,,,,,,,,,,,,
2022/8/31 19:00,0,0,0,8.738,,,,,,,,,,,,,
2022/8/31 20:00,0,0,0,8.089,,,,,,,,,,,,,
2022/8/31 21:00,0,0,0.007,7.716,,,,,,,,,,,,,
2022/8/31 22:00,0.104,0.068,0.062,10.321,,,,,,,,,,,,,
2022/8/31 23:00,0.324,0.278,0.093,13.573,,,,,,,,,,,,,
2022/9/1 0:00,0.524,0.509,0.11,16.587,,,,,,,,,,,,,
2022/9/1 1:00,0.672,0.703,0.126,18.625,,,,,,,,,,,,,
2022/9/1 2:00,0.766,0.844,0.138,20.489,,,,,,,,,,,,,
2022/9/1 3:00,0.81,0.92,0.145,22.122,,,,,,,,,,,,,
2022/9/1 4:00,0.805,0.92,0.147,23.463,,,,,,,,,,,,,
2022/9/1 5:00,0.756,0.848,0.143,24.456,,,,,,,,,,,,,
2022/9/1 6:00,0.66,0.71,0.133,25.031,,,,,,,,,,,,,
2022/9/1 7:00,0.515,0.519,0.118,25.115,,,,,,,,,,,,,
2022/9/1 8:00,0.326,0.297,0.097,24.62,,,,,,,,,,,,,
2022/9/1 9:00,0.117,0.084,0.067,22.467,,,,,,,,,,,,,
2022/9/1 10:00,0,0,0.01,17.48,,,,,,,,,,,,,
2022/9/1 11:00,0,0,0,15.381,,,,,,,,,,,,,
2022/9/1 12:00,0,0,0,14.287,,,,,,,,,,,,,
2022/9/1 13:00,0,0,0,13.297,,,,,,,,,,,,,
2022/9/1 14:00,0,0,0,12.43,,,,,,,,,,,,,
2022/9/1 15:00,0,0,0,11.688,,,,,,,,,,,,,
2022/9/1 16:00,0,0,0,11.167,,,,,,,,,,,,,
2022/9/1 17:00,0,0,0,10.846,,,,,,,,,,,,,
2022/9/1 18:00,0,0,0,10.621,,,,,,,,,,,,,
2022/9/1 19:00,0,0,0,10.435,,,,,,,,,,,,,
2022/9/1 20:00,0,0,0,10.199,,,,,,,,,,,,,
2022/9/1 21:00,0,0,0.006,10.054,,,,,,,,,,,,,
2022/9/1 22:00,0.096,0.061,0.062,13.216,,,,,,,,,,,,,
2022/9/1 23:00,0.308,0.264,0.095,16.695,,,,,,,,,,,,,
2022/9/2 0:00,0.498,0.479,0.121,20.811,,,,,,,,,,,,,
2022/9/2 1:00,0.637,0.67,0.139,24.814,,,,,,,,,,,,,
2022/9/2 2:00,0.727,0.808,0.152,26.935,,,,,,,,,,,,,
2022/9/2 3:00,0.771,0.884,0.158,28.335,,,,,,,,,,,,,
2022/9/2 4:00,0.768,0.883,0.16,29.237,,,,,,,,,,,,,
2022/9/2 5:00,0.721,0.81,0.157,29.753,,,,,,,,,,,,,
2022/9/2 6:00,0.629,0.674,0.146,29.818,,,,,,,,,,,,,
2022/9/2 7:00,0.488,0.483,0.131,29.414,,,,,,,,,,,,,
2022/9/2 8:00,0.304,0.265,0.11,28.38,,,,,,,,,,,,,
2022/9/2 9:00,0.106,0.067,0.074,25.546,,,,,,,,,,,,,
2022/9/2 10:00,0,0,0.01,21.162,,,,,,,,,,,,,
2022/9/2 11:00,0,0,0,19.783,,,,,,,,,,,,,
2022/9/2 12:00,0,0,0,18.695,,,,,,,,,,,,,
2022/9/2 13:00,0,0,0,17.645,,,,,,,,,,,,,
2022/9/2 14:00,0,0,0,16.734,,,,,,,,,,,,,
2022/9/2 15:00,0,0,0,16.054,,,,,,,,,,,,,
2022/9/2 16:00,0,0,0,15.468,,,,,,,,,,,,,
2022/9/2 17:00,0,0,0,14.913,,,,,,,,,,,,,
2022/9/2 18:00,0,0,0,14.239,,,,,,,,,,,,,
2022/9/2 19:00,0,0,0,13.562,,,,,,,,,,,,,
2022/9/2 20:00,0,0,0,12.934,,,,,,,,,,,,,
2022/9/2 21:00,0,0,0.006,12.403,,,,,,,,,,,,,
2022/9/2 22:00,0.086,0.044,0.069,14.434,,,,,,,,,,,,,
2022/9/2 23:00,0.262,0.183,0.124,17.162,,,,,,,,,,,,,
2022/9/3 0:00,0.408,0.288,0.199,21.229,,,,,,,,,,,,,
2022/9/3 1:00,0.525,0.407,0.241,24.345,,,,,,,,,,,,,
2022/9/3 2:00,0.622,0.532,0.258,25.885,,,,,,,,,,,,,
2022/9/3 3:00,0.669,0.6,0.268,26.841,,,,,,,,,,,,,
2022/9/3 4:00,0.705,0.686,0.242,27.593,,,,,,,,,,,,,
2022/9/3 5:00,0.685,0.684,0.215,27.989,,,,,,,,,,,,,
2022/9/3 6:00,0.594,0.558,0.201,27.928,,,,,,,,,,,,,
2022/9/3 7:00,0.416,0.307,0.205,27.212,,,,,,,,,,,,,
2022/9/3 8:00,0.209,0.088,0.171,25.873,,,,,,,,,,,,,
2022/9/3 9:00,0.055,0.008,0.075,24.022,,,,,,,,,,,,,
2022/9/3 10:00,0,0,0.006,21.825,,,,,,,,,,,,,
2022/9/3 11:00,0,0,0,20.427,,,,,,,,,,,,,
2022/9/3 12:00,0,0,0,19.509,,,,,,,,,,,,,
2022/9/3 13:00,0,0,0,18.841,,,,,,,,,,,,,
2022/9/3 14:00,0,0,0,18.204,,,,,,,,,,,,,
2022/9/3 15:00,0,0,0,17.618,,,,,,,,,,,,,
2022/9/3 16:00,0,0,0,17.041,,,,,,,,,,,,,
2022/9/3 17:00,0,0,0,16.554,,,,,,,,,,,,,
2022/9/3 18:00,0,0,0,16.206,,,,,,,,,,,,,
2022/9/3 19:00,0,0,0,15.89,,,,,,,,,,,,,
2022/9/3 20:00,0,0,0,15.648,,,,,,,,,,,,,
2022/9/3 21:00,0,0,0.002,15.472,,,,,,,,,,,,,
2022/9/3 22:00,0.021,0.002,0.041,15.659,,,,,,,,,,,,,
2022/9/3 23:00,0.135,0.026,0.142,16.804,,,,,,,,,,,,,
2022/9/4 0:00,0.324,0.152,0.23,19.205,,,,,,,,,,,,,
2022/9/4 1:00,0.555,0.46,0.221,22.451,,,,,,,,,,,,,
2022/9/4 2:00,0.642,0.575,0.242,24.937,,,,,,,,,,,,,
2022/9/4 3:00,0.672,0.604,0.264,26.294,,,,,,,,,,,,,
2022/9/4 4:00,0.578,0.403,0.327,26.614,,,,,,,,,,,,,
2022/9/4 5:00,0.417,0.169,0.343,26.332,,,,,,,,,,,,,
2022/9/4 6:00,0.325,0.1,0.295,26.039,,,,,,,,,,,,,
2022/9/4 7:00,0.275,0.095,0.241,25.818,,,,,,,,,,,,,
2022/9/4 8:00,0.169,0.047,0.164,25.13,,,,,,,,,,,,,
2022/9/4 9:00,0.063,0.013,0.08,23.423,,,,,,,,,,,,,
2022/9/4 10:00,0,0,0.008,20.377,,,,,,,,,,,,,
2022/9/4 11:00,0,0,0,19.198,,,,,,,,,,,,,
2022/9/4 12:00,0,0,0,18.697,,,,,,,,,,,,,
2022/9/4 13:00,0,0,0,18.195,,,,,,,,,,,,,
2022/9/4 14:00,0,0,0,17.559,,,,,,,,,,,,,
2022/9/4 15:00,0,0,0,16.577,,,,,,,,,,,,,
2022/9/4 16:00,0,0,0,15.316,,,,,,,,,,,,,
2022/9/4 17:00,0,0,0,14.092,,,,,,,,,,,,,
2022/9/4 18:00,0,0,0,13.051,,,,,,,,,,,,,
2022/9/4 19:00,0,0,0,12.202,,,,,,,,,,,,,
2022/9/4 20:00,0,0,0,11.38,,,,,,,,,,,,,
2022/9/4 21:00,0,0,0.005,10.284,,,,,,,,,,,,,
2022/9/4 22:00,0.092,0.05,0.069,11.28,,,,,,,,,,,,,
2022/9/4 23:00,0.308,0.241,0.111,13.104,,,,,,,,,,,,,
2022/9/5 0:00,0.519,0.497,0.111,15.257,,,,,,,,,,,,,
2022/9/5 1:00,0.672,0.698,0.127,17.316,,,,,,,,,,,,,
2022/9/5 2:00,0.768,0.838,0.139,19.076,,,,,,,,,,,,,
2022/9/5 3:00,0.812,0.913,0.146,20.555,,,,,,,,,,,,,
2022/9/5 4:00,0.81,0.915,0.147,21.685,,,,,,,,,,,,,
2022/9/5 5:00,0.763,0.846,0.142,22.263,,,,,,,,,,,,,
2022/9/5 6:00,0.667,0.709,0.132,22.223,,,,,,,,,,,,,
2022/9/5 7:00,0.522,0.518,0.116,21.626,,,,,,,,,,,,,
2022/9/5 8:00,0.327,0.293,0.095,20.572,,,,,,,,,,,,,
2022/9/5 9:00,0.11,0.079,0.064,18.693,,,,,,,,,,,,,
2022/9/5 10:00,0,0,0.007,14.232,,,,,,,,,,,,,
2022/9/5 11:00,0,0,0,12.436,,,,,,,,,,,,,
2022/9/5 12:00,0,0,0,11.674,,,,,,,,,,,,,
2022/9/5 13:00,0,0,0,11.098,,,,,,,,,,,,,
2022/9/5 14:00,0,0,0,10.434,,,,,,,,,,,,,
2022/9/5 15:00,0,0,0,10.027,,,,,,,,,,,,,
2022/9/5 16:00,0,0,0,9.928,,,,,,,,,,,,,
2022/9/5 17:00,0,0,0,9.796,,,,,,,,,,,,,
2022/9/5 18:00,0,0,0,9.414,,,,,,,,,,,,,
2022/9/5 19:00,0,0,0,8.987,,,,,,,,,,,,,
2022/9/5 20:00,0,0,0,8.583,,,,,,,,,,,,,
2022/9/5 21:00,0,0,0.004,8.157,,,,,,,,,,,,,
2022/9/5 22:00,0.09,0.058,0.059,9.886,,,,,,,,,,,,,
2022/9/5 23:00,0.312,0.264,0.091,12.078,,,,,,,,,,,,,
2022/9/6 0:00,0.518,0.486,0.116,13.891,,,,,,,,,,,,,
2022/9/6 1:00,0.671,0.682,0.133,15.703,,,,,,,,,,,,,
2022/9/6 2:00,0.765,0.815,0.148,17.485,,,,,,,,,,,,,
2022/9/6 3:00,0.807,0.883,0.157,19.076,,,,,,,,,,,,,
2022/9/6 4:00,0.801,0.879,0.16,20.41,,,,,,,,,,,,,
2022/9/6 5:00,0.75,0.806,0.156,21.362,,,,,,,,,,,,,
2022/9/6 6:00,0.65,0.667,0.146,21.835,,,,,,,,,,,,,
2022/9/6 7:00,0.486,0.447,0.14,21.772,,,,,,,,,,,,,
2022/9/6 8:00,0.283,0.215,0.123,21.085,,,,,,,,,,,,,
2022/9/6 9:00,0.088,0.042,0.076,19.808,,,,,,,,,,,,,
2022/9/6 10:00,0,0,0.007,17.085,,,,,,,,,,,,,
2022/9/6 11:00,0,0,0,15.251,,,,,,,,,,,,,
2022/9/6 12:00,0,0,0,14.024,,,,,,,,,,,,,
2022/9/6 13:00,0,0,0,12.855,,,,,,,,,,,,,
2022/9/6 14:00,0,0,0,12.045,,,,,,,,,,,,,
2022/9/6 15:00,0,0,0,11.475,,,,,,,,,,,,,
2022/9/6 16:00,0,0,0,11.051,,,,,,,,,,,,,
2022/9/6 17:00,0,0,0,10.687,,,,,,,,,,,,,
2022/9/6 18:00,0,0,0,10.311,,,,,,,,,,,,,
2022/9/6 19:00,0,0,0,9.936,,,,,,,,,,,,,
2022/9/6 20:00,0,0,0,9.614,,,,,,,,,,,,,
2022/9/6 21:00,0,0,0.004,9.44,,,,,,,,,,,,,
2022/9/6 22:00,0.086,0.053,0.06,11.954,,,,,,,,,,,,,
2022/9/6 23:00,0.299,0.248,0.098,15.059,,,,,,,,,,,,,
2022/9/7 0:00,0.492,0.466,0.122,19.641,,,,,,,,,,,,,
2022/9/7 1:00,0.633,0.656,0.14,23.37,,,,,,,,,,,,,
2022/9/7 2:00,0.725,0.794,0.153,25.569,,,,,,,,,,,,,
2022/9/7 3:00,0.768,0.868,0.161,27.216,,,,,,,,,,,,,
2022/9/7 4:00,0.764,0.867,0.163,28.384,,,,,,,,,,,,,
2022/9/7 5:00,0.715,0.794,0.159,29.137,,,,,,,,,,,,,
2022/9/7 6:00,0.616,0.647,0.152,29.45,,,,,,,,,,,,,
2022/9/7 7:00,0.473,0.459,0.135,29.301,,,,,,,,,,,,,
2022/9/7 8:00,0.289,0.246,0.111,28.576,,,,,,,,,,,,,
2022/9/7 9:00,0.092,0.057,0.07,26.332,,,,,,,,,,,,,
2022/9/7 10:00,0,0,0.006,22.728,,,,,,,,,,,,,
2022/9/7 11:00,0,0,0,20.106,,,,,,,,,,,,,
2022/9/7 12:00,0,0,0,18.51,,,,,,,,,,,,,
2022/9/7 13:00,0,0,0,17.584,,,,,,,,,,,,,
2022/9/7 14:00,0,0,0,16.85,,,,,,,,,,,,,
2022/9/7 15:00,0,0,0,16.296,,,,,,,,,,,,,
2022/9/7 16:00,0,0,0,15.809,,,,,,,,,,,,,
2022/9/7 17:00,0,0,0,15.322,,,,,,,,,,,,,
2022/9/7 18:00,0,0,0,14.814,,,,,,,,,,,,,
2022/9/7 19:00,0,0,0,14.348,,,,,,,,,,,,,
2022/9/7 20:00,0,0,0,14.013,,,,,,,,,,,,,
2022/9/7 21:00,0,0,0.003,13.779,,,,,,,,,,,,,
2022/9/7 22:00,0.08,0.049,0.06,16.196,,,,,,,,,,,,,
2022/9/7 23:00,0.285,0.238,0.1,19.69,,,,,,,,,,,,,
2022/9/8 0:00,0.476,0.452,0.127,23.18,,,,,,,,,,,,,
2022/9/8 1:00,0.612,0.641,0.145,28.073,,,,,,,,,,,,,
2022/9/8 2:00,0.7,0.78,0.158,30.838,,,,,,,,,,,,,
2022/9/8 3:00,0.746,0.861,0.164,32.179,,,,,,,,,,,,,
2022/9/8 4:00,0.744,0.862,0.165,33.005,,,,,,,,,,,,,
2022/9/8 5:00,0.699,0.791,0.161,33.435,,,,,,,,,,,,,
2022/9/8 6:00,0.607,0.655,0.15,33.427,,,,,,,,,,,,,
2022/9/8 7:00,0.468,0.465,0.133,32.959,,,,,,,,,,,,,
2022/9/8 8:00,0.285,0.248,0.109,31.997,,,,,,,,,,,,,
2022/9/8 9:00,0.089,0.056,0.069,29.812,,,,,,,,,,,,,
2022/9/8 10:00,0,0,0.006,26.567,,,,,,,,,,,,,
2022/9/8 11:00,0,0,0,23.929,,,,,,,,,,,,,
2022/9/8 12:00,0,0,0,22.513,,,,,,,,,,,,,
2022/9/8 13:00,0,0,0,21.365,,,,,,,,,,,,,
2022/9/8 14:00,0,0,0,20.339,,,,,,,,,,,,,
2022/9/8 15:00,0,0,0,19.593,,,,,,,,,,,,,
2022/9/8 16:00,0,0,0,18.844,,,,,,,,,,,,,
2022/9/8 17:00,0,0,0,18,,,,,,,,,,,,,
2022/9/8 18:00,0,0,0,16.893,,,,,,,,,,,,,
2022/9/8 19:00,0,0,0,16.045,,,,,,,,,,,,,
2022/9/8 20:00,0,0,0,15.374,,,,,,,,,,,,,
2022/9/8 21:00,0,0,0.003,14.934,,,,,,,,,,,,,
2022/9/8 22:00,0.068,0.033,0.063,16.948,,,,,,,,,,,,,
2022/9/8 23:00,0.243,0.168,0.122,20.007,,,,,,,,,,,,,
2022/9/9 0:00,0.415,0.329,0.172,23.161,,,,,,,,,,,,,
2022/9/9 1:00,0.545,0.481,0.203,26.523,,,,,,,,,,,,,
2022/9/9 2:00,0.618,0.571,0.231,29.472,,,,,,,,,,,,,
2022/9/9 3:00,0.654,0.62,0.246,31.059,,,,,,,,,,,,,
2022/9/9 4:00,0.654,0.624,0.247,31.923,,,,,,,,,,,,,
2022/9/9 5:00,0.618,0.581,0.234,32.303,,,,,,,,,,,,,
2022/9/9 6:00,0.546,0.502,0.205,32.243,,,,,,,,,,,,,
2022/9/9 7:00,0.427,0.369,0.17,31.668,,,,,,,,,,,,,
2022/9/9 8:00,0.264,0.2,0.129,30.501,,,,,,,,,,,,,
2022/9/9 9:00,0.08,0.039,0.074,27.549,,,,,,,,,,,,,
2022/9/9 10:00,0,0,0.005,23.623,,,,,,,,,,,,,
2022/9/9 11:00,0,0,0,22.402,,,,,,,,,,,,,
2022/9/9 12:00,0,0,0,21.459,,,,,,,,,,,,,
2022/9/9 13:00,0,0,0,20.522,,,,,,,,,,,,,
2022/9/9 14:00,0,0,0,19.855,,,,,,,,,,,,,
2022/9/9 15:00,0,0,0,19.582,,,,,,,,,,,,,
2022/9/9 16:00,0,0,0,19.346,,,,,,,,,,,,,
2022/9/9 17:00,0,0,0,19.255,,,,,,,,,,,,,
2022/9/9 18:00,0,0,0,19.158,,,,,,,,,,,,,
2022/9/9 19:00,0,0,0,19.036,,,,,,,,,,,,,
2022/9/9 20:00,0,0,0,18.747,,,,,,,,,,,,,
2022/9/9 21:00,0,0,0.002,18.442,,,,,,,,,,,,,
2022/9/9 22:00,0.048,0.013,0.061,18.911,,,,,,,,,,,,,
2022/9/9 23:00,0.185,0.082,0.144,20.831,,,,,,,,,,,,,
2022/9/10 0:00,0.324,0.152,0.238,23.837,,,,,,,,,,,,,
2022/9/10 1:00,0.411,0.2,0.304,26.324,,,,,,,,,,,,,
2022/9/10 2:00,0.424,0.167,0.355,27.361,,,,,,,,,,,,,
2022/9/10 3:00,0.401,0.122,0.373,27.857,,,,,,,,,,,,,
2022/9/10 4:00,0.335,0.067,0.344,27.851,,,,,,,,,,,,,
2022/9/10 5:00,0.266,0.037,0.29,27.518,,,,,,,,,,,,,
2022/9/10 6:00,0.197,0.021,0.225,27.009,,,,,,,,,,,,,
2022/9/10 7:00,0.119,0.009,0.148,26.258,,,,,,,,,,,,,
2022/9/10 8:00,0.057,0.003,0.083,25.175,,,,,,,,,,,,,
2022/9/10 9:00,0.011,0.001,0.031,23.427,,,,,,,,,,,,,
2022/9/10 10:00,0,0,0.001,21.883,,,,,,,,,,,,,
2022/9/10 11:00,0,0,0,21.273,,,,,,,,,,,,,
2022/9/10 12:00,0,0,0,20.568,,,,,,,,,,,,,
2022/9/10 13:00,0,0,0,19.749,,,,,,,,,,,,,
2022/9/10 14:00,0,0,0,19.006,,,,,,,,,,,,,
2022/9/10 15:00,0,0,0,18.325,,,,,,,,,,,,,
2022/9/10 16:00,0,0,0,17.595,,,,,,,,,,,,,
2022/9/10 17:00,0,0,0,17.017,,,,,,,,,,,,,
2022/9/10 18:00,0,0,0,16.557,,,,,,,,,,,,,
2022/9/10 19:00,0,0,0,16.126,,,,,,,,,,,,,
2022/9/10 20:00,0,0,0,15.696,,,,,,,,,,,,,
2022/9/10 21:00,0,0,0.002,15.244,,,,,,,,,,,,,
2022/9/10 22:00,0.054,0.014,0.066,16.636,,,,,,,,,,,,,
2022/9/10 23:00,0.225,0.115,0.153,19.021,,,,,,,,,,,,,
2022/9/11 0:00,0.418,0.337,0.165,22.38,,,,,,,,,,,,,
2022/9/11 1:00,0.52,0.43,0.214,25.189,,,,,,,,,,,,,
2022/9/11 2:00,0.587,0.493,0.25,26.822,,,,,,,,,,,,,
2022/9/11 3:00,0.653,0.601,0.248,28.077,,,,,,,,,,,,,
2022/9/11 4:00,0.664,0.629,0.241,28.927,,,,,,,,,,,,,
2022/9/11 5:00,0.629,0.592,0.226,29.393,,,,,,,,,,,,,
2022/9/11 6:00,0.552,0.504,0.2,29.495,,,,,,,,,,,,,
2022/9/11 7:00,0.428,0.366,0.167,29.168,,,,,,,,,,,,,
2022/9/11 8:00,0.258,0.192,0.128,28.296,,,,,,,,,,,,,
2022/9/11 9:00,0.075,0.036,0.07,25.834,,,,,,,,,,,,,
2022/9/11 10:00,0,0,0.004,22.196,,,,,,,,,,,,,
2022/9/11 11:00,0,0,0,21.038,,,,,,,,,,,,,
2022/9/11 12:00,0,0,0,20.012,,,,,,,,,,,,,
2022/9/11 13:00,0,0,0,19.244,,,,,,,,,,,,,
2022/9/11 14:00,0,0,0,18.5,,,,,,,,,,,,,
2022/9/11 15:00,0,0,0,17.822,,,,,,,,,,,,,
2022/9/11 16:00,0,0,0,17.21,,,,,,,,,,,,,
2022/9/11 17:00,0,0,0,16.632,,,,,,,,,,,,,
2022/9/11 18:00,0,0,0,16.01,,,,,,,,,,,,,
2022/9/11 19:00,0,0,0,15.412,,,,,,,,,,,,,
2022/9/11 20:00,0,0,0,14.941,,,,,,,,,,,,,
2022/9/11 21:00,0,0,0.001,14.519,,,,,,,,,,,,,
2022/9/11 22:00,0.065,0.033,0.059,15.912,,,,,,,,,,,,,
2022/9/11 23:00,0.263,0.198,0.112,18.908,,,,,,,,,,,,,
2022/9/12 0:00,0.457,0.415,0.137,22.571,,,,,,,,,,,,,
2022/9/12 1:00,0.6,0.608,0.156,26.698,,,,,,,,,,,,,
2022/9/12 2:00,0.694,0.75,0.168,29.146,,,,,,,,,,,,,
2022/9/12 3:00,0.74,0.83,0.174,30.604,,,,,,,,,,,,,
2022/9/12 4:00,0.738,0.83,0.176,31.401,,,,,,,,,,,,,
2022/9/12 5:00,0.691,0.757,0.172,31.734,,,,,,,,,,,,,
2022/9/12 6:00,0.597,0.619,0.161,31.623,,,,,,,,,,,,,
2022/9/12 7:00,0.454,0.431,0.143,31.02,,,,,,,,,,,,,
2022/9/12 8:00,0.27,0.221,0.115,29.858,,,,,,,,,,,,,
2022/9/12 9:00,0.077,0.044,0.066,26.743,,,,,,,,,,,,,
2022/9/12 10:00,0,0,0.003,22.805,,,,,,,,,,,,,
2022/9/12 11:00,0,0,0,21.211,,,,,,,,,,,,,
2022/9/12 12:00,0,0,0,20.442,,,,,,,,,,,,,
2022/9/12 13:00,0,0,0,20.34,,,,,,,,,,,,,
2022/9/12 14:00,0,0,0,19.076,,,,,,,,,,,,,
2022/9/12 15:00,0,0,0,18.13,,,,,,,,,,,,,
2022/9/12 16:00,0,0,0,17.322,,,,,,,,,,,,,
2022/9/12 17:00,0,0,0,16.052,,,,,,,,,,,,,
2022/9/12 18:00,0,0,0,15.037,,,,,,,,,,,,,
2022/9/12 19:00,0,0,0,14.269,,,,,,,,,,,,,
2022/9/12 20:00,0,0,0,13.421,,,,,,,,,,,,,
2022/9/12 21:00,0,0,0.001,12.873,,,,,,,,,,,,,
2022/9/12 22:00,0.041,0.012,0.053,12.959,,,,,,,,,,,,,
2022/9/12 23:00,0.208,0.113,0.132,14.193,,,,,,,,,,,,,
2022/9/13 0:00,0.396,0.282,0.178,16.313,,,,,,,,,,,,,
2022/9/13 1:00,0.601,0.558,0.172,18.769,,,,,,,,,,,,,
2022/9/13 2:00,0.699,0.697,0.186,21.12,,,,,,,,,,,,,
2022/9/13 3:00,0.736,0.751,0.199,22.965,,,,,,,,,,,,,
2022/9/13 4:00,0.734,0.754,0.2,24.271,,,,,,,,,,,,,
2022/9/13 5:00,0.683,0.684,0.195,25.127,,,,,,,,,,,,,
2022/9/13 6:00,0.585,0.553,0.182,25.416,,,,,,,,,,,,,
2022/9/13 7:00,0.438,0.373,0.162,25.056,,,,,,,,,,,,,
2022/9/13 8:00,0.251,0.175,0.129,24.064,,,,,,,,,,,,,
2022/9/13 9:00,0.066,0.029,0.067,22.226,,,,,,,,,,,,,
2022/9/13 10:00,0,0,0.003,18.925,,,,,,,,,,,,,
2022/9/13 11:00,0,0,0,17.81,,,,,,,,,,,,,
2022/9/13 12:00,0,0,0,16.854,,,,,,,,,,,,,
2022/9/13 13:00,0,0,0,15.839,,,,,,,,,,,,,
2022/9/13 14:00,0,0,0,15.007,,,,,,,,,,,,,
2022/9/13 15:00,0,0,0,14.552,,,,,,,,,,,,,
2022/9/13 16:00,0,0,0,14.34,,,,,,,,,,,,,
2022/9/13 17:00,0,0,0,14.188,,,,,,,,,,,,,
2022/9/13 18:00,0,0,0,13.56,,,,,,,,,,,,,
2022/9/13 19:00,0,0,0,12.575,,,,,,,,,,,,,
2022/9/13 20:00,0,0,0,11.812,,,,,,,,,,,,,
2022/9/13 21:00,0,0,0.001,11.362,,,,,,,,,,,,,
2022/9/13 22:00,0.049,0.019,0.055,12.478,,,,,,,,,,,,,
2022/9/13 23:00,0.243,0.163,0.119,14.905,,,,,,,,,,,,,
2022/9/14 0:00,0.445,0.362,0.164,18.548,,,,,,,,,,,,,
2022/9/14 1:00,0.598,0.549,0.187,21.006,,,,,,,,,,,,,
2022/9/14 2:00,0.697,0.686,0.203,22.969,,,,,,,,,,,,,
2022/9/14 3:00,0.635,0.516,0.287,24.372,,,,,,,,,,,,,
2022/9/14 4:00,0.528,0.313,0.341,24.969,,,,,,,,,,,,,
2022/9/14 5:00,0.389,0.14,0.332,24.742,,,,,,,,,,,,,
2022/9/14 6:00,0.277,0.065,0.269,24.008,,,,,,,,,,,,,
2022/9/14 7:00,0.193,0.037,0.2,23.012,,,,,,,,,,,,,
2022/9/14 8:00,0.108,0.017,0.124,21.555,,,,,,,,,,,,,
2022/9/14 9:00,0.026,0.003,0.046,19.261,,,,,,,,,,,,,
2022/9/14 10:00,0,0,0.002,16.892,,,,,,,,,,,,,
2022/9/14 11:00,0,0,0,15.962,,,,,,,,,,,,,
2022/9/14 12:00,0,0,0,15.336,,,,,,,,,,,,,
2022/9/14 13:00,0,0,0,14.881,,,,,,,,,,,,,
2022/9/14 14:00,0,0,0,14.437,,,,,,,,,,,,,
2022/9/14 15:00,0,0,0,13.913,,,,,,,,,,,,,
2022/9/14 16:00,0,0,0,13.152,,,,,,,,,,,,,
2022/9/14 17:00,0,0,0,12.611,,,,,,,,,,,,,
2022/9/14 18:00,0,0,0,12.09,,,,,,,,,,,,,
2022/9/14 19:00,0,0,0,11.638,,,,,,,,,,,,,
2022/9/14 20:00,0,0,0,11.348,,,,,,,,,,,,,
2022/9/14 21:00,0,0,0.001,11.092,,,,,,,,,,,,,
2022/9/14 22:00,0.055,0.022,0.057,12.654,,,,,,,,,,,,,
2022/9/14 23:00,0.242,0.155,0.127,15.888,,,,,,,,,,,,,
2022/9/15 0:00,0.439,0.373,0.148,19.605,,,,,,,,,,,,,
2022/9/15 1:00,0.59,0.564,0.168,22.959,,,,,,,,,,,,,
2022/9/15 2:00,0.685,0.702,0.183,25.353,,,,,,,,,,,,,
2022/9/15 3:00,0.738,0.793,0.185,27.067,,,,,,,,,,,,,
2022/9/15 4:00,0.737,0.797,0.186,28.093,,,,,,,,,,,,,
2022/9/15 5:00,0.691,0.731,0.18,28.648,,,,,,,,,,,,,
2022/9/15 6:00,0.597,0.601,0.166,28.674,,,,,,,,,,,,,
2022/9/15 7:00,0.454,0.419,0.145,28.112,,,,,,,,,,,,,
2022/9/15 8:00,0.266,0.211,0.115,26.877,,,,,,,,,,,,,
2022/9/15 9:00,0.071,0.039,0.062,24.284,,,,,,,,,,,,,
2022/9/15 10:00,0,0,0.002,20.798,,,,,,,,,,,,,
2022/9/15 11:00,0,0,0,19.556,,,,,,,,,,,,,
2022/9/15 12:00,0,0,0,18.21,,,,,,,,,,,,,
2022/9/15 13:00,0,0,0,16.851,,,,,,,,,,,,,
2022/9/15 14:00,0,0,0,15.851,,,,,,,,,,,,,
2022/9/15 15:00,0,0,0,15.033,,,,,,,,,,,,,
2022/9/15 16:00,0,0,0,14.671,,,,,,,,,,,,,
2022/9/15 17:00,0,0,0,14.865,,,,,,,,,,,,,
2022/9/15 18:00,0,0,0,14.291,,,,,,,,,,,,,
2022/9/15 19:00,0,0,0,13.576,,,,,,,,,,,,,
2022/9/15 20:00,0,0,0,13.318,,,,,,,,,,,,,
2022/9/15 21:00,0,0,0,13.324,,,,,,,,,,,,,
2022/9/15 22:00,0.026,0.006,0.042,13.914,,,,,,,,,,,,,
2022/9/15 23:00,0.163,0.065,0.132,15.328,,,,,,,,,,,,,
2022/9/16 0:00,0.395,0.292,0.169,17.043,,,,,,,,,,,,,
2022/9/16 1:00,0.6,0.565,0.164,18.932,,,,,,,,,,,,,
2022/9/16 2:00,0.719,0.745,0.166,20.777,,,,,,,,,,,,,
2022/9/16 3:00,0.779,0.851,0.165,22.378,,,,,,,,,,,,,
2022/9/16 4:00,0.779,0.858,0.164,23.472,,,,,,,,,,,,,
2022/9/16 5:00,0.73,0.789,0.159,24.009,,,,,,,,,,,,,
2022/9/16 6:00,0.631,0.648,0.148,24.021,,,,,,,,,,,,,
2022/9/16 7:00,0.482,0.457,0.13,23.42,,,,,,,,,,,,,
2022/9/16 8:00,0.285,0.237,0.104,22.169,,,,,,,,,,,,,
2022/9/16 9:00,0.075,0.046,0.058,20.034,,,,,,,,,,,,,
2022/9/16 10:00,0,0,0.002,16.453,,,,,,,,,,,,,
2022/9/16 11:00,0,0,0,15.316,,,,,,,,,,,,,
2022/9/16 12:00,0,0,0,14.364,,,,,,,,,,,,,
2022/9/16 13:00,0,0,0,13.718,,,,,,,,,,,,,
2022/9/16 14:00,0,0,0,13.73,,,,,,,,,,,,,
2022/9/16 15:00,0,0,0,14.049,,,,,,,,,,,,,
2022/9/16 16:00,0,0,0,14.048,,,,,,,,,,,,,
2022/9/16 17:00,0,0,0,13.784,,,,,,,,,,,,,
2022/9/16 18:00,0,0,0,13.419,,,,,,,,,,,,,
2022/9/16 19:00,0,0,0,13.017,,,,,,,,,,,,,
2022/9/16 20:00,0,0,0,12.676,,,,,,,,,,,,,
2022/9/16 21:00,0,0,0,12.302,,,,,,,,,,,,,
2022/9/16 22:00,0.043,0.018,0.049,13.679,,,,,,,,,,,,,
2022/9/16 23:00,0.218,0.139,0.119,16.418,,,,,,,,,,,,,
2022/9/17 0:00,0.409,0.329,0.156,20.34,,,,,,,,,,,,,
2022/9/17 1:00,0.554,0.509,0.179,24.524,,,,,,,,,,,,,
2022/9/17 2:00,0.647,0.644,0.194,27.865,,,,,,,,,,,,,
2022/9/17 3:00,0.718,0.779,0.184,29.972,,,,,,,,,,,,,
2022/9/17 4:00,0.72,0.791,0.182,31.062,,,,,,,,,,,,,
2022/9/17 5:00,0.677,0.731,0.174,31.542,,,,,,,,,,,,,
2022/9/17 6:00,0.587,0.605,0.159,31.45,,,,,,,,,,,,,
2022/9/17 7:00,0.447,0.424,0.139,30.657,,,,,,,,,,,,,
2022/9/17 8:00,0.263,0.217,0.109,28.775,,,,,,,,,,,,,
2022/9/17 9:00,0.069,0.043,0.057,24.563,,,,,,,,,,,,,
2022/9/17 10:00,0,0,0.001,20.198,,,,,,,,,,,,,
2022/9/17 11:00,0,0,0,18.944,,,,,,,,,,,,,
2022/9/17 12:00,0,0,0,18.009,,,,,,,,,,,,,
2022/9/17 13:00,0,0,0,16.953,,,,,,,,,,,,,
2022/9/17 14:00,0,0,0,15.678,,,,,,,,,,,,,
2022/9/17 15:00,0,0,0,14.374,,,,,,,,,,,,,
2022/9/17 16:00,0,0,0,13.285,,,,,,,,,,,,,
2022/9/17 17:00,0,0,0,12.404,,,,,,,,,,,,,
2022/9/17 18:00,0,0,0,11.929,,,,,,,,,,,,,
2022/9/17 19:00,0,0,0,11.332,,,,,,,,,,,,,
2022/9/17 20:00,0,0,0,10.341,,,,,,,,,,,,,
2022/9/17 21:00,0,0,0,9.425,,,,,,,,,,,,,
2022/9/17 22:00,0.06,0.038,0.046,10.085,,,,,,,,,,,,,
2022/9/17 23:00,0.281,0.229,0.092,12.372,,,,,,,,,,,,,
2022/9/18 0:00,0.494,0.462,0.114,14.822,,,,,,,,,,,,,
2022/9/18 1:00,0.652,0.663,0.131,16.987,,,,,,,,,,,,,
2022/9/18 2:00,0.752,0.806,0.145,18.748,,,,,,,,,,,,,
2022/9/18 3:00,0.799,0.88,0.153,19.998,,,,,,,,,,,,,
2022/9/18 4:00,0.795,0.878,0.155,20.999,,,,,,,,,,,,,
2022/9/18 5:00,0.743,0.803,0.151,21.754,,,,,,,,,,,,,
2022/9/18 6:00,0.638,0.654,0.142,21.994,,,,,,,,,,,,,
2022/9/18 7:00,0.484,0.459,0.125,21.621,,,,,,,,,,,,,
2022/9/18 8:00,0.282,0.235,0.1,20.58,,,,,,,,,,,,,
2022/9/18 9:00,0.07,0.044,0.054,18.359,,,,,,,,,,,,,
2022/9/18 10:00,0,0,0.001,14.47,,,,,,,,,,,,,
2022/9/18 11:00,0,0,0,13.403,,,,,,,,,,,,,
2022/9/18 12:00,0,0,0,12.469,,,,,,,,,,,,,
2022/9/18 13:00,0,0,0,11.503,,,,,,,,,,,,,
2022/9/18 14:00,0,0,0,10.599,,,,,,,,,,,,,
2022/9/18 15:00,0,0,0,9.85,,,,,,,,,,,,,
2022/9/18 16:00,0,0,0,9.112,,,,,,,,,,,,,
2022/9/18 17:00,0,0,0,8.327,,,,,,,,,,,,,
2022/9/18 18:00,0,0,0,7.649,,,,,,,,,,,,,
2022/9/18 19:00,0,0,0,6.983,,,,,,,,,,,,,
2022/9/18 20:00,0,0,0,6.476,,,,,,,,,,,,,
2022/9/18 21:00,0,0,0,6.118,,,,,,,,,,,,,
2022/9/18 22:00,0.051,0.029,0.045,6.977,,,,,,,,,,,,,
2022/9/18 23:00,0.249,0.179,0.104,9.896,,,,,,,,,,,,,
2022/9/19 0:00,0.461,0.391,0.14,13.188,,,,,,,,,,,,,
2022/9/19 1:00,0.633,0.605,0.154,15.114,,,,,,,,,,,,,
2022/9/19 2:00,0.735,0.743,0.169,16.592,,,,,,,,,,,,,
2022/9/19 3:00,0.773,0.792,0.184,17.729,,,,,,,,,,,,,
2022/9/19 4:00,0.754,0.756,0.197,18.546,,,,,,,,,,,,,
2022/9/19 5:00,0.701,0.683,0.192,19.082,,,,,,,,,,,,,
2022/9/19 6:00,0.531,0.419,0.218,18.987,,,,,,,,,,,,,
2022/9/19 7:00,0.303,0.146,0.21,18.352,,,,,,,,,,,,,
2022/9/19 8:00,0.14,0.041,0.132,17.376,,,,,,,,,,,,,
2022/9/19 9:00,0.029,0.006,0.045,15.711,,,,,,,,,,,,,
2022/9/19 10:00,0,0,0.001,13.133,,,,,,,,,,,,,
2022/9/19 11:00,0,0,0,11.868,,,,,,,,,,,,,
2022/9/19 12:00,0,0,0,10.54,,,,,,,,,,,,,
2022/9/19 13:00,0,0,0,8.991,,,,,,,,,,,,,
2022/9/19 14:00,0,0,0,7.166,,,,,,,,,,,,,
2022/9/19 15:00,0,0,0,6.058,,,,,,,,,,,,,
2022/9/19 16:00,0,0,0,5.243,,,,,,,,,,,,,
2022/9/19 17:00,0,0,0,4.563,,,,,,,,,,,,,
2022/9/19 18:00,0,0,0,3.998,,,,,,,,,,,,,
2022/9/19 19:00,0,0,0,3.536,,,,,,,,,,,,,
2022/9/19 20:00,0,0,0,3.222,,,,,,,,,,,,,
2022/9/19 21:00,0,0,0,3.221,,,,,,,,,,,,,
2022/9/19 22:00,0.062,0.042,0.042,4.696,,,,,,,,,,,,,
2022/9/19 23:00,0.291,0.237,0.089,8.863,,,,,,,,,,,,,
2022/9/20 0:00,0.507,0.479,0.106,12.643,,,,,,,,,,,,,
2022/9/20 1:00,0.662,0.677,0.125,15.748,,,,,,,,,,,,,
2022/9/20 2:00,0.758,0.817,0.139,18.047,,,,,,,,,,,,,
2022/9/20 3:00,0.803,0.889,0.147,19.552,,,,,,,,,,,,,
2022/9/20 4:00,0.801,0.89,0.149,20.49,,,,,,,,,,,,,
2022/9/20 5:00,0.751,0.817,0.144,20.993,,,,,,,,,,,,,
2022/9/20 6:00,0.646,0.669,0.135,21.032,,,,,,,,,,,,,
2022/9/20 7:00,0.493,0.475,0.118,20.625,,,,,,,,,,,,,
2022/9/20 8:00,0.29,0.25,0.093,19.643,,,,,,,,,,,,,
2022/9/20 9:00,0.071,0.05,0.049,16.409,,,,,,,,,,,,,
2022/9/20 10:00,0,0,0,13.303,,,,,,,,,,,,,
2022/9/20 11:00,0,0,0,12.536,,,,,,,,,,,,,
2022/9/20 12:00,0,0,0,11.664,,,,,,,,,,,,,
2022/9/20 13:00,0,0,0,10.721,,,,,,,,,,,,,
2022/9/20 14:00,0,0,0,9.801,,,,,,,,,,,,,
2022/9/20 15:00,0,0,0,9.034,,,,,,,,,,,,,
2022/9/20 16:00,0,0,0,8.52,,,,,,,,,,,,,
2022/9/20 17:00,0,0,0,8.211,,,,,,,,,,,,,
2022/9/20 18:00,0,0,0,7.941,,,,,,,,,,,,,
2022/9/20 19:00,0,0,0,7.677,,,,,,,,,,,,,
2022/9/20 20:00,0,0,0,7.345,,,,,,,,,,,,,
2022/9/20 21:00,0,0,0,7,,,,,,,,,,,,,
2022/9/20 22:00,0.054,0.037,0.04,8.07,,,,,,,,,,,,,
2022/9/20 23:00,0.272,0.222,0.088,11.239,,,,,,,,,,,,,
2022/9/21 0:00,0.472,0.421,0.129,15.36,,,,,,,,,,,,,
2022/9/21 1:00,0.611,0.593,0.157,20.078,,,,,,,,,,,,,
2022/9/21 2:00,0.7,0.711,0.179,22.198,,,,,,,,,,,,,
2022/9/21 3:00,0.738,0.762,0.193,23.464,,,,,,,,,,,,,
2022/9/21 4:00,0.711,0.706,0.212,24.215,,,,,,,,,,,,,
2022/9/21 5:00,0.628,0.566,0.227,24.4,,,,,,,,,,,,,
2022/9/21 6:00,0.533,0.448,0.209,24.166,,,,,,,,,,,,,
2022/9/21 7:00,0.424,0.352,0.161,23.579,,,,,,,,,,,,,
2022/9/21 8:00,0.254,0.191,0.114,22.415,,,,,,,,,,,,,
2022/9/21 9:00,0.053,0.027,0.052,19.899,,,,,,,,,,,,,
2022/9/21 10:00,0,0,0,17.095,,,,,,,,,,,,,
2022/9/21 11:00,0,0,0,15.748,,,,,,,,,,,,,
2022/9/21 12:00,0,0,0,14.67,,,,,,,,,,,,,
2022/9/21 13:00,0,0,0,13.841,,,,,,,,,,,,,
2022/9/21 14:00,0,0,0,13.235,,,,,,,,,,,,,
2022/9/21 15:00,0,0,0,12.742,,,,,,,,,,,,,
2022/9/21 16:00,0,0,0,12.375,,,,,,,,,,,,,
2022/9/21 17:00,0,0,0,12.124,,,,,,,,,,,,,
2022/9/21 18:00,0,0,0,11.873,,,,,,,,,,,,,
2022/9/21 19:00,0,0,0,11.6,,,,,,,,,,,,,
2022/9/21 20:00,0,0,0,11.372,,,,,,,,,,,,,
2022/9/21 21:00,0,0,0,11.293,,,,,,,,,,,,,
2022/9/21 22:00,0.01,0.002,0.026,11.596,,,,,,,,,,,,,
2022/9/21 23:00,0.113,0.029,0.113,13.186,,,,,,,,,,,,,
2022/9/22 0:00,0.247,0.077,0.211,15.427,,,,,,,,,,,,,
2022/9/22 1:00,0.225,0.034,0.23,16.098,,,,,,,,,,,,,
2022/9/22 2:00,0.377,0.116,0.323,16.837,,,,,,,,,,,,,
2022/9/22 3:00,0.395,0.115,0.346,17.475,,,,,,,,,,,,,
2022/9/22 4:00,0.437,0.158,0.356,17.934,,,,,,,,,,,,,
2022/9/22 5:00,0.431,0.171,0.336,17.883,,,,,,,,,,,,,
2022/9/22 6:00,0.362,0.132,0.29,17.393,,,,,,,,,,,,,
2022/9/22 7:00,0.244,0.068,0.218,16.307,,,,,,,,,,,,,
2022/9/22 8:00,0.112,0.019,0.122,14.167,,,,,,,,,,,,,
2022/9/22 9:00,0.015,0.002,0.032,11.443,,,,,,,,,,,,,
2022/9/22 10:00,0,0,0,9.655,,,,,,,,,,,,,
2022/9/22 11:00,0,0,0,8.645,,,,,,,,,,,,,
2022/9/22 12:00,0,0,0,7.608,,,,,,,,,,,,,
2022/9/22 13:00,0,0,0,6.717,,,,,,,,,,,,,
2022/9/22 14:00,0,0,0,6.381,,,,,,,,,,,,,
2022/9/22 15:00,0,0,0,6.088,,,,,,,,,,,,,
2022/9/22 16:00,0,0,0,5.53,,,,,,,,,,,,,
2022/9/22 17:00,0,0,0,5.126,,,,,,,,,,,,,
2022/9/22 18:00,0,0,0,4.959,,,,,,,,,,,,,
2022/9/22 19:00,0,0,0,5.131,,,,,,,,,,,,,
2022/9/22 20:00,0,0,0,5.328,,,,,,,,,,,,,
2022/9/22 21:00,0,0,0,5.583,,,,,,,,,,,,,
2022/9/22 22:00,0.017,0.004,0.033,6.259,,,,,,,,,,,,,
2022/9/22 23:00,0.178,0.074,0.132,7.931,,,,,,,,,,,,,
2022/9/23 0:00,0.449,0.38,0.129,10.471,,,,,,,,,,,,,
2022/9/23 1:00,0.639,0.623,0.134,12.834,,,,,,,,,,,,,
2022/9/23 2:00,0.749,0.778,0.144,14.576,,,,,,,,,,,,,
2022/9/23 3:00,0.806,0.872,0.147,15.998,,,,,,,,,,,,,
2022/9/23 4:00,0.808,0.881,0.146,16.983,,,,,,,,,,,,,
2022/9/23 5:00,0.758,0.812,0.14,17.492,,,,,,,,,,,,,
2022/9/23 6:00,0.654,0.669,0.13,17.548,,,,,,,,,,,,,
2022/9/23 7:00,0.495,0.471,0.114,17.187,,,,,,,,,,,,,
2022/9/23 8:00,0.285,0.243,0.089,16.335,,,,,,,,,,,,,
2022/9/23 9:00,0.07,0.066,0.03,13.816,,,,,,,,,,,,,
2022/9/23 10:00,0,0,0,10.156,,,,,,,,,,,,,
2022/9/23 11:00,0,0,0,9.23,,,,,,,,,,,,,
2022/9/23 12:00,0,0,0,8.599,,,,,,,,,,,,,
2022/9/23 13:00,0,0,0,8.126,,,,,,,,,,,,,
2022/9/23 14:00,0,0,0,7.626,,,,,,,,,,,,,
2022/9/23 15:00,0,0,0,7.022,,,,,,,,,,,,,
2022/9/23 16:00,0,0,0,6.431,,,,,,,,,,,,,
2022/9/23 17:00,0,0,0,5.913,,,,,,,,,,,,,
2022/9/23 18:00,0,0,0,5.422,,,,,,,,,,,,,
2022/9/23 19:00,0,0,0,5.07,,,,,,,,,,,,,
2022/9/23 20:00,0,0,0,4.787,,,,,,,,,,,,,
2022/9/23 21:00,0,0,0,4.583,,,,,,,,,,,,,
2022/9/23 22:00,0.051,0.039,0.034,5.816,,,,,,,,,,,,,
2022/9/23 23:00,0.278,0.236,0.078,9.956,,,,,,,,,,,,,
2022/9/24 0:00,0.491,0.465,0.104,13.606,,,,,,,,,,,,,
2022/9/24 1:00,0.643,0.665,0.122,18.501,,,,,,,,,,,,,
2022/9/24 2:00,0.738,0.809,0.135,21.599,,,,,,,,,,,,,
2022/9/24 3:00,0.784,0.885,0.143,23.163,,,,,,,,,,,,,
2022/9/24 4:00,0.781,0.886,0.145,24.237,,,,,,,,,,,,,
2022/9/24 5:00,0.73,0.813,0.14,24.928,,,,,,,,,,,,,
2022/9/24 6:00,0.629,0.668,0.13,25.171,,,,,,,,,,,,,
2022/9/24 7:00,0.475,0.47,0.113,24.884,,,,,,,,,,,,,
2022/9/24 8:00,0.27,0.235,0.09,23.492,,,,,,,,,,,,,
2022/9/24 9:00,0.052,0.045,0.033,18.794,,,,,,,,,,,,,
2022/9/24 10:00,0,0,0,15.704,,,,,,,,,,,,,
2022/9/24 11:00,0,0,0,15.155,,,,,,,,,,,,,
2022/9/24 12:00,0,0,0,14.828,,,,,,,,,,,,,
2022/9/24 13:00,0,0,0,14.325,,,,,,,,,,,,,
2022/9/24 14:00,0,0,0,13.454,,,,,,,,,,,,,
2022/9/24 15:00,0,0,0,12.757,,,,,,,,,,,,,
2022/9/24 16:00,0,0,0,12.129,,,,,,,,,,,,,
2022/9/24 17:00,0,0,0,11.454,,,,,,,,,,,,,
2022/9/24 18:00,0,0,0,10.678,,,,,,,,,,,,,
2022/9/24 19:00,0,0,0,9.94,,,,,,,,,,,,,
2022/9/24 20:00,0,0,0,9.45,,,,,,,,,,,,,
2022/9/24 21:00,0,0,0,9.123,,,,,,,,,,,,,
2022/9/24 22:00,0.04,0.03,0.033,9.571,,,,,,,,,,,,,
2022/9/24 23:00,0.253,0.204,0.086,12.031,,,,,,,,,,,,,
2022/9/25 0:00,0.462,0.423,0.116,15.941,,,,,,,,,,,,,
2022/9/25 1:00,0.612,0.618,0.136,20.842,,,,,,,,,,,,,
2022/9/25 2:00,0.704,0.758,0.15,24.417,,,,,,,,,,,,,
2022/9/25 3:00,0.749,0.832,0.158,26.119,,,,,,,,,,,,,
2022/9/25 4:00,0.749,0.837,0.159,26.914,,,,,,,,,,,,,
2022/9/25 5:00,0.702,0.767,0.153,27.039,,,,,,,,,,,,,
2022/9/25 6:00,0.593,0.603,0.149,26.548,,,,,,,,,,,,,
2022/9/25 7:00,0.446,0.418,0.128,25.538,,,,,,,,,,,,,
2022/9/25 8:00,0.252,0.208,0.098,23.746,,,,,,,,,,,,,
2022/9/25 9:00,0.055,0.051,0.031,19.322,,,,,,,,,,,,,
2022/9/25 10:00,0,0,0,15.571,,,,,,,,,,,,,
2022/9/25 11:00,0,0,0,14.172,,,,,,,,,,,,,
2022/9/25 12:00,0,0,0,13.083,,,,,,,,,,,,,
2022/9/25 13:00,0,0,0,12.266,,,,,,,,,,,,,
2022/9/25 14:00,0,0,0,11.642,,,,,,,,,,,,,
2022/9/25 15:00,0,0,0,10.984,,,,,,,,,,,,,
2022/9/25 16:00,0,0,0,10.306,,,,,,,,,,,,,
2022/9/25 17:00,0,0,0,9.82,,,,,,,,,,,,,
2022/9/25 18:00,0,0,0,9.47,,,,,,,,,,,,,
2022/9/25 19:00,0,0,0,9.24,,,,,,,,,,,,,
2022/9/25 20:00,0,0,0,9.023,,,,,,,,,,,,,
2022/9/25 21:00,0,0,0,8.639,,,,,,,,,,,,,
2022/9/25 22:00,0.033,0.023,0.032,9.215,,,,,,,,,,,,,
2022/9/25 23:00,0.232,0.177,0.092,13.495,,,,,,,,,,,,,
2022/9/26 0:00,0.434,0.379,0.129,16.936,,,,,,,,,,,,,
2022/9/26 1:00,0.577,0.547,0.157,20.634,,,,,,,,,,,,,
2022/9/26 2:00,0.671,0.681,0.174,23.761,,,,,,,,,,,,,
2022/9/26 3:00,0.738,0.808,0.167,26.562,,,,,,,,,,,,,
2022/9/26 4:00,0.734,0.813,0.168,28.41,,,,,,,,,,,,,
2022/9/26 5:00,0.682,0.736,0.164,29.165,,,,,,,,,,,,,
2022/9/26 6:00,0.586,0.601,0.151,29.051,,,,,,,,,,,,,
2022/9/26 7:00,0.436,0.41,0.132,28.176,,,,,,,,,,,,,
2022/9/26 8:00,0.239,0.192,0.102,26.086,,,,,,,,,,,,,
2022/9/26 9:00,0.04,0.033,0.033,21.332,,,,,,,,,,,,,
2022/9/26 10:00,0,0,0,18.186,,,,,,,,,,,,,
2022/9/26 11:00,0,0,0,16.896,,,,,,,,,,,,,
2022/9/26 12:00,0,0,0,15.435,,,,,,,,,,,,,
2022/9/26 13:00,0,0,0,14.438,,,,,,,,,,,,,
2022/9/26 14:00,0,0,0,13.972,,,,,,,,,,,,,
2022/9/26 15:00,0,0,0,13.432,,,,,,,,,,,,,
2022/9/26 16:00,0,0,0,12.969,,,,,,,,,,,,,
2022/9/26 17:00,0,0,0,12.51,,,,,,,,,,,,,
2022/9/26 18:00,0,0,0,11.972,,,,,,,,,,,,,
2022/9/26 19:00,0,0,0,11.409,,,,,,,,,,,,,
2022/9/26 20:00,0,0,0,10.909,,,,,,,,,,,,,
2022/9/26 21:00,0,0,0,10.433,,,,,,,,,,,,,
2022/9/26 22:00,0.019,0.01,0.029,10.742,,,,,,,,,,,,,
2022/9/26 23:00,0.189,0.119,0.105,14.401,,,,,,,,,,,,,
2022/9/27 0:00,0.396,0.318,0.145,17.571,,,,,,,,,,,,,
2022/9/27 1:00,0.557,0.518,0.165,22.063,,,,,,,,,,,,,
2022/9/27 2:00,0.66,0.67,0.176,25.465,,,,,,,,,,,,,
2022/9/27 3:00,0.72,0.778,0.175,27.791,,,,,,,,,,,,,
2022/9/27 4:00,0.719,0.787,0.175,29.263,,,,,,,,,,,,,
2022/9/27 5:00,0.672,0.72,0.168,29.964,,,,,,,,,,,,,
2022/9/27 6:00,0.562,0.559,0.162,29.911,,,,,,,,,,,,,
2022/9/27 7:00,0.411,0.368,0.142,29.173,,,,,,,,,,,,,
2022/9/27 8:00,0.214,0.157,0.109,27.013,,,,,,,,,,,,,
2022/9/27 9:00,0.035,0.028,0.032,23.048,,,,,,,,,,,,,
2022/9/27 10:00,0,0,0,20.699,,,,,,,,,,,,,
2022/9/27 11:00,0,0,0,19.743,,,,,,,,,,,,,
2022/9/27 12:00,0,0,0,18.694,,,,,,,,,,,,,
2022/9/27 13:00,0,0,0,17.82,,,,,,,,,,,,,
2022/9/27 14:00,0,0,0,17.087,,,,,,,,,,,,,
2022/9/27 15:00,0,0,0,16.461,,,,,,,,,,,,,
2022/9/27 16:00,0,0,0,15.887,,,,,,,,,,,,,
2022/9/27 17:00,0,0,0,15.339,,,,,,,,,,,,,
2022/9/27 18:00,0,0,0,14.824,,,,,,,,,,,,,
2022/9/27 19:00,0,0,0,14.334,,,,,,,,,,,,,
2022/9/27 20:00,0,0,0,13.856,,,,,,,,,,,,,
2022/9/27 21:00,0,0,0,13.397,,,,,,,,,,,,,
2022/9/27 22:00,0.024,0.016,0.029,13.695,,,,,,,,,,,,,
2022/9/27 23:00,0.212,0.155,0.096,16.264,,,,,,,,,,,,,
2022/9/28 0:00,0.413,0.355,0.134,19.79,,,,,,,,,,,,,
2022/9/28 1:00,0.551,0.52,0.164,24.654,,,,,,,,,,,,,
2022/9/28 2:00,0.635,0.635,0.186,28.009,,,,,,,,,,,,,
2022/9/28 3:00,0.682,0.705,0.195,29.412,,,,,,,,,,,,,
2022/9/28 4:00,0.679,0.704,0.198,30.151,,,,,,,,,,,,,
2022/9/28 5:00,0.619,0.609,0.199,30.362,,,,,,,,,,,,,
2022/9/28 6:00,0.503,0.444,0.194,30.08,,,,,,,,,,,,,
2022/9/28 7:00,0.334,0.238,0.175,29.228,,,,,,,,,,,,,
2022/9/28 8:00,0.148,0.071,0.119,27.29,,,,,,,,,,,,,
2022/9/28 9:00,0.015,0.008,0.028,23.751,,,,,,,,,,,,,
2022/9/28 10:00,0,0,0,21.272,,,,,,,,,,,,,
2022/9/28 11:00,0,0,0,19.596,,,,,,,,,,,,,
2022/9/28 12:00,0,0,0,18.75,,,,,,,,,,,,,
2022/9/28 13:00,0,0,0,18.077,,,,,,,,,,,,,
2022/9/28 14:00,0,0,0,17.121,,,,,,,,,,,,,
2022/9/28 15:00,0,0,0,15.997,,,,,,,,,,,,,
2022/9/28 16:00,0,0,0,14.94,,,,,,,,,,,,,
2022/9/28 17:00,0,0,0,14.061,,,,,,,,,,,,,
2022/9/28 18:00,0,0,0,13.42,,,,,,,,,,,,,
2022/9/28 19:00,0,0,0,12.833,,,,,,,,,,,,,
2022/9/28 20:00,0,0,0,12.474,,,,,,,,,,,,,
2022/9/28 21:00,0,0,0,12.334,,,,,,,,,,,,,
2022/9/28 22:00,0.018,0.011,0.027,12.66,,,,,,,,,,,,,
2022/9/28 23:00,0.182,0.114,0.103,14.861,,,,,,,,,,,,,
2022/9/29 0:00,0.393,0.322,0.139,18.364,,,,,,,,,,,,,
2022/9/29 1:00,0.55,0.515,0.161,23.055,,,,,,,,,,,,,
2022/9/29 2:00,0.644,0.653,0.177,27.177,,,,,,,,,,,,,
2022/9/29 3:00,0.708,0.774,0.172,29.829,,,,,,,,,,,,,
2022/9/29 4:00,0.707,0.781,0.172,31.312,,,,,,,,,,,,,
2022/9/29 5:00,0.658,0.711,0.167,31.978,,,,,,,,,,,,,
2022/9/29 6:00,0.546,0.543,0.162,31.915,,,,,,,,,,,,,
2022/9/29 7:00,0.395,0.354,0.142,31.186,,,,,,,,,,,,,
2022/9/29 8:00,0.173,0.107,0.113,28.608,,,,,,,,,,,,,
2022/9/29 9:00,0.023,0.017,0.029,24.373,,,,,,,,,,,,,
2022/9/29 10:00,0,0,0,22.045,,,,,,,,,,,,,
2022/9/29 11:00,0,0,0,21.537,,,,,,,,,,,,,
2022/9/29 12:00,0,0,0,20.346,,,,,,,,,,,,,
2022/9/29 13:00,0,0,0,19.896,,,,,,,,,,,,,
2022/9/29 14:00,0,0,0,19.718,,,,,,,,,,,,,
2022/9/29 15:00,0,0,0,19.18,,,,,,,,,,,,,
2022/9/29 16:00,0,0,0,18.593,,,,,,,,,,,,,
2022/9/29 17:00,0,0,0,18.006,,,,,,,,,,,,,
2022/9/29 18:00,0,0,0,17.491,,,,,,,,,,,,,
2022/9/29 19:00,0,0,0,17.007,,,,,,,,,,,,,
2022/9/29 20:00,0,0,0,16.425,,,,,,,,,,,,,
2022/9/29 21:00,0,0,0,15.763,,,,,,,,,,,,,
2022/9/29 22:00,0.013,0.009,0.024,15.569,,,,,,,,,,,,,
2022/9/29 23:00,0.171,0.106,0.101,17.302,,,,,,,,,,,,,
2022/9/30 0:00,0.368,0.286,0.151,20.652,,,,,,,,,,,,,
2022/9/30 1:00,0.522,0.465,0.178,24.292,,,,,,,,,,,,,
2022/9/30 2:00,0.619,0.596,0.196,26.927,,,,,,,,,,,,,
2022/9/30 3:00,0.663,0.659,0.208,28.655,,,,,,,,,,,,,
2022/9/30 4:00,0.661,0.66,0.21,29.658,,,,,,,,,,,,,
2022/9/30 5:00,0.611,0.591,0.203,30.081,,,,,,,,,,,,,
2022/9/30 6:00,0.506,0.451,0.191,30.03,,,,,,,,,,,,,
2022/9/30 7:00,0.358,0.28,0.163,29.42,,,,,,,,,,,,,
2022/9/30 8:00,0.179,0.113,0.113,27.562,,,,,,,,,,,,,
2022/9/30 9:00,0.023,0.017,0.028,22.853,,,,,,,,,,,,,
2022/9/30 10:00,0,0,0,19.692,,,,,,,,,,,,,
2022/9/30 11:00,0,0,0,18.327,,,,,,,,,,,,,
2022/9/30 12:00,0,0,0,17.138,,,,,,,,,,,,,
2022/9/30 13:00,0,0,0,16.044,,,,,,,,,,,,,
2022/9/30 14:00,0,0,0,15.102,,,,,,,,,,,,,
2022/9/30 15:00,0,0,0,14.232,,,,,,,,,,,,,
2022/9/30 16:00,0,0,0,13.471,,,,,,,,,,,,,
2022/9/30 17:00,0,0,0,12.672,,,,,,,,,,,,,
2022/9/30 18:00,0,0,0,11.882,,,,,,,,,,,,,
2022/9/30 19:00,0,0,0,11.277,,,,,,,,,,,,,
2022/9/30 20:00,0,0,0,10.551,,,,,,,,,,,,,
2022/9/30 21:00,0,0,0,9.739,,,,,,,,,,,,,
2022/9/30 22:00,0.005,0.003,0.018,9.31,,,,,,,,,,,,,
2022/9/30 23:00,0.103,0.032,0.098,10.084,,,,,,,,,,,,,
2022/10/1 0:00,0.177,0.034,0.174,11.494,,,,,,,,,,,,,
2022/10/1 1:00,0.229,0.039,0.227,13.108,,,,,,,,,,,,,
2022/10/1 2:00,0.264,0.042,0.264,15.012,,,,,,,,,,,,,
2022/10/1 3:00,0.239,0.028,0.253,16.69,,,,,,,,,,,,,
2022/10/1 4:00,0.255,0.034,0.267,18.427,,,,,,,,,,,,,
2022/10/1 5:00,0.243,0.034,0.255,19.861,,,,,,,,,,,,,
2022/10/1 6:00,0.136,0.011,0.16,20.178,,,,,,,,,,,,,
2022/10/1 7:00,0.11,0.01,0.132,20.098,,,,,,,,,,,,,
2022/10/1 8:00,0.104,0.024,0.113,19.945,,,,,,,,,,,,,
2022/10/1 9:00,0.015,0.007,0.028,18.138,,,,,,,,,,,,,
2022/10/1 10:00,0,0,0,15.892,,,,,,,,,,,,,
2022/10/1 11:00,0,0,0,14.849,,,,,,,,,,,,,
2022/10/1 12:00,0,0,0,13.931,,,,,,,,,,,,,
2022/10/1 13:00,0,0,0,13.38,,,,,,,,,,,,,
2022/10/1 14:00,0,0,0,13.058,,,,,,,,,,,,,
2022/10/1 15:00,0,0,0,13.053,,,,,,,,,,,,,
2022/10/1 16:00,0,0,0,13.262,,,,,,,,,,,,,
2022/10/1 17:00,0,0,0,13.286,,,,,,,,,,,,,
2022/10/1 18:00,0,0,0,13.131,,,,,,,,,,,,,
2022/10/1 19:00,0,0,0,12.975,,,,,,,,,,,,,
2022/10/1 20:00,0,0,0,12.832,,,,,,,,,,,,,
2022/10/1 21:00,0,0,0,12.588,,,,,,,,,,,,,
2022/10/1 22:00,0.006,0.005,0.019,12.625,,,,,,,,,,,,,
2022/10/1 23:00,0.121,0.04,0.111,14.36,,,,,,,,,,,,,
2022/10/2 0:00,0.388,0.309,0.143,16.603,,,,,,,,,,,,,
2022/10/2 1:00,0.569,0.529,0.159,18.998,,,,,,,,,,,,,
2022/10/2 2:00,0.668,0.657,0.178,20.976,,,,,,,,,,,,,
2022/10/2 3:00,0.712,0.717,0.191,22.252,,,,,,,,,,,,,
2022/10/2 4:00,0.719,0.734,0.188,22.946,,,,,,,,,,,,,
2022/10/2 5:00,0.66,0.648,0.187,23.152,,,,,,,,,,,,,
2022/10/2 6:00,0.551,0.502,0.176,22.884,,,,,,,,,,,,,
2022/10/2 7:00,0.361,0.266,0.165,21.976,,,,,,,,,,,,,
2022/10/2 8:00,0.16,0.085,0.113,20.442,,,,,,,,,,,,,
2022/10/2 9:00,0.021,0.016,0.026,17.95,,,,,,,,,,,,,
2022/10/2 10:00,0,0,0,15.65,,,,,,,,,,,,,
2022/10/2 11:00,0,0,0,14.498,,,,,,,,,,,,,
2022/10/2 12:00,0,0,0,13.739,,,,,,,,,,,,,
2022/10/2 13:00,0,0,0,13.386,,,,,,,,,,,,,
2022/10/2 14:00,0,0,0,13.146,,,,,,,,,,,,,
2022/10/2 15:00,0,0,0,12.951,,,,,,,,,,,,,
2022/10/2 16:00,0,0,0,12.615,,,,,,,,,,,,,
2022/10/2 17:00,0,0,0,11.436,,,,,,,,,,,,,
2022/10/2 18:00,0,0,0,9.218,,,,,,,,,,,,,
2022/10/2 19:00,0,0,0,6.625,,,,,,,,,,,,,
2022/10/2 20:00,0,0,0,5.288,,,,,,,,,,,,,
2022/10/2 21:00,0,0,0,4.459,,,,,,,,,,,,,
2022/10/2 22:00,0,0,0.007,3.736,,,,,,,,,,,,,
2022/10/2 23:00,0.026,0.003,0.043,3.401,,,,,,,,,,,,,
2022/10/3 0:00,0.055,0.003,0.074,3.404,,,,,,,,,,,,,
2022/10/3 1:00,0.099,0.005,0.117,3.536,,,,,,,,,,,,,
2022/10/3 2:00,0.152,0.009,0.167,3.961,,,,,,,,,,,,,
2022/10/3 3:00,0.204,0.016,0.213,4.374,,,,,,,,,,,,,
2022/10/3 4:00,0.294,0.042,0.281,4.959,,,,,,,,,,,,,
2022/10/3 5:00,0.324,0.066,0.291,5.413,,,,,,,,,,,,,
2022/10/3 6:00,0.239,0.037,0.229,4.975,,,,,,,,,,,,,
2022/10/3 7:00,0.109,0.009,0.123,4.146,,,,,,,,,,,,,
2022/10/3 8:00,0.05,0.004,0.067,3.624,,,,,,,,,,,,,
2022/10/3 9:00,0.004,0.002,0.019,3.405,,,,,,,,,,,,,
2022/10/3 10:00,0,0,0,2.983,,,,,,,,,,,,,
2022/10/3 11:00,0,0,0,2.411,,,,,,,,,,,,,
2022/10/3 12:00,0,0,0,1.762,,,,,,,,,,,,,
2022/10/3 13:00,0,0,0,1.036,,,,,,,,,,,,,
2022/10/3 14:00,0,0,0,0.409,,,,,,,,,,,,,
2022/10/3 15:00,0,0,0,-0.087,,,,,,,,,,,,,
2022/10/3 16:00,0,0,0,-0.596,,,,,,,,,,,,,
2022/10/3 17:00,0,0,0,-1.113,,,,,,,,,,,,,
2022/10/3 18:00,0,0,0,-1.586,,,,,,,,,,,,,
2022/10/3 19:00,0,0,0,-2.07,,,,,,,,,,,,,
2022/10/3 20:00,0,0,0,-2.509,,,,,,,,,,,,,
2022/10/3 21:00,0,0,0,-2.871,,,,,,,,,,,,,
2022/10/3 22:00,0.028,0.029,0.018,-2.696,,,,,,,,,,,,,
2022/10/3 23:00,0.249,0.176,0.094,-0.556,,,,,,,,,,,,,
2022/10/4 0:00,0.511,0.473,0.087,2.134,,,,,,,,,,,,,
2022/10/4 1:00,0.688,0.682,0.104,3.977,,,,,,,,,,,,,
2022/10/4 2:00,0.8,0.83,0.116,5.471,,,,,,,,,,,,,
2022/10/4 3:00,0.826,0.854,0.136,6.457,,,,,,,,,,,,,
2022/10/4 4:00,0.854,0.912,0.124,7.173,,,,,,,,,,,,,
2022/10/4 5:00,0.801,0.84,0.119,7.596,,,,,,,,,,,,,
2022/10/4 6:00,0.685,0.685,0.111,7.561,,,,,,,,,,,,,
2022/10/4 7:00,0.514,0.482,0.096,7.002,,,,,,,,,,,,,
2022/10/4 8:00,0.286,0.244,0.072,5.893,,,,,,,,,,,,,
2022/10/4 9:00,0.037,0.041,0.018,3.855,,,,,,,,,,,,,
2022/10/4 10:00,0,0,0,1.165,,,,,,,,,,,,,
2022/10/4 11:00,0,0,0,0.246,,,,,,,,,,,,,
2022/10/4 12:00,0,0,0,-0.27,,,,,,,,,,,,,
2022/10/4 13:00,0,0,0,-0.187,,,,,,,,,,,,,
2022/10/4 14:00,0,0,0,0.136,,,,,,,,,,,,,
2022/10/4 15:00,0,0,0,-0.24,,,,,,,,,,,,,
2022/10/4 16:00,0,0,0,-1.043,,,,,,,,,,,,,
2022/10/4 17:00,0,0,0,-1.984,,,,,,,,,,,,,
2022/10/4 18:00,0,0,0,-2.611,,,,,,,,,,,,,
2022/10/4 19:00,0,0,0,-3.038,,,,,,,,,,,,,
2022/10/4 20:00,0,0,0,-3.354,,,,,,,,,,,,,
2022/10/4 21:00,0,0,0,-3.685,,,,,,,,,,,,,
2022/10/4 22:00,0.027,0.033,0.013,-3.36,,,,,,,,,,,,,
2022/10/4 23:00,0.256,0.214,0.065,0.631,,,,,,,,,,,,,
2022/10/5 0:00,0.494,0.453,0.093,4.319,,,,,,,,,,,,,
2022/10/5 1:00,0.667,0.664,0.11,7.756,,,,,,,,,,,,,
2022/10/5 2:00,0.779,0.816,0.122,9.256,,,,,,,,,,,,,
2022/10/5 3:00,0.837,0.903,0.127,10.312,,,,,,,,,,,,,
2022/10/5 4:00,0.836,0.905,0.128,11.038,,,,,,,,,,,,,
2022/10/5 5:00,0.782,0.829,0.124,11.413,,,,,,,,,,,,,
2022/10/5 6:00,0.668,0.675,0.116,11.361,,,,,,,,,,,,,
2022/10/5 7:00,0.487,0.45,0.105,10.814,,,,,,,,,,,,,
2022/10/5 8:00,0.256,0.21,0.081,9.674,,,,,,,,,,,,,
2022/10/5 9:00,0.026,0.027,0.019,5.813,,,,,,,,,,,,,
2022/10/5 10:00,0,0,0,3.783,,,,,,,,,,,,,
2022/10/5 11:00,0,0,0,3.376,,,,,,,,,,,,,
2022/10/5 12:00,0,0,0,2.563,,,,,,,,,,,,,
2022/10/5 13:00,0,0,0,1.647,,,,,,,,,,,,,
2022/10/5 14:00,0,0,0,0.762,,,,,,,,,,,,,
2022/10/5 15:00,0,0,0,-0.156,,,,,,,,,,,,,
2022/10/5 16:00,0,0,0,-0.641,,,,,,,,,,,,,
2022/10/5 17:00,0,0,0,-0.537,,,,,,,,,,,,,
2022/10/5 18:00,0,0,0,-0.6,,,,,,,,,,,,,
2022/10/5 19:00,0,0,0,-0.429,,,,,,,,,,,,,
2022/10/5 20:00,0,0,0,-0.536,,,,,,,,,,,,,
2022/10/5 21:00,0,0,0,-0.94,,,,,,,,,,,,,
2022/10/5 22:00,0.003,0.006,0.013,-0.756,,,,,,,,,,,,,
2022/10/5 23:00,0.178,0.114,0.086,0.977,,,,,,,,,,,,,
2022/10/6 0:00,0.354,0.24,0.147,4.249,,,,,,,,,,,,,
2022/10/6 1:00,0.538,0.438,0.171,7.861,,,,,,,,,,,,,
2022/10/6 2:00,0.654,0.577,0.188,9.902,,,,,,,,,,,,,
2022/10/6 3:00,0.687,0.609,0.208,11.312,,,,,,,,,,,,,
2022/10/6 4:00,0.707,0.65,0.199,12.349,,,,,,,,,,,,,
2022/10/6 5:00,0.696,0.668,0.169,13.121,,,,,,,,,,,,,
2022/10/6 6:00,0.561,0.488,0.168,13.293,,,,,,,,,,,,,
2022/10/6 7:00,0.383,0.29,0.147,12.865,,,,,,,,,,,,,
2022/10/6 8:00,0.2,0.137,0.096,11.696,,,,,,,,,,,,,
2022/10/6 9:00,0.017,0.017,0.02,8.397,,,,,,,,,,,,,
2022/10/6 10:00,0,0,0,5.944,,,,,,,,,,,,,
2022/10/6 11:00,0,0,0,4.46,,,,,,,,,,,,,
2022/10/6 12:00,0,0,0,3.615,,,,,,,,,,,,,
2022/10/6 13:00,0,0,0,3.324,,,,,,,,,,,,,
2022/10/6 14:00,0,0,0,3.111,,,,,,,,,,,,,
2022/10/6 15:00,0,0,0,2.812,,,,,,,,,,,,,
2022/10/6 16:00,0,0,0,1.859,,,,,,,,,,,,,
2022/10/6 17:00,0,0,0,0.891,,,,,,,,,,,,,
2022/10/6 18:00,0,0,0,0.094,,,,,,,,,,,,,
2022/10/6 19:00,0,0,0,-0.389,,,,,,,,,,,,,
2022/10/6 20:00,0,0,0,-0.698,,,,,,,,,,,,,
2022/10/6 21:00,0,0,0,-0.955,,,,,,,,,,,,,
2022/10/6 22:00,0.018,0.024,0.013,-0.747,,,,,,,,,,,,,
2022/10/6 23:00,0.233,0.186,0.072,3.367,,,,,,,,,,,,,
2022/10/7 0:00,0.467,0.417,0.103,6.752,,,,,,,,,,,,,
2022/10/7 1:00,0.633,0.619,0.124,11.384,,,,,,,,,,,,,
2022/10/7 2:00,0.735,0.764,0.139,14.695,,,,,,,,,,,,,
2022/10/7 3:00,0.784,0.838,0.148,16.46,,,,,,,,,,,,,
2022/10/7 4:00,0.778,0.834,0.151,17.601,,,,,,,,,,,,,
2022/10/7 5:00,0.72,0.75,0.148,18.226,,,,,,,,,,,,,
2022/10/7 6:00,0.61,0.602,0.138,18.313,,,,,,,,,,,,,
2022/10/7 7:00,0.431,0.382,0.124,17.796,,,,,,,,,,,,,
2022/10/7 8:00,0.173,0.11,0.099,15.857,,,,,,,,,,,,,
2022/10/7 9:00,0.011,0.011,0.018,11.728,,,,,,,,,,,,,
2022/10/7 10:00,0,0,0,9.374,,,,,,,,,,,,,
2022/10/7 11:00,0,0,0,8.286,,,,,,,,,,,,,
2022/10/7 12:00,0,0,0,7.749,,,,,,,,,,,,,
2022/10/7 13:00,0,0,0,7.39,,,,,,,,,,,,,
2022/10/7 14:00,0,0,0,7.147,,,,,,,,,,,,,
2022/10/7 15:00,0,0,0,6.558,,,,,,,,,,,,,
2022/10/7 16:00,0,0,0,6.405,,,,,,,,,,,,,
2022/10/7 17:00,0,0,0,6.418,,,,,,,,,,,,,
2022/10/7 18:00,0,0,0,6.421,,,,,,,,,,,,,
2022/10/7 19:00,0,0,0,6.379,,,,,,,,,,,,,
2022/10/7 20:00,0,0,0,6.164,,,,,,,,,,,,,
2022/10/7 21:00,0,0,0,6.161,,,,,,,,,,,,,
2022/10/7 22:00,0,0.001,0.007,6.634,,,,,,,,,,,,,
2022/10/7 23:00,0.036,0.006,0.052,7.802,,,,,,,,,,,,,
2022/10/8 0:00,0.119,0.016,0.129,9.224,,,,,,,,,,,,,
2022/10/8 1:00,0.266,0.072,0.231,10.945,,,,,,,,,,,,,
2022/10/8 2:00,0.454,0.234,0.288,12.818,,,,,,,,,,,,,
2022/10/8 3:00,0.522,0.302,0.306,13.892,,,,,,,,,,,,,
2022/10/8 4:00,0.55,0.345,0.3,14.34,,,,,,,,,,,,,
2022/10/8 5:00,0.49,0.282,0.287,14.344,,,,,,,,,,,,,
2022/10/8 6:00,0.35,0.149,0.252,13.783,,,,,,,,,,,,,
2022/10/8 7:00,0.204,0.06,0.179,12.786,,,,,,,,,,,,,
2022/10/8 8:00,0.071,0.014,0.083,11.393,,,,,,,,,,,,,
2022/10/8 9:00,0,0.001,0.011,9.643,,,,,,,,,,,,,
2022/10/8 10:00,0,0,0,8.582,,,,,,,,,,,,,
2022/10/8 11:00,0,0,0,7.951,,,,,,,,,,,,,
2022/10/8 12:00,0,0,0,6.38,,,,,,,,,,,,,
2022/10/8 13:00,0,0,0,4.427,,,,,,,,,,,,,
2022/10/8 14:00,0,0,0,2.691,,,,,,,,,,,,,
2022/10/8 15:00,0,0,0,0.811,,,,,,,,,,,,,
2022/10/8 16:00,0,0,0,-0.147,,,,,,,,,,,,,
2022/10/8 17:00,0,0,0,-0.522,,,,,,,,,,,,,
2022/10/8 18:00,0,0,0,-0.78,,,,,,,,,,,,,
2022/10/8 19:00,0,0,0,-0.929,,,,,,,,,,,,,
2022/10/8 20:00,0,0,0,-0.929,,,,,,,,,,,,,
2022/10/8 21:00,0,0,0,-0.921,,,,,,,,,,,,,
2022/10/8 22:00,0,0.001,0.007,-0.929,,,,,,,,,,,,,
2022/10/8 23:00,0.056,0.009,0.068,-0.333,,,,,,,,,,,,,
2022/10/9 0:00,0.151,0.024,0.149,0.78,,,,,,,,,,,,,
2022/10/9 1:00,0.201,0.027,0.197,1.776,,,,,,,,,,,,,
2022/10/9 2:00,0.22,0.024,0.219,2.435,,,,,,,,,,,,,
2022/10/9 3:00,0.214,0.019,0.218,2.669,,,,,,,,,,,,,
2022/10/9 4:00,0.214,0.019,0.219,2.682,,,,,,,,,,,,,
2022/10/9 5:00,0.205,0.019,0.209,2.53,,,,,,,,,,,,,
2022/10/9 6:00,0.157,0.013,0.166,2.251,,,,,,,,,,,,,
2022/10/9 7:00,0.11,0.01,0.122,1.98,,,,,,,,,,,,,
2022/10/9 8:00,0.048,0.005,0.064,1.643,,,,,,,,,,,,,
2022/10/9 9:00,0,0.001,0.011,1.244,,,,,,,,,,,,,
2022/10/9 10:00,0,0,0,0.807,,,,,,,,,,,,,
2022/10/9 11:00,0,0,0,0.682,,,,,,,,,,,,,
2022/10/9 12:00,0,0,0,0.93,,,,,,,,,,,,,
2022/10/9 13:00,0,0,0,0.786,,,,,,,,,,,,,
2022/10/9 14:00,0,0,0,0.563,,,,,,,,,,,,,
2022/10/9 15:00,0,0,0,0.612,,,,,,,,,,,,,
2022/10/9 16:00,0,0,0,0.478,,,,,,,,,,,,,
2022/10/9 17:00,0,0,0,0.2,,,,,,,,,,,,,
2022/10/9 18:00,0,0,0,0.068,,,,,,,,,,,,,
2022/10/9 19:00,0,0,0,-0.135,,,,,,,,,,,,,
2022/10/9 20:00,0,0,0,-0.27,,,,,,,,,,,,,
2022/10/9 21:00,0,0,0,-0.326,,,,,,,,,,,,,
2022/10/9 22:00,0,0.004,0.011,-0.442,,,,,,,,,,,,,
2022/10/9 23:00,0.174,0.099,0.096,0.397,,,,,,,,,,,,,
2022/10/10 0:00,0.436,0.368,0.106,2.328,,,,,,,,,,,,,
2022/10/10 1:00,0.595,0.531,0.136,4.087,,,,,,,,,,,,,
2022/10/10 2:00,0.753,0.749,0.132,5.494,,,,,,,,,,,,,
2022/10/10 3:00,0.809,0.829,0.139,6.818,,,,,,,,,,,,,
2022/10/10 4:00,0.805,0.826,0.141,7.965,,,,,,,,,,,,,
2022/10/10 5:00,0.757,0.771,0.132,8.725,,,,,,,,,,,,,
2022/10/10 6:00,0.652,0.641,0.118,8.979,,,,,,,,,,,,,
2022/10/10 7:00,0.482,0.444,0.1,8.704,,,,,,,,,,,,,
2022/10/10 8:00,0.256,0.216,0.072,7.674,,,,,,,,,,,,,
2022/10/10 9:00,0.019,0.024,0.013,4.208,,,,,,,,,,,,,
2022/10/10 10:00,0,0,0,2.036,,,,,,,,,,,,,
2022/10/10 11:00,0,0,0,1.222,,,,,,,,,,,,,
2022/10/10 12:00,0,0,0,0.248,,,,,,,,,,,,,
2022/10/10 13:00,0,0,0,-0.578,,,,,,,,,,,,,
2022/10/10 14:00,0,0,0,-1.391,,,,,,,,,,,,,
2022/10/10 15:00,0,0,0,-1.936,,,,,,,,,,,,,
2022/10/10 16:00,0,0,0,-2.216,,,,,,,,,,,,,
2022/10/10 17:00,0,0,0,-2.338,,,,,,,,,,,,,
2022/10/10 18:00,0,0,0,-2.372,,,,,,,,,,,,,
2022/10/10 19:00,0,0,0,-2.382,,,,,,,,,,,,,
2022/10/10 20:00,0,0,0,-2.425,,,,,,,,,,,,,
2022/10/10 21:00,0,0,0,-2.448,,,,,,,,,,,,,
2022/10/10 22:00,0.01,0.019,0.009,-2.134,,,,,,,,,,,,,
2022/10/10 23:00,0.23,0.191,0.062,1.691,,,,,,,,,,,,,
2022/10/11 0:00,0.474,0.436,0.088,4.908,,,,,,,,,,,,,
2022/10/11 1:00,0.647,0.646,0.106,9.184,,,,,,,,,,,,,
2022/10/11 2:00,0.754,0.799,0.118,12.201,,,,,,,,,,,,,
2022/10/11 3:00,0.795,0.858,0.13,13.895,,,,,,,,,,,,,
2022/10/11 4:00,0.793,0.861,0.131,15.186,,,,,,,,,,,,,
2022/10/11 5:00,0.738,0.788,0.127,16.097,,,,,,,,,,,,,
2022/10/11 6:00,0.63,0.645,0.116,16.577,,,,,,,,,,,,,
2022/10/11 7:00,0.462,0.443,0.099,16.456,,,,,,,,,,,,,
2022/10/11 8:00,0.242,0.21,0.072,14.613,,,,,,,,,,,,,
2022/10/11 9:00,0.014,0.021,0.013,10.514,,,,,,,,,,,,,
2022/10/11 10:00,0,0,0,7.85,,,,,,,,,,,,,
2022/10/11 11:00,0,0,0,6.636,,,,,,,,,,,,,
2022/10/11 12:00,0,0,0,5.798,,,,,,,,,,,,,
2022/10/11 13:00,0,0,0,4.942,,,,,,,,,,,,,
2022/10/11 14:00,0,0,0,4.361,,,,,,,,,,,,,
2022/10/11 15:00,0,0,0,3.908,,,,,,,,,,,,,
2022/10/11 16:00,0,0,0,3.386,,,,,,,,,,,,,
2022/10/11 17:00,0,0,0,2.807,,,,,,,,,,,,,
2022/10/11 18:00,0,0,0,2.294,,,,,,,,,,,,,
2022/10/11 19:00,0,0,0,1.857,,,,,,,,,,,,,
2022/10/11 20:00,0,0,0,1.475,,,,,,,,,,,,,
2022/10/11 21:00,0,0,0,1.215,,,,,,,,,,,,,
2022/10/11 22:00,0.004,0.012,0.009,1.288,,,,,,,,,,,,,
2022/10/11 23:00,0.199,0.157,0.067,4.205,,,,,,,,,,,,,
2022/10/12 0:00,0.428,0.363,0.114,7.526,,,,,,,,,,,,,
2022/10/12 1:00,0.601,0.565,0.138,11.696,,,,,,,,,,,,,
2022/10/12 2:00,0.703,0.708,0.155,16.154,,,,,,,,,,,,,
2022/10/12 3:00,0.744,0.773,0.167,18.916,,,,,,,,,,,,,
2022/10/12 4:00,0.718,0.727,0.181,20.387,,,,,,,,,,,,,
2022/10/12 5:00,0.505,0.36,0.248,20.582,,,,,,,,,,,,,
2022/10/12 6:00,0.3,0.126,0.229,19.902,,,,,,,,,,,,,
2022/10/12 7:00,0.248,0.124,0.169,19.032,,,,,,,,,,,,,
2022/10/12 8:00,0.056,0.013,0.07,16.398,,,,,,,,,,,,,
2022/10/12 9:00,0,0.001,0.008,13.63,,,,,,,,,,,,,
2022/10/12 10:00,0,0,0,12.607,,,,,,,,,,,,,
2022/10/12 11:00,0,0,0,12.06,,,,,,,,,,,,,
2022/10/12 12:00,0,0,0,11.465,,,,,,,,,,,,,
2022/10/12 13:00,0,0,0,10.805,,,,,,,,,,,,,
2022/10/12 14:00,0,0,0,10.511,,,,,,,,,,,,,
2022/10/12 15:00,0,0,0,9.971,,,,,,,,,,,,,
2022/10/12 16:00,0,0,0,9.394,,,,,,,,,,,,,
2022/10/12 17:00,0,0,0,9.164,,,,,,,,,,,,,
2022/10/12 18:00,0,0,0,8.89,,,,,,,,,,,,,
2022/10/12 19:00,0,0,0,8.575,,,,,,,,,,,,,
2022/10/12 20:00,0,0,0,8.18,,,,,,,,,,,,,
2022/10/12 21:00,0,0,0,7.625,,,,,,,,,,,,,
2022/10/12 22:00,0,0.001,0.006,6.861,,,,,,,,,,,,,
2022/10/12 23:00,0.078,0.027,0.076,8.047,,,,,,,,,,,,,
2022/10/13 0:00,0.318,0.217,0.142,10.37,,,,,,,,,,,,,
2022/10/13 1:00,0.537,0.474,0.154,14.344,,,,,,,,,,,,,
2022/10/13 2:00,0.664,0.652,0.162,17.498,,,,,,,,,,,,,
2022/10/13 3:00,0.726,0.746,0.166,19.118,,,,,,,,,,,,,
2022/10/13 4:00,0.726,0.752,0.167,20.185,,,,,,,,,,,,,
2022/10/13 5:00,0.671,0.677,0.162,20.775,,,,,,,,,,,,,
2022/10/13 6:00,0.564,0.54,0.148,20.888,,,,,,,,,,,,,
2022/10/13 7:00,0.398,0.346,0.126,20.404,,,,,,,,,,,,,
2022/10/13 8:00,0.183,0.135,0.085,17.772,,,,,,,,,,,,,
2022/10/13 9:00,0.003,0.008,0.012,13.399,,,,,,,,,,,,,
2022/10/13 10:00,0,0,0,11.492,,,,,,,,,,,,,
2022/10/13 11:00,0,0,0,10.604,,,,,,,,,,,,,
2022/10/13 12:00,0,0,0,9.811,,,,,,,,,,,,,
2022/10/13 13:00,0,0,0,9.382,,,,,,,,,,,,,
2022/10/13 14:00,0,0,0,9.421,,,,,,,,,,,,,
2022/10/13 15:00,0,0,0,9.478,,,,,,,,,,,,,
2022/10/13 16:00,0,0,0,9.218,,,,,,,,,,,,,
2022/10/13 17:00,0,0,0,8.855,,,,,,,,,,,,,
2022/10/13 18:00,0,0,0,8.551,,,,,,,,,,,,,
2022/10/13 19:00,0,0,0,8.236,,,,,,,,,,,,,
2022/10/13 20:00,0,0,0,7.904,,,,,,,,,,,,,
2022/10/13 21:00,0,0,0,7.869,,,,,,,,,,,,,
2022/10/13 22:00,0,0.001,0.004,7.811,,,,,,,,,,,,,
2022/10/13 23:00,0.044,0.01,0.057,8.894,,,,,,,,,,,,,
2022/10/14 0:00,0.141,0.035,0.134,11.069,,,,,,,,,,,,,
2022/10/14 1:00,0.305,0.135,0.215,13.664,,,,,,,,,,,,,
2022/10/14 2:00,0.528,0.402,0.225,17.26,,,,,,,,,,,,,
2022/10/14 3:00,0.671,0.64,0.194,19.754,,,,,,,,,,,,,
2022/10/14 4:00,0.673,0.649,0.194,21.095,,,,,,,,,,,,,
2022/10/14 5:00,0.618,0.579,0.187,21.697,,,,,,,,,,,,,
2022/10/14 6:00,0.533,0.488,0.161,21.798,,,,,,,,,,,,,
2022/10/14 7:00,0.378,0.318,0.132,21.128,,,,,,,,,,,,,
2022/10/14 8:00,0.181,0.135,0.084,18.075,,,,,,,,,,,,,
2022/10/14 9:00,0.003,0.009,0.011,13.4,,,,,,,,,,,,,
2022/10/14 10:00,0,0,0,11.369,,,,,,,,,,,,,
2022/10/14 11:00,0,0,0,10.301,,,,,,,,,,,,,
2022/10/14 12:00,0,0,0,9.449,,,,,,,,,,,,,
2022/10/14 13:00,0,0,0,8.76,,,,,,,,,,,,,
2022/10/14 14:00,0,0,0,8.151,,,,,,,,,,,,,
2022/10/14 15:00,0,0,0,7.563,,,,,,,,,,,,,
2022/10/14 16:00,0,0,0,7.035,,,,,,,,,,,,,
2022/10/14 17:00,0,0,0,6.52,,,,,,,,,,,,,
2022/10/14 18:00,0,0,0,5.897,,,,,,,,,,,,,
2022/10/14 19:00,0,0,0,5.228,,,,,,,,,,,,,
2022/10/14 20:00,0,0,0,4.457,,,,,,,,,,,,,
2022/10/14 21:00,0,0,0,3.818,,,,,,,,,,,,,
2022/10/14 22:00,0,0.004,0.007,3.547,,,,,,,,,,,,,
2022/10/14 23:00,0.146,0.096,0.075,6.27,,,,,,,,,,,,,
2022/10/15 0:00,0.382,0.315,0.115,9.556,,,,,,,,,,,,,
2022/10/15 1:00,0.559,0.514,0.138,12.781,,,,,,,,,,,,,
2022/10/15 2:00,0.666,0.652,0.155,15.727,,,,,,,,,,,,,
2022/10/15 3:00,0.712,0.718,0.166,17.683,,,,,,,,,,,,,
2022/10/15 4:00,0.712,0.724,0.167,18.893,,,,,,,,,,,,,
2022/10/15 5:00,0.647,0.632,0.166,19.571,,,,,,,,,,,,,
2022/10/15 6:00,0.536,0.492,0.153,19.616,,,,,,,,,,,,,
2022/10/15 7:00,0.333,0.25,0.14,18.632,,,,,,,,,,,,,
2022/10/15 8:00,0.131,0.078,0.084,15.996,,,,,,,,,,,,,
2022/10/15 9:00,0,0.005,0.01,11.937,,,,,,,,,,,,,
2022/10/15 10:00,0,0,0,9.678,,,,,,,,,,,,,
2022/10/15 11:00,0,0,0,8.372,,,,,,,,,,,,,
2022/10/15 12:00,0,0,0,7.427,,,,,,,,,,,,,
2022/10/15 13:00,0,0,0,6.138,,,,,,,,,,,,,
2022/10/15 14:00,0,0,0,5.105,,,,,,,,,,,,,
2022/10/15 15:00,0,0,0,4.189,,,,,,,,,,,,,
2022/10/15 16:00,0,0,0,3.059,,,,,,,,,,,,,
2022/10/15 17:00,0,0,0,2.179,,,,,,,,,,,,,
2022/10/15 18:00,0,0,0,1.367,,,,,,,,,,,,,
2022/10/15 19:00,0,0,0,0.406,,,,,,,,,,,,,
2022/10/15 20:00,0,0,0,-0.643,,,,,,,,,,,,,
2022/10/15 21:00,0,0,0,-1.322,,,,,,,,,,,,,
2022/10/15 22:00,0,0.008,0.006,-1.461,,,,,,,,,,,,,
2022/10/15 23:00,0.203,0.165,0.06,0.919,,,,,,,,,,,,,
2022/10/16 0:00,0.47,0.437,0.08,3.917,,,,,,,,,,,,,
2022/10/16 1:00,0.659,0.661,0.095,6.212,,,,,,,,,,,,,
2022/10/16 2:00,0.778,0.82,0.106,7.661,,,,,,,,,,,,,
2022/10/16 3:00,0.835,0.905,0.113,8.693,,,,,,,,,,,,,
2022/10/16 4:00,0.838,0.912,0.113,9.326,,,,,,,,,,,,,
2022/10/16 5:00,0.785,0.839,0.108,9.582,,,,,,,,,,,,,
2022/10/16 6:00,0.674,0.692,0.098,9.38,,,,,,,,,,,,,
2022/10/16 7:00,0.502,0.484,0.083,8.596,,,,,,,,,,,,,
2022/10/16 8:00,0.269,0.242,0.059,7.192,,,,,,,,,,,,,
2022/10/16 9:00,0.008,0.017,0.008,4.837,,,,,,,,,,,,,
2022/10/16 10:00,0,0,0,3.291,,,,,,,,,,,,,
2022/10/16 11:00,0,0,0,2.555,,,,,,,,,,,,,
2022/10/16 12:00,0,0,0,1.79,,,,,,,,,,,,,
2022/10/16 13:00,0,0,0,1.063,,,,,,,,,,,,,
2022/10/16 14:00,0,0,0,0.434,,,,,,,,,,,,,
2022/10/16 15:00,0,0,0,-0.207,,,,,,,,,,,,,
2022/10/16 16:00,0,0,0,-0.485,,,,,,,,,,,,,
2022/10/16 17:00,0,0,0,-0.773,,,,,,,,,,,,,
2022/10/16 18:00,0,0,0,-1.051,,,,,,,,,,,,,
2022/10/16 19:00,0,0,0,-1.3,,,,,,,,,,,,,
2022/10/16 20:00,0,0,0,-1.521,,,,,,,,,,,,,
2022/10/16 21:00,0,0,0,-1.649,,,,,,,,,,,,,
2022/10/16 22:00,0,0.008,0.005,-1.703,,,,,,,,,,,,,
2022/10/16 23:00,0.195,0.159,0.057,-0.269,,,,,,,,,,,,,
2022/10/17 0:00,0.451,0.405,0.086,2.591,,,,,,,,,,,,,
2022/10/17 1:00,0.639,0.623,0.104,5.246,,,,,,,,,,,,,
2022/10/17 2:00,0.76,0.781,0.115,6.61,,,,,,,,,,,,,
2022/10/17 3:00,0.82,0.866,0.121,7.529,,,,,,,,,,,,,
2022/10/17 4:00,0.823,0.876,0.121,8.233,,,,,,,,,,,,,
2022/10/17 5:00,0.771,0.808,0.115,8.677,,,,,,,,,,,,,
2022/10/17 6:00,0.655,0.655,0.106,8.663,,,,,,,,,,,,,
2022/10/17 7:00,0.48,0.449,0.09,8.154,,,,,,,,,,,,,
2022/10/17 8:00,0.247,0.215,0.062,6.942,,,,,,,,,,,,,
2022/10/17 9:00,0.005,0.013,0.008,3.39,,,,,,,,,,,,,
2022/10/17 10:00,0,0,0,1.491,,,,,,,,,,,,,
2022/10/17 11:00,0,0,0,0.675,,,,,,,,,,,,,
2022/10/17 12:00,0,0,0,-0.088,,,,,,,,,,,,,
2022/10/17 13:00,0,0,0,-0.766,,,,,,,,,,,,,
2022/10/17 14:00,0,0,0,-1.342,,,,,,,,,,,,,
2022/10/17 15:00,0,0,0,-1.923,,,,,,,,,,,,,
2022/10/17 16:00,0,0,0,-2.538,,,,,,,,,,,,,
2022/10/17 17:00,0,0,0,-3.055,,,,,,,,,,,,,
2022/10/17 18:00,0,0,0,-3.467,,,,,,,,,,,,,
2022/10/17 19:00,0,0,0,-3.807,,,,,,,,,,,,,
2022/10/17 20:00,0,0,0,-4.048,,,,,,,,,,,,,
2022/10/17 21:00,0,0,0,-4.068,,,,,,,,,,,,,
2022/10/17 22:00,0,0.007,0.005,-3.855,,,,,,,,,,,,,
2022/10/17 23:00,0.202,0.169,0.054,-0.543,,,,,,,,,,,,,
2022/10/18 0:00,0.46,0.422,0.081,3.096,,,,,,,,,,,,,
2022/10/18 1:00,0.643,0.64,0.098,7.145,,,,,,,,,,,,,
2022/10/18 2:00,0.758,0.798,0.11,9.373,,,,,,,,,,,,,
2022/10/18 3:00,0.808,0.869,0.119,10.723,,,,,,,,,,,,,
2022/10/18 4:00,0.809,0.876,0.12,11.76,,,,,,,,,,,,,
2022/10/18 5:00,0.755,0.805,0.115,12.506,,,,,,,,,,,,,
2022/10/18 6:00,0.636,0.647,0.107,12.838,,,,,,,,,,,,,
2022/10/18 7:00,0.466,0.446,0.09,12.618,,,,,,,,,,,,,
2022/10/18 8:00,0.241,0.214,0.061,10.434,,,,,,,,,,,,,
2022/10/18 9:00,0.003,0.012,0.007,7.839,,,,,,,,,,,,,
2022/10/18 10:00,0,0,0,7.173,,,,,,,,,,,,,
2022/10/18 11:00,0,0,0,6.143,,,,,,,,,,,,,
2022/10/18 12:00,0,0,0,4.494,,,,,,,,,,,,,
2022/10/18 13:00,0,0,0,2.999,,,,,,,,,,,,,
2022/10/18 14:00,0,0,0,1.776,,,,,,,,,,,,,
2022/10/18 15:00,0,0,0,0.665,,,,,,,,,,,,,
2022/10/18 16:00,0,0,0,-0.21,,,,,,,,,,,,,
2022/10/18 17:00,0,0,0,-0.761,,,,,,,,,,,,,
2022/10/18 18:00,0,0,0,-1.1,,,,,,,,,,,,,
2022/10/18 19:00,0,0,0,-1.356,,,,,,,,,,,,,
2022/10/18 20:00,0,0,0,-1.667,,,,,,,,,,,,,
2022/10/18 21:00,0,0,0,-1.9,,,,,,,,,,,,,
2022/10/18 22:00,0,0.006,0.004,-1.931,,,,,,,,,,,,,
2022/10/18 23:00,0.189,0.157,0.054,1.284,,,,,,,,,,,,,
2022/10/19 0:00,0.446,0.409,0.084,5.699,,,,,,,,,,,,,
2022/10/19 1:00,0.631,0.631,0.101,9.281,,,,,,,,,,,,,
2022/10/19 2:00,0.737,0.787,0.114,13.944,,,,,,,,,,,,,
2022/10/19 3:00,0.78,0.862,0.123,17.337,,,,,,,,,,,,,
2022/10/19 4:00,0.768,0.851,0.127,19.179,,,,,,,,,,,,,
2022/10/19 5:00,0.706,0.761,0.126,20.023,,,,,,,,,,,,,
2022/10/19 6:00,0.599,0.618,0.115,20.14,,,,,,,,,,,,,
2022/10/19 7:00,0.428,0.408,0.098,19.2,,,,,,,,,,,,,
2022/10/19 8:00,0.204,0.174,0.067,15.342,,,,,,,,,,,,,
2022/10/19 9:00,0,0.007,0.007,10.874,,,,,,,,,,,,,
2022/10/19 10:00,0,0,0,9.797,,,,,,,,,,,,,
2022/10/19 11:00,0,0,0,9.353,,,,,,,,,,,,,
2022/10/19 12:00,0,0,0,8.478,,,,,,,,,,,,,
2022/10/19 13:00,0,0,0,7.876,,,,,,,,,,,,,
2022/10/19 14:00,0,0,0,7.542,,,,,,,,,,,,,
2022/10/19 15:00,0,0,0,7.135,,,,,,,,,,,,,
2022/10/19 16:00,0,0,0,6.628,,,,,,,,,,,,,
2022/10/19 17:00,0,0,0,6.183,,,,,,,,,,,,,
2022/10/19 18:00,0,0,0,5.743,,,,,,,,,,,,,
2022/10/19 19:00,0,0,0,5.248,,,,,,,,,,,,,
2022/10/19 20:00,0,0,0,4.718,,,,,,,,,,,,,
2022/10/19 21:00,0,0,0,4.38,,,,,,,,,,,,,
2022/10/19 22:00,0,0.002,0.003,4.329,,,,,,,,,,,,,
2022/10/19 23:00,0.122,0.083,0.064,6.176,,,,,,,,,,,,,
2022/10/20 0:00,0.327,0.239,0.128,9.211,,,,,,,,,,,,,
2022/10/20 1:00,0.468,0.365,0.174,13.205,,,,,,,,,,,,,
2022/10/20 2:00,0.525,0.406,0.217,17.157,,,,,,,,,,,,,
2022/10/20 3:00,0.539,0.401,0.247,19.086,,,,,,,,,,,,,
2022/10/20 4:00,0.514,0.359,0.257,19.529,,,,,,,,,,,,,
2022/10/20 5:00,0.489,0.348,0.236,19.513,,,,,,,,,,,,,
2022/10/20 6:00,0.435,0.322,0.193,19.231,,,,,,,,,,,,,
2022/10/20 7:00,0.274,0.172,0.15,18.33,,,,,,,,,,,,,
2022/10/20 8:00,0.084,0.039,0.074,16.323,,,,,,,,,,,,,
2022/10/20 9:00,0,0.001,0.004,13.767,,,,,,,,,,,,,
2022/10/20 10:00,0,0,0,12.686,,,,,,,,,,,,,
2022/10/20 11:00,0,0,0,11.775,,,,,,,,,,,,,
2022/10/20 12:00,0,0,0,11.035,,,,,,,,,,,,,
2022/10/20 13:00,0,0,0,10.372,,,,,,,,,,,,,
2022/10/20 14:00,0,0,0,9.906,,,,,,,,,,,,,
2022/10/20 15:00,0,0,0,9.629,,,,,,,,,,,,,
2022/10/20 16:00,0,0,0,9.449,,,,,,,,,,,,,
2022/10/20 17:00,0,0,0,9.166,,,,,,,,,,,,,
2022/10/20 18:00,0,0,0,8.844,,,,,,,,,,,,,
2022/10/20 19:00,0,0,0,8.262,,,,,,,,,,,,,
2022/10/20 20:00,0,0,0,7.418,,,,,,,,,,,,,
2022/10/20 21:00,0,0,0,6.653,,,,,,,,,,,,,
2022/10/20 22:00,0,0.001,0.003,6.035,,,,,,,,,,,,,
2022/10/20 23:00,0.095,0.053,0.067,7.393,,,,,,,,,,,,,
2022/10/21 0:00,0.337,0.264,0.115,9.922,,,,,,,,,,,,,
2022/10/21 1:00,0.538,0.489,0.135,12.562,,,,,,,,,,,,,
2022/10/21 2:00,0.667,0.659,0.145,14.421,,,,,,,,,,,,,
2022/10/21 3:00,0.729,0.75,0.15,15.786,,,,,,,,,,,,,
2022/10/21 4:00,0.732,0.757,0.151,16.71,,,,,,,,,,,,,
2022/10/21 5:00,0.675,0.681,0.146,17.286,,,,,,,,,,,,,
2022/10/21 6:00,0.56,0.535,0.134,17.4,,,,,,,,,,,,,
2022/10/21 7:00,0.381,0.329,0.115,16.778,,,,,,,,,,,,,
2022/10/21 8:00,0.159,0.12,0.071,14.302,,,,,,,,,,,,,
2022/10/21 9:00,0,0.004,0.005,10.187,,,,,,,,,,,,,
2022/10/21 10:00,0,0,0,8.184,,,,,,,,,,,,,
2022/10/21 11:00,0,0,0,6.944,,,,,,,,,,,,,
2022/10/21 12:00,0,0,0,6.269,,,,,,,,,,,,,
2022/10/21 13:00,0,0,0,5.797,,,,,,,,,,,,,
2022/10/21 14:00,0,0,0,5.508,,,,,,,,,,,,,
2022/10/21 15:00,0,0,0,4.901,,,,,,,,,,,,,
2022/10/21 16:00,0,0,0,3.929,,,,,,,,,,,,,
2022/10/21 17:00,0,0,0,2.483,,,,,,,,,,,,,
2022/10/21 18:00,0,0,0,1.311,,,,,,,,,,,,,
2022/10/21 19:00,0,0,0,0.457,,,,,,,,,,,,,
2022/10/21 20:00,0,0,0,0.011,,,,,,,,,,,,,
2022/10/21 21:00,0,0,0,0.003,,,,,,,,,,,,,
2022/10/21 22:00,0,0.002,0.003,-0.2,,,,,,,,,,,,,
2022/10/21 23:00,0.127,0.088,0.061,1.419,,,,,,,,,,,,,
2022/10/22 0:00,0.413,0.363,0.091,4.234,,,,,,,,,,,,,
2022/10/22 1:00,0.603,0.577,0.111,7.086,,,,,,,,,,,,,
2022/10/22 2:00,0.722,0.732,0.124,9.211,,,,,,,,,,,,,
2022/10/22 3:00,0.777,0.808,0.132,10.412,,,,,,,,,,,,,
2022/10/22 4:00,0.77,0.797,0.137,10.947,,,,,,,,,,,,,
2022/10/22 5:00,0.705,0.704,0.137,11.157,,,,,,,,,,,,,
2022/10/22 6:00,0.562,0.513,0.136,10.96,,,,,,,,,,,,,
2022/10/22 7:00,0.384,0.319,0.113,10.326,,,,,,,,,,,,,
2022/10/22 8:00,0.176,0.138,0.067,8.91,,,,,,,,,,,,,
2022/10/22 9:00,0,0.005,0.005,5.36,,,,,,,,,,,,,
2022/10/22 10:00,0,0,0,4.623,,,,,,,,,,,,,
2022/10/22 11:00,0,0,0,4.417,,,,,,,,,,,,,
2022/10/22 12:00,0,0,0,3.578,,,,,,,,,,,,,
2022/10/22 13:00,0,0,0,2.766,,,,,,,,,,,,,
2022/10/22 14:00,0,0,0,2.515,,,,,,,,,,,,,
2022/10/22 15:00,0,0,0,2.225,,,,,,,,,,,,,
2022/10/22 16:00,0,0,0,1.773,,,,,,,,,,,,,
2022/10/22 17:00,0,0,0,1.303,,,,,,,,,,,,,
2022/10/22 18:00,0,0,0,0.873,,,,,,,,,,,,,
2022/10/22 19:00,0,0,0,0.5,,,,,,,,,,,,,
2022/10/22 20:00,0,0,0,0.097,,,,,,,,,,,,,
2022/10/22 21:00,0,0,0,-0.296,,,,,,,,,,,,,
2022/10/22 22:00,0,0.002,0.002,-0.68,,,,,,,,,,,,,
2022/10/22 23:00,0.161,0.13,0.052,1.114,,,,,,,,,,,,,
2022/10/23 0:00,0.42,0.373,0.087,3.967,,,,,,,,,,,,,
2022/10/23 1:00,0.607,0.586,0.107,7.115,,,,,,,,,,,,,
2022/10/23 2:00,0.724,0.734,0.122,8.837,,,,,,,,,,,,,
2022/10/23 3:00,0.752,0.757,0.143,9.523,,,,,,,,,,,,,
2022/10/23 4:00,0.729,0.712,0.156,9.79,,,,,,,,,,,,,
2022/10/23 5:00,0.69,0.671,0.143,9.815,,,,,,,,,,,,,
2022/10/23 6:00,0.574,0.528,0.131,9.503,,,,,,,,,,,,,
2022/10/23 7:00,0.408,0.352,0.105,8.801,,,,,,,,,,,,,
2022/10/23 8:00,0.203,0.17,0.062,7.289,,,,,,,,,,,,,
2022/10/23 9:00,0,0.005,0.004,3.344,,,,,,,,,,,,,
2022/10/23 10:00,0,0,0,2.001,,,,,,,,,,,,,
2022/10/23 11:00,0,0,0,1.408,,,,,,,,,,,,,
2022/10/23 12:00,0,0,0,1.152,,,,,,,,,,,,,
2022/10/23 13:00,0,0,0,1.352,,,,,,,,,,,,,
2022/10/23 14:00,0,0,0,2.109,,,,,,,,,,,,,
2022/10/23 15:00,0,0,0,2.022,,,,,,,,,,,,,
2022/10/23 16:00,0,0,0,0.691,,,,,,,,,,,,,
2022/10/23 17:00,0,0,0,-0.535,,,,,,,,,,,,,
2022/10/23 18:00,0,0,0,-1.421,,,,,,,,,,,,,
2022/10/23 19:00,0,0,0,-1.639,,,,,,,,,,,,,
2022/10/23 20:00,0,0,0,-2.009,,,,,,,,,,,,,
2022/10/23 21:00,0,0,0,-2.309,,,,,,,,,,,,,
2022/10/23 22:00,0,0.002,0.002,-2.197,,,,,,,,,,,,,
2022/10/23 23:00,0.152,0.121,0.052,0.279,,,,,,,,,,,,,
2022/10/24 0:00,0.405,0.354,0.09,4.511,,,,,,,,,,,,,
2022/10/24 1:00,0.587,0.558,0.113,8.085,,,,,,,,,,,,,
2022/10/24 2:00,0.695,0.702,0.129,11.977,,,,,,,,,,,,,
2022/10/24 3:00,0.747,0.778,0.138,14.039,,,,,,,,,,,,,
2022/10/24 4:00,0.746,0.782,0.14,15.349,,,,,,,,,,,,,
2022/10/24 5:00,0.69,0.711,0.134,16.264,,,,,,,,,,,,,
2022/10/24 6:00,0.577,0.568,0.122,16.707,,,,,,,,,,,,,
2022/10/24 7:00,0.407,0.373,0.101,16.347,,,,,,,,,,,,,
2022/10/24 8:00,0.189,0.16,0.062,12.794,,,,,,,,,,,,,
2022/10/24 9:00,0,0.004,0.004,8.791,,,,,,,,,,,,,
2022/10/24 10:00,0,0,0,7.811,,,,,,,,,,,,,
2022/10/24 11:00,0,0,0,7.095,,,,,,,,,,,,,
2022/10/24 12:00,0,0,0,6.441,,,,,,,,,,,,,
2022/10/24 13:00,0,0,0,6.001,,,,,,,,,,,,,
2022/10/24 14:00,0,0,0,5.464,,,,,,,,,,,,,
2022/10/24 15:00,0,0,0,4.75,,,,,,,,,,,,,
2022/10/24 16:00,0,0,0,4.156,,,,,,,,,,,,,
2022/10/24 17:00,0,0,0,3.736,,,,,,,,,,,,,
2022/10/24 18:00,0,0,0,3.579,,,,,,,,,,,,,
2022/10/24 19:00,0,0,0,3.437,,,,,,,,,,,,,
2022/10/24 20:00,0,0,0,3.338,,,,,,,,,,,,,
2022/10/24 21:00,0,0,0,3.267,,,,,,,,,,,,,
2022/10/24 22:00,0,0.001,0.001,3.237,,,,,,,,,,,,,
2022/10/24 23:00,0.078,0.046,0.056,4.452,,,,,,,,,,,,,
2022/10/25 0:00,0.27,0.167,0.136,7.182,,,,,,,,,,,,,
2022/10/25 1:00,0.444,0.324,0.181,11.108,,,,,,,,,,,,,
2022/10/25 2:00,0.555,0.447,0.208,15.184,,,,,,,,,,,,,
2022/10/25 3:00,0.564,0.437,0.239,17.716,,,,,,,,,,,,,
2022/10/25 4:00,0.539,0.398,0.25,19.044,,,,,,,,,,,,,
2022/10/25 5:00,0.409,0.23,0.253,19.412,,,,,,,,,,,,,
2022/10/25 6:00,0.261,0.101,0.208,18.988,,,,,,,,,,,,,
2022/10/25 7:00,0.139,0.04,0.133,17.853,,,,,,,,,,,,,
2022/10/25 8:00,0.042,0.013,0.053,15.876,,,,,,,,,,,,,
2022/10/25 9:00,0,0.001,0.002,13.599,,,,,,,,,,,,,
2022/10/25 10:00,0,0,0,12.452,,,,,,,,,,,,,
2022/10/25 11:00,0,0,0,11.327,,,,,,,,,,,,,
2022/10/25 12:00,0,0,0,10.21,,,,,,,,,,,,,
2022/10/25 13:00,0,0,0,9.268,,,,,,,,,,,,,
2022/10/25 14:00,0,0,0,8.565,,,,,,,,,,,,,
2022/10/25 15:00,0,0,0,8.061,,,,,,,,,,,,,
2022/10/25 16:00,0,0,0,7.579,,,,,,,,,,,,,
2022/10/25 17:00,0,0,0,7.085,,,,,,,,,,,,,
2022/10/25 18:00,0,0,0,6.685,,,,,,,,,,,,,
2022/10/25 19:00,0,0,0,6.51,,,,,,,,,,,,,
2022/10/25 20:00,0,0,0,6.408,,,,,,,,,,,,,
2022/10/25 21:00,0,0,0,5.922,,,,,,,,,,,,,
2022/10/25 22:00,0,0,0,4.825,,,,,,,,,,,,,
2022/10/25 23:00,0.004,0.001,0.019,4.483,,,,,,,,,,,,,
2022/10/26 0:00,0.086,0.015,0.095,5.679,,,,,,,,,,,,,
2022/10/26 1:00,0.246,0.087,0.191,7.475,,,,,,,,,,,,,
2022/10/26 2:00,0.389,0.195,0.241,8.747,,,,,,,,,,,,,
2022/10/26 3:00,0.427,0.216,0.265,9.233,,,,,,,,,,,,,
2022/10/26 4:00,0.502,0.315,0.255,9.387,,,,,,,,,,,,,
2022/10/26 5:00,0.522,0.374,0.221,9.458,,,,,,,,,,,,,
2022/10/26 6:00,0.482,0.373,0.173,9.208,,,,,,,,,,,,,
2022/10/26 7:00,0.348,0.262,0.126,8.324,,,,,,,,,,,,,
2022/10/26 8:00,0.153,0.113,0.066,6.615,,,,,,,,,,,,,
2022/10/26 9:00,0,0.003,0.003,3.633,,,,,,,,,,,,,
2022/10/26 10:00,0,0,0,2.181,,,,,,,,,,,,,
2022/10/26 11:00,0,0,0,1.572,,,,,,,,,,,,,
2022/10/26 12:00,0,0,0,0.755,,,,,,,,,,,,,
2022/10/26 13:00,0,0,0,-0.333,,,,,,,,,,,,,
2022/10/26 14:00,0,0,0,-1.221,,,,,,,,,,,,,
2022/10/26 15:00,0,0,0,-1.951,,,,,,,,,,,,,
2022/10/26 16:00,0,0,0,-2.705,,,,,,,,,,,,,
2022/10/26 17:00,0,0,0,-3.379,,,,,,,,,,,,,
2022/10/26 18:00,0,0,0,-3.964,,,,,,,,,,,,,
2022/10/26 19:00,0,0,0,-4.462,,,,,,,,,,,,,
2022/10/26 20:00,0,0,0,-4.906,,,,,,,,,,,,,
2022/10/26 21:00,0,0,0,-5.209,,,,,,,,,,,,,
2022/10/26 22:00,0,0.001,0.001,-5.329,,,,,,,,,,,,,
2022/10/26 23:00,0.147,0.115,0.051,-3.441,,,,,,,,,,,,,
2022/10/27 0:00,0.432,0.385,0.079,-0.603,,,,,,,,,,,,,
2022/10/27 1:00,0.628,0.606,0.098,3.03,,,,,,,,,,,,,
2022/10/27 2:00,0.749,0.762,0.111,5.315,,,,,,,,,,,,,
2022/10/27 3:00,0.804,0.841,0.119,6.766,,,,,,,,,,,,,
2022/10/27 4:00,0.804,0.844,0.121,7.688,,,,,,,,,,,,,
2022/10/27 5:00,0.747,0.77,0.116,8.161,,,,,,,,,,,,,
2022/10/27 6:00,0.634,0.627,0.105,8.144,,,,,,,,,,,,,
2022/10/27 7:00,0.452,0.417,0.087,7.503,,,,,,,,,,,,,
2022/10/27 8:00,0.205,0.176,0.055,5.343,,,,,,,,,,,,,
2022/10/27 9:00,0,0.006,0.002,1.656,,,,,,,,,,,,,
2022/10/27 10:00,0,0,0,0.53,,,,,,,,,,,,,
2022/10/27 11:00,0,0,0,-0.318,,,,,,,,,,,,,
2022/10/27 12:00,0,0,0,-1.084,,,,,,,,,,,,,
2022/10/27 13:00,0,0,0,-1.582,,,,,,,,,,,,,
2022/10/27 14:00,0,0,0,-1.876,,,,,,,,,,,,,
2022/10/27 15:00,0,0,0,-2.158,,,,,,,,,,,,,
2022/10/27 16:00,0,0,0,-2.107,,,,,,,,,,,,,
2022/10/27 17:00,0,0,0,-2.063,,,,,,,,,,,,,
2022/10/27 18:00,0,0,0,-1.98,,,,,,,,,,,,,
2022/10/27 19:00,0,0,0,-2.079,,,,,,,,,,,,,
2022/10/27 20:00,0,0,0,-2.351,,,,,,,,,,,,,
2022/10/27 21:00,0,0,0,-2.523,,,,,,,,,,,,,
2022/10/27 22:00,0,0,0.001,-2.315,,,,,,,,,,,,,
2022/10/27 23:00,0.052,0.025,0.047,-0.584,,,,,,,,,,,,,
2022/10/28 0:00,0.226,0.123,0.127,2.12,,,,,,,,,,,,,
2022/10/28 1:00,0.44,0.318,0.167,4.887,,,,,,,,,,,,,
2022/10/28 2:00,0.577,0.469,0.186,7.093,,,,,,,,,,,,,
2022/10/28 3:00,0.653,0.567,0.191,8.662,,,,,,,,,,,,,
2022/10/28 4:00,0.647,0.56,0.195,9.85,,,,,,,,,,,,,
2022/10/28 5:00,0.599,0.513,0.183,10.592,,,,,,,,,,,,,
2022/10/28 6:00,0.523,0.451,0.15,10.856,,,,,,,,,,,,,
2022/10/28 7:00,0.343,0.267,0.12,10.367,,,,,,,,,,,,,
2022/10/28 8:00,0.126,0.09,0.062,7.896,,,,,,,,,,,,,
2022/10/28 9:00,0,0,0.002,4.23,,,,,,,,,,,,,
2022/10/28 10:00,0,0,0,3.093,,,,,,,,,,,,,
2022/10/28 11:00,0,0,0,2.059,,,,,,,,,,,,,
2022/10/28 12:00,0,0,0,1.133,,,,,,,,,,,,,
2022/10/28 13:00,0,0,0,0.447,,,,,,,,,,,,,
2022/10/28 14:00,0,0,0,-0.059,,,,,,,,,,,,,
2022/10/28 15:00,0,0,0,-0.5,,,,,,,,,,,,,
2022/10/28 16:00,0,0,0,-0.837,,,,,,,,,,,,,
2022/10/28 17:00,0,0,0,-0.95,,,,,,,,,,,,,
2022/10/28 18:00,0,0,0,-1.011,,,,,,,,,,,,,
2022/10/28 19:00,0,0,0,-1.053,,,,,,,,,,,,,
2022/10/28 20:00,0,0,0,-0.984,,,,,,,,,,,,,
2022/10/28 21:00,0,0,0,-0.787,,,,,,,,,,,,,
2022/10/28 22:00,0,0,0,-0.532,,,,,,,,,,,,,
2022/10/28 23:00,0.033,0.012,0.041,1.057,,,,,,,,,,,,,
2022/10/29 0:00,0.149,0.048,0.125,3.949,,,,,,,,,,,,,
2022/10/29 1:00,0.292,0.126,0.198,6.464,,,,,,,,,,,,,
2022/10/29 2:00,0.39,0.192,0.245,8.84,,,,,,,,,,,,,
2022/10/29 3:00,0.446,0.238,0.268,10.773,,,,,,,,,,,,,
2022/10/29 4:00,0.424,0.212,0.272,12.079,,,,,,,,,,,,,
2022/10/29 5:00,0.348,0.148,0.25,12.813,,,,,,,,,,,,,
2022/10/29 6:00,0.268,0.105,0.203,13.103,,,,,,,,,,,,,
2022/10/29 7:00,0.166,0.062,0.136,12.693,,,,,,,,,,,,,
2022/10/29 8:00,0.055,0.025,0.054,10.125,,,,,,,,,,,,,
2022/10/29 9:00,0,0,0.001,7.056,,,,,,,,,,,,,
2022/10/29 10:00,0,0,0,6.032,,,,,,,,,,,,,
2022/10/29 11:00,0,0,0,5.051,,,,,,,,,,,,,
2022/10/29 12:00,0,0,0,4.046,,,,,,,,,,,,,
2022/10/29 13:00,0,0,0,3.276,,,,,,,,,,,,,
2022/10/29 14:00,0,0,0,2.836,,,,,,,,,,,,,
2022/10/29 15:00,0,0,0,2.576,,,,,,,,,,,,,
2022/10/29 16:00,0,0,0,2.403,,,,,,,,,,,,,
2022/10/29 17:00,0,0,0,2.277,,,,,,,,,,,,,
2022/10/29 18:00,0,0,0,2.239,,,,,,,,,,,,,
2022/10/29 19:00,0,0,0,2.27,,,,,,,,,,,,,
2022/10/29 20:00,0,0,0,2.328,,,,,,,,,,,,,
2022/10/29 21:00,0,0,0,2.436,,,,,,,,,,,,,
2022/10/29 22:00,0,0,0,2.552,,,,,,,,,,,,,
2022/10/29 23:00,0.024,0.007,0.036,3.587,,,,,,,,,,,,,
2022/10/30 0:00,0.159,0.062,0.123,6.378,,,,,,,,,,,,,
2022/10/30 1:00,0.333,0.185,0.188,8.899,,,,,,,,,,,,,
2022/10/30 2:00,0.47,0.317,0.219,11.353,,,,,,,,,,,,,
2022/10/30 3:00,0.549,0.411,0.229,13.156,,,,,,,,,,,,,
2022/10/30 4:00,0.557,0.425,0.228,14.117,,,,,,,,,,,,,
2022/10/30 5:00,0.479,0.333,0.223,14.383,,,,,,,,,,,,,
2022/10/30 6:00,0.332,0.184,0.196,13.984,,,,,,,,,,,,,
2022/10/30 7:00,0.166,0.067,0.131,12.896,,,,,,,,,,,,,
2022/10/30 8:00,0.056,0.034,0.047,10.875,,,,,,,,,,,,,
2022/10/30 9:00,0,0,0.001,8.398,,,,,,,,,,,,,
2022/10/30 10:00,0,0,0,7.202,,,,,,,,,,,,,
2022/10/30 11:00,0,0,0,6.438,,,,,,,,,,,,,
2022/10/30 12:00,0,0,0,5.868,,,,,,,,,,,,,
2022/10/30 13:00,0,0,0,5.459,,,,,,,,,,,,,
2022/10/30 14:00,0,0,0,5.295,,,,,,,,,,,,,
2022/10/30 15:00,0,0,0,5.513,,,,,,,,,,,,,
2022/10/30 16:00,0,0,0,4.786,,,,,,,,,,,,,
2022/10/30 17:00,0,0,0,4.313,,,,,,,,,,,,,
2022/10/30 18:00,0,0,0,3.843,,,,,,,,,,,,,
2022/10/30 19:00,0,0,0,2.937,,,,,,,,,,,,,
2022/10/30 20:00,0,0,0,1.313,,,,,,,,,,,,,
2022/10/30 21:00,0,0,0,0.142,,,,,,,,,,,,,
2022/10/30 22:00,0,0,0,-0.525,,,,,,,,,,,,,
2022/10/30 23:00,0.109,0.083,0.047,0.603,,,,,,,,,,,,,
2022/10/31 0:00,0.385,0.338,0.081,3.357,,,,,,,,,,,,,
2022/10/31 1:00,0.582,0.555,0.103,6.138,,,,,,,,,,,,,
2022/10/31 2:00,0.706,0.712,0.116,8.281,,,,,,,,,,,,,
2022/10/31 3:00,0.767,0.798,0.123,9.575,,,,,,,,,,,,,
2022/10/31 4:00,0.77,0.805,0.124,10.26,,,,,,,,,,,,,
2022/10/31 5:00,0.716,0.735,0.118,10.459,,,,,,,,,,,,,
2022/10/31 6:00,0.605,0.595,0.106,10.083,,,,,,,,,,,,,
2022/10/31 7:00,0.426,0.392,0.087,9.071,,,,,,,,,,,,,
2022/10/31 8:00,0.244,0.242,0.033,7.022,,,,,,,,,,,,,
2022/10/31 9:00,0,0,0.001,3.385,,,,,,,,,,,,,
2022/10/31 10:00,0,0,0,2.008,,,,,,,,,,,,,
2022/10/31 11:00,0,0,0,1.002,,,,,,,,,,,,,
2022/10/31 12:00,0,0,0,0.09,,,,,,,,,,,,,
2022/10/31 13:00,0,0,0,-0.848,,,,,,,,,,,,,
2022/10/31 14:00,0,0,0,-1.763,,,,,,,,,,,,,
2022/10/31 15:00,0,0,0,-2.608,,,,,,,,,,,,,
2022/10/31 16:00,0,0,0,-3.412,,,,,,,,,,,,,
2022/10/31 17:00,0,0,0,-4.148,,,,,,,,,,,,,
2022/10/31 18:00,0,0,0,-4.792,,,,,,,,,,,,,
2022/10/31 19:00,0,0,0,-5.219,,,,,,,,,,,,,
2022/10/31 20:00,0,0,0,-5.374,,,,,,,,,,,,,
2022/10/31 21:00,0,0,0,-5.389,,,,,,,,,,,,,
2022/10/31 22:00,0,0,0,-5.285,,,,,,,,,,,,,
2022/10/31 23:00,0.125,0.105,0.04,-3.346,,,,,,,,,,,,,
2022/11/1 0:00,0.404,0.358,0.077,0.717,,,,,,,,,,,,,
2022/11/1 1:00,0.609,0.584,0.097,3.258,,,,,,,,,,,,,
2022/11/1 2:00,0.732,0.739,0.111,5.198,,,,,,,,,,,,,
2022/11/1 3:00,0.79,0.821,0.119,6.846,,,,,,,,,,,,,
2022/11/1 4:00,0.78,0.809,0.124,8.175,,,,,,,,,,,,,
2022/11/1 5:00,0.719,0.731,0.12,9.161,,,,,,,,,,,,,
2022/11/1 6:00,0.602,0.588,0.108,9.661,,,,,,,,,,,,,
2022/11/1 7:00,0.418,0.382,0.089,9.448,,,,,,,,,,,,,
2022/11/1 8:00,0.217,0.211,0.034,6.728,,,,,,,,,,,,,
2022/11/1 9:00,0,0,0.001,3.429,,,,,,,,,,,,,
2022/11/1 10:00,0,0,0,2.194,,,,,,,,,,,,,
2022/11/1 11:00,0,0,0,1.811,,,,,,,,,,,,,
2022/11/1 12:00,0,0,0,1.999,,,,,,,,,,,,,
2022/11/1 13:00,0,0,0,2.066,,,,,,,,,,,,,
2022/11/1 14:00,0,0,0,2.086,,,,,,,,,,,,,
2022/11/1 15:00,0,0,0,1.753,,,,,,,,,,,,,
2022/11/1 16:00,0,0,0,1.445,,,,,,,,,,,,,
2022/11/1 17:00,0,0,0,1.501,,,,,,,,,,,,,
2022/11/1 18:00,0,0,0,1.21,,,,,,,,,,,,,
2022/11/1 19:00,0,0,0,0.775,,,,,,,,,,,,,
2022/11/1 20:00,0,0,0,0.197,,,,,,,,,,,,,
2022/11/1 21:00,0,0,0,-0.411,,,,,,,,,,,,,
2022/11/1 22:00,0,0,0,-0.818,,,,,,,,,,,,,
2022/11/1 23:00,0.042,0.023,0.039,-1.031,,,,,,,,,,,,,
2022/11/2 0:00,0.212,0.108,0.125,-0.303,,,,,,,,,,,,,
2022/11/2 1:00,0.343,0.182,0.188,0.905,,,,,,,,,,,,,
2022/11/2 2:00,0.466,0.282,0.225,2.245,,,,,,,,,,,,,
2022/11/2 3:00,0.528,0.339,0.244,3.339,,,,,,,,,,,,,
2022/11/2 4:00,0.49,0.286,0.254,3.93,,,,,,,,,,,,,
2022/11/2 5:00,0.346,0.139,0.239,4.013,,,,,,,,,,,,,
2022/11/2 6:00,0.169,0.033,0.16,3.708,,,,,,,,,,,,,
2022/11/2 7:00,0.074,0.011,0.085,3.309,,,,,,,,,,,,,
2022/11/2 8:00,0.019,0.007,0.031,2.433,,,,,,,,,,,,,
2022/11/2 9:00,0,0,0,0.904,,,,,,,,,,,,,
2022/11/2 10:00,0,0,0,-0.205,,,,,,,,,,,,,
2022/11/2 11:00,0,0,0,-1.116,,,,,,,,,,,,,
2022/11/2 12:00,0,0,0,-1.676,,,,,,,,,,,,,
2022/11/2 13:00,0,0,0,-2.089,,,,,,,,,,,,,
2022/11/2 14:00,0,0,0,-2.707,,,,,,,,,,,,,
2022/11/2 15:00,0,0,0,-3.731,,,,,,,,,,,,,
2022/11/2 16:00,0,0,0,-4.903,,,,,,,,,,,,,
2022/11/2 17:00,0,0,0,-5.651,,,,,,,,,,,,,
2022/11/2 18:00,0,0,0,-6.054,,,,,,,,,,,,,
2022/11/2 19:00,0,0,0,-6.325,,,,,,,,,,,,,
2022/11/2 20:00,0,0,0,-6.458,,,,,,,,,,,,,
2022/11/2 21:00,0,0,0,-6.522,,,,,,,,,,,,,
2022/11/2 22:00,0,0,0,-6.473,,,,,,,,,,,,,
2022/11/2 23:00,0.102,0.078,0.043,-5.456,,,,,,,,,,,,,
2022/11/3 0:00,0.401,0.351,0.074,-3.153,,,,,,,,,,,,,
2022/11/3 1:00,0.614,0.578,0.093,-1.243,,,,,,,,,,,,,
2022/11/3 2:00,0.745,0.739,0.106,0.414,,,,,,,,,,,,,
2022/11/3 3:00,0.808,0.825,0.113,1.746,,,,,,,,,,,,,
2022/11/3 4:00,0.81,0.831,0.114,2.624,,,,,,,,,,,,,
2022/11/3 5:00,0.752,0.758,0.109,3.123,,,,,,,,,,,,,
2022/11/3 6:00,0.634,0.615,0.098,3.133,,,,,,,,,,,,,
2022/11/3 7:00,0.456,0.42,0.078,2.507,,,,,,,,,,,,,
2022/11/3 8:00,0.247,0.242,0.027,0.558,,,,,,,,,,,,,
2022/11/3 9:00,0,0,0,-2.844,,,,,,,,,,,,,
2022/11/3 10:00,0,0,0,-3.682,,,,,,,,,,,,,
2022/11/3 11:00,0,0,0,-4.182,,,,,,,,,,,,,
2022/11/3 12:00,0,0,0,-4.507,,,,,,,,,,,,,
2022/11/3 13:00,0,0,0,-4.512,,,,,,,,,,,,,
2022/11/3 14:00,0,0,0,-4.455,,,,,,,,,,,,,
2022/11/3 15:00,0,0,0,-4.382,,,,,,,,,,,,,
2022/11/3 16:00,0,0,0,-4.302,,,,,,,,,,,,,
2022/11/3 17:00,0,0,0,-4.186,,,,,,,,,,,,,
2022/11/3 18:00,0,0,0,-4.068,,,,,,,,,,,,,
2022/11/3 19:00,0,0,0,-3.981,,,,,,,,,,,,,
2022/11/3 20:00,0,0,0,-3.93,,,,,,,,,,,,,
2022/11/3 21:00,0,0,0,-3.959,,,,,,,,,,,,,
2022/11/3 22:00,0,0,0,-3.954,,,,,,,,,,,,,
2022/11/3 23:00,0.116,0.101,0.035,-2.696,,,,,,,,,,,,,
2022/11/4 0:00,0.398,0.357,0.072,0.24,,,,,,,,,,,,,
2022/11/4 1:00,0.602,0.581,0.091,3.416,,,,,,,,,,,,,
2022/11/4 2:00,0.728,0.741,0.104,5.432,,,,,,,,,,,,,
2022/11/4 3:00,0.79,0.827,0.111,6.646,,,,,,,,,,,,,
2022/11/4 4:00,0.792,0.834,0.112,7.517,,,,,,,,,,,,,
2022/11/4 5:00,0.737,0.764,0.107,7.994,,,,,,,,,,,,,
2022/11/4 6:00,0.623,0.621,0.096,7.957,,,,,,,,,,,,,
2022/11/4 7:00,0.445,0.419,0.077,6.999,,,,,,,,,,,,,
2022/11/4 8:00,0.233,0.23,0.027,2.505,,,,,,,,,,,,,
2022/11/4 9:00,0,0,0,-1.037,,,,,,,,,,,,,
2022/11/4 10:00,0,0,0,-1.528,,,,,,,,,,,,,
2022/11/4 11:00,0,0,0,-1.547,,,,,,,,,,,,,
2022/11/4 12:00,0,0,0,-1.574,,,,,,,,,,,,,
2022/11/4 13:00,0,0,0,-1.693,,,,,,,,,,,,,
2022/11/4 14:00,0,0,0,-1.679,,,,,,,,,,,,,
2022/11/4 15:00,0,0,0,-1.599,,,,,,,,,,,,,
2022/11/4 16:00,0,0,0,-1.953,,,,,,,,,,,,,
2022/11/4 17:00,0,0,0,-2.195,,,,,,,,,,,,,
2022/11/4 18:00,0,0,0,-2.302,,,,,,,,,,,,,
2022/11/4 19:00,0,0,0,-2.475,,,,,,,,,,,,,
2022/11/4 20:00,0,0,0,-2.699,,,,,,,,,,,,,
2022/11/4 21:00,0,0,0,-2.771,,,,,,,,,,,,,
2022/11/4 22:00,0,0,0,-2.768,,,,,,,,,,,,,
2022/11/4 23:00,0.11,0.097,0.033,-1.675,,,,,,,,,,,,,
2022/11/5 0:00,0.387,0.343,0.075,1.341,,,,,,,,,,,,,
2022/11/5 1:00,0.589,0.566,0.096,4.533,,,,,,,,,,,,,
2022/11/5 2:00,0.714,0.723,0.11,6.932,,,,,,,,,,,,,
2022/11/5 3:00,0.776,0.809,0.117,8.148,,,,,,,,,,,,,
2022/11/5 4:00,0.776,0.811,0.119,8.77,,,,,,,,,,,,,
2022/11/5 5:00,0.72,0.737,0.114,9.107,,,,,,,,,,,,,
2022/11/5 6:00,0.604,0.594,0.102,9.029,,,,,,,,,,,,,
2022/11/5 7:00,0.425,0.393,0.082,8.169,,,,,,,,,,,,,
2022/11/5 8:00,0.206,0.203,0.029,4.299,,,,,,,,,,,,,
2022/11/5 9:00,0,0,0,2.872,,,,,,,,,,,,,
2022/11/5 10:00,0,0,0,2.951,,,,,,,,,,,,,
2022/11/5 11:00,0,0,0,2.021,,,,,,,,,,,,,
2022/11/5 12:00,0,0,0,0.596,,,,,,,,,,,,,
2022/11/5 13:00,0,0,0,-0.57,,,,,,,,,,,,,
2022/11/5 14:00,0,0,0,-1.217,,,,,,,,,,,,,
2022/11/5 15:00,0,0,0,-1.606,,,,,,,,,,,,,
2022/11/5 16:00,0,0,0,-1.899,,,,,,,,,,,,,
2022/11/5 17:00,0,0,0,-1.894,,,,,,,,,,,,,
2022/11/5 18:00,0,0,0,-1.611,,,,,,,,,,,,,
2022/11/5 19:00,0,0,0,-1.363,,,,,,,,,,,,,
2022/11/5 20:00,0,0,0,-1.542,,,,,,,,,,,,,
2022/11/5 21:00,0,0,0,-1.461,,,,,,,,,,,,,
2022/11/5 22:00,0,0,0,-1.134,,,,,,,,,,,,,
2022/11/5 23:00,0.018,0.009,0.027,-0.188,,,,,,,,,,,,,
2022/11/6 0:00,0.111,0.033,0.1,2.578,,,,,,,,,,,,,
2022/11/6 1:00,0.236,0.09,0.173,4.611,,,,,,,,,,,,,
2022/11/6 2:00,0.369,0.188,0.221,7.089,,,,,,,,,,,,,
2022/11/6 3:00,0.478,0.307,0.234,9.554,,,,,,,,,,,,,
2022/11/6 4:00,0.567,0.445,0.211,11.163,,,,,,,,,,,,,
2022/11/6 5:00,0.533,0.424,0.192,11.943,,,,,,,,,,,,,
2022/11/6 6:00,0.39,0.271,0.173,11.959,,,,,,,,,,,,,
2022/11/6 7:00,0.241,0.155,0.121,10.761,,,,,,,,,,,,,
2022/11/6 8:00,0.081,0.066,0.039,7.594,,,,,,,,,,,,,
2022/11/6 9:00,0,0,0,5.135,,,,,,,,,,,,,
2022/11/6 10:00,0,0,0,4.156,,,,,,,,,,,,,
2022/11/6 11:00,0,0,0,3.009,,,,,,,,,,,,,
2022/11/6 12:00,0,0,0,1.713,,,,,,,,,,,,,
2022/11/6 13:00,0,0,0,0.121,,,,,,,,,,,,,
2022/11/6 14:00,0,0,0,-1.027,,,,,,,,,,,,,
2022/11/6 15:00,0,0,0,-1.608,,,,,,,,,,,,,
2022/11/6 16:00,0,0,0,-2.082,,,,,,,,,,,,,
2022/11/6 17:00,0,0,0,-2.454,,,,,,,,,,,,,
2022/11/6 18:00,0,0,0,-2.712,,,,,,,,,,,,,
2022/11/6 19:00,0,0,0,-2.843,,,,,,,,,,,,,
2022/11/6 20:00,0,0,0,-2.923,,,,,,,,,,,,,
2022/11/6 21:00,0,0,0,-3.049,,,,,,,,,,,,,
2022/11/6 22:00,0,0,0,-3.067,,,,,,,,,,,,,
2022/11/6 23:00,0.084,0.069,0.035,-1.985,,,,,,,,,,,,,
2022/11/7 0:00,0.371,0.328,0.072,0.873,,,,,,,,,,,,,
2022/11/7 1:00,0.575,0.549,0.093,4.019,,,,,,,,,,,,,
2022/11/7 2:00,0.702,0.708,0.106,6.212,,,,,,,,,,,,,
2022/11/7 3:00,0.767,0.797,0.112,7.238,,,,,,,,,,,,,
2022/11/7 4:00,0.771,0.806,0.113,7.941,,,,,,,,,,,,,
2022/11/7 5:00,0.717,0.736,0.108,8.411,,,,,,,,,,,,,
2022/11/7 6:00,0.6,0.593,0.096,8.586,,,,,,,,,,,,,
2022/11/7 7:00,0.42,0.392,0.077,8.134,,,,,,,,,,,,,
2022/11/7 8:00,0.189,0.189,0.026,4.949,,,,,,,,,,,,,
2022/11/7 9:00,0,0,0,3.417,,,,,,,,,,,,,
2022/11/7 10:00,0,0,0,2.987,,,,,,,,,,,,,
2022/11/7 11:00,0,0,0,1.877,,,,,,,,,,,,,
2022/11/7 12:00,0,0,0,0.699,,,,,,,,,,,,,
2022/11/7 13:00,0,0,0,-0.215,,,,,,,,,,,,,
2022/11/7 14:00,0,0,0,-0.778,,,,,,,,,,,,,
2022/11/7 15:00,0,0,0,-1.237,,,,,,,,,,,,,
2022/11/7 16:00,0,0,0,-1.665,,,,,,,,,,,,,
2022/11/7 17:00,0,0,0,-1.971,,,,,,,,,,,,,
2022/11/7 18:00,0,0,0,-2.037,,,,,,,,,,,,,
2022/11/7 19:00,0,0,0,-2.193,,,,,,,,,,,,,
2022/11/7 20:00,0,0,0,-2.483,,,,,,,,,,,,,
2022/11/7 21:00,0,0,0,-2.456,,,,,,,,,,,,,
2022/11/7 22:00,0,0,0,-2.282,,,,,,,,,,,,,
2022/11/7 23:00,0.08,0.07,0.031,-1.02,,,,,,,,,,,,,
2022/11/8 0:00,0.352,0.308,0.075,2.381,,,,,,,,,,,,,
2022/11/8 1:00,0.563,0.538,0.095,5.587,,,,,,,,,,,,,
2022/11/8 2:00,0.682,0.694,0.109,9.556,,,,,,,,,,,,,
2022/11/8 3:00,0.745,0.791,0.113,12.593,,,,,,,,,,,,,
2022/11/8 4:00,0.743,0.796,0.115,14.197,,,,,,,,,,,,,
2022/11/8 5:00,0.685,0.719,0.111,14.97,,,,,,,,,,,,,
2022/11/8 6:00,0.567,0.569,0.101,15.003,,,,,,,,,,,,,
2022/11/8 7:00,0.386,0.36,0.082,13.337,,,,,,,,,,,,,
2022/11/8 8:00,0.154,0.154,0.028,8.578,,,,,,,,,,,,,
2022/11/8 9:00,0,0,0,5.484,,,,,,,,,,,,,
2022/11/8 10:00,0,0,0,4.781,,,,,,,,,,,,,
2022/11/8 11:00,0,0,0,4.153,,,,,,,,,,,,,
2022/11/8 12:00,0,0,0,3.757,,,,,,,,,,,,,
2022/11/8 13:00,0,0,0,3.096,,,,,,,,,,,,,
2022/11/8 14:00,0,0,0,2.57,,,,,,,,,,,,,
2022/11/8 15:00,0,0,0,2.216,,,,,,,,,,,,,
2022/11/8 16:00,0,0,0,1.798,,,,,,,,,,,,,
2022/11/8 17:00,0,0,0,1.42,,,,,,,,,,,,,
2022/11/8 18:00,0,0,0,1.048,,,,,,,,,,,,,
2022/11/8 19:00,0,0,0,0.753,,,,,,,,,,,,,
2022/11/8 20:00,0,0,0,0.483,,,,,,,,,,,,,
2022/11/8 21:00,0,0,0,0.207,,,,,,,,,,,,,
2022/11/8 22:00,0,0,0,-0.001,,,,,,,,,,,,,
2022/11/8 23:00,0.062,0.053,0.03,0.772,,,,,,,,,,,,,
2022/11/9 0:00,0.304,0.245,0.089,4.55,,,,,,,,,,,,,
2022/11/9 1:00,0.506,0.451,0.119,7.741,,,,,,,,,,,,,
2022/11/9 2:00,0.609,0.568,0.144,11.371,,,,,,,,,,,,,
2022/11/9 3:00,0.58,0.501,0.186,14.806,,,,,,,,,,,,,
2022/11/9 4:00,0.441,0.286,0.227,15.863,,,,,,,,,,,,,
2022/11/9 5:00,0.395,0.248,0.21,16.208,,,,,,,,,,,,,
2022/11/9 6:00,0.366,0.26,0.164,16.144,,,,,,,,,,,,,
2022/11/9 7:00,0.206,0.129,0.114,14.59,,,,,,,,,,,,,
2022/11/9 8:00,0.052,0.043,0.033,11.722,,,,,,,,,,,,,
2022/11/9 9:00,0,0,0,9.565,,,,,,,,,,,,,
2022/11/9 10:00,0,0,0,8.239,,,,,,,,,,,,,
2022/11/9 11:00,0,0,0,7.238,,,,,,,,,,,,,
2022/11/9 12:00,0,0,0,7.101,,,,,,,,,,,,,
2022/11/9 13:00,0,0,0,6.225,,,,,,,,,,,,,
2022/11/9 14:00,0,0,0,5.763,,,,,,,,,,,,,
2022/11/9 15:00,0,0,0,5.693,,,,,,,,,,,,,
2022/11/9 16:00,0,0,0,5.47,,,,,,,,,,,,,
2022/11/9 17:00,0,0,0,4.786,,,,,,,,,,,,,
2022/11/9 18:00,0,0,0,3.692,,,,,,,,,,,,,
2022/11/9 19:00,0,0,0,2.838,,,,,,,,,,,,,
2022/11/9 20:00,0,0,0,2.022,,,,,,,,,,,,,
2022/11/9 21:00,0,0,0,1.142,,,,,,,,,,,,,
2022/11/9 22:00,0,0,0,0.193,,,,,,,,,,,,,
2022/11/9 23:00,0.033,0.023,0.029,-0.02,,,,,,,,,,,,,
2022/11/10 0:00,0.248,0.175,0.096,1.601,,,,,,,,,,,,,
2022/11/10 1:00,0.463,0.38,0.128,3.717,,,,,,,,,,,,,
2022/11/10 2:00,0.603,0.539,0.144,6.259,,,,,,,,,,,,,
2022/11/10 3:00,0.684,0.654,0.146,8.601,,,,,,,,,,,,,
2022/11/10 4:00,0.683,0.661,0.147,10.743,,,,,,,,,,,,,
2022/11/10 5:00,0.624,0.592,0.141,11.627,,,,,,,,,,,,,
2022/11/10 6:00,0.502,0.451,0.126,11.717,,,,,,,,,,,,,
2022/11/10 7:00,0.314,0.257,0.098,10.988,,,,,,,,,,,,,
2022/11/10 8:00,0.093,0.087,0.03,7.337,,,,,,,,,,,,,
2022/11/10 9:00,0,0,0,4.442,,,,,,,,,,,,,
2022/11/10 10:00,0,0,0,3.452,,,,,,,,,,,,,
2022/11/10 11:00,0,0,0,2.649,,,,,,,,,,,,,
2022/11/10 12:00,0,0,0,2.123,,,,,,,,,,,,,
2022/11/10 13:00,0,0,0,1.911,,,,,,,,,,,,,
2022/11/10 14:00,0,0,0,1.922,,,,,,,,,,,,,
2022/11/10 15:00,0,0,0,1.988,,,,,,,,,,,,,
2022/11/10 16:00,0,0,0,2.278,,,,,,,,,,,,,
2022/11/10 17:00,0,0,0,2.962,,,,,,,,,,,,,
2022/11/10 18:00,0,0,0,3.822,,,,,,,,,,,,,
2022/11/10 19:00,0,0,0,4.404,,,,,,,,,,,,,
2022/11/10 20:00,0,0,0,4.656,,,,,,,,,,,,,
2022/11/10 21:00,0,0,0,4.629,,,,,,,,,,,,,
2022/11/10 22:00,0,0,0,4.605,,,,,,,,,,,,,
2022/11/10 23:00,0.016,0.011,0.024,5.301,,,,,,,,,,,,,
2022/11/11 0:00,0.147,0.069,0.105,7.815,,,,,,,,,,,,,
2022/11/11 1:00,0.321,0.196,0.166,10.246,,,,,,,,,,,,,
2022/11/11 2:00,0.448,0.314,0.2,12.728,,,,,,,,,,,,,
2022/11/11 3:00,0.549,0.441,0.203,14.226,,,,,,,,,,,,,
2022/11/11 4:00,0.56,0.459,0.202,15.132,,,,,,,,,,,,,
2022/11/11 5:00,0.497,0.389,0.193,15.482,,,,,,,,,,,,,
2022/11/11 6:00,0.347,0.23,0.171,15.18,,,,,,,,,,,,,
2022/11/11 7:00,0.12,0.045,0.104,13.845,,,,,,,,,,,,,
2022/11/11 8:00,0.013,0.009,0.024,11.17,,,,,,,,,,,,,
2022/11/11 9:00,0,0,0,9.802,,,,,,,,,,,,,
2022/11/11 10:00,0,0,0,9.594,,,,,,,,,,,,,
2022/11/11 11:00,0,0,0,8.616,,,,,,,,,,,,,
2022/11/11 12:00,0,0,0,6.342,,,,,,,,,,,,,
2022/11/11 13:00,0,0,0,3.852,,,,,,,,,,,,,
2022/11/11 14:00,0,0,0,1.842,,,,,,,,,,,,,
2022/11/11 15:00,0,0,0,0.92,,,,,,,,,,,,,
2022/11/11 16:00,0,0,0,0.411,,,,,,,,,,,,,
2022/11/11 17:00,0,0,0,-0.253,,,,,,,,,,,,,
2022/11/11 18:00,0,0,0,-1.035,,,,,,,,,,,,,
2022/11/11 19:00,0,0,0,-1.789,,,,,,,,,,,,,
2022/11/11 20:00,0,0,0,-2.445,,,,,,,,,,,,,
2022/11/11 21:00,0,0,0,-2.978,,,,,,,,,,,,,
2022/11/11 22:00,0,0,0,-3.37,,,,,,,,,,,,,
2022/11/11 23:00,0,0.001,0.011,-3.624,,,,,,,,,,,,,
2022/11/12 0:00,0.033,0.004,0.049,-3.504,,,,,,,,,,,,,
2022/11/12 1:00,0.104,0.014,0.11,-3.11,,,,,,,,,,,,,
2022/11/12 2:00,0.163,0.025,0.157,-2.591,,,,,,,,,,,,,
2022/11/12 3:00,0.221,0.043,0.198,-2.096,,,,,,,,,,,,,
2022/11/12 4:00,0.311,0.1,0.232,-1.682,,,,,,,,,,,,,
2022/11/12 5:00,0.41,0.22,0.218,-1.251,,,,,,,,,,,,,
2022/11/12 6:00,0.398,0.257,0.168,-1.092,,,,,,,,,,,,,
2022/11/12 7:00,0.297,0.21,0.108,-1.435,,,,,,,,,,,,,
2022/11/12 8:00,0.109,0.099,0.03,-2.886,,,,,,,,,,,,,
2022/11/12 9:00,0,0,0,-5.064,,,,,,,,,,,,,
2022/11/12 10:00,0,0,0,-6.387,,,,,,,,,,,,,
2022/11/12 11:00,0,0,0,-7.053,,,,,,,,,,,,,
2022/11/12 12:00,0,0,0,-7.667,,,,,,,,,,,,,
2022/11/12 13:00,0,0,0,-8.303,,,,,,,,,,,,,
2022/11/12 14:00,0,0,0,-8.985,,,,,,,,,,,,,
2022/11/12 15:00,0,0,0,-9.585,,,,,,,,,,,,,
2022/11/12 16:00,0,0,0,-10.152,,,,,,,,,,,,,
2022/11/12 17:00,0,0,0,-10.538,,,,,,,,,,,,,
2022/11/12 18:00,0,0,0,-10.762,,,,,,,,,,,,,
2022/11/12 19:00,0,0,0,-11.004,,,,,,,,,,,,,
2022/11/12 20:00,0,0,0,-11.281,,,,,,,,,,,,,
2022/11/12 21:00,0,0,0,-11.56,,,,,,,,,,,,,
2022/11/12 22:00,0,0,0,-11.844,,,,,,,,,,,,,
2022/11/12 23:00,0.066,0.056,0.028,-11.546,,,,,,,,,,,,,
2022/11/13 0:00,0.382,0.333,0.061,-8.757,,,,,,,,,,,,,
2022/11/13 1:00,0.605,0.572,0.079,-4.218,,,,,,,,,,,,,
2022/11/13 2:00,0.741,0.74,0.09,-1.497,,,,,,,,,,,,,
2022/11/13 3:00,0.807,0.829,0.096,-0.384,,,,,,,,,,,,,
2022/11/13 4:00,0.81,0.836,0.097,0.309,,,,,,,,,,,,,
2022/11/13 5:00,0.751,0.761,0.093,0.818,,,,,,,,,,,,,
2022/11/13 6:00,0.627,0.613,0.083,1.115,,,,,,,,,,,,,
2022/11/13 7:00,0.434,0.401,0.067,0.676,,,,,,,,,,,,,
2022/11/13 8:00,0.152,0.151,0.02,-2.908,,,,,,,,,,,,,
2022/11/13 9:00,0,0,0,-6.032,,,,,,,,,,,,,
2022/11/13 10:00,0,0,0,-6.999,,,,,,,,,,,,,
2022/11/13 11:00,0,0,0,-7.354,,,,,,,,,,,,,
2022/11/13 12:00,0,0,0,-7.562,,,,,,,,,,,,,
2022/11/13 13:00,0,0,0,-7.631,,,,,,,,,,,,,
2022/11/13 14:00,0,0,0,-7.513,,,,,,,,,,,,,
2022/11/13 15:00,0,0,0,-7.408,,,,,,,,,,,,,
2022/11/13 16:00,0,0,0,-7.405,,,,,,,,,,,,,
2022/11/13 17:00,0,0,0,-7.387,,,,,,,,,,,,,
2022/11/13 18:00,0,0,0,-7.331,,,,,,,,,,,,,
2022/11/13 19:00,0,0,0,-7.286,,,,,,,,,,,,,
2022/11/13 20:00,0,0,0,-7.328,,,,,,,,,,,,,
2022/11/13 21:00,0,0,0,-7.387,,,,,,,,,,,,,
2022/11/13 22:00,0,0,0,-7.44,,,,,,,,,,,,,
2022/11/13 23:00,0.049,0.045,0.023,-7.061,,,,,,,,,,,,,
2022/11/14 0:00,0.316,0.26,0.074,-4.247,,,,,,,,,,,,,
2022/11/14 1:00,0.549,0.503,0.093,-0.389,,,,,,,,,,,,,
2022/11/14 2:00,0.694,0.681,0.103,2.026,,,,,,,,,,,,,
2022/11/14 3:00,0.767,0.779,0.108,3.078,,,,,,,,,,,,,
2022/11/14 4:00,0.766,0.778,0.111,3.756,,,,,,,,,,,,,
2022/11/14 5:00,0.677,0.656,0.116,4.245,,,,,,,,,,,,,
2022/11/14 6:00,0.52,0.465,0.112,4.507,,,,,,,,,,,,,
2022/11/14 7:00,0.286,0.222,0.092,4.081,,,,,,,,,,,,,
2022/11/14 8:00,0.061,0.058,0.025,2.662,,,,,,,,,,,,,
2022/11/14 9:00,0,0,0,0.66,,,,,,,,,,,,,
2022/11/14 10:00,0,0,0,-0.895,,,,,,,,,,,,,
2022/11/14 11:00,0,0,0,-2.079,,,,,,,,,,,,,
2022/11/14 12:00,0,0,0,-2.647,,,,,,,,,,,,,
2022/11/14 13:00,0,0,0,-2.859,,,,,,,,,,,,,
2022/11/14 14:00,0,0,0,-3.212,,,,,,,,,,,,,
2022/11/14 15:00,0,0,0,-3.903,,,,,,,,,,,,,
2022/11/14 16:00,0,0,0,-4.971,,,,,,,,,,,,,
2022/11/14 17:00,0,0,0,-5.585,,,,,,,,,,,,,
2022/11/14 18:00,0,0,0,-5.94,,,,,,,,,,,,,
2022/11/14 19:00,0,0,0,-6.233,,,,,,,,,,,,,
2022/11/14 20:00,0,0,0,-6.489,,,,,,,,,,,,,
2022/11/14 21:00,0,0,0,-6.675,,,,,,,,,,,,,
2022/11/14 22:00,0,0,0,-6.788,,,,,,,,,,,,,
2022/11/14 23:00,0.05,0.046,0.023,-6.21,,,,,,,,,,,,,
2022/11/15 0:00,0.273,0.212,0.079,-3.341,,,,,,,,,,,,,
2022/11/15 1:00,0.499,0.437,0.104,0.139,,,,,,,,,,,,,
2022/11/15 2:00,0.695,0.689,0.099,2.617,,,,,,,,,,,,,
2022/11/15 3:00,0.755,0.766,0.108,3.744,,,,,,,,,,,,,
2022/11/15 4:00,0.757,0.77,0.11,4.356,,,,,,,,,,,,,
2022/11/15 5:00,0.698,0.695,0.106,4.633,,,,,,,,,,,,,
2022/11/15 6:00,0.573,0.546,0.095,4.495,,,,,,,,,,,,,
2022/11/15 7:00,0.381,0.34,0.075,3.257,,,,,,,,,,,,,
2022/11/15 8:00,0.113,0.113,0.021,-0.858,,,,,,,,,,,,,
2022/11/15 9:00,0,0,0,-3.387,,,,,,,,,,,,,
2022/11/15 10:00,0,0,0,-3.995,,,,,,,,,,,,,
2022/11/15 11:00,0,0,0,-4.433,,,,,,,,,,,,,
2022/11/15 12:00,0,0,0,-4.853,,,,,,,,,,,,,
2022/11/15 13:00,0,0,0,-5.235,,,,,,,,,,,,,
2022/11/15 14:00,0,0,0,-5.47,,,,,,,,,,,,,
2022/11/15 15:00,0,0,0,-5.495,,,,,,,,,,,,,
2022/11/15 16:00,0,0,0,-5.382,,,,,,,,,,,,,
2022/11/15 17:00,0,0,0,-5.372,,,,,,,,,,,,,
2022/11/15 18:00,0,0,0,-5.472,,,,,,,,,,,,,
2022/11/15 19:00,0,0,0,-5.615,,,,,,,,,,,,,
2022/11/15 20:00,0,0,0,-5.763,,,,,,,,,,,,,
2022/11/15 21:00,0,0,0,-5.833,,,,,,,,,,,,,
2022/11/15 22:00,0,0,0,-5.77,,,,,,,,,,,,,
2022/11/15 23:00,0.063,0.062,0.021,-5.027,,,,,,,,,,,,,
2022/11/16 0:00,0.335,0.287,0.07,-1.852,,,,,,,,,,,,,
2022/11/16 1:00,0.549,0.508,0.094,1.263,,,,,,,,,,,,,
2022/11/16 2:00,0.675,0.657,0.111,3.951,,,,,,,,,,,,,
2022/11/16 3:00,0.688,0.659,0.136,6.313,,,,,,,,,,,,,
2022/11/16 4:00,0.555,0.446,0.182,7.376,,,,,,,,,,,,,
2022/11/16 5:00,0.395,0.248,0.192,7.556,,,,,,,,,,,,,
2022/11/16 6:00,0.304,0.182,0.156,6.949,,,,,,,,,,,,,
2022/11/16 7:00,0.193,0.119,0.099,4.752,,,,,,,,,,,,,
2022/11/16 8:00,0.038,0.035,0.024,1.48,,,,,,,,,,,,,
2022/11/16 9:00,0,0,0,0.232,,,,,,,,,,,,,
2022/11/16 10:00,0,0,0,0.093,,,,,,,,,,,,,
2022/11/16 11:00,0,0,0,-0.527,,,,,,,,,,,,,
2022/11/16 12:00,0,0,0,-1.347,,,,,,,,,,,,,
2022/11/16 13:00,0,0,0,-1.879,,,,,,,,,,,,,
2022/11/16 14:00,0,0,0,-2.159,,,,,,,,,,,,,
2022/11/16 15:00,0,0,0,-2.408,,,,,,,,,,,,,
2022/11/16 16:00,0,0,0,-2.69,,,,,,,,,,,,,
2022/11/16 17:00,0,0,0,-2.934,,,,,,,,,,,,,
2022/11/16 18:00,0,0,0,-3.112,,,,,,,,,,,,,
2022/11/16 19:00,0,0,0,-3.277,,,,,,,,,,,,,
2022/11/16 20:00,0,0,0,-3.446,,,,,,,,,,,,,
2022/11/16 21:00,0,0,0,-3.574,,,,,,,,,,,,,
2022/11/16 22:00,0,0,0,-3.644,,,,,,,,,,,,,
2022/11/16 23:00,0.037,0.035,0.021,-3.201,,,,,,,,,,,,,
2022/11/17 0:00,0.3,0.251,0.071,-0.254,,,,,,,,,,,,,
2022/11/17 1:00,0.529,0.489,0.093,2.361,,,,,,,,,,,,,
2022/11/17 2:00,0.67,0.66,0.104,4.874,,,,,,,,,,,,,
2022/11/17 3:00,0.723,0.736,0.114,7.781,,,,,,,,,,,,,
2022/11/17 4:00,0.722,0.743,0.115,9.61,,,,,,,,,,,,,
2022/11/17 5:00,0.66,0.665,0.111,10.554,,,,,,,,,,,,,
2022/11/17 6:00,0.54,0.519,0.099,10.162,,,,,,,,,,,,,
2022/11/17 7:00,0.341,0.3,0.079,7.312,,,,,,,,,,,,,
2022/11/17 8:00,0.078,0.079,0.021,3.947,,,,,,,,,,,,,
2022/11/17 9:00,0,0,0,2.099,,,,,,,,,,,,,
2022/11/17 10:00,0,0,0,1.03,,,,,,,,,,,,,
2022/11/17 11:00,0,0,0,-0.145,,,,,,,,,,,,,
2022/11/17 12:00,0,0,0,-1.025,,,,,,,,,,,,,
2022/11/17 13:00,0,0,0,-1.719,,,,,,,,,,,,,
2022/11/17 14:00,0,0,0,-2.247,,,,,,,,,,,,,
2022/11/17 15:00,0,0,0,-2.685,,,,,,,,,,,,,
2022/11/17 16:00,0,0,0,-3.038,,,,,,,,,,,,,
2022/11/17 17:00,0,0,0,-3.243,,,,,,,,,,,,,
2022/11/17 18:00,0,0,0,-3.305,,,,,,,,,,,,,
2022/11/17 19:00,0,0,0,-3.28,,,,,,,,,,,,,
2022/11/17 20:00,0,0,0,-3.257,,,,,,,,,,,,,
2022/11/17 21:00,0,0,0,-2.956,,,,,,,,,,,,,
2022/11/17 22:00,0,0,0,-2.338,,,,,,,,,,,,,
2022/11/17 23:00,0.015,0.015,0.018,-1.487,,,,,,,,,,,,,
2022/11/18 0:00,0.133,0.06,0.094,0.522,,,,,,,,,,,,,
2022/11/18 1:00,0.287,0.152,0.161,2.204,,,,,,,,,,,,,
2022/11/18 2:00,0.392,0.225,0.204,4.105,,,,,,,,,,,,,
2022/11/18 3:00,0.381,0.188,0.231,5.549,,,,,,,,,,,,,
2022/11/18 4:00,0.309,0.114,0.228,6.006,,,,,,,,,,,,,
2022/11/18 5:00,0.22,0.058,0.189,5.93,,,,,,,,,,,,,
2022/11/18 6:00,0.143,0.032,0.136,5.152,,,,,,,,,,,,,
2022/11/18 7:00,0.066,0.015,0.074,3.332,,,,,,,,,,,,,
2022/11/18 8:00,0.004,0.004,0.016,1.378,,,,,,,,,,,,,
2022/11/18 9:00,0,0,0,0.661,,,,,,,,,,,,,
2022/11/18 10:00,0,0,0,0.633,,,,,,,,,,,,,
2022/11/18 11:00,0,0,0,0.366,,,,,,,,,,,,,
2022/11/18 12:00,0,0,0,0.031,,,,,,,,,,,,,
2022/11/18 13:00,0,0,0,-0.015,,,,,,,,,,,,,
2022/11/18 14:00,0,0,0,0.067,,,,,,,,,,,,,
2022/11/18 15:00,0,0,0,0.03,,,,,,,,,,,,,
2022/11/18 16:00,0,0,0,0.094,,,,,,,,,,,,,
2022/11/18 17:00,0,0,0,0.646,,,,,,,,,,,,,
2022/11/18 18:00,0,0,0,1.222,,,,,,,,,,,,,
2022/11/18 19:00,0,0,0,1.552,,,,,,,,,,,,,
2022/11/18 20:00,0,0,0,1.616,,,,,,,,,,,,,
2022/11/18 21:00,0,0,0,1.305,,,,,,,,,,,,,
2022/11/18 22:00,0,0,0,0.639,,,,,,,,,,,,,
2022/11/18 23:00,0.005,0.006,0.016,0.824,,,,,,,,,,,,,
2022/11/19 0:00,0.134,0.07,0.087,2.475,,,,,,,,,,,,,
2022/11/19 1:00,0.378,0.282,0.132,4.417,,,,,,,,,,,,,
2022/11/19 2:00,0.575,0.514,0.137,6.537,,,,,,,,,,,,,
2022/11/19 3:00,0.661,0.628,0.14,8.184,,,,,,,,,,,,,
2022/11/19 4:00,0.667,0.641,0.139,9.143,,,,,,,,,,,,,
2022/11/19 5:00,0.613,0.577,0.132,9.406,,,,,,,,,,,,,
2022/11/19 6:00,0.488,0.435,0.117,8.919,,,,,,,,,,,,,
2022/11/19 7:00,0.297,0.244,0.086,7.311,,,,,,,,,,,,,
2022/11/19 8:00,0.058,0.059,0.021,3.53,,,,,,,,,,,,,
2022/11/19 9:00,0,0,0,0.568,,,,,,,,,,,,,
2022/11/19 10:00,0,0,0,-0.85,,,,,,,,,,,,,
2022/11/19 11:00,0,0,0,-2.206,,,,,,,,,,,,,
2022/11/19 12:00,0,0,0,-3.258,,,,,,,,,,,,,
2022/11/19 13:00,0,0,0,-4.159,,,,,,,,,,,,,
2022/11/19 14:00,0,0,0,-4.662,,,,,,,,,,,,,
2022/11/19 15:00,0,0,0,-4.85,,,,,,,,,,,,,
2022/11/19 16:00,0,0,0,-4.999,,,,,,,,,,,,,
2022/11/19 17:00,0,0,0,-4.973,,,,,,,,,,,,,
2022/11/19 18:00,0,0,0,-4.365,,,,,,,,,,,,,
2022/11/19 19:00,0,0,0,-3.674,,,,,,,,,,,,,
2022/11/19 20:00,0,0,0,-3.42,,,,,,,,,,,,,
2022/11/19 21:00,0,0,0,-3.368,,,,,,,,,,,,,
2022/11/19 22:00,0,0,0,-3.144,,,,,,,,,,,,,
2022/11/19 23:00,0,0.002,0.009,-2.725,,,,,,,,,,,,,
2022/11/20 0:00,0.031,0.004,0.047,-1.975,,,,,,,,,,,,,
2022/11/20 1:00,0.073,0.007,0.087,-1.419,,,,,,,,,,,,,
2022/11/20 2:00,0.113,0.01,0.124,-0.961,,,,,,,,,,,,,
2022/11/20 3:00,0.153,0.016,0.157,-0.418,,,,,,,,,,,,,
2022/11/20 4:00,0.154,0.017,0.158,0.094,,,,,,,,,,,,,
2022/11/20 5:00,0.13,0.014,0.138,0.541,,,,,,,,,,,,,
2022/11/20 6:00,0.1,0.012,0.11,0.913,,,,,,,,,,,,,
2022/11/20 7:00,0.058,0.01,0.069,0.757,,,,,,,,,,,,,
2022/11/20 8:00,0.002,0.003,0.014,-0.872,,,,,,,,,,,,,
2022/11/20 9:00,0,0,0,-1.674,,,,,,,,,,,,,
2022/11/20 10:00,0,0,0,-1.784,,,,,,,,,,,,,
2022/11/20 11:00,0,0,0,-1.851,,,,,,,,,,,,,
2022/11/20 12:00,0,0,0,-1.81,,,,,,,,,,,,,
2022/11/20 13:00,0,0,0,-1.861,,,,,,,,,,,,,
2022/11/20 14:00,0,0,0,-1.886,,,,,,,,,,,,,
2022/11/20 15:00,0,0,0,-2.017,,,,,,,,,,,,,
2022/11/20 16:00,0,0,0,-2.742,,,,,,,,,,,,,
2022/11/20 17:00,0,0,0,-3.385,,,,,,,,,,,,,
2022/11/20 18:00,0,0,0,-4.186,,,,,,,,,,,,,
2022/11/20 19:00,0,0,0,-4.602,,,,,,,,,,,,,
2022/11/20 20:00,0,0,0,-4.902,,,,,,,,,,,,,
2022/11/20 21:00,0,0,0,-5.079,,,,,,,,,,,,,
2022/11/20 22:00,0,0,0,-5.121,,,,,,,,,,,,,
2022/11/20 23:00,0.043,0.045,0.017,-4.709,,,,,,,,,,,,,
2022/11/21 0:00,0.335,0.298,0.058,-2.2,,,,,,,,,,,,,
2022/11/21 1:00,0.567,0.541,0.077,-0.095,,,,,,,,,,,,,
2022/11/21 2:00,0.707,0.71,0.089,1.415,,,,,,,,,,,,,
2022/11/21 3:00,0.776,0.801,0.095,2.397,,,,,,,,,,,,,
2022/11/21 4:00,0.777,0.804,0.097,3.008,,,,,,,,,,,,,
2022/11/21 5:00,0.716,0.726,0.093,3.318,,,,,,,,,,,,,
2022/11/21 6:00,0.591,0.576,0.083,3.147,,,,,,,,,,,,,
2022/11/21 7:00,0.394,0.362,0.065,1.8,,,,,,,,,,,,,
2022/11/21 8:00,0.092,0.097,0.016,-0.929,,,,,,,,,,,,,
2022/11/21 9:00,0,0,0,-1.474,,,,,,,,,,,,,
2022/11/21 10:00,0,0,0,-1.48,,,,,,,,,,,,,
2022/11/21 11:00,0,0,0,-1.775,,,,,,,,,,,,,
2022/11/21 12:00,0,0,0,-2.173,,,,,,,,,,,,,
2022/11/21 13:00,0,0,0,-2.819,,,,,,,,,,,,,
2022/11/21 14:00,0,0,0,-3.424,,,,,,,,,,,,,
2022/11/21 15:00,0,0,0,-3.561,,,,,,,,,,,,,
2022/11/21 16:00,0,0,0,-3.534,,,,,,,,,,,,,
2022/11/21 17:00,0,0,0,-3.535,,,,,,,,,,,,,
2022/11/21 18:00,0,0,0,-3.582,,,,,,,,,,,,,
2022/11/21 19:00,0,0,0,-3.53,,,,,,,,,,,,,
2022/11/21 20:00,0,0,0,-3.3,,,,,,,,,,,,,
2022/11/21 21:00,0,0,0,-3.034,,,,,,,,,,,,,
2022/11/21 22:00,0,0,0,-3.025,,,,,,,,,,,,,
2022/11/21 23:00,0.01,0.014,0.013,-2.805,,,,,,,,,,,,,
2022/11/22 0:00,0.138,0.075,0.084,-1.099,,,,,,,,,,,,,
2022/11/22 1:00,0.368,0.265,0.131,0.762,,,,,,,,,,,,,
2022/11/22 2:00,0.583,0.516,0.134,3.608,,,,,,,,,,,,,
2022/11/22 3:00,0.668,0.63,0.137,5.813,,,,,,,,,,,,,
2022/11/22 4:00,0.656,0.613,0.143,7.002,,,,,,,,,,,,,
2022/11/22 5:00,0.538,0.454,0.153,7.364,,,,,,,,,,,,,
2022/11/22 6:00,0.312,0.199,0.148,6.706,,,,,,,,,,,,,
2022/11/22 7:00,0.164,0.097,0.092,4.322,,,,,,,,,,,,,
2022/11/22 8:00,0.032,0.033,0.019,0.931,,,,,,,,,,,,,
2022/11/22 9:00,0,0,0,-0.65,,,,,,,,,,,,,
2022/11/22 10:00,0,0,0,-0.981,,,,,,,,,,,,,
2022/11/22 11:00,0,0,0,-1.239,,,,,,,,,,,,,
2022/11/22 12:00,0,0,0,-1.502,,,,,,,,,,,,,
2022/11/22 13:00,0,0,0,-1.687,,,,,,,,,,,,,
2022/11/22 14:00,0,0,0,-1.668,,,,,,,,,,,,,
2022/11/22 15:00,0,0,0,-1.536,,,,,,,,,,,,,
2022/11/22 16:00,0,0,0,-1.666,,,,,,,,,,,,,
2022/11/22 17:00,0,0,0,-1.806,,,,,,,,,,,,,
2022/11/22 18:00,0,0,0,-1.835,,,,,,,,,,,,,
2022/11/22 19:00,0,0,0,-1.999,,,,,,,,,,,,,
2022/11/22 20:00,0,0,0,-2.244,,,,,,,,,,,,,
2022/11/22 21:00,0,0,0,-2.436,,,,,,,,,,,,,
2022/11/22 22:00,0,0,0,-2.551,,,,,,,,,,,,,
2022/11/22 23:00,0.019,0.023,0.014,-2.41,,,,,,,,,,,,,
2022/11/23 0:00,0.23,0.175,0.076,-0.383,,,,,,,,,,,,,
2022/11/23 1:00,0.461,0.395,0.106,1.451,,,,,,,,,,,,,
2022/11/23 2:00,0.613,0.565,0.12,3.045,,,,,,,,,,,,,
2022/11/23 3:00,0.685,0.655,0.127,4.08,,,,,,,,,,,,,
2022/11/23 4:00,0.69,0.664,0.128,4.759,,,,,,,,,,,,,
2022/11/23 5:00,0.629,0.592,0.122,5.126,,,,,,,,,,,,,
2022/11/23 6:00,0.508,0.458,0.106,4.894,,,,,,,,,,,,,
2022/11/23 7:00,0.296,0.243,0.08,3.164,,,,,,,,,,,,,
2022/11/23 8:00,0.043,0.046,0.017,-0.76,,,,,,,,,,,,,
2022/11/23 9:00,0,0,0,-2.384,,,,,,,,,,,,,
2022/11/23 10:00,0,0,0,-2.385,,,,,,,,,,,,,
2022/11/23 11:00,0,0,0,-2.323,,,,,,,,,,,,,
2022/11/23 12:00,0,0,0,-2.418,,,,,,,,,,,,,
2022/11/23 13:00,0,0,0,-2.678,,,,,,,,,,,,,
2022/11/23 14:00,0,0,0,-3.058,,,,,,,,,,,,,
2022/11/23 15:00,0,0,0,-3.165,,,,,,,,,,,,,
2022/11/23 16:00,0,0,0,-3.249,,,,,,,,,,,,,
2022/11/23 17:00,0,0,0,-3.315,,,,,,,,,,,,,
2022/11/23 18:00,0,0,0,-3.212,,,,,,,,,,,,,
2022/11/23 19:00,0,0,0,-3.074,,,,,,,,,,,,,
2022/11/23 20:00,0,0,0,-3.112,,,,,,,,,,,,,
2022/11/23 21:00,0,0,0,-2.983,,,,,,,,,,,,,
2022/11/23 22:00,0,0,0,-2.589,,,,,,,,,,,,,
2022/11/23 23:00,0,0.002,0.008,-1.8,,,,,,,,,,,,,
2022/11/24 0:00,0.039,0.008,0.051,-0.638,,,,,,,,,,,,,
2022/11/24 1:00,0.159,0.048,0.133,1.153,,,,,,,,,,,,,
2022/11/24 2:00,0.287,0.124,0.191,3.518,,,,,,,,,,,,,
2022/11/24 3:00,0.386,0.21,0.215,5.481,,,,,,,,,,,,,
2022/11/24 4:00,0.402,0.23,0.216,6.682,,,,,,,,,,,,,
2022/11/24 5:00,0.434,0.298,0.186,7.374,,,,,,,,,,,,,
2022/11/24 6:00,0.361,0.254,0.147,7.193,,,,,,,,,,,,,
2022/11/24 7:00,0.189,0.121,0.094,4.906,,,,,,,,,,,,,
2022/11/24 8:00,0.019,0.021,0.017,1.551,,,,,,,,,,,,,
2022/11/24 9:00,0,0,0,0.457,,,,,,,,,,,,,
2022/11/24 10:00,0,0,0,0.347,,,,,,,,,,,,,
2022/11/24 11:00,0,0,0,0.205,,,,,,,,,,,,,
2022/11/24 12:00,0,0,0,0.033,,,,,,,,,,,,,
2022/11/24 13:00,0,0,0,0.236,,,,,,,,,,,,,
2022/11/24 14:00,0,0,0,0.419,,,,,,,,,,,,,
2022/11/24 15:00,0,0,0,-0.052,,,,,,,,,,,,,
2022/11/24 16:00,0,0,0,1.112,,,,,,,,,,,,,
2022/11/24 17:00,0,0,0,1.13,,,,,,,,,,,,,
2022/11/24 18:00,0,0,0,1.139,,,,,,,,,,,,,
2022/11/24 19:00,0,0,0,0.629,,,,,,,,,,,,,
2022/11/24 20:00,0,0,0,-0.194,,,,,,,,,,,,,
2022/11/24 21:00,0,0,0,-1.756,,,,,,,,,,,,,
2022/11/24 22:00,0,0,0,-2.197,,,,,,,,,,,,,
2022/11/24 23:00,0.012,0.017,0.013,-1.714,,,,,,,,,,,,,
2022/11/25 0:00,0.238,0.19,0.07,0.57,,,,,,,,,,,,,
2022/11/25 1:00,0.499,0.455,0.09,1.859,,,,,,,,,,,,,
2022/11/25 2:00,0.654,0.631,0.102,2.143,,,,,,,,,,,,,
2022/11/25 3:00,0.726,0.719,0.109,2.203,,,,,,,,,,,,,
2022/11/25 4:00,0.745,0.747,0.106,2.255,,,,,,,,,,,,,
2022/11/25 5:00,0.685,0.672,0.101,2.152,,,,,,,,,,,,,
2022/11/25 6:00,0.541,0.499,0.094,1.567,,,,,,,,,,,,,
2022/11/25 7:00,0.288,0.235,0.077,0.362,,,,,,,,,,,,,
2022/11/25 8:00,0.037,0.041,0.016,-1.396,,,,,,,,,,,,,
2022/11/25 9:00,0,0,0,-2.772,,,,,,,,,,,,,
2022/11/25 10:00,0,0,0,-3.516,,,,,,,,,,,,,
2022/11/25 11:00,0,0,0,-4.102,,,,,,,,,,,,,
2022/11/25 12:00,0,0,0,-4.679,,,,,,,,,,,,,
2022/11/25 13:00,0,0,0,-5.278,,,,,,,,,,,,,
2022/11/25 14:00,0,0,0,-5.81,,,,,,,,,,,,,
2022/11/25 15:00,0,0,0,-6.326,,,,,,,,,,,,,
2022/11/25 16:00,0,0,0,-6.927,,,,,,,,,,,,,
2022/11/25 17:00,0,0,0,-7.523,,,,,,,,,,,,,
2022/11/25 18:00,0,0,0,-8.039,,,,,,,,,,,,,
2022/11/25 19:00,0,0,0,-8.504,,,,,,,,,,,,,
2022/11/25 20:00,0,0,0,-8.913,,,,,,,,,,,,,
2022/11/25 21:00,0,0,0,-9.342,,,,,,,,,,,,,
2022/11/25 22:00,0,0,0,-9.805,,,,,,,,,,,,,
2022/11/25 23:00,0.047,0.055,0.01,-10.209,,,,,,,,,,,,,
2022/11/26 0:00,0.331,0.282,0.059,-9.54,,,,,,,,,,,,,
2022/11/26 1:00,0.574,0.519,0.083,-8.309,,,,,,,,,,,,,
2022/11/26 2:00,0.711,0.67,0.099,-6.89,,,,,,,,,,,,,
2022/11/26 3:00,0.674,0.588,0.14,-5.625,,,,,,,,,,,,,
2022/11/26 4:00,0.381,0.196,0.204,-4.848,,,,,,,,,,,,,
2022/11/26 5:00,0.266,0.103,0.179,-4.299,,,,,,,,,,,,,
2022/11/26 6:00,0.336,0.215,0.14,-3.713,,,,,,,,,,,,,
2022/11/26 7:00,0.238,0.171,0.085,-3.574,,,,,,,,,,,,,
2022/11/26 8:00,0.048,0.052,0.016,-5.006,,,,,,,,,,,,,
2022/11/26 9:00,0,0,0,-6.444,,,,,,,,,,,,,
2022/11/26 10:00,0,0,0,-6.746,,,,,,,,,,,,,
2022/11/26 11:00,0,0,0,-6.69,,,,,,,,,,,,,
2022/11/26 12:00,0,0,0,-6.653,,,,,,,,,,,,,
2022/11/26 13:00,0,0,0,-6.952,,,,,,,,,,,,,
2022/11/26 14:00,0,0,0,-7.33,,,,,,,,,,,,,
2022/11/26 15:00,0,0,0,-7.576,,,,,,,,,,,,,
2022/11/26 16:00,0,0,0,-7.341,,,,,,,,,,,,,
2022/11/26 17:00,0,0,0,-7.03,,,,,,,,,,,,,
2022/11/26 18:00,0,0,0,-6.844,,,,,,,,,,,,,
2022/11/26 19:00,0,0,0,-6.82,,,,,,,,,,,,,
2022/11/26 20:00,0,0,0,-6.753,,,,,,,,,,,,,
2022/11/26 21:00,0,0,0,-6.5,,,,,,,,,,,,,
2022/11/26 22:00,0,0,0,-6.527,,,,,,,,,,,,,
2022/11/26 23:00,0.004,0.009,0.01,-6.483,,,,,,,,,,,,,
2022/11/27 0:00,0.094,0.033,0.08,-5.372,,,,,,,,,,,,,
2022/11/27 1:00,0.199,0.068,0.148,-3.36,,,,,,,,,,,,,
2022/11/27 2:00,0.257,0.083,0.194,-0.728,,,,,,,,,,,,,
2022/11/27 3:00,0.228,0.051,0.199,1.369,,,,,,,,,,,,,
2022/11/27 4:00,0.17,0.025,0.168,2.547,,,,,,,,,,,,,
2022/11/27 5:00,0.134,0.017,0.139,2.847,,,,,,,,,,,,,
2022/11/27 6:00,0.073,0.008,0.088,2.31,,,,,,,,,,,,,
2022/11/27 7:00,0.027,0.004,0.043,1.494,,,,,,,,,,,,,
2022/11/27 8:00,0,0.001,0.008,0.303,,,,,,,,,,,,,
2022/11/27 9:00,0,0,0,-0.398,,,,,,,,,,,,,
2022/11/27 10:00,0,0,0,-0.697,,,,,,,,,,,,,
2022/11/27 11:00,0,0,0,-1.028,,,,,,,,,,,,,
2022/11/27 12:00,0,0,0,-1.537,,,,,,,,,,,,,
2022/11/27 13:00,0,0,0,-2.112,,,,,,,,,,,,,
2022/11/27 14:00,0,0,0,-2.735,,,,,,,,,,,,,
2022/11/27 15:00,0,0,0,-3.509,,,,,,,,,,,,,
2022/11/27 16:00,0,0,0,-4.267,,,,,,,,,,,,,
2022/11/27 17:00,0,0,0,-4.702,,,,,,,,,,,,,
2022/11/27 18:00,0,0,0,-5.108,,,,,,,,,,,,,
2022/11/27 19:00,0,0,0,-5.567,,,,,,,,,,,,,
2022/11/27 20:00,0,0,0,-5.991,,,,,,,,,,,,,
2022/11/27 21:00,0,0,0,-6.444,,,,,,,,,,,,,
2022/11/27 22:00,0,0,0,-6.86,,,,,,,,,,,,,
2022/11/27 23:00,0,0,0.003,-7.289,,,,,,,,,,,,,
2022/11/28 0:00,0.022,0.003,0.037,-7.503,,,,,,,,,,,,,
2022/11/28 1:00,0.057,0.005,0.071,-7.454,,,,,,,,,,,,,
2022/11/28 2:00,0.082,0.006,0.094,-7.202,,,,,,,,,,,,,
2022/11/28 3:00,0.121,0.011,0.128,-6.477,,,,,,,,,,,,,
2022/11/28 4:00,0.163,0.021,0.159,-5.396,,,,,,,,,,,,,
2022/11/28 5:00,0.178,0.032,0.164,-4.205,,,,,,,,,,,,,
2022/11/28 6:00,0.157,0.038,0.138,-3.072,,,,,,,,,,,,,
2022/11/28 7:00,0.082,0.024,0.078,-2.421,,,,,,,,,,,,,
2022/11/28 8:00,0.002,0.005,0.013,-2.976,,,,,,,,,,,,,
2022/11/28 9:00,0,0,0,-3.3,,,,,,,,,,,,,
2022/11/28 10:00,0,0,0,-4.021,,,,,,,,,,,,,
2022/11/28 11:00,0,0,0,-5.96,,,,,,,,,,,,,
2022/11/28 12:00,0,0,0,-7.866,,,,,,,,,,,,,
2022/11/28 13:00,0,0,0,-9.104,,,,,,,,,,,,,
2022/11/28 14:00,0,0,0,-10.07,,,,,,,,,,,,,
2022/11/28 15:00,0,0,0,-11.176,,,,,,,,,,,,,
2022/11/28 16:00,0,0,0,-12.481,,,,,,,,,,,,,
2022/11/28 17:00,0,0,0,-13.58,,,,,,,,,,,,,
2022/11/28 18:00,0,0,0,-14.362,,,,,,,,,,,,,
2022/11/28 19:00,0,0,0,-14.851,,,,,,,,,,,,,
2022/11/28 20:00,0,0,0,-15.105,,,,,,,,,,,,,
2022/11/28 21:00,0,0,0,-15.25,,,,,,,,,,,,,
2022/11/28 22:00,0,0,0,-15.41,,,,,,,,,,,,,
2022/11/28 23:00,0.022,0.027,0.012,-15.528,,,,,,,,,,,,,
2022/11/29 0:00,0.344,0.296,0.05,-14.885,,,,,,,,,,,,,
2022/11/29 1:00,0.603,0.55,0.068,-14.024,,,,,,,,,,,,,
2022/11/29 2:00,0.759,0.723,0.079,-13.159,,,,,,,,,,,,,
2022/11/29 3:00,0.828,0.804,0.086,-12.63,,,,,,,,,,,,,
2022/11/29 4:00,0.841,0.823,0.085,-12.625,,,,,,,,,,,,,
2022/11/29 5:00,0.785,0.755,0.08,-13.089,,,,,,,,,,,,,
2022/11/29 6:00,0.656,0.608,0.07,-14.076,,,,,,,,,,,,,
2022/11/29 7:00,0.443,0.391,0.053,-15.531,,,,,,,,,,,,,
2022/11/29 8:00,0.078,0.082,0.01,-17.144,,,,,,,,,,,,,
2022/11/29 9:00,0,0,0,-18.078,,,,,,,,,,,,,
2022/11/29 10:00,0,0,0,-18.461,,,,,,,,,,,,,
2022/11/29 11:00,0,0,0,-18.683,,,,,,,,,,,,,
2022/11/29 12:00,0,0,0,-18.856,,,,,,,,,,,,,
2022/11/29 13:00,0,0,0,-18.99,,,,,,,,,,,,,
2022/11/29 14:00,0,0,0,-19.041,,,,,,,,,,,,,
2022/11/29 15:00,0,0,0,-18.945,,,,,,,,,,,,,
2022/11/29 16:00,0,0,0,-18.686,,,,,,,,,,,,,
2022/11/29 17:00,0,0,0,-18.344,,,,,,,,,,,,,
2022/11/29 18:00,0,0,0,-18.028,,,,,,,,,,,,,
2022/11/29 19:00,0,0,0,-17.797,,,,,,,,,,,,,
2022/11/29 20:00,0,0,0,-17.686,,,,,,,,,,,,,
2022/11/29 21:00,0,0,0,-17.583,,,,,,,,,,,,,
2022/11/29 22:00,0,0,0,-17.488,,,,,,,,,,,,,
2022/11/29 23:00,0.036,0.044,0.008,-17.355,,,,,,,,,,,,,
2022/11/30 0:00,0.347,0.297,0.05,-16.236,,,,,,,,,,,,,
2022/11/30 1:00,0.602,0.546,0.068,-14.62,,,,,,,,,,,,,
2022/11/30 2:00,0.754,0.718,0.079,-12.909,,,,,,,,,,,,,
2022/11/30 3:00,0.824,0.806,0.086,-11.429,,,,,,,,,,,,,
2022/11/30 4:00,0.828,0.815,0.086,-10.369,,,,,,,,,,,,,
2022/11/30 5:00,0.764,0.741,0.082,-9.854,,,,,,,,,,,,,
2022/11/30 6:00,0.63,0.589,0.072,-9.902,,,,,,,,,,,,,
2022/11/30 7:00,0.414,0.369,0.055,-10.523,,,,,,,,,,,,,
2022/11/30 8:00,0.065,0.072,0.011,-11.727,,,,,,,,,,,,,
2022/11/30 9:00,0,0,0,-12.717,,,,,,,,,,,,,
2022/11/30 10:00,0,0,0,-13.345,,,,,,,,,,,,,
2022/11/30 11:00,0,0,0,-13.923,,,,,,,,,,,,,
2022/11/30 12:00,0,0,0,-14.442,,,,,,,,,,,,,
2022/11/30 13:00,0,0,0,-14.92,,,,,,,,,,,,,
2022/11/30 14:00,0,0,0,-15.323,,,,,,,,,,,,,
2022/11/30 15:00,0,0,0,-15.713,,,,,,,,,,,,,
2022/11/30 16:00,0,0,0,-16.101,,,,,,,,,,,,,
2022/11/30 17:00,0,0,0,-16.447,,,,,,,,,,,,,
2022/11/30 18:00,0,0,0,-16.753,,,,,,,,,,,,,
2022/11/30 19:00,0,0,0,-17.164,,,,,,,,,,,,,
2022/11/30 20:00,0,0,0,-17.54,,,,,,,,,,,,,
2022/11/30 21:00,0,0,0,-17.775,,,,,,,,,,,,,
2022/11/30 22:00,0,0,0,-17.972,,,,,,,,,,,,,
2022/11/30 23:00,0.032,0.04,0.008,-17.964,,,,,,,,,,,,,
2022/12/1 0:00,0.336,0.285,0.051,-15.855,,,,,,,,,,,,,
2022/12/1 1:00,0.59,0.532,0.071,-13.88,,,,,,,,,,,,,
2022/12/1 2:00,0.743,0.703,0.082,-12.437,,,,,,,,,,,,,
2022/12/1 3:00,0.818,0.797,0.088,-11.265,,,,,,,,,,,,,
2022/12/1 4:00,0.822,0.806,0.089,-10.286,,,,,,,,,,,,,
2022/12/1 5:00,0.759,0.734,0.084,-9.534,,,,,,,,,,,,,
2022/12/1 6:00,0.624,0.583,0.074,-9.233,,,,,,,,,,,,,
2022/12/1 7:00,0.409,0.365,0.055,-9.619,,,,,,,,,,,,,
2022/12/1 8:00,0.063,0.07,0.01,-11.447,,,,,,,,,,,,,
2022/12/1 9:00,0,0,0,-13.245,,,,,,,,,,,,,
2022/12/1 10:00,0,0,0,-14.081,,,,,,,,,,,,,
2022/12/1 11:00,0,0,0,-14.782,,,,,,,,,,,,,
2022/12/1 12:00,0,0,0,-15.424,,,,,,,,,,,,,
2022/12/1 13:00,0,0,0,-15.943,,,,,,,,,,,,,
2022/12/1 14:00,0,0,0,-16.346,,,,,,,,,,,,,
2022/12/1 15:00,0,0,0,-16.65,,,,,,,,,,,,,
2022/12/1 16:00,0,0,0,-16.923,,,,,,,,,,,,,
2022/12/1 17:00,0,0,0,-17.172,,,,,,,,,,,,,
2022/12/1 18:00,0,0,0,-17.407,,,,,,,,,,,,,
2022/12/1 19:00,0,0,0,-17.606,,,,,,,,,,,,,
2022/12/1 20:00,0,0,0,-17.593,,,,,,,,,,,,,
2022/12/1 21:00,0,0,0,-17.137,,,,,,,,,,,,,
2022/12/1 22:00,0,0,0,-16.206,,,,,,,,,,,,,
2022/12/1 23:00,0,0.006,0.007,-15.275,,,,,,,,,,,,,
2022/12/2 0:00,0.076,0.026,0.066,-13.466,,,,,,,,,,,,,
2022/12/2 1:00,0.179,0.06,0.131,-11.421,,,,,,,,,,,,,
2022/12/2 2:00,0.242,0.078,0.175,-8.998,,,,,,,,,,,,,
2022/12/2 3:00,0.266,0.083,0.197,-6.987,,,,,,,,,,,,,
2022/12/2 4:00,0.292,0.103,0.204,-5.477,,,,,,,,,,,,,
2022/12/2 5:00,0.274,0.106,0.185,-4.296,,,,,,,,,,,,,
2022/12/2 6:00,0.244,0.115,0.146,-3.707,,,,,,,,,,,,,
2022/12/2 7:00,0.159,0.092,0.085,-4.251,,,,,,,,,,,,,
2022/12/2 8:00,0.018,0.022,0.013,-7.003,,,,,,,,,,,,,
2022/12/2 9:00,0,0,0,-9.015,,,,,,,,,,,,,
2022/12/2 10:00,0,0,0,-10.008,,,,,,,,,,,,,
2022/12/2 11:00,0,0,0,-10.859,,,,,,,,,,,,,
2022/12/2 12:00,0,0,0,-11.529,,,,,,,,,,,,,
2022/12/2 13:00,0,0,0,-12.049,,,,,,,,,,,,,
2022/12/2 14:00,0,0,0,-12.393,,,,,,,,,,,,,
2022/12/2 15:00,0,0,0,-12.729,,,,,,,,,,,,,
2022/12/2 16:00,0,0,0,-13.349,,,,,,,,,,,,,
2022/12/2 17:00,0,0,0,-14.188,,,,,,,,,,,,,
2022/12/2 18:00,0,0,0,-14.899,,,,,,,,,,,,,
2022/12/2 19:00,0,0,0,-15.448,,,,,,,,,,,,,
2022/12/2 20:00,0,0,0,-15.807,,,,,,,,,,,,,
2022/12/2 21:00,0,0,0,-16.184,,,,,,,,,,,,,
2022/12/2 22:00,0,0,0,-16.699,,,,,,,,,,,,,
2022/12/2 23:00,0.02,0.028,0.009,-17.228,,,,,,,,,,,,,
2022/12/3 0:00,0.339,0.292,0.048,-15.463,,,,,,,,,,,,,
2022/12/3 1:00,0.595,0.543,0.067,-13.515,,,,,,,,,,,,,
2022/12/3 2:00,0.746,0.714,0.078,-11.867,,,,,,,,,,,,,
2022/12/3 3:00,0.817,0.802,0.085,-10.547,,,,,,,,,,,,,
2022/12/3 4:00,0.819,0.808,0.086,-9.616,,,,,,,,,,,,,
2022/12/3 5:00,0.755,0.733,0.081,-9.107,,,,,,,,,,,,,
2022/12/3 6:00,0.617,0.575,0.072,-9.243,,,,,,,,,,,,,
2022/12/3 7:00,0.4,0.356,0.054,-10.107,,,,,,,,,,,,,
2022/12/3 8:00,0.055,0.063,0.01,-11.874,,,,,,,,,,,,,
2022/12/3 9:00,0,0,0,-13.344,,,,,,,,,,,,,
2022/12/3 10:00,0,0,0,-14.149,,,,,,,,,,,,,
2022/12/3 11:00,0,0,0,-14.914,,,,,,,,,,,,,
2022/12/3 12:00,0,0,0,-15.586,,,,,,,,,,,,,
2022/12/3 13:00,0,0,0,-16.151,,,,,,,,,,,,,
2022/12/3 14:00,0,0,0,-16.578,,,,,,,,,,,,,
2022/12/3 15:00,0,0,0,-16.913,,,,,,,,,,,,,
2022/12/3 16:00,0,0,0,-17.265,,,,,,,,,,,,,
2022/12/3 17:00,0,0,0,-17.597,,,,,,,,,,,,,
2022/12/3 18:00,0,0,0,-17.887,,,,,,,,,,,,,
2022/12/3 19:00,0,0,0,-18.092,,,,,,,,,,,,,
2022/12/3 20:00,0,0,0,-18.213,,,,,,,,,,,,,
2022/12/3 21:00,0,0,0,-18.256,,,,,,,,,,,,,
2022/12/3 22:00,0,0,0,-18.272,,,,,,,,,,,,,
2022/12/3 23:00,0.022,0.032,0.007,-18.164,,,,,,,,,,,,,
2022/12/4 0:00,0.324,0.275,0.05,-15.532,,,,,,,,,,,,,
2022/12/4 1:00,0.576,0.521,0.07,-12.557,,,,,,,,,,,,,
2022/12/4 2:00,0.724,0.69,0.082,-9.944,,,,,,,,,,,,,
2022/12/4 3:00,0.793,0.779,0.088,-7.919,,,,,,,,,,,,,
2022/12/4 4:00,0.794,0.787,0.089,-6.392,,,,,,,,,,,,,
2022/12/4 5:00,0.729,0.714,0.084,-5.327,,,,,,,,,,,,,
2022/12/4 6:00,0.597,0.565,0.074,-4.873,,,,,,,,,,,,,
2022/12/4 7:00,0.383,0.346,0.055,-5.649,,,,,,,,,,,,,
2022/12/4 8:00,0.05,0.059,0.009,-8.967,,,,,,,,,,,,,
2022/12/4 9:00,0,0,0,-10.674,,,,,,,,,,,,,
2022/12/4 10:00,0,0,0,-11.608,,,,,,,,,,,,,
2022/12/4 11:00,0,0,0,-12.436,,,,,,,,,,,,,
2022/12/4 12:00,0,0,0,-13.124,,,,,,,,,,,,,
2022/12/4 13:00,0,0,0,-13.672,,,,,,,,,,,,,
2022/12/4 14:00,0,0,0,-14.102,,,,,,,,,,,,,
2022/12/4 15:00,0,0,0,-14.464,,,,,,,,,,,,,
2022/12/4 16:00,0,0,0,-14.79,,,,,,,,,,,,,
2022/12/4 17:00,0,0,0,-15.169,,,,,,,,,,,,,
2022/12/4 18:00,0,0,0,-15.585,,,,,,,,,,,,,
2022/12/4 19:00,0,0,0,-15.94,,,,,,,,,,,,,
2022/12/4 20:00,0,0,0,-16.216,,,,,,,,,,,,,
2022/12/4 21:00,0,0,0,-16.372,,,,,,,,,,,,,
2022/12/4 22:00,0,0,0,-16.46,,,,,,,,,,,,,
2022/12/4 23:00,0.021,0.031,0.007,-16.407,,,,,,,,,,,,,
2022/12/5 0:00,0.321,0.275,0.049,-13.915,,,,,,,,,,,,,
2022/12/5 1:00,0.571,0.52,0.07,-11.123,,,,,,,,,,,,,
2022/12/5 2:00,0.718,0.689,0.082,-8.441,,,,,,,,,,,,,
2022/12/5 3:00,0.788,0.779,0.088,-6.81,,,,,,,,,,,,,
2022/12/5 4:00,0.792,0.788,0.089,-5.834,,,,,,,,,,,,,
2022/12/5 5:00,0.729,0.715,0.084,-5.241,,,,,,,,,,,,,
2022/12/5 6:00,0.594,0.56,0.074,-5.187,,,,,,,,,,,,,
2022/12/5 7:00,0.379,0.342,0.054,-6.024,,,,,,,,,,,,,
2022/12/5 8:00,0.047,0.056,0.009,-8.699,,,,,,,,,,,,,
2022/12/5 9:00,0,0,0,-10.527,,,,,,,,,,,,,
2022/12/5 10:00,0,0,0,-11.296,,,,,,,,,,,,,
2022/12/5 11:00,0,0,0,-11.912,,,,,,,,,,,,,
2022/12/5 12:00,0,0,0,-12.555,,,,,,,,,,,,,
2022/12/5 13:00,0,0,0,-13.078,,,,,,,,,,,,,
2022/12/5 14:00,0,0,0,-13.493,,,,,,,,,,,,,
2022/12/5 15:00,0,0,0,-13.864,,,,,,,,,,,,,
2022/12/5 16:00,0,0,0,-14.215,,,,,,,,,,,,,
2022/12/5 17:00,0,0,0,-14.514,,,,,,,,,,,,,
2022/12/5 18:00,0,0,0,-14.762,,,,,,,,,,,,,
2022/12/5 19:00,0,0,0,-14.963,,,,,,,,,,,,,
2022/12/5 20:00,0,0,0,-15.14,,,,,,,,,,,,,
2022/12/5 21:00,0,0,0,-15.219,,,,,,,,,,,,,
2022/12/5 22:00,0,0,0,-15.189,,,,,,,,,,,,,
2022/12/5 23:00,0.018,0.028,0.007,-15.014,,,,,,,,,,,,,
2022/12/6 0:00,0.315,0.271,0.049,-12.556,,,,,,,,,,,,,
2022/12/6 1:00,0.566,0.52,0.069,-9.482,,,,,,,,,,,,,
2022/12/6 2:00,0.714,0.693,0.081,-6.657,,,,,,,,,,,,,
2022/12/6 3:00,0.782,0.781,0.087,-4.774,,,,,,,,,,,,,
2022/12/6 4:00,0.785,0.79,0.088,-3.665,,,,,,,,,,,,,
2022/12/6 5:00,0.723,0.717,0.083,-3.107,,,,,,,,,,,,,
2022/12/6 6:00,0.592,0.567,0.072,-3.216,,,,,,,,,,,,,
2022/12/6 7:00,0.377,0.343,0.054,-4.159,,,,,,,,,,,,,
2022/12/6 8:00,0.043,0.053,0.009,-6.077,,,,,,,,,,,,,
2022/12/6 9:00,0,0,0,-7.363,,,,,,,,,,,,,
2022/12/6 10:00,0,0,0,-8.064,,,,,,,,,,,,,
2022/12/6 11:00,0,0,0,-8.783,,,,,,,,,,,,,
2022/12/6 12:00,0,0,0,-9.276,,,,,,,,,,,,,
2022/12/6 13:00,0,0,0,-9.582,,,,,,,,,,,,,
2022/12/6 14:00,0,0,0,-9.773,,,,,,,,,,,,,
2022/12/6 15:00,0,0,0,-9.942,,,,,,,,,,,,,
2022/12/6 16:00,0,0,0,-10.13,,,,,,,,,,,,,
2022/12/6 17:00,0,0,0,-10.383,,,,,,,,,,,,,
2022/12/6 18:00,0,0,0,-10.718,,,,,,,,,,,,,
2022/12/6 19:00,0,0,0,-11.038,,,,,,,,,,,,,
2022/12/6 20:00,0,0,0,-11.284,,,,,,,,,,,,,
2022/12/6 21:00,0,0,0,-11.442,,,,,,,,,,,,,
2022/12/6 22:00,0,0,0,-11.613,,,,,,,,,,,,,
2022/12/6 23:00,0.015,0.025,0.007,-11.723,,,,,,,,,,,,,
2022/12/7 0:00,0.288,0.242,0.055,-9.635,,,,,,,,,,,,,
2022/12/7 1:00,0.532,0.479,0.08,-6.714,,,,,,,,,,,,,
2022/12/7 2:00,0.676,0.644,0.094,-3.824,,,,,,,,,,,,,
2022/12/7 3:00,0.728,0.706,0.106,-1.742,,,,,,,,,,,,,
2022/12/7 4:00,0.664,0.609,0.127,-0.522,,,,,,,,,,,,,
2022/12/7 5:00,0.452,0.332,0.155,-0.149,,,,,,,,,,,,,
2022/12/7 6:00,0.281,0.173,0.131,-0.411,,,,,,,,,,,,,
2022/12/7 7:00,0.137,0.082,0.074,-1.669,,,,,,,,,,,,,
2022/12/7 8:00,0.008,0.015,0.01,-4.58,,,,,,,,,,,,,
2022/12/7 9:00,0,0,0,-6.209,,,,,,,,,,,,,
2022/12/7 10:00,0,0,0,-7.076,,,,,,,,,,,,,
2022/12/7 11:00,0,0,0,-7.732,,,,,,,,,,,,,
2022/12/7 12:00,0,0,0,-8.334,,,,,,,,,,,,,
2022/12/7 13:00,0,0,0,-8.952,,,,,,,,,,,,,
2022/12/7 14:00,0,0,0,-9.492,,,,,,,,,,,,,
2022/12/7 15:00,0,0,0,-9.994,,,,,,,,,,,,,
2022/12/7 16:00,0,0,0,-10.535,,,,,,,,,,,,,
2022/12/7 17:00,0,0,0,-11.04,,,,,,,,,,,,,
2022/12/7 18:00,0,0,0,-11.453,,,,,,,,,,,,,
2022/12/7 19:00,0,0,0,-11.868,,,,,,,,,,,,,
2022/12/7 20:00,0,0,0,-12.397,,,,,,,,,,,,,
2022/12/7 21:00,0,0,0,-12.733,,,,,,,,,,,,,
2022/12/7 22:00,0,0,0,-12.914,,,,,,,,,,,,,
2022/12/7 23:00,0.011,0.02,0.007,-12.939,,,,,,,,,,,,,
2022/12/8 0:00,0.295,0.252,0.051,-10.57,,,,,,,,,,,,,
2022/12/8 1:00,0.544,0.497,0.073,-7.763,,,,,,,,,,,,,
2022/12/8 2:00,0.689,0.665,0.085,-4.629,,,,,,,,,,,,,
2022/12/8 3:00,0.757,0.758,0.091,-1.945,,,,,,,,,,,,,
2022/12/8 4:00,0.757,0.764,0.092,-0.519,,,,,,,,,,,,,
2022/12/8 5:00,0.692,0.687,0.088,0.216,,,,,,,,,,,,,
2022/12/8 6:00,0.556,0.53,0.077,0.291,,,,,,,,,,,,,
2022/12/8 7:00,0.341,0.308,0.057,-1.041,,,,,,,,,,,,,
2022/12/8 8:00,0.033,0.043,0.009,-4.608,,,,,,,,,,,,,
2022/12/8 9:00,0,0,0,-6.351,,,,,,,,,,,,,
2022/12/8 10:00,0,0,0,-7.259,,,,,,,,,,,,,
2022/12/8 11:00,0,0,0,-7.972,,,,,,,,,,,,,
2022/12/8 12:00,0,0,0,-8.57,,,,,,,,,,,,,
2022/12/8 13:00,0,0,0,-9.115,,,,,,,,,,,,,
2022/12/8 14:00,0,0,0,-9.56,,,,,,,,,,,,,
2022/12/8 15:00,0,0,0,-10.018,,,,,,,,,,,,,
2022/12/8 16:00,0,0,0,-10.553,,,,,,,,,,,,,
2022/12/8 17:00,0,0,0,-11.087,,,,,,,,,,,,,
2022/12/8 18:00,0,0,0,-11.613,,,,,,,,,,,,,
2022/12/8 19:00,0,0,0,-12.108,,,,,,,,,,,,,
2022/12/8 20:00,0,0,0,-12.55,,,,,,,,,,,,,
2022/12/8 21:00,0,0,0,-12.858,,,,,,,,,,,,,
2022/12/8 22:00,0,0,0,-13.037,,,,,,,,,,,,,
2022/12/8 23:00,0.01,0.02,0.006,-13.089,,,,,,,,,,,,,
2022/12/9 0:00,0.276,0.227,0.057,-10.92,,,,,,,,,,,,,
2022/12/9 1:00,0.523,0.461,0.084,-8.341,,,,,,,,,,,,,
2022/12/9 2:00,0.667,0.621,0.099,-5.375,,,,,,,,,,,,,
2022/12/9 3:00,0.721,0.684,0.111,-3.512,,,,,,,,,,,,,
2022/12/9 4:00,0.678,0.621,0.125,-2.387,,,,,,,,,,,,,
2022/12/9 5:00,0.459,0.335,0.155,-1.807,,,,,,,,,,,,,
2022/12/9 6:00,0.224,0.112,0.131,-1.728,,,,,,,,,,,,,
2022/12/9 7:00,0.093,0.045,0.068,-2.407,,,,,,,,,,,,,
2022/12/9 8:00,0,0.004,0.007,-3.996,,,,,,,,,,,,,
2022/12/9 9:00,0,0,0,-4.715,,,,,,,,,,,,,
2022/12/9 10:00,0,0,0,-5.117,,,,,,,,,,,,,
2022/12/9 11:00,0,0,0,-5.567,,,,,,,,,,,,,
2022/12/9 12:00,0,0,0,-5.925,,,,,,,,,,,,,
2022/12/9 13:00,0,0,0,-6.26,,,,,,,,,,,,,
2022/12/9 14:00,0,0,0,-6.672,,,,,,,,,,,,,
2022/12/9 15:00,0,0,0,-7.249,,,,,,,,,,,,,
2022/12/9 16:00,0,0,0,-7.811,,,,,,,,,,,,,
2022/12/9 17:00,0,0,0,-8.251,,,,,,,,,,,,,
2022/12/9 18:00,0,0,0,-8.692,,,,,,,,,,,,,
2022/12/9 19:00,0,0,0,-9.356,,,,,,,,,,,,,
2022/12/9 20:00,0,0,0,-10.466,,,,,,,,,,,,,
2022/12/9 21:00,0,0,0,-11.445,,,,,,,,,,,,,
2022/12/9 22:00,0,0,0,-11.942,,,,,,,,,,,,,
2022/12/9 23:00,0.006,0.015,0.007,-12.131,,,,,,,,,,,,,
2022/12/10 0:00,0.283,0.24,0.052,-10.945,,,,,,,,,,,,,
2022/12/10 1:00,0.538,0.486,0.074,-8.93,,,,,,,,,,,,,
2022/12/10 2:00,0.69,0.657,0.086,-7.176,,,,,,,,,,,,,
2022/12/10 3:00,0.765,0.749,0.092,-5.89,,,,,,,,,,,,,
2022/12/10 4:00,0.767,0.756,0.093,-4.983,,,,,,,,,,,,,
2022/12/10 5:00,0.703,0.681,0.088,-4.445,,,,,,,,,,,,,
2022/12/10 6:00,0.565,0.527,0.077,-4.389,,,,,,,,,,,,,
2022/12/10 7:00,0.344,0.306,0.056,-5.007,,,,,,,,,,,,,
2022/12/10 8:00,0.031,0.041,0.008,-7.056,,,,,,,,,,,,,
2022/12/10 9:00,0,0,0,-8.522,,,,,,,,,,,,,
2022/12/10 10:00,0,0,0,-9.327,,,,,,,,,,,,,
2022/12/10 11:00,0,0,0,-10.062,,,,,,,,,,,,,
2022/12/10 12:00,0,0,0,-10.627,,,,,,,,,,,,,
2022/12/10 13:00,0,0,0,-11.077,,,,,,,,,,,,,
2022/12/10 14:00,0,0,0,-11.359,,,,,,,,,,,,,
2022/12/10 15:00,0,0,0,-11.684,,,,,,,,,,,,,
2022/12/10 16:00,0,0,0,-12.085,,,,,,,,,,,,,
2022/12/10 17:00,0,0,0,-12.468,,,,,,,,,,,,,
2022/12/10 18:00,0,0,0,-12.846,,,,,,,,,,,,,
2022/12/10 19:00,0,0,0,-13.194,,,,,,,,,,,,,
2022/12/10 20:00,0,0,0,-13.514,,,,,,,,,,,,,
2022/12/10 21:00,0,0,0,-13.895,,,,,,,,,,,,,
2022/12/10 22:00,0,0,0,-14.16,,,,,,,,,,,,,
2022/12/10 23:00,0.01,0.02,0.006,-14.263,,,,,,,,,,,,,
2022/12/11 0:00,0.29,0.244,0.053,-12.055,,,,,,,,,,,,,
2022/12/11 1:00,0.542,0.485,0.077,-9.503,,,,,,,,,,,,,
2022/12/11 2:00,0.688,0.652,0.091,-6.538,,,,,,,,,,,,,
2022/12/11 3:00,0.75,0.734,0.099,-3.545,,,,,,,,,,,,,
2022/12/11 4:00,0.748,0.737,0.1,-2.086,,,,,,,,,,,,,
2022/12/11 5:00,0.678,0.653,0.096,-1.348,,,,,,,,,,,,,
2022/12/11 6:00,0.459,0.39,0.102,-1.287,,,,,,,,,,,,,
2022/12/11 7:00,0.105,0.056,0.069,-2.595,,,,,,,,,,,,,
2022/12/11 8:00,0,0.003,0.006,-4.488,,,,,,,,,,,,,
2022/12/11 9:00,0,0,0,-4.714,,,,,,,,,,,,,
2022/12/11 10:00,0,0,0,-4.749,,,,,,,,,,,,,
2022/12/11 11:00,0,0,0,-5.163,,,,,,,,,,,,,
2022/12/11 12:00,0,0,0,-5.408,,,,,,,,,,,,,
2022/12/11 13:00,0,0,0,-5.554,,,,,,,,,,,,,
2022/12/11 14:00,0,0,0,-5.674,,,,,,,,,,,,,
2022/12/11 15:00,0,0,0,-5.761,,,,,,,,,,,,,
2022/12/11 16:00,0,0,0,-5.706,,,,,,,,,,,,,
2022/12/11 17:00,0,0,0,-5.79,,,,,,,,,,,,,
2022/12/11 18:00,0,0,0,-5.915,,,,,,,,,,,,,
2022/12/11 19:00,0,0,0,-6.274,,,,,,,,,,,,,
2022/12/11 20:00,0,0,0,-7.247,,,,,,,,,,,,,
2022/12/11 21:00,0,0,0,-7.877,,,,,,,,,,,,,
2022/12/11 22:00,0,0,0,-8.26,,,,,,,,,,,,,
2022/12/11 23:00,0,0.005,0.005,-8.428,,,,,,,,,,,,,
2022/12/12 0:00,0.17,0.122,0.062,-7.813,,,,,,,,,,,,,
2022/12/12 1:00,0.471,0.403,0.088,-7.084,,,,,,,,,,,,,
2022/12/12 2:00,0.662,0.616,0.095,-6.319,,,,,,,,,,,,,
2022/12/12 3:00,0.739,0.709,0.101,-5.705,,,,,,,,,,,,,
2022/12/12 4:00,0.752,0.728,0.099,-5.416,,,,,,,,,,,,,
2022/12/12 5:00,0.691,0.658,0.093,-5.377,,,,,,,,,,,,,
2022/12/12 6:00,0.546,0.496,0.083,-5.687,,,,,,,,,,,,,
2022/12/12 7:00,0.303,0.256,0.061,-6.495,,,,,,,,,,,,,
2022/12/12 8:00,0.015,0.023,0.009,-7.965,,,,,,,,,,,,,
2022/12/12 9:00,0,0,0,-8.997,,,,,,,,,,,,,
2022/12/12 10:00,0,0,0,-9.689,,,,,,,,,,,,,
2022/12/12 11:00,0,0,0,-10.35,,,,,,,,,,,,,
2022/12/12 12:00,0,0,0,-10.891,,,,,,,,,,,,,
2022/12/12 13:00,0,0,0,-11.413,,,,,,,,,,,,,
2022/12/12 14:00,0,0,0,-11.959,,,,,,,,,,,,,
2022/12/12 15:00,0,0,0,-12.458,,,,,,,,,,,,,
2022/12/12 16:00,0,0,0,-13.058,,,,,,,,,,,,,
2022/12/12 17:00,0,0,0,-13.658,,,,,,,,,,,,,
2022/12/12 18:00,0,0,0,-14.136,,,,,,,,,,,,,
2022/12/12 19:00,0,0,0,-14.586,,,,,,,,,,,,,
2022/12/12 20:00,0,0,0,-14.831,,,,,,,,,,,,,
2022/12/12 21:00,0,0,0,-15.116,,,,,,,,,,,,,
2022/12/12 22:00,0,0,0,-15.754,,,,,,,,,,,,,
2022/12/12 23:00,0.003,0.013,0.006,-16.422,,,,,,,,,,,,,
2022/12/13 0:00,0.234,0.181,0.056,-16.833,,,,,,,,,,,,,
2022/12/13 1:00,0.586,0.523,0.067,-17.046,,,,,,,,,,,,,
2022/12/13 2:00,0.744,0.69,0.079,-16.889,,,,,,,,,,,,,
2022/12/13 3:00,0.821,0.778,0.085,-16.555,,,,,,,,,,,,,
2022/12/13 4:00,0.838,0.803,0.083,-16.295,,,,,,,,,,,,,
2022/12/13 5:00,0.774,0.729,0.078,-16.216,,,,,,,,,,,,,
2022/12/13 6:00,0.626,0.567,0.069,-16.39,,,,,,,,,,,,,
2022/12/13 7:00,0.389,0.336,0.05,-16.931,,,,,,,,,,,,,
2022/12/13 8:00,0.036,0.045,0.007,-17.89,,,,,,,,,,,,,
2022/12/13 9:00,0,0,0,-18.341,,,,,,,,,,,,,
2022/12/13 10:00,0,0,0,-18.374,,,,,,,,,,,,,
2022/12/13 11:00,0,0,0,-18.372,,,,,,,,,,,,,
2022/12/13 12:00,0,0,0,-18.39,,,,,,,,,,,,,
2022/12/13 13:00,0,0,0,-18.39,,,,,,,,,,,,,
2022/12/13 14:00,0,0,0,-18.36,,,,,,,,,,,,,
2022/12/13 15:00,0,0,0,-18.346,,,,,,,,,,,,,
2022/12/13 16:00,0,0,0,-18.357,,,,,,,,,,,,,
2022/12/13 17:00,0,0,0,-18.39,,,,,,,,,,,,,
2022/12/13 18:00,0,0,0,-18.505,,,,,,,,,,,,,
2022/12/13 19:00,0,0,0,-18.73,,,,,,,,,,,,,
2022/12/13 20:00,0,0,0,-19.04,,,,,,,,,,,,,
2022/12/13 21:00,0,0,0,-19.452,,,,,,,,,,,,,
2022/12/13 22:00,0,0,0,-19.663,,,,,,,,,,,,,
2022/12/13 23:00,0.004,0.013,0.005,-19.416,,,,,,,,,,,,,
2022/12/14 0:00,0.13,0.072,0.069,-16.927,,,,,,,,,,,,,
2022/12/14 1:00,0.252,0.125,0.131,-14.363,,,,,,,,,,,,,
2022/12/14 2:00,0.304,0.135,0.176,-12.118,,,,,,,,,,,,,
2022/12/14 3:00,0.296,0.109,0.196,-10.633,,,,,,,,,,,,,
2022/12/14 4:00,0.286,0.1,0.195,-9.545,,,,,,,,,,,,,
2022/12/14 5:00,0.248,0.086,0.173,-8.672,,,,,,,,,,,,,
2022/12/14 6:00,0.166,0.054,0.126,-8.167,,,,,,,,,,,,,
2022/12/14 7:00,0.061,0.02,0.06,-8.382,,,,,,,,,,,,,
2022/12/14 8:00,0,0.003,0.007,-9.793,,,,,,,,,,,,,
2022/12/14 9:00,0,0,0,-10.377,,,,,,,,,,,,,
2022/12/14 10:00,0,0,0,-10.612,,,,,,,,,,,,,
2022/12/14 11:00,0,0,0,-10.999,,,,,,,,,,,,,
2022/12/14 12:00,0,0,0,-11.42,,,,,,,,,,,,,
2022/12/14 13:00,0,0,0,-11.897,,,,,,,,,,,,,
2022/12/14 14:00,0,0,0,-12.388,,,,,,,,,,,,,
2022/12/14 15:00,0,0,0,-13.259,,,,,,,,,,,,,
2022/12/14 16:00,0,0,0,-14.372,,,,,,,,,,,,,
2022/12/14 17:00,0,0,0,-15.701,,,,,,,,,,,,,
2022/12/14 18:00,0,0,0,-16.892,,,,,,,,,,,,,
2022/12/14 19:00,0,0,0,-17.773,,,,,,,,,,,,,
2022/12/14 20:00,0,0,0,-18.515,,,,,,,,,,,,,
2022/12/14 21:00,0,0,0,-18.978,,,,,,,,,,,,,
2022/12/14 22:00,0,0,0,-19.147,,,,,,,,,,,,,
2022/12/14 23:00,0.006,0.015,0.006,-19.195,,,,,,,,,,,,,
2022/12/15 0:00,0.325,0.277,0.045,-18.156,,,,,,,,,,,,,
2022/12/15 1:00,0.589,0.53,0.065,-16.513,,,,,,,,,,,,,
2022/12/15 2:00,0.743,0.7,0.076,-14.628,,,,,,,,,,,,,
2022/12/15 3:00,0.812,0.785,0.083,-13.068,,,,,,,,,,,,,
2022/12/15 4:00,0.813,0.791,0.084,-12.052,,,,,,,,,,,,,
2022/12/15 5:00,0.745,0.712,0.08,-11.489,,,,,,,,,,,,,
2022/12/15 6:00,0.6,0.552,0.07,-11.495,,,,,,,,,,,,,
2022/12/15 7:00,0.365,0.32,0.051,-12.12,,,,,,,,,,,,,
2022/12/15 8:00,0.031,0.041,0.007,-13.617,,,,,,,,,,,,,
2022/12/15 9:00,0,0,0,-14.883,,,,,,,,,,,,,
2022/12/15 10:00,0,0,0,-15.863,,,,,,,,,,,,,
2022/12/15 11:00,0,0,0,-16.625,,,,,,,,,,,,,
2022/12/15 12:00,0,0,0,-17.093,,,,,,,,,,,,,
2022/12/15 13:00,0,0,0,-17.37,,,,,,,,,,,,,
2022/12/15 14:00,0,0,0,-17.535,,,,,,,,,,,,,
2022/12/15 15:00,0,0,0,-17.679,,,,,,,,,,,,,
2022/12/15 16:00,0,0,0,-17.935,,,,,,,,,,,,,
2022/12/15 17:00,0,0,0,-18.273,,,,,,,,,,,,,
2022/12/15 18:00,0,0,0,-18.613,,,,,,,,,,,,,
2022/12/15 19:00,0,0,0,-18.897,,,,,,,,,,,,,
2022/12/15 20:00,0,0,0,-19.149,,,,,,,,,,,,,
2022/12/15 21:00,0,0,0,-19.411,,,,,,,,,,,,,
2022/12/15 22:00,0,0,0,-19.637,,,,,,,,,,,,,
2022/12/15 23:00,0.007,0.018,0.005,-19.712,,,,,,,,,,,,,
2022/12/16 0:00,0.299,0.248,0.051,-17.833,,,,,,,,,,,,,
2022/12/16 1:00,0.558,0.49,0.074,-15.408,,,,,,,,,,,,,
2022/12/16 2:00,0.709,0.655,0.088,-12.702,,,,,,,,,,,,,
2022/12/16 3:00,0.779,0.74,0.095,-11.269,,,,,,,,,,,,,
2022/12/16 4:00,0.776,0.737,0.097,-10.498,,,,,,,,,,,,,
2022/12/16 5:00,0.696,0.643,0.095,-10.223,,,,,,,,,,,,,
2022/12/16 6:00,0.447,0.355,0.103,-10.453,,,,,,,,,,,,,
2022/12/16 7:00,0.121,0.068,0.068,-11.112,,,,,,,,,,,,,
2022/12/16 8:00,0,0.006,0.007,-12.063,,,,,,,,,,,,,
2022/12/16 9:00,0,0,0,-12.904,,,,,,,,,,,,,
2022/12/16 10:00,0,0,0,-13.88,,,,,,,,,,,,,
2022/12/16 11:00,0,0,0,-14.613,,,,,,,,,,,,,
2022/12/16 12:00,0,0,0,-15.376,,,,,,,,,,,,,
2022/12/16 13:00,0,0,0,-16.376,,,,,,,,,,,,,
2022/12/16 14:00,0,0,0,-17.315,,,,,,,,,,,,,
2022/12/16 15:00,0,0,0,-18.033,,,,,,,,,,,,,
2022/12/16 16:00,0,0,0,-18.473,,,,,,,,,,,,,
2022/12/16 17:00,0,0,0,-18.823,,,,,,,,,,,,,
2022/12/16 18:00,0,0,0,-19.254,,,,,,,,,,,,,
2022/12/16 19:00,0,0,0,-19.675,,,,,,,,,,,,,
2022/12/16 20:00,0,0,0,-19.968,,,,,,,,,,,,,
2022/12/16 21:00,0,0,0,-20.128,,,,,,,,,,,,,
2022/12/16 22:00,0,0,0,-20.209,,,,,,,,,,,,,
2022/12/16 23:00,0.004,0.013,0.005,-20.263,,,,,,,,,,,,,
2022/12/17 0:00,0.287,0.234,0.051,-19.332,,,,,,,,,,,,,
2022/12/17 1:00,0.569,0.498,0.071,-17.835,,,,,,,,,,,,,
2022/12/17 2:00,0.723,0.66,0.085,-16.796,,,,,,,,,,,,,
2022/12/17 3:00,0.783,0.724,0.096,-16.019,,,,,,,,,,,,,
2022/12/17 4:00,0.792,0.737,0.095,-15.455,,,,,,,,,,,,,
2022/12/17 5:00,0.708,0.64,0.093,-15.234,,,,,,,,,,,,,
2022/12/17 6:00,0.52,0.434,0.089,-15.36,,,,,,,,,,,,,
2022/12/17 7:00,0.263,0.202,0.063,-15.886,,,,,,,,,,,,,
2022/12/17 8:00,0.015,0.023,0.008,-16.88,,,,,,,,,,,,,
2022/12/17 9:00,0,0,0,-17.597,,,,,,,,,,,,,
2022/12/17 10:00,0,0,0,-18.098,,,,,,,,,,,,,
2022/12/17 11:00,0,0,0,-18.511,,,,,,,,,,,,,
2022/12/17 12:00,0,0,0,-18.758,,,,,,,,,,,,,
2022/12/17 13:00,0,0,0,-18.889,,,,,,,,,,,,,
2022/12/17 14:00,0,0,0,-19.05,,,,,,,,,,,,,
2022/12/17 15:00,0,0,0,-19.284,,,,,,,,,,,,,
2022/12/17 16:00,0,0,0,-19.584,,,,,,,,,,,,,
2022/12/17 17:00,0,0,0,-19.825,,,,,,,,,,,,,
2022/12/17 18:00,0,0,0,-20.081,,,,,,,,,,,,,
2022/12/17 19:00,0,0,0,-20.351,,,,,,,,,,,,,
2022/12/17 20:00,0,0,0,-20.573,,,,,,,,,,,,,
2022/12/17 21:00,0,0,0,-20.856,,,,,,,,,,,,,
2022/12/17 22:00,0,0,0,-21.171,,,,,,,,,,,,,
2022/12/17 23:00,0.005,0.015,0.005,-21.312,,,,,,,,,,,,,
2022/12/18 0:00,0.297,0.243,0.051,-19.364,,,,,,,,,,,,,
2022/12/18 1:00,0.557,0.485,0.075,-16.741,,,,,,,,,,,,,
2022/12/18 2:00,0.706,0.644,0.089,-14.363,,,,,,,,,,,,,
2022/12/18 3:00,0.762,0.707,0.1,-12.864,,,,,,,,,,,,,
2022/12/18 4:00,0.739,0.676,0.108,-11.78,,,,,,,,,,,,,
2022/12/18 5:00,0.618,0.529,0.114,-11.081,,,,,,,,,,,,,
2022/12/18 6:00,0.431,0.335,0.105,-10.866,,,,,,,,,,,,,
2022/12/18 7:00,0.197,0.14,0.068,-11.314,,,,,,,,,,,,,
2022/12/18 8:00,0.007,0.015,0.008,-13.401,,,,,,,,,,,,,
2022/12/18 9:00,0,0,0,-14.928,,,,,,,,,,,,,
2022/12/18 10:00,0,0,0,-15.828,,,,,,,,,,,,,
2022/12/18 11:00,0,0,0,-16.552,,,,,,,,,,,,,
2022/12/18 12:00,0,0,0,-17.082,,,,,,,,,,,,,
2022/12/18 13:00,0,0,0,-17.535,,,,,,,,,,,,,
2022/12/18 14:00,0,0,0,-17.909,,,,,,,,,,,,,
2022/12/18 15:00,0,0,0,-18.164,,,,,,,,,,,,,
2022/12/18 16:00,0,0,0,-18.299,,,,,,,,,,,,,
2022/12/18 17:00,0,0,0,-18.361,,,,,,,,,,,,,
2022/12/18 18:00,0,0,0,-18.387,,,,,,,,,,,,,
2022/12/18 19:00,0,0,0,-18.387,,,,,,,,,,,,,
2022/12/18 20:00,0,0,0,-18.42,,,,,,,,,,,,,
2022/12/18 21:00,0,0,0,-18.442,,,,,,,,,,,,,
2022/12/18 22:00,0,0,0,-18.444,,,,,,,,,,,,,
2022/12/18 23:00,0.003,0.012,0.005,-18.379,,,,,,,,,,,,,
2022/12/19 0:00,0.278,0.229,0.052,-16.058,,,,,,,,,,,,,
2022/12/19 1:00,0.532,0.468,0.076,-12.308,,,,,,,,,,,,,
2022/12/19 2:00,0.681,0.633,0.09,-9.432,,,,,,,,,,,,,
2022/12/19 3:00,0.758,0.732,0.094,-7.245,,,,,,,,,,,,,
2022/12/19 4:00,0.756,0.734,0.096,-6.008,,,,,,,,,,,,,
2022/12/19 5:00,0.686,0.654,0.091,-5.239,,,,,,,,,,,,,
2022/12/19 6:00,0.536,0.489,0.081,-4.947,,,,,,,,,,,,,
2022/12/19 7:00,0.301,0.258,0.058,-6.124,,,,,,,,,,,,,
2022/12/19 8:00,0.017,0.027,0.008,-7.677,,,,,,,,,,,,,
2022/12/19 9:00,0,0,0,-8.267,,,,,,,,,,,,,
2022/12/19 10:00,0,0,0,-8.823,,,,,,,,,,,,,
2022/12/19 11:00,0,0,0,-9.954,,,,,,,,,,,,,
2022/12/19 12:00,0,0,0,-11.173,,,,,,,,,,,,,
2022/12/19 13:00,0,0,0,-12.189,,,,,,,,,,,,,
2022/12/19 14:00,0,0,0,-13.076,,,,,,,,,,,,,
2022/12/19 15:00,0,0,0,-13.765,,,,,,,,,,,,,
2022/12/19 16:00,0,0,0,-14.299,,,,,,,,,,,,,
2022/12/19 17:00,0,0,0,-14.723,,,,,,,,,,,,,
2022/12/19 18:00,0,0,0,-15.04,,,,,,,,,,,,,
2022/12/19 19:00,0,0,0,-15.143,,,,,,,,,,,,,
2022/12/19 20:00,0,0,0,-14.904,,,,,,,,,,,,,
2022/12/19 21:00,0,0,0,-14.279,,,,,,,,,,,,,
2022/12/19 22:00,0,0,0,-14.016,,,,,,,,,,,,,
2022/12/19 23:00,0,0.004,0.004,-14.345,,,,,,,,,,,,,
2022/12/20 0:00,0.11,0.061,0.063,-13.133,,,,,,,,,,,,,
2022/12/20 1:00,0.262,0.148,0.124,-10.74,,,,,,,,,,,,,
2022/12/20 2:00,0.396,0.247,0.161,-8.469,,,,,,,,,,,,,
2022/12/20 3:00,0.483,0.332,0.175,-5.956,,,,,,,,,,,,,
2022/12/20 4:00,0.53,0.398,0.166,-4.214,,,,,,,,,,,,,
2022/12/20 5:00,0.478,0.357,0.151,-3.222,,,,,,,,,,,,,
2022/12/20 6:00,0.346,0.243,0.123,-3.146,,,,,,,,,,,,,
2022/12/20 7:00,0.156,0.101,0.072,-4.808,,,,,,,,,,,,,
2022/12/20 8:00,0.001,0.008,0.008,-7.42,,,,,,,,,,,,,
2022/12/20 9:00,0,0,0,-8.901,,,,,,,,,,,,,
2022/12/20 10:00,0,0,0,-9.799,,,,,,,,,,,,,
2022/12/20 11:00,0,0,0,-9.44,,,,,,,,,,,,,
2022/12/20 12:00,0,0,0,-9.177,,,,,,,,,,,,,
2022/12/20 13:00,0,0,0,-9.536,,,,,,,,,,,,,
2022/12/20 14:00,0,0,0,-10.758,,,,,,,,,,,,,
2022/12/20 15:00,0,0,0,-12.024,,,,,,,,,,,,,
2022/12/20 16:00,0,0,0,-12.624,,,,,,,,,,,,,
2022/12/20 17:00,0,0,0,-12.978,,,,,,,,,,,,,
2022/12/20 18:00,0,0,0,-13.539,,,,,,,,,,,,,
2022/12/20 19:00,0,0,0,-14.327,,,,,,,,,,,,,
2022/12/20 20:00,0,0,0,-15.048,,,,,,,,,,,,,
2022/12/20 21:00,0,0,0,-15.622,,,,,,,,,,,,,
2022/12/20 22:00,0,0,0,-16.081,,,,,,,,,,,,,
2022/12/20 23:00,0.002,0.011,0.005,-16.503,,,,,,,,,,,,,
2022/12/21 0:00,0.274,0.223,0.055,-15.403,,,,,,,,,,,,,
2022/12/21 1:00,0.515,0.439,0.085,-13.367,,,,,,,,,,,,,
2022/12/21 2:00,0.607,0.513,0.116,-11.622,,,,,,,,,,,,,
2022/12/21 3:00,0.473,0.31,0.174,-10.982,,,,,,,,,,,,,
2022/12/21 4:00,0.482,0.319,0.175,-10.762,,,,,,,,,,,,,
2022/12/21 5:00,0.406,0.254,0.162,-10.719,,,,,,,,,,,,,
2022/12/21 6:00,0.329,0.213,0.124,-10.77,,,,,,,,,,,,,
2022/12/21 7:00,0.175,0.116,0.071,-11.243,,,,,,,,,,,,,
2022/12/21 8:00,0.007,0.015,0.008,-12.7,,,,,,,,,,,,,
2022/12/21 9:00,0,0,0,-14.42,,,,,,,,,,,,,
2022/12/21 10:00,0,0,0,-15.453,,,,,,,,,,,,,
2022/12/21 11:00,0,0,0,-16.166,,,,,,,,,,,,,
2022/12/21 12:00,0,0,0,-16.59,,,,,,,,,,,,,
2022/12/21 13:00,0,0,0,-16.819,,,,,,,,,,,,,
2022/12/21 14:00,0,0,0,-17.056,,,,,,,,,,,,,
2022/12/21 15:00,0,0,0,-17.332,,,,,,,,,,,,,
2022/12/21 16:00,0,0,0,-17.722,,,,,,,,,,,,,
2022/12/21 17:00,0,0,0,-18.137,,,,,,,,,,,,,
2022/12/21 18:00,0,0,0,-18.46,,,,,,,,,,,,,
2022/12/21 19:00,0,0,0,-18.665,,,,,,,,,,,,,
2022/12/21 20:00,0,0,0,-18.721,,,,,,,,,,,,,
2022/12/21 21:00,0,0,0,-18.937,,,,,,,,,,,,,
2022/12/21 22:00,0,0,0,-18.993,,,,,,,,,,,,,
2022/12/21 23:00,0.003,0.012,0.005,-19.007,,,,,,,,,,,,,
2022/12/22 0:00,0.295,0.244,0.05,-18.251,,,,,,,,,,,,,
2022/12/22 1:00,0.544,0.469,0.076,-17.2,,,,,,,,,,,,,
2022/12/22 2:00,0.716,0.653,0.086,-16.391,,,,,,,,,,,,,
2022/12/22 3:00,0.791,0.738,0.092,-15.614,,,,,,,,,,,,,
2022/12/22 4:00,0.793,0.743,0.093,-14.992,,,,,,,,,,,,,
2022/12/22 5:00,0.72,0.66,0.089,-14.728,,,,,,,,,,,,,
2022/12/22 6:00,0.565,0.495,0.078,-14.937,,,,,,,,,,,,,
2022/12/22 7:00,0.31,0.255,0.057,-15.678,,,,,,,,,,,,,
2022/12/22 8:00,0.017,0.026,0.007,-16.908,,,,,,,,,,,,,
2022/12/22 9:00,0,0,0,-17.739,,,,,,,,,,,,,
2022/12/22 10:00,0,0,0,-18.212,,,,,,,,,,,,,
2022/12/22 11:00,0,0,0,-18.637,,,,,,,,,,,,,
2022/12/22 12:00,0,0,0,-18.972,,,,,,,,,,,,,
2022/12/22 13:00,0,0,0,-19.185,,,,,,,,,,,,,
2022/12/22 14:00,0,0,0,-19.414,,,,,,,,,,,,,
2022/12/22 15:00,0,0,0,-19.705,,,,,,,,,,,,,
2022/12/22 16:00,0,0,0,-20.01,,,,,,,,,,,,,
2022/12/22 17:00,0,0,0,-20.307,,,,,,,,,,,,,
2022/12/22 18:00,0,0,0,-20.566,,,,,,,,,,,,,
2022/12/22 19:00,0,0,0,-20.773,,,,,,,,,,,,,
2022/12/22 20:00,0,0,0,-20.9,,,,,,,,,,,,,
2022/12/22 21:00,0,0,0,-21.023,,,,,,,,,,,,,
2022/12/22 22:00,0,0,0,-20.97,,,,,,,,,,,,,
2022/12/22 23:00,0.004,0.013,0.005,-20.819,,,,,,,,,,,,,
2022/12/23 0:00,0.291,0.235,0.052,-19.76,,,,,,,,,,,,,
2022/12/23 1:00,0.547,0.467,0.078,-17.799,,,,,,,,,,,,,
2022/12/23 2:00,0.69,0.616,0.095,-15.7,,,,,,,,,,,,,
2022/12/23 3:00,0.747,0.678,0.106,-13.907,,,,,,,,,,,,,
2022/12/23 4:00,0.692,0.603,0.121,-12.513,,,,,,,,,,,,,
2022/12/23 5:00,0.61,0.516,0.117,-11.707,,,,,,,,,,,,,
2022/12/23 6:00,0.446,0.352,0.103,-11.482,,,,,,,,,,,,,
2022/12/23 7:00,0.186,0.128,0.069,-11.995,,,,,,,,,,,,,
2022/12/23 8:00,0.003,0.011,0.007,-13.156,,,,,,,,,,,,,
2022/12/23 9:00,0,0,0,-13.982,,,,,,,,,,,,,
2022/12/23 10:00,0,0,0,-14.615,,,,,,,,,,,,,
2022/12/23 11:00,0,0,0,-15.027,,,,,,,,,,,,,
2022/12/23 12:00,0,0,0,-15.284,,,,,,,,,,,,,
2022/12/23 13:00,0,0,0,-15.431,,,,,,,,,,,,,
2022/12/23 14:00,0,0,0,-15.536,,,,,,,,,,,,,
2022/12/23 15:00,0,0,0,-15.863,,,,,,,,,,,,,
2022/12/23 16:00,0,0,0,-16.376,,,,,,,,,,,,,
2022/12/23 17:00,0,0,0,-16.836,,,,,,,,,,,,,
2022/12/23 18:00,0,0,0,-17.113,,,,,,,,,,,,,
2022/12/23 19:00,0,0,0,-17.22,,,,,,,,,,,,,
2022/12/23 20:00,0,0,0,-17.285,,,,,,,,,,,,,
2022/12/23 21:00,0,0,0,-17.257,,,,,,,,,,,,,
2022/12/23 22:00,0,0,0,-17.048,,,,,,,,,,,,,
2022/12/23 23:00,0.001,0.01,0.005,-16.865,,,,,,,,,,,,,
2022/12/24 0:00,0.258,0.208,0.054,-15.398,,,,,,,,,,,,,
2022/12/24 1:00,0.51,0.439,0.081,-12.904,,,,,,,,,,,,,
2022/12/24 2:00,0.663,0.604,0.094,-10.025,,,,,,,,,,,,,
2022/12/24 3:00,0.741,0.704,0.099,-7.909,,,,,,,,,,,,,
2022/12/24 4:00,0.743,0.711,0.099,-6.717,,,,,,,,,,,,,
2022/12/24 5:00,0.678,0.638,0.093,-6.166,,,,,,,,,,,,,
2022/12/24 6:00,0.538,0.488,0.08,-6.269,,,,,,,,,,,,,
2022/12/24 7:00,0.31,0.267,0.055,-7.449,,,,,,,,,,,,,
2022/12/24 8:00,0.022,0.033,0.007,-10.657,,,,,,,,,,,,,
2022/12/24 9:00,0,0,0,-12.316,,,,,,,,,,,,,
2022/12/24 10:00,0,0,0,-13.281,,,,,,,,,,,,,
2022/12/24 11:00,0,0,0,-14.071,,,,,,,,,,,,,
2022/12/24 12:00,0,0,0,-14.629,,,,,,,,,,,,,
2022/12/24 13:00,0,0,0,-14.995,,,,,,,,,,,,,
2022/12/24 14:00,0,0,0,-15.291,,,,,,,,,,,,,
2022/12/24 15:00,0,0,0,-15.603,,,,,,,,,,,,,
2022/12/24 16:00,0,0,0,-15.907,,,,,,,,,,,,,
2022/12/24 17:00,0,0,0,-16.185,,,,,,,,,,,,,
2022/12/24 18:00,0,0,0,-16.435,,,,,,,,,,,,,
2022/12/24 19:00,0,0,0,-16.639,,,,,,,,,,,,,
2022/12/24 20:00,0,0,0,-16.883,,,,,,,,,,,,,
2022/12/24 21:00,0,0,0,-17.19,,,,,,,,,,,,,
2022/12/24 22:00,0,0,0,-17.418,,,,,,,,,,,,,
2022/12/24 23:00,0.004,0.014,0.005,-17.441,,,,,,,,,,,,,
2022/12/25 0:00,0.264,0.208,0.059,-15.32,,,,,,,,,,,,,
2022/12/25 1:00,0.494,0.409,0.095,-12.342,,,,,,,,,,,,,
2022/12/25 2:00,0.576,0.47,0.13,-9.665,,,,,,,,,,,,,
2022/12/25 3:00,0.486,0.326,0.179,-7.853,,,,,,,,,,,,,
2022/12/25 4:00,0.334,0.153,0.195,-6.762,,,,,,,,,,,,,
2022/12/25 5:00,0.221,0.073,0.163,-6.223,,,,,,,,,,,,,
2022/12/25 6:00,0.145,0.045,0.117,-6.012,,,,,,,,,,,,,
2022/12/25 7:00,0.059,0.02,0.058,-6.607,,,,,,,,,,,,,
2022/12/25 8:00,0,0.002,0.006,-7.293,,,,,,,,,,,,,
2022/12/25 9:00,0,0,0,-7.734,,,,,,,,,,,,,
2022/12/25 10:00,0,0,0,-8.078,,,,,,,,,,,,,
2022/12/25 11:00,0,0,0,-8.219,,,,,,,,,,,,,
2022/12/25 12:00,0,0,0,-8.691,,,,,,,,,,,,,
2022/12/25 13:00,0,0,0,-9.751,,,,,,,,,,,,,
2022/12/25 14:00,0,0,0,-10.901,,,,,,,,,,,,,
2022/12/25 15:00,0,0,0,-12.167,,,,,,,,,,,,,
2022/12/25 16:00,0,0,0,-13.436,,,,,,,,,,,,,
2022/12/25 17:00,0,0,0,-14.385,,,,,,,,,,,,,
2022/12/25 18:00,0,0,0,-15.155,,,,,,,,,,,,,
2022/12/25 19:00,0,0,0,-15.833,,,,,,,,,,,,,
2022/12/25 20:00,0,0,0,-16.42,,,,,,,,,,,,,
2022/12/25 21:00,0,0,0,-16.875,,,,,,,,,,,,,
2022/12/25 22:00,0,0,0,-17.135,,,,,,,,,,,,,
2022/12/25 23:00,0.001,0.009,0.005,-17.232,,,,,,,,,,,,,
2022/12/26 0:00,0.276,0.226,0.053,-15.254,,,,,,,,,,,,,
2022/12/26 1:00,0.528,0.464,0.078,-11.848,,,,,,,,,,,,,
2022/12/26 2:00,0.675,0.625,0.092,-9.034,,,,,,,,,,,,,
2022/12/26 3:00,0.744,0.711,0.098,-7.147,,,,,,,,,,,,,
2022/12/26 4:00,0.746,0.716,0.099,-6.352,,,,,,,,,,,,,
2022/12/26 5:00,0.673,0.632,0.094,-5.84,,,,,,,,,,,,,
2022/12/26 6:00,0.525,0.471,0.083,-5.827,,,,,,,,,,,,,
2022/12/26 7:00,0.284,0.239,0.059,-7.114,,,,,,,,,,,,,
2022/12/26 8:00,0.016,0.025,0.008,-9.998,,,,,,,,,,,,,
2022/12/26 9:00,0,0,0,-11.462,,,,,,,,,,,,,
2022/12/26 10:00,0,0,0,-12.549,,,,,,,,,,,,,
2022/12/26 11:00,0,0,0,-13.427,,,,,,,,,,,,,
2022/12/26 12:00,0,0,0,-14.073,,,,,,,,,,,,,
2022/12/26 13:00,0,0,0,-14.575,,,,,,,,,,,,,
2022/12/26 14:00,0,0,0,-15.033,,,,,,,,,,,,,
2022/12/26 15:00,0,0,0,-15.508,,,,,,,,,,,,,
2022/12/26 16:00,0,0,0,-16.024,,,,,,,,,,,,,
2022/12/26 17:00,0,0,0,-16.565,,,,,,,,,,,,,
2022/12/26 18:00,0,0,0,-17.078,,,,,,,,,,,,,
2022/12/26 19:00,0,0,0,-17.525,,,,,,,,,,,,,
2022/12/26 20:00,0,0,0,-17.899,,,,,,,,,,,,,
2022/12/26 21:00,0,0,0,-18.31,,,,,,,,,,,,,
2022/12/26 22:00,0,0,0,-18.539,,,,,,,,,,,,,
2022/12/26 23:00,0.001,0.009,0.005,-18.788,,,,,,,,,,,,,
2022/12/27 0:00,0.269,0.217,0.054,-16.958,,,,,,,,,,,,,
2022/12/27 1:00,0.536,0.466,0.078,-14.146,,,,,,,,,,,,,
2022/12/27 2:00,0.693,0.635,0.09,-12.507,,,,,,,,,,,,,
2022/12/27 3:00,0.753,0.701,0.1,-11.345,,,,,,,,,,,,,
2022/12/27 4:00,0.737,0.682,0.105,-10.428,,,,,,,,,,,,,
2022/12/27 5:00,0.661,0.596,0.101,-9.984,,,,,,,,,,,,,
2022/12/27 6:00,0.509,0.436,0.089,-10.074,,,,,,,,,,,,,
2022/12/27 7:00,0.256,0.203,0.063,-10.766,,,,,,,,,,,,,
2022/12/27 8:00,0.016,0.025,0.008,-12.383,,,,,,,,,,,,,
2022/12/27 9:00,0,0,0,-13.732,,,,,,,,,,,,,
2022/12/27 10:00,0,0,0,-14.499,,,,,,,,,,,,,
2022/12/27 11:00,0,0,0,-14.986,,,,,,,,,,,,,
2022/12/27 12:00,0,0,0,-15.317,,,,,,,,,,,,,
2022/12/27 13:00,0,0,0,-15.683,,,,,,,,,,,,,
2022/12/27 14:00,0,0,0,-16.169,,,,,,,,,,,,,
2022/12/27 15:00,0,0,0,-16.553,,,,,,,,,,,,,
2022/12/27 16:00,0,0,0,-16.847,,,,,,,,,,,,,
2022/12/27 17:00,0,0,0,-17.281,,,,,,,,,,,,,
2022/12/27 18:00,0,0,0,-17.642,,,,,,,,,,,,,
2022/12/27 19:00,0,0,0,-18,,,,,,,,,,,,,
2022/12/27 20:00,0,0,0,-18.223,,,,,,,,,,,,,
2022/12/27 21:00,0,0,0,-18.348,,,,,,,,,,,,,
2022/12/27 22:00,0,0,0,-18.505,,,,,,,,,,,,,
2022/12/27 23:00,0.004,0.013,0.005,-18.59,,,,,,,,,,,,,
2022/12/28 0:00,0.284,0.233,0.053,-16.573,,,,,,,,,,,,,
2022/12/28 1:00,0.535,0.467,0.078,-13.424,,,,,,,,,,,,,
2022/12/28 2:00,0.685,0.63,0.092,-10.974,,,,,,,,,,,,,
2022/12/28 3:00,0.759,0.721,0.097,-9.327,,,,,,,,,,,,,
2022/12/28 4:00,0.748,0.709,0.101,-8.16,,,,,,,,,,,,,
2022/12/28 5:00,0.657,0.601,0.101,-7.403,,,,,,,,,,,,,
2022/12/28 6:00,0.456,0.377,0.098,-7.244,,,,,,,,,,,,,
2022/12/28 7:00,0.224,0.171,0.066,-8.071,,,,,,,,,,,,,
2022/12/28 8:00,0.014,0.022,0.008,-11.08,,,,,,,,,,,,,
2022/12/28 9:00,0,0,0,-12.82,,,,,,,,,,,,,
2022/12/28 10:00,0,0,0,-13.783,,,,,,,,,,,,,
2022/12/28 11:00,0,0,0,-14.496,,,,,,,,,,,,,
2022/12/28 12:00,0,0,0,-15.081,,,,,,,,,,,,,
2022/12/28 13:00,0,0,0,-15.571,,,,,,,,,,,,,
2022/12/28 14:00,0,0,0,-16.078,,,,,,,,,,,,,
2022/12/28 15:00,0,0,0,-16.484,,,,,,,,,,,,,
2022/12/28 16:00,0,0,0,-16.832,,,,,,,,,,,,,
2022/12/28 17:00,0,0,0,-17.11,,,,,,,,,,,,,
2022/12/28 18:00,0,0,0,-17.324,,,,,,,,,,,,,
2022/12/28 19:00,0,0,0,-17.494,,,,,,,,,,,,,
2022/12/28 20:00,0,0,0,-17.61,,,,,,,,,,,,,
2022/12/28 21:00,0,0,0,-17.667,,,,,,,,,,,,,
2022/12/28 22:00,0,0,0,-17.667,,,,,,,,,,,,,
2022/12/28 23:00,0.004,0.014,0.005,-17.593,,,,,,,,,,,,,
2022/12/29 0:00,0.294,0.245,0.051,-15.33,,,,,,,,,,,,,
2022/12/29 1:00,0.542,0.481,0.075,-12.131,,,,,,,,,,,,,
2022/12/29 2:00,0.69,0.646,0.088,-9.473,,,,,,,,,,,,,
2022/12/29 3:00,0.764,0.741,0.092,-7.437,,,,,,,,,,,,,
2022/12/29 4:00,0.762,0.744,0.093,-6.258,,,,,,,,,,,,,
2022/12/29 5:00,0.693,0.664,0.088,-5.664,,,,,,,,,,,,,
2022/12/29 6:00,0.549,0.504,0.077,-5.67,,,,,,,,,,,,,
2022/12/29 7:00,0.311,0.269,0.055,-6.822,,,,,,,,,,,,,
2022/12/29 8:00,0.024,0.034,0.008,-10.312,,,,,,,,,,,,,
2022/12/29 9:00,0,0,0,-12.022,,,,,,,,,,,,,
2022/12/29 10:00,0,0,0,-13.002,,,,,,,,,,,,,
2022/12/29 11:00,0,0,0,-13.865,,,,,,,,,,,,,
2022/12/29 12:00,0,0,0,-14.618,,,,,,,,,,,,,
2022/12/29 13:00,0,0,0,-15.158,,,,,,,,,,,,,
2022/12/29 14:00,0,0,0,-15.633,,,,,,,,,,,,,
2022/12/29 15:00,0,0,0,-16.129,,,,,,,,,,,,,
2022/12/29 16:00,0,0,0,-16.627,,,,,,,,,,,,,
2022/12/29 17:00,0,0,0,-17.07,,,,,,,,,,,,,
2022/12/29 18:00,0,0,0,-17.451,,,,,,,,,,,,,
2022/12/29 19:00,0,0,0,-17.764,,,,,,,,,,,,,
2022/12/29 20:00,0,0,0,-18.009,,,,,,,,,,,,,
2022/12/29 21:00,0,0,0,-18.136,,,,,,,,,,,,,
2022/12/29 22:00,0,0,0,-18.16,,,,,,,,,,,,,
2022/12/29 23:00,0.007,0.018,0.005,-17.983,,,,,,,,,,,,,
2022/12/30 0:00,0.317,0.269,0.049,-15.374,,,,,,,,,,,,,
2022/12/30 1:00,0.56,0.505,0.072,-11.814,,,,,,,,,,,,,
2022/12/30 2:00,0.703,0.667,0.084,-8.808,,,,,,,,,,,,,
2022/12/30 3:00,0.757,0.74,0.093,-5.639,,,,,,,,,,,,,
2022/12/30 4:00,0.753,0.743,0.093,-3.585,,,,,,,,,,,,,
2022/12/30 5:00,0.684,0.665,0.088,-2.602,,,,,,,,,,,,,
2022/12/30 6:00,0.542,0.506,0.077,-2.403,,,,,,,,,,,,,
2022/12/30 7:00,0.309,0.272,0.055,-4.022,,,,,,,,,,,,,
2022/12/30 8:00,0.025,0.036,0.008,-6.447,,,,,,,,,,,,,
2022/12/30 9:00,0,0,0,-8.095,,,,,,,,,,,,,
2022/12/30 10:00,0,0,0,-9.295,,,,,,,,,,,,,
2022/12/30 11:00,0,0,0,-10.43,,,,,,,,,,,,,
2022/12/30 12:00,0,0,0,-11.49,,,,,,,,,,,,,
2022/12/30 13:00,0,0,0,-12.289,,,,,,,,,,,,,
2022/12/30 14:00,0,0,0,-12.832,,,,,,,,,,,,,
2022/12/30 15:00,0,0,0,-13.289,,,,,,,,,,,,,
2022/12/30 16:00,0,0,0,-13.798,,,,,,,,,,,,,
2022/12/30 17:00,0,0,0,-14.236,,,,,,,,,,,,,
2022/12/30 18:00,0,0,0,-14.395,,,,,,,,,,,,,
2022/12/30 19:00,0,0,0,-14.63,,,,,,,,,,,,,
2022/12/30 20:00,0,0,0,-14.982,,,,,,,,,,,,,
2022/12/30 21:00,0,0,0,-15.186,,,,,,,,,,,,,
2022/12/30 22:00,0,0,0,-15.391,,,,,,,,,,,,,
2022/12/30 23:00,0.004,0.013,0.006,-15.519,,,,,,,,,,,,,
2022/12/31 0:00,0.278,0.229,0.054,-13.337,,,,,,,,,,,,,
2022/12/31 1:00,0.528,0.466,0.079,-10.254,,,,,,,,,,,,,
2022/12/31 2:00,0.677,0.632,0.092,-8.047,,,,,,,,,,,,,
2022/12/31 3:00,0.749,0.721,0.098,-6.421,,,,,,,,,,,,,
2022/12/31 4:00,0.744,0.717,0.099,-5.339,,,,,,,,,,,,,
2022/12/31 5:00,0.669,0.631,0.095,-4.787,,,,,,,,,,,,,
2022/12/31 6:00,0.517,0.463,0.085,-4.83,,,,,,,,,,,,,
2022/12/31 7:00,0.273,0.227,0.061,-5.944,,,,,,,,,,,,,
2022/12/31 8:00,0.017,0.026,0.008,-9.187,,,,,,,,,,,,,
2022/12/31 9:00,0,0,0,-10.632,,,,,,,,,,,,,
2022/12/31 10:00,0,0,0,-11.274,,,,,,,,,,,,,
2022/12/31 11:00,0,0,0,-11.855,,,,,,,,,,,,,
2022/12/31 12:00,0,0,0,-12.424,,,,,,,,,,,,,
2022/12/31 13:00,0,0,0,-12.907,,,,,,,,,,,,,
2022/12/31 14:00,0,0,0,-13.291,,,,,,,,,,,,,
2022/12/31 15:00,0,0,0,-13.769,,,,,,,,,,,,,
2022/12/31 16:00,0,0,0,-14.254,,,,,,,,,,,,,
2022/12/31 17:00,0,0,0,-14.693,,,,,,,,,,,,,
2022/12/31 18:00,0,0,0,-15.113,,,,,,,,,,,,,
2022/12/31 19:00,0,0,0,-15.502,,,,,,,,,,,,,
2022/12/31 20:00,0,0,0,-15.903,,,,,,,,,,,,,
2022/12/31 21:00,0,0,0,-16.138,,,,,,,,,,,,,
2022/12/31 22:00,0,0,0,-16.198,,,,,,,,,,,,,
2022/12/31 23:00,0,0,0.006,-16.154,,,,,,,,,,,,,
