# Renewables.ninja Wind power (Point API) - 42.226, 119.219 - Version: 1.4 - License: https://creativecommons.org/licenses/by-nc/4.0/ - Reference: https://doi.org/10.1016/j.energy.2016.08.068,,,,,,,,,,,,
# Units: time in UTC, electricity in kW, wind_speed in m/s,,,,,,,,,,,
"# {""units"": {""time"": ""UTC"""," ""electricity"": ""kW"""," ""wind_speed"": ""m/s""}"," ""params"": {""lat"": ""42.2256437"""," ""lon"": ""119.2190097"""," ""date_from"": ""2023-01-01"""," ""date_to"": ""2023-12-31"""," ""dataset"": ""merra2"""," ""header"": ""true"""," ""local_time"": ""false"""," ""capacity"": ""1"""," ""height"": ""80"""," ""turbine"": ""GE 5.5 158"""," ""raw"": ""true""}}"
time,electricity,wind_speed,,,,,,,,,,,
2023/1/1 0:00,0.385,7.027,,,,,,,,,,,
2023/1/1 1:00,0.275,6.176,,,,,,,,,,,
2023/1/1 2:00,0.477,7.69,,,,,,,,,,,
2023/1/1 3:00,0.516,7.978,,,,,,,,,,,
2023/1/1 4:00,0.559,8.284,,,,,,,,,,,
2023/1/1 5:00,0.607,8.648,,,,,,,,,,,
2023/1/1 6:00,0.639,8.906,,,,,,,,,,,
2023/1/1 7:00,0.572,8.39,,,,,,,,,,,
2023/1/1 8:00,0.548,8.208,,,,,,,,,,,
2023/1/1 9:00,0.626,8.797,,,,,,,,,,,
2023/1/1 10:00,0.662,9.102,,,,,,,,,,,
2023/1/1 11:00,0.676,9.219,,,,,,,,,,,
2023/1/1 12:00,0.687,9.316,,,,,,,,,,,
2023/1/1 13:00,0.694,9.378,,,,,,,,,,,
2023/1/1 14:00,0.714,9.558,,,,,,,,,,,
2023/1/1 15:00,0.725,9.648,,,,,,,,,,,
2023/1/1 16:00,0.72,9.617,,,,,,,,,,,
2023/1/1 17:00,0.709,9.506,,,,,,,,,,,
2023/1/1 18:00,0.651,9.003,,,,,,,,,,,
2023/1/1 19:00,0.619,8.741,,,,,,,,,,,
2023/1/1 20:00,0.62,8.754,,,,,,,,,,,
2023/1/1 21:00,0.629,8.825,,,,,,,,,,,
2023/1/1 22:00,0.627,8.816,,,,,,,,,,,
2023/1/1 23:00,0.615,8.714,,,,,,,,,,,
2023/1/2 0:00,0.514,7.959,,,,,,,,,,,
2023/1/2 1:00,0.283,6.232,,,,,,,,,,,
2023/1/2 2:00,0.289,6.289,,,,,,,,,,,
2023/1/2 3:00,0.341,6.689,,,,,,,,,,,
2023/1/2 4:00,0.264,6.079,,,,,,,,,,,
2023/1/2 5:00,0.239,5.872,,,,,,,,,,,
2023/1/2 6:00,0.244,5.913,,,,,,,,,,,
2023/1/2 7:00,0.222,5.726,,,,,,,,,,,
2023/1/2 8:00,0.258,6.041,,,,,,,,,,,
2023/1/2 9:00,0.358,6.822,,,,,,,,,,,
2023/1/2 10:00,0.456,7.532,,,,,,,,,,,
2023/1/2 11:00,0.494,7.814,,,,,,,,,,,
2023/1/2 12:00,0.474,7.659,,,,,,,,,,,
2023/1/2 13:00,0.456,7.542,,,,,,,,,,,
2023/1/2 14:00,0.479,7.707,,,,,,,,,,,
2023/1/2 15:00,0.532,8.085,,,,,,,,,,,
2023/1/2 16:00,0.577,8.427,,,,,,,,,,,
2023/1/2 17:00,0.598,8.583,,,,,,,,,,,
2023/1/2 18:00,0.589,8.518,,,,,,,,,,,
2023/1/2 19:00,0.564,8.322,,,,,,,,,,,
2023/1/2 20:00,0.522,8.016,,,,,,,,,,,
2023/1/2 21:00,0.469,7.633,,,,,,,,,,,
2023/1/2 22:00,0.423,7.305,,,,,,,,,,,
2023/1/2 23:00,0.395,7.096,,,,,,,,,,,
2023/1/3 0:00,0.313,6.477,,,,,,,,,,,
2023/1/3 1:00,0.13,4.768,,,,,,,,,,,
2023/1/3 2:00,0.134,4.808,,,,,,,,,,,
2023/1/3 3:00,0.148,4.978,,,,,,,,,,,
2023/1/3 4:00,0.115,4.58,,,,,,,,,,,
2023/1/3 5:00,0.097,4.327,,,,,,,,,,,
2023/1/3 6:00,0.082,4.1,,,,,,,,,,,
2023/1/3 7:00,0.061,3.748,,,,,,,,,,,
2023/1/3 8:00,0.086,4.164,,,,,,,,,,,
2023/1/3 9:00,0.076,4.004,,,,,,,,,,,
2023/1/3 10:00,0.037,3.203,,,,,,,,,,,
2023/1/3 11:00,0.006,2.028,,,,,,,,,,,
2023/1/3 12:00,0,0.916,,,,,,,,,,,
2023/1/3 13:00,0,0.739,,,,,,,,,,,
2023/1/3 14:00,0.001,1.269,,,,,,,,,,,
2023/1/3 15:00,0.003,1.72,,,,,,,,,,,
2023/1/3 16:00,0.008,2.162,,,,,,,,,,,
2023/1/3 17:00,0.013,2.439,,,,,,,,,,,
2023/1/3 18:00,0.019,2.69,,,,,,,,,,,
2023/1/3 19:00,0.03,3.039,,,,,,,,,,,
2023/1/3 20:00,0.042,3.348,,,,,,,,,,,
2023/1/3 21:00,0.064,3.803,,,,,,,,,,,
2023/1/3 22:00,0.082,4.105,,,,,,,,,,,
2023/1/3 23:00,0.092,4.262,,,,,,,,,,,
2023/1/4 0:00,0.109,4.5,,,,,,,,,,,
2023/1/4 1:00,0.074,3.956,,,,,,,,,,,
2023/1/4 2:00,0.099,4.363,,,,,,,,,,,
2023/1/4 3:00,0.092,4.258,,,,,,,,,,,
2023/1/4 4:00,0.086,4.157,,,,,,,,,,,
2023/1/4 5:00,0.081,4.091,,,,,,,,,,,
2023/1/4 6:00,0.069,3.883,,,,,,,,,,,
2023/1/4 7:00,0.033,3.117,,,,,,,,,,,
2023/1/4 8:00,0.014,2.485,,,,,,,,,,,
2023/1/4 9:00,0.003,1.739,,,,,,,,,,,
2023/1/4 10:00,0.004,1.866,,,,,,,,,,,
2023/1/4 11:00,0.032,3.077,,,,,,,,,,,
2023/1/4 12:00,0.087,4.176,,,,,,,,,,,
2023/1/4 13:00,0.154,5.038,,,,,,,,,,,
2023/1/4 14:00,0.233,5.822,,,,,,,,,,,
2023/1/4 15:00,0.332,6.63,,,,,,,,,,,
2023/1/4 16:00,0.443,7.438,,,,,,,,,,,
2023/1/4 17:00,0.544,8.179,,,,,,,,,,,
2023/1/4 18:00,0.633,8.864,,,,,,,,,,,
2023/1/4 19:00,0.674,9.196,,,,,,,,,,,
2023/1/4 20:00,0.675,9.212,,,,,,,,,,,
2023/1/4 21:00,0.66,9.085,,,,,,,,,,,
2023/1/4 22:00,0.65,8.991,,,,,,,,,,,
2023/1/4 23:00,0.633,8.866,,,,,,,,,,,
2023/1/5 0:00,0.549,8.22,,,,,,,,,,,
2023/1/5 1:00,0.286,6.259,,,,,,,,,,,
2023/1/5 2:00,0.131,4.774,,,,,,,,,,,
2023/1/5 3:00,0.208,5.597,,,,,,,,,,,
2023/1/5 4:00,0.301,6.389,,,,,,,,,,,
2023/1/5 5:00,0.288,6.285,,,,,,,,,,,
2023/1/5 6:00,0.198,5.495,,,,,,,,,,,
2023/1/5 7:00,0.126,4.717,,,,,,,,,,,
2023/1/5 8:00,0.081,4.086,,,,,,,,,,,
2023/1/5 9:00,0.052,3.554,,,,,,,,,,,
2023/1/5 10:00,0.061,3.733,,,,,,,,,,,
2023/1/5 11:00,0.084,4.12,,,,,,,,,,,
2023/1/5 12:00,0.132,4.779,,,,,,,,,,,
2023/1/5 13:00,0.185,5.374,,,,,,,,,,,
2023/1/5 14:00,0.208,5.587,,,,,,,,,,,
2023/1/5 15:00,0.199,5.509,,,,,,,,,,,
2023/1/5 16:00,0.181,5.328,,,,,,,,,,,
2023/1/5 17:00,0.175,5.267,,,,,,,,,,,
2023/1/5 18:00,0.221,5.704,,,,,,,,,,,
2023/1/5 19:00,0.289,6.292,,,,,,,,,,,
2023/1/5 20:00,0.319,6.526,,,,,,,,,,,
2023/1/5 21:00,0.307,6.435,,,,,,,,,,,
2023/1/5 22:00,0.267,6.103,,,,,,,,,,,
2023/1/5 23:00,0.232,5.81,,,,,,,,,,,
2023/1/6 0:00,0.221,5.703,,,,,,,,,,,
2023/1/6 1:00,0.139,4.866,,,,,,,,,,,
2023/1/6 2:00,0.17,5.221,,,,,,,,,,,
2023/1/6 3:00,0.252,5.987,,,,,,,,,,,
2023/1/6 4:00,0.313,6.476,,,,,,,,,,,
2023/1/6 5:00,0.354,6.793,,,,,,,,,,,
2023/1/6 6:00,0.375,6.946,,,,,,,,,,,
2023/1/6 7:00,0.315,6.502,,,,,,,,,,,
2023/1/6 8:00,0.272,6.156,,,,,,,,,,,
2023/1/6 9:00,0.183,5.355,,,,,,,,,,,
2023/1/6 10:00,0.094,4.281,,,,,,,,,,,
2023/1/6 11:00,0.081,4.087,,,,,,,,,,,
2023/1/6 12:00,0.15,5.007,,,,,,,,,,,
2023/1/6 13:00,0.256,6.01,,,,,,,,,,,
2023/1/6 14:00,0.36,6.834,,,,,,,,,,,
2023/1/6 15:00,0.453,7.51,,,,,,,,,,,
2023/1/6 16:00,0.5,7.861,,,,,,,,,,,
2023/1/6 17:00,0.523,8.022,,,,,,,,,,,
2023/1/6 18:00,0.523,8.025,,,,,,,,,,,
2023/1/6 19:00,0.511,7.936,,,,,,,,,,,
2023/1/6 20:00,0.483,7.733,,,,,,,,,,,
2023/1/6 21:00,0.456,7.54,,,,,,,,,,,
2023/1/6 22:00,0.41,7.208,,,,,,,,,,,
2023/1/6 23:00,0.363,6.861,,,,,,,,,,,
2023/1/7 0:00,0.351,6.766,,,,,,,,,,,
2023/1/7 1:00,0.188,5.405,,,,,,,,,,,
2023/1/7 2:00,0.135,4.829,,,,,,,,,,,
2023/1/7 3:00,0.168,5.191,,,,,,,,,,,
2023/1/7 4:00,0.133,4.79,,,,,,,,,,,
2023/1/7 5:00,0.073,3.952,,,,,,,,,,,
2023/1/7 6:00,0.019,2.689,,,,,,,,,,,
2023/1/7 7:00,0.006,1.998,,,,,,,,,,,
2023/1/7 8:00,0.039,3.269,,,,,,,,,,,
2023/1/7 9:00,0.146,4.952,,,,,,,,,,,
2023/1/7 10:00,0.273,6.162,,,,,,,,,,,
2023/1/7 11:00,0.396,7.106,,,,,,,,,,,
2023/1/7 12:00,0.49,7.781,,,,,,,,,,,
2023/1/7 13:00,0.532,8.083,,,,,,,,,,,
2023/1/7 14:00,0.56,8.296,,,,,,,,,,,
2023/1/7 15:00,0.646,8.972,,,,,,,,,,,
2023/1/7 16:00,0.751,9.907,,,,,,,,,,,
2023/1/7 17:00,0.815,10.631,,,,,,,,,,,
2023/1/7 18:00,0.839,10.957,,,,,,,,,,,
2023/1/7 19:00,0.826,10.769,,,,,,,,,,,
2023/1/7 20:00,0.794,10.385,,,,,,,,,,,
2023/1/7 21:00,0.748,9.887,,,,,,,,,,,
2023/1/7 22:00,0.673,9.187,,,,,,,,,,,
2023/1/7 23:00,0.618,8.739,,,,,,,,,,,
2023/1/8 0:00,0.596,8.567,,,,,,,,,,,
2023/1/8 1:00,0.752,9.93,,,,,,,,,,,
2023/1/8 2:00,0.871,11.44,,,,,,,,,,,
2023/1/8 3:00,0.856,11.204,,,,,,,,,,,
2023/1/8 4:00,0.859,11.244,,,,,,,,,,,
2023/1/8 5:00,0.869,11.4,,,,,,,,,,,
2023/1/8 6:00,0.866,11.353,,,,,,,,,,,
2023/1/8 7:00,0.786,10.293,,,,,,,,,,,
2023/1/8 8:00,0.676,9.221,,,,,,,,,,,
2023/1/8 9:00,0.624,8.786,,,,,,,,,,,
2023/1/8 10:00,0.583,8.47,,,,,,,,,,,
2023/1/8 11:00,0.549,8.216,,,,,,,,,,,
2023/1/8 12:00,0.53,8.073,,,,,,,,,,,
2023/1/8 13:00,0.553,8.24,,,,,,,,,,,
2023/1/8 14:00,0.6,8.606,,,,,,,,,,,
2023/1/8 15:00,0.647,8.975,,,,,,,,,,,
2023/1/8 16:00,0.666,9.136,,,,,,,,,,,
2023/1/8 17:00,0.661,9.095,,,,,,,,,,,
2023/1/8 18:00,0.667,9.14,,,,,,,,,,,
2023/1/8 19:00,0.674,9.198,,,,,,,,,,,
2023/1/8 20:00,0.658,9.066,,,,,,,,,,,
2023/1/8 21:00,0.63,8.842,,,,,,,,,,,
2023/1/8 22:00,0.6,8.603,,,,,,,,,,,
2023/1/8 23:00,0.558,8.276,,,,,,,,,,,
2023/1/9 0:00,0.438,7.402,,,,,,,,,,,
2023/1/9 1:00,0.173,5.248,,,,,,,,,,,
2023/1/9 2:00,0.096,4.32,,,,,,,,,,,
2023/1/9 3:00,0.116,4.596,,,,,,,,,,,
2023/1/9 4:00,0.103,4.417,,,,,,,,,,,
2023/1/9 5:00,0.092,4.258,,,,,,,,,,,
2023/1/9 6:00,0.072,3.929,,,,,,,,,,,
2023/1/9 7:00,0.034,3.148,,,,,,,,,,,
2023/1/9 8:00,0.023,2.82,,,,,,,,,,,
2023/1/9 9:00,0.021,2.728,,,,,,,,,,,
2023/1/9 10:00,0.074,3.971,,,,,,,,,,,
2023/1/9 11:00,0.264,6.083,,,,,,,,,,,
2023/1/9 12:00,0.528,8.051,,,,,,,,,,,
2023/1/9 13:00,0.712,9.539,,,,,,,,,,,
2023/1/9 14:00,0.802,10.48,,,,,,,,,,,
2023/1/9 15:00,0.847,11.066,,,,,,,,,,,
2023/1/9 16:00,0.858,11.236,,,,,,,,,,,
2023/1/9 17:00,0.846,11.05,,,,,,,,,,,
2023/1/9 18:00,0.847,11.065,,,,,,,,,,,
2023/1/9 19:00,0.848,11.09,,,,,,,,,,,
2023/1/9 20:00,0.86,11.267,,,,,,,,,,,
2023/1/9 21:00,0.876,11.525,,,,,,,,,,,
2023/1/9 22:00,0.869,11.405,,,,,,,,,,,
2023/1/9 23:00,0.862,11.282,,,,,,,,,,,
2023/1/10 0:00,0.802,10.479,,,,,,,,,,,
2023/1/10 1:00,0.691,9.352,,,,,,,,,,,
2023/1/10 2:00,0.727,9.675,,,,,,,,,,,
2023/1/10 3:00,0.731,9.721,,,,,,,,,,,
2023/1/10 4:00,0.671,9.17,,,,,,,,,,,
2023/1/10 5:00,0.551,8.233,,,,,,,,,,,
2023/1/10 6:00,0.394,7.09,,,,,,,,,,,
2023/1/10 7:00,0.333,6.638,,,,,,,,,,,
2023/1/10 8:00,0.409,7.202,,,,,,,,,,,
2023/1/10 9:00,0.507,7.902,,,,,,,,,,,
2023/1/10 10:00,0.601,8.608,,,,,,,,,,,
2023/1/10 11:00,0.677,9.228,,,,,,,,,,,
2023/1/10 12:00,0.73,9.706,,,,,,,,,,,
2023/1/10 13:00,0.742,9.824,,,,,,,,,,,
2023/1/10 14:00,0.729,9.696,,,,,,,,,,,
2023/1/10 15:00,0.762,10.028,,,,,,,,,,,
2023/1/10 16:00,0.781,10.234,,,,,,,,,,,
2023/1/10 17:00,0.768,10.089,,,,,,,,,,,
2023/1/10 18:00,0.765,10.058,,,,,,,,,,,
2023/1/10 19:00,0.758,9.983,,,,,,,,,,,
2023/1/10 20:00,0.746,9.869,,,,,,,,,,,
2023/1/10 21:00,0.763,10.034,,,,,,,,,,,
2023/1/10 22:00,0.787,10.297,,,,,,,,,,,
2023/1/10 23:00,0.806,10.518,,,,,,,,,,,
2023/1/11 0:00,0.745,9.85,,,,,,,,,,,
2023/1/11 1:00,0.57,8.371,,,,,,,,,,,
2023/1/11 2:00,0.474,7.661,,,,,,,,,,,
2023/1/11 3:00,0.535,8.113,,,,,,,,,,,
2023/1/11 4:00,0.474,7.66,,,,,,,,,,,
2023/1/11 5:00,0.382,7.001,,,,,,,,,,,
2023/1/11 6:00,0.381,6.997,,,,,,,,,,,
2023/1/11 7:00,0.512,7.947,,,,,,,,,,,
2023/1/11 8:00,0.645,8.964,,,,,,,,,,,
2023/1/11 9:00,0.675,9.213,,,,,,,,,,,
2023/1/11 10:00,0.65,8.989,,,,,,,,,,,
2023/1/11 11:00,0.628,8.823,,,,,,,,,,,
2023/1/11 12:00,0.619,8.743,,,,,,,,,,,
2023/1/11 13:00,0.615,8.709,,,,,,,,,,,
2023/1/11 14:00,0.619,8.739,,,,,,,,,,,
2023/1/11 15:00,0.624,8.78,,,,,,,,,,,
2023/1/11 16:00,0.612,8.698,,,,,,,,,,,
2023/1/11 17:00,0.581,8.456,,,,,,,,,,,
2023/1/11 18:00,0.544,8.178,,,,,,,,,,,
2023/1/11 19:00,0.516,7.972,,,,,,,,,,,
2023/1/11 20:00,0.516,7.976,,,,,,,,,,,
2023/1/11 21:00,0.503,7.869,,,,,,,,,,,
2023/1/11 22:00,0.481,7.725,,,,,,,,,,,
2023/1/11 23:00,0.493,7.808,,,,,,,,,,,
2023/1/12 0:00,0.431,7.352,,,,,,,,,,,
2023/1/12 1:00,0.402,7.139,,,,,,,,,,,
2023/1/12 2:00,0.432,7.364,,,,,,,,,,,
2023/1/12 3:00,0.477,7.691,,,,,,,,,,,
2023/1/12 4:00,0.518,7.984,,,,,,,,,,,
2023/1/12 5:00,0.512,7.943,,,,,,,,,,,
2023/1/12 6:00,0.45,7.5,,,,,,,,,,,
2023/1/12 7:00,0.426,7.323,,,,,,,,,,,
2023/1/12 8:00,0.435,7.383,,,,,,,,,,,
2023/1/12 9:00,0.446,7.466,,,,,,,,,,,
2023/1/12 10:00,0.434,7.374,,,,,,,,,,,
2023/1/12 11:00,0.384,7.009,,,,,,,,,,,
2023/1/12 12:00,0.309,6.446,,,,,,,,,,,
2023/1/12 13:00,0.209,5.6,,,,,,,,,,,
2023/1/12 14:00,0.171,5.225,,,,,,,,,,,
2023/1/12 15:00,0.441,7.432,,,,,,,,,,,
2023/1/12 16:00,0.782,10.244,,,,,,,,,,,
2023/1/12 17:00,0.933,12.801,,,,,,,,,,,
2023/1/12 18:00,0.938,12.952,,,,,,,,,,,
2023/1/12 19:00,0.945,13.171,,,,,,,,,,,
2023/1/12 20:00,0.976,14.699,,,,,,,,,,,
2023/1/12 21:00,0.984,15.446,,,,,,,,,,,
2023/1/12 22:00,0.976,14.699,,,,,,,,,,,
2023/1/12 23:00,0.96,13.776,,,,,,,,,,,
2023/1/13 0:00,0.96,13.774,,,,,,,,,,,
2023/1/13 1:00,0.974,14.512,,,,,,,,,,,
2023/1/13 2:00,0.979,14.918,,,,,,,,,,,
2023/1/13 3:00,0.981,15.109,,,,,,,,,,,
2023/1/13 4:00,0.981,15.069,,,,,,,,,,,
2023/1/13 5:00,0.981,15.075,,,,,,,,,,,
2023/1/13 6:00,0.983,15.323,,,,,,,,,,,
2023/1/13 7:00,0.983,15.316,,,,,,,,,,,
2023/1/13 8:00,0.982,15.146,,,,,,,,,,,
2023/1/13 9:00,0.979,14.921,,,,,,,,,,,
2023/1/13 10:00,0.977,14.742,,,,,,,,,,,
2023/1/13 11:00,0.977,14.737,,,,,,,,,,,
2023/1/13 12:00,0.972,14.413,,,,,,,,,,,
2023/1/13 13:00,0.971,14.348,,,,,,,,,,,
2023/1/13 14:00,0.968,14.139,,,,,,,,,,,
2023/1/13 15:00,0.963,13.913,,,,,,,,,,,
2023/1/13 16:00,0.969,14.208,,,,,,,,,,,
2023/1/13 17:00,0.971,14.345,,,,,,,,,,,
2023/1/13 18:00,0.971,14.355,,,,,,,,,,,
2023/1/13 19:00,0.97,14.277,,,,,,,,,,,
2023/1/13 20:00,0.961,13.821,,,,,,,,,,,
2023/1/13 21:00,0.94,13.011,,,,,,,,,,,
2023/1/13 22:00,0.909,12.17,,,,,,,,,,,
2023/1/13 23:00,0.869,11.404,,,,,,,,,,,
2023/1/14 0:00,0.889,11.759,,,,,,,,,,,
2023/1/14 1:00,0.88,11.613,,,,,,,,,,,
2023/1/14 2:00,0.841,10.983,,,,,,,,,,,
2023/1/14 3:00,0.813,10.612,,,,,,,,,,,
2023/1/14 4:00,0.802,10.478,,,,,,,,,,,
2023/1/14 5:00,0.791,10.331,,,,,,,,,,,
2023/1/14 6:00,0.766,10.066,,,,,,,,,,,
2023/1/14 7:00,0.719,9.603,,,,,,,,,,,
2023/1/14 8:00,0.564,8.32,,,,,,,,,,,
2023/1/14 9:00,0.395,7.093,,,,,,,,,,,
2023/1/14 10:00,0.335,6.65,,,,,,,,,,,
2023/1/14 11:00,0.338,6.667,,,,,,,,,,,
2023/1/14 12:00,0.399,7.128,,,,,,,,,,,
2023/1/14 13:00,0.436,7.389,,,,,,,,,,,
2023/1/14 14:00,0.434,7.372,,,,,,,,,,,
2023/1/14 15:00,0.457,7.549,,,,,,,,,,,
2023/1/14 16:00,0.5,7.849,,,,,,,,,,,
2023/1/14 17:00,0.507,7.899,,,,,,,,,,,
2023/1/14 18:00,0.488,7.763,,,,,,,,,,,
2023/1/14 19:00,0.48,7.716,,,,,,,,,,,
2023/1/14 20:00,0.465,7.606,,,,,,,,,,,
2023/1/14 21:00,0.434,7.375,,,,,,,,,,,
2023/1/14 22:00,0.402,7.14,,,,,,,,,,,
2023/1/14 23:00,0.431,7.362,,,,,,,,,,,
2023/1/15 0:00,0.349,6.752,,,,,,,,,,,
2023/1/15 1:00,0.41,7.208,,,,,,,,,,,
2023/1/15 2:00,0.741,9.812,,,,,,,,,,,
2023/1/15 3:00,0.808,10.552,,,,,,,,,,,
2023/1/15 4:00,0.828,10.805,,,,,,,,,,,
2023/1/15 5:00,0.841,10.984,,,,,,,,,,,
2023/1/15 6:00,0.854,11.17,,,,,,,,,,,
2023/1/15 7:00,0.853,11.161,,,,,,,,,,,
2023/1/15 8:00,0.813,10.598,,,,,,,,,,,
2023/1/15 9:00,0.768,10.079,,,,,,,,,,,
2023/1/15 10:00,0.668,9.145,,,,,,,,,,,
2023/1/15 11:00,0.544,8.173,,,,,,,,,,,
2023/1/15 12:00,0.453,7.518,,,,,,,,,,,
2023/1/15 13:00,0.365,6.873,,,,,,,,,,,
2023/1/15 14:00,0.33,6.612,,,,,,,,,,,
2023/1/15 15:00,0.372,6.927,,,,,,,,,,,
2023/1/15 16:00,0.423,7.304,,,,,,,,,,,
2023/1/15 17:00,0.45,7.499,,,,,,,,,,,
2023/1/15 18:00,0.453,7.518,,,,,,,,,,,
2023/1/15 19:00,0.441,7.426,,,,,,,,,,,
2023/1/15 20:00,0.414,7.233,,,,,,,,,,,
2023/1/15 21:00,0.378,6.974,,,,,,,,,,,
2023/1/15 22:00,0.334,6.646,,,,,,,,,,,
2023/1/15 23:00,0.315,6.49,,,,,,,,,,,
2023/1/16 0:00,0.27,6.14,,,,,,,,,,,
2023/1/16 1:00,0.175,5.271,,,,,,,,,,,
2023/1/16 2:00,0.267,6.101,,,,,,,,,,,
2023/1/16 3:00,0.347,6.73,,,,,,,,,,,
2023/1/16 4:00,0.423,7.303,,,,,,,,,,,
2023/1/16 5:00,0.488,7.772,,,,,,,,,,,
2023/1/16 6:00,0.492,7.803,,,,,,,,,,,
2023/1/16 7:00,0.376,6.955,,,,,,,,,,,
2023/1/16 8:00,0.333,6.639,,,,,,,,,,,
2023/1/16 9:00,0.38,6.984,,,,,,,,,,,
2023/1/16 10:00,0.441,7.422,,,,,,,,,,,
2023/1/16 11:00,0.456,7.53,,,,,,,,,,,
2023/1/16 12:00,0.453,7.509,,,,,,,,,,,
2023/1/16 13:00,0.48,7.716,,,,,,,,,,,
2023/1/16 14:00,0.532,8.087,,,,,,,,,,,
2023/1/16 15:00,0.51,7.931,,,,,,,,,,,
2023/1/16 16:00,0.517,7.981,,,,,,,,,,,
2023/1/16 17:00,0.546,8.199,,,,,,,,,,,
2023/1/16 18:00,0.561,8.299,,,,,,,,,,,
2023/1/16 19:00,0.558,8.276,,,,,,,,,,,
2023/1/16 20:00,0.558,8.278,,,,,,,,,,,
2023/1/16 21:00,0.573,8.393,,,,,,,,,,,
2023/1/16 22:00,0.576,8.416,,,,,,,,,,,
2023/1/16 23:00,0.553,8.242,,,,,,,,,,,
2023/1/17 0:00,0.422,7.298,,,,,,,,,,,
2023/1/17 1:00,0.45,7.491,,,,,,,,,,,
2023/1/17 2:00,0.556,8.264,,,,,,,,,,,
2023/1/17 3:00,0.541,8.15,,,,,,,,,,,
2023/1/17 4:00,0.534,8.11,,,,,,,,,,,
2023/1/17 5:00,0.559,8.287,,,,,,,,,,,
2023/1/17 6:00,0.569,8.368,,,,,,,,,,,
2023/1/17 7:00,0.476,7.683,,,,,,,,,,,
2023/1/17 8:00,0.388,7.045,,,,,,,,,,,
2023/1/17 9:00,0.346,6.726,,,,,,,,,,,
2023/1/17 10:00,0.275,6.175,,,,,,,,,,,
2023/1/17 11:00,0.191,5.428,,,,,,,,,,,
2023/1/17 12:00,0.103,4.402,,,,,,,,,,,
2023/1/17 13:00,0.071,3.928,,,,,,,,,,,
2023/1/17 14:00,0.113,4.547,,,,,,,,,,,
2023/1/17 15:00,0.25,5.96,,,,,,,,,,,
2023/1/17 16:00,0.417,7.254,,,,,,,,,,,
2023/1/17 17:00,0.53,8.072,,,,,,,,,,,
2023/1/17 18:00,0.601,8.608,,,,,,,,,,,
2023/1/17 19:00,0.658,9.065,,,,,,,,,,,
2023/1/17 20:00,0.7,9.427,,,,,,,,,,,
2023/1/17 21:00,0.727,9.676,,,,,,,,,,,
2023/1/17 22:00,0.766,10.069,,,,,,,,,,,
2023/1/17 23:00,0.815,10.623,,,,,,,,,,,
2023/1/18 0:00,0.78,10.225,,,,,,,,,,,
2023/1/18 1:00,0.714,9.555,,,,,,,,,,,
2023/1/18 2:00,0.876,11.523,,,,,,,,,,,
2023/1/18 3:00,0.946,13.211,,,,,,,,,,,
2023/1/18 4:00,0.953,13.454,,,,,,,,,,,
2023/1/18 5:00,0.95,13.366,,,,,,,,,,,
2023/1/18 6:00,0.932,12.781,,,,,,,,,,,
2023/1/18 7:00,0.871,11.447,,,,,,,,,,,
2023/1/18 8:00,0.811,10.589,,,,,,,,,,,
2023/1/18 9:00,0.811,10.576,,,,,,,,,,,
2023/1/18 10:00,0.819,10.69,,,,,,,,,,,
2023/1/18 11:00,0.826,10.772,,,,,,,,,,,
2023/1/18 12:00,0.829,10.815,,,,,,,,,,,
2023/1/18 13:00,0.836,10.917,,,,,,,,,,,
2023/1/18 14:00,0.847,11.069,,,,,,,,,,,
2023/1/18 15:00,0.834,10.872,,,,,,,,,,,
2023/1/18 16:00,0.762,10.033,,,,,,,,,,,
2023/1/18 17:00,0.661,9.097,,,,,,,,,,,
2023/1/18 18:00,0.652,9.018,,,,,,,,,,,
2023/1/18 19:00,0.62,8.756,,,,,,,,,,,
2023/1/18 20:00,0.512,7.95,,,,,,,,,,,
2023/1/18 21:00,0.421,7.291,,,,,,,,,,,
2023/1/18 22:00,0.355,6.804,,,,,,,,,,,
2023/1/18 23:00,0.335,6.654,,,,,,,,,,,
2023/1/19 0:00,0.327,6.586,,,,,,,,,,,
2023/1/19 1:00,0.264,6.082,,,,,,,,,,,
2023/1/19 2:00,0.65,8.993,,,,,,,,,,,
2023/1/19 3:00,0.892,11.823,,,,,,,,,,,
2023/1/19 4:00,0.939,12.981,,,,,,,,,,,
2023/1/19 5:00,0.942,13.093,,,,,,,,,,,
2023/1/19 6:00,0.934,12.843,,,,,,,,,,,
2023/1/19 7:00,0.924,12.551,,,,,,,,,,,
2023/1/19 8:00,0.896,11.901,,,,,,,,,,,
2023/1/19 9:00,0.851,11.117,,,,,,,,,,,
2023/1/19 10:00,0.854,11.173,,,,,,,,,,,
2023/1/19 11:00,0.897,11.917,,,,,,,,,,,
2023/1/19 12:00,0.916,12.35,,,,,,,,,,,
2023/1/19 13:00,0.91,12.216,,,,,,,,,,,
2023/1/19 14:00,0.877,11.544,,,,,,,,,,,
2023/1/19 15:00,0.859,11.253,,,,,,,,,,,
2023/1/19 16:00,0.875,11.507,,,,,,,,,,,
2023/1/19 17:00,0.87,11.438,,,,,,,,,,,
2023/1/19 18:00,0.836,10.915,,,,,,,,,,,
2023/1/19 19:00,0.774,10.148,,,,,,,,,,,
2023/1/19 20:00,0.655,9.031,,,,,,,,,,,
2023/1/19 21:00,0.463,7.58,,,,,,,,,,,
2023/1/19 22:00,0.241,5.889,,,,,,,,,,,
2023/1/19 23:00,0.142,4.905,,,,,,,,,,,
2023/1/20 0:00,0.078,4.046,,,,,,,,,,,
2023/1/20 1:00,0.118,4.614,,,,,,,,,,,
2023/1/20 2:00,0.127,4.73,,,,,,,,,,,
2023/1/20 3:00,0.162,5.137,,,,,,,,,,,
2023/1/20 4:00,0.241,5.893,,,,,,,,,,,
2023/1/20 5:00,0.311,6.465,,,,,,,,,,,
2023/1/20 6:00,0.334,6.643,,,,,,,,,,,
2023/1/20 7:00,0.272,6.154,,,,,,,,,,,
2023/1/20 8:00,0.193,5.443,,,,,,,,,,,
2023/1/20 9:00,0.232,5.808,,,,,,,,,,,
2023/1/20 10:00,0.384,7.013,,,,,,,,,,,
2023/1/20 11:00,0.598,8.575,,,,,,,,,,,
2023/1/20 12:00,0.764,10.044,,,,,,,,,,,
2023/1/20 13:00,0.813,10.606,,,,,,,,,,,
2023/1/20 14:00,0.77,10.113,,,,,,,,,,,
2023/1/20 15:00,0.748,9.889,,,,,,,,,,,
2023/1/20 16:00,0.776,10.175,,,,,,,,,,,
2023/1/20 17:00,0.794,10.383,,,,,,,,,,,
2023/1/20 18:00,0.794,10.38,,,,,,,,,,,
2023/1/20 19:00,0.783,10.254,,,,,,,,,,,
2023/1/20 20:00,0.753,9.935,,,,,,,,,,,
2023/1/20 21:00,0.719,9.605,,,,,,,,,,,
2023/1/20 22:00,0.674,9.202,,,,,,,,,,,
2023/1/20 23:00,0.681,9.255,,,,,,,,,,,
2023/1/21 0:00,0.488,7.762,,,,,,,,,,,
2023/1/21 1:00,0.284,6.241,,,,,,,,,,,
2023/1/21 2:00,0.347,6.737,,,,,,,,,,,
2023/1/21 3:00,0.384,7.021,,,,,,,,,,,
2023/1/21 4:00,0.333,6.641,,,,,,,,,,,
2023/1/21 5:00,0.261,6.056,,,,,,,,,,,
2023/1/21 6:00,0.17,5.221,,,,,,,,,,,
2023/1/21 7:00,0.087,4.187,,,,,,,,,,,
2023/1/21 8:00,0.066,3.824,,,,,,,,,,,
2023/1/21 9:00,0.075,3.989,,,,,,,,,,,
2023/1/21 10:00,0.093,4.268,,,,,,,,,,,
2023/1/21 11:00,0.119,4.619,,,,,,,,,,,
2023/1/21 12:00,0.13,4.762,,,,,,,,,,,
2023/1/21 13:00,0.101,4.385,,,,,,,,,,,
2023/1/21 14:00,0.056,3.65,,,,,,,,,,,
2023/1/21 15:00,0.035,3.161,,,,,,,,,,,
2023/1/21 16:00,0.031,3.046,,,,,,,,,,,
2023/1/21 17:00,0.034,3.121,,,,,,,,,,,
2023/1/21 18:00,0.039,3.255,,,,,,,,,,,
2023/1/21 19:00,0.034,3.125,,,,,,,,,,,
2023/1/21 20:00,0.031,3.05,,,,,,,,,,,
2023/1/21 21:00,0.061,3.748,,,,,,,,,,,
2023/1/21 22:00,0.11,4.51,,,,,,,,,,,
2023/1/21 23:00,0.138,4.861,,,,,,,,,,,
2023/1/22 0:00,0.156,5.055,,,,,,,,,,,
2023/1/22 1:00,0.197,5.494,,,,,,,,,,,
2023/1/22 2:00,0.255,6.005,,,,,,,,,,,
2023/1/22 3:00,0.309,6.446,,,,,,,,,,,
2023/1/22 4:00,0.343,6.709,,,,,,,,,,,
2023/1/22 5:00,0.352,6.785,,,,,,,,,,,
2023/1/22 6:00,0.356,6.814,,,,,,,,,,,
2023/1/22 7:00,0.374,6.936,,,,,,,,,,,
2023/1/22 8:00,0.409,7.196,,,,,,,,,,,
2023/1/22 9:00,0.385,7.024,,,,,,,,,,,
2023/1/22 10:00,0.352,6.777,,,,,,,,,,,
2023/1/22 11:00,0.327,6.579,,,,,,,,,,,
2023/1/22 12:00,0.301,6.388,,,,,,,,,,,
2023/1/22 13:00,0.28,6.221,,,,,,,,,,,
2023/1/22 14:00,0.307,6.434,,,,,,,,,,,
2023/1/22 15:00,0.399,7.123,,,,,,,,,,,
2023/1/22 16:00,0.51,7.92,,,,,,,,,,,
2023/1/22 17:00,0.575,8.404,,,,,,,,,,,
2023/1/22 18:00,0.601,8.614,,,,,,,,,,,
2023/1/22 19:00,0.631,8.849,,,,,,,,,,,
2023/1/22 20:00,0.684,9.29,,,,,,,,,,,
2023/1/22 21:00,0.727,9.672,,,,,,,,,,,
2023/1/22 22:00,0.732,9.729,,,,,,,,,,,
2023/1/22 23:00,0.741,9.812,,,,,,,,,,,
2023/1/23 0:00,0.841,10.979,,,,,,,,,,,
2023/1/23 1:00,0.876,11.539,,,,,,,,,,,
2023/1/23 2:00,0.891,11.819,,,,,,,,,,,
2023/1/23 3:00,0.919,12.422,,,,,,,,,,,
2023/1/23 4:00,0.943,13.118,,,,,,,,,,,
2023/1/23 5:00,0.957,13.642,,,,,,,,,,,
2023/1/23 6:00,0.964,13.92,,,,,,,,,,,
2023/1/23 7:00,0.964,13.954,,,,,,,,,,,
2023/1/23 8:00,0.956,13.598,,,,,,,,,,,
2023/1/23 9:00,0.925,12.568,,,,,,,,,,,
2023/1/23 10:00,0.879,11.589,,,,,,,,,,,
2023/1/23 11:00,0.849,11.097,,,,,,,,,,,
2023/1/23 12:00,0.85,11.114,,,,,,,,,,,
2023/1/23 13:00,0.879,11.574,,,,,,,,,,,
2023/1/23 14:00,0.909,12.196,,,,,,,,,,,
2023/1/23 15:00,0.942,13.077,,,,,,,,,,,
2023/1/23 16:00,0.966,14.06,,,,,,,,,,,
2023/1/23 17:00,0.972,14.386,,,,,,,,,,,
2023/1/23 18:00,0.97,14.248,,,,,,,,,,,
2023/1/23 19:00,0.962,13.867,,,,,,,,,,,
2023/1/23 20:00,0.955,13.541,,,,,,,,,,,
2023/1/23 21:00,0.945,13.18,,,,,,,,,,,
2023/1/23 22:00,0.928,12.648,,,,,,,,,,,
2023/1/23 23:00,0.917,12.373,,,,,,,,,,,
2023/1/24 0:00,0.925,12.583,,,,,,,,,,,
2023/1/24 1:00,0.951,13.381,,,,,,,,,,,
2023/1/24 2:00,0.961,13.794,,,,,,,,,,,
2023/1/24 3:00,0.956,13.587,,,,,,,,,,,
2023/1/24 4:00,0.937,12.899,,,,,,,,,,,
2023/1/24 5:00,0.899,11.98,,,,,,,,,,,
2023/1/24 6:00,0.844,11.016,,,,,,,,,,,
2023/1/24 7:00,0.737,9.773,,,,,,,,,,,
2023/1/24 8:00,0.52,8.001,,,,,,,,,,,
2023/1/24 9:00,0.441,7.432,,,,,,,,,,,
2023/1/24 10:00,0.389,7.053,,,,,,,,,,,
2023/1/24 11:00,0.383,7.005,,,,,,,,,,,
2023/1/24 12:00,0.438,7.409,,,,,,,,,,,
2023/1/24 13:00,0.503,7.877,,,,,,,,,,,
2023/1/24 14:00,0.518,7.986,,,,,,,,,,,
2023/1/24 15:00,0.469,7.631,,,,,,,,,,,
2023/1/24 16:00,0.416,7.242,,,,,,,,,,,
2023/1/24 17:00,0.407,7.183,,,,,,,,,,,
2023/1/24 18:00,0.423,7.304,,,,,,,,,,,
2023/1/24 19:00,0.472,7.645,,,,,,,,,,,
2023/1/24 20:00,0.531,8.078,,,,,,,,,,,
2023/1/24 21:00,0.598,8.576,,,,,,,,,,,
2023/1/24 22:00,0.66,9.088,,,,,,,,,,,
2023/1/24 23:00,0.713,9.553,,,,,,,,,,,
2023/1/25 0:00,0.612,8.691,,,,,,,,,,,
2023/1/25 1:00,0.592,8.534,,,,,,,,,,,
2023/1/25 2:00,0.715,9.566,,,,,,,,,,,
2023/1/25 3:00,0.685,9.3,,,,,,,,,,,
2023/1/25 4:00,0.607,8.65,,,,,,,,,,,
2023/1/25 5:00,0.51,7.928,,,,,,,,,,,
2023/1/25 6:00,0.379,6.983,,,,,,,,,,,
2023/1/25 7:00,0.204,5.542,,,,,,,,,,,
2023/1/25 8:00,0.109,4.497,,,,,,,,,,,
2023/1/25 9:00,0.065,3.813,,,,,,,,,,,
2023/1/25 10:00,0.043,3.363,,,,,,,,,,,
2023/1/25 11:00,0.055,3.616,,,,,,,,,,,
2023/1/25 12:00,0.106,4.464,,,,,,,,,,,
2023/1/25 13:00,0.204,5.543,,,,,,,,,,,
2023/1/25 14:00,0.306,6.428,,,,,,,,,,,
2023/1/25 15:00,0.363,6.854,,,,,,,,,,,
2023/1/25 16:00,0.386,7.034,,,,,,,,,,,
2023/1/25 17:00,0.39,7.065,,,,,,,,,,,
2023/1/25 18:00,0.375,6.946,,,,,,,,,,,
2023/1/25 19:00,0.354,6.798,,,,,,,,,,,
2023/1/25 20:00,0.333,6.635,,,,,,,,,,,
2023/1/25 21:00,0.301,6.388,,,,,,,,,,,
2023/1/25 22:00,0.252,5.974,,,,,,,,,,,
2023/1/25 23:00,0.243,5.911,,,,,,,,,,,
2023/1/26 0:00,0.291,6.309,,,,,,,,,,,
2023/1/26 1:00,0.637,8.895,,,,,,,,,,,
2023/1/26 2:00,0.724,9.646,,,,,,,,,,,
2023/1/26 3:00,0.734,9.748,,,,,,,,,,,
2023/1/26 4:00,0.739,9.792,,,,,,,,,,,
2023/1/26 5:00,0.743,9.827,,,,,,,,,,,
2023/1/26 6:00,0.732,9.729,,,,,,,,,,,
2023/1/26 7:00,0.663,9.109,,,,,,,,,,,
2023/1/26 8:00,0.503,7.881,,,,,,,,,,,
2023/1/26 9:00,0.542,8.163,,,,,,,,,,,
2023/1/26 10:00,0.615,8.721,,,,,,,,,,,
2023/1/26 11:00,0.633,8.865,,,,,,,,,,,
2023/1/26 12:00,0.672,9.184,,,,,,,,,,,
2023/1/26 13:00,0.726,9.666,,,,,,,,,,,
2023/1/26 14:00,0.778,10.202,,,,,,,,,,,
2023/1/26 15:00,0.792,10.358,,,,,,,,,,,
2023/1/26 16:00,0.79,10.327,,,,,,,,,,,
2023/1/26 17:00,0.815,10.636,,,,,,,,,,,
2023/1/26 18:00,0.845,11.034,,,,,,,,,,,
2023/1/26 19:00,0.881,11.622,,,,,,,,,,,
2023/1/26 20:00,0.844,11.012,,,,,,,,,,,
2023/1/26 21:00,0.812,10.596,,,,,,,,,,,
2023/1/26 22:00,0.778,10.198,,,,,,,,,,,
2023/1/26 23:00,0.744,9.836,,,,,,,,,,,
2023/1/27 0:00,0.603,8.63,,,,,,,,,,,
2023/1/27 1:00,0.763,10.042,,,,,,,,,,,
2023/1/27 2:00,0.828,10.808,,,,,,,,,,,
2023/1/27 3:00,0.826,10.781,,,,,,,,,,,
2023/1/27 4:00,0.854,11.167,,,,,,,,,,,
2023/1/27 5:00,0.877,11.56,,,,,,,,,,,
2023/1/27 6:00,0.883,11.655,,,,,,,,,,,
2023/1/27 7:00,0.863,11.308,,,,,,,,,,,
2023/1/27 8:00,0.808,10.549,,,,,,,,,,,
2023/1/27 9:00,0.812,10.584,,,,,,,,,,,
2023/1/27 10:00,0.815,10.621,,,,,,,,,,,
2023/1/27 11:00,0.801,10.459,,,,,,,,,,,
2023/1/27 12:00,0.802,10.475,,,,,,,,,,,
2023/1/27 13:00,0.817,10.648,,,,,,,,,,,
2023/1/27 14:00,0.85,11.114,,,,,,,,,,,
2023/1/27 15:00,0.831,10.843,,,,,,,,,,,
2023/1/27 16:00,0.78,10.224,,,,,,,,,,,
2023/1/27 17:00,0.763,10.034,,,,,,,,,,,
2023/1/27 18:00,0.742,9.824,,,,,,,,,,,
2023/1/27 19:00,0.745,9.851,,,,,,,,,,,
2023/1/27 20:00,0.754,9.936,,,,,,,,,,,
2023/1/27 21:00,0.746,9.86,,,,,,,,,,,
2023/1/27 22:00,0.746,9.864,,,,,,,,,,,
2023/1/27 23:00,0.708,9.492,,,,,,,,,,,
2023/1/28 0:00,0.5,7.861,,,,,,,,,,,
2023/1/28 1:00,0.384,7.015,,,,,,,,,,,
2023/1/28 2:00,0.559,8.283,,,,,,,,,,,
2023/1/28 3:00,0.553,8.243,,,,,,,,,,,
2023/1/28 4:00,0.527,8.048,,,,,,,,,,,
2023/1/28 5:00,0.55,8.229,,,,,,,,,,,
2023/1/28 6:00,0.594,8.555,,,,,,,,,,,
2023/1/28 7:00,0.575,8.407,,,,,,,,,,,
2023/1/28 8:00,0.561,8.305,,,,,,,,,,,
2023/1/28 9:00,0.623,8.777,,,,,,,,,,,
2023/1/28 10:00,0.669,9.149,,,,,,,,,,,
2023/1/28 11:00,0.698,9.412,,,,,,,,,,,
2023/1/28 12:00,0.752,9.92,,,,,,,,,,,
2023/1/28 13:00,0.815,10.636,,,,,,,,,,,
2023/1/28 14:00,0.848,11.086,,,,,,,,,,,
2023/1/28 15:00,0.845,11.046,,,,,,,,,,,
2023/1/28 16:00,0.818,10.671,,,,,,,,,,,
2023/1/28 17:00,0.813,10.61,,,,,,,,,,,
2023/1/28 18:00,0.818,10.672,,,,,,,,,,,
2023/1/28 19:00,0.815,10.627,,,,,,,,,,,
2023/1/28 20:00,0.806,10.526,,,,,,,,,,,
2023/1/28 21:00,0.804,10.497,,,,,,,,,,,
2023/1/28 22:00,0.808,10.552,,,,,,,,,,,
2023/1/28 23:00,0.815,10.623,,,,,,,,,,,
2023/1/29 0:00,0.699,9.416,,,,,,,,,,,
2023/1/29 1:00,0.792,10.351,,,,,,,,,,,
2023/1/29 2:00,0.952,13.447,,,,,,,,,,,
2023/1/29 3:00,0.958,13.656,,,,,,,,,,,
2023/1/29 4:00,0.951,13.399,,,,,,,,,,,
2023/1/29 5:00,0.934,12.826,,,,,,,,,,,
2023/1/29 6:00,0.901,12.016,,,,,,,,,,,
2023/1/29 7:00,0.834,10.873,,,,,,,,,,,
2023/1/29 8:00,0.698,9.406,,,,,,,,,,,
2023/1/29 9:00,0.644,8.953,,,,,,,,,,,
2023/1/29 10:00,0.641,8.919,,,,,,,,,,,
2023/1/29 11:00,0.615,8.711,,,,,,,,,,,
2023/1/29 12:00,0.614,8.705,,,,,,,,,,,
2023/1/29 13:00,0.639,8.911,,,,,,,,,,,
2023/1/29 14:00,0.704,9.457,,,,,,,,,,,
2023/1/29 15:00,0.682,9.271,,,,,,,,,,,
2023/1/29 16:00,0.61,8.675,,,,,,,,,,,
2023/1/29 17:00,0.526,8.044,,,,,,,,,,,
2023/1/29 18:00,0.446,7.467,,,,,,,,,,,
2023/1/29 19:00,0.381,6.99,,,,,,,,,,,
2023/1/29 20:00,0.315,6.498,,,,,,,,,,,
2023/1/29 21:00,0.25,5.964,,,,,,,,,,,
2023/1/29 22:00,0.177,5.28,,,,,,,,,,,
2023/1/29 23:00,0.138,4.858,,,,,,,,,,,
2023/1/30 0:00,0.123,4.675,,,,,,,,,,,
2023/1/30 1:00,0.076,4.001,,,,,,,,,,,
2023/1/30 2:00,0.29,6.304,,,,,,,,,,,
2023/1/30 3:00,0.598,8.577,,,,,,,,,,,
2023/1/30 4:00,0.696,9.391,,,,,,,,,,,
2023/1/30 5:00,0.695,9.389,,,,,,,,,,,
2023/1/30 6:00,0.645,8.958,,,,,,,,,,,
2023/1/30 7:00,0.519,7.988,,,,,,,,,,,
2023/1/30 8:00,0.468,7.62,,,,,,,,,,,
2023/1/30 9:00,0.529,8.07,,,,,,,,,,,
2023/1/30 10:00,0.597,8.57,,,,,,,,,,,
2023/1/30 11:00,0.615,8.717,,,,,,,,,,,
2023/1/30 12:00,0.615,8.722,,,,,,,,,,,
2023/1/30 13:00,0.61,8.669,,,,,,,,,,,
2023/1/30 14:00,0.63,8.828,,,,,,,,,,,
2023/1/30 15:00,0.627,8.814,,,,,,,,,,,
2023/1/30 16:00,0.628,8.822,,,,,,,,,,,
2023/1/30 17:00,0.641,8.921,,,,,,,,,,,
2023/1/30 18:00,0.651,9.004,,,,,,,,,,,
2023/1/30 19:00,0.649,8.985,,,,,,,,,,,
2023/1/30 20:00,0.642,8.937,,,,,,,,,,,
2023/1/30 21:00,0.61,8.678,,,,,,,,,,,
2023/1/30 22:00,0.561,8.304,,,,,,,,,,,
2023/1/30 23:00,0.51,7.935,,,,,,,,,,,
2023/1/31 0:00,0.323,6.56,,,,,,,,,,,
2023/1/31 1:00,0.161,5.122,,,,,,,,,,,
2023/1/31 2:00,0.335,6.656,,,,,,,,,,,
2023/1/31 3:00,0.475,7.67,,,,,,,,,,,
2023/1/31 4:00,0.561,8.301,,,,,,,,,,,
2023/1/31 5:00,0.652,9.016,,,,,,,,,,,
2023/1/31 6:00,0.747,9.873,,,,,,,,,,,
2023/1/31 7:00,0.763,10.042,,,,,,,,,,,
2023/1/31 8:00,0.774,10.159,,,,,,,,,,,
2023/1/31 9:00,0.819,10.688,,,,,,,,,,,
2023/1/31 10:00,0.836,10.902,,,,,,,,,,,
2023/1/31 11:00,0.845,11.04,,,,,,,,,,,
2023/1/31 12:00,0.914,12.308,,,,,,,,,,,
2023/1/31 13:00,0.966,14.064,,,,,,,,,,,
2023/1/31 14:00,0.978,14.826,,,,,,,,,,,
2023/1/31 15:00,0.982,15.192,,,,,,,,,,,
2023/1/31 16:00,0.984,15.483,,,,,,,,,,,
2023/1/31 17:00,0.987,16.119,,,,,,,,,,,
2023/1/31 18:00,0.986,17.232,,,,,,,,,,,
2023/1/31 19:00,0.982,17.704,,,,,,,,,,,
2023/1/31 20:00,0.984,17.476,,,,,,,,,,,
2023/1/31 21:00,0.987,16.792,,,,,,,,,,,
2023/1/31 22:00,0.986,15.71,,,,,,,,,,,
2023/1/31 23:00,0.976,14.636,,,,,,,,,,,
2023/2/1 0:00,0.96,13.77,,,,,,,,,,,
2023/2/1 1:00,0.976,14.656,,,,,,,,,,,
2023/2/1 2:00,0.971,14.324,,,,,,,,,,,
2023/2/1 3:00,0.952,13.439,,,,,,,,,,,
2023/2/1 4:00,0.937,12.901,,,,,,,,,,,
2023/2/1 5:00,0.925,12.583,,,,,,,,,,,
2023/2/1 6:00,0.916,12.344,,,,,,,,,,,
2023/2/1 7:00,0.899,11.973,,,,,,,,,,,
2023/2/1 8:00,0.817,10.66,,,,,,,,,,,
2023/2/1 9:00,0.671,9.17,,,,,,,,,,,
2023/2/1 10:00,0.568,8.352,,,,,,,,,,,
2023/2/1 11:00,0.478,7.701,,,,,,,,,,,
2023/2/1 12:00,0.382,7.002,,,,,,,,,,,
2023/2/1 13:00,0.337,6.664,,,,,,,,,,,
2023/2/1 14:00,0.388,7.047,,,,,,,,,,,
2023/2/1 15:00,0.445,7.463,,,,,,,,,,,
2023/2/1 16:00,0.475,7.68,,,,,,,,,,,
2023/2/1 17:00,0.452,7.508,,,,,,,,,,,
2023/2/1 18:00,0.443,7.445,,,,,,,,,,,
2023/2/1 19:00,0.456,7.537,,,,,,,,,,,
2023/2/1 20:00,0.462,7.578,,,,,,,,,,,
2023/2/1 21:00,0.469,7.633,,,,,,,,,,,
2023/2/1 22:00,0.472,7.649,,,,,,,,,,,
2023/2/1 23:00,0.454,7.525,,,,,,,,,,,
2023/2/2 0:00,0.253,5.994,,,,,,,,,,,
2023/2/2 1:00,0.143,4.921,,,,,,,,,,,
2023/2/2 2:00,0.145,4.947,,,,,,,,,,,
2023/2/2 3:00,0.11,4.509,,,,,,,,,,,
2023/2/2 4:00,0.096,4.319,,,,,,,,,,,
2023/2/2 5:00,0.077,4.024,,,,,,,,,,,
2023/2/2 6:00,0.048,3.456,,,,,,,,,,,
2023/2/2 7:00,0.016,2.539,,,,,,,,,,,
2023/2/2 8:00,0.016,2.539,,,,,,,,,,,
2023/2/2 9:00,0.022,2.778,,,,,,,,,,,
2023/2/2 10:00,0.019,2.684,,,,,,,,,,,
2023/2/2 11:00,0.014,2.489,,,,,,,,,,,
2023/2/2 12:00,0.022,2.771,,,,,,,,,,,
2023/2/2 13:00,0.034,3.147,,,,,,,,,,,
2023/2/2 14:00,0.039,3.267,,,,,,,,,,,
2023/2/2 15:00,0.043,3.358,,,,,,,,,,,
2023/2/2 16:00,0.069,3.869,,,,,,,,,,,
2023/2/2 17:00,0.112,4.536,,,,,,,,,,,
2023/2/2 18:00,0.153,5.031,,,,,,,,,,,
2023/2/2 19:00,0.178,5.293,,,,,,,,,,,
2023/2/2 20:00,0.199,5.508,,,,,,,,,,,
2023/2/2 21:00,0.206,5.567,,,,,,,,,,,
2023/2/2 22:00,0.205,5.56,,,,,,,,,,,
2023/2/2 23:00,0.215,5.656,,,,,,,,,,,
2023/2/3 0:00,0.14,4.88,,,,,,,,,,,
2023/2/3 1:00,0.057,3.669,,,,,,,,,,,
2023/2/3 2:00,0.058,3.683,,,,,,,,,,,
2023/2/3 3:00,0.091,4.237,,,,,,,,,,,
2023/2/3 4:00,0.167,5.182,,,,,,,,,,,
2023/2/3 5:00,0.261,6.064,,,,,,,,,,,
2023/2/3 6:00,0.351,6.774,,,,,,,,,,,
2023/2/3 7:00,0.403,7.16,,,,,,,,,,,
2023/2/3 8:00,0.363,6.853,,,,,,,,,,,
2023/2/3 9:00,0.394,7.088,,,,,,,,,,,
2023/2/3 10:00,0.422,7.294,,,,,,,,,,,
2023/2/3 11:00,0.424,7.313,,,,,,,,,,,
2023/2/3 12:00,0.392,7.076,,,,,,,,,,,
2023/2/3 13:00,0.433,7.369,,,,,,,,,,,
2023/2/3 14:00,0.506,7.897,,,,,,,,,,,
2023/2/3 15:00,0.525,8.034,,,,,,,,,,,
2023/2/3 16:00,0.492,7.801,,,,,,,,,,,
2023/2/3 17:00,0.423,7.306,,,,,,,,,,,
2023/2/3 18:00,0.381,6.989,,,,,,,,,,,
2023/2/3 19:00,0.391,7.069,,,,,,,,,,,
2023/2/3 20:00,0.428,7.338,,,,,,,,,,,
2023/2/3 21:00,0.456,7.544,,,,,,,,,,,
2023/2/3 22:00,0.48,7.712,,,,,,,,,,,
2023/2/3 23:00,0.475,7.67,,,,,,,,,,,
2023/2/4 0:00,0.307,6.433,,,,,,,,,,,
2023/2/4 1:00,0.176,5.273,,,,,,,,,,,
2023/2/4 2:00,0.307,6.432,,,,,,,,,,,
2023/2/4 3:00,0.378,6.974,,,,,,,,,,,
2023/2/4 4:00,0.438,7.409,,,,,,,,,,,
2023/2/4 5:00,0.49,7.777,,,,,,,,,,,
2023/2/4 6:00,0.525,8.042,,,,,,,,,,,
2023/2/4 7:00,0.478,7.704,,,,,,,,,,,
2023/2/4 8:00,0.354,6.796,,,,,,,,,,,
2023/2/4 9:00,0.305,6.417,,,,,,,,,,,
2023/2/4 10:00,0.283,6.233,,,,,,,,,,,
2023/2/4 11:00,0.278,6.2,,,,,,,,,,,
2023/2/4 12:00,0.359,6.829,,,,,,,,,,,
2023/2/4 13:00,0.522,8.016,,,,,,,,,,,
2023/2/4 14:00,0.682,9.266,,,,,,,,,,,
2023/2/4 15:00,0.771,10.122,,,,,,,,,,,
2023/2/4 16:00,0.813,10.605,,,,,,,,,,,
2023/2/4 17:00,0.809,10.562,,,,,,,,,,,
2023/2/4 18:00,0.794,10.377,,,,,,,,,,,
2023/2/4 19:00,0.762,10.033,,,,,,,,,,,
2023/2/4 20:00,0.727,9.672,,,,,,,,,,,
2023/2/4 21:00,0.664,9.119,,,,,,,,,,,
2023/2/4 22:00,0.55,8.224,,,,,,,,,,,
2023/2/4 23:00,0.39,7.061,,,,,,,,,,,
2023/2/5 0:00,0.187,5.389,,,,,,,,,,,
2023/2/5 1:00,0.178,5.287,,,,,,,,,,,
2023/2/5 2:00,0.195,5.464,,,,,,,,,,,
2023/2/5 3:00,0.181,5.328,,,,,,,,,,,
2023/2/5 4:00,0.173,5.254,,,,,,,,,,,
2023/2/5 5:00,0.172,5.236,,,,,,,,,,,
2023/2/5 6:00,0.169,5.204,,,,,,,,,,,
2023/2/5 7:00,0.16,5.116,,,,,,,,,,,
2023/2/5 8:00,0.146,4.961,,,,,,,,,,,
2023/2/5 9:00,0.141,4.893,,,,,,,,,,,
2023/2/5 10:00,0.109,4.5,,,,,,,,,,,
2023/2/5 11:00,0.061,3.736,,,,,,,,,,,
2023/2/5 12:00,0.032,3.096,,,,,,,,,,,
2023/2/5 13:00,0.025,2.877,,,,,,,,,,,
2023/2/5 14:00,0.022,2.768,,,,,,,,,,,
2023/2/5 15:00,0.01,2.256,,,,,,,,,,,
2023/2/5 16:00,0.001,1.466,,,,,,,,,,,
2023/2/5 17:00,0,0.944,,,,,,,,,,,
2023/2/5 18:00,0.013,2.418,,,,,,,,,,,
2023/2/5 19:00,0.08,4.073,,,,,,,,,,,
2023/2/5 20:00,0.182,5.344,,,,,,,,,,,
2023/2/5 21:00,0.225,5.747,,,,,,,,,,,
2023/2/5 22:00,0.201,5.526,,,,,,,,,,,
2023/2/5 23:00,0.159,5.096,,,,,,,,,,,
2023/2/6 0:00,0.075,3.996,,,,,,,,,,,
2023/2/6 1:00,0.079,4.062,,,,,,,,,,,
2023/2/6 2:00,0.128,4.743,,,,,,,,,,,
2023/2/6 3:00,0.199,5.51,,,,,,,,,,,
2023/2/6 4:00,0.283,6.238,,,,,,,,,,,
2023/2/6 5:00,0.369,6.91,,,,,,,,,,,
2023/2/6 6:00,0.463,7.583,,,,,,,,,,,
2023/2/6 7:00,0.493,7.809,,,,,,,,,,,
2023/2/6 8:00,0.391,7.069,,,,,,,,,,,
2023/2/6 9:00,0.363,6.863,,,,,,,,,,,
2023/2/6 10:00,0.3,6.382,,,,,,,,,,,
2023/2/6 11:00,0.23,5.786,,,,,,,,,,,
2023/2/6 12:00,0.157,5.082,,,,,,,,,,,
2023/2/6 13:00,0.089,4.219,,,,,,,,,,,
2023/2/6 14:00,0.035,3.174,,,,,,,,,,,
2023/2/6 15:00,0.014,2.475,,,,,,,,,,,
2023/2/6 16:00,0.009,2.199,,,,,,,,,,,
2023/2/6 17:00,0.007,2.109,,,,,,,,,,,
2023/2/6 18:00,0.007,2.086,,,,,,,,,,,
2023/2/6 19:00,0.008,2.13,,,,,,,,,,,
2023/2/6 20:00,0.011,2.301,,,,,,,,,,,
2023/2/6 21:00,0.014,2.457,,,,,,,,,,,
2023/2/6 22:00,0.017,2.579,,,,,,,,,,,
2023/2/6 23:00,0.017,2.574,,,,,,,,,,,
2023/2/7 0:00,0.014,2.483,,,,,,,,,,,
2023/2/7 1:00,0.032,3.098,,,,,,,,,,,
2023/2/7 2:00,0.064,3.791,,,,,,,,,,,
2023/2/7 3:00,0.079,4.057,,,,,,,,,,,
2023/2/7 4:00,0.059,3.699,,,,,,,,,,,
2023/2/7 5:00,0.07,3.892,,,,,,,,,,,
2023/2/7 6:00,0.156,5.056,,,,,,,,,,,
2023/2/7 7:00,0.209,5.606,,,,,,,,,,,
2023/2/7 8:00,0.364,6.866,,,,,,,,,,,
2023/2/7 9:00,0.377,6.964,,,,,,,,,,,
2023/2/7 10:00,0.181,5.329,,,,,,,,,,,
2023/2/7 11:00,0.127,4.731,,,,,,,,,,,
2023/2/7 12:00,0.258,6.029,,,,,,,,,,,
2023/2/7 13:00,0.445,7.465,,,,,,,,,,,
2023/2/7 14:00,0.49,7.779,,,,,,,,,,,
2023/2/7 15:00,0.504,7.886,,,,,,,,,,,
2023/2/7 16:00,0.524,8.027,,,,,,,,,,,
2023/2/7 17:00,0.553,8.238,,,,,,,,,,,
2023/2/7 18:00,0.59,8.524,,,,,,,,,,,
2023/2/7 19:00,0.621,8.767,,,,,,,,,,,
2023/2/7 20:00,0.621,8.768,,,,,,,,,,,
2023/2/7 21:00,0.61,8.675,,,,,,,,,,,
2023/2/7 22:00,0.6,8.606,,,,,,,,,,,
2023/2/7 23:00,0.589,8.514,,,,,,,,,,,
2023/2/8 0:00,0.375,6.946,,,,,,,,,,,
2023/2/8 1:00,0.365,6.88,,,,,,,,,,,
2023/2/8 2:00,0.519,7.995,,,,,,,,,,,
2023/2/8 3:00,0.41,7.211,,,,,,,,,,,
2023/2/8 4:00,0.293,6.323,,,,,,,,,,,
2023/2/8 5:00,0.204,5.546,,,,,,,,,,,
2023/2/8 6:00,0.148,4.981,,,,,,,,,,,
2023/2/8 7:00,0.106,4.461,,,,,,,,,,,
2023/2/8 8:00,0.07,3.905,,,,,,,,,,,
2023/2/8 9:00,0.061,3.741,,,,,,,,,,,
2023/2/8 10:00,0.049,3.489,,,,,,,,,,,
2023/2/8 11:00,0.034,3.152,,,,,,,,,,,
2023/2/8 12:00,0.024,2.834,,,,,,,,,,,
2023/2/8 13:00,0.017,2.574,,,,,,,,,,,
2023/2/8 14:00,0.013,2.43,,,,,,,,,,,
2023/2/8 15:00,0.008,2.183,,,,,,,,,,,
2023/2/8 16:00,0.008,2.165,,,,,,,,,,,
2023/2/8 17:00,0.019,2.674,,,,,,,,,,,
2023/2/8 18:00,0.025,2.888,,,,,,,,,,,
2023/2/8 19:00,0.024,2.833,,,,,,,,,,,
2023/2/8 20:00,0.03,3.039,,,,,,,,,,,
2023/2/8 21:00,0.068,3.867,,,,,,,,,,,
2023/2/8 22:00,0.146,4.958,,,,,,,,,,,
2023/2/8 23:00,0.239,5.873,,,,,,,,,,,
2023/2/9 0:00,0.267,6.116,,,,,,,,,,,
2023/2/9 1:00,0.226,5.76,,,,,,,,,,,
2023/2/9 2:00,0.365,6.868,,,,,,,,,,,
2023/2/9 3:00,0.65,8.996,,,,,,,,,,,
2023/2/9 4:00,0.817,10.659,,,,,,,,,,,
2023/2/9 5:00,0.862,11.295,,,,,,,,,,,
2023/2/9 6:00,0.844,11.013,,,,,,,,,,,
2023/2/9 7:00,0.78,10.215,,,,,,,,,,,
2023/2/9 8:00,0.657,9.06,,,,,,,,,,,
2023/2/9 9:00,0.544,8.175,,,,,,,,,,,
2023/2/9 10:00,0.488,7.763,,,,,,,,,,,
2023/2/9 11:00,0.466,7.609,,,,,,,,,,,
2023/2/9 12:00,0.461,7.575,,,,,,,,,,,
2023/2/9 13:00,0.475,7.675,,,,,,,,,,,
2023/2/9 14:00,0.472,7.648,,,,,,,,,,,
2023/2/9 15:00,0.495,7.82,,,,,,,,,,,
2023/2/9 16:00,0.546,8.193,,,,,,,,,,,
2023/2/9 17:00,0.561,8.298,,,,,,,,,,,
2023/2/9 18:00,0.545,8.189,,,,,,,,,,,
2023/2/9 19:00,0.518,7.986,,,,,,,,,,,
2023/2/9 20:00,0.491,7.791,,,,,,,,,,,
2023/2/9 21:00,0.485,7.751,,,,,,,,,,,
2023/2/9 22:00,0.474,7.659,,,,,,,,,,,
2023/2/9 23:00,0.441,7.42,,,,,,,,,,,
2023/2/10 0:00,0.278,6.204,,,,,,,,,,,
2023/2/10 1:00,0.19,5.422,,,,,,,,,,,
2023/2/10 2:00,0.17,5.218,,,,,,,,,,,
2023/2/10 3:00,0.141,4.898,,,,,,,,,,,
2023/2/10 4:00,0.177,5.279,,,,,,,,,,,
2023/2/10 5:00,0.236,5.848,,,,,,,,,,,
2023/2/10 6:00,0.273,6.16,,,,,,,,,,,
2023/2/10 7:00,0.244,5.916,,,,,,,,,,,
2023/2/10 8:00,0.265,6.092,,,,,,,,,,,
2023/2/10 9:00,0.416,7.252,,,,,,,,,,,
2023/2/10 10:00,0.59,8.524,,,,,,,,,,,
2023/2/10 11:00,0.705,9.479,,,,,,,,,,,
2023/2/10 12:00,0.767,10.075,,,,,,,,,,,
2023/2/10 13:00,0.792,10.348,,,,,,,,,,,
2023/2/10 14:00,0.787,10.299,,,,,,,,,,,
2023/2/10 15:00,0.769,10.095,,,,,,,,,,,
2023/2/10 16:00,0.746,9.866,,,,,,,,,,,
2023/2/10 17:00,0.73,9.704,,,,,,,,,,,
2023/2/10 18:00,0.731,9.713,,,,,,,,,,,
2023/2/10 19:00,0.723,9.637,,,,,,,,,,,
2023/2/10 20:00,0.702,9.443,,,,,,,,,,,
2023/2/10 21:00,0.679,9.239,,,,,,,,,,,
2023/2/10 22:00,0.651,9.005,,,,,,,,,,,
2023/2/10 23:00,0.57,8.374,,,,,,,,,,,
2023/2/11 0:00,0.329,6.61,,,,,,,,,,,
2023/2/11 1:00,0.18,5.307,,,,,,,,,,,
2023/2/11 2:00,0.113,4.551,,,,,,,,,,,
2023/2/11 3:00,0.067,3.856,,,,,,,,,,,
2023/2/11 4:00,0.061,3.735,,,,,,,,,,,
2023/2/11 5:00,0.07,3.885,,,,,,,,,,,
2023/2/11 6:00,0.105,4.45,,,,,,,,,,,
2023/2/11 7:00,0.203,5.537,,,,,,,,,,,
2023/2/11 8:00,0.357,6.815,,,,,,,,,,,
2023/2/11 9:00,0.49,7.782,,,,,,,,,,,
2023/2/11 10:00,0.51,7.935,,,,,,,,,,,
2023/2/11 11:00,0.541,8.157,,,,,,,,,,,
2023/2/11 12:00,0.565,8.336,,,,,,,,,,,
2023/2/11 13:00,0.624,8.79,,,,,,,,,,,
2023/2/11 14:00,0.64,8.916,,,,,,,,,,,
2023/2/11 15:00,0.594,8.555,,,,,,,,,,,
2023/2/11 16:00,0.531,8.076,,,,,,,,,,,
2023/2/11 17:00,0.509,7.917,,,,,,,,,,,
2023/2/11 18:00,0.575,8.405,,,,,,,,,,,
2023/2/11 19:00,0.554,8.252,,,,,,,,,,,
2023/2/11 20:00,0.51,7.931,,,,,,,,,,,
2023/2/11 21:00,0.475,7.679,,,,,,,,,,,
2023/2/11 22:00,0.446,7.47,,,,,,,,,,,
2023/2/11 23:00,0.458,7.558,,,,,,,,,,,
2023/2/12 0:00,0.441,7.424,,,,,,,,,,,
2023/2/12 1:00,0.394,7.084,,,,,,,,,,,
2023/2/12 2:00,0.409,7.192,,,,,,,,,,,
2023/2/12 3:00,0.485,7.744,,,,,,,,,,,
2023/2/12 4:00,0.558,8.278,,,,,,,,,,,
2023/2/12 5:00,0.622,8.773,,,,,,,,,,,
2023/2/12 6:00,0.679,9.238,,,,,,,,,,,
2023/2/12 7:00,0.727,9.67,,,,,,,,,,,
2023/2/12 8:00,0.676,9.216,,,,,,,,,,,
2023/2/12 9:00,0.578,8.433,,,,,,,,,,,
2023/2/12 10:00,0.642,8.936,,,,,,,,,,,
2023/2/12 11:00,0.71,9.517,,,,,,,,,,,
2023/2/12 12:00,0.709,9.505,,,,,,,,,,,
2023/2/12 13:00,0.664,9.12,,,,,,,,,,,
2023/2/12 14:00,0.635,8.877,,,,,,,,,,,
2023/2/12 15:00,0.662,9.1,,,,,,,,,,,
2023/2/12 16:00,0.683,9.281,,,,,,,,,,,
2023/2/12 17:00,0.705,9.478,,,,,,,,,,,
2023/2/12 18:00,0.731,9.715,,,,,,,,,,,
2023/2/12 19:00,0.755,9.943,,,,,,,,,,,
2023/2/12 20:00,0.78,10.213,,,,,,,,,,,
2023/2/12 21:00,0.785,10.28,,,,,,,,,,,
2023/2/12 22:00,0.783,10.254,,,,,,,,,,,
2023/2/12 23:00,0.741,9.813,,,,,,,,,,,
2023/2/13 0:00,0.845,11.036,,,,,,,,,,,
2023/2/13 1:00,0.925,12.587,,,,,,,,,,,
2023/2/13 2:00,0.891,11.822,,,,,,,,,,,
2023/2/13 3:00,0.859,11.241,,,,,,,,,,,
2023/2/13 4:00,0.845,11.046,,,,,,,,,,,
2023/2/13 5:00,0.853,11.148,,,,,,,,,,,
2023/2/13 6:00,0.867,11.382,,,,,,,,,,,
2023/2/13 7:00,0.871,11.443,,,,,,,,,,,
2023/2/13 8:00,0.813,10.603,,,,,,,,,,,
2023/2/13 9:00,0.794,10.37,,,,,,,,,,,
2023/2/13 10:00,0.799,10.437,,,,,,,,,,,
2023/2/13 11:00,0.776,10.17,,,,,,,,,,,
2023/2/13 12:00,0.725,9.661,,,,,,,,,,,
2023/2/13 13:00,0.725,9.659,,,,,,,,,,,
2023/2/13 14:00,0.732,9.727,,,,,,,,,,,
2023/2/13 15:00,0.732,9.724,,,,,,,,,,,
2023/2/13 16:00,0.762,10.032,,,,,,,,,,,
2023/2/13 17:00,0.786,10.294,,,,,,,,,,,
2023/2/13 18:00,0.797,10.405,,,,,,,,,,,
2023/2/13 19:00,0.794,10.371,,,,,,,,,,,
2023/2/13 20:00,0.781,10.228,,,,,,,,,,,
2023/2/13 21:00,0.751,9.913,,,,,,,,,,,
2023/2/13 22:00,0.704,9.469,,,,,,,,,,,
2023/2/13 23:00,0.594,8.56,,,,,,,,,,,
2023/2/14 0:00,0.534,8.104,,,,,,,,,,,
2023/2/14 1:00,0.552,8.236,,,,,,,,,,,
2023/2/14 2:00,0.45,7.494,,,,,,,,,,,
2023/2/14 3:00,0.39,7.063,,,,,,,,,,,
2023/2/14 4:00,0.351,6.77,,,,,,,,,,,
2023/2/14 5:00,0.308,6.438,,,,,,,,,,,
2023/2/14 6:00,0.255,6.008,,,,,,,,,,,
2023/2/14 7:00,0.209,5.603,,,,,,,,,,,
2023/2/14 8:00,0.184,5.361,,,,,,,,,,,
2023/2/14 9:00,0.256,6.009,,,,,,,,,,,
2023/2/14 10:00,0.296,6.345,,,,,,,,,,,
2023/2/14 11:00,0.235,5.84,,,,,,,,,,,
2023/2/14 12:00,0.135,4.823,,,,,,,,,,,
2023/2/14 13:00,0.053,3.578,,,,,,,,,,,
2023/2/14 14:00,0.015,2.518,,,,,,,,,,,
2023/2/14 15:00,0.006,1.986,,,,,,,,,,,
2023/2/14 16:00,0.005,1.97,,,,,,,,,,,
2023/2/14 17:00,0.008,2.122,,,,,,,,,,,
2023/2/14 18:00,0.009,2.19,,,,,,,,,,,
2023/2/14 19:00,0.007,2.05,,,,,,,,,,,
2023/2/14 20:00,0.004,1.832,,,,,,,,,,,
2023/2/14 21:00,0.006,2.032,,,,,,,,,,,
2023/2/14 22:00,0.018,2.632,,,,,,,,,,,
2023/2/14 23:00,0.041,3.32,,,,,,,,,,,
2023/2/15 0:00,0.051,3.529,,,,,,,,,,,
2023/2/15 1:00,0.08,4.067,,,,,,,,,,,
2023/2/15 2:00,0.105,4.443,,,,,,,,,,,
2023/2/15 3:00,0.122,4.672,,,,,,,,,,,
2023/2/15 4:00,0.135,4.832,,,,,,,,,,,
2023/2/15 5:00,0.133,4.796,,,,,,,,,,,
2023/2/15 6:00,0.115,4.582,,,,,,,,,,,
2023/2/15 7:00,0.105,4.443,,,,,,,,,,,
2023/2/15 8:00,0.15,5.006,,,,,,,,,,,
2023/2/15 9:00,0.353,6.787,,,,,,,,,,,
2023/2/15 10:00,0.532,8.084,,,,,,,,,,,
2023/2/15 11:00,0.611,8.683,,,,,,,,,,,
2023/2/15 12:00,0.641,8.925,,,,,,,,,,,
2023/2/15 13:00,0.632,8.859,,,,,,,,,,,
2023/2/15 14:00,0.617,8.734,,,,,,,,,,,
2023/2/15 15:00,0.629,8.825,,,,,,,,,,,
2023/2/15 16:00,0.636,8.889,,,,,,,,,,,
2023/2/15 17:00,0.631,8.848,,,,,,,,,,,
2023/2/15 18:00,0.621,8.767,,,,,,,,,,,
2023/2/15 19:00,0.584,8.477,,,,,,,,,,,
2023/2/15 20:00,0.541,8.151,,,,,,,,,,,
2023/2/15 21:00,0.541,8.153,,,,,,,,,,,
2023/2/15 22:00,0.571,8.386,,,,,,,,,,,
2023/2/15 23:00,0.55,8.223,,,,,,,,,,,
2023/2/16 0:00,0.351,6.768,,,,,,,,,,,
2023/2/16 1:00,0.306,6.426,,,,,,,,,,,
2023/2/16 2:00,0.528,8.062,,,,,,,,,,,
2023/2/16 3:00,0.559,8.289,,,,,,,,,,,
2023/2/16 4:00,0.561,8.303,,,,,,,,,,,
2023/2/16 5:00,0.548,8.209,,,,,,,,,,,
2023/2/16 6:00,0.512,7.946,,,,,,,,,,,
2023/2/16 7:00,0.418,7.263,,,,,,,,,,,
2023/2/16 8:00,0.329,6.602,,,,,,,,,,,
2023/2/16 9:00,0.313,6.477,,,,,,,,,,,
2023/2/16 10:00,0.36,6.833,,,,,,,,,,,
2023/2/16 11:00,0.429,7.343,,,,,,,,,,,
2023/2/16 12:00,0.497,7.837,,,,,,,,,,,
2023/2/16 13:00,0.535,8.114,,,,,,,,,,,
2023/2/16 14:00,0.528,8.053,,,,,,,,,,,
2023/2/16 15:00,0.471,7.639,,,,,,,,,,,
2023/2/16 16:00,0.394,7.088,,,,,,,,,,,
2023/2/16 17:00,0.316,6.503,,,,,,,,,,,
2023/2/16 18:00,0.216,5.672,,,,,,,,,,,
2023/2/16 19:00,0.149,4.988,,,,,,,,,,,
2023/2/16 20:00,0.117,4.609,,,,,,,,,,,
2023/2/16 21:00,0.11,4.517,,,,,,,,,,,
2023/2/16 22:00,0.107,4.475,,,,,,,,,,,
2023/2/16 23:00,0.095,4.286,,,,,,,,,,,
2023/2/17 0:00,0.04,3.303,,,,,,,,,,,
2023/2/17 1:00,0.013,2.433,,,,,,,,,,,
2023/2/17 2:00,0.005,1.942,,,,,,,,,,,
2023/2/17 3:00,0.01,2.272,,,,,,,,,,,
2023/2/17 4:00,0.017,2.599,,,,,,,,,,,
2023/2/17 5:00,0.025,2.89,,,,,,,,,,,
2023/2/17 6:00,0.06,3.722,,,,,,,,,,,
2023/2/17 7:00,0.155,5.05,,,,,,,,,,,
2023/2/17 8:00,0.322,6.555,,,,,,,,,,,
2023/2/17 9:00,0.465,7.602,,,,,,,,,,,
2023/2/17 10:00,0.5,7.852,,,,,,,,,,,
2023/2/17 11:00,0.477,7.691,,,,,,,,,,,
2023/2/17 12:00,0.426,7.324,,,,,,,,,,,
2023/2/17 13:00,0.437,7.395,,,,,,,,,,,
2023/2/17 14:00,0.493,7.807,,,,,,,,,,,
2023/2/17 15:00,0.522,8.011,,,,,,,,,,,
2023/2/17 16:00,0.474,7.662,,,,,,,,,,,
2023/2/17 17:00,0.456,7.534,,,,,,,,,,,
2023/2/17 18:00,0.517,7.98,,,,,,,,,,,
2023/2/17 19:00,0.546,8.194,,,,,,,,,,,
2023/2/17 20:00,0.515,7.966,,,,,,,,,,,
2023/2/17 21:00,0.401,7.136,,,,,,,,,,,
2023/2/17 22:00,0.312,6.471,,,,,,,,,,,
2023/2/17 23:00,0.334,6.648,,,,,,,,,,,
2023/2/18 0:00,0.329,6.597,,,,,,,,,,,
2023/2/18 1:00,0.258,6.034,,,,,,,,,,,
2023/2/18 2:00,0.187,5.387,,,,,,,,,,,
2023/2/18 3:00,0.124,4.696,,,,,,,,,,,
2023/2/18 4:00,0.072,3.94,,,,,,,,,,,
2023/2/18 5:00,0.059,3.695,,,,,,,,,,,
2023/2/18 6:00,0.075,3.996,,,,,,,,,,,
2023/2/18 7:00,0.108,4.48,,,,,,,,,,,
2023/2/18 8:00,0.136,4.84,,,,,,,,,,,
2023/2/18 9:00,0.114,4.562,,,,,,,,,,,
2023/2/18 10:00,0.103,4.422,,,,,,,,,,,
2023/2/18 11:00,0.18,5.311,,,,,,,,,,,
2023/2/18 12:00,0.399,7.126,,,,,,,,,,,
2023/2/18 13:00,0.674,9.206,,,,,,,,,,,
2023/2/18 14:00,0.804,10.487,,,,,,,,,,,
2023/2/18 15:00,0.783,10.253,,,,,,,,,,,
2023/2/18 16:00,0.744,9.833,,,,,,,,,,,
2023/2/18 17:00,0.703,9.452,,,,,,,,,,,
2023/2/18 18:00,0.803,10.486,,,,,,,,,,,
2023/2/18 19:00,0.854,11.17,,,,,,,,,,,
2023/2/18 20:00,0.803,10.485,,,,,,,,,,,
2023/2/18 21:00,0.776,10.178,,,,,,,,,,,
2023/2/18 22:00,0.808,10.547,,,,,,,,,,,
2023/2/18 23:00,0.719,9.606,,,,,,,,,,,
2023/2/19 0:00,0.677,9.231,,,,,,,,,,,
2023/2/19 1:00,0.914,12.298,,,,,,,,,,,
2023/2/19 2:00,0.942,13.083,,,,,,,,,,,
2023/2/19 3:00,0.95,13.358,,,,,,,,,,,
2023/2/19 4:00,0.963,13.881,,,,,,,,,,,
2023/2/19 5:00,0.966,14.071,,,,,,,,,,,
2023/2/19 6:00,0.967,14.115,,,,,,,,,,,
2023/2/19 7:00,0.962,13.866,,,,,,,,,,,
2023/2/19 8:00,0.946,13.2,,,,,,,,,,,
2023/2/19 9:00,0.894,11.87,,,,,,,,,,,
2023/2/19 10:00,0.829,10.812,,,,,,,,,,,
2023/2/19 11:00,0.786,10.284,,,,,,,,,,,
2023/2/19 12:00,0.735,9.759,,,,,,,,,,,
2023/2/19 13:00,0.65,9.002,,,,,,,,,,,
2023/2/19 14:00,0.575,8.407,,,,,,,,,,,
2023/2/19 15:00,0.574,8.397,,,,,,,,,,,
2023/2/19 16:00,0.616,8.728,,,,,,,,,,,
2023/2/19 17:00,0.632,8.856,,,,,,,,,,,
2023/2/19 18:00,0.63,8.836,,,,,,,,,,,
2023/2/19 19:00,0.628,8.821,,,,,,,,,,,
2023/2/19 20:00,0.641,8.928,,,,,,,,,,,
2023/2/19 21:00,0.657,9.051,,,,,,,,,,,
2023/2/19 22:00,0.681,9.256,,,,,,,,,,,
2023/2/19 23:00,0.624,8.791,,,,,,,,,,,
2023/2/20 0:00,0.822,10.721,,,,,,,,,,,
2023/2/20 1:00,0.965,13.997,,,,,,,,,,,
2023/2/20 2:00,0.971,14.32,,,,,,,,,,,
2023/2/20 3:00,0.968,14.165,,,,,,,,,,,
2023/2/20 4:00,0.964,13.926,,,,,,,,,,,
2023/2/20 5:00,0.958,13.699,,,,,,,,,,,
2023/2/20 6:00,0.952,13.427,,,,,,,,,,,
2023/2/20 7:00,0.94,13.009,,,,,,,,,,,
2023/2/20 8:00,0.905,12.105,,,,,,,,,,,
2023/2/20 9:00,0.826,10.767,,,,,,,,,,,
2023/2/20 10:00,0.78,10.212,,,,,,,,,,,
2023/2/20 11:00,0.713,9.544,,,,,,,,,,,
2023/2/20 12:00,0.652,9.011,,,,,,,,,,,
2023/2/20 13:00,0.604,8.631,,,,,,,,,,,
2023/2/20 14:00,0.523,8.023,,,,,,,,,,,
2023/2/20 15:00,0.464,7.596,,,,,,,,,,,
2023/2/20 16:00,0.429,7.342,,,,,,,,,,,
2023/2/20 17:00,0.431,7.35,,,,,,,,,,,
2023/2/20 18:00,0.449,7.486,,,,,,,,,,,
2023/2/20 19:00,0.45,7.492,,,,,,,,,,,
2023/2/20 20:00,0.412,7.227,,,,,,,,,,,
2023/2/20 21:00,0.356,6.81,,,,,,,,,,,
2023/2/20 22:00,0.278,6.202,,,,,,,,,,,
2023/2/20 23:00,0.169,5.204,,,,,,,,,,,
2023/2/21 0:00,0.038,3.225,,,,,,,,,,,
2023/2/21 1:00,0.033,3.117,,,,,,,,,,,
2023/2/21 2:00,0.107,4.473,,,,,,,,,,,
2023/2/21 3:00,0.188,5.402,,,,,,,,,,,
2023/2/21 4:00,0.261,6.054,,,,,,,,,,,
2023/2/21 5:00,0.325,6.574,,,,,,,,,,,
2023/2/21 6:00,0.375,6.947,,,,,,,,,,,
2023/2/21 7:00,0.426,7.321,,,,,,,,,,,
2023/2/21 8:00,0.479,7.709,,,,,,,,,,,
2023/2/21 9:00,0.626,8.8,,,,,,,,,,,
2023/2/21 10:00,0.721,9.623,,,,,,,,,,,
2023/2/21 11:00,0.749,9.895,,,,,,,,,,,
2023/2/21 12:00,0.757,9.973,,,,,,,,,,,
2023/2/21 13:00,0.79,10.327,,,,,,,,,,,
2023/2/21 14:00,0.78,10.214,,,,,,,,,,,
2023/2/21 15:00,0.757,9.975,,,,,,,,,,,
2023/2/21 16:00,0.747,9.879,,,,,,,,,,,
2023/2/21 17:00,0.735,9.752,,,,,,,,,,,
2023/2/21 18:00,0.738,9.789,,,,,,,,,,,
2023/2/21 19:00,0.72,9.615,,,,,,,,,,,
2023/2/21 20:00,0.666,9.134,,,,,,,,,,,
2023/2/21 21:00,0.602,8.62,,,,,,,,,,,
2023/2/21 22:00,0.528,8.066,,,,,,,,,,,
2023/2/21 23:00,0.419,7.272,,,,,,,,,,,
2023/2/22 0:00,0.237,5.853,,,,,,,,,,,
2023/2/22 1:00,0.135,4.826,,,,,,,,,,,
2023/2/22 2:00,0.134,4.804,,,,,,,,,,,
2023/2/22 3:00,0.087,4.185,,,,,,,,,,,
2023/2/22 4:00,0.088,4.194,,,,,,,,,,,
2023/2/22 5:00,0.106,4.455,,,,,,,,,,,
2023/2/22 6:00,0.12,4.635,,,,,,,,,,,
2023/2/22 7:00,0.121,4.646,,,,,,,,,,,
2023/2/22 8:00,0.155,5.044,,,,,,,,,,,
2023/2/22 9:00,0.211,5.619,,,,,,,,,,,
2023/2/22 10:00,0.223,5.729,,,,,,,,,,,
2023/2/22 11:00,0.197,5.486,,,,,,,,,,,
2023/2/22 12:00,0.173,5.244,,,,,,,,,,,
2023/2/22 13:00,0.189,5.412,,,,,,,,,,,
2023/2/22 14:00,0.227,5.764,,,,,,,,,,,
2023/2/22 15:00,0.252,5.979,,,,,,,,,,,
2023/2/22 16:00,0.252,5.988,,,,,,,,,,,
2023/2/22 17:00,0.237,5.853,,,,,,,,,,,
2023/2/22 18:00,0.229,5.779,,,,,,,,,,,
2023/2/22 19:00,0.245,5.924,,,,,,,,,,,
2023/2/22 20:00,0.297,6.352,,,,,,,,,,,
2023/2/22 21:00,0.36,6.837,,,,,,,,,,,
2023/2/22 22:00,0.409,7.203,,,,,,,,,,,
2023/2/22 23:00,0.394,7.083,,,,,,,,,,,
2023/2/23 0:00,0.193,5.445,,,,,,,,,,,
2023/2/23 1:00,0.177,5.282,,,,,,,,,,,
2023/2/23 2:00,0.177,5.278,,,,,,,,,,,
2023/2/23 3:00,0.175,5.27,,,,,,,,,,,
2023/2/23 4:00,0.197,5.484,,,,,,,,,,,
2023/2/23 5:00,0.224,5.737,,,,,,,,,,,
2023/2/23 6:00,0.264,6.079,,,,,,,,,,,
2023/2/23 7:00,0.34,6.684,,,,,,,,,,,
2023/2/23 8:00,0.482,7.73,,,,,,,,,,,
2023/2/23 9:00,0.699,9.416,,,,,,,,,,,
2023/2/23 10:00,0.78,10.213,,,,,,,,,,,
2023/2/23 11:00,0.683,9.282,,,,,,,,,,,
2023/2/23 12:00,0.575,8.412,,,,,,,,,,,
2023/2/23 13:00,0.561,8.297,,,,,,,,,,,
2023/2/23 14:00,0.624,8.789,,,,,,,,,,,
2023/2/23 15:00,0.659,9.073,,,,,,,,,,,
2023/2/23 16:00,0.643,8.942,,,,,,,,,,,
2023/2/23 17:00,0.655,9.033,,,,,,,,,,,
2023/2/23 18:00,0.662,9.102,,,,,,,,,,,
2023/2/23 19:00,0.667,9.14,,,,,,,,,,,
2023/2/23 20:00,0.662,9.105,,,,,,,,,,,
2023/2/23 21:00,0.677,9.229,,,,,,,,,,,
2023/2/23 22:00,0.69,9.34,,,,,,,,,,,
2023/2/23 23:00,0.633,8.864,,,,,,,,,,,
2023/2/24 0:00,0.85,11.111,,,,,,,,,,,
2023/2/24 1:00,0.877,11.546,,,,,,,,,,,
2023/2/24 2:00,0.859,11.25,,,,,,,,,,,
2023/2/24 3:00,0.85,11.111,,,,,,,,,,,
2023/2/24 4:00,0.857,11.22,,,,,,,,,,,
2023/2/24 5:00,0.865,11.338,,,,,,,,,,,
2023/2/24 6:00,0.865,11.346,,,,,,,,,,,
2023/2/24 7:00,0.853,11.163,,,,,,,,,,,
2023/2/24 8:00,0.798,10.428,,,,,,,,,,,
2023/2/24 9:00,0.635,8.877,,,,,,,,,,,
2023/2/24 10:00,0.606,8.645,,,,,,,,,,,
2023/2/24 11:00,0.669,9.157,,,,,,,,,,,
2023/2/24 12:00,0.674,9.189,,,,,,,,,,,
2023/2/24 13:00,0.664,9.116,,,,,,,,,,,
2023/2/24 14:00,0.698,9.409,,,,,,,,,,,
2023/2/24 15:00,0.718,9.597,,,,,,,,,,,
2023/2/24 16:00,0.731,9.71,,,,,,,,,,,
2023/2/24 17:00,0.738,9.781,,,,,,,,,,,
2023/2/24 18:00,0.768,10.088,,,,,,,,,,,
2023/2/24 19:00,0.784,10.27,,,,,,,,,,,
2023/2/24 20:00,0.755,9.953,,,,,,,,,,,
2023/2/24 21:00,0.737,9.774,,,,,,,,,,,
2023/2/24 22:00,0.739,9.797,,,,,,,,,,,
2023/2/24 23:00,0.647,8.973,,,,,,,,,,,
2023/2/25 0:00,0.404,7.163,,,,,,,,,,,
2023/2/25 1:00,0.6,8.601,,,,,,,,,,,
2023/2/25 2:00,0.592,8.53,,,,,,,,,,,
2023/2/25 3:00,0.544,8.181,,,,,,,,,,,
2023/2/25 4:00,0.534,8.108,,,,,,,,,,,
2023/2/25 5:00,0.542,8.163,,,,,,,,,,,
2023/2/25 6:00,0.538,8.133,,,,,,,,,,,
2023/2/25 7:00,0.485,7.75,,,,,,,,,,,
2023/2/25 8:00,0.306,6.421,,,,,,,,,,,
2023/2/25 9:00,0.192,5.442,,,,,,,,,,,
2023/2/25 10:00,0.129,4.751,,,,,,,,,,,
2023/2/25 11:00,0.13,4.767,,,,,,,,,,,
2023/2/25 12:00,0.192,5.437,,,,,,,,,,,
2023/2/25 13:00,0.3,6.382,,,,,,,,,,,
2023/2/25 14:00,0.436,7.39,,,,,,,,,,,
2023/2/25 15:00,0.541,8.161,,,,,,,,,,,
2023/2/25 16:00,0.603,8.629,,,,,,,,,,,
2023/2/25 17:00,0.626,8.807,,,,,,,,,,,
2023/2/25 18:00,0.617,8.735,,,,,,,,,,,
2023/2/25 19:00,0.595,8.561,,,,,,,,,,,
2023/2/25 20:00,0.579,8.438,,,,,,,,,,,
2023/2/25 21:00,0.579,8.438,,,,,,,,,,,
2023/2/25 22:00,0.583,8.473,,,,,,,,,,,
2023/2/25 23:00,0.522,8.018,,,,,,,,,,,
2023/2/26 0:00,0.24,5.884,,,,,,,,,,,
2023/2/26 1:00,0.134,4.81,,,,,,,,,,,
2023/2/26 2:00,0.331,6.615,,,,,,,,,,,
2023/2/26 3:00,0.301,6.385,,,,,,,,,,,
2023/2/26 4:00,0.253,5.994,,,,,,,,,,,
2023/2/26 5:00,0.242,5.901,,,,,,,,,,,
2023/2/26 6:00,0.267,6.106,,,,,,,,,,,
2023/2/26 7:00,0.289,6.295,,,,,,,,,,,
2023/2/26 8:00,0.427,7.325,,,,,,,,,,,
2023/2/26 9:00,0.684,9.287,,,,,,,,,,,
2023/2/26 10:00,0.842,11.001,,,,,,,,,,,
2023/2/26 11:00,0.888,11.748,,,,,,,,,,,
2023/2/26 12:00,0.887,11.727,,,,,,,,,,,
2023/2/26 13:00,0.88,11.601,,,,,,,,,,,
2023/2/26 14:00,0.865,11.341,,,,,,,,,,,
2023/2/26 15:00,0.89,11.782,,,,,,,,,,,
2023/2/26 16:00,0.915,12.327,,,,,,,,,,,
2023/2/26 17:00,0.919,12.42,,,,,,,,,,,
2023/2/26 18:00,0.924,12.554,,,,,,,,,,,
2023/2/26 19:00,0.934,12.833,,,,,,,,,,,
2023/2/26 20:00,0.94,12.996,,,,,,,,,,,
2023/2/26 21:00,0.941,13.055,,,,,,,,,,,
2023/2/26 22:00,0.939,12.972,,,,,,,,,,,
2023/2/26 23:00,0.923,12.522,,,,,,,,,,,
2023/2/27 0:00,0.906,12.131,,,,,,,,,,,
2023/2/27 1:00,0.945,13.175,,,,,,,,,,,
2023/2/27 2:00,0.954,13.525,,,,,,,,,,,
2023/2/27 3:00,0.959,13.726,,,,,,,,,,,
2023/2/27 4:00,0.962,13.847,,,,,,,,,,,
2023/2/27 5:00,0.964,13.952,,,,,,,,,,,
2023/2/27 6:00,0.961,13.825,,,,,,,,,,,
2023/2/27 7:00,0.951,13.41,,,,,,,,,,,
2023/2/27 8:00,0.948,13.3,,,,,,,,,,,
2023/2/27 9:00,0.945,13.195,,,,,,,,,,,
2023/2/27 10:00,0.923,12.532,,,,,,,,,,,
2023/2/27 11:00,0.912,12.255,,,,,,,,,,,
2023/2/27 12:00,0.911,12.239,,,,,,,,,,,
2023/2/27 13:00,0.91,12.211,,,,,,,,,,,
2023/2/27 14:00,0.898,11.945,,,,,,,,,,,
2023/2/27 15:00,0.855,11.196,,,,,,,,,,,
2023/2/27 16:00,0.785,10.282,,,,,,,,,,,
2023/2/27 17:00,0.729,9.688,,,,,,,,,,,
2023/2/27 18:00,0.698,9.4,,,,,,,,,,,
2023/2/27 19:00,0.729,9.691,,,,,,,,,,,
2023/2/27 20:00,0.744,9.849,,,,,,,,,,,
2023/2/27 21:00,0.759,9.996,,,,,,,,,,,
2023/2/27 22:00,0.763,10.043,,,,,,,,,,,
2023/2/27 23:00,0.853,11.155,,,,,,,,,,,
2023/2/28 0:00,0.946,13.229,,,,,,,,,,,
2023/2/28 1:00,0.946,13.21,,,,,,,,,,,
2023/2/28 2:00,0.929,12.68,,,,,,,,,,,
2023/2/28 3:00,0.91,12.22,,,,,,,,,,,
2023/2/28 4:00,0.886,11.71,,,,,,,,,,,
2023/2/28 5:00,0.843,11.002,,,,,,,,,,,
2023/2/28 6:00,0.782,10.246,,,,,,,,,,,
2023/2/28 7:00,0.725,9.656,,,,,,,,,,,
2023/2/28 8:00,0.597,8.57,,,,,,,,,,,
2023/2/28 9:00,0.462,7.578,,,,,,,,,,,
2023/2/28 10:00,0.352,6.784,,,,,,,,,,,
2023/2/28 11:00,0.226,5.76,,,,,,,,,,,
2023/2/28 12:00,0.155,5.045,,,,,,,,,,,
2023/2/28 13:00,0.162,5.132,,,,,,,,,,,
2023/2/28 14:00,0.233,5.825,,,,,,,,,,,
2023/2/28 15:00,0.327,6.581,,,,,,,,,,,
2023/2/28 16:00,0.428,7.34,,,,,,,,,,,
2023/2/28 17:00,0.448,7.481,,,,,,,,,,,
2023/2/28 18:00,0.377,6.963,,,,,,,,,,,
2023/2/28 19:00,0.342,6.701,,,,,,,,,,,
2023/2/28 20:00,0.361,6.844,,,,,,,,,,,
2023/2/28 21:00,0.442,7.436,,,,,,,,,,,
2023/2/28 22:00,0.51,7.919,,,,,,,,,,,
2023/2/28 23:00,0.633,8.861,,,,,,,,,,,
2023/3/1 0:00,0.808,10.545,,,,,,,,,,,
2023/3/1 1:00,0.875,11.519,,,,,,,,,,,
2023/3/1 2:00,0.905,12.111,,,,,,,,,,,
2023/3/1 3:00,0.921,12.474,,,,,,,,,,,
2023/3/1 4:00,0.946,13.202,,,,,,,,,,,
2023/3/1 5:00,0.971,14.331,,,,,,,,,,,
2023/3/1 6:00,0.981,15.135,,,,,,,,,,,
2023/3/1 7:00,0.98,14.996,,,,,,,,,,,
2023/3/1 8:00,0.965,14.024,,,,,,,,,,,
2023/3/1 9:00,0.897,11.917,,,,,,,,,,,
2023/3/1 10:00,0.765,10.064,,,,,,,,,,,
2023/3/1 11:00,0.661,9.095,,,,,,,,,,,
2023/3/1 12:00,0.537,8.118,,,,,,,,,,,
2023/3/1 13:00,0.376,6.955,,,,,,,,,,,
2023/3/1 14:00,0.237,5.854,,,,,,,,,,,
2023/3/1 15:00,0.16,5.111,,,,,,,,,,,
2023/3/1 16:00,0.157,5.069,,,,,,,,,,,
2023/3/1 17:00,0.263,6.075,,,,,,,,,,,
2023/3/1 18:00,0.419,7.271,,,,,,,,,,,
2023/3/1 19:00,0.511,7.937,,,,,,,,,,,
2023/3/1 20:00,0.546,8.197,,,,,,,,,,,
2023/3/1 21:00,0.577,8.421,,,,,,,,,,,
2023/3/1 22:00,0.612,8.695,,,,,,,,,,,
2023/3/1 23:00,0.531,8.076,,,,,,,,,,,
2023/3/2 0:00,0.372,6.932,,,,,,,,,,,
2023/3/2 1:00,0.463,7.59,,,,,,,,,,,
2023/3/2 2:00,0.621,8.77,,,,,,,,,,,
2023/3/2 3:00,0.657,9.059,,,,,,,,,,,
2023/3/2 4:00,0.739,9.797,,,,,,,,,,,
2023/3/2 5:00,0.813,10.61,,,,,,,,,,,
2023/3/2 6:00,0.84,10.968,,,,,,,,,,,
2023/3/2 7:00,0.786,10.294,,,,,,,,,,,
2023/3/2 8:00,0.729,9.7,,,,,,,,,,,
2023/3/2 9:00,0.729,9.699,,,,,,,,,,,
2023/3/2 10:00,0.727,9.678,,,,,,,,,,,
2023/3/2 11:00,0.688,9.322,,,,,,,,,,,
2023/3/2 12:00,0.615,8.715,,,,,,,,,,,
2023/3/2 13:00,0.543,8.168,,,,,,,,,,,
2023/3/2 14:00,0.498,7.842,,,,,,,,,,,
2023/3/2 15:00,0.465,7.598,,,,,,,,,,,
2023/3/2 16:00,0.416,7.25,,,,,,,,,,,
2023/3/2 17:00,0.337,6.662,,,,,,,,,,,
2023/3/2 18:00,0.256,6.021,,,,,,,,,,,
2023/3/2 19:00,0.209,5.601,,,,,,,,,,,
2023/3/2 20:00,0.184,5.365,,,,,,,,,,,
2023/3/2 21:00,0.175,5.27,,,,,,,,,,,
2023/3/2 22:00,0.166,5.179,,,,,,,,,,,
2023/3/2 23:00,0.131,4.772,,,,,,,,,,,
2023/3/3 0:00,0.034,3.14,,,,,,,,,,,
2023/3/3 1:00,0.001,1.307,,,,,,,,,,,
2023/3/3 2:00,0.003,1.723,,,,,,,,,,,
2023/3/3 3:00,0.003,1.777,,,,,,,,,,,
2023/3/3 4:00,0.002,1.53,,,,,,,,,,,
2023/3/3 5:00,0.001,1.301,,,,,,,,,,,
2023/3/3 6:00,0.007,2.075,,,,,,,,,,,
2023/3/3 7:00,0.047,3.447,,,,,,,,,,,
2023/3/3 8:00,0.225,5.75,,,,,,,,,,,
2023/3/3 9:00,0.375,6.94,,,,,,,,,,,
2023/3/3 10:00,0.41,7.21,,,,,,,,,,,
2023/3/3 11:00,0.381,7,,,,,,,,,,,
2023/3/3 12:00,0.352,6.781,,,,,,,,,,,
2023/3/3 13:00,0.369,6.905,,,,,,,,,,,
2023/3/3 14:00,0.354,6.793,,,,,,,,,,,
2023/3/3 15:00,0.269,6.13,,,,,,,,,,,
2023/3/3 16:00,0.189,5.41,,,,,,,,,,,
2023/3/3 17:00,0.139,4.867,,,,,,,,,,,
2023/3/3 18:00,0.103,4.404,,,,,,,,,,,
2023/3/3 19:00,0.067,3.849,,,,,,,,,,,
2023/3/3 20:00,0.036,3.194,,,,,,,,,,,
2023/3/3 21:00,0.021,2.724,,,,,,,,,,,
2023/3/3 22:00,0.014,2.451,,,,,,,,,,,
2023/3/3 23:00,0.009,2.224,,,,,,,,,,,
2023/3/4 0:00,0.001,1.398,,,,,,,,,,,
2023/3/4 1:00,0.007,2.062,,,,,,,,,,,
2023/3/4 2:00,0.019,2.677,,,,,,,,,,,
2023/3/4 3:00,0.034,3.13,,,,,,,,,,,
2023/3/4 4:00,0.036,3.195,,,,,,,,,,,
2023/3/4 5:00,0.039,3.265,,,,,,,,,,,
2023/3/4 6:00,0.056,3.649,,,,,,,,,,,
2023/3/4 7:00,0.125,4.704,,,,,,,,,,,
2023/3/4 8:00,0.416,7.248,,,,,,,,,,,
2023/3/4 9:00,0.726,9.664,,,,,,,,,,,
2023/3/4 10:00,0.794,10.37,,,,,,,,,,,
2023/3/4 11:00,0.781,10.238,,,,,,,,,,,
2023/3/4 12:00,0.754,9.949,,,,,,,,,,,
2023/3/4 13:00,0.688,9.32,,,,,,,,,,,
2023/3/4 14:00,0.635,8.881,,,,,,,,,,,
2023/3/4 15:00,0.632,8.853,,,,,,,,,,,
2023/3/4 16:00,0.655,9.04,,,,,,,,,,,
2023/3/4 17:00,0.669,9.148,,,,,,,,,,,
2023/3/4 18:00,0.681,9.255,,,,,,,,,,,
2023/3/4 19:00,0.69,9.341,,,,,,,,,,,
2023/3/4 20:00,0.689,9.336,,,,,,,,,,,
2023/3/4 21:00,0.669,9.16,,,,,,,,,,,
2023/3/4 22:00,0.657,9.063,,,,,,,,,,,
2023/3/4 23:00,0.521,8.007,,,,,,,,,,,
2023/3/5 0:00,0.327,6.587,,,,,,,,,,,
2023/3/5 1:00,0.488,7.766,,,,,,,,,,,
2023/3/5 2:00,0.661,9.095,,,,,,,,,,,
2023/3/5 3:00,0.744,9.847,,,,,,,,,,,
2023/3/5 4:00,0.814,10.615,,,,,,,,,,,
2023/3/5 5:00,0.853,11.15,,,,,,,,,,,
2023/3/5 6:00,0.861,11.288,,,,,,,,,,,
2023/3/5 7:00,0.831,10.841,,,,,,,,,,,
2023/3/5 8:00,0.835,10.893,,,,,,,,,,,
2023/3/5 9:00,0.863,11.321,,,,,,,,,,,
2023/3/5 10:00,0.87,11.424,,,,,,,,,,,
2023/3/5 11:00,0.829,10.819,,,,,,,,,,,
2023/3/5 12:00,0.796,10.399,,,,,,,,,,,
2023/3/5 13:00,0.774,10.153,,,,,,,,,,,
2023/3/5 14:00,0.721,9.621,,,,,,,,,,,
2023/3/5 15:00,0.656,9.047,,,,,,,,,,,
2023/3/5 16:00,0.571,8.383,,,,,,,,,,,
2023/3/5 17:00,0.474,7.663,,,,,,,,,,,
2023/3/5 18:00,0.41,7.21,,,,,,,,,,,
2023/3/5 19:00,0.375,6.95,,,,,,,,,,,
2023/3/5 20:00,0.351,6.773,,,,,,,,,,,
2023/3/5 21:00,0.364,6.864,,,,,,,,,,,
2023/3/5 22:00,0.389,7.057,,,,,,,,,,,
2023/3/5 23:00,0.323,6.562,,,,,,,,,,,
2023/3/6 0:00,0.175,5.266,,,,,,,,,,,
2023/3/6 1:00,0.181,5.32,,,,,,,,,,,
2023/3/6 2:00,0.236,5.847,,,,,,,,,,,
2023/3/6 3:00,0.261,6.062,,,,,,,,,,,
2023/3/6 4:00,0.242,5.897,,,,,,,,,,,
2023/3/6 5:00,0.196,5.475,,,,,,,,,,,
2023/3/6 6:00,0.126,4.722,,,,,,,,,,,
2023/3/6 7:00,0.073,3.951,,,,,,,,,,,
2023/3/6 8:00,0.053,3.581,,,,,,,,,,,
2023/3/6 9:00,0.05,3.52,,,,,,,,,,,
2023/3/6 10:00,0.039,3.266,,,,,,,,,,,
2023/3/6 11:00,0.082,4.11,,,,,,,,,,,
2023/3/6 12:00,0.211,5.623,,,,,,,,,,,
2023/3/6 13:00,0.434,7.381,,,,,,,,,,,
2023/3/6 14:00,0.66,9.081,,,,,,,,,,,
2023/3/6 15:00,0.795,10.39,,,,,,,,,,,
2023/3/6 16:00,0.867,11.38,,,,,,,,,,,
2023/3/6 17:00,0.901,12.013,,,,,,,,,,,
2023/3/6 18:00,0.913,12.271,,,,,,,,,,,
2023/3/6 19:00,0.916,12.36,,,,,,,,,,,
2023/3/6 20:00,0.923,12.514,,,,,,,,,,,
2023/3/6 21:00,0.929,12.699,,,,,,,,,,,
2023/3/6 22:00,0.933,12.798,,,,,,,,,,,
2023/3/6 23:00,0.888,11.74,,,,,,,,,,,
2023/3/7 0:00,0.793,10.366,,,,,,,,,,,
2023/3/7 1:00,0.921,12.465,,,,,,,,,,,
2023/3/7 2:00,0.965,13.982,,,,,,,,,,,
2023/3/7 3:00,0.971,14.364,,,,,,,,,,,
2023/3/7 4:00,0.969,14.202,,,,,,,,,,,
2023/3/7 5:00,0.957,13.638,,,,,,,,,,,
2023/3/7 6:00,0.926,12.601,,,,,,,,,,,
2023/3/7 7:00,0.85,11.104,,,,,,,,,,,
2023/3/7 8:00,0.729,9.7,,,,,,,,,,,
2023/3/7 9:00,0.66,9.087,,,,,,,,,,,
2023/3/7 10:00,0.702,9.441,,,,,,,,,,,
2023/3/7 11:00,0.681,9.257,,,,,,,,,,,
2023/3/7 12:00,0.688,9.32,,,,,,,,,,,
2023/3/7 13:00,0.746,9.863,,,,,,,,,,,
2023/3/7 14:00,0.761,10.02,,,,,,,,,,,
2023/3/7 15:00,0.725,9.657,,,,,,,,,,,
2023/3/7 16:00,0.758,9.988,,,,,,,,,,,
2023/3/7 17:00,0.739,9.793,,,,,,,,,,,
2023/3/7 18:00,0.705,9.474,,,,,,,,,,,
2023/3/7 19:00,0.679,9.237,,,,,,,,,,,
2023/3/7 20:00,0.636,8.89,,,,,,,,,,,
2023/3/7 21:00,0.564,8.318,,,,,,,,,,,
2023/3/7 22:00,0.48,7.713,,,,,,,,,,,
2023/3/7 23:00,0.341,6.694,,,,,,,,,,,
2023/3/8 0:00,0.181,5.332,,,,,,,,,,,
2023/3/8 1:00,0.056,3.636,,,,,,,,,,,
2023/3/8 2:00,0.006,1.98,,,,,,,,,,,
2023/3/8 3:00,0,1.138,,,,,,,,,,,
2023/3/8 4:00,0.001,1.46,,,,,,,,,,,
2023/3/8 5:00,0.011,2.32,,,,,,,,,,,
2023/3/8 6:00,0.033,3.1,,,,,,,,,,,
2023/3/8 7:00,0.101,4.383,,,,,,,,,,,
2023/3/8 8:00,0.295,6.341,,,,,,,,,,,
2023/3/8 9:00,0.604,8.634,,,,,,,,,,,
2023/3/8 10:00,0.778,10.187,,,,,,,,,,,
2023/3/8 11:00,0.836,10.905,,,,,,,,,,,
2023/3/8 12:00,0.86,11.255,,,,,,,,,,,
2023/3/8 13:00,0.865,11.335,,,,,,,,,,,
2023/3/8 14:00,0.895,11.889,,,,,,,,,,,
2023/3/8 15:00,0.91,12.22,,,,,,,,,,,
2023/3/8 16:00,0.859,11.25,,,,,,,,,,,
2023/3/8 17:00,0.764,10.05,,,,,,,,,,,
2023/3/8 18:00,0.674,9.204,,,,,,,,,,,
2023/3/8 19:00,0.621,8.76,,,,,,,,,,,
2023/3/8 20:00,0.562,8.312,,,,,,,,,,,
2023/3/8 21:00,0.565,8.334,,,,,,,,,,,
2023/3/8 22:00,0.59,8.525,,,,,,,,,,,
2023/3/8 23:00,0.496,7.824,,,,,,,,,,,
2023/3/9 0:00,0.264,6.091,,,,,,,,,,,
2023/3/9 1:00,0.481,7.723,,,,,,,,,,,
2023/3/9 2:00,0.599,8.597,,,,,,,,,,,
2023/3/9 3:00,0.456,7.541,,,,,,,,,,,
2023/3/9 4:00,0.362,6.85,,,,,,,,,,,
2023/3/9 5:00,0.347,6.732,,,,,,,,,,,
2023/3/9 6:00,0.327,6.585,,,,,,,,,,,
2023/3/9 7:00,0.234,5.828,,,,,,,,,,,
2023/3/9 8:00,0.104,4.428,,,,,,,,,,,
2023/3/9 9:00,0.062,3.749,,,,,,,,,,,
2023/3/9 10:00,0.033,3.114,,,,,,,,,,,
2023/3/9 11:00,0.021,2.731,,,,,,,,,,,
2023/3/9 12:00,0.033,3.103,,,,,,,,,,,
2023/3/9 13:00,0.105,4.439,,,,,,,,,,,
2023/3/9 14:00,0.261,6.064,,,,,,,,,,,
2023/3/9 15:00,0.485,7.741,,,,,,,,,,,
2023/3/9 16:00,0.674,9.193,,,,,,,,,,,
2023/3/9 17:00,0.773,10.14,,,,,,,,,,,
2023/3/9 18:00,0.81,10.573,,,,,,,,,,,
2023/3/9 19:00,0.827,10.787,,,,,,,,,,,
2023/3/9 20:00,0.847,11.07,,,,,,,,,,,
2023/3/9 21:00,0.862,11.304,,,,,,,,,,,
2023/3/9 22:00,0.872,11.47,,,,,,,,,,,
2023/3/9 23:00,0.831,10.839,,,,,,,,,,,
2023/3/10 0:00,0.767,10.076,,,,,,,,,,,
2023/3/10 1:00,0.761,10.017,,,,,,,,,,,
2023/3/10 2:00,0.853,11.158,,,,,,,,,,,
2023/3/10 3:00,0.924,12.562,,,,,,,,,,,
2023/3/10 4:00,0.948,13.302,,,,,,,,,,,
2023/3/10 5:00,0.955,13.552,,,,,,,,,,,
2023/3/10 6:00,0.949,13.324,,,,,,,,,,,
2023/3/10 7:00,0.95,13.339,,,,,,,,,,,
2023/3/10 8:00,0.949,13.311,,,,,,,,,,,
2023/3/10 9:00,0.935,12.864,,,,,,,,,,,
2023/3/10 10:00,0.89,11.792,,,,,,,,,,,
2023/3/10 11:00,0.85,11.115,,,,,,,,,,,
2023/3/10 12:00,0.83,10.827,,,,,,,,,,,
2023/3/10 13:00,0.798,10.43,,,,,,,,,,,
2023/3/10 14:00,0.747,9.875,,,,,,,,,,,
2023/3/10 15:00,0.691,9.351,,,,,,,,,,,
2023/3/10 16:00,0.602,8.616,,,,,,,,,,,
2023/3/10 17:00,0.507,7.908,,,,,,,,,,,
2023/3/10 18:00,0.429,7.343,,,,,,,,,,,
2023/3/10 19:00,0.432,7.365,,,,,,,,,,,
2023/3/10 20:00,0.415,7.238,,,,,,,,,,,
2023/3/10 21:00,0.354,6.795,,,,,,,,,,,
2023/3/10 22:00,0.258,6.039,,,,,,,,,,,
2023/3/10 23:00,0.297,6.351,,,,,,,,,,,
2023/3/11 0:00,0.363,6.86,,,,,,,,,,,
2023/3/11 1:00,0.331,6.615,,,,,,,,,,,
2023/3/11 2:00,0.28,6.219,,,,,,,,,,,
2023/3/11 3:00,0.229,5.781,,,,,,,,,,,
2023/3/11 4:00,0.182,5.34,,,,,,,,,,,
2023/3/11 5:00,0.121,4.641,,,,,,,,,,,
2023/3/11 6:00,0.045,3.408,,,,,,,,,,,
2023/3/11 7:00,0.029,2.995,,,,,,,,,,,
2023/3/11 8:00,0.072,3.937,,,,,,,,,,,
2023/3/11 9:00,0.218,5.685,,,,,,,,,,,
2023/3/11 10:00,0.269,6.129,,,,,,,,,,,
2023/3/11 11:00,0.188,5.4,,,,,,,,,,,
2023/3/11 12:00,0.286,6.267,,,,,,,,,,,
2023/3/11 13:00,0.51,7.93,,,,,,,,,,,
2023/3/11 14:00,0.565,8.327,,,,,,,,,,,
2023/3/11 15:00,0.511,7.943,,,,,,,,,,,
2023/3/11 16:00,0.408,7.188,,,,,,,,,,,
2023/3/11 17:00,0.322,6.551,,,,,,,,,,,
2023/3/11 18:00,0.295,6.338,,,,,,,,,,,
2023/3/11 19:00,0.35,6.754,,,,,,,,,,,
2023/3/11 20:00,0.51,7.924,,,,,,,,,,,
2023/3/11 21:00,0.532,8.082,,,,,,,,,,,
2023/3/11 22:00,0.421,7.28,,,,,,,,,,,
2023/3/11 23:00,0.717,9.579,,,,,,,,,,,
2023/3/12 0:00,0.863,11.316,,,,,,,,,,,
2023/3/12 1:00,0.883,11.664,,,,,,,,,,,
2023/3/12 2:00,0.892,11.822,,,,,,,,,,,
2023/3/12 3:00,0.899,11.978,,,,,,,,,,,
2023/3/12 4:00,0.899,11.978,,,,,,,,,,,
2023/3/12 5:00,0.893,11.852,,,,,,,,,,,
2023/3/12 6:00,0.878,11.562,,,,,,,,,,,
2023/3/12 7:00,0.842,10.985,,,,,,,,,,,
2023/3/12 8:00,0.758,9.983,,,,,,,,,,,
2023/3/12 9:00,0.513,7.956,,,,,,,,,,,
2023/3/12 10:00,0.295,6.336,,,,,,,,,,,
2023/3/12 11:00,0.135,4.833,,,,,,,,,,,
2023/3/12 12:00,0.038,3.223,,,,,,,,,,,
2023/3/12 13:00,0.003,1.776,,,,,,,,,,,
2023/3/12 14:00,0.009,2.229,,,,,,,,,,,
2023/3/12 15:00,0.074,3.969,,,,,,,,,,,
2023/3/12 16:00,0.178,5.293,,,,,,,,,,,
2023/3/12 17:00,0.256,6.011,,,,,,,,,,,
2023/3/12 18:00,0.314,6.48,,,,,,,,,,,
2023/3/12 19:00,0.379,6.982,,,,,,,,,,,
2023/3/12 20:00,0.434,7.372,,,,,,,,,,,
2023/3/12 21:00,0.451,7.501,,,,,,,,,,,
2023/3/12 22:00,0.478,7.702,,,,,,,,,,,
2023/3/12 23:00,0.518,7.984,,,,,,,,,,,
2023/3/13 0:00,0.659,9.076,,,,,,,,,,,
2023/3/13 1:00,0.714,9.556,,,,,,,,,,,
2023/3/13 2:00,0.635,8.882,,,,,,,,,,,
2023/3/13 3:00,0.607,8.658,,,,,,,,,,,
2023/3/13 4:00,0.6,8.604,,,,,,,,,,,
2023/3/13 5:00,0.532,8.092,,,,,,,,,,,
2023/3/13 6:00,0.295,6.338,,,,,,,,,,,
2023/3/13 7:00,0.254,6,,,,,,,,,,,
2023/3/13 8:00,0.294,6.327,,,,,,,,,,,
2023/3/13 9:00,0.261,6.051,,,,,,,,,,,
2023/3/13 10:00,0.194,5.452,,,,,,,,,,,
2023/3/13 11:00,0.172,5.241,,,,,,,,,,,
2023/3/13 12:00,0.163,5.143,,,,,,,,,,,
2023/3/13 13:00,0.146,4.961,,,,,,,,,,,
2023/3/13 14:00,0.121,4.645,,,,,,,,,,,
2023/3/13 15:00,0.104,4.43,,,,,,,,,,,
2023/3/13 16:00,0.111,4.521,,,,,,,,,,,
2023/3/13 17:00,0.098,4.347,,,,,,,,,,,
2023/3/13 18:00,0.071,3.928,,,,,,,,,,,
2023/3/13 19:00,0.05,3.504,,,,,,,,,,,
2023/3/13 20:00,0.037,3.212,,,,,,,,,,,
2023/3/13 21:00,0.027,2.946,,,,,,,,,,,
2023/3/13 22:00,0.017,2.581,,,,,,,,,,,
2023/3/13 23:00,0.007,2.057,,,,,,,,,,,
2023/3/14 0:00,0.002,1.516,,,,,,,,,,,
2023/3/14 1:00,0,0.698,,,,,,,,,,,
2023/3/14 2:00,0.002,1.618,,,,,,,,,,,
2023/3/14 3:00,0.049,3.493,,,,,,,,,,,
2023/3/14 4:00,0.252,5.982,,,,,,,,,,,
2023/3/14 5:00,0.653,9.024,,,,,,,,,,,
2023/3/14 6:00,0.938,12.936,,,,,,,,,,,
2023/3/14 7:00,0.988,16.605,,,,,,,,,,,
2023/3/14 8:00,0.982,17.647,,,,,,,,,,,
2023/3/14 9:00,0.988,16.203,,,,,,,,,,,
2023/3/14 10:00,0.977,14.732,,,,,,,,,,,
2023/3/14 11:00,0.962,13.858,,,,,,,,,,,
2023/3/14 12:00,0.954,13.496,,,,,,,,,,,
2023/3/14 13:00,0.951,13.382,,,,,,,,,,,
2023/3/14 14:00,0.938,12.935,,,,,,,,,,,
2023/3/14 15:00,0.934,12.83,,,,,,,,,,,
2023/3/14 16:00,0.947,13.236,,,,,,,,,,,
2023/3/14 17:00,0.956,13.606,,,,,,,,,,,
2023/3/14 18:00,0.963,13.906,,,,,,,,,,,
2023/3/14 19:00,0.963,13.913,,,,,,,,,,,
2023/3/14 20:00,0.951,13.376,,,,,,,,,,,
2023/3/14 21:00,0.936,12.88,,,,,,,,,,,
2023/3/14 22:00,0.92,12.464,,,,,,,,,,,
2023/3/14 23:00,0.953,13.473,,,,,,,,,,,
2023/3/15 0:00,0.977,14.752,,,,,,,,,,,
2023/3/15 1:00,0.983,15.287,,,,,,,,,,,
2023/3/15 2:00,0.983,15.328,,,,,,,,,,,
2023/3/15 3:00,0.981,15.108,,,,,,,,,,,
2023/3/15 4:00,0.975,14.631,,,,,,,,,,,
2023/3/15 5:00,0.969,14.198,,,,,,,,,,,
2023/3/15 6:00,0.962,13.88,,,,,,,,,,,
2023/3/15 7:00,0.958,13.653,,,,,,,,,,,
2023/3/15 8:00,0.948,13.297,,,,,,,,,,,
2023/3/15 9:00,0.904,12.076,,,,,,,,,,,
2023/3/15 10:00,0.818,10.678,,,,,,,,,,,
2023/3/15 11:00,0.744,9.832,,,,,,,,,,,
2023/3/15 12:00,0.671,9.18,,,,,,,,,,,
2023/3/15 13:00,0.592,8.535,,,,,,,,,,,
2023/3/15 14:00,0.499,7.847,,,,,,,,,,,
2023/3/15 15:00,0.439,7.414,,,,,,,,,,,
2023/3/15 16:00,0.372,6.921,,,,,,,,,,,
2023/3/15 17:00,0.332,6.623,,,,,,,,,,,
2023/3/15 18:00,0.348,6.741,,,,,,,,,,,
2023/3/15 19:00,0.404,7.162,,,,,,,,,,,
2023/3/15 20:00,0.453,7.515,,,,,,,,,,,
2023/3/15 21:00,0.494,7.818,,,,,,,,,,,
2023/3/15 22:00,0.51,7.93,,,,,,,,,,,
2023/3/15 23:00,0.441,7.432,,,,,,,,,,,
2023/3/16 0:00,0.675,9.208,,,,,,,,,,,
2023/3/16 1:00,0.673,9.188,,,,,,,,,,,
2023/3/16 2:00,0.602,8.622,,,,,,,,,,,
2023/3/16 3:00,0.501,7.863,,,,,,,,,,,
2023/3/16 4:00,0.423,7.305,,,,,,,,,,,
2023/3/16 5:00,0.381,6.999,,,,,,,,,,,
2023/3/16 6:00,0.351,6.772,,,,,,,,,,,
2023/3/16 7:00,0.329,6.602,,,,,,,,,,,
2023/3/16 8:00,0.233,5.824,,,,,,,,,,,
2023/3/16 9:00,0.136,4.845,,,,,,,,,,,
2023/3/16 10:00,0.07,3.886,,,,,,,,,,,
2023/3/16 11:00,0.024,2.852,,,,,,,,,,,
2023/3/16 12:00,0.017,2.58,,,,,,,,,,,
2023/3/16 13:00,0.04,3.281,,,,,,,,,,,
2023/3/16 14:00,0.07,3.906,,,,,,,,,,,
2023/3/16 15:00,0.056,3.631,,,,,,,,,,,
2023/3/16 16:00,0.031,3.069,,,,,,,,,,,
2023/3/16 17:00,0.026,2.904,,,,,,,,,,,
2023/3/16 18:00,0.038,3.253,,,,,,,,,,,
2023/3/16 19:00,0.052,3.571,,,,,,,,,,,
2023/3/16 20:00,0.049,3.49,,,,,,,,,,,
2023/3/16 21:00,0.036,3.19,,,,,,,,,,,
2023/3/16 22:00,0.029,2.983,,,,,,,,,,,
2023/3/16 23:00,0.013,2.411,,,,,,,,,,,
2023/3/17 0:00,0.002,1.542,,,,,,,,,,,
2023/3/17 1:00,0.001,1.374,,,,,,,,,,,
2023/3/17 2:00,0.011,2.338,,,,,,,,,,,
2023/3/17 3:00,0.029,2.992,,,,,,,,,,,
2023/3/17 4:00,0.049,3.479,,,,,,,,,,,
2023/3/17 5:00,0.056,3.651,,,,,,,,,,,
2023/3/17 6:00,0.047,3.449,,,,,,,,,,,
2023/3/17 7:00,0.032,3.073,,,,,,,,,,,
2023/3/17 8:00,0.014,2.486,,,,,,,,,,,
2023/3/17 9:00,0.006,2.01,,,,,,,,,,,
2023/3/17 10:00,0.008,2.164,,,,,,,,,,,
2023/3/17 11:00,0.012,2.371,,,,,,,,,,,
2023/3/17 12:00,0.014,2.49,,,,,,,,,,,
2023/3/17 13:00,0.024,2.849,,,,,,,,,,,
2023/3/17 14:00,0.064,3.802,,,,,,,,,,,
2023/3/17 15:00,0.195,5.463,,,,,,,,,,,
2023/3/17 16:00,0.4,7.133,,,,,,,,,,,
2023/3/17 17:00,0.525,8.032,,,,,,,,,,,
2023/3/17 18:00,0.561,8.304,,,,,,,,,,,
2023/3/17 19:00,0.556,8.268,,,,,,,,,,,
2023/3/17 20:00,0.544,8.177,,,,,,,,,,,
2023/3/17 21:00,0.532,8.08,,,,,,,,,,,
2023/3/17 22:00,0.504,7.889,,,,,,,,,,,
2023/3/17 23:00,0.297,6.356,,,,,,,,,,,
2023/3/18 0:00,0.402,7.14,,,,,,,,,,,
2023/3/18 1:00,0.487,7.758,,,,,,,,,,,
2023/3/18 2:00,0.438,7.405,,,,,,,,,,,
2023/3/18 3:00,0.399,7.128,,,,,,,,,,,
2023/3/18 4:00,0.384,7.009,,,,,,,,,,,
2023/3/18 5:00,0.379,6.982,,,,,,,,,,,
2023/3/18 6:00,0.375,6.944,,,,,,,,,,,
2023/3/18 7:00,0.332,6.623,,,,,,,,,,,
2023/3/18 8:00,0.207,5.574,,,,,,,,,,,
2023/3/18 9:00,0.11,4.514,,,,,,,,,,,
2023/3/18 10:00,0.072,3.932,,,,,,,,,,,
2023/3/18 11:00,0.097,4.329,,,,,,,,,,,
2023/3/18 12:00,0.23,5.79,,,,,,,,,,,
2023/3/18 13:00,0.464,7.593,,,,,,,,,,,
2023/3/18 14:00,0.655,9.036,,,,,,,,,,,
2023/3/18 15:00,0.739,9.791,,,,,,,,,,,
2023/3/18 16:00,0.743,9.828,,,,,,,,,,,
2023/3/18 17:00,0.718,9.592,,,,,,,,,,,
2023/3/18 18:00,0.7,9.421,,,,,,,,,,,
2023/3/18 19:00,0.689,9.329,,,,,,,,,,,
2023/3/18 20:00,0.676,9.221,,,,,,,,,,,
2023/3/18 21:00,0.659,9.077,,,,,,,,,,,
2023/3/18 22:00,0.621,8.765,,,,,,,,,,,
2023/3/18 23:00,0.39,7.066,,,,,,,,,,,
2023/3/19 0:00,0.151,5.009,,,,,,,,,,,
2023/3/19 1:00,0.186,5.382,,,,,,,,,,,
2023/3/19 2:00,0.199,5.512,,,,,,,,,,,
2023/3/19 3:00,0.198,5.499,,,,,,,,,,,
2023/3/19 4:00,0.196,5.484,,,,,,,,,,,
2023/3/19 5:00,0.206,5.565,,,,,,,,,,,
2023/3/19 6:00,0.216,5.67,,,,,,,,,,,
2023/3/19 7:00,0.222,5.713,,,,,,,,,,,
2023/3/19 8:00,0.236,5.845,,,,,,,,,,,
2023/3/19 9:00,0.375,6.949,,,,,,,,,,,
2023/3/19 10:00,0.688,9.325,,,,,,,,,,,
2023/3/19 11:00,0.887,11.728,,,,,,,,,,,
2023/3/19 12:00,0.934,12.819,,,,,,,,,,,
2023/3/19 13:00,0.926,12.619,,,,,,,,,,,
2023/3/19 14:00,0.907,12.141,,,,,,,,,,,
2023/3/19 15:00,0.868,11.395,,,,,,,,,,,
2023/3/19 16:00,0.831,10.842,,,,,,,,,,,
2023/3/19 17:00,0.792,10.355,,,,,,,,,,,
2023/3/19 18:00,0.762,10.026,,,,,,,,,,,
2023/3/19 19:00,0.688,9.327,,,,,,,,,,,
2023/3/19 20:00,0.623,8.779,,,,,,,,,,,
2023/3/19 21:00,0.595,8.564,,,,,,,,,,,
2023/3/19 22:00,0.58,8.443,,,,,,,,,,,
2023/3/19 23:00,0.503,7.879,,,,,,,,,,,
2023/3/20 0:00,0.538,8.134,,,,,,,,,,,
2023/3/20 1:00,0.538,8.14,,,,,,,,,,,
2023/3/20 2:00,0.457,7.552,,,,,,,,,,,
2023/3/20 3:00,0.437,7.392,,,,,,,,,,,
2023/3/20 4:00,0.445,7.465,,,,,,,,,,,
2023/3/20 5:00,0.469,7.634,,,,,,,,,,,
2023/3/20 6:00,0.478,7.698,,,,,,,,,,,
2023/3/20 7:00,0.463,7.592,,,,,,,,,,,
2023/3/20 8:00,0.353,6.79,,,,,,,,,,,
2023/3/20 9:00,0.291,6.305,,,,,,,,,,,
2023/3/20 10:00,0.399,7.127,,,,,,,,,,,
2023/3/20 11:00,0.587,8.491,,,,,,,,,,,
2023/3/20 12:00,0.762,10.029,,,,,,,,,,,
2023/3/20 13:00,0.866,11.364,,,,,,,,,,,
2023/3/20 14:00,0.899,11.965,,,,,,,,,,,
2023/3/20 15:00,0.897,11.927,,,,,,,,,,,
2023/3/20 16:00,0.888,11.742,,,,,,,,,,,
2023/3/20 17:00,0.875,11.522,,,,,,,,,,,
2023/3/20 18:00,0.857,11.214,,,,,,,,,,,
2023/3/20 19:00,0.802,10.471,,,,,,,,,,,
2023/3/20 20:00,0.72,9.61,,,,,,,,,,,
2023/3/20 21:00,0.627,8.818,,,,,,,,,,,
2023/3/20 22:00,0.58,8.439,,,,,,,,,,,
2023/3/20 23:00,0.571,8.379,,,,,,,,,,,
2023/3/21 0:00,0.608,8.661,,,,,,,,,,,
2023/3/21 1:00,0.753,9.924,,,,,,,,,,,
2023/3/21 2:00,0.825,10.754,,,,,,,,,,,
2023/3/21 3:00,0.843,11.008,,,,,,,,,,,
2023/3/21 4:00,0.873,11.476,,,,,,,,,,,
2023/3/21 5:00,0.914,12.316,,,,,,,,,,,
2023/3/21 6:00,0.932,12.776,,,,,,,,,,,
2023/3/21 7:00,0.919,12.425,,,,,,,,,,,
2023/3/21 8:00,0.891,11.821,,,,,,,,,,,
2023/3/21 9:00,0.837,10.922,,,,,,,,,,,
2023/3/21 10:00,0.838,10.944,,,,,,,,,,,
2023/3/21 11:00,0.843,11.003,,,,,,,,,,,
2023/3/21 12:00,0.862,11.294,,,,,,,,,,,
2023/3/21 13:00,0.871,11.456,,,,,,,,,,,
2023/3/21 14:00,0.875,11.522,,,,,,,,,,,
2023/3/21 15:00,0.87,11.428,,,,,,,,,,,
2023/3/21 16:00,0.851,11.128,,,,,,,,,,,
2023/3/21 17:00,0.847,11.064,,,,,,,,,,,
2023/3/21 18:00,0.893,11.858,,,,,,,,,,,
2023/3/21 19:00,0.937,12.923,,,,,,,,,,,
2023/3/21 20:00,0.925,12.572,,,,,,,,,,,
2023/3/21 21:00,0.919,12.434,,,,,,,,,,,
2023/3/21 22:00,0.904,12.084,,,,,,,,,,,
2023/3/21 23:00,0.919,12.42,,,,,,,,,,,
2023/3/22 0:00,0.936,12.895,,,,,,,,,,,
2023/3/22 1:00,0.922,12.491,,,,,,,,,,,
2023/3/22 2:00,0.876,11.534,,,,,,,,,,,
2023/3/22 3:00,0.808,10.551,,,,,,,,,,,
2023/3/22 4:00,0.771,10.127,,,,,,,,,,,
2023/3/22 5:00,0.786,10.286,,,,,,,,,,,
2023/3/22 6:00,0.828,10.8,,,,,,,,,,,
2023/3/22 7:00,0.863,11.319,,,,,,,,,,,
2023/3/22 8:00,0.879,11.586,,,,,,,,,,,
2023/3/22 9:00,0.832,10.857,,,,,,,,,,,
2023/3/22 10:00,0.794,10.375,,,,,,,,,,,
2023/3/22 11:00,0.753,9.926,,,,,,,,,,,
2023/3/22 12:00,0.683,9.28,,,,,,,,,,,
2023/3/22 13:00,0.602,8.622,,,,,,,,,,,
2023/3/22 14:00,0.563,8.317,,,,,,,,,,,
2023/3/22 15:00,0.617,8.732,,,,,,,,,,,
2023/3/22 16:00,0.68,9.243,,,,,,,,,,,
2023/3/22 17:00,0.708,9.492,,,,,,,,,,,
2023/3/22 18:00,0.744,9.837,,,,,,,,,,,
2023/3/22 19:00,0.78,10.213,,,,,,,,,,,
2023/3/22 20:00,0.809,10.563,,,,,,,,,,,
2023/3/22 21:00,0.828,10.797,,,,,,,,,,,
2023/3/22 22:00,0.839,10.958,,,,,,,,,,,
2023/3/22 23:00,0.921,12.479,,,,,,,,,,,
2023/3/23 0:00,0.946,13.223,,,,,,,,,,,
2023/3/23 1:00,0.956,13.598,,,,,,,,,,,
2023/3/23 2:00,0.964,13.946,,,,,,,,,,,
2023/3/23 3:00,0.97,14.283,,,,,,,,,,,
2023/3/23 4:00,0.972,14.385,,,,,,,,,,,
2023/3/23 5:00,0.971,14.349,,,,,,,,,,,
2023/3/23 6:00,0.965,14.025,,,,,,,,,,,
2023/3/23 7:00,0.95,13.365,,,,,,,,,,,
2023/3/23 8:00,0.921,12.474,,,,,,,,,,,
2023/3/23 9:00,0.829,10.817,,,,,,,,,,,
2023/3/23 10:00,0.773,10.14,,,,,,,,,,,
2023/3/23 11:00,0.765,10.059,,,,,,,,,,,
2023/3/23 12:00,0.751,9.902,,,,,,,,,,,
2023/3/23 13:00,0.715,9.565,,,,,,,,,,,
2023/3/23 14:00,0.651,9.004,,,,,,,,,,,
2023/3/23 15:00,0.589,8.512,,,,,,,,,,,
2023/3/23 16:00,0.51,7.921,,,,,,,,,,,
2023/3/23 17:00,0.431,7.354,,,,,,,,,,,
2023/3/23 18:00,0.363,6.861,,,,,,,,,,,
2023/3/23 19:00,0.344,6.71,,,,,,,,,,,
2023/3/23 20:00,0.321,6.546,,,,,,,,,,,
2023/3/23 21:00,0.3,6.374,,,,,,,,,,,
2023/3/23 22:00,0.327,6.59,,,,,,,,,,,
2023/3/23 23:00,0.545,8.19,,,,,,,,,,,
2023/3/24 0:00,0.652,9.013,,,,,,,,,,,
2023/3/24 1:00,0.645,8.958,,,,,,,,,,,
2023/3/24 2:00,0.576,8.416,,,,,,,,,,,
2023/3/24 3:00,0.497,7.829,,,,,,,,,,,
2023/3/24 4:00,0.43,7.347,,,,,,,,,,,
2023/3/24 5:00,0.385,7.03,,,,,,,,,,,
2023/3/24 6:00,0.372,6.92,,,,,,,,,,,
2023/3/24 7:00,0.36,6.838,,,,,,,,,,,
2023/3/24 8:00,0.285,6.254,,,,,,,,,,,
2023/3/24 9:00,0.234,5.834,,,,,,,,,,,
2023/3/24 10:00,0.205,5.554,,,,,,,,,,,
2023/3/24 11:00,0.167,5.186,,,,,,,,,,,
2023/3/24 12:00,0.182,5.343,,,,,,,,,,,
2023/3/24 13:00,0.225,5.754,,,,,,,,,,,
2023/3/24 14:00,0.241,5.89,,,,,,,,,,,
2023/3/24 15:00,0.246,5.936,,,,,,,,,,,
2023/3/24 16:00,0.23,5.79,,,,,,,,,,,
2023/3/24 17:00,0.235,5.842,,,,,,,,,,,
2023/3/24 18:00,0.226,5.756,,,,,,,,,,,
2023/3/24 19:00,0.21,5.608,,,,,,,,,,,
2023/3/24 20:00,0.162,5.13,,,,,,,,,,,
2023/3/24 21:00,0.128,4.74,,,,,,,,,,,
2023/3/24 22:00,0.141,4.904,,,,,,,,,,,
2023/3/24 23:00,0.349,6.746,,,,,,,,,,,
2023/3/25 0:00,0.493,7.808,,,,,,,,,,,
2023/3/25 1:00,0.556,8.261,,,,,,,,,,,
2023/3/25 2:00,0.603,8.63,,,,,,,,,,,
2023/3/25 3:00,0.636,8.89,,,,,,,,,,,
2023/3/25 4:00,0.661,9.094,,,,,,,,,,,
2023/3/25 5:00,0.654,9.027,,,,,,,,,,,
2023/3/25 6:00,0.634,8.868,,,,,,,,,,,
2023/3/25 7:00,0.615,8.723,,,,,,,,,,,
2023/3/25 8:00,0.568,8.355,,,,,,,,,,,
2023/3/25 9:00,0.449,7.486,,,,,,,,,,,
2023/3/25 10:00,0.419,7.274,,,,,,,,,,,
2023/3/25 11:00,0.364,6.864,,,,,,,,,,,
2023/3/25 12:00,0.285,6.257,,,,,,,,,,,
2023/3/25 13:00,0.237,5.854,,,,,,,,,,,
2023/3/25 14:00,0.225,5.754,,,,,,,,,,,
2023/3/25 15:00,0.207,5.572,,,,,,,,,,,
2023/3/25 16:00,0.168,5.196,,,,,,,,,,,
2023/3/25 17:00,0.132,4.785,,,,,,,,,,,
2023/3/25 18:00,0.123,4.676,,,,,,,,,,,
2023/3/25 19:00,0.144,4.931,,,,,,,,,,,
2023/3/25 20:00,0.181,5.317,,,,,,,,,,,
2023/3/25 21:00,0.221,5.703,,,,,,,,,,,
2023/3/25 22:00,0.2,5.517,,,,,,,,,,,
2023/3/25 23:00,0.107,4.472,,,,,,,,,,,
2023/3/26 0:00,0.133,4.79,,,,,,,,,,,
2023/3/26 1:00,0.16,5.111,,,,,,,,,,,
2023/3/26 2:00,0.141,4.9,,,,,,,,,,,
2023/3/26 3:00,0.114,4.569,,,,,,,,,,,
2023/3/26 4:00,0.099,4.363,,,,,,,,,,,
2023/3/26 5:00,0.096,4.313,,,,,,,,,,,
2023/3/26 6:00,0.092,4.265,,,,,,,,,,,
2023/3/26 7:00,0.081,4.079,,,,,,,,,,,
2023/3/26 8:00,0.041,3.307,,,,,,,,,,,
2023/3/26 9:00,0.008,2.131,,,,,,,,,,,
2023/3/26 10:00,0.013,2.412,,,,,,,,,,,
2023/3/26 11:00,0.044,3.377,,,,,,,,,,,
2023/3/26 12:00,0.114,4.561,,,,,,,,,,,
2023/3/26 13:00,0.222,5.711,,,,,,,,,,,
2023/3/26 14:00,0.349,6.749,,,,,,,,,,,
2023/3/26 15:00,0.424,7.308,,,,,,,,,,,
2023/3/26 16:00,0.45,7.493,,,,,,,,,,,
2023/3/26 17:00,0.462,7.576,,,,,,,,,,,
2023/3/26 18:00,0.443,7.444,,,,,,,,,,,
2023/3/26 19:00,0.416,7.249,,,,,,,,,,,
2023/3/26 20:00,0.589,8.511,,,,,,,,,,,
2023/3/26 21:00,0.781,10.228,,,,,,,,,,,
2023/3/26 22:00,0.79,10.328,,,,,,,,,,,
2023/3/26 23:00,0.851,11.122,,,,,,,,,,,
2023/3/27 0:00,0.917,12.366,,,,,,,,,,,
2023/3/27 1:00,0.863,11.315,,,,,,,,,,,
2023/3/27 2:00,0.792,10.355,,,,,,,,,,,
2023/3/27 3:00,0.704,9.456,,,,,,,,,,,
2023/3/27 4:00,0.589,8.517,,,,,,,,,,,
2023/3/27 5:00,0.468,7.625,,,,,,,,,,,
2023/3/27 6:00,0.365,6.872,,,,,,,,,,,
2023/3/27 7:00,0.278,6.191,,,,,,,,,,,
2023/3/27 8:00,0.186,5.377,,,,,,,,,,,
2023/3/27 9:00,0.095,4.308,,,,,,,,,,,
2023/3/27 10:00,0.036,3.182,,,,,,,,,,,
2023/3/27 11:00,0.003,1.688,,,,,,,,,,,
2023/3/27 12:00,0,1.03,,,,,,,,,,,
2023/3/27 13:00,0.022,2.776,,,,,,,,,,,
2023/3/27 14:00,0.11,4.519,,,,,,,,,,,
2023/3/27 15:00,0.197,5.487,,,,,,,,,,,
2023/3/27 16:00,0.242,5.901,,,,,,,,,,,
2023/3/27 17:00,0.278,6.2,,,,,,,,,,,
2023/3/27 18:00,0.319,6.527,,,,,,,,,,,
2023/3/27 19:00,0.363,6.854,,,,,,,,,,,
2023/3/27 20:00,0.389,7.054,,,,,,,,,,,
2023/3/27 21:00,0.407,7.183,,,,,,,,,,,
2023/3/27 22:00,0.409,7.204,,,,,,,,,,,
2023/3/27 23:00,0.226,5.758,,,,,,,,,,,
2023/3/28 0:00,0.158,5.088,,,,,,,,,,,
2023/3/28 1:00,0.171,5.228,,,,,,,,,,,
2023/3/28 2:00,0.164,5.153,,,,,,,,,,,
2023/3/28 3:00,0.168,5.195,,,,,,,,,,,
2023/3/28 4:00,0.169,5.208,,,,,,,,,,,
2023/3/28 5:00,0.173,5.244,,,,,,,,,,,
2023/3/28 6:00,0.174,5.263,,,,,,,,,,,
2023/3/28 7:00,0.164,5.158,,,,,,,,,,,
2023/3/28 8:00,0.13,4.765,,,,,,,,,,,
2023/3/28 9:00,0.19,5.422,,,,,,,,,,,
2023/3/28 10:00,0.378,6.971,,,,,,,,,,,
2023/3/28 11:00,0.515,7.969,,,,,,,,,,,
2023/3/28 12:00,0.694,9.373,,,,,,,,,,,
2023/3/28 13:00,0.781,10.233,,,,,,,,,,,
2023/3/28 14:00,0.802,10.471,,,,,,,,,,,
2023/3/28 15:00,0.784,10.269,,,,,,,,,,,
2023/3/28 16:00,0.761,10.013,,,,,,,,,,,
2023/3/28 17:00,0.765,10.06,,,,,,,,,,,
2023/3/28 18:00,0.784,10.264,,,,,,,,,,,
2023/3/28 19:00,0.803,10.483,,,,,,,,,,,
2023/3/28 20:00,0.817,10.652,,,,,,,,,,,
2023/3/28 21:00,0.819,10.687,,,,,,,,,,,
2023/3/28 22:00,0.789,10.322,,,,,,,,,,,
2023/3/28 23:00,0.517,7.981,,,,,,,,,,,
2023/3/29 0:00,0.306,6.43,,,,,,,,,,,
2023/3/29 1:00,0.456,7.536,,,,,,,,,,,
2023/3/29 2:00,0.365,6.878,,,,,,,,,,,
2023/3/29 3:00,0.256,6.019,,,,,,,,,,,
2023/3/29 4:00,0.184,5.36,,,,,,,,,,,
2023/3/29 5:00,0.135,4.826,,,,,,,,,,,
2023/3/29 6:00,0.103,4.412,,,,,,,,,,,
2023/3/29 7:00,0.087,4.186,,,,,,,,,,,
2023/3/29 8:00,0.07,3.896,,,,,,,,,,,
2023/3/29 9:00,0.03,3.021,,,,,,,,,,,
2023/3/29 10:00,0.052,3.566,,,,,,,,,,,
2023/3/29 11:00,0.169,5.206,,,,,,,,,,,
2023/3/29 12:00,0.385,7.024,,,,,,,,,,,
2023/3/29 13:00,0.59,8.523,,,,,,,,,,,
2023/3/29 14:00,0.68,9.252,,,,,,,,,,,
2023/3/29 15:00,0.704,9.468,,,,,,,,,,,
2023/3/29 16:00,0.715,9.562,,,,,,,,,,,
2023/3/29 17:00,0.711,9.532,,,,,,,,,,,
2023/3/29 18:00,0.646,8.968,,,,,,,,,,,
2023/3/29 19:00,0.602,8.616,,,,,,,,,,,
2023/3/29 20:00,0.586,8.486,,,,,,,,,,,
2023/3/29 21:00,0.554,8.252,,,,,,,,,,,
2023/3/29 22:00,0.456,7.531,,,,,,,,,,,
2023/3/29 23:00,0.193,5.445,,,,,,,,,,,
2023/3/30 0:00,0.037,3.21,,,,,,,,,,,
2023/3/30 1:00,0.003,1.736,,,,,,,,,,,
2023/3/30 2:00,0.002,1.565,,,,,,,,,,,
2023/3/30 3:00,0.004,1.858,,,,,,,,,,,
2023/3/30 4:00,0.003,1.723,,,,,,,,,,,
2023/3/30 5:00,0.001,1.45,,,,,,,,,,,
2023/3/30 6:00,0,0.972,,,,,,,,,,,
2023/3/30 7:00,0,0.822,,,,,,,,,,,
2023/3/30 8:00,0.009,2.208,,,,,,,,,,,
2023/3/30 9:00,0.144,4.935,,,,,,,,,,,
2023/3/30 10:00,0.473,7.652,,,,,,,,,,,
2023/3/30 11:00,0.655,9.034,,,,,,,,,,,
2023/3/30 12:00,0.692,9.362,,,,,,,,,,,
2023/3/30 13:00,0.686,9.309,,,,,,,,,,,
2023/3/30 14:00,0.594,8.552,,,,,,,,,,,
2023/3/30 15:00,0.535,8.113,,,,,,,,,,,
2023/3/30 16:00,0.537,8.129,,,,,,,,,,,
2023/3/30 17:00,0.61,8.677,,,,,,,,,,,
2023/3/30 18:00,0.71,9.523,,,,,,,,,,,
2023/3/30 19:00,0.752,9.915,,,,,,,,,,,
2023/3/30 20:00,0.75,9.897,,,,,,,,,,,
2023/3/30 21:00,0.731,9.707,,,,,,,,,,,
2023/3/30 22:00,0.672,9.182,,,,,,,,,,,
2023/3/30 23:00,0.389,7.057,,,,,,,,,,,
2023/3/31 0:00,0.216,5.664,,,,,,,,,,,
2023/3/31 1:00,0.518,7.984,,,,,,,,,,,
2023/3/31 2:00,0.595,8.562,,,,,,,,,,,
2023/3/31 3:00,0.573,8.393,,,,,,,,,,,
2023/3/31 4:00,0.594,8.547,,,,,,,,,,,
2023/3/31 5:00,0.662,9.099,,,,,,,,,,,
2023/3/31 6:00,0.727,9.677,,,,,,,,,,,
2023/3/31 7:00,0.77,10.114,,,,,,,,,,,
2023/3/31 8:00,0.797,10.412,,,,,,,,,,,
2023/3/31 9:00,0.834,10.882,,,,,,,,,,,
2023/3/31 10:00,0.891,11.817,,,,,,,,,,,
2023/3/31 11:00,0.903,12.061,,,,,,,,,,,
2023/3/31 12:00,0.886,11.707,,,,,,,,,,,
2023/3/31 13:00,0.866,11.372,,,,,,,,,,,
2023/3/31 14:00,0.853,11.166,,,,,,,,,,,
2023/3/31 15:00,0.844,11.019,,,,,,,,,,,
2023/3/31 16:00,0.82,10.692,,,,,,,,,,,
2023/3/31 17:00,0.809,10.554,,,,,,,,,,,
2023/3/31 18:00,0.804,10.504,,,,,,,,,,,
2023/3/31 19:00,0.793,10.366,,,,,,,,,,,
2023/3/31 20:00,0.78,10.218,,,,,,,,,,,
2023/3/31 21:00,0.779,10.204,,,,,,,,,,,
2023/3/31 22:00,0.734,9.739,,,,,,,,,,,
2023/3/31 23:00,0.619,8.748,,,,,,,,,,,
2023/4/1 0:00,0.925,12.585,,,,,,,,,,,
2023/4/1 1:00,0.93,12.715,,,,,,,,,,,
2023/4/1 2:00,0.898,11.939,,,,,,,,,,,
2023/4/1 3:00,0.859,11.237,,,,,,,,,,,
2023/4/1 4:00,0.819,10.69,,,,,,,,,,,
2023/4/1 5:00,0.786,10.287,,,,,,,,,,,
2023/4/1 6:00,0.77,10.11,,,,,,,,,,,
2023/4/1 7:00,0.783,10.255,,,,,,,,,,,
2023/4/1 8:00,0.805,10.506,,,,,,,,,,,
2023/4/1 9:00,0.814,10.615,,,,,,,,,,,
2023/4/1 10:00,0.856,11.207,,,,,,,,,,,
2023/4/1 11:00,0.876,11.54,,,,,,,,,,,
2023/4/1 12:00,0.869,11.421,,,,,,,,,,,
2023/4/1 13:00,0.833,10.866,,,,,,,,,,,
2023/4/1 14:00,0.813,10.604,,,,,,,,,,,
2023/4/1 15:00,0.816,10.645,,,,,,,,,,,
2023/4/1 16:00,0.813,10.597,,,,,,,,,,,
2023/4/1 17:00,0.815,10.628,,,,,,,,,,,
2023/4/1 18:00,0.808,10.551,,,,,,,,,,,
2023/4/1 19:00,0.774,10.147,,,,,,,,,,,
2023/4/1 20:00,0.736,9.767,,,,,,,,,,,
2023/4/1 21:00,0.702,9.449,,,,,,,,,,,
2023/4/1 22:00,0.61,8.678,,,,,,,,,,,
2023/4/1 23:00,0.384,7.022,,,,,,,,,,,
2023/4/2 0:00,0.611,8.683,,,,,,,,,,,
2023/4/2 1:00,0.86,11.257,,,,,,,,,,,
2023/4/2 2:00,0.894,11.878,,,,,,,,,,,
2023/4/2 3:00,0.906,12.12,,,,,,,,,,,
2023/4/2 4:00,0.933,12.796,,,,,,,,,,,
2023/4/2 5:00,0.954,13.524,,,,,,,,,,,
2023/4/2 6:00,0.965,13.984,,,,,,,,,,,
2023/4/2 7:00,0.96,13.755,,,,,,,,,,,
2023/4/2 8:00,0.923,12.52,,,,,,,,,,,
2023/4/2 9:00,0.857,11.222,,,,,,,,,,,
2023/4/2 10:00,0.8,10.456,,,,,,,,,,,
2023/4/2 11:00,0.775,10.164,,,,,,,,,,,
2023/4/2 12:00,0.72,9.613,,,,,,,,,,,
2023/4/2 13:00,0.641,8.921,,,,,,,,,,,
2023/4/2 14:00,0.568,8.351,,,,,,,,,,,
2023/4/2 15:00,0.49,7.782,,,,,,,,,,,
2023/4/2 16:00,0.372,6.924,,,,,,,,,,,
2023/4/2 17:00,0.267,6.108,,,,,,,,,,,
2023/4/2 18:00,0.183,5.349,,,,,,,,,,,
2023/4/2 19:00,0.142,4.914,,,,,,,,,,,
2023/4/2 20:00,0.165,5.162,,,,,,,,,,,
2023/4/2 21:00,0.421,7.287,,,,,,,,,,,
2023/4/2 22:00,0.63,8.83,,,,,,,,,,,
2023/4/2 23:00,0.739,9.797,,,,,,,,,,,
2023/4/3 0:00,0.725,9.661,,,,,,,,,,,
2023/4/3 1:00,0.695,9.384,,,,,,,,,,,
2023/4/3 2:00,0.626,8.806,,,,,,,,,,,
2023/4/3 3:00,0.541,8.153,,,,,,,,,,,
2023/4/3 4:00,0.489,7.776,,,,,,,,,,,
2023/4/3 5:00,0.433,7.369,,,,,,,,,,,
2023/4/3 6:00,0.453,7.513,,,,,,,,,,,
2023/4/3 7:00,0.556,8.271,,,,,,,,,,,
2023/4/3 8:00,0.6,8.603,,,,,,,,,,,
2023/4/3 9:00,0.565,8.325,,,,,,,,,,,
2023/4/3 10:00,0.533,8.095,,,,,,,,,,,
2023/4/3 11:00,0.491,7.795,,,,,,,,,,,
2023/4/3 12:00,0.417,7.253,,,,,,,,,,,
2023/4/3 13:00,0.372,6.926,,,,,,,,,,,
2023/4/3 14:00,0.34,6.684,,,,,,,,,,,
2023/4/3 15:00,0.373,6.933,,,,,,,,,,,
2023/4/3 16:00,0.437,7.396,,,,,,,,,,,
2023/4/3 17:00,0.472,7.646,,,,,,,,,,,
2023/4/3 18:00,0.504,7.89,,,,,,,,,,,
2023/4/3 19:00,0.544,8.174,,,,,,,,,,,
2023/4/3 20:00,0.6,8.602,,,,,,,,,,,
2023/4/3 21:00,0.598,8.579,,,,,,,,,,,
2023/4/3 22:00,0.556,8.269,,,,,,,,,,,
2023/4/3 23:00,0.701,9.433,,,,,,,,,,,
2023/4/4 0:00,0.75,9.896,,,,,,,,,,,
2023/4/4 1:00,0.721,9.626,,,,,,,,,,,
2023/4/4 2:00,0.67,9.165,,,,,,,,,,,
2023/4/4 3:00,0.651,9.003,,,,,,,,,,,
2023/4/4 4:00,0.673,9.185,,,,,,,,,,,
2023/4/4 5:00,0.718,9.582,,,,,,,,,,,
2023/4/4 6:00,0.758,9.983,,,,,,,,,,,
2023/4/4 7:00,0.745,9.856,,,,,,,,,,,
2023/4/4 8:00,0.71,9.525,,,,,,,,,,,
2023/4/4 9:00,0.641,8.926,,,,,,,,,,,
2023/4/4 10:00,0.532,8.088,,,,,,,,,,,
2023/4/4 11:00,0.478,7.699,,,,,,,,,,,
2023/4/4 12:00,0.457,7.545,,,,,,,,,,,
2023/4/4 13:00,0.485,7.749,,,,,,,,,,,
2023/4/4 14:00,0.519,7.995,,,,,,,,,,,
2023/4/4 15:00,0.537,8.121,,,,,,,,,,,
2023/4/4 16:00,0.6,8.604,,,,,,,,,,,
2023/4/4 17:00,0.655,9.037,,,,,,,,,,,
2023/4/4 18:00,0.682,9.261,,,,,,,,,,,
2023/4/4 19:00,0.659,9.072,,,,,,,,,,,
2023/4/4 20:00,0.618,8.738,,,,,,,,,,,
2023/4/4 21:00,0.612,8.689,,,,,,,,,,,
2023/4/4 22:00,0.533,8.096,,,,,,,,,,,
2023/4/4 23:00,0.568,8.35,,,,,,,,,,,
2023/4/5 0:00,0.8,10.445,,,,,,,,,,,
2023/4/5 1:00,0.832,10.846,,,,,,,,,,,
2023/4/5 2:00,0.804,10.487,,,,,,,,,,,
2023/4/5 3:00,0.75,9.896,,,,,,,,,,,
2023/4/5 4:00,0.658,9.068,,,,,,,,,,,
2023/4/5 5:00,0.569,8.367,,,,,,,,,,,
2023/4/5 6:00,0.466,7.611,,,,,,,,,,,
2023/4/5 7:00,0.351,6.769,,,,,,,,,,,
2023/4/5 8:00,0.278,6.193,,,,,,,,,,,
2023/4/5 9:00,0.19,5.419,,,,,,,,,,,
2023/4/5 10:00,0.136,4.835,,,,,,,,,,,
2023/4/5 11:00,0.069,3.878,,,,,,,,,,,
2023/4/5 12:00,0.018,2.651,,,,,,,,,,,
2023/4/5 13:00,0.014,2.46,,,,,,,,,,,
2023/4/5 14:00,0.062,3.751,,,,,,,,,,,
2023/4/5 15:00,0.203,5.536,,,,,,,,,,,
2023/4/5 16:00,0.368,6.904,,,,,,,,,,,
2023/4/5 17:00,0.447,7.475,,,,,,,,,,,
2023/4/5 18:00,0.441,7.431,,,,,,,,,,,
2023/4/5 19:00,0.387,7.043,,,,,,,,,,,
2023/4/5 20:00,0.372,6.921,,,,,,,,,,,
2023/4/5 21:00,0.406,7.171,,,,,,,,,,,
2023/4/5 22:00,0.443,7.451,,,,,,,,,,,
2023/4/5 23:00,0.377,6.957,,,,,,,,,,,
2023/4/6 0:00,0.485,7.75,,,,,,,,,,,
2023/4/6 1:00,0.568,8.361,,,,,,,,,,,
2023/4/6 2:00,0.461,7.572,,,,,,,,,,,
2023/4/6 3:00,0.435,7.386,,,,,,,,,,,
2023/4/6 4:00,0.49,7.782,,,,,,,,,,,
2023/4/6 5:00,0.591,8.527,,,,,,,,,,,
2023/4/6 6:00,0.718,9.595,,,,,,,,,,,
2023/4/6 7:00,0.86,11.266,,,,,,,,,,,
2023/4/6 8:00,0.954,13.499,,,,,,,,,,,
2023/4/6 9:00,0.972,14.396,,,,,,,,,,,
2023/4/6 10:00,0.94,12.991,,,,,,,,,,,
2023/4/6 11:00,0.883,11.66,,,,,,,,,,,
2023/4/6 12:00,0.855,11.184,,,,,,,,,,,
2023/4/6 13:00,0.797,10.412,,,,,,,,,,,
2023/4/6 14:00,0.783,10.259,,,,,,,,,,,
2023/4/6 15:00,0.791,10.334,,,,,,,,,,,
2023/4/6 16:00,0.759,9.996,,,,,,,,,,,
2023/4/6 17:00,0.746,9.861,,,,,,,,,,,
2023/4/6 18:00,0.692,9.355,,,,,,,,,,,
2023/4/6 19:00,0.568,8.361,,,,,,,,,,,
2023/4/6 20:00,0.512,7.944,,,,,,,,,,,
2023/4/6 21:00,0.484,7.735,,,,,,,,,,,
2023/4/6 22:00,0.351,6.773,,,,,,,,,,,
2023/4/6 23:00,0.637,8.894,,,,,,,,,,,
2023/4/7 0:00,0.813,10.611,,,,,,,,,,,
2023/4/7 1:00,0.855,11.188,,,,,,,,,,,
2023/4/7 2:00,0.883,11.649,,,,,,,,,,,
2023/4/7 3:00,0.912,12.25,,,,,,,,,,,
2023/4/7 4:00,0.943,13.115,,,,,,,,,,,
2023/4/7 5:00,0.966,14.049,,,,,,,,,,,
2023/4/7 6:00,0.978,14.856,,,,,,,,,,,
2023/4/7 7:00,0.983,15.361,,,,,,,,,,,
2023/4/7 8:00,0.982,15.201,,,,,,,,,,,
2023/4/7 9:00,0.962,13.841,,,,,,,,,,,
2023/4/7 10:00,0.911,12.235,,,,,,,,,,,
2023/4/7 11:00,0.863,11.312,,,,,,,,,,,
2023/4/7 12:00,0.824,10.748,,,,,,,,,,,
2023/4/7 13:00,0.78,10.208,,,,,,,,,,,
2023/4/7 14:00,0.716,9.571,,,,,,,,,,,
2023/4/7 15:00,0.67,9.163,,,,,,,,,,,
2023/4/7 16:00,0.639,8.899,,,,,,,,,,,
2023/4/7 17:00,0.589,8.511,,,,,,,,,,,
2023/4/7 18:00,0.532,8.09,,,,,,,,,,,
2023/4/7 19:00,0.495,7.821,,,,,,,,,,,
2023/4/7 20:00,0.457,7.548,,,,,,,,,,,
2023/4/7 21:00,0.399,7.119,,,,,,,,,,,
2023/4/7 22:00,0.303,6.404,,,,,,,,,,,
2023/4/7 23:00,0.122,4.668,,,,,,,,,,,
2023/4/8 0:00,0.122,4.663,,,,,,,,,,,
2023/4/8 1:00,0.202,5.532,,,,,,,,,,,
2023/4/8 2:00,0.272,6.157,,,,,,,,,,,
2023/4/8 3:00,0.336,6.657,,,,,,,,,,,
2023/4/8 4:00,0.409,7.195,,,,,,,,,,,
2023/4/8 5:00,0.51,7.934,,,,,,,,,,,
2023/4/8 6:00,0.63,8.836,,,,,,,,,,,
2023/4/8 7:00,0.715,9.565,,,,,,,,,,,
2023/4/8 8:00,0.744,9.839,,,,,,,,,,,
2023/4/8 9:00,0.689,9.33,,,,,,,,,,,
2023/4/8 10:00,0.712,9.543,,,,,,,,,,,
2023/4/8 11:00,0.779,10.205,,,,,,,,,,,
2023/4/8 12:00,0.855,11.192,,,,,,,,,,,
2023/4/8 13:00,0.923,12.534,,,,,,,,,,,
2023/4/8 14:00,0.938,12.958,,,,,,,,,,,
2023/4/8 15:00,0.928,12.662,,,,,,,,,,,
2023/4/8 16:00,0.934,12.834,,,,,,,,,,,
2023/4/8 17:00,0.944,13.16,,,,,,,,,,,
2023/4/8 18:00,0.946,13.207,,,,,,,,,,,
2023/4/8 19:00,0.941,13.06,,,,,,,,,,,
2023/4/8 20:00,0.935,12.869,,,,,,,,,,,
2023/4/8 21:00,0.933,12.803,,,,,,,,,,,
2023/4/8 22:00,0.893,11.86,,,,,,,,,,,
2023/4/8 23:00,0.792,10.36,,,,,,,,,,,
2023/4/9 0:00,0.704,9.458,,,,,,,,,,,
2023/4/9 1:00,0.743,9.826,,,,,,,,,,,
2023/4/9 2:00,0.623,8.778,,,,,,,,,,,
2023/4/9 3:00,0.503,7.882,,,,,,,,,,,
2023/4/9 4:00,0.475,7.681,,,,,,,,,,,
2023/4/9 5:00,0.48,7.712,,,,,,,,,,,
2023/4/9 6:00,0.478,7.701,,,,,,,,,,,
2023/4/9 7:00,0.54,8.145,,,,,,,,,,,
2023/4/9 8:00,0.63,8.829,,,,,,,,,,,
2023/4/9 9:00,0.702,9.445,,,,,,,,,,,
2023/4/9 10:00,0.846,11.055,,,,,,,,,,,
2023/4/9 11:00,0.924,12.552,,,,,,,,,,,
2023/4/9 12:00,0.945,13.177,,,,,,,,,,,
2023/4/9 13:00,0.944,13.139,,,,,,,,,,,
2023/4/9 14:00,0.933,12.801,,,,,,,,,,,
2023/4/9 15:00,0.91,12.214,,,,,,,,,,,
2023/4/9 16:00,0.88,11.597,,,,,,,,,,,
2023/4/9 17:00,0.813,10.6,,,,,,,,,,,
2023/4/9 18:00,0.79,10.329,,,,,,,,,,,
2023/4/9 19:00,0.785,10.276,,,,,,,,,,,
2023/4/9 20:00,0.797,10.413,,,,,,,,,,,
2023/4/9 21:00,0.839,10.956,,,,,,,,,,,
2023/4/9 22:00,0.837,10.931,,,,,,,,,,,
2023/4/9 23:00,0.757,9.972,,,,,,,,,,,
2023/4/10 0:00,0.781,10.235,,,,,,,,,,,
2023/4/10 1:00,0.941,13.04,,,,,,,,,,,
2023/4/10 2:00,0.98,14.989,,,,,,,,,,,
2023/4/10 3:00,0.982,15.229,,,,,,,,,,,
2023/4/10 4:00,0.968,14.139,,,,,,,,,,,
2023/4/10 5:00,0.929,12.675,,,,,,,,,,,
2023/4/10 6:00,0.882,11.635,,,,,,,,,,,
2023/4/10 7:00,0.825,10.758,,,,,,,,,,,
2023/4/10 8:00,0.751,9.907,,,,,,,,,,,
2023/4/10 9:00,0.742,9.824,,,,,,,,,,,
2023/4/10 10:00,0.65,8.997,,,,,,,,,,,
2023/4/10 11:00,0.654,9.028,,,,,,,,,,,
2023/4/10 12:00,0.798,10.431,,,,,,,,,,,
2023/4/10 13:00,0.904,12.077,,,,,,,,,,,
2023/4/10 14:00,0.973,14.457,,,,,,,,,,,
2023/4/10 15:00,0.988,16.175,,,,,,,,,,,
2023/4/10 16:00,0.988,16.749,,,,,,,,,,,
2023/4/10 17:00,0.987,16.902,,,,,,,,,,,
2023/4/10 18:00,0.98,17.839,,,,,,,,,,,
2023/4/10 19:00,0.972,18.394,,,,,,,,,,,
2023/4/10 20:00,0.978,17.978,,,,,,,,,,,
2023/4/10 21:00,0.983,17.583,,,,,,,,,,,
2023/4/10 22:00,0.981,17.791,,,,,,,,,,,
2023/4/10 23:00,0.936,19.717,,,,,,,,,,,
2023/4/11 0:00,0.806,21.859,,,,,,,,,,,
2023/4/11 1:00,0.814,21.773,,,,,,,,,,,
2023/4/11 2:00,0.893,20.623,,,,,,,,,,,
2023/4/11 3:00,0.899,20.519,,,,,,,,,,,
2023/4/11 4:00,0.914,20.219,,,,,,,,,,,
2023/4/11 5:00,0.941,19.565,,,,,,,,,,,
2023/4/11 6:00,0.955,19.143,,,,,,,,,,,
2023/4/11 7:00,0.961,18.894,,,,,,,,,,,
2023/4/11 8:00,0.971,18.47,,,,,,,,,,,
2023/4/11 9:00,0.985,17.297,,,,,,,,,,,
2023/4/11 10:00,0.982,15.187,,,,,,,,,,,
2023/4/11 11:00,0.96,13.74,,,,,,,,,,,
2023/4/11 12:00,0.94,13,,,,,,,,,,,
2023/4/11 13:00,0.937,12.92,,,,,,,,,,,
2023/4/11 14:00,0.94,13.026,,,,,,,,,,,
2023/4/11 15:00,0.942,13.092,,,,,,,,,,,
2023/4/11 16:00,0.941,13.042,,,,,,,,,,,
2023/4/11 17:00,0.93,12.728,,,,,,,,,,,
2023/4/11 18:00,0.896,11.897,,,,,,,,,,,
2023/4/11 19:00,0.762,10.024,,,,,,,,,,,
2023/4/11 20:00,0.63,8.84,,,,,,,,,,,
2023/4/11 21:00,0.58,8.443,,,,,,,,,,,
2023/4/11 22:00,0.488,7.762,,,,,,,,,,,
2023/4/11 23:00,0.359,6.828,,,,,,,,,,,
2023/4/12 0:00,0.59,8.524,,,,,,,,,,,
2023/4/12 1:00,0.715,9.57,,,,,,,,,,,
2023/4/12 2:00,0.719,9.6,,,,,,,,,,,
2023/4/12 3:00,0.694,9.375,,,,,,,,,,,
2023/4/12 4:00,0.708,9.497,,,,,,,,,,,
2023/4/12 5:00,0.72,9.616,,,,,,,,,,,
2023/4/12 6:00,0.729,9.689,,,,,,,,,,,
2023/4/12 7:00,0.747,9.871,,,,,,,,,,,
2023/4/12 8:00,0.731,9.715,,,,,,,,,,,
2023/4/12 9:00,0.689,9.335,,,,,,,,,,,
2023/4/12 10:00,0.766,10.071,,,,,,,,,,,
2023/4/12 11:00,0.855,11.192,,,,,,,,,,,
2023/4/12 12:00,0.92,12.443,,,,,,,,,,,
2023/4/12 13:00,0.942,13.09,,,,,,,,,,,
2023/4/12 14:00,0.946,13.204,,,,,,,,,,,
2023/4/12 15:00,0.944,13.157,,,,,,,,,,,
2023/4/12 16:00,0.943,13.127,,,,,,,,,,,
2023/4/12 17:00,0.963,13.882,,,,,,,,,,,
2023/4/12 18:00,0.983,15.344,,,,,,,,,,,
2023/4/12 19:00,0.966,14.048,,,,,,,,,,,
2023/4/12 20:00,0.929,12.688,,,,,,,,,,,
2023/4/12 21:00,0.869,11.402,,,,,,,,,,,
2023/4/12 22:00,0.714,9.557,,,,,,,,,,,
2023/4/12 23:00,0.396,7.101,,,,,,,,,,,
2023/4/13 0:00,0.279,6.206,,,,,,,,,,,
2023/4/13 1:00,0.398,7.115,,,,,,,,,,,
2023/4/13 2:00,0.408,7.187,,,,,,,,,,,
2023/4/13 3:00,0.36,6.832,,,,,,,,,,,
2023/4/13 4:00,0.318,6.524,,,,,,,,,,,
2023/4/13 5:00,0.327,6.58,,,,,,,,,,,
2023/4/13 6:00,0.344,6.719,,,,,,,,,,,
2023/4/13 7:00,0.343,6.707,,,,,,,,,,,
2023/4/13 8:00,0.351,6.767,,,,,,,,,,,
2023/4/13 9:00,0.332,6.624,,,,,,,,,,,
2023/4/13 10:00,0.339,6.682,,,,,,,,,,,
2023/4/13 11:00,0.363,6.858,,,,,,,,,,,
2023/4/13 12:00,0.33,6.614,,,,,,,,,,,
2023/4/13 13:00,0.278,6.192,,,,,,,,,,,
2023/4/13 14:00,0.179,5.297,,,,,,,,,,,
2023/4/13 15:00,0.11,4.517,,,,,,,,,,,
2023/4/13 16:00,0.117,4.601,,,,,,,,,,,
2023/4/13 17:00,0.162,5.131,,,,,,,,,,,
2023/4/13 18:00,0.222,5.717,,,,,,,,,,,
2023/4/13 19:00,0.256,6.011,,,,,,,,,,,
2023/4/13 20:00,0.266,6.097,,,,,,,,,,,
2023/4/13 21:00,0.311,6.46,,,,,,,,,,,
2023/4/13 22:00,0.297,6.355,,,,,,,,,,,
2023/4/13 23:00,0.394,7.084,,,,,,,,,,,
2023/4/14 0:00,0.6,8.606,,,,,,,,,,,
2023/4/14 1:00,0.492,7.8,,,,,,,,,,,
2023/4/14 2:00,0.356,6.813,,,,,,,,,,,
2023/4/14 3:00,0.347,6.73,,,,,,,,,,,
2023/4/14 4:00,0.434,7.375,,,,,,,,,,,
2023/4/14 5:00,0.553,8.25,,,,,,,,,,,
2023/4/14 6:00,0.663,9.107,,,,,,,,,,,
2023/4/14 7:00,0.745,9.854,,,,,,,,,,,
2023/4/14 8:00,0.792,10.359,,,,,,,,,,,
2023/4/14 9:00,0.778,10.194,,,,,,,,,,,
2023/4/14 10:00,0.765,10.061,,,,,,,,,,,
2023/4/14 11:00,0.792,10.349,,,,,,,,,,,
2023/4/14 12:00,0.804,10.496,,,,,,,,,,,
2023/4/14 13:00,0.801,10.461,,,,,,,,,,,
2023/4/14 14:00,0.79,10.329,,,,,,,,,,,
2023/4/14 15:00,0.78,10.21,,,,,,,,,,,
2023/4/14 16:00,0.758,9.99,,,,,,,,,,,
2023/4/14 17:00,0.721,9.619,,,,,,,,,,,
2023/4/14 18:00,0.724,9.646,,,,,,,,,,,
2023/4/14 19:00,0.735,9.758,,,,,,,,,,,
2023/4/14 20:00,0.712,9.543,,,,,,,,,,,
2023/4/14 21:00,0.708,9.494,,,,,,,,,,,
2023/4/14 22:00,0.598,8.586,,,,,,,,,,,
2023/4/14 23:00,0.837,10.925,,,,,,,,,,,
2023/4/15 0:00,0.829,10.813,,,,,,,,,,,
2023/4/15 1:00,0.763,10.035,,,,,,,,,,,
2023/4/15 2:00,0.708,9.492,,,,,,,,,,,
2023/4/15 3:00,0.671,9.179,,,,,,,,,,,
2023/4/15 4:00,0.637,8.892,,,,,,,,,,,
2023/4/15 5:00,0.594,8.554,,,,,,,,,,,
2023/4/15 6:00,0.544,8.178,,,,,,,,,,,
2023/4/15 7:00,0.5,7.856,,,,,,,,,,,
2023/4/15 8:00,0.467,7.617,,,,,,,,,,,
2023/4/15 9:00,0.44,7.418,,,,,,,,,,,
2023/4/15 10:00,0.36,6.831,,,,,,,,,,,
2023/4/15 11:00,0.324,6.57,,,,,,,,,,,
2023/4/15 12:00,0.329,6.608,,,,,,,,,,,
2023/4/15 13:00,0.352,6.78,,,,,,,,,,,
2023/4/15 14:00,0.389,7.058,,,,,,,,,,,
2023/4/15 15:00,0.396,7.102,,,,,,,,,,,
2023/4/15 16:00,0.377,6.96,,,,,,,,,,,
2023/4/15 17:00,0.377,6.958,,,,,,,,,,,
2023/4/15 18:00,0.392,7.072,,,,,,,,,,,
2023/4/15 19:00,0.412,7.226,,,,,,,,,,,
2023/4/15 20:00,0.436,7.39,,,,,,,,,,,
2023/4/15 21:00,0.426,7.323,,,,,,,,,,,
2023/4/15 22:00,0.25,5.961,,,,,,,,,,,
2023/4/15 23:00,0.145,4.94,,,,,,,,,,,
2023/4/16 0:00,0.141,4.899,,,,,,,,,,,
2023/4/16 1:00,0.092,4.252,,,,,,,,,,,
2023/4/16 2:00,0.044,3.396,,,,,,,,,,,
2023/4/16 3:00,0.028,2.963,,,,,,,,,,,
2023/4/16 4:00,0.016,2.561,,,,,,,,,,,
2023/4/16 5:00,0.002,1.576,,,,,,,,,,,
2023/4/16 6:00,0,0.736,,,,,,,,,,,
2023/4/16 7:00,0,0.377,,,,,,,,,,,
2023/4/16 8:00,0.004,1.873,,,,,,,,,,,
2023/4/16 9:00,0.082,4.107,,,,,,,,,,,
2023/4/16 10:00,0.309,6.442,,,,,,,,,,,
2023/4/16 11:00,0.659,9.079,,,,,,,,,,,
2023/4/16 12:00,0.792,10.357,,,,,,,,,,,
2023/4/16 13:00,0.826,10.78,,,,,,,,,,,
2023/4/16 14:00,0.853,11.15,,,,,,,,,,,
2023/4/16 15:00,0.867,11.372,,,,,,,,,,,
2023/4/16 16:00,0.845,11.046,,,,,,,,,,,
2023/4/16 17:00,0.835,10.893,,,,,,,,,,,
2023/4/16 18:00,0.844,11.03,,,,,,,,,,,
2023/4/16 19:00,0.853,11.159,,,,,,,,,,,
2023/4/16 20:00,0.768,10.09,,,,,,,,,,,
2023/4/16 21:00,0.731,9.719,,,,,,,,,,,
2023/4/16 22:00,0.664,9.118,,,,,,,,,,,
2023/4/16 23:00,0.601,8.612,,,,,,,,,,,
2023/4/17 0:00,0.745,9.853,,,,,,,,,,,
2023/4/17 1:00,0.86,11.262,,,,,,,,,,,
2023/4/17 2:00,0.871,11.44,,,,,,,,,,,
2023/4/17 3:00,0.724,9.645,,,,,,,,,,,
2023/4/17 4:00,0.52,8.004,,,,,,,,,,,
2023/4/17 5:00,0.367,6.885,,,,,,,,,,,
2023/4/17 6:00,0.3,6.372,,,,,,,,,,,
2023/4/17 7:00,0.318,6.525,,,,,,,,,,,
2023/4/17 8:00,0.416,7.244,,,,,,,,,,,
2023/4/17 9:00,0.598,8.588,,,,,,,,,,,
2023/4/17 10:00,0.666,9.139,,,,,,,,,,,
2023/4/17 11:00,0.765,10.056,,,,,,,,,,,
2023/4/17 12:00,0.844,11.016,,,,,,,,,,,
2023/4/17 13:00,0.741,9.817,,,,,,,,,,,
2023/4/17 14:00,0.522,8.018,,,,,,,,,,,
2023/4/17 15:00,0.381,6.987,,,,,,,,,,,
2023/4/17 16:00,0.514,7.961,,,,,,,,,,,
2023/4/17 17:00,0.633,8.86,,,,,,,,,,,
2023/4/17 18:00,0.756,9.963,,,,,,,,,,,
2023/4/17 19:00,0.778,10.187,,,,,,,,,,,
2023/4/17 20:00,0.723,9.64,,,,,,,,,,,
2023/4/17 21:00,0.639,8.902,,,,,,,,,,,
2023/4/17 22:00,0.421,7.279,,,,,,,,,,,
2023/4/17 23:00,0.684,9.292,,,,,,,,,,,
2023/4/18 0:00,0.715,9.569,,,,,,,,,,,
2023/4/18 1:00,0.61,8.679,,,,,,,,,,,
2023/4/18 2:00,0.457,7.549,,,,,,,,,,,
2023/4/18 3:00,0.3,6.378,,,,,,,,,,,
2023/4/18 4:00,0.165,5.168,,,,,,,,,,,
2023/4/18 5:00,0.061,3.739,,,,,,,,,,,
2023/4/18 6:00,0.005,1.947,,,,,,,,,,,
2023/4/18 7:00,0,0.314,,,,,,,,,,,
2023/4/18 8:00,0.032,3.096,,,,,,,,,,,
2023/4/18 9:00,0.285,6.257,,,,,,,,,,,
2023/4/18 10:00,0.729,9.69,,,,,,,,,,,
2023/4/18 11:00,0.896,11.915,,,,,,,,,,,
2023/4/18 12:00,0.93,12.729,,,,,,,,,,,
2023/4/18 13:00,0.913,12.29,,,,,,,,,,,
2023/4/18 14:00,0.92,12.451,,,,,,,,,,,
2023/4/18 15:00,0.932,12.771,,,,,,,,,,,
2023/4/18 16:00,0.933,12.808,,,,,,,,,,,
2023/4/18 17:00,0.93,12.722,,,,,,,,,,,
2023/4/18 18:00,0.924,12.555,,,,,,,,,,,
2023/4/18 19:00,0.92,12.444,,,,,,,,,,,
2023/4/18 20:00,0.914,12.296,,,,,,,,,,,
2023/4/18 21:00,0.898,11.953,,,,,,,,,,,
2023/4/18 22:00,0.834,10.871,,,,,,,,,,,
2023/4/18 23:00,0.778,10.192,,,,,,,,,,,
2023/4/19 0:00,0.908,12.154,,,,,,,,,,,
2023/4/19 1:00,0.939,12.986,,,,,,,,,,,
2023/4/19 2:00,0.952,13.427,,,,,,,,,,,
2023/4/19 3:00,0.954,13.489,,,,,,,,,,,
2023/4/19 4:00,0.944,13.133,,,,,,,,,,,
2023/4/19 5:00,0.939,12.986,,,,,,,,,,,
2023/4/19 6:00,0.953,13.465,,,,,,,,,,,
2023/4/19 7:00,0.971,14.311,,,,,,,,,,,
2023/4/19 8:00,0.977,14.782,,,,,,,,,,,
2023/4/19 9:00,0.967,14.12,,,,,,,,,,,
2023/4/19 10:00,0.952,13.441,,,,,,,,,,,
2023/4/19 11:00,0.938,12.96,,,,,,,,,,,
2023/4/19 12:00,0.919,12.432,,,,,,,,,,,
2023/4/19 13:00,0.9,11.991,,,,,,,,,,,
2023/4/19 14:00,0.926,12.617,,,,,,,,,,,
2023/4/19 15:00,0.914,12.303,,,,,,,,,,,
2023/4/19 16:00,0.932,12.778,,,,,,,,,,,
2023/4/19 17:00,0.846,11.053,,,,,,,,,,,
2023/4/19 18:00,0.805,10.51,,,,,,,,,,,
2023/4/19 19:00,0.909,12.169,,,,,,,,,,,
2023/4/19 20:00,0.899,11.98,,,,,,,,,,,
2023/4/19 21:00,0.848,11.09,,,,,,,,,,,
2023/4/19 22:00,0.881,11.625,,,,,,,,,,,
2023/4/19 23:00,0.932,12.775,,,,,,,,,,,
2023/4/20 0:00,0.941,13.052,,,,,,,,,,,
2023/4/20 1:00,0.945,13.189,,,,,,,,,,,
2023/4/20 2:00,0.96,13.782,,,,,,,,,,,
2023/4/20 3:00,0.961,13.812,,,,,,,,,,,
2023/4/20 4:00,0.95,13.344,,,,,,,,,,,
2023/4/20 5:00,0.935,12.868,,,,,,,,,,,
2023/4/20 6:00,0.915,12.33,,,,,,,,,,,
2023/4/20 7:00,0.885,11.7,,,,,,,,,,,
2023/4/20 8:00,0.854,11.174,,,,,,,,,,,
2023/4/20 9:00,0.782,10.244,,,,,,,,,,,
2023/4/20 10:00,0.635,8.877,,,,,,,,,,,
2023/4/20 11:00,0.518,7.985,,,,,,,,,,,
2023/4/20 12:00,0.45,7.488,,,,,,,,,,,
2023/4/20 13:00,0.394,7.084,,,,,,,,,,,
2023/4/20 14:00,0.397,7.111,,,,,,,,,,,
2023/4/20 15:00,0.441,7.427,,,,,,,,,,,
2023/4/20 16:00,0.463,7.59,,,,,,,,,,,
2023/4/20 17:00,0.368,6.892,,,,,,,,,,,
2023/4/20 18:00,0.26,6.046,,,,,,,,,,,
2023/4/20 19:00,0.156,5.061,,,,,,,,,,,
2023/4/20 20:00,0.099,4.36,,,,,,,,,,,
2023/4/20 21:00,0.06,3.708,,,,,,,,,,,
2023/4/20 22:00,0.026,2.902,,,,,,,,,,,
2023/4/20 23:00,0.04,3.289,,,,,,,,,,,
2023/4/21 0:00,0.035,3.179,,,,,,,,,,,
2023/4/21 1:00,0.028,2.96,,,,,,,,,,,
2023/4/21 2:00,0.022,2.78,,,,,,,,,,,
2023/4/21 3:00,0.018,2.638,,,,,,,,,,,
2023/4/21 4:00,0.008,2.18,,,,,,,,,,,
2023/4/21 5:00,0,0.921,,,,,,,,,,,
2023/4/21 6:00,0,0.14,,,,,,,,,,,
2023/4/21 7:00,0,0.215,,,,,,,,,,,
2023/4/21 8:00,0.012,2.366,,,,,,,,,,,
2023/4/21 9:00,0.176,5.273,,,,,,,,,,,
2023/4/21 10:00,0.545,8.19,,,,,,,,,,,
2023/4/21 11:00,0.791,10.331,,,,,,,,,,,
2023/4/21 12:00,0.852,11.142,,,,,,,,,,,
2023/4/21 13:00,0.865,11.342,,,,,,,,,,,
2023/4/21 14:00,0.791,10.344,,,,,,,,,,,
2023/4/21 15:00,0.702,9.44,,,,,,,,,,,
2023/4/21 16:00,0.686,9.31,,,,,,,,,,,
2023/4/21 17:00,0.72,9.614,,,,,,,,,,,
2023/4/21 18:00,0.737,9.772,,,,,,,,,,,
2023/4/21 19:00,0.732,9.725,,,,,,,,,,,
2023/4/21 20:00,0.71,9.516,,,,,,,,,,,
2023/4/21 21:00,0.627,8.817,,,,,,,,,,,
2023/4/21 22:00,0.414,7.235,,,,,,,,,,,
2023/4/21 23:00,0.562,8.312,,,,,,,,,,,
2023/4/22 0:00,0.595,8.563,,,,,,,,,,,
2023/4/22 1:00,0.597,8.571,,,,,,,,,,,
2023/4/22 2:00,0.649,8.986,,,,,,,,,,,
2023/4/22 3:00,0.645,8.964,,,,,,,,,,,
2023/4/22 4:00,0.598,8.589,,,,,,,,,,,
2023/4/22 5:00,0.568,8.353,,,,,,,,,,,
2023/4/22 6:00,0.528,8.051,,,,,,,,,,,
2023/4/22 7:00,0.5,7.849,,,,,,,,,,,
2023/4/22 8:00,0.473,7.651,,,,,,,,,,,
2023/4/22 9:00,0.394,7.093,,,,,,,,,,,
2023/4/22 10:00,0.345,6.726,,,,,,,,,,,
2023/4/22 11:00,0.325,6.574,,,,,,,,,,,
2023/4/22 12:00,0.302,6.393,,,,,,,,,,,
2023/4/22 13:00,0.235,5.842,,,,,,,,,,,
2023/4/22 14:00,0.091,4.243,,,,,,,,,,,
2023/4/22 15:00,0.016,2.553,,,,,,,,,,,
2023/4/22 16:00,0.025,2.878,,,,,,,,,,,
2023/4/22 17:00,0.13,4.765,,,,,,,,,,,
2023/4/22 18:00,0.27,6.139,,,,,,,,,,,
2023/4/22 19:00,0.324,6.567,,,,,,,,,,,
2023/4/22 20:00,0.284,6.246,,,,,,,,,,,
2023/4/22 21:00,0.233,5.825,,,,,,,,,,,
2023/4/22 22:00,0.159,5.104,,,,,,,,,,,
2023/4/22 23:00,0.152,5.022,,,,,,,,,,,
2023/4/23 0:00,0.232,5.816,,,,,,,,,,,
2023/4/23 1:00,0.174,5.258,,,,,,,,,,,
2023/4/23 2:00,0.097,4.326,,,,,,,,,,,
2023/4/23 3:00,0.026,2.915,,,,,,,,,,,
2023/4/23 4:00,0,0.581,,,,,,,,,,,
2023/4/23 5:00,0,0.206,,,,,,,,,,,
2023/4/23 6:00,0,0.578,,,,,,,,,,,
2023/4/23 7:00,0,1.068,,,,,,,,,,,
2023/4/23 8:00,0.008,2.176,,,,,,,,,,,
2023/4/23 9:00,0.073,3.946,,,,,,,,,,,
2023/4/23 10:00,0.373,6.932,,,,,,,,,,,
2023/4/23 11:00,0.65,8.994,,,,,,,,,,,
2023/4/23 12:00,0.722,9.628,,,,,,,,,,,
2023/4/23 13:00,0.721,9.625,,,,,,,,,,,
2023/4/23 14:00,0.673,9.186,,,,,,,,,,,
2023/4/23 15:00,0.607,8.657,,,,,,,,,,,
2023/4/23 16:00,0.556,8.268,,,,,,,,,,,
2023/4/23 17:00,0.573,8.394,,,,,,,,,,,
2023/4/23 18:00,0.628,8.819,,,,,,,,,,,
2023/4/23 19:00,0.671,9.167,,,,,,,,,,,
2023/4/23 20:00,0.697,9.396,,,,,,,,,,,
2023/4/23 21:00,0.672,9.182,,,,,,,,,,,
2023/4/23 22:00,0.487,7.759,,,,,,,,,,,
2023/4/23 23:00,0.381,6.995,,,,,,,,,,,
2023/4/24 0:00,0.522,8.015,,,,,,,,,,,
2023/4/24 1:00,0.387,7.038,,,,,,,,,,,
2023/4/24 2:00,0.258,6.028,,,,,,,,,,,
2023/4/24 3:00,0.207,5.579,,,,,,,,,,,
2023/4/24 4:00,0.199,5.511,,,,,,,,,,,
2023/4/24 5:00,0.235,5.836,,,,,,,,,,,
2023/4/24 6:00,0.315,6.498,,,,,,,,,,,
2023/4/24 7:00,0.436,7.389,,,,,,,,,,,
2023/4/24 8:00,0.578,8.433,,,,,,,,,,,
2023/4/24 9:00,0.721,9.62,,,,,,,,,,,
2023/4/24 10:00,0.843,11.006,,,,,,,,,,,
2023/4/24 11:00,0.902,12.041,,,,,,,,,,,
2023/4/24 12:00,0.898,11.954,,,,,,,,,,,
2023/4/24 13:00,0.892,11.835,,,,,,,,,,,
2023/4/24 14:00,0.9,11.989,,,,,,,,,,,
2023/4/24 15:00,0.884,11.676,,,,,,,,,,,
2023/4/24 16:00,0.861,11.284,,,,,,,,,,,
2023/4/24 17:00,0.839,10.949,,,,,,,,,,,
2023/4/24 18:00,0.778,10.198,,,,,,,,,,,
2023/4/24 19:00,0.693,9.37,,,,,,,,,,,
2023/4/24 20:00,0.603,8.625,,,,,,,,,,,
2023/4/24 21:00,0.543,8.166,,,,,,,,,,,
2023/4/24 22:00,0.532,8.09,,,,,,,,,,,
2023/4/24 23:00,0.61,8.675,,,,,,,,,,,
2023/4/25 0:00,0.771,10.127,,,,,,,,,,,
2023/4/25 1:00,0.873,11.48,,,,,,,,,,,
2023/4/25 2:00,0.941,13.038,,,,,,,,,,,
2023/4/25 3:00,0.952,13.437,,,,,,,,,,,
2023/4/25 4:00,0.965,13.989,,,,,,,,,,,
2023/4/25 5:00,0.983,15.255,,,,,,,,,,,
2023/4/25 6:00,0.986,15.846,,,,,,,,,,,
2023/4/25 7:00,0.982,15.222,,,,,,,,,,,
2023/4/25 8:00,0.961,13.791,,,,,,,,,,,
2023/4/25 9:00,0.9,11.996,,,,,,,,,,,
2023/4/25 10:00,0.687,9.315,,,,,,,,,,,
2023/4/25 11:00,0.543,8.168,,,,,,,,,,,
2023/4/25 12:00,0.57,8.376,,,,,,,,,,,
2023/4/25 13:00,0.675,9.213,,,,,,,,,,,
2023/4/25 14:00,0.751,9.912,,,,,,,,,,,
2023/4/25 15:00,0.762,10.025,,,,,,,,,,,
2023/4/25 16:00,0.682,9.267,,,,,,,,,,,
2023/4/25 17:00,0.549,8.222,,,,,,,,,,,
2023/4/25 18:00,0.416,7.242,,,,,,,,,,,
2023/4/25 19:00,0.328,6.596,,,,,,,,,,,
2023/4/25 20:00,0.302,6.393,,,,,,,,,,,
2023/4/25 21:00,0.302,6.394,,,,,,,,,,,
2023/4/25 22:00,0.226,5.759,,,,,,,,,,,
2023/4/25 23:00,0.146,4.96,,,,,,,,,,,
2023/4/26 0:00,0.18,5.307,,,,,,,,,,,
2023/4/26 1:00,0.227,5.767,,,,,,,,,,,
2023/4/26 2:00,0.316,6.505,,,,,,,,,,,
2023/4/26 3:00,0.443,7.446,,,,,,,,,,,
2023/4/26 4:00,0.551,8.232,,,,,,,,,,,
2023/4/26 5:00,0.623,8.777,,,,,,,,,,,
2023/4/26 6:00,0.679,9.238,,,,,,,,,,,
2023/4/26 7:00,0.74,9.808,,,,,,,,,,,
2023/4/26 8:00,0.807,10.532,,,,,,,,,,,
2023/4/26 9:00,0.836,10.905,,,,,,,,,,,
2023/4/26 10:00,0.837,10.921,,,,,,,,,,,
2023/4/26 11:00,0.824,10.749,,,,,,,,,,,
2023/4/26 12:00,0.831,10.838,,,,,,,,,,,
2023/4/26 13:00,0.808,10.55,,,,,,,,,,,
2023/4/26 14:00,0.841,10.983,,,,,,,,,,,
2023/4/26 15:00,0.818,10.673,,,,,,,,,,,
2023/4/26 16:00,0.886,11.712,,,,,,,,,,,
2023/4/26 17:00,0.908,12.157,,,,,,,,,,,
2023/4/26 18:00,0.896,11.903,,,,,,,,,,,
2023/4/26 19:00,0.868,11.393,,,,,,,,,,,
2023/4/26 20:00,0.861,11.273,,,,,,,,,,,
2023/4/26 21:00,0.841,10.975,,,,,,,,,,,
2023/4/26 22:00,0.757,9.978,,,,,,,,,,,
2023/4/26 23:00,0.815,10.632,,,,,,,,,,,
2023/4/27 0:00,0.819,10.681,,,,,,,,,,,
2023/4/27 1:00,0.683,9.276,,,,,,,,,,,
2023/4/27 2:00,0.639,8.908,,,,,,,,,,,
2023/4/27 3:00,0.71,9.514,,,,,,,,,,,
2023/4/27 4:00,0.83,10.825,,,,,,,,,,,
2023/4/27 5:00,0.811,10.574,,,,,,,,,,,
2023/4/27 6:00,0.655,9.037,,,,,,,,,,,
2023/4/27 7:00,0.47,7.635,,,,,,,,,,,
2023/4/27 8:00,0.322,6.555,,,,,,,,,,,
2023/4/27 9:00,0.229,5.777,,,,,,,,,,,
2023/4/27 10:00,0.094,4.28,,,,,,,,,,,
2023/4/27 11:00,0.029,3.003,,,,,,,,,,,
2023/4/27 12:00,0.026,2.92,,,,,,,,,,,
2023/4/27 13:00,0.097,4.334,,,,,,,,,,,
2023/4/27 14:00,0.181,5.32,,,,,,,,,,,
2023/4/27 15:00,0.189,5.413,,,,,,,,,,,
2023/4/27 16:00,0.295,6.335,,,,,,,,,,,
2023/4/27 17:00,0.416,7.247,,,,,,,,,,,
2023/4/27 18:00,0.36,6.836,,,,,,,,,,,
2023/4/27 19:00,0.315,6.499,,,,,,,,,,,
2023/4/27 20:00,0.261,6.064,,,,,,,,,,,
2023/4/27 21:00,0.242,5.9,,,,,,,,,,,
2023/4/27 22:00,0.194,5.449,,,,,,,,,,,
2023/4/27 23:00,0.127,4.726,,,,,,,,,,,
2023/4/28 0:00,0.089,4.22,,,,,,,,,,,
2023/4/28 1:00,0.076,4.001,,,,,,,,,,,
2023/4/28 2:00,0.075,3.99,,,,,,,,,,,
2023/4/28 3:00,0.05,3.523,,,,,,,,,,,
2023/4/28 4:00,0.028,2.962,,,,,,,,,,,
2023/4/28 5:00,0.024,2.852,,,,,,,,,,,
2023/4/28 6:00,0.02,2.701,,,,,,,,,,,
2023/4/28 7:00,0.024,2.856,,,,,,,,,,,
2023/4/28 8:00,0.062,3.765,,,,,,,,,,,
2023/4/28 9:00,0.086,4.167,,,,,,,,,,,
2023/4/28 10:00,0.056,3.638,,,,,,,,,,,
2023/4/28 11:00,0.128,4.739,,,,,,,,,,,
2023/4/28 12:00,0.497,7.829,,,,,,,,,,,
2023/4/28 13:00,0.675,9.214,,,,,,,,,,,
2023/4/28 14:00,0.747,9.873,,,,,,,,,,,
2023/4/28 15:00,0.745,9.851,,,,,,,,,,,
2023/4/28 16:00,0.637,8.891,,,,,,,,,,,
2023/4/28 17:00,0.686,9.307,,,,,,,,,,,
2023/4/28 18:00,0.693,9.364,,,,,,,,,,,
2023/4/28 19:00,0.548,8.21,,,,,,,,,,,
2023/4/28 20:00,0.459,7.561,,,,,,,,,,,
2023/4/28 21:00,0.407,7.184,,,,,,,,,,,
2023/4/28 22:00,0.372,6.924,,,,,,,,,,,
2023/4/28 23:00,0.345,6.724,,,,,,,,,,,
2023/4/29 0:00,0.47,7.636,,,,,,,,,,,
2023/4/29 1:00,0.598,8.576,,,,,,,,,,,
2023/4/29 2:00,0.55,8.227,,,,,,,,,,,
2023/4/29 3:00,0.482,7.73,,,,,,,,,,,
2023/4/29 4:00,0.46,7.568,,,,,,,,,,,
2023/4/29 5:00,0.496,7.826,,,,,,,,,,,
2023/4/29 6:00,0.57,8.374,,,,,,,,,,,
2023/4/29 7:00,0.635,8.879,,,,,,,,,,,
2023/4/29 8:00,0.691,9.348,,,,,,,,,,,
2023/4/29 9:00,0.717,9.576,,,,,,,,,,,
2023/4/29 10:00,0.659,9.08,,,,,,,,,,,
2023/4/29 11:00,0.602,8.622,,,,,,,,,,,
2023/4/29 12:00,0.576,8.416,,,,,,,,,,,
2023/4/29 13:00,0.663,9.109,,,,,,,,,,,
2023/4/29 14:00,0.737,9.772,,,,,,,,,,,
2023/4/29 15:00,0.725,9.655,,,,,,,,,,,
2023/4/29 16:00,0.669,9.156,,,,,,,,,,,
2023/4/29 17:00,0.63,8.836,,,,,,,,,,,
2023/4/29 18:00,0.619,8.743,,,,,,,,,,,
2023/4/29 19:00,0.624,8.791,,,,,,,,,,,
2023/4/29 20:00,0.641,8.921,,,,,,,,,,,
2023/4/29 21:00,0.631,8.847,,,,,,,,,,,
2023/4/29 22:00,0.411,7.219,,,,,,,,,,,
2023/4/29 23:00,0.62,8.753,,,,,,,,,,,
2023/4/30 0:00,0.756,9.957,,,,,,,,,,,
2023/4/30 1:00,0.759,9.995,,,,,,,,,,,
2023/4/30 2:00,0.694,9.375,,,,,,,,,,,
2023/4/30 3:00,0.597,8.574,,,,,,,,,,,
2023/4/30 4:00,0.543,8.165,,,,,,,,,,,
2023/4/30 5:00,0.538,8.133,,,,,,,,,,,
2023/4/30 6:00,0.547,8.207,,,,,,,,,,,
2023/4/30 7:00,0.553,8.238,,,,,,,,,,,
2023/4/30 8:00,0.534,8.1,,,,,,,,,,,
2023/4/30 9:00,0.453,7.518,,,,,,,,,,,
2023/4/30 10:00,0.327,6.587,,,,,,,,,,,
2023/4/30 11:00,0.249,5.95,,,,,,,,,,,
2023/4/30 12:00,0.165,5.166,,,,,,,,,,,
2023/4/30 13:00,0.134,4.822,,,,,,,,,,,
2023/4/30 14:00,0.142,4.909,,,,,,,,,,,
2023/4/30 15:00,0.162,5.137,,,,,,,,,,,
2023/4/30 16:00,0.149,4.991,,,,,,,,,,,
2023/4/30 17:00,0.092,4.254,,,,,,,,,,,
2023/4/30 18:00,0.035,3.154,,,,,,,,,,,
2023/4/30 19:00,0.008,2.143,,,,,,,,,,,
2023/4/30 20:00,0.003,1.736,,,,,,,,,,,
2023/4/30 21:00,0.002,1.642,,,,,,,,,,,
2023/4/30 22:00,0.003,1.738,,,,,,,,,,,
2023/4/30 23:00,0.02,2.697,,,,,,,,,,,
2023/5/1 0:00,0.087,4.177,,,,,,,,,,,
2023/5/1 1:00,0.157,5.074,,,,,,,,,,,
2023/5/1 2:00,0.213,5.642,,,,,,,,,,,
2023/5/1 3:00,0.3,6.38,,,,,,,,,,,
2023/5/1 4:00,0.442,7.434,,,,,,,,,,,
2023/5/1 5:00,0.621,8.77,,,,,,,,,,,
2023/5/1 6:00,0.782,10.247,,,,,,,,,,,
2023/5/1 7:00,0.884,11.678,,,,,,,,,,,
2023/5/1 8:00,0.94,13.013,,,,,,,,,,,
2023/5/1 9:00,0.952,13.42,,,,,,,,,,,
2023/5/1 10:00,0.948,13.28,,,,,,,,,,,
2023/5/1 11:00,0.918,12.392,,,,,,,,,,,
2023/5/1 12:00,0.877,11.546,,,,,,,,,,,
2023/5/1 13:00,0.859,11.249,,,,,,,,,,,
2023/5/1 14:00,0.852,11.145,,,,,,,,,,,
2023/5/1 15:00,0.851,11.126,,,,,,,,,,,
2023/5/1 16:00,0.865,11.333,,,,,,,,,,,
2023/5/1 17:00,0.889,11.775,,,,,,,,,,,
2023/5/1 18:00,0.917,12.39,,,,,,,,,,,
2023/5/1 19:00,0.947,13.262,,,,,,,,,,,
2023/5/1 20:00,0.962,13.871,,,,,,,,,,,
2023/5/1 21:00,0.966,14.046,,,,,,,,,,,
2023/5/1 22:00,0.973,14.467,,,,,,,,,,,
2023/5/1 23:00,0.976,14.675,,,,,,,,,,,
2023/5/2 0:00,0.983,15.312,,,,,,,,,,,
2023/5/2 1:00,0.984,15.38,,,,,,,,,,,
2023/5/2 2:00,0.984,15.438,,,,,,,,,,,
2023/5/2 3:00,0.984,15.422,,,,,,,,,,,
2023/5/2 4:00,0.985,15.571,,,,,,,,,,,
2023/5/2 5:00,0.986,15.704,,,,,,,,,,,
2023/5/2 6:00,0.986,15.826,,,,,,,,,,,
2023/5/2 7:00,0.987,15.918,,,,,,,,,,,
2023/5/2 8:00,0.987,15.884,,,,,,,,,,,
2023/5/2 9:00,0.984,15.453,,,,,,,,,,,
2023/5/2 10:00,0.982,15.168,,,,,,,,,,,
2023/5/2 11:00,0.982,15.209,,,,,,,,,,,
2023/5/2 12:00,0.98,14.952,,,,,,,,,,,
2023/5/2 13:00,0.973,14.465,,,,,,,,,,,
2023/5/2 14:00,0.954,13.493,,,,,,,,,,,
2023/5/2 15:00,0.94,13.025,,,,,,,,,,,
2023/5/2 16:00,0.925,12.571,,,,,,,,,,,
2023/5/2 17:00,0.902,12.044,,,,,,,,,,,
2023/5/2 18:00,0.897,11.923,,,,,,,,,,,
2023/5/2 19:00,0.914,12.314,,,,,,,,,,,
2023/5/2 20:00,0.907,12.142,,,,,,,,,,,
2023/5/2 21:00,0.866,11.368,,,,,,,,,,,
2023/5/2 22:00,0.671,9.177,,,,,,,,,,,
2023/5/2 23:00,0.5,7.861,,,,,,,,,,,
2023/5/3 0:00,0.476,7.686,,,,,,,,,,,
2023/5/3 1:00,0.147,4.971,,,,,,,,,,,
2023/5/3 2:00,0.091,4.243,,,,,,,,,,,
2023/5/3 3:00,0.264,6.08,,,,,,,,,,,
2023/5/3 4:00,0.512,7.945,,,,,,,,,,,
2023/5/3 5:00,0.725,9.657,,,,,,,,,,,
2023/5/3 6:00,0.834,10.873,,,,,,,,,,,
2023/5/3 7:00,0.864,11.326,,,,,,,,,,,
2023/5/3 8:00,0.873,11.481,,,,,,,,,,,
2023/5/3 9:00,0.89,11.778,,,,,,,,,,,
2023/5/3 10:00,0.893,11.86,,,,,,,,,,,
2023/5/3 11:00,0.902,12.043,,,,,,,,,,,
2023/5/3 12:00,0.871,11.44,,,,,,,,,,,
2023/5/3 13:00,0.837,10.919,,,,,,,,,,,
2023/5/3 14:00,0.813,10.605,,,,,,,,,,,
2023/5/3 15:00,0.778,10.194,,,,,,,,,,,
2023/5/3 16:00,0.725,9.66,,,,,,,,,,,
2023/5/3 17:00,0.663,9.107,,,,,,,,,,,
2023/5/3 18:00,0.62,8.755,,,,,,,,,,,
2023/5/3 19:00,0.51,7.924,,,,,,,,,,,
2023/5/3 20:00,0.338,6.666,,,,,,,,,,,
2023/5/3 21:00,0.174,5.261,,,,,,,,,,,
2023/5/3 22:00,0.066,3.828,,,,,,,,,,,
2023/5/3 23:00,0.076,3.998,,,,,,,,,,,
2023/5/4 0:00,0.037,3.211,,,,,,,,,,,
2023/5/4 1:00,0.015,2.501,,,,,,,,,,,
2023/5/4 2:00,0.004,1.847,,,,,,,,,,,
2023/5/4 3:00,0.005,1.909,,,,,,,,,,,
2023/5/4 4:00,0.021,2.739,,,,,,,,,,,
2023/5/4 5:00,0.108,4.492,,,,,,,,,,,
2023/5/4 6:00,0.215,5.66,,,,,,,,,,,
2023/5/4 7:00,0.329,6.609,,,,,,,,,,,
2023/5/4 8:00,0.424,7.313,,,,,,,,,,,
2023/5/4 9:00,0.436,7.388,,,,,,,,,,,
2023/5/4 10:00,0.341,6.696,,,,,,,,,,,
2023/5/4 11:00,0.253,5.994,,,,,,,,,,,
2023/5/4 12:00,0.308,6.435,,,,,,,,,,,
2023/5/4 13:00,0.569,8.364,,,,,,,,,,,
2023/5/4 14:00,0.744,9.839,,,,,,,,,,,
2023/5/4 15:00,0.844,11.014,,,,,,,,,,,
2023/5/4 16:00,0.91,12.222,,,,,,,,,,,
2023/5/4 17:00,0.925,12.587,,,,,,,,,,,
2023/5/4 18:00,0.939,12.978,,,,,,,,,,,
2023/5/4 19:00,0.944,13.13,,,,,,,,,,,
2023/5/4 20:00,0.942,13.08,,,,,,,,,,,
2023/5/4 21:00,0.933,12.815,,,,,,,,,,,
2023/5/4 22:00,0.927,12.627,,,,,,,,,,,
2023/5/4 23:00,0.933,12.797,,,,,,,,,,,
2023/5/5 0:00,0.953,13.479,,,,,,,,,,,
2023/5/5 1:00,0.969,14.214,,,,,,,,,,,
2023/5/5 2:00,0.974,14.546,,,,,,,,,,,
2023/5/5 3:00,0.975,14.58,,,,,,,,,,,
2023/5/5 4:00,0.97,14.253,,,,,,,,,,,
2023/5/5 5:00,0.965,14.019,,,,,,,,,,,
2023/5/5 6:00,0.965,14.012,,,,,,,,,,,
2023/5/5 7:00,0.959,13.707,,,,,,,,,,,
2023/5/5 8:00,0.942,13.071,,,,,,,,,,,
2023/5/5 9:00,0.91,12.218,,,,,,,,,,,
2023/5/5 10:00,0.826,10.781,,,,,,,,,,,
2023/5/5 11:00,0.727,9.669,,,,,,,,,,,
2023/5/5 12:00,0.654,9.026,,,,,,,,,,,
2023/5/5 13:00,0.593,8.546,,,,,,,,,,,
2023/5/5 14:00,0.552,8.235,,,,,,,,,,,
2023/5/5 15:00,0.515,7.97,,,,,,,,,,,
2023/5/5 16:00,0.497,7.833,,,,,,,,,,,
2023/5/5 17:00,0.55,8.229,,,,,,,,,,,
2023/5/5 18:00,0.662,9.102,,,,,,,,,,,
2023/5/5 19:00,0.724,9.646,,,,,,,,,,,
2023/5/5 20:00,0.719,9.608,,,,,,,,,,,
2023/5/5 21:00,0.68,9.252,,,,,,,,,,,
2023/5/5 22:00,0.483,7.733,,,,,,,,,,,
2023/5/5 23:00,0.507,7.908,,,,,,,,,,,
2023/5/6 0:00,0.669,9.148,,,,,,,,,,,
2023/5/6 1:00,0.674,9.199,,,,,,,,,,,
2023/5/6 2:00,0.608,8.661,,,,,,,,,,,
2023/5/6 3:00,0.443,7.442,,,,,,,,,,,
2023/5/6 4:00,0.309,6.44,,,,,,,,,,,
2023/5/6 5:00,0.235,5.841,,,,,,,,,,,
2023/5/6 6:00,0.163,5.146,,,,,,,,,,,
2023/5/6 7:00,0.085,4.141,,,,,,,,,,,
2023/5/6 8:00,0.03,3.03,,,,,,,,,,,
2023/5/6 9:00,0.008,2.171,,,,,,,,,,,
2023/5/6 10:00,0.017,2.57,,,,,,,,,,,
2023/5/6 11:00,0.014,2.455,,,,,,,,,,,
2023/5/6 12:00,0.005,1.926,,,,,,,,,,,
2023/5/6 13:00,0.002,1.56,,,,,,,,,,,
2023/5/6 14:00,0.112,4.528,,,,,,,,,,,
2023/5/6 15:00,0.574,8.399,,,,,,,,,,,
2023/5/6 16:00,0.799,10.435,,,,,,,,,,,
2023/5/6 17:00,0.741,9.813,,,,,,,,,,,
2023/5/6 18:00,0.641,8.925,,,,,,,,,,,
2023/5/6 19:00,0.633,8.866,,,,,,,,,,,
2023/5/6 20:00,0.67,9.164,,,,,,,,,,,
2023/5/6 21:00,0.676,9.221,,,,,,,,,,,
2023/5/6 22:00,0.511,7.937,,,,,,,,,,,
2023/5/6 23:00,0.818,10.667,,,,,,,,,,,
2023/5/7 0:00,0.838,10.944,,,,,,,,,,,
2023/5/7 1:00,0.827,10.79,,,,,,,,,,,
2023/5/7 2:00,0.815,10.62,,,,,,,,,,,
2023/5/7 3:00,0.78,10.214,,,,,,,,,,,
2023/5/7 4:00,0.73,9.704,,,,,,,,,,,
2023/5/7 5:00,0.673,9.188,,,,,,,,,,,
2023/5/7 6:00,0.621,8.768,,,,,,,,,,,
2023/5/7 7:00,0.583,8.471,,,,,,,,,,,
2023/5/7 8:00,0.538,8.136,,,,,,,,,,,
2023/5/7 9:00,0.443,7.44,,,,,,,,,,,
2023/5/7 10:00,0.269,6.132,,,,,,,,,,,
2023/5/7 11:00,0.119,4.62,,,,,,,,,,,
2023/5/7 12:00,0.036,3.181,,,,,,,,,,,
2023/5/7 13:00,0.031,3.066,,,,,,,,,,,
2023/5/7 14:00,0.098,4.345,,,,,,,,,,,
2023/5/7 15:00,0.252,5.974,,,,,,,,,,,
2023/5/7 16:00,0.467,7.617,,,,,,,,,,,
2023/5/7 17:00,0.655,9.036,,,,,,,,,,,
2023/5/7 18:00,0.766,10.07,,,,,,,,,,,
2023/5/7 19:00,0.822,10.72,,,,,,,,,,,
2023/5/7 20:00,0.847,11.069,,,,,,,,,,,
2023/5/7 21:00,0.835,10.886,,,,,,,,,,,
2023/5/7 22:00,0.692,9.36,,,,,,,,,,,
2023/5/7 23:00,0.593,8.546,,,,,,,,,,,
2023/5/8 0:00,0.77,10.108,,,,,,,,,,,
2023/5/8 1:00,0.624,8.788,,,,,,,,,,,
2023/5/8 2:00,0.459,7.563,,,,,,,,,,,
2023/5/8 3:00,0.374,6.939,,,,,,,,,,,
2023/5/8 4:00,0.317,6.517,,,,,,,,,,,
2023/5/8 5:00,0.275,6.176,,,,,,,,,,,
2023/5/8 6:00,0.25,5.961,,,,,,,,,,,
2023/5/8 7:00,0.254,6,,,,,,,,,,,
2023/5/8 8:00,0.324,6.571,,,,,,,,,,,
2023/5/8 9:00,0.468,7.626,,,,,,,,,,,
2023/5/8 10:00,0.619,8.748,,,,,,,,,,,
2023/5/8 11:00,0.706,9.482,,,,,,,,,,,
2023/5/8 12:00,0.683,9.284,,,,,,,,,,,
2023/5/8 13:00,0.579,8.435,,,,,,,,,,,
2023/5/8 14:00,0.472,7.65,,,,,,,,,,,
2023/5/8 15:00,0.438,7.399,,,,,,,,,,,
2023/5/8 16:00,0.429,7.343,,,,,,,,,,,
2023/5/8 17:00,0.421,7.288,,,,,,,,,,,
2023/5/8 18:00,0.418,7.268,,,,,,,,,,,
2023/5/8 19:00,0.429,7.342,,,,,,,,,,,
2023/5/8 20:00,0.439,7.413,,,,,,,,,,,
2023/5/8 21:00,0.374,6.938,,,,,,,,,,,
2023/5/8 22:00,0.168,5.195,,,,,,,,,,,
2023/5/8 23:00,0.14,4.872,,,,,,,,,,,
2023/5/9 0:00,0.232,5.802,,,,,,,,,,,
2023/5/9 1:00,0.217,5.678,,,,,,,,,,,
2023/5/9 2:00,0.167,5.182,,,,,,,,,,,
2023/5/9 3:00,0.119,4.625,,,,,,,,,,,
2023/5/9 4:00,0.077,4.017,,,,,,,,,,,
2023/5/9 5:00,0.037,3.214,,,,,,,,,,,
2023/5/9 6:00,0.014,2.491,,,,,,,,,,,
2023/5/9 7:00,0.002,1.644,,,,,,,,,,,
2023/5/9 8:00,0,0.419,,,,,,,,,,,
2023/5/9 9:00,0.009,2.216,,,,,,,,,,,
2023/5/9 10:00,0.107,4.466,,,,,,,,,,,
2023/5/9 11:00,0.331,6.616,,,,,,,,,,,
2023/5/9 12:00,0.511,7.941,,,,,,,,,,,
2023/5/9 13:00,0.561,8.3,,,,,,,,,,,
2023/5/9 14:00,0.564,8.319,,,,,,,,,,,
2023/5/9 15:00,0.536,8.117,,,,,,,,,,,
2023/5/9 16:00,0.487,7.758,,,,,,,,,,,
2023/5/9 17:00,0.48,7.715,,,,,,,,,,,
2023/5/9 18:00,0.465,7.599,,,,,,,,,,,
2023/5/9 19:00,0.41,7.205,,,,,,,,,,,
2023/5/9 20:00,0.443,7.444,,,,,,,,,,,
2023/5/9 21:00,0.454,7.523,,,,,,,,,,,
2023/5/9 22:00,0.242,5.905,,,,,,,,,,,
2023/5/9 23:00,0.183,5.347,,,,,,,,,,,
2023/5/10 0:00,0.185,5.367,,,,,,,,,,,
2023/5/10 1:00,0.13,4.768,,,,,,,,,,,
2023/5/10 2:00,0.074,3.966,,,,,,,,,,,
2023/5/10 3:00,0.063,3.768,,,,,,,,,,,
2023/5/10 4:00,0.074,3.976,,,,,,,,,,,
2023/5/10 5:00,0.09,4.221,,,,,,,,,,,
2023/5/10 6:00,0.107,4.475,,,,,,,,,,,
2023/5/10 7:00,0.112,4.536,,,,,,,,,,,
2023/5/10 8:00,0.125,4.7,,,,,,,,,,,
2023/5/10 9:00,0.183,5.353,,,,,,,,,,,
2023/5/10 10:00,0.395,7.093,,,,,,,,,,,
2023/5/10 11:00,0.632,8.852,,,,,,,,,,,
2023/5/10 12:00,0.741,9.811,,,,,,,,,,,
2023/5/10 13:00,0.788,10.312,,,,,,,,,,,
2023/5/10 14:00,0.808,10.553,,,,,,,,,,,
2023/5/10 15:00,0.791,10.345,,,,,,,,,,,
2023/5/10 16:00,0.774,10.158,,,,,,,,,,,
2023/5/10 17:00,0.741,9.813,,,,,,,,,,,
2023/5/10 18:00,0.688,9.326,,,,,,,,,,,
2023/5/10 19:00,0.666,9.132,,,,,,,,,,,
2023/5/10 20:00,0.667,9.14,,,,,,,,,,,
2023/5/10 21:00,0.612,8.696,,,,,,,,,,,
2023/5/10 22:00,0.424,7.309,,,,,,,,,,,
2023/5/10 23:00,0.486,7.752,,,,,,,,,,,
2023/5/11 0:00,0.641,8.932,,,,,,,,,,,
2023/5/11 1:00,0.61,8.678,,,,,,,,,,,
2023/5/11 2:00,0.605,8.64,,,,,,,,,,,
2023/5/11 3:00,0.678,9.233,,,,,,,,,,,
2023/5/11 4:00,0.776,10.174,,,,,,,,,,,
2023/5/11 5:00,0.827,10.787,,,,,,,,,,,
2023/5/11 6:00,0.831,10.843,,,,,,,,,,,
2023/5/11 7:00,0.826,10.78,,,,,,,,,,,
2023/5/11 8:00,0.822,10.72,,,,,,,,,,,
2023/5/11 9:00,0.777,10.182,,,,,,,,,,,
2023/5/11 10:00,0.701,9.432,,,,,,,,,,,
2023/5/11 11:00,0.644,8.956,,,,,,,,,,,
2023/5/11 12:00,0.569,8.368,,,,,,,,,,,
2023/5/11 13:00,0.559,8.286,,,,,,,,,,,
2023/5/11 14:00,0.582,8.466,,,,,,,,,,,
2023/5/11 15:00,0.641,8.93,,,,,,,,,,,
2023/5/11 16:00,0.694,9.378,,,,,,,,,,,
2023/5/11 17:00,0.727,9.668,,,,,,,,,,,
2023/5/11 18:00,0.73,9.706,,,,,,,,,,,
2023/5/11 19:00,0.739,9.8,,,,,,,,,,,
2023/5/11 20:00,0.715,9.569,,,,,,,,,,,
2023/5/11 21:00,0.63,8.839,,,,,,,,,,,
2023/5/11 22:00,0.475,7.668,,,,,,,,,,,
2023/5/11 23:00,0.727,9.671,,,,,,,,,,,
2023/5/12 0:00,0.834,10.882,,,,,,,,,,,
2023/5/12 1:00,0.842,10.999,,,,,,,,,,,
2023/5/12 2:00,0.854,11.169,,,,,,,,,,,
2023/5/12 3:00,0.869,11.407,,,,,,,,,,,
2023/5/12 4:00,0.871,11.444,,,,,,,,,,,
2023/5/12 5:00,0.839,10.952,,,,,,,,,,,
2023/5/12 6:00,0.744,9.846,,,,,,,,,,,
2023/5/12 7:00,0.599,8.594,,,,,,,,,,,
2023/5/12 8:00,0.544,8.177,,,,,,,,,,,
2023/5/12 9:00,0.485,7.745,,,,,,,,,,,
2023/5/12 10:00,0.437,7.391,,,,,,,,,,,
2023/5/12 11:00,0.556,8.262,,,,,,,,,,,
2023/5/12 12:00,0.453,7.511,,,,,,,,,,,
2023/5/12 13:00,0.229,5.779,,,,,,,,,,,
2023/5/12 14:00,0.14,4.881,,,,,,,,,,,
2023/5/12 15:00,0.134,4.822,,,,,,,,,,,
2023/5/12 16:00,0.207,5.571,,,,,,,,,,,
2023/5/12 17:00,0.338,6.67,,,,,,,,,,,
2023/5/12 18:00,0.481,7.723,,,,,,,,,,,
2023/5/12 19:00,0.544,8.173,,,,,,,,,,,
2023/5/12 20:00,0.556,8.267,,,,,,,,,,,
2023/5/12 21:00,0.465,7.608,,,,,,,,,,,
2023/5/12 22:00,0.187,5.389,,,,,,,,,,,
2023/5/12 23:00,0.201,5.524,,,,,,,,,,,
2023/5/13 0:00,0.25,5.962,,,,,,,,,,,
2023/5/13 1:00,0.181,5.333,,,,,,,,,,,
2023/5/13 2:00,0.095,4.303,,,,,,,,,,,
2023/5/13 3:00,0.041,3.317,,,,,,,,,,,
2023/5/13 4:00,0.016,2.561,,,,,,,,,,,
2023/5/13 5:00,0.009,2.225,,,,,,,,,,,
2023/5/13 6:00,0.007,2.08,,,,,,,,,,,
2023/5/13 7:00,0.005,1.953,,,,,,,,,,,
2023/5/13 8:00,0.003,1.757,,,,,,,,,,,
2023/5/13 9:00,0.001,1.381,,,,,,,,,,,
2023/5/13 10:00,0.037,3.21,,,,,,,,,,,
2023/5/13 11:00,0.17,5.215,,,,,,,,,,,
2023/5/13 12:00,0.363,6.863,,,,,,,,,,,
2023/5/13 13:00,0.462,7.578,,,,,,,,,,,
2023/5/13 14:00,0.51,7.932,,,,,,,,,,,
2023/5/13 15:00,0.564,8.32,,,,,,,,,,,
2023/5/13 16:00,0.616,8.727,,,,,,,,,,,
2023/5/13 17:00,0.702,9.443,,,,,,,,,,,
2023/5/13 18:00,0.797,10.413,,,,,,,,,,,
2023/5/13 19:00,0.813,10.598,,,,,,,,,,,
2023/5/13 20:00,0.842,10.988,,,,,,,,,,,
2023/5/13 21:00,0.827,10.791,,,,,,,,,,,
2023/5/13 22:00,0.659,9.077,,,,,,,,,,,
2023/5/13 23:00,0.792,10.359,,,,,,,,,,,
2023/5/14 0:00,0.828,10.799,,,,,,,,,,,
2023/5/14 1:00,0.716,9.575,,,,,,,,,,,
2023/5/14 2:00,0.556,8.259,,,,,,,,,,,
2023/5/14 3:00,0.475,7.668,,,,,,,,,,,
2023/5/14 4:00,0.491,7.796,,,,,,,,,,,
2023/5/14 5:00,0.543,8.166,,,,,,,,,,,
2023/5/14 6:00,0.559,8.283,,,,,,,,,,,
2023/5/14 7:00,0.399,7.131,,,,,,,,,,,
2023/5/14 8:00,0.156,5.057,,,,,,,,,,,
2023/5/14 9:00,0.155,5.052,,,,,,,,,,,
2023/5/14 10:00,0.332,6.619,,,,,,,,,,,
2023/5/14 11:00,0.682,9.265,,,,,,,,,,,
2023/5/14 12:00,0.817,10.655,,,,,,,,,,,
2023/5/14 13:00,0.832,10.851,,,,,,,,,,,
2023/5/14 14:00,0.853,11.151,,,,,,,,,,,
2023/5/14 15:00,0.841,10.983,,,,,,,,,,,
2023/5/14 16:00,0.822,10.729,,,,,,,,,,,
2023/5/14 17:00,0.802,10.474,,,,,,,,,,,
2023/5/14 18:00,0.774,10.154,,,,,,,,,,,
2023/5/14 19:00,0.767,10.074,,,,,,,,,,,
2023/5/14 20:00,0.743,9.827,,,,,,,,,,,
2023/5/14 21:00,0.6,8.604,,,,,,,,,,,
2023/5/14 22:00,0.347,6.735,,,,,,,,,,,
2023/5/14 23:00,0.323,6.56,,,,,,,,,,,
2023/5/15 0:00,0.13,4.765,,,,,,,,,,,
2023/5/15 1:00,0.02,2.698,,,,,,,,,,,
2023/5/15 2:00,0.004,1.863,,,,,,,,,,,
2023/5/15 3:00,0.003,1.693,,,,,,,,,,,
2023/5/15 4:00,0.002,1.559,,,,,,,,,,,
2023/5/15 5:00,0.001,1.481,,,,,,,,,,,
2023/5/15 6:00,0.024,2.84,,,,,,,,,,,
2023/5/15 7:00,0.094,4.279,,,,,,,,,,,
2023/5/15 8:00,0.174,5.256,,,,,,,,,,,
2023/5/15 9:00,0.346,6.729,,,,,,,,,,,
2023/5/15 10:00,0.556,8.266,,,,,,,,,,,
2023/5/15 11:00,0.677,9.23,,,,,,,,,,,
2023/5/15 12:00,0.658,9.07,,,,,,,,,,,
2023/5/15 13:00,0.528,8.064,,,,,,,,,,,
2023/5/15 14:00,0.365,6.871,,,,,,,,,,,
2023/5/15 15:00,0.286,6.272,,,,,,,,,,,
2023/5/15 16:00,0.258,6.03,,,,,,,,,,,
2023/5/15 17:00,0.286,6.269,,,,,,,,,,,
2023/5/15 18:00,0.384,7.02,,,,,,,,,,,
2023/5/15 19:00,0.515,7.967,,,,,,,,,,,
2023/5/15 20:00,0.66,9.085,,,,,,,,,,,
2023/5/15 21:00,0.647,8.974,,,,,,,,,,,
2023/5/15 22:00,0.408,7.189,,,,,,,,,,,
2023/5/15 23:00,0.19,5.419,,,,,,,,,,,
2023/5/16 0:00,0.419,7.271,,,,,,,,,,,
2023/5/16 1:00,0.573,8.395,,,,,,,,,,,
2023/5/16 2:00,0.582,8.462,,,,,,,,,,,
2023/5/16 3:00,0.626,8.798,,,,,,,,,,,
2023/5/16 4:00,0.669,9.157,,,,,,,,,,,
2023/5/16 5:00,0.671,9.179,,,,,,,,,,,
2023/5/16 6:00,0.544,8.183,,,,,,,,,,,
2023/5/16 7:00,0.306,6.427,,,,,,,,,,,
2023/5/16 8:00,0.235,5.835,,,,,,,,,,,
2023/5/16 9:00,0.226,5.755,,,,,,,,,,,
2023/5/16 10:00,0.339,6.675,,,,,,,,,,,
2023/5/16 11:00,0.206,5.561,,,,,,,,,,,
2023/5/16 12:00,0.14,4.89,,,,,,,,,,,
2023/5/16 13:00,0.185,5.371,,,,,,,,,,,
2023/5/16 14:00,0.314,6.485,,,,,,,,,,,
2023/5/16 15:00,0.504,7.886,,,,,,,,,,,
2023/5/16 16:00,0.616,8.73,,,,,,,,,,,
2023/5/16 17:00,0.692,9.359,,,,,,,,,,,
2023/5/16 18:00,0.66,9.081,,,,,,,,,,,
2023/5/16 19:00,0.627,8.816,,,,,,,,,,,
2023/5/16 20:00,0.686,9.31,,,,,,,,,,,
2023/5/16 21:00,0.685,9.294,,,,,,,,,,,
2023/5/16 22:00,0.7,9.425,,,,,,,,,,,
2023/5/16 23:00,0.637,8.892,,,,,,,,,,,
2023/5/17 0:00,0.492,7.798,,,,,,,,,,,
2023/5/17 1:00,0.328,6.593,,,,,,,,,,,
2023/5/17 2:00,0.2,5.518,,,,,,,,,,,
2023/5/17 3:00,0.117,4.609,,,,,,,,,,,
2023/5/17 4:00,0.057,3.669,,,,,,,,,,,
2023/5/17 5:00,0.021,2.75,,,,,,,,,,,
2023/5/17 6:00,0.014,2.458,,,,,,,,,,,
2023/5/17 7:00,0.023,2.823,,,,,,,,,,,
2023/5/17 8:00,0.026,2.922,,,,,,,,,,,
2023/5/17 9:00,0.028,2.95,,,,,,,,,,,
2023/5/17 10:00,0.016,2.529,,,,,,,,,,,
2023/5/17 11:00,0.008,2.152,,,,,,,,,,,
2023/5/17 12:00,0.01,2.256,,,,,,,,,,,
2023/5/17 13:00,0.018,2.641,,,,,,,,,,,
2023/5/17 14:00,0.032,3.072,,,,,,,,,,,
2023/5/17 15:00,0.055,3.619,,,,,,,,,,,
2023/5/17 16:00,0.092,4.252,,,,,,,,,,,
2023/5/17 17:00,0.14,4.893,,,,,,,,,,,
2023/5/17 18:00,0.181,5.317,,,,,,,,,,,
2023/5/17 19:00,0.194,5.451,,,,,,,,,,,
2023/5/17 20:00,0.183,5.348,,,,,,,,,,,
2023/5/17 21:00,0.14,4.892,,,,,,,,,,,
2023/5/17 22:00,0.05,3.528,,,,,,,,,,,
2023/5/17 23:00,0.027,2.941,,,,,,,,,,,
2023/5/18 0:00,0.059,3.69,,,,,,,,,,,
2023/5/18 1:00,0.097,4.328,,,,,,,,,,,
2023/5/18 2:00,0.156,5.057,,,,,,,,,,,
2023/5/18 3:00,0.212,5.636,,,,,,,,,,,
2023/5/18 4:00,0.267,6.117,,,,,,,,,,,
2023/5/18 5:00,0.322,6.551,,,,,,,,,,,
2023/5/18 6:00,0.381,6.988,,,,,,,,,,,
2023/5/18 7:00,0.451,7.503,,,,,,,,,,,
2023/5/18 8:00,0.557,8.272,,,,,,,,,,,
2023/5/18 9:00,0.704,9.469,,,,,,,,,,,
2023/5/18 10:00,0.842,10.988,,,,,,,,,,,
2023/5/18 11:00,0.928,12.66,,,,,,,,,,,
2023/5/18 12:00,0.934,12.838,,,,,,,,,,,
2023/5/18 13:00,0.92,12.463,,,,,,,,,,,
2023/5/18 14:00,0.859,11.246,,,,,,,,,,,
2023/5/18 15:00,0.76,10.012,,,,,,,,,,,
2023/5/18 16:00,0.644,8.953,,,,,,,,,,,
2023/5/18 17:00,0.638,8.896,,,,,,,,,,,
2023/5/18 18:00,0.727,9.675,,,,,,,,,,,
2023/5/18 19:00,0.834,10.875,,,,,,,,,,,
2023/5/18 20:00,0.734,9.742,,,,,,,,,,,
2023/5/18 21:00,0.725,9.66,,,,,,,,,,,
2023/5/18 22:00,0.797,10.408,,,,,,,,,,,
2023/5/18 23:00,0.923,12.521,,,,,,,,,,,
2023/5/19 0:00,0.958,13.651,,,,,,,,,,,
2023/5/19 1:00,0.964,13.977,,,,,,,,,,,
2023/5/19 2:00,0.965,14.023,,,,,,,,,,,
2023/5/19 3:00,0.965,13.997,,,,,,,,,,,
2023/5/19 4:00,0.966,14.034,,,,,,,,,,,
2023/5/19 5:00,0.968,14.16,,,,,,,,,,,
2023/5/19 6:00,0.971,14.338,,,,,,,,,,,
2023/5/19 7:00,0.963,13.9,,,,,,,,,,,
2023/5/19 8:00,0.937,12.915,,,,,,,,,,,
2023/5/19 9:00,0.904,12.086,,,,,,,,,,,
2023/5/19 10:00,0.839,10.96,,,,,,,,,,,
2023/5/19 11:00,0.807,10.533,,,,,,,,,,,
2023/5/19 12:00,0.8,10.449,,,,,,,,,,,
2023/5/19 13:00,0.82,10.698,,,,,,,,,,,
2023/5/19 14:00,0.822,10.718,,,,,,,,,,,
2023/5/19 15:00,0.789,10.319,,,,,,,,,,,
2023/5/19 16:00,0.765,10.061,,,,,,,,,,,
2023/5/19 17:00,0.748,9.881,,,,,,,,,,,
2023/5/19 18:00,0.752,9.917,,,,,,,,,,,
2023/5/19 19:00,0.77,10.106,,,,,,,,,,,
2023/5/19 20:00,0.803,10.482,,,,,,,,,,,
2023/5/19 21:00,0.791,10.344,,,,,,,,,,,
2023/5/19 22:00,0.86,11.256,,,,,,,,,,,
2023/5/19 23:00,0.973,14.49,,,,,,,,,,,
2023/5/20 0:00,0.983,15.362,,,,,,,,,,,
2023/5/20 1:00,0.986,15.81,,,,,,,,,,,
2023/5/20 2:00,0.987,16.047,,,,,,,,,,,
2023/5/20 3:00,0.988,16.43,,,,,,,,,,,
2023/5/20 4:00,0.986,17.166,,,,,,,,,,,
2023/5/20 5:00,0.98,17.84,,,,,,,,,,,
2023/5/20 6:00,0.975,18.211,,,,,,,,,,,
2023/5/20 7:00,0.974,18.253,,,,,,,,,,,
2023/5/20 8:00,0.98,17.853,,,,,,,,,,,
2023/5/20 9:00,0.988,16.6,,,,,,,,,,,
2023/5/20 10:00,0.974,14.535,,,,,,,,,,,
2023/5/20 11:00,0.929,12.688,,,,,,,,,,,
2023/5/20 12:00,0.895,11.893,,,,,,,,,,,
2023/5/20 13:00,0.889,11.765,,,,,,,,,,,
2023/5/20 14:00,0.892,11.832,,,,,,,,,,,
2023/5/20 15:00,0.909,12.172,,,,,,,,,,,
2023/5/20 16:00,0.927,12.627,,,,,,,,,,,
2023/5/20 17:00,0.923,12.533,,,,,,,,,,,
2023/5/20 18:00,0.913,12.291,,,,,,,,,,,
2023/5/20 19:00,0.904,12.084,,,,,,,,,,,
2023/5/20 20:00,0.898,11.939,,,,,,,,,,,
2023/5/20 21:00,0.867,11.378,,,,,,,,,,,
2023/5/20 22:00,0.887,11.731,,,,,,,,,,,
2023/5/20 23:00,0.928,12.654,,,,,,,,,,,
2023/5/21 0:00,0.911,12.233,,,,,,,,,,,
2023/5/21 1:00,0.88,11.594,,,,,,,,,,,
2023/5/21 2:00,0.813,10.606,,,,,,,,,,,
2023/5/21 3:00,0.676,9.217,,,,,,,,,,,
2023/5/21 4:00,0.485,7.743,,,,,,,,,,,
2023/5/21 5:00,0.292,6.32,,,,,,,,,,,
2023/5/21 6:00,0.152,5.022,,,,,,,,,,,
2023/5/21 7:00,0.078,4.045,,,,,,,,,,,
2023/5/21 8:00,0.034,3.119,,,,,,,,,,,
2023/5/21 9:00,0.008,2.176,,,,,,,,,,,
2023/5/21 10:00,0.001,1.482,,,,,,,,,,,
2023/5/21 11:00,0.011,2.29,,,,,,,,,,,
2023/5/21 12:00,0.04,3.296,,,,,,,,,,,
2023/5/21 13:00,0.098,4.344,,,,,,,,,,,
2023/5/21 14:00,0.175,5.268,,,,,,,,,,,
2023/5/21 15:00,0.264,6.086,,,,,,,,,,,
2023/5/21 16:00,0.387,7.04,,,,,,,,,,,
2023/5/21 17:00,0.527,8.046,,,,,,,,,,,
2023/5/21 18:00,0.688,9.328,,,,,,,,,,,
2023/5/21 19:00,0.735,9.754,,,,,,,,,,,
2023/5/21 20:00,0.715,9.566,,,,,,,,,,,
2023/5/21 21:00,0.614,8.705,,,,,,,,,,,
2023/5/21 22:00,0.353,6.792,,,,,,,,,,,
2023/5/21 23:00,0.514,7.959,,,,,,,,,,,
2023/5/22 0:00,0.523,8.023,,,,,,,,,,,
2023/5/22 1:00,0.517,7.98,,,,,,,,,,,
2023/5/22 2:00,0.507,7.905,,,,,,,,,,,
2023/5/22 3:00,0.478,7.7,,,,,,,,,,,
2023/5/22 4:00,0.45,7.496,,,,,,,,,,,
2023/5/22 5:00,0.447,7.479,,,,,,,,,,,
2023/5/22 6:00,0.446,7.472,,,,,,,,,,,
2023/5/22 7:00,0.437,7.391,,,,,,,,,,,
2023/5/22 8:00,0.41,7.207,,,,,,,,,,,
2023/5/22 9:00,0.381,6.995,,,,,,,,,,,
2023/5/22 10:00,0.302,6.395,,,,,,,,,,,
2023/5/22 11:00,0.259,6.044,,,,,,,,,,,
2023/5/22 12:00,0.278,6.204,,,,,,,,,,,
2023/5/22 13:00,0.384,7.014,,,,,,,,,,,
2023/5/22 14:00,0.533,8.097,,,,,,,,,,,
2023/5/22 15:00,0.624,8.779,,,,,,,,,,,
2023/5/22 16:00,0.647,8.975,,,,,,,,,,,
2023/5/22 17:00,0.639,8.9,,,,,,,,,,,
2023/5/22 18:00,0.627,8.815,,,,,,,,,,,
2023/5/22 19:00,0.632,8.853,,,,,,,,,,,
2023/5/22 20:00,0.631,8.849,,,,,,,,,,,
2023/5/22 21:00,0.57,8.372,,,,,,,,,,,
2023/5/22 22:00,0.297,6.355,,,,,,,,,,,
2023/5/22 23:00,0.147,4.963,,,,,,,,,,,
2023/5/23 0:00,0.105,4.445,,,,,,,,,,,
2023/5/23 1:00,0.056,3.65,,,,,,,,,,,
2023/5/23 2:00,0.028,2.976,,,,,,,,,,,
2023/5/23 3:00,0.01,2.25,,,,,,,,,,,
2023/5/23 4:00,0.002,1.543,,,,,,,,,,,
2023/5/23 5:00,0.001,1.238,,,,,,,,,,,
2023/5/23 6:00,0.002,1.537,,,,,,,,,,,
2023/5/23 7:00,0.011,2.296,,,,,,,,,,,
2023/5/23 8:00,0.038,3.244,,,,,,,,,,,
2023/5/23 9:00,0.126,4.713,,,,,,,,,,,
2023/5/23 10:00,0.403,7.159,,,,,,,,,,,
2023/5/23 11:00,0.753,9.927,,,,,,,,,,,
2023/5/23 12:00,0.857,11.219,,,,,,,,,,,
2023/5/23 13:00,0.866,11.355,,,,,,,,,,,
2023/5/23 14:00,0.818,10.666,,,,,,,,,,,
2023/5/23 15:00,0.786,10.289,,,,,,,,,,,
2023/5/23 16:00,0.782,10.246,,,,,,,,,,,
2023/5/23 17:00,0.78,10.212,,,,,,,,,,,
2023/5/23 18:00,0.778,10.198,,,,,,,,,,,
2023/5/23 19:00,0.775,10.161,,,,,,,,,,,
2023/5/23 20:00,0.767,10.073,,,,,,,,,,,
2023/5/23 21:00,0.727,9.682,,,,,,,,,,,
2023/5/23 22:00,0.598,8.582,,,,,,,,,,,
2023/5/23 23:00,0.854,11.166,,,,,,,,,,,
2023/5/24 0:00,0.94,13.025,,,,,,,,,,,
2023/5/24 1:00,0.947,13.256,,,,,,,,,,,
2023/5/24 2:00,0.946,13.228,,,,,,,,,,,
2023/5/24 3:00,0.946,13.213,,,,,,,,,,,
2023/5/24 4:00,0.956,13.599,,,,,,,,,,,
2023/5/24 5:00,0.97,14.253,,,,,,,,,,,
2023/5/24 6:00,0.972,14.369,,,,,,,,,,,
2023/5/24 7:00,0.976,14.645,,,,,,,,,,,
2023/5/24 8:00,0.975,14.614,,,,,,,,,,,
2023/5/24 9:00,0.969,14.24,,,,,,,,,,,
2023/5/24 10:00,0.945,13.175,,,,,,,,,,,
2023/5/24 11:00,0.94,13.013,,,,,,,,,,,
2023/5/24 12:00,0.948,13.294,,,,,,,,,,,
2023/5/24 13:00,0.946,13.223,,,,,,,,,,,
2023/5/24 14:00,0.95,13.367,,,,,,,,,,,
2023/5/24 15:00,0.957,13.637,,,,,,,,,,,
2023/5/24 16:00,0.961,13.823,,,,,,,,,,,
2023/5/24 17:00,0.968,14.136,,,,,,,,,,,
2023/5/24 18:00,0.973,14.435,,,,,,,,,,,
2023/5/24 19:00,0.973,14.451,,,,,,,,,,,
2023/5/24 20:00,0.967,14.118,,,,,,,,,,,
2023/5/24 21:00,0.962,13.827,,,,,,,,,,,
2023/5/24 22:00,0.976,14.679,,,,,,,,,,,
2023/5/24 23:00,0.988,16.436,,,,,,,,,,,
2023/5/25 0:00,0.987,16.904,,,,,,,,,,,
2023/5/25 1:00,0.988,16.628,,,,,,,,,,,
2023/5/25 2:00,0.988,16.385,,,,,,,,,,,
2023/5/25 3:00,0.987,16.101,,,,,,,,,,,
2023/5/25 4:00,0.985,15.582,,,,,,,,,,,
2023/5/25 5:00,0.977,14.762,,,,,,,,,,,
2023/5/25 6:00,0.961,13.799,,,,,,,,,,,
2023/5/25 7:00,0.93,12.727,,,,,,,,,,,
2023/5/25 8:00,0.878,11.571,,,,,,,,,,,
2023/5/25 9:00,0.792,10.36,,,,,,,,,,,
2023/5/25 10:00,0.666,9.133,,,,,,,,,,,
2023/5/25 11:00,0.641,8.919,,,,,,,,,,,
2023/5/25 12:00,0.636,8.887,,,,,,,,,,,
2023/5/25 13:00,0.615,8.717,,,,,,,,,,,
2023/5/25 14:00,0.625,8.796,,,,,,,,,,,
2023/5/25 15:00,0.647,8.975,,,,,,,,,,,
2023/5/25 16:00,0.649,8.985,,,,,,,,,,,
2023/5/25 17:00,0.667,9.139,,,,,,,,,,,
2023/5/25 18:00,0.676,9.221,,,,,,,,,,,
2023/5/25 19:00,0.676,9.217,,,,,,,,,,,
2023/5/25 20:00,0.685,9.297,,,,,,,,,,,
2023/5/25 21:00,0.607,8.657,,,,,,,,,,,
2023/5/25 22:00,0.364,6.864,,,,,,,,,,,
2023/5/25 23:00,0.276,6.182,,,,,,,,,,,
2023/5/26 0:00,0.485,7.742,,,,,,,,,,,
2023/5/26 1:00,0.363,6.855,,,,,,,,,,,
2023/5/26 2:00,0.256,6.021,,,,,,,,,,,
2023/5/26 3:00,0.209,5.603,,,,,,,,,,,
2023/5/26 4:00,0.235,5.843,,,,,,,,,,,
2023/5/26 5:00,0.299,6.368,,,,,,,,,,,
2023/5/26 6:00,0.345,6.723,,,,,,,,,,,
2023/5/26 7:00,0.36,6.832,,,,,,,,,,,
2023/5/26 8:00,0.377,6.967,,,,,,,,,,,
2023/5/26 9:00,0.377,6.96,,,,,,,,,,,
2023/5/26 10:00,0.368,6.902,,,,,,,,,,,
2023/5/26 11:00,0.424,7.311,,,,,,,,,,,
2023/5/26 12:00,0.537,8.123,,,,,,,,,,,
2023/5/26 13:00,0.604,8.638,,,,,,,,,,,
2023/5/26 14:00,0.583,8.475,,,,,,,,,,,
2023/5/26 15:00,0.503,7.869,,,,,,,,,,,
2023/5/26 16:00,0.385,7.025,,,,,,,,,,,
2023/5/26 17:00,0.273,6.161,,,,,,,,,,,
2023/5/26 18:00,0.174,5.255,,,,,,,,,,,
2023/5/26 19:00,0.108,4.487,,,,,,,,,,,
2023/5/26 20:00,0.074,3.972,,,,,,,,,,,
2023/5/26 21:00,0.048,3.467,,,,,,,,,,,
2023/5/26 22:00,0.061,3.737,,,,,,,,,,,
2023/5/26 23:00,0.165,5.17,,,,,,,,,,,
2023/5/27 0:00,0.223,5.732,,,,,,,,,,,
2023/5/27 1:00,0.208,5.598,,,,,,,,,,,
2023/5/27 2:00,0.197,5.488,,,,,,,,,,,
2023/5/27 3:00,0.245,5.928,,,,,,,,,,,
2023/5/27 4:00,0.324,6.567,,,,,,,,,,,
2023/5/27 5:00,0.403,7.151,,,,,,,,,,,
2023/5/27 6:00,0.469,7.632,,,,,,,,,,,
2023/5/27 7:00,0.522,8.014,,,,,,,,,,,
2023/5/27 8:00,0.623,8.778,,,,,,,,,,,
2023/5/27 9:00,0.739,9.794,,,,,,,,,,,
2023/5/27 10:00,0.791,10.331,,,,,,,,,,,
2023/5/27 11:00,0.786,10.283,,,,,,,,,,,
2023/5/27 12:00,0.674,9.204,,,,,,,,,,,
2023/5/27 13:00,0.568,8.354,,,,,,,,,,,
2023/5/27 14:00,0.497,7.83,,,,,,,,,,,
2023/5/27 15:00,0.444,7.454,,,,,,,,,,,
2023/5/27 16:00,0.482,7.729,,,,,,,,,,,
2023/5/27 17:00,0.476,7.688,,,,,,,,,,,
2023/5/27 18:00,0.435,7.385,,,,,,,,,,,
2023/5/27 19:00,0.355,6.802,,,,,,,,,,,
2023/5/27 20:00,0.221,5.704,,,,,,,,,,,
2023/5/27 21:00,0.074,3.959,,,,,,,,,,,
2023/5/27 22:00,0.047,3.451,,,,,,,,,,,
2023/5/27 23:00,0.087,4.189,,,,,,,,,,,
2023/5/28 0:00,0.137,4.85,,,,,,,,,,,
2023/5/28 1:00,0.134,4.817,,,,,,,,,,,
2023/5/28 2:00,0.127,4.735,,,,,,,,,,,
2023/5/28 3:00,0.095,4.296,,,,,,,,,,,
2023/5/28 4:00,0.05,3.499,,,,,,,,,,,
2023/5/28 5:00,0.024,2.848,,,,,,,,,,,
2023/5/28 6:00,0.053,3.574,,,,,,,,,,,
2023/5/28 7:00,0.086,4.159,,,,,,,,,,,
2023/5/28 8:00,0.056,3.639,,,,,,,,,,,
2023/5/28 9:00,0.034,3.131,,,,,,,,,,,
2023/5/28 10:00,0.061,3.733,,,,,,,,,,,
2023/5/28 11:00,0.162,5.136,,,,,,,,,,,
2023/5/28 12:00,0.243,5.906,,,,,,,,,,,
2023/5/28 13:00,0.217,5.681,,,,,,,,,,,
2023/5/28 14:00,0.144,4.938,,,,,,,,,,,
2023/5/28 15:00,0.094,4.284,,,,,,,,,,,
2023/5/28 16:00,0.108,4.482,,,,,,,,,,,
2023/5/28 17:00,0.143,4.917,,,,,,,,,,,
2023/5/28 18:00,0.144,4.938,,,,,,,,,,,
2023/5/28 19:00,0.121,4.651,,,,,,,,,,,
2023/5/28 20:00,0.143,4.924,,,,,,,,,,,
2023/5/28 21:00,0.177,5.286,,,,,,,,,,,
2023/5/28 22:00,0.217,5.68,,,,,,,,,,,
2023/5/28 23:00,0.272,6.158,,,,,,,,,,,
2023/5/29 0:00,0.36,6.838,,,,,,,,,,,
2023/5/29 1:00,0.466,7.608,,,,,,,,,,,
2023/5/29 2:00,0.543,8.167,,,,,,,,,,,
2023/5/29 3:00,0.548,8.214,,,,,,,,,,,
2023/5/29 4:00,0.493,7.807,,,,,,,,,,,
2023/5/29 5:00,0.406,7.181,,,,,,,,,,,
2023/5/29 6:00,0.32,6.536,,,,,,,,,,,
2023/5/29 7:00,0.23,5.788,,,,,,,,,,,
2023/5/29 8:00,0.161,5.125,,,,,,,,,,,
2023/5/29 9:00,0.092,4.261,,,,,,,,,,,
2023/5/29 10:00,0.04,3.283,,,,,,,,,,,
2023/5/29 11:00,0.024,2.837,,,,,,,,,,,
2023/5/29 12:00,0.009,2.196,,,,,,,,,,,
2023/5/29 13:00,0.014,2.45,,,,,,,,,,,
2023/5/29 14:00,0.051,3.533,,,,,,,,,,,
2023/5/29 15:00,0.129,4.752,,,,,,,,,,,
2023/5/29 16:00,0.164,5.15,,,,,,,,,,,
2023/5/29 17:00,0.238,5.869,,,,,,,,,,,
2023/5/29 18:00,0.332,6.631,,,,,,,,,,,
2023/5/29 19:00,0.351,6.77,,,,,,,,,,,
2023/5/29 20:00,0.295,6.342,,,,,,,,,,,
2023/5/29 21:00,0.189,5.415,,,,,,,,,,,
2023/5/29 22:00,0.082,4.104,,,,,,,,,,,
2023/5/29 23:00,0.025,2.891,,,,,,,,,,,
2023/5/30 0:00,0.009,2.214,,,,,,,,,,,
2023/5/30 1:00,0.017,2.599,,,,,,,,,,,
2023/5/30 2:00,0.016,2.546,,,,,,,,,,,
2023/5/30 3:00,0.011,2.307,,,,,,,,,,,
2023/5/30 4:00,0.014,2.444,,,,,,,,,,,
2023/5/30 5:00,0.026,2.923,,,,,,,,,,,
2023/5/30 6:00,0.055,3.616,,,,,,,,,,,
2023/5/30 7:00,0.101,4.377,,,,,,,,,,,
2023/5/30 8:00,0.156,5.054,,,,,,,,,,,
2023/5/30 9:00,0.181,5.335,,,,,,,,,,,
2023/5/30 10:00,0.179,5.3,,,,,,,,,,,
2023/5/30 11:00,0.169,5.203,,,,,,,,,,,
2023/5/30 12:00,0.216,5.673,,,,,,,,,,,
2023/5/30 13:00,0.264,6.091,,,,,,,,,,,
2023/5/30 14:00,0.243,5.908,,,,,,,,,,,
2023/5/30 15:00,0.183,5.352,,,,,,,,,,,
2023/5/30 16:00,0.159,5.096,,,,,,,,,,,
2023/5/30 17:00,0.229,5.778,,,,,,,,,,,
2023/5/30 18:00,0.363,6.856,,,,,,,,,,,
2023/5/30 19:00,0.511,7.942,,,,,,,,,,,
2023/5/30 20:00,0.677,9.228,,,,,,,,,,,
2023/5/30 21:00,0.744,9.833,,,,,,,,,,,
2023/5/30 22:00,0.642,8.937,,,,,,,,,,,
2023/5/30 23:00,0.766,10.072,,,,,,,,,,,
2023/5/31 0:00,0.889,11.762,,,,,,,,,,,
2023/5/31 1:00,0.892,11.839,,,,,,,,,,,
2023/5/31 2:00,0.881,11.621,,,,,,,,,,,
2023/5/31 3:00,0.888,11.744,,,,,,,,,,,
2023/5/31 4:00,0.923,12.528,,,,,,,,,,,
2023/5/31 5:00,0.95,13.345,,,,,,,,,,,
2023/5/31 6:00,0.96,13.774,,,,,,,,,,,
2023/5/31 7:00,0.959,13.733,,,,,,,,,,,
2023/5/31 8:00,0.94,13.026,,,,,,,,,,,
2023/5/31 9:00,0.889,11.768,,,,,,,,,,,
2023/5/31 10:00,0.78,10.219,,,,,,,,,,,
2023/5/31 11:00,0.719,9.602,,,,,,,,,,,
2023/5/31 12:00,0.688,9.321,,,,,,,,,,,
2023/5/31 13:00,0.653,9.023,,,,,,,,,,,
2023/5/31 14:00,0.628,8.823,,,,,,,,,,,
2023/5/31 15:00,0.601,8.609,,,,,,,,,,,
2023/5/31 16:00,0.599,8.596,,,,,,,,,,,
2023/5/31 17:00,0.608,8.663,,,,,,,,,,,
2023/5/31 18:00,0.599,8.592,,,,,,,,,,,
2023/5/31 19:00,0.585,8.483,,,,,,,,,,,
2023/5/31 20:00,0.585,8.484,,,,,,,,,,,
2023/5/31 21:00,0.547,8.204,,,,,,,,,,,
2023/5/31 22:00,0.292,6.316,,,,,,,,,,,
2023/5/31 23:00,0.169,5.201,,,,,,,,,,,
2023/6/1 0:00,0.465,7.599,,,,,,,,,,,
2023/6/1 1:00,0.636,8.884,,,,,,,,,,,
2023/6/1 2:00,0.705,9.48,,,,,,,,,,,
2023/6/1 3:00,0.685,9.294,,,,,,,,,,,
2023/6/1 4:00,0.674,9.203,,,,,,,,,,,
2023/6/1 5:00,0.788,10.311,,,,,,,,,,,
2023/6/1 6:00,0.866,11.357,,,,,,,,,,,
2023/6/1 7:00,0.787,10.299,,,,,,,,,,,
2023/6/1 8:00,0.56,8.296,,,,,,,,,,,
2023/6/1 9:00,0.352,6.784,,,,,,,,,,,
2023/6/1 10:00,0.176,5.278,,,,,,,,,,,
2023/6/1 11:00,0.128,4.746,,,,,,,,,,,
2023/6/1 12:00,0.243,5.908,,,,,,,,,,,
2023/6/1 13:00,0.473,7.653,,,,,,,,,,,
2023/6/1 14:00,0.58,8.449,,,,,,,,,,,
2023/6/1 15:00,0.564,8.319,,,,,,,,,,,
2023/6/1 16:00,0.495,7.819,,,,,,,,,,,
2023/6/1 17:00,0.468,7.621,,,,,,,,,,,
2023/6/1 18:00,0.533,8.096,,,,,,,,,,,
2023/6/1 19:00,0.59,8.522,,,,,,,,,,,
2023/6/1 20:00,0.598,8.581,,,,,,,,,,,
2023/6/1 21:00,0.474,7.664,,,,,,,,,,,
2023/6/1 22:00,0.327,6.583,,,,,,,,,,,
2023/6/1 23:00,0.604,8.635,,,,,,,,,,,
2023/6/2 0:00,0.66,9.08,,,,,,,,,,,
2023/6/2 1:00,0.698,9.402,,,,,,,,,,,
2023/6/2 2:00,0.703,9.454,,,,,,,,,,,
2023/6/2 3:00,0.693,9.364,,,,,,,,,,,
2023/6/2 4:00,0.664,9.12,,,,,,,,,,,
2023/6/2 5:00,0.624,8.78,,,,,,,,,,,
2023/6/2 6:00,0.568,8.349,,,,,,,,,,,
2023/6/2 7:00,0.515,7.965,,,,,,,,,,,
2023/6/2 8:00,0.471,7.639,,,,,,,,,,,
2023/6/2 9:00,0.415,7.236,,,,,,,,,,,
2023/6/2 10:00,0.339,6.683,,,,,,,,,,,
2023/6/2 11:00,0.356,6.814,,,,,,,,,,,
2023/6/2 12:00,0.438,7.408,,,,,,,,,,,
2023/6/2 13:00,0.472,7.65,,,,,,,,,,,
2023/6/2 14:00,0.421,7.28,,,,,,,,,,,
2023/6/2 15:00,0.394,7.084,,,,,,,,,,,
2023/6/2 16:00,0.456,7.531,,,,,,,,,,,
2023/6/2 17:00,0.527,8.048,,,,,,,,,,,
2023/6/2 18:00,0.556,8.26,,,,,,,,,,,
2023/6/2 19:00,0.568,8.351,,,,,,,,,,,
2023/6/2 20:00,0.594,8.552,,,,,,,,,,,
2023/6/2 21:00,0.524,8.028,,,,,,,,,,,
2023/6/2 22:00,0.311,6.459,,,,,,,,,,,
2023/6/2 23:00,0.687,9.318,,,,,,,,,,,
2023/6/3 0:00,0.722,9.63,,,,,,,,,,,
2023/6/3 1:00,0.698,9.4,,,,,,,,,,,
2023/6/3 2:00,0.657,9.051,,,,,,,,,,,
2023/6/3 3:00,0.599,8.598,,,,,,,,,,,
2023/6/3 4:00,0.534,8.11,,,,,,,,,,,
2023/6/3 5:00,0.504,7.888,,,,,,,,,,,
2023/6/3 6:00,0.493,7.81,,,,,,,,,,,
2023/6/3 7:00,0.506,7.896,,,,,,,,,,,
2023/6/3 8:00,0.526,8.043,,,,,,,,,,,
2023/6/3 9:00,0.521,8.005,,,,,,,,,,,
2023/6/3 10:00,0.488,7.766,,,,,,,,,,,
2023/6/3 11:00,0.554,8.254,,,,,,,,,,,
2023/6/3 12:00,0.587,8.494,,,,,,,,,,,
2023/6/3 13:00,0.551,8.231,,,,,,,,,,,
2023/6/3 14:00,0.456,7.542,,,,,,,,,,,
2023/6/3 15:00,0.334,6.647,,,,,,,,,,,
2023/6/3 16:00,0.251,5.967,,,,,,,,,,,
2023/6/3 17:00,0.237,5.855,,,,,,,,,,,
2023/6/3 18:00,0.303,6.407,,,,,,,,,,,
2023/6/3 19:00,0.438,7.411,,,,,,,,,,,
2023/6/3 20:00,0.543,8.166,,,,,,,,,,,
2023/6/3 21:00,0.481,7.723,,,,,,,,,,,
2023/6/3 22:00,0.267,6.111,,,,,,,,,,,
2023/6/3 23:00,0.391,7.071,,,,,,,,,,,
2023/6/4 0:00,0.346,6.728,,,,,,,,,,,
2023/6/4 1:00,0.249,5.949,,,,,,,,,,,
2023/6/4 2:00,0.186,5.38,,,,,,,,,,,
2023/6/4 3:00,0.124,4.692,,,,,,,,,,,
2023/6/4 4:00,0.082,4.106,,,,,,,,,,,
2023/6/4 5:00,0.074,3.955,,,,,,,,,,,
2023/6/4 6:00,0.088,4.192,,,,,,,,,,,
2023/6/4 7:00,0.137,4.855,,,,,,,,,,,
2023/6/4 8:00,0.222,5.719,,,,,,,,,,,
2023/6/4 9:00,0.335,6.65,,,,,,,,,,,
2023/6/4 10:00,0.375,6.951,,,,,,,,,,,
2023/6/4 11:00,0.403,7.159,,,,,,,,,,,
2023/6/4 12:00,0.458,7.559,,,,,,,,,,,
2023/6/4 13:00,0.525,8.037,,,,,,,,,,,
2023/6/4 14:00,0.61,8.675,,,,,,,,,,,
2023/6/4 15:00,0.692,9.359,,,,,,,,,,,
2023/6/4 16:00,0.72,9.617,,,,,,,,,,,
2023/6/4 17:00,0.682,9.275,,,,,,,,,,,
2023/6/4 18:00,0.639,8.899,,,,,,,,,,,
2023/6/4 19:00,0.591,8.528,,,,,,,,,,,
2023/6/4 20:00,0.565,8.334,,,,,,,,,,,
2023/6/4 21:00,0.416,7.251,,,,,,,,,,,
2023/6/4 22:00,0.391,7.07,,,,,,,,,,,
2023/6/4 23:00,0.555,8.257,,,,,,,,,,,
2023/6/5 0:00,0.604,8.635,,,,,,,,,,,
2023/6/5 1:00,0.614,8.706,,,,,,,,,,,
2023/6/5 2:00,0.574,8.396,,,,,,,,,,,
2023/6/5 3:00,0.507,7.905,,,,,,,,,,,
2023/6/5 4:00,0.453,7.513,,,,,,,,,,,
2023/6/5 5:00,0.407,7.182,,,,,,,,,,,
2023/6/5 6:00,0.349,6.751,,,,,,,,,,,
2023/6/5 7:00,0.283,6.231,,,,,,,,,,,
2023/6/5 8:00,0.232,5.806,,,,,,,,,,,
2023/6/5 9:00,0.182,5.344,,,,,,,,,,,
2023/6/5 10:00,0.128,4.744,,,,,,,,,,,
2023/6/5 11:00,0.106,4.459,,,,,,,,,,,
2023/6/5 12:00,0.081,4.082,,,,,,,,,,,
2023/6/5 13:00,0.051,3.537,,,,,,,,,,,
2023/6/5 14:00,0.026,2.913,,,,,,,,,,,
2023/6/5 15:00,0.02,2.702,,,,,,,,,,,
2023/6/5 16:00,0.211,5.623,,,,,,,,,,,
2023/6/5 17:00,0.581,8.457,,,,,,,,,,,
2023/6/5 18:00,0.722,9.633,,,,,,,,,,,
2023/6/5 19:00,0.668,9.145,,,,,,,,,,,
2023/6/5 20:00,0.621,8.763,,,,,,,,,,,
2023/6/5 21:00,0.478,7.697,,,,,,,,,,,
2023/6/5 22:00,0.575,8.403,,,,,,,,,,,
2023/6/5 23:00,0.674,9.201,,,,,,,,,,,
2023/6/6 0:00,0.6,8.606,,,,,,,,,,,
2023/6/6 1:00,0.482,7.73,,,,,,,,,,,
2023/6/6 2:00,0.351,6.766,,,,,,,,,,,
2023/6/6 3:00,0.252,5.983,,,,,,,,,,,
2023/6/6 4:00,0.2,5.514,,,,,,,,,,,
2023/6/6 5:00,0.205,5.559,,,,,,,,,,,
2023/6/6 6:00,0.277,6.188,,,,,,,,,,,
2023/6/6 7:00,0.405,7.165,,,,,,,,,,,
2023/6/6 8:00,0.532,8.089,,,,,,,,,,,
2023/6/6 9:00,0.641,8.918,,,,,,,,,,,
2023/6/6 10:00,0.644,8.956,,,,,,,,,,,
2023/6/6 11:00,0.718,9.582,,,,,,,,,,,
2023/6/6 12:00,0.828,10.806,,,,,,,,,,,
2023/6/6 13:00,0.887,11.733,,,,,,,,,,,
2023/6/6 14:00,0.889,11.77,,,,,,,,,,,
2023/6/6 15:00,0.811,10.576,,,,,,,,,,,
2023/6/6 16:00,0.612,8.694,,,,,,,,,,,
2023/6/6 17:00,0.438,7.403,,,,,,,,,,,
2023/6/6 18:00,0.516,7.978,,,,,,,,,,,
2023/6/6 19:00,0.587,8.496,,,,,,,,,,,
2023/6/6 20:00,0.612,8.696,,,,,,,,,,,
2023/6/6 21:00,0.456,7.534,,,,,,,,,,,
2023/6/6 22:00,0.282,6.227,,,,,,,,,,,
2023/6/6 23:00,0.339,6.675,,,,,,,,,,,
2023/6/7 0:00,0.539,8.141,,,,,,,,,,,
2023/6/7 1:00,0.581,8.459,,,,,,,,,,,
2023/6/7 2:00,0.565,8.328,,,,,,,,,,,
2023/6/7 3:00,0.51,7.933,,,,,,,,,,,
2023/6/7 4:00,0.436,7.388,,,,,,,,,,,
2023/6/7 5:00,0.416,7.242,,,,,,,,,,,
2023/6/7 6:00,0.522,8.016,,,,,,,,,,,
2023/6/7 7:00,0.705,9.478,,,,,,,,,,,
2023/6/7 8:00,0.803,10.486,,,,,,,,,,,
2023/6/7 9:00,0.851,11.127,,,,,,,,,,,
2023/6/7 10:00,0.863,11.316,,,,,,,,,,,
2023/6/7 11:00,0.855,11.184,,,,,,,,,,,
2023/6/7 12:00,0.776,10.172,,,,,,,,,,,
2023/6/7 13:00,0.546,8.197,,,,,,,,,,,
2023/6/7 14:00,0.315,6.496,,,,,,,,,,,
2023/6/7 15:00,0.17,5.217,,,,,,,,,,,
2023/6/7 16:00,0.115,4.58,,,,,,,,,,,
2023/6/7 17:00,0.103,4.419,,,,,,,,,,,
2023/6/7 18:00,0.146,4.96,,,,,,,,,,,
2023/6/7 19:00,0.22,5.697,,,,,,,,,,,
2023/6/7 20:00,0.278,6.198,,,,,,,,,,,
2023/6/7 21:00,0.275,6.172,,,,,,,,,,,
2023/6/7 22:00,0.207,5.578,,,,,,,,,,,
2023/6/7 23:00,0.28,6.219,,,,,,,,,,,
2023/6/8 0:00,0.256,6.012,,,,,,,,,,,
2023/6/8 1:00,0.277,6.187,,,,,,,,,,,
2023/6/8 2:00,0.399,7.126,,,,,,,,,,,
2023/6/8 3:00,0.534,8.101,,,,,,,,,,,
2023/6/8 4:00,0.642,8.936,,,,,,,,,,,
2023/6/8 5:00,0.74,9.803,,,,,,,,,,,
2023/6/8 6:00,0.753,9.927,,,,,,,,,,,
2023/6/8 7:00,0.691,9.352,,,,,,,,,,,
2023/6/8 8:00,0.65,8.993,,,,,,,,,,,
2023/6/8 9:00,0.633,8.862,,,,,,,,,,,
2023/6/8 10:00,0.5,7.859,,,,,,,,,,,
2023/6/8 11:00,0.329,6.606,,,,,,,,,,,
2023/6/8 12:00,0.2,5.52,,,,,,,,,,,
2023/6/8 13:00,0.13,4.763,,,,,,,,,,,
2023/6/8 14:00,0.08,4.069,,,,,,,,,,,
2023/6/8 15:00,0.051,3.542,,,,,,,,,,,
2023/6/8 16:00,0.089,4.21,,,,,,,,,,,
2023/6/8 17:00,0.218,5.683,,,,,,,,,,,
2023/6/8 18:00,0.356,6.811,,,,,,,,,,,
2023/6/8 19:00,0.447,7.477,,,,,,,,,,,
2023/6/8 20:00,0.508,7.914,,,,,,,,,,,
2023/6/8 21:00,0.387,7.041,,,,,,,,,,,
2023/6/8 22:00,0.694,9.376,,,,,,,,,,,
2023/6/8 23:00,0.784,10.266,,,,,,,,,,,
2023/6/9 0:00,0.732,9.729,,,,,,,,,,,
2023/6/9 1:00,0.658,9.071,,,,,,,,,,,
2023/6/9 2:00,0.583,8.477,,,,,,,,,,,
2023/6/9 3:00,0.532,8.079,,,,,,,,,,,
2023/6/9 4:00,0.502,7.866,,,,,,,,,,,
2023/6/9 5:00,0.484,7.735,,,,,,,,,,,
2023/6/9 6:00,0.473,7.653,,,,,,,,,,,
2023/6/9 7:00,0.443,7.445,,,,,,,,,,,
2023/6/9 8:00,0.396,7.104,,,,,,,,,,,
2023/6/9 9:00,0.363,6.857,,,,,,,,,,,
2023/6/9 10:00,0.327,6.583,,,,,,,,,,,
2023/6/9 11:00,0.271,6.146,,,,,,,,,,,
2023/6/9 12:00,0.26,6.045,,,,,,,,,,,
2023/6/9 13:00,0.253,5.994,,,,,,,,,,,
2023/6/9 14:00,0.291,6.307,,,,,,,,,,,
2023/6/9 15:00,0.38,6.986,,,,,,,,,,,
2023/6/9 16:00,0.468,7.622,,,,,,,,,,,
2023/6/9 17:00,0.51,7.923,,,,,,,,,,,
2023/6/9 18:00,0.494,7.819,,,,,,,,,,,
2023/6/9 19:00,0.475,7.681,,,,,,,,,,,
2023/6/9 20:00,0.461,7.572,,,,,,,,,,,
2023/6/9 21:00,0.317,6.516,,,,,,,,,,,
2023/6/9 22:00,0.365,6.879,,,,,,,,,,,
2023/6/9 23:00,0.416,7.246,,,,,,,,,,,
2023/6/10 0:00,0.35,6.762,,,,,,,,,,,
2023/6/10 1:00,0.291,6.308,,,,,,,,,,,
2023/6/10 2:00,0.242,5.903,,,,,,,,,,,
2023/6/10 3:00,0.183,5.352,,,,,,,,,,,
2023/6/10 4:00,0.139,4.866,,,,,,,,,,,
2023/6/10 5:00,0.121,4.65,,,,,,,,,,,
2023/6/10 6:00,0.116,4.592,,,,,,,,,,,
2023/6/10 7:00,0.108,4.488,,,,,,,,,,,
2023/6/10 8:00,0.098,4.349,,,,,,,,,,,
2023/6/10 9:00,0.108,4.482,,,,,,,,,,,
2023/6/10 10:00,0.123,4.675,,,,,,,,,,,
2023/6/10 11:00,0.125,4.701,,,,,,,,,,,
2023/6/10 12:00,0.097,4.335,,,,,,,,,,,
2023/6/10 13:00,0.061,3.744,,,,,,,,,,,
2023/6/10 14:00,0.057,3.654,,,,,,,,,,,
2023/6/10 15:00,0.066,3.825,,,,,,,,,,,
2023/6/10 16:00,0.069,3.885,,,,,,,,,,,
2023/6/10 17:00,0.067,3.85,,,,,,,,,,,
2023/6/10 18:00,0.063,3.774,,,,,,,,,,,
2023/6/10 19:00,0.061,3.732,,,,,,,,,,,
2023/6/10 20:00,0.06,3.713,,,,,,,,,,,
2023/6/10 21:00,0.044,3.385,,,,,,,,,,,
2023/6/10 22:00,0.029,2.989,,,,,,,,,,,
2023/6/10 23:00,0.016,2.566,,,,,,,,,,,
2023/6/11 0:00,0.014,2.45,,,,,,,,,,,
2023/6/11 1:00,0.013,2.437,,,,,,,,,,,
2023/6/11 2:00,0.013,2.412,,,,,,,,,,,
2023/6/11 3:00,0.013,2.435,,,,,,,,,,,
2023/6/11 4:00,0.013,2.414,,,,,,,,,,,
2023/6/11 5:00,0.014,2.467,,,,,,,,,,,
2023/6/11 6:00,0.018,2.616,,,,,,,,,,,
2023/6/11 7:00,0.02,2.712,,,,,,,,,,,
2023/6/11 8:00,0.02,2.711,,,,,,,,,,,
2023/6/11 9:00,0.026,2.909,,,,,,,,,,,
2023/6/11 10:00,0.044,3.395,,,,,,,,,,,
2023/6/11 11:00,0.087,4.184,,,,,,,,,,,
2023/6/11 12:00,0.121,4.645,,,,,,,,,,,
2023/6/11 13:00,0.12,4.634,,,,,,,,,,,
2023/6/11 14:00,0.111,4.524,,,,,,,,,,,
2023/6/11 15:00,0.113,4.543,,,,,,,,,,,
2023/6/11 16:00,0.157,5.081,,,,,,,,,,,
2023/6/11 17:00,0.252,5.982,,,,,,,,,,,
2023/6/11 18:00,0.336,6.657,,,,,,,,,,,
2023/6/11 19:00,0.368,6.889,,,,,,,,,,,
2023/6/11 20:00,0.396,7.097,,,,,,,,,,,
2023/6/11 21:00,0.352,6.78,,,,,,,,,,,
2023/6/11 22:00,0.365,6.874,,,,,,,,,,,
2023/6/11 23:00,0.52,8.004,,,,,,,,,,,
2023/6/12 0:00,0.603,8.623,,,,,,,,,,,
2023/6/12 1:00,0.61,8.669,,,,,,,,,,,
2023/6/12 2:00,0.599,8.596,,,,,,,,,,,
2023/6/12 3:00,0.612,8.688,,,,,,,,,,,
2023/6/12 4:00,0.612,8.693,,,,,,,,,,,
2023/6/12 5:00,0.612,8.697,,,,,,,,,,,
2023/6/12 6:00,0.619,8.74,,,,,,,,,,,
2023/6/12 7:00,0.576,8.415,,,,,,,,,,,
2023/6/12 8:00,0.507,7.898,,,,,,,,,,,
2023/6/12 9:00,0.424,7.314,,,,,,,,,,,
2023/6/12 10:00,0.301,6.389,,,,,,,,,,,
2023/6/12 11:00,0.241,5.895,,,,,,,,,,,
2023/6/12 12:00,0.222,5.72,,,,,,,,,,,
2023/6/12 13:00,0.233,5.822,,,,,,,,,,,
2023/6/12 14:00,0.288,6.289,,,,,,,,,,,
2023/6/12 15:00,0.36,6.835,,,,,,,,,,,
2023/6/12 16:00,0.418,7.262,,,,,,,,,,,
2023/6/12 17:00,0.463,7.581,,,,,,,,,,,
2023/6/12 18:00,0.497,7.839,,,,,,,,,,,
2023/6/12 19:00,0.514,7.958,,,,,,,,,,,
2023/6/12 20:00,0.537,8.124,,,,,,,,,,,
2023/6/12 21:00,0.466,7.61,,,,,,,,,,,
2023/6/12 22:00,0.347,6.736,,,,,,,,,,,
2023/6/12 23:00,0.44,7.417,,,,,,,,,,,
2023/6/13 0:00,0.556,8.27,,,,,,,,,,,
2023/6/13 1:00,0.621,8.757,,,,,,,,,,,
2023/6/13 2:00,0.627,8.817,,,,,,,,,,,
2023/6/13 3:00,0.587,8.492,,,,,,,,,,,
2023/6/13 4:00,0.521,8.006,,,,,,,,,,,
2023/6/13 5:00,0.45,7.49,,,,,,,,,,,
2023/6/13 6:00,0.396,7.107,,,,,,,,,,,
2023/6/13 7:00,0.339,6.674,,,,,,,,,,,
2023/6/13 8:00,0.278,6.192,,,,,,,,,,,
2023/6/13 9:00,0.224,5.737,,,,,,,,,,,
2023/6/13 10:00,0.147,4.962,,,,,,,,,,,
2023/6/13 11:00,0.107,4.466,,,,,,,,,,,
2023/6/13 12:00,0.074,3.959,,,,,,,,,,,
2023/6/13 13:00,0.042,3.339,,,,,,,,,,,
2023/6/13 14:00,0.029,3.009,,,,,,,,,,,
2023/6/13 15:00,0.044,3.396,,,,,,,,,,,
2023/6/13 16:00,0.086,4.159,,,,,,,,,,,
2023/6/13 17:00,0.132,4.782,,,,,,,,,,,
2023/6/13 18:00,0.152,5.024,,,,,,,,,,,
2023/6/13 19:00,0.149,4.996,,,,,,,,,,,
2023/6/13 20:00,0.133,4.792,,,,,,,,,,,
2023/6/13 21:00,0.122,4.675,,,,,,,,,,,
2023/6/13 22:00,0.061,3.743,,,,,,,,,,,
2023/6/13 23:00,0.014,2.459,,,,,,,,,,,
2023/6/14 0:00,0.001,1.39,,,,,,,,,,,
2023/6/14 1:00,0,1.138,,,,,,,,,,,
2023/6/14 2:00,0.001,1.218,,,,,,,,,,,
2023/6/14 3:00,0.001,1.287,,,,,,,,,,,
2023/6/14 4:00,0.001,1.297,,,,,,,,,,,
2023/6/14 5:00,0,1.127,,,,,,,,,,,
2023/6/14 6:00,0,0.948,,,,,,,,,,,
2023/6/14 7:00,0.001,1.47,,,,,,,,,,,
2023/6/14 8:00,0.017,2.573,,,,,,,,,,,
2023/6/14 9:00,0.051,3.55,,,,,,,,,,,
2023/6/14 10:00,0.202,5.527,,,,,,,,,,,
2023/6/14 11:00,0.517,7.983,,,,,,,,,,,
2023/6/14 12:00,0.695,9.382,,,,,,,,,,,
2023/6/14 13:00,0.718,9.588,,,,,,,,,,,
2023/6/14 14:00,0.688,9.325,,,,,,,,,,,
2023/6/14 15:00,0.681,9.254,,,,,,,,,,,
2023/6/14 16:00,0.674,9.205,,,,,,,,,,,
2023/6/14 17:00,0.652,9.008,,,,,,,,,,,
2023/6/14 18:00,0.621,8.757,,,,,,,,,,,
2023/6/14 19:00,0.589,8.52,,,,,,,,,,,
2023/6/14 20:00,0.559,8.284,,,,,,,,,,,
2023/6/14 21:00,0.42,7.277,,,,,,,,,,,
2023/6/14 22:00,0.207,5.572,,,,,,,,,,,
2023/6/14 23:00,0.129,4.758,,,,,,,,,,,
2023/6/15 0:00,0.064,3.802,,,,,,,,,,,
2023/6/15 1:00,0.025,2.894,,,,,,,,,,,
2023/6/15 2:00,0.02,2.709,,,,,,,,,,,
2023/6/15 3:00,0.03,3.036,,,,,,,,,,,
2023/6/15 4:00,0.064,3.786,,,,,,,,,,,
2023/6/15 5:00,0.122,4.654,,,,,,,,,,,
2023/6/15 6:00,0.188,5.402,,,,,,,,,,,
2023/6/15 7:00,0.269,6.129,,,,,,,,,,,
2023/6/15 8:00,0.386,7.034,,,,,,,,,,,
2023/6/15 9:00,0.601,8.614,,,,,,,,,,,
2023/6/15 10:00,0.822,10.726,,,,,,,,,,,
2023/6/15 11:00,0.909,12.174,,,,,,,,,,,
2023/6/15 12:00,0.926,12.599,,,,,,,,,,,
2023/6/15 13:00,0.919,12.425,,,,,,,,,,,
2023/6/15 14:00,0.887,11.726,,,,,,,,,,,
2023/6/15 15:00,0.778,10.196,,,,,,,,,,,
2023/6/15 16:00,0.666,9.135,,,,,,,,,,,
2023/6/15 17:00,0.632,8.857,,,,,,,,,,,
2023/6/15 18:00,0.6,8.606,,,,,,,,,,,
2023/6/15 19:00,0.532,8.085,,,,,,,,,,,
2023/6/15 20:00,0.413,7.231,,,,,,,,,,,
2023/6/15 21:00,0.209,5.6,,,,,,,,,,,
2023/6/15 22:00,0.045,3.408,,,,,,,,,,,
2023/6/15 23:00,0.056,3.628,,,,,,,,,,,
2023/6/16 0:00,0.051,3.54,,,,,,,,,,,
2023/6/16 1:00,0.007,2.103,,,,,,,,,,,
2023/6/16 2:00,0.005,1.883,,,,,,,,,,,
2023/6/16 3:00,0.007,2.043,,,,,,,,,,,
2023/6/16 4:00,0.02,2.71,,,,,,,,,,,
2023/6/16 5:00,0.087,4.177,,,,,,,,,,,
2023/6/16 6:00,0.174,5.255,,,,,,,,,,,
2023/6/16 7:00,0.279,6.206,,,,,,,,,,,
2023/6/16 8:00,0.396,7.104,,,,,,,,,,,
2023/6/16 9:00,0.476,7.686,,,,,,,,,,,
2023/6/16 10:00,0.528,8.064,,,,,,,,,,,
2023/6/16 11:00,0.684,9.29,,,,,,,,,,,
2023/6/16 12:00,0.791,10.339,,,,,,,,,,,
2023/6/16 13:00,0.836,10.908,,,,,,,,,,,
2023/6/16 14:00,0.826,10.761,,,,,,,,,,,
2023/6/16 15:00,0.822,10.718,,,,,,,,,,,
2023/6/16 16:00,0.828,10.805,,,,,,,,,,,
2023/6/16 17:00,0.83,10.822,,,,,,,,,,,
2023/6/16 18:00,0.813,10.607,,,,,,,,,,,
2023/6/16 19:00,0.773,10.144,,,,,,,,,,,
2023/6/16 20:00,0.725,9.662,,,,,,,,,,,
2023/6/16 21:00,0.559,8.28,,,,,,,,,,,
2023/6/16 22:00,0.243,5.905,,,,,,,,,,,
2023/6/16 23:00,0.395,7.093,,,,,,,,,,,
2023/6/17 0:00,0.347,6.733,,,,,,,,,,,
2023/6/17 1:00,0.286,6.269,,,,,,,,,,,
2023/6/17 2:00,0.303,6.403,,,,,,,,,,,
2023/6/17 3:00,0.384,7.015,,,,,,,,,,,
2023/6/17 4:00,0.481,7.723,,,,,,,,,,,
2023/6/17 5:00,0.564,8.318,,,,,,,,,,,
2023/6/17 6:00,0.627,8.819,,,,,,,,,,,
2023/6/17 7:00,0.669,9.157,,,,,,,,,,,
2023/6/17 8:00,0.682,9.267,,,,,,,,,,,
2023/6/17 9:00,0.671,9.172,,,,,,,,,,,
2023/6/17 10:00,0.615,8.721,,,,,,,,,,,
2023/6/17 11:00,0.7,9.425,,,,,,,,,,,
2023/6/17 12:00,0.801,10.465,,,,,,,,,,,
2023/6/17 13:00,0.817,10.661,,,,,,,,,,,
2023/6/17 14:00,0.794,10.378,,,,,,,,,,,
2023/6/17 15:00,0.734,9.739,,,,,,,,,,,
2023/6/17 16:00,0.669,9.156,,,,,,,,,,,
2023/6/17 17:00,0.602,8.621,,,,,,,,,,,
2023/6/17 18:00,0.532,8.081,,,,,,,,,,,
2023/6/17 19:00,0.456,7.534,,,,,,,,,,,
2023/6/17 20:00,0.372,6.922,,,,,,,,,,,
2023/6/17 21:00,0.217,5.676,,,,,,,,,,,
2023/6/17 22:00,0.046,3.431,,,,,,,,,,,
2023/6/17 23:00,0.001,1.368,,,,,,,,,,,
2023/6/18 0:00,0.003,1.703,,,,,,,,,,,
2023/6/18 1:00,0.02,2.699,,,,,,,,,,,
2023/6/18 2:00,0.086,4.173,,,,,,,,,,,
2023/6/18 3:00,0.164,5.157,,,,,,,,,,,
2023/6/18 4:00,0.251,5.97,,,,,,,,,,,
2023/6/18 5:00,0.329,6.597,,,,,,,,,,,
2023/6/18 6:00,0.399,7.123,,,,,,,,,,,
2023/6/18 7:00,0.459,7.565,,,,,,,,,,,
2023/6/18 8:00,0.502,7.865,,,,,,,,,,,
2023/6/18 9:00,0.568,8.35,,,,,,,,,,,
2023/6/18 10:00,0.669,9.153,,,,,,,,,,,
2023/6/18 11:00,0.778,10.192,,,,,,,,,,,
2023/6/18 12:00,0.794,10.374,,,,,,,,,,,
2023/6/18 13:00,0.725,9.662,,,,,,,,,,,
2023/6/18 14:00,0.633,8.865,,,,,,,,,,,
2023/6/18 15:00,0.559,8.281,,,,,,,,,,,
2023/6/18 16:00,0.542,8.162,,,,,,,,,,,
2023/6/18 17:00,0.451,7.503,,,,,,,,,,,
2023/6/18 18:00,0.36,6.835,,,,,,,,,,,
2023/6/18 19:00,0.267,6.108,,,,,,,,,,,
2023/6/18 20:00,0.175,5.265,,,,,,,,,,,
2023/6/18 21:00,0.132,4.779,,,,,,,,,,,
2023/6/18 22:00,0.097,4.335,,,,,,,,,,,
2023/6/18 23:00,0.1,4.364,,,,,,,,,,,
2023/6/19 0:00,0.207,5.576,,,,,,,,,,,
2023/6/19 1:00,0.37,6.913,,,,,,,,,,,
2023/6/19 2:00,0.539,8.142,,,,,,,,,,,
2023/6/19 3:00,0.671,9.169,,,,,,,,,,,
2023/6/19 4:00,0.786,10.289,,,,,,,,,,,
2023/6/19 5:00,0.878,11.57,,,,,,,,,,,
2023/6/19 6:00,0.917,12.383,,,,,,,,,,,
2023/6/19 7:00,0.896,11.907,,,,,,,,,,,
2023/6/19 8:00,0.798,10.416,,,,,,,,,,,
2023/6/19 9:00,0.676,9.219,,,,,,,,,,,
2023/6/19 10:00,0.59,8.522,,,,,,,,,,,
2023/6/19 11:00,0.498,7.841,,,,,,,,,,,
2023/6/19 12:00,0.362,6.848,,,,,,,,,,,
2023/6/19 13:00,0.237,5.859,,,,,,,,,,,
2023/6/19 14:00,0.181,5.327,,,,,,,,,,,
2023/6/19 15:00,0.163,5.142,,,,,,,,,,,
2023/6/19 16:00,0.169,5.212,,,,,,,,,,,
2023/6/19 17:00,0.178,5.294,,,,,,,,,,,
2023/6/19 18:00,0.208,5.596,,,,,,,,,,,
2023/6/19 19:00,0.232,5.799,,,,,,,,,,,
2023/6/19 20:00,0.205,5.554,,,,,,,,,,,
2023/6/19 21:00,0.141,4.903,,,,,,,,,,,
2023/6/19 22:00,0.127,4.737,,,,,,,,,,,
2023/6/19 23:00,0.159,5.106,,,,,,,,,,,
2023/6/20 0:00,0.218,5.688,,,,,,,,,,,
2023/6/20 1:00,0.304,6.41,,,,,,,,,,,
2023/6/20 2:00,0.405,7.166,,,,,,,,,,,
2023/6/20 3:00,0.459,7.561,,,,,,,,,,,
2023/6/20 4:00,0.482,7.731,,,,,,,,,,,
2023/6/20 5:00,0.506,7.898,,,,,,,,,,,
2023/6/20 6:00,0.532,8.092,,,,,,,,,,,
2023/6/20 7:00,0.551,8.231,,,,,,,,,,,
2023/6/20 8:00,0.535,8.114,,,,,,,,,,,
2023/6/20 9:00,0.512,7.947,,,,,,,,,,,
2023/6/20 10:00,0.327,6.59,,,,,,,,,,,
2023/6/20 11:00,0.23,5.782,,,,,,,,,,,
2023/6/20 12:00,0.245,5.923,,,,,,,,,,,
2023/6/20 13:00,0.309,6.451,,,,,,,,,,,
2023/6/20 14:00,0.356,6.811,,,,,,,,,,,
2023/6/20 15:00,0.302,6.394,,,,,,,,,,,
2023/6/20 16:00,0.234,5.831,,,,,,,,,,,
2023/6/20 17:00,0.258,6.028,,,,,,,,,,,
2023/6/20 18:00,0.368,6.899,,,,,,,,,,,
2023/6/20 19:00,0.511,7.937,,,,,,,,,,,
2023/6/20 20:00,0.624,8.789,,,,,,,,,,,
2023/6/20 21:00,0.568,8.356,,,,,,,,,,,
2023/6/20 22:00,0.406,7.176,,,,,,,,,,,
2023/6/20 23:00,0.714,9.555,,,,,,,,,,,
2023/6/21 0:00,0.903,12.053,,,,,,,,,,,
2023/6/21 1:00,0.917,12.377,,,,,,,,,,,
2023/6/21 2:00,0.905,12.106,,,,,,,,,,,
2023/6/21 3:00,0.869,11.399,,,,,,,,,,,
2023/6/21 4:00,0.806,10.526,,,,,,,,,,,
2023/6/21 5:00,0.729,9.698,,,,,,,,,,,
2023/6/21 6:00,0.638,8.896,,,,,,,,,,,
2023/6/21 7:00,0.539,8.141,,,,,,,,,,,
2023/6/21 8:00,0.428,7.34,,,,,,,,,,,
2023/6/21 9:00,0.295,6.341,,,,,,,,,,,
2023/6/21 10:00,0.212,5.633,,,,,,,,,,,
2023/6/21 11:00,0.269,6.133,,,,,,,,,,,
2023/6/21 12:00,0.258,6.028,,,,,,,,,,,
2023/6/21 13:00,0.19,5.423,,,,,,,,,,,
2023/6/21 14:00,0.144,4.931,,,,,,,,,,,
2023/6/21 15:00,0.154,5.033,,,,,,,,,,,
2023/6/21 16:00,0.232,5.805,,,,,,,,,,,
2023/6/21 17:00,0.372,6.918,,,,,,,,,,,
2023/6/21 18:00,0.492,7.803,,,,,,,,,,,
2023/6/21 19:00,0.55,8.225,,,,,,,,,,,
2023/6/21 20:00,0.569,8.369,,,,,,,,,,,
2023/6/21 21:00,0.507,7.91,,,,,,,,,,,
2023/6/21 22:00,0.231,5.797,,,,,,,,,,,
2023/6/21 23:00,0.147,4.963,,,,,,,,,,,
2023/6/22 0:00,0.269,6.132,,,,,,,,,,,
2023/6/22 1:00,0.27,6.141,,,,,,,,,,,
2023/6/22 2:00,0.256,6.02,,,,,,,,,,,
2023/6/22 3:00,0.22,5.696,,,,,,,,,,,
2023/6/22 4:00,0.164,5.159,,,,,,,,,,,
2023/6/22 5:00,0.126,4.719,,,,,,,,,,,
2023/6/22 6:00,0.116,4.589,,,,,,,,,,,
2023/6/22 7:00,0.142,4.914,,,,,,,,,,,
2023/6/22 8:00,0.215,5.657,,,,,,,,,,,
2023/6/22 9:00,0.291,6.308,,,,,,,,,,,
2023/6/22 10:00,0.399,7.119,,,,,,,,,,,
2023/6/22 11:00,0.537,8.133,,,,,,,,,,,
2023/6/22 12:00,0.612,8.69,,,,,,,,,,,
2023/6/22 13:00,0.558,8.276,,,,,,,,,,,
2023/6/22 14:00,0.445,7.463,,,,,,,,,,,
2023/6/22 15:00,0.337,6.662,,,,,,,,,,,
2023/6/22 16:00,0.301,6.392,,,,,,,,,,,
2023/6/22 17:00,0.299,6.366,,,,,,,,,,,
2023/6/22 18:00,0.341,6.688,,,,,,,,,,,
2023/6/22 19:00,0.409,7.199,,,,,,,,,,,
2023/6/22 20:00,0.456,7.538,,,,,,,,,,,
2023/6/22 21:00,0.453,7.516,,,,,,,,,,,
2023/6/22 22:00,0.354,6.797,,,,,,,,,,,
2023/6/22 23:00,0.344,6.715,,,,,,,,,,,
2023/6/23 0:00,0.395,7.097,,,,,,,,,,,
2023/6/23 1:00,0.494,7.815,,,,,,,,,,,
2023/6/23 2:00,0.609,8.666,,,,,,,,,,,
2023/6/23 3:00,0.665,9.13,,,,,,,,,,,
2023/6/23 4:00,0.598,8.581,,,,,,,,,,,
2023/6/23 5:00,0.463,7.585,,,,,,,,,,,
2023/6/23 6:00,0.377,6.964,,,,,,,,,,,
2023/6/23 7:00,0.461,7.575,,,,,,,,,,,
2023/6/23 8:00,0.507,7.908,,,,,,,,,,,
2023/6/23 9:00,0.528,8.055,,,,,,,,,,,
2023/6/23 10:00,0.553,8.245,,,,,,,,,,,
2023/6/23 11:00,0.605,8.641,,,,,,,,,,,
2023/6/23 12:00,0.737,9.78,,,,,,,,,,,
2023/6/23 13:00,0.773,10.144,,,,,,,,,,,
2023/6/23 14:00,0.76,10.009,,,,,,,,,,,
2023/6/23 15:00,0.739,9.798,,,,,,,,,,,
2023/6/23 16:00,0.724,9.647,,,,,,,,,,,
2023/6/23 17:00,0.718,9.58,,,,,,,,,,,
2023/6/23 18:00,0.713,9.544,,,,,,,,,,,
2023/6/23 19:00,0.7,9.421,,,,,,,,,,,
2023/6/23 20:00,0.681,9.256,,,,,,,,,,,
2023/6/23 21:00,0.565,8.326,,,,,,,,,,,
2023/6/23 22:00,0.451,7.503,,,,,,,,,,,
2023/6/23 23:00,0.663,9.111,,,,,,,,,,,
2023/6/24 0:00,0.718,9.595,,,,,,,,,,,
2023/6/24 1:00,0.604,8.638,,,,,,,,,,,
2023/6/24 2:00,0.497,7.836,,,,,,,,,,,
2023/6/24 3:00,0.458,7.556,,,,,,,,,,,
2023/6/24 4:00,0.475,7.673,,,,,,,,,,,
2023/6/24 5:00,0.512,7.948,,,,,,,,,,,
2023/6/24 6:00,0.534,8.101,,,,,,,,,,,
2023/6/24 7:00,0.592,8.538,,,,,,,,,,,
2023/6/24 8:00,0.791,10.333,,,,,,,,,,,
2023/6/24 9:00,0.869,11.419,,,,,,,,,,,
2023/6/24 10:00,0.86,11.257,,,,,,,,,,,
2023/6/24 11:00,0.882,11.636,,,,,,,,,,,
2023/6/24 12:00,0.884,11.672,,,,,,,,,,,
2023/6/24 13:00,0.839,10.951,,,,,,,,,,,
2023/6/24 14:00,0.77,10.112,,,,,,,,,,,
2023/6/24 15:00,0.783,10.26,,,,,,,,,,,
2023/6/24 16:00,0.78,10.212,,,,,,,,,,,
2023/6/24 17:00,0.752,9.916,,,,,,,,,,,
2023/6/24 18:00,0.727,9.675,,,,,,,,,,,
2023/6/24 19:00,0.7,9.424,,,,,,,,,,,
2023/6/24 20:00,0.657,9.058,,,,,,,,,,,
2023/6/24 21:00,0.51,7.931,,,,,,,,,,,
2023/6/24 22:00,0.508,7.913,,,,,,,,,,,
2023/6/24 23:00,0.7,9.424,,,,,,,,,,,
2023/6/25 0:00,0.673,9.186,,,,,,,,,,,
2023/6/25 1:00,0.544,8.169,,,,,,,,,,,
2023/6/25 2:00,0.431,7.351,,,,,,,,,,,
2023/6/25 3:00,0.411,7.217,,,,,,,,,,,
2023/6/25 4:00,0.488,7.77,,,,,,,,,,,
2023/6/25 5:00,0.598,8.582,,,,,,,,,,,
2023/6/25 6:00,0.702,9.445,,,,,,,,,,,
2023/6/25 7:00,0.774,10.146,,,,,,,,,,,
2023/6/25 8:00,0.805,10.505,,,,,,,,,,,
2023/6/25 9:00,0.811,10.59,,,,,,,,,,,
2023/6/25 10:00,0.809,10.554,,,,,,,,,,,
2023/6/25 11:00,0.832,10.86,,,,,,,,,,,
2023/6/25 12:00,0.844,11.02,,,,,,,,,,,
2023/6/25 13:00,0.782,10.24,,,,,,,,,,,
2023/6/25 14:00,0.714,9.559,,,,,,,,,,,
2023/6/25 15:00,0.641,8.931,,,,,,,,,,,
2023/6/25 16:00,0.543,8.166,,,,,,,,,,,
2023/6/25 17:00,0.504,7.89,,,,,,,,,,,
2023/6/25 18:00,0.5,7.86,,,,,,,,,,,
2023/6/25 19:00,0.471,7.642,,,,,,,,,,,
2023/6/25 20:00,0.436,7.387,,,,,,,,,,,
2023/6/25 21:00,0.288,6.289,,,,,,,,,,,
2023/6/25 22:00,0.146,4.953,,,,,,,,,,,
2023/6/25 23:00,0.121,4.644,,,,,,,,,,,
2023/6/26 0:00,0.076,4.003,,,,,,,,,,,
2023/6/26 1:00,0.063,3.782,,,,,,,,,,,
2023/6/26 2:00,0.033,3.107,,,,,,,,,,,
2023/6/26 3:00,0.046,3.44,,,,,,,,,,,
2023/6/26 4:00,0.157,5.071,,,,,,,,,,,
2023/6/26 5:00,0.421,7.292,,,,,,,,,,,
2023/6/26 6:00,0.552,8.234,,,,,,,,,,,
2023/6/26 7:00,0.537,8.129,,,,,,,,,,,
2023/6/26 8:00,0.508,7.914,,,,,,,,,,,
2023/6/26 9:00,0.477,7.695,,,,,,,,,,,
2023/6/26 10:00,0.375,6.941,,,,,,,,,,,
2023/6/26 11:00,0.253,5.997,,,,,,,,,,,
2023/6/26 12:00,0.211,5.623,,,,,,,,,,,
2023/6/26 13:00,0.182,5.338,,,,,,,,,,,
2023/6/26 14:00,0.229,5.78,,,,,,,,,,,
2023/6/26 15:00,0.301,6.39,,,,,,,,,,,
2023/6/26 16:00,0.344,6.709,,,,,,,,,,,
2023/6/26 17:00,0.368,6.894,,,,,,,,,,,
2023/6/26 18:00,0.373,6.933,,,,,,,,,,,
2023/6/26 19:00,0.372,6.927,,,,,,,,,,,
2023/6/26 20:00,0.315,6.501,,,,,,,,,,,
2023/6/26 21:00,0.217,5.678,,,,,,,,,,,
2023/6/26 22:00,0.135,4.826,,,,,,,,,,,
2023/6/26 23:00,0.142,4.907,,,,,,,,,,,
2023/6/27 0:00,0.113,4.549,,,,,,,,,,,
2023/6/27 1:00,0.084,4.121,,,,,,,,,,,
2023/6/27 2:00,0.066,3.832,,,,,,,,,,,
2023/6/27 3:00,0.049,3.497,,,,,,,,,,,
2023/6/27 4:00,0.04,3.294,,,,,,,,,,,
2023/6/27 5:00,0.034,3.141,,,,,,,,,,,
2023/6/27 6:00,0.035,3.158,,,,,,,,,,,
2023/6/27 7:00,0.035,3.155,,,,,,,,,,,
2023/6/27 8:00,0.025,2.881,,,,,,,,,,,
2023/6/27 9:00,0.02,2.716,,,,,,,,,,,
2023/6/27 10:00,0.062,3.765,,,,,,,,,,,
2023/6/27 11:00,0.15,4.999,,,,,,,,,,,
2023/6/27 12:00,0.261,6.063,,,,,,,,,,,
2023/6/27 13:00,0.32,6.537,,,,,,,,,,,
2023/6/27 14:00,0.384,7.02,,,,,,,,,,,
2023/6/27 15:00,0.453,7.517,,,,,,,,,,,
2023/6/27 16:00,0.553,8.24,,,,,,,,,,,
2023/6/27 17:00,0.657,9.048,,,,,,,,,,,
2023/6/27 18:00,0.695,9.384,,,,,,,,,,,
2023/6/27 19:00,0.675,9.207,,,,,,,,,,,
2023/6/27 20:00,0.569,8.371,,,,,,,,,,,
2023/6/27 21:00,0.413,7.228,,,,,,,,,,,
2023/6/27 22:00,0.232,5.817,,,,,,,,,,,
2023/6/27 23:00,0.224,5.743,,,,,,,,,,,
2023/6/28 0:00,0.299,6.366,,,,,,,,,,,
2023/6/28 1:00,0.162,5.136,,,,,,,,,,,
2023/6/28 2:00,0.141,4.901,,,,,,,,,,,
2023/6/28 3:00,0.171,5.227,,,,,,,,,,,
2023/6/28 4:00,0.237,5.859,,,,,,,,,,,
2023/6/28 5:00,0.324,6.568,,,,,,,,,,,
2023/6/28 6:00,0.412,7.224,,,,,,,,,,,
2023/6/28 7:00,0.468,7.626,,,,,,,,,,,
2023/6/28 8:00,0.322,6.554,,,,,,,,,,,
2023/6/28 9:00,0.241,5.894,,,,,,,,,,,
2023/6/28 10:00,0.322,6.55,,,,,,,,,,,
2023/6/28 11:00,0.385,7.027,,,,,,,,,,,
2023/6/28 12:00,0.409,7.2,,,,,,,,,,,
2023/6/28 13:00,0.46,7.569,,,,,,,,,,,
2023/6/28 14:00,0.519,7.996,,,,,,,,,,,
2023/6/28 15:00,0.497,7.836,,,,,,,,,,,
2023/6/28 16:00,0.479,7.709,,,,,,,,,,,
2023/6/28 17:00,0.512,7.944,,,,,,,,,,,
2023/6/28 18:00,0.559,8.29,,,,,,,,,,,
2023/6/28 19:00,0.626,8.801,,,,,,,,,,,
2023/6/28 20:00,0.649,8.986,,,,,,,,,,,
2023/6/28 21:00,0.43,7.346,,,,,,,,,,,
2023/6/28 22:00,0.421,7.29,,,,,,,,,,,
2023/6/28 23:00,0.348,6.744,,,,,,,,,,,
2023/6/29 0:00,0.256,6.009,,,,,,,,,,,
2023/6/29 1:00,0.187,5.386,,,,,,,,,,,
2023/6/29 2:00,0.147,4.972,,,,,,,,,,,
2023/6/29 3:00,0.112,4.53,,,,,,,,,,,
2023/6/29 4:00,0.072,3.93,,,,,,,,,,,
2023/6/29 5:00,0.033,3.118,,,,,,,,,,,
2023/6/29 6:00,0.011,2.295,,,,,,,,,,,
2023/6/29 7:00,0.001,1.372,,,,,,,,,,,
2023/6/29 8:00,0,1.185,,,,,,,,,,,
2023/6/29 9:00,0.003,1.747,,,,,,,,,,,
2023/6/29 10:00,0.039,3.269,,,,,,,,,,,
2023/6/29 11:00,0.182,5.344,,,,,,,,,,,
2023/6/29 12:00,0.491,7.795,,,,,,,,,,,
2023/6/29 13:00,0.726,9.664,,,,,,,,,,,
2023/6/29 14:00,0.797,10.412,,,,,,,,,,,
2023/6/29 15:00,0.733,9.733,,,,,,,,,,,
2023/6/29 16:00,0.7,9.42,,,,,,,,,,,
2023/6/29 17:00,0.721,9.624,,,,,,,,,,,
2023/6/29 18:00,0.737,9.771,,,,,,,,,,,
2023/6/29 19:00,0.74,9.807,,,,,,,,,,,
2023/6/29 20:00,0.727,9.674,,,,,,,,,,,
2023/6/29 21:00,0.594,8.549,,,,,,,,,,,
2023/6/29 22:00,0.483,7.731,,,,,,,,,,,
2023/6/29 23:00,0.528,8.054,,,,,,,,,,,
2023/6/30 0:00,0.618,8.736,,,,,,,,,,,
2023/6/30 1:00,0.56,8.294,,,,,,,,,,,
2023/6/30 2:00,0.406,7.179,,,,,,,,,,,
2023/6/30 3:00,0.276,6.183,,,,,,,,,,,
2023/6/30 4:00,0.201,5.526,,,,,,,,,,,
2023/6/30 5:00,0.191,5.428,,,,,,,,,,,
2023/6/30 6:00,0.261,6.067,,,,,,,,,,,
2023/6/30 7:00,0.409,7.194,,,,,,,,,,,
2023/6/30 8:00,0.565,8.336,,,,,,,,,,,
2023/6/30 9:00,0.634,8.868,,,,,,,,,,,
2023/6/30 10:00,0.569,8.364,,,,,,,,,,,
2023/6/30 11:00,0.568,8.352,,,,,,,,,,,
2023/6/30 12:00,0.582,8.469,,,,,,,,,,,
2023/6/30 13:00,0.519,7.992,,,,,,,,,,,
2023/6/30 14:00,0.384,7.017,,,,,,,,,,,
2023/6/30 15:00,0.258,6.031,,,,,,,,,,,
2023/6/30 16:00,0.195,5.47,,,,,,,,,,,
2023/6/30 17:00,0.208,5.588,,,,,,,,,,,
2023/6/30 18:00,0.3,6.384,,,,,,,,,,,
2023/6/30 19:00,0.428,7.335,,,,,,,,,,,
2023/6/30 20:00,0.365,6.881,,,,,,,,,,,
2023/6/30 21:00,0.171,5.225,,,,,,,,,,,
2023/6/30 22:00,0.056,3.628,,,,,,,,,,,
2023/6/30 23:00,0.048,3.46,,,,,,,,,,,
2023/7/1 0:00,0.011,2.323,,,,,,,,,,,
2023/7/1 1:00,0,0.192,,,,,,,,,,,
2023/7/1 2:00,0,0.329,,,,,,,,,,,
2023/7/1 3:00,0,0.403,,,,,,,,,,,
2023/7/1 4:00,0,0.516,,,,,,,,,,,
2023/7/1 5:00,0.006,2.002,,,,,,,,,,,
2023/7/1 6:00,0.069,3.884,,,,,,,,,,,
2023/7/1 7:00,0.149,4.985,,,,,,,,,,,
2023/7/1 8:00,0.122,4.661,,,,,,,,,,,
2023/7/1 9:00,0.04,3.288,,,,,,,,,,,
2023/7/1 10:00,0.002,1.531,,,,,,,,,,,
2023/7/1 11:00,0.195,5.467,,,,,,,,,,,
2023/7/1 12:00,0.384,7.008,,,,,,,,,,,
2023/7/1 13:00,0.329,6.609,,,,,,,,,,,
2023/7/1 14:00,0.262,6.07,,,,,,,,,,,
2023/7/1 15:00,0.221,5.705,,,,,,,,,,,
2023/7/1 16:00,0.199,5.505,,,,,,,,,,,
2023/7/1 17:00,0.216,5.67,,,,,,,,,,,
2023/7/1 18:00,0.264,6.077,,,,,,,,,,,
2023/7/1 19:00,0.347,6.732,,,,,,,,,,,
2023/7/1 20:00,0.411,7.219,,,,,,,,,,,
2023/7/1 21:00,0.388,7.045,,,,,,,,,,,
2023/7/1 22:00,0.261,6.055,,,,,,,,,,,
2023/7/1 23:00,0.311,6.458,,,,,,,,,,,
2023/7/2 0:00,0.488,7.76,,,,,,,,,,,
2023/7/2 1:00,0.539,8.143,,,,,,,,,,,
2023/7/2 2:00,0.629,8.826,,,,,,,,,,,
2023/7/2 3:00,0.675,9.214,,,,,,,,,,,
2023/7/2 4:00,0.668,9.147,,,,,,,,,,,
2023/7/2 5:00,0.577,8.426,,,,,,,,,,,
2023/7/2 6:00,0.365,6.877,,,,,,,,,,,
2023/7/2 7:00,0.221,5.705,,,,,,,,,,,
2023/7/2 8:00,0.186,5.379,,,,,,,,,,,
2023/7/2 9:00,0.248,5.945,,,,,,,,,,,
2023/7/2 10:00,0.446,7.468,,,,,,,,,,,
2023/7/2 11:00,0.735,9.754,,,,,,,,,,,
2023/7/2 12:00,0.845,11.043,,,,,,,,,,,
2023/7/2 13:00,0.862,11.301,,,,,,,,,,,
2023/7/2 14:00,0.855,11.194,,,,,,,,,,,
2023/7/2 15:00,0.81,10.568,,,,,,,,,,,
2023/7/2 16:00,0.715,9.568,,,,,,,,,,,
2023/7/2 17:00,0.597,8.573,,,,,,,,,,,
2023/7/2 18:00,0.443,7.445,,,,,,,,,,,
2023/7/2 19:00,0.317,6.511,,,,,,,,,,,
2023/7/2 20:00,0.245,5.928,,,,,,,,,,,
2023/7/2 21:00,0.11,4.518,,,,,,,,,,,
2023/7/2 22:00,0.103,4.4,,,,,,,,,,,
2023/7/2 23:00,0.09,4.224,,,,,,,,,,,
2023/7/3 0:00,0.066,3.825,,,,,,,,,,,
2023/7/3 1:00,0.048,3.47,,,,,,,,,,,
2023/7/3 2:00,0.032,3.072,,,,,,,,,,,
2023/7/3 3:00,0.024,2.844,,,,,,,,,,,
2023/7/3 4:00,0.023,2.817,,,,,,,,,,,
2023/7/3 5:00,0.037,3.207,,,,,,,,,,,
2023/7/3 6:00,0.077,4.019,,,,,,,,,,,
2023/7/3 7:00,0.132,4.783,,,,,,,,,,,
2023/7/3 8:00,0.164,5.153,,,,,,,,,,,
2023/7/3 9:00,0.204,5.551,,,,,,,,,,,
2023/7/3 10:00,0.292,6.319,,,,,,,,,,,
2023/7/3 11:00,0.459,7.56,,,,,,,,,,,
2023/7/3 12:00,0.531,8.077,,,,,,,,,,,
2023/7/3 13:00,0.568,8.356,,,,,,,,,,,
2023/7/3 14:00,0.493,7.812,,,,,,,,,,,
2023/7/3 15:00,0.354,6.795,,,,,,,,,,,
2023/7/3 16:00,0.244,5.914,,,,,,,,,,,
2023/7/3 17:00,0.206,5.569,,,,,,,,,,,
2023/7/3 18:00,0.182,5.344,,,,,,,,,,,
2023/7/3 19:00,0.162,5.129,,,,,,,,,,,
2023/7/3 20:00,0.14,4.875,,,,,,,,,,,
2023/7/3 21:00,0.094,4.277,,,,,,,,,,,
2023/7/3 22:00,0.063,3.768,,,,,,,,,,,
2023/7/3 23:00,0.037,3.207,,,,,,,,,,,
2023/7/4 0:00,0.017,2.583,,,,,,,,,,,
2023/7/4 1:00,0.015,2.507,,,,,,,,,,,
2023/7/4 2:00,0.03,3.027,,,,,,,,,,,
2023/7/4 3:00,0.062,3.757,,,,,,,,,,,
2023/7/4 4:00,0.075,3.988,,,,,,,,,,,
2023/7/4 5:00,0.057,3.664,,,,,,,,,,,
2023/7/4 6:00,0.033,3.104,,,,,,,,,,,
2023/7/4 7:00,0.018,2.653,,,,,,,,,,,
2023/7/4 8:00,0.017,2.589,,,,,,,,,,,
2023/7/4 9:00,0.015,2.508,,,,,,,,,,,
2023/7/4 10:00,0.006,2.041,,,,,,,,,,,
2023/7/4 11:00,0.007,2.086,,,,,,,,,,,
2023/7/4 12:00,0.001,1.439,,,,,,,,,,,
2023/7/4 13:00,0.003,1.681,,,,,,,,,,,
2023/7/4 14:00,0.03,3.023,,,,,,,,,,,
2023/7/4 15:00,0.117,4.603,,,,,,,,,,,
2023/7/4 16:00,0.231,5.798,,,,,,,,,,,
2023/7/4 17:00,0.327,6.592,,,,,,,,,,,
2023/7/4 18:00,0.476,7.688,,,,,,,,,,,
2023/7/4 19:00,0.641,8.927,,,,,,,,,,,
2023/7/4 20:00,0.729,9.693,,,,,,,,,,,
2023/7/4 21:00,0.669,9.156,,,,,,,,,,,
2023/7/4 22:00,0.444,7.456,,,,,,,,,,,
2023/7/4 23:00,0.75,9.897,,,,,,,,,,,
2023/7/5 0:00,0.91,12.209,,,,,,,,,,,
2023/7/5 1:00,0.933,12.792,,,,,,,,,,,
2023/7/5 2:00,0.941,13.041,,,,,,,,,,,
2023/7/5 3:00,0.945,13.19,,,,,,,,,,,
2023/7/5 4:00,0.938,12.955,,,,,,,,,,,
2023/7/5 5:00,0.934,12.832,,,,,,,,,,,
2023/7/5 6:00,0.943,13.122,,,,,,,,,,,
2023/7/5 7:00,0.951,13.407,,,,,,,,,,,
2023/7/5 8:00,0.951,13.382,,,,,,,,,,,
2023/7/5 9:00,0.942,13.087,,,,,,,,,,,
2023/7/5 10:00,0.902,12.029,,,,,,,,,,,
2023/7/5 11:00,0.849,11.08,,,,,,,,,,,
2023/7/5 12:00,0.824,10.738,,,,,,,,,,,
2023/7/5 13:00,0.804,10.493,,,,,,,,,,,
2023/7/5 14:00,0.791,10.344,,,,,,,,,,,
2023/7/5 15:00,0.765,10.063,,,,,,,,,,,
2023/7/5 16:00,0.731,9.706,,,,,,,,,,,
2023/7/5 17:00,0.695,9.381,,,,,,,,,,,
2023/7/5 18:00,0.665,9.13,,,,,,,,,,,
2023/7/5 19:00,0.629,8.825,,,,,,,,,,,
2023/7/5 20:00,0.598,8.588,,,,,,,,,,,
2023/7/5 21:00,0.477,7.696,,,,,,,,,,,
2023/7/5 22:00,0.295,6.338,,,,,,,,,,,
2023/7/5 23:00,0.612,8.695,,,,,,,,,,,
2023/7/6 0:00,0.76,10.008,,,,,,,,,,,
2023/7/6 1:00,0.842,10.99,,,,,,,,,,,
2023/7/6 2:00,0.891,11.812,,,,,,,,,,,
2023/7/6 3:00,0.904,12.072,,,,,,,,,,,
2023/7/6 4:00,0.885,11.7,,,,,,,,,,,
2023/7/6 5:00,0.847,11.072,,,,,,,,,,,
2023/7/6 6:00,0.773,10.143,,,,,,,,,,,
2023/7/6 7:00,0.614,8.708,,,,,,,,,,,
2023/7/6 8:00,0.385,7.03,,,,,,,,,,,
2023/7/6 9:00,0.204,5.545,,,,,,,,,,,
2023/7/6 10:00,0.105,4.441,,,,,,,,,,,
2023/7/6 11:00,0.1,4.366,,,,,,,,,,,
2023/7/6 12:00,0.165,5.169,,,,,,,,,,,
2023/7/6 13:00,0.32,6.534,,,,,,,,,,,
2023/7/6 14:00,0.442,7.434,,,,,,,,,,,
2023/7/6 15:00,0.488,7.763,,,,,,,,,,,
2023/7/6 16:00,0.415,7.236,,,,,,,,,,,
2023/7/6 17:00,0.269,6.131,,,,,,,,,,,
2023/7/6 18:00,0.141,4.895,,,,,,,,,,,
2023/7/6 19:00,0.079,4.052,,,,,,,,,,,
2023/7/6 20:00,0.054,3.599,,,,,,,,,,,
2023/7/6 21:00,0.037,3.22,,,,,,,,,,,
2023/7/6 22:00,0.028,2.976,,,,,,,,,,,
2023/7/6 23:00,0.024,2.843,,,,,,,,,,,
2023/7/7 0:00,0.015,2.497,,,,,,,,,,,
2023/7/7 1:00,0.009,2.198,,,,,,,,,,,
2023/7/7 2:00,0.006,1.981,,,,,,,,,,,
2023/7/7 3:00,0.019,2.679,,,,,,,,,,,
2023/7/7 4:00,0.104,4.433,,,,,,,,,,,
2023/7/7 5:00,0.222,5.709,,,,,,,,,,,
2023/7/7 6:00,0.28,6.222,,,,,,,,,,,
2023/7/7 7:00,0.217,5.675,,,,,,,,,,,
2023/7/7 8:00,0.103,4.412,,,,,,,,,,,
2023/7/7 9:00,0.03,3.024,,,,,,,,,,,
2023/7/7 10:00,0.018,2.629,,,,,,,,,,,
2023/7/7 11:00,0.04,3.282,,,,,,,,,,,
2023/7/7 12:00,0.07,3.904,,,,,,,,,,,
2023/7/7 13:00,0.082,4.109,,,,,,,,,,,
2023/7/7 14:00,0.063,3.776,,,,,,,,,,,
2023/7/7 15:00,0.036,3.183,,,,,,,,,,,
2023/7/7 16:00,0.025,2.886,,,,,,,,,,,
2023/7/7 17:00,0.027,2.93,,,,,,,,,,,
2023/7/7 18:00,0.025,2.871,,,,,,,,,,,
2023/7/7 19:00,0.027,2.948,,,,,,,,,,,
2023/7/7 20:00,0.028,2.975,,,,,,,,,,,
2023/7/7 21:00,0.021,2.74,,,,,,,,,,,
2023/7/7 22:00,0.008,2.169,,,,,,,,,,,
2023/7/7 23:00,0.003,1.689,,,,,,,,,,,
2023/7/8 0:00,0.006,2.02,,,,,,,,,,,
2023/7/8 1:00,0.011,2.29,,,,,,,,,,,
2023/7/8 2:00,0.018,2.617,,,,,,,,,,,
2023/7/8 3:00,0.023,2.81,,,,,,,,,,,
2023/7/8 4:00,0.026,2.899,,,,,,,,,,,
2023/7/8 5:00,0.03,3.028,,,,,,,,,,,
2023/7/8 6:00,0.032,3.099,,,,,,,,,,,
2023/7/8 7:00,0.029,2.991,,,,,,,,,,,
2023/7/8 8:00,0.022,2.787,,,,,,,,,,,
2023/7/8 9:00,0.028,2.953,,,,,,,,,,,
2023/7/8 10:00,0.049,3.49,,,,,,,,,,,
2023/7/8 11:00,0.084,4.13,,,,,,,,,,,
2023/7/8 12:00,0.129,4.752,,,,,,,,,,,
2023/7/8 13:00,0.171,5.225,,,,,,,,,,,
2023/7/8 14:00,0.213,5.644,,,,,,,,,,,
2023/7/8 15:00,0.241,5.889,,,,,,,,,,,
2023/7/8 16:00,0.263,6.075,,,,,,,,,,,
2023/7/8 17:00,0.277,6.19,,,,,,,,,,,
2023/7/8 18:00,0.296,6.345,,,,,,,,,,,
2023/7/8 19:00,0.319,6.527,,,,,,,,,,,
2023/7/8 20:00,0.339,6.677,,,,,,,,,,,
2023/7/8 21:00,0.243,5.907,,,,,,,,,,,
2023/7/8 22:00,0.305,6.414,,,,,,,,,,,
2023/7/8 23:00,0.366,6.884,,,,,,,,,,,
2023/7/9 0:00,0.351,6.767,,,,,,,,,,,
2023/7/9 1:00,0.356,6.814,,,,,,,,,,,
2023/7/9 2:00,0.379,6.981,,,,,,,,,,,
2023/7/9 3:00,0.423,7.306,,,,,,,,,,,
2023/7/9 4:00,0.461,7.574,,,,,,,,,,,
2023/7/9 5:00,0.463,7.583,,,,,,,,,,,
2023/7/9 6:00,0.438,7.408,,,,,,,,,,,
2023/7/9 7:00,0.404,7.163,,,,,,,,,,,
2023/7/9 8:00,0.369,6.906,,,,,,,,,,,
2023/7/9 9:00,0.309,6.45,,,,,,,,,,,
2023/7/9 10:00,0.185,5.373,,,,,,,,,,,
2023/7/9 11:00,0.096,4.311,,,,,,,,,,,
2023/7/9 12:00,0.043,3.366,,,,,,,,,,,
2023/7/9 13:00,0.028,2.974,,,,,,,,,,,
2023/7/9 14:00,0.049,3.485,,,,,,,,,,,
2023/7/9 15:00,0.103,4.407,,,,,,,,,,,
2023/7/9 16:00,0.163,5.143,,,,,,,,,,,
2023/7/9 17:00,0.197,5.486,,,,,,,,,,,
2023/7/9 18:00,0.208,5.586,,,,,,,,,,,
2023/7/9 19:00,0.174,5.261,,,,,,,,,,,
2023/7/9 20:00,0.133,4.797,,,,,,,,,,,
2023/7/9 21:00,0.083,4.113,,,,,,,,,,,
2023/7/9 22:00,0.102,4.391,,,,,,,,,,,
2023/7/9 23:00,0.157,5.073,,,,,,,,,,,
2023/7/10 0:00,0.164,5.151,,,,,,,,,,,
2023/7/10 1:00,0.14,4.885,,,,,,,,,,,
2023/7/10 2:00,0.109,4.499,,,,,,,,,,,
2023/7/10 3:00,0.103,4.421,,,,,,,,,,,
2023/7/10 4:00,0.103,4.416,,,,,,,,,,,
2023/7/10 5:00,0.096,4.31,,,,,,,,,,,
2023/7/10 6:00,0.086,4.156,,,,,,,,,,,
2023/7/10 7:00,0.085,4.141,,,,,,,,,,,
2023/7/10 8:00,0.086,4.158,,,,,,,,,,,
2023/7/10 9:00,0.055,3.622,,,,,,,,,,,
2023/7/10 10:00,0.027,2.938,,,,,,,,,,,
2023/7/10 11:00,0.044,3.397,,,,,,,,,,,
2023/7/10 12:00,0.09,4.22,,,,,,,,,,,
2023/7/10 13:00,0.105,4.446,,,,,,,,,,,
2023/7/10 14:00,0.088,4.203,,,,,,,,,,,
2023/7/10 15:00,0.046,3.431,,,,,,,,,,,
2023/7/10 16:00,0.012,2.391,,,,,,,,,,,
2023/7/10 17:00,0.007,2.079,,,,,,,,,,,
2023/7/10 18:00,0.048,3.469,,,,,,,,,,,
2023/7/10 19:00,0.11,4.508,,,,,,,,,,,
2023/7/10 20:00,0.111,4.526,,,,,,,,,,,
2023/7/10 21:00,0.069,3.876,,,,,,,,,,,
2023/7/10 22:00,0.063,3.774,,,,,,,,,,,
2023/7/10 23:00,0.065,3.814,,,,,,,,,,,
2023/7/11 0:00,0.067,3.855,,,,,,,,,,,
2023/7/11 1:00,0.057,3.665,,,,,,,,,,,
2023/7/11 2:00,0.042,3.348,,,,,,,,,,,
2023/7/11 3:00,0.035,3.167,,,,,,,,,,,
2023/7/11 4:00,0.033,3.106,,,,,,,,,,,
2023/7/11 5:00,0.036,3.18,,,,,,,,,,,
2023/7/11 6:00,0.049,3.491,,,,,,,,,,,
2023/7/11 7:00,0.064,3.797,,,,,,,,,,,
2023/7/11 8:00,0.076,4.008,,,,,,,,,,,
2023/7/11 9:00,0.078,4.031,,,,,,,,,,,
2023/7/11 10:00,0.096,4.312,,,,,,,,,,,
2023/7/11 11:00,0.148,4.98,,,,,,,,,,,
2023/7/11 12:00,0.222,5.715,,,,,,,,,,,
2023/7/11 13:00,0.248,5.946,,,,,,,,,,,
2023/7/11 14:00,0.203,5.538,,,,,,,,,,,
2023/7/11 15:00,0.151,5.008,,,,,,,,,,,
2023/7/11 16:00,0.1,4.371,,,,,,,,,,,
2023/7/11 17:00,0.105,4.444,,,,,,,,,,,
2023/7/11 18:00,0.103,4.408,,,,,,,,,,,
2023/7/11 19:00,0.069,3.88,,,,,,,,,,,
2023/7/11 20:00,0.056,3.631,,,,,,,,,,,
2023/7/11 21:00,0.045,3.411,,,,,,,,,,,
2023/7/11 22:00,0.034,3.136,,,,,,,,,,,
2023/7/11 23:00,0.057,3.653,,,,,,,,,,,
2023/7/12 0:00,0.098,4.346,,,,,,,,,,,
2023/7/12 1:00,0.164,5.15,,,,,,,,,,,
2023/7/12 2:00,0.224,5.742,,,,,,,,,,,
2023/7/12 3:00,0.257,6.023,,,,,,,,,,,
2023/7/12 4:00,0.261,6.06,,,,,,,,,,,
2023/7/12 5:00,0.191,5.435,,,,,,,,,,,
2023/7/12 6:00,0.063,3.774,,,,,,,,,,,
2023/7/12 7:00,0.015,2.495,,,,,,,,,,,
2023/7/12 8:00,0.011,2.342,,,,,,,,,,,
2023/7/12 9:00,0.037,3.22,,,,,,,,,,,
2023/7/12 10:00,0.12,4.636,,,,,,,,,,,
2023/7/12 11:00,0.253,5.991,,,,,,,,,,,
2023/7/12 12:00,0.333,6.634,,,,,,,,,,,
2023/7/12 13:00,0.344,6.716,,,,,,,,,,,
2023/7/12 14:00,0.33,6.611,,,,,,,,,,,
2023/7/12 15:00,0.311,6.467,,,,,,,,,,,
2023/7/12 16:00,0.311,6.457,,,,,,,,,,,
2023/7/12 17:00,0.278,6.192,,,,,,,,,,,
2023/7/12 18:00,0.247,5.94,,,,,,,,,,,
2023/7/12 19:00,0.22,5.696,,,,,,,,,,,
2023/7/12 20:00,0.189,5.41,,,,,,,,,,,
2023/7/12 21:00,0.121,4.647,,,,,,,,,,,
2023/7/12 22:00,0.064,3.803,,,,,,,,,,,
2023/7/12 23:00,0.028,2.973,,,,,,,,,,,
2023/7/13 0:00,0.015,2.527,,,,,,,,,,,
2023/7/13 1:00,0.052,3.557,,,,,,,,,,,
2023/7/13 2:00,0.105,4.444,,,,,,,,,,,
2023/7/13 3:00,0.154,5.034,,,,,,,,,,,
2023/7/13 4:00,0.183,5.35,,,,,,,,,,,
2023/7/13 5:00,0.223,5.728,,,,,,,,,,,
2023/7/13 6:00,0.255,6.007,,,,,,,,,,,
2023/7/13 7:00,0.275,6.175,,,,,,,,,,,
2023/7/13 8:00,0.267,6.113,,,,,,,,,,,
2023/7/13 9:00,0.245,5.929,,,,,,,,,,,
2023/7/13 10:00,0.194,5.451,,,,,,,,,,,
2023/7/13 11:00,0.169,5.206,,,,,,,,,,,
2023/7/13 12:00,0.186,5.384,,,,,,,,,,,
2023/7/13 13:00,0.201,5.523,,,,,,,,,,,
2023/7/13 14:00,0.195,5.468,,,,,,,,,,,
2023/7/13 15:00,0.204,5.549,,,,,,,,,,,
2023/7/13 16:00,0.231,5.797,,,,,,,,,,,
2023/7/13 17:00,0.278,6.199,,,,,,,,,,,
2023/7/13 18:00,0.35,6.764,,,,,,,,,,,
2023/7/13 19:00,0.317,6.516,,,,,,,,,,,
2023/7/13 20:00,0.306,6.423,,,,,,,,,,,
2023/7/13 21:00,0.348,6.742,,,,,,,,,,,
2023/7/13 22:00,0.255,6.008,,,,,,,,,,,
2023/7/13 23:00,0.384,7.015,,,,,,,,,,,
2023/7/14 0:00,0.542,8.163,,,,,,,,,,,
2023/7/14 1:00,0.54,8.148,,,,,,,,,,,
2023/7/14 2:00,0.514,7.961,,,,,,,,,,,
2023/7/14 3:00,0.513,7.95,,,,,,,,,,,
2023/7/14 4:00,0.555,8.257,,,,,,,,,,,
2023/7/14 5:00,0.621,8.766,,,,,,,,,,,
2023/7/14 6:00,0.656,9.045,,,,,,,,,,,
2023/7/14 7:00,0.678,9.235,,,,,,,,,,,
2023/7/14 8:00,0.774,10.152,,,,,,,,,,,
2023/7/14 9:00,0.865,11.334,,,,,,,,,,,
2023/7/14 10:00,0.893,11.848,,,,,,,,,,,
2023/7/14 11:00,0.896,11.908,,,,,,,,,,,
2023/7/14 12:00,0.95,13.333,,,,,,,,,,,
2023/7/14 13:00,0.984,15.463,,,,,,,,,,,
2023/7/14 14:00,0.988,16.571,,,,,,,,,,,
2023/7/14 15:00,0.986,17.108,,,,,,,,,,,
2023/7/14 16:00,0.985,17.266,,,,,,,,,,,
2023/7/14 17:00,0.988,16.688,,,,,,,,,,,
2023/7/14 18:00,0.988,16.384,,,,,,,,,,,
2023/7/14 19:00,0.985,15.543,,,,,,,,,,,
2023/7/14 20:00,0.969,14.234,,,,,,,,,,,
2023/7/14 21:00,0.944,13.136,,,,,,,,,,,
2023/7/14 22:00,0.931,12.74,,,,,,,,,,,
2023/7/14 23:00,0.93,12.726,,,,,,,,,,,
2023/7/15 0:00,0.914,12.316,,,,,,,,,,,
2023/7/15 1:00,0.925,12.576,,,,,,,,,,,
2023/7/15 2:00,0.914,12.312,,,,,,,,,,,
2023/7/15 3:00,0.9,11.995,,,,,,,,,,,
2023/7/15 4:00,0.893,11.851,,,,,,,,,,,
2023/7/15 5:00,0.854,11.176,,,,,,,,,,,
2023/7/15 6:00,0.781,10.231,,,,,,,,,,,
2023/7/15 7:00,0.685,9.302,,,,,,,,,,,
2023/7/15 8:00,0.525,8.038,,,,,,,,,,,
2023/7/15 9:00,0.311,6.459,,,,,,,,,,,
2023/7/15 10:00,0.187,5.389,,,,,,,,,,,
2023/7/15 11:00,0.214,5.651,,,,,,,,,,,
2023/7/15 12:00,0.266,6.097,,,,,,,,,,,
2023/7/15 13:00,0.332,6.626,,,,,,,,,,,
2023/7/15 14:00,0.423,7.305,,,,,,,,,,,
2023/7/15 15:00,0.453,7.515,,,,,,,,,,,
2023/7/15 16:00,0.377,6.96,,,,,,,,,,,
2023/7/15 17:00,0.315,6.49,,,,,,,,,,,
2023/7/15 18:00,0.344,6.713,,,,,,,,,,,
2023/7/15 19:00,0.385,7.027,,,,,,,,,,,
2023/7/15 20:00,0.396,7.099,,,,,,,,,,,
2023/7/15 21:00,0.34,6.686,,,,,,,,,,,
2023/7/15 22:00,0.307,6.433,,,,,,,,,,,
2023/7/15 23:00,0.5,7.861,,,,,,,,,,,
2023/7/16 0:00,0.655,9.039,,,,,,,,,,,
2023/7/16 1:00,0.71,9.513,,,,,,,,,,,
2023/7/16 2:00,0.72,9.611,,,,,,,,,,,
2023/7/16 3:00,0.719,9.602,,,,,,,,,,,
2023/7/16 4:00,0.698,9.404,,,,,,,,,,,
2023/7/16 5:00,0.651,9.004,,,,,,,,,,,
2023/7/16 6:00,0.585,8.484,,,,,,,,,,,
2023/7/16 7:00,0.507,7.911,,,,,,,,,,,
2023/7/16 8:00,0.43,7.346,,,,,,,,,,,
2023/7/16 9:00,0.339,6.67,,,,,,,,,,,
2023/7/16 10:00,0.215,5.662,,,,,,,,,,,
2023/7/16 11:00,0.148,4.975,,,,,,,,,,,
2023/7/16 12:00,0.087,4.189,,,,,,,,,,,
2023/7/16 13:00,0.044,3.395,,,,,,,,,,,
2023/7/16 14:00,0.031,3.046,,,,,,,,,,,
2023/7/16 15:00,0.039,3.267,,,,,,,,,,,
2023/7/16 16:00,0.075,3.995,,,,,,,,,,,
2023/7/16 17:00,0.144,4.933,,,,,,,,,,,
2023/7/16 18:00,0.223,5.727,,,,,,,,,,,
2023/7/16 19:00,0.288,6.289,,,,,,,,,,,
2023/7/16 20:00,0.337,6.663,,,,,,,,,,,
2023/7/16 21:00,0.333,6.637,,,,,,,,,,,
2023/7/16 22:00,0.144,4.934,,,,,,,,,,,
2023/7/16 23:00,0.074,3.962,,,,,,,,,,,
2023/7/17 0:00,0.061,3.734,,,,,,,,,,,
2023/7/17 1:00,0.031,3.048,,,,,,,,,,,
2023/7/17 2:00,0.012,2.357,,,,,,,,,,,
2023/7/17 3:00,0.002,1.543,,,,,,,,,,,
2023/7/17 4:00,0,0.504,,,,,,,,,,,
2023/7/17 5:00,0,0.382,,,,,,,,,,,
2023/7/17 6:00,0,1.003,,,,,,,,,,,
2023/7/17 7:00,0.005,1.966,,,,,,,,,,,
2023/7/17 8:00,0.02,2.697,,,,,,,,,,,
2023/7/17 9:00,0.071,3.924,,,,,,,,,,,
2023/7/17 10:00,0.221,5.705,,,,,,,,,,,
2023/7/17 11:00,0.421,7.28,,,,,,,,,,,
2023/7/17 12:00,0.503,7.883,,,,,,,,,,,
2023/7/17 13:00,0.456,7.535,,,,,,,,,,,
2023/7/17 14:00,0.36,6.833,,,,,,,,,,,
2023/7/17 15:00,0.323,6.563,,,,,,,,,,,
2023/7/17 16:00,0.351,6.768,,,,,,,,,,,
2023/7/17 17:00,0.386,7.035,,,,,,,,,,,
2023/7/17 18:00,0.396,7.109,,,,,,,,,,,
2023/7/17 19:00,0.392,7.072,,,,,,,,,,,
2023/7/17 20:00,0.367,6.886,,,,,,,,,,,
2023/7/17 21:00,0.271,6.149,,,,,,,,,,,
2023/7/17 22:00,0.131,4.773,,,,,,,,,,,
2023/7/17 23:00,0.266,6.097,,,,,,,,,,,
2023/7/18 0:00,0.235,5.84,,,,,,,,,,,
2023/7/18 1:00,0.143,4.927,,,,,,,,,,,
2023/7/18 2:00,0.103,4.408,,,,,,,,,,,
2023/7/18 3:00,0.096,4.319,,,,,,,,,,,
2023/7/18 4:00,0.1,4.371,,,,,,,,,,,
2023/7/18 5:00,0.095,4.286,,,,,,,,,,,
2023/7/18 6:00,0.079,4.059,,,,,,,,,,,
2023/7/18 7:00,0.064,3.788,,,,,,,,,,,
2023/7/18 8:00,0.052,3.553,,,,,,,,,,,
2023/7/18 9:00,0.065,3.806,,,,,,,,,,,
2023/7/18 10:00,0.144,4.928,,,,,,,,,,,
2023/7/18 11:00,0.344,6.721,,,,,,,,,,,
2023/7/18 12:00,0.575,8.41,,,,,,,,,,,
2023/7/18 13:00,0.671,9.18,,,,,,,,,,,
2023/7/18 14:00,0.712,9.537,,,,,,,,,,,
2023/7/18 15:00,0.7,9.419,,,,,,,,,,,
2023/7/18 16:00,0.679,9.236,,,,,,,,,,,
2023/7/18 17:00,0.657,9.056,,,,,,,,,,,
2023/7/18 18:00,0.624,8.78,,,,,,,,,,,
2023/7/18 19:00,0.587,8.497,,,,,,,,,,,
2023/7/18 20:00,0.577,8.421,,,,,,,,,,,
2023/7/18 21:00,0.396,7.101,,,,,,,,,,,
2023/7/18 22:00,0.161,5.123,,,,,,,,,,,
2023/7/18 23:00,0.183,5.351,,,,,,,,,,,
2023/7/19 0:00,0.184,5.357,,,,,,,,,,,
2023/7/19 1:00,0.04,3.297,,,,,,,,,,,
2023/7/19 2:00,0.001,1.397,,,,,,,,,,,
2023/7/19 3:00,0,0.289,,,,,,,,,,,
2023/7/19 4:00,0,0.333,,,,,,,,,,,
2023/7/19 5:00,0,0.45,,,,,,,,,,,
2023/7/19 6:00,0,0.546,,,,,,,,,,,
2023/7/19 7:00,0,1.15,,,,,,,,,,,
2023/7/19 8:00,0.008,2.122,,,,,,,,,,,
2023/7/19 9:00,0.042,3.343,,,,,,,,,,,
2023/7/19 10:00,0.157,5.082,,,,,,,,,,,
2023/7/19 11:00,0.31,6.453,,,,,,,,,,,
2023/7/19 12:00,0.355,6.8,,,,,,,,,,,
2023/7/19 13:00,0.31,6.454,,,,,,,,,,,
2023/7/19 14:00,0.256,6.009,,,,,,,,,,,
2023/7/19 15:00,0.181,5.332,,,,,,,,,,,
2023/7/19 16:00,0.139,4.867,,,,,,,,,,,
2023/7/19 17:00,0.13,4.763,,,,,,,,,,,
2023/7/19 18:00,0.176,5.274,,,,,,,,,,,
2023/7/19 19:00,0.211,5.624,,,,,,,,,,,
2023/7/19 20:00,0.201,5.526,,,,,,,,,,,
2023/7/19 21:00,0.145,4.947,,,,,,,,,,,
2023/7/19 22:00,0.064,3.799,,,,,,,,,,,
2023/7/19 23:00,0.063,3.78,,,,,,,,,,,
2023/7/20 0:00,0.037,3.202,,,,,,,,,,,
2023/7/20 1:00,0.013,2.405,,,,,,,,,,,
2023/7/20 2:00,0.003,1.65,,,,,,,,,,,
2023/7/20 3:00,0.001,1.361,,,,,,,,,,,
2023/7/20 4:00,0.003,1.737,,,,,,,,,,,
2023/7/20 5:00,0.008,2.125,,,,,,,,,,,
2023/7/20 6:00,0.035,3.17,,,,,,,,,,,
2023/7/20 7:00,0.079,4.052,,,,,,,,,,,
2023/7/20 8:00,0.134,4.808,,,,,,,,,,,
2023/7/20 9:00,0.176,5.273,,,,,,,,,,,
2023/7/20 10:00,0.227,5.765,,,,,,,,,,,
2023/7/20 11:00,0.284,6.253,,,,,,,,,,,
2023/7/20 12:00,0.331,6.614,,,,,,,,,,,
2023/7/20 13:00,0.336,6.657,,,,,,,,,,,
2023/7/20 14:00,0.315,6.495,,,,,,,,,,,
2023/7/20 15:00,0.314,6.485,,,,,,,,,,,
2023/7/20 16:00,0.295,6.331,,,,,,,,,,,
2023/7/20 17:00,0.264,6.089,,,,,,,,,,,
2023/7/20 18:00,0.212,5.633,,,,,,,,,,,
2023/7/20 19:00,0.153,5.031,,,,,,,,,,,
2023/7/20 20:00,0.111,4.521,,,,,,,,,,,
2023/7/20 21:00,0.071,3.912,,,,,,,,,,,
2023/7/20 22:00,0.05,3.512,,,,,,,,,,,
2023/7/20 23:00,0.097,4.328,,,,,,,,,,,
2023/7/21 0:00,0.171,5.229,,,,,,,,,,,
2023/7/21 1:00,0.273,6.163,,,,,,,,,,,
2023/7/21 2:00,0.386,7.033,,,,,,,,,,,
2023/7/21 3:00,0.5,7.861,,,,,,,,,,,
2023/7/21 4:00,0.585,8.486,,,,,,,,,,,
2023/7/21 5:00,0.636,8.89,,,,,,,,,,,
2023/7/21 6:00,0.666,9.135,,,,,,,,,,,
2023/7/21 7:00,0.655,9.035,,,,,,,,,,,
2023/7/21 8:00,0.692,9.361,,,,,,,,,,,
2023/7/21 9:00,0.722,9.633,,,,,,,,,,,
2023/7/21 10:00,0.655,9.032,,,,,,,,,,,
2023/7/21 11:00,0.501,7.864,,,,,,,,,,,
2023/7/21 12:00,0.349,6.749,,,,,,,,,,,
2023/7/21 13:00,0.235,5.838,,,,,,,,,,,
2023/7/21 14:00,0.152,5.024,,,,,,,,,,,
2023/7/21 15:00,0.134,4.812,,,,,,,,,,,
2023/7/21 16:00,0.149,4.995,,,,,,,,,,,
2023/7/21 17:00,0.17,5.214,,,,,,,,,,,
2023/7/21 18:00,0.169,5.207,,,,,,,,,,,
2023/7/21 19:00,0.151,5.014,,,,,,,,,,,
2023/7/21 20:00,0.128,4.746,,,,,,,,,,,
2023/7/21 21:00,0.081,4.095,,,,,,,,,,,
2023/7/21 22:00,0.065,3.809,,,,,,,,,,,
2023/7/21 23:00,0.089,4.218,,,,,,,,,,,
2023/7/22 0:00,0.158,5.092,,,,,,,,,,,
2023/7/22 1:00,0.177,5.285,,,,,,,,,,,
2023/7/22 2:00,0.166,5.173,,,,,,,,,,,
2023/7/22 3:00,0.153,5.027,,,,,,,,,,,
2023/7/22 4:00,0.128,4.738,,,,,,,,,,,
2023/7/22 5:00,0.134,4.819,,,,,,,,,,,
2023/7/22 6:00,0.154,5.039,,,,,,,,,,,
2023/7/22 7:00,0.188,5.403,,,,,,,,,,,
2023/7/22 8:00,0.293,6.324,,,,,,,,,,,
2023/7/22 9:00,0.456,7.541,,,,,,,,,,,
2023/7/22 10:00,0.491,7.791,,,,,,,,,,,
2023/7/22 11:00,0.45,7.49,,,,,,,,,,,
2023/7/22 12:00,0.502,7.868,,,,,,,,,,,
2023/7/22 13:00,0.561,8.309,,,,,,,,,,,
2023/7/22 14:00,0.594,8.547,,,,,,,,,,,
2023/7/22 15:00,0.624,8.781,,,,,,,,,,,
2023/7/22 16:00,0.655,9.035,,,,,,,,,,,
2023/7/22 17:00,0.656,9.045,,,,,,,,,,,
2023/7/22 18:00,0.677,9.23,,,,,,,,,,,
2023/7/22 19:00,0.665,9.123,,,,,,,,,,,
2023/7/22 20:00,0.641,8.928,,,,,,,,,,,
2023/7/22 21:00,0.568,8.351,,,,,,,,,,,
2023/7/22 22:00,0.559,8.293,,,,,,,,,,,
2023/7/22 23:00,0.677,9.227,,,,,,,,,,,
2023/7/23 0:00,0.627,8.817,,,,,,,,,,,
2023/7/23 1:00,0.504,7.887,,,,,,,,,,,
2023/7/23 2:00,0.365,6.873,,,,,,,,,,,
2023/7/23 3:00,0.239,5.872,,,,,,,,,,,
2023/7/23 4:00,0.149,4.994,,,,,,,,,,,
2023/7/23 5:00,0.096,4.321,,,,,,,,,,,
2023/7/23 6:00,0.067,3.844,,,,,,,,,,,
2023/7/23 7:00,0.043,3.352,,,,,,,,,,,
2023/7/23 8:00,0.022,2.78,,,,,,,,,,,
2023/7/23 9:00,0.012,2.351,,,,,,,,,,,
2023/7/23 10:00,0.027,2.943,,,,,,,,,,,
2023/7/23 11:00,0.081,4.094,,,,,,,,,,,
2023/7/23 12:00,0.104,4.436,,,,,,,,,,,
2023/7/23 13:00,0.085,4.138,,,,,,,,,,,
2023/7/23 14:00,0.06,3.713,,,,,,,,,,,
2023/7/23 15:00,0.032,3.075,,,,,,,,,,,
2023/7/23 16:00,0.015,2.522,,,,,,,,,,,
2023/7/23 17:00,0.016,2.55,,,,,,,,,,,
2023/7/23 18:00,0.039,3.272,,,,,,,,,,,
2023/7/23 19:00,0.07,3.904,,,,,,,,,,,
2023/7/23 20:00,0.081,4.084,,,,,,,,,,,
2023/7/23 21:00,0.056,3.636,,,,,,,,,,,
2023/7/23 22:00,0.016,2.546,,,,,,,,,,,
2023/7/23 23:00,0.018,2.621,,,,,,,,,,,
2023/7/24 0:00,0.041,3.325,,,,,,,,,,,
2023/7/24 1:00,0.054,3.61,,,,,,,,,,,
2023/7/24 2:00,0.055,3.618,,,,,,,,,,,
2023/7/24 3:00,0.048,3.456,,,,,,,,,,,
2023/7/24 4:00,0.033,3.118,,,,,,,,,,,
2023/7/24 5:00,0.026,2.926,,,,,,,,,,,
2023/7/24 6:00,0.026,2.901,,,,,,,,,,,
2023/7/24 7:00,0.028,2.953,,,,,,,,,,,
2023/7/24 8:00,0.031,3.048,,,,,,,,,,,
2023/7/24 9:00,0.056,3.651,,,,,,,,,,,
2023/7/24 10:00,0.101,4.384,,,,,,,,,,,
2023/7/24 11:00,0.188,5.4,,,,,,,,,,,
2023/7/24 12:00,0.25,5.96,,,,,,,,,,,
2023/7/24 13:00,0.239,5.877,,,,,,,,,,,
2023/7/24 14:00,0.255,6.007,,,,,,,,,,,
2023/7/24 15:00,0.289,6.292,,,,,,,,,,,
2023/7/24 16:00,0.267,6.107,,,,,,,,,,,
2023/7/24 17:00,0.261,6.065,,,,,,,,,,,
2023/7/24 18:00,0.267,6.117,,,,,,,,,,,
2023/7/24 19:00,0.246,5.934,,,,,,,,,,,
2023/7/24 20:00,0.227,5.765,,,,,,,,,,,
2023/7/24 21:00,0.181,5.324,,,,,,,,,,,
2023/7/24 22:00,0.084,4.124,,,,,,,,,,,
2023/7/24 23:00,0.058,3.684,,,,,,,,,,,
2023/7/25 0:00,0.036,3.188,,,,,,,,,,,
2023/7/25 1:00,0.016,2.561,,,,,,,,,,,
2023/7/25 2:00,0.004,1.79,,,,,,,,,,,
2023/7/25 3:00,0.001,1.301,,,,,,,,,,,
2023/7/25 4:00,0,0.973,,,,,,,,,,,
2023/7/25 5:00,0,0.799,,,,,,,,,,,
2023/7/25 6:00,0.001,1.445,,,,,,,,,,,
2023/7/25 7:00,0.015,2.499,,,,,,,,,,,
2023/7/25 8:00,0.073,3.953,,,,,,,,,,,
2023/7/25 9:00,0.212,5.63,,,,,,,,,,,
2023/7/25 10:00,0.378,6.976,,,,,,,,,,,
2023/7/25 11:00,0.518,7.985,,,,,,,,,,,
2023/7/25 12:00,0.621,8.761,,,,,,,,,,,
2023/7/25 13:00,0.641,8.93,,,,,,,,,,,
2023/7/25 14:00,0.625,8.795,,,,,,,,,,,
2023/7/25 15:00,0.551,8.231,,,,,,,,,,,
2023/7/25 16:00,0.514,7.961,,,,,,,,,,,
2023/7/25 17:00,0.493,7.807,,,,,,,,,,,
2023/7/25 18:00,0.475,7.674,,,,,,,,,,,
2023/7/25 19:00,0.457,7.546,,,,,,,,,,,
2023/7/25 20:00,0.431,7.357,,,,,,,,,,,
2023/7/25 21:00,0.347,6.735,,,,,,,,,,,
2023/7/25 22:00,0.211,5.626,,,,,,,,,,,
2023/7/25 23:00,0.241,5.893,,,,,,,,,,,
2023/7/26 0:00,0.184,5.358,,,,,,,,,,,
2023/7/26 1:00,0.146,4.957,,,,,,,,,,,
2023/7/26 2:00,0.171,5.224,,,,,,,,,,,
2023/7/26 3:00,0.223,5.732,,,,,,,,,,,
2023/7/26 4:00,0.27,6.138,,,,,,,,,,,
2023/7/26 5:00,0.318,6.522,,,,,,,,,,,
2023/7/26 6:00,0.381,6.992,,,,,,,,,,,
2023/7/26 7:00,0.455,7.527,,,,,,,,,,,
2023/7/26 8:00,0.537,8.128,,,,,,,,,,,
2023/7/26 9:00,0.568,8.349,,,,,,,,,,,
2023/7/26 10:00,0.625,8.795,,,,,,,,,,,
2023/7/26 11:00,0.734,9.743,,,,,,,,,,,
2023/7/26 12:00,0.734,9.738,,,,,,,,,,,
2023/7/26 13:00,0.662,9.105,,,,,,,,,,,
2023/7/26 14:00,0.575,8.41,,,,,,,,,,,
2023/7/26 15:00,0.559,8.284,,,,,,,,,,,
2023/7/26 16:00,0.564,8.321,,,,,,,,,,,
2023/7/26 17:00,0.619,8.745,,,,,,,,,,,
2023/7/26 18:00,0.607,8.649,,,,,,,,,,,
2023/7/26 19:00,0.565,8.336,,,,,,,,,,,
2023/7/26 20:00,0.505,7.894,,,,,,,,,,,
2023/7/26 21:00,0.465,7.606,,,,,,,,,,,
2023/7/26 22:00,0.406,7.175,,,,,,,,,,,
2023/7/26 23:00,0.433,7.368,,,,,,,,,,,
2023/7/27 0:00,0.599,8.599,,,,,,,,,,,
2023/7/27 1:00,0.625,8.795,,,,,,,,,,,
2023/7/27 2:00,0.547,8.2,,,,,,,,,,,
2023/7/27 3:00,0.473,7.653,,,,,,,,,,,
2023/7/27 4:00,0.377,6.963,,,,,,,,,,,
2023/7/27 5:00,0.253,5.993,,,,,,,,,,,
2023/7/27 6:00,0.229,5.779,,,,,,,,,,,
2023/7/27 7:00,0.221,5.701,,,,,,,,,,,
2023/7/27 8:00,0.245,5.927,,,,,,,,,,,
2023/7/27 9:00,0.406,7.176,,,,,,,,,,,
2023/7/27 10:00,0.598,8.581,,,,,,,,,,,
2023/7/27 11:00,0.641,8.917,,,,,,,,,,,
2023/7/27 12:00,0.572,8.39,,,,,,,,,,,
2023/7/27 13:00,0.488,7.765,,,,,,,,,,,
2023/7/27 14:00,0.421,7.291,,,,,,,,,,,
2023/7/27 15:00,0.468,7.628,,,,,,,,,,,
2023/7/27 16:00,0.612,8.692,,,,,,,,,,,
2023/7/27 17:00,0.592,8.541,,,,,,,,,,,
2023/7/27 18:00,0.504,7.889,,,,,,,,,,,
2023/7/27 19:00,0.497,7.839,,,,,,,,,,,
2023/7/27 20:00,0.488,7.772,,,,,,,,,,,
2023/7/27 21:00,0.411,7.216,,,,,,,,,,,
2023/7/27 22:00,0.246,5.931,,,,,,,,,,,
2023/7/27 23:00,0.112,4.533,,,,,,,,,,,
2023/7/28 0:00,0.15,5.004,,,,,,,,,,,
2023/7/28 1:00,0.155,5.048,,,,,,,,,,,
2023/7/28 2:00,0.17,5.213,,,,,,,,,,,
2023/7/28 3:00,0.195,5.468,,,,,,,,,,,
2023/7/28 4:00,0.234,5.831,,,,,,,,,,,
2023/7/28 5:00,0.294,6.327,,,,,,,,,,,
2023/7/28 6:00,0.344,6.711,,,,,,,,,,,
2023/7/28 7:00,0.39,7.061,,,,,,,,,,,
2023/7/28 8:00,0.399,7.128,,,,,,,,,,,
2023/7/28 9:00,0.327,6.585,,,,,,,,,,,
2023/7/28 10:00,0.394,7.083,,,,,,,,,,,
2023/7/28 11:00,0.525,8.037,,,,,,,,,,,
2023/7/28 12:00,0.534,8.1,,,,,,,,,,,
2023/7/28 13:00,0.52,8.002,,,,,,,,,,,
2023/7/28 14:00,0.499,7.846,,,,,,,,,,,
2023/7/28 15:00,0.502,7.867,,,,,,,,,,,
2023/7/28 16:00,0.49,7.788,,,,,,,,,,,
2023/7/28 17:00,0.476,7.683,,,,,,,,,,,
2023/7/28 18:00,0.462,7.578,,,,,,,,,,,
2023/7/28 19:00,0.433,7.367,,,,,,,,,,,
2023/7/28 20:00,0.394,7.083,,,,,,,,,,,
2023/7/28 21:00,0.305,6.414,,,,,,,,,,,
2023/7/28 22:00,0.169,5.207,,,,,,,,,,,
2023/7/28 23:00,0.112,4.53,,,,,,,,,,,
2023/7/29 0:00,0.154,5.034,,,,,,,,,,,
2023/7/29 1:00,0.128,4.738,,,,,,,,,,,
2023/7/29 2:00,0.119,4.619,,,,,,,,,,,
2023/7/29 3:00,0.164,5.158,,,,,,,,,,,
2023/7/29 4:00,0.236,5.85,,,,,,,,,,,
2023/7/29 5:00,0.288,6.283,,,,,,,,,,,
2023/7/29 6:00,0.33,6.61,,,,,,,,,,,
2023/7/29 7:00,0.369,6.906,,,,,,,,,,,
2023/7/29 8:00,0.409,7.204,,,,,,,,,,,
2023/7/29 9:00,0.437,7.397,,,,,,,,,,,
2023/7/29 10:00,0.538,8.138,,,,,,,,,,,
2023/7/29 11:00,0.627,8.819,,,,,,,,,,,
2023/7/29 12:00,0.619,8.745,,,,,,,,,,,
2023/7/29 13:00,0.564,8.322,,,,,,,,,,,
2023/7/29 14:00,0.529,8.071,,,,,,,,,,,
2023/7/29 15:00,0.497,7.84,,,,,,,,,,,
2023/7/29 16:00,0.457,7.547,,,,,,,,,,,
2023/7/29 17:00,0.418,7.265,,,,,,,,,,,
2023/7/29 18:00,0.389,7.058,,,,,,,,,,,
2023/7/29 19:00,0.371,6.917,,,,,,,,,,,
2023/7/29 20:00,0.399,7.129,,,,,,,,,,,
2023/7/29 21:00,0.405,7.167,,,,,,,,,,,
2023/7/29 22:00,0.34,6.686,,,,,,,,,,,
2023/7/29 23:00,0.278,6.199,,,,,,,,,,,
2023/7/30 0:00,0.26,6.046,,,,,,,,,,,
2023/7/30 1:00,0.219,5.692,,,,,,,,,,,
2023/7/30 2:00,0.182,5.345,,,,,,,,,,,
2023/7/30 3:00,0.136,4.835,,,,,,,,,,,
2023/7/30 4:00,0.094,4.277,,,,,,,,,,,
2023/7/30 5:00,0.089,4.211,,,,,,,,,,,
2023/7/30 6:00,0.127,4.734,,,,,,,,,,,
2023/7/30 7:00,0.208,5.598,,,,,,,,,,,
2023/7/30 8:00,0.297,6.349,,,,,,,,,,,
2023/7/30 9:00,0.344,6.711,,,,,,,,,,,
2023/7/30 10:00,0.353,6.791,,,,,,,,,,,
2023/7/30 11:00,0.381,6.987,,,,,,,,,,,
2023/7/30 12:00,0.384,7.013,,,,,,,,,,,
2023/7/30 13:00,0.363,6.854,,,,,,,,,,,
2023/7/30 14:00,0.329,6.6,,,,,,,,,,,
2023/7/30 15:00,0.298,6.364,,,,,,,,,,,
2023/7/30 16:00,0.262,6.072,,,,,,,,,,,
2023/7/30 17:00,0.223,5.733,,,,,,,,,,,
2023/7/30 18:00,0.179,5.305,,,,,,,,,,,
2023/7/30 19:00,0.149,4.986,,,,,,,,,,,
2023/7/30 20:00,0.142,4.911,,,,,,,,,,,
2023/7/30 21:00,0.117,4.603,,,,,,,,,,,
2023/7/30 22:00,0.065,3.805,,,,,,,,,,,
2023/7/30 23:00,0.07,3.901,,,,,,,,,,,
2023/7/31 0:00,0.057,3.662,,,,,,,,,,,
2023/7/31 1:00,0.056,3.637,,,,,,,,,,,
2023/7/31 2:00,0.078,4.044,,,,,,,,,,,
2023/7/31 3:00,0.115,4.58,,,,,,,,,,,
2023/7/31 4:00,0.159,5.1,,,,,,,,,,,
2023/7/31 5:00,0.192,5.44,,,,,,,,,,,
2023/7/31 6:00,0.222,5.725,,,,,,,,,,,
2023/7/31 7:00,0.261,6.055,,,,,,,,,,,
2023/7/31 8:00,0.29,6.3,,,,,,,,,,,
2023/7/31 9:00,0.308,6.438,,,,,,,,,,,
2023/7/31 10:00,0.318,6.523,,,,,,,,,,,
2023/7/31 11:00,0.335,6.652,,,,,,,,,,,
2023/7/31 12:00,0.363,6.855,,,,,,,,,,,
2023/7/31 13:00,0.366,6.882,,,,,,,,,,,
2023/7/31 14:00,0.35,6.757,,,,,,,,,,,
2023/7/31 15:00,0.306,6.418,,,,,,,,,,,
2023/7/31 16:00,0.258,6.03,,,,,,,,,,,
2023/7/31 17:00,0.24,5.885,,,,,,,,,,,
2023/7/31 18:00,0.238,5.865,,,,,,,,,,,
2023/7/31 19:00,0.241,5.892,,,,,,,,,,,
2023/7/31 20:00,0.241,5.888,,,,,,,,,,,
2023/7/31 21:00,0.222,5.725,,,,,,,,,,,
2023/7/31 22:00,0.205,5.552,,,,,,,,,,,
2023/7/31 23:00,0.384,7.02,,,,,,,,,,,
2023/8/1 0:00,0.522,8.013,,,,,,,,,,,
2023/8/1 1:00,0.537,8.125,,,,,,,,,,,
2023/8/1 2:00,0.541,8.153,,,,,,,,,,,
2023/8/1 3:00,0.545,8.192,,,,,,,,,,,
2023/8/1 4:00,0.564,8.319,,,,,,,,,,,
2023/8/1 5:00,0.568,8.352,,,,,,,,,,,
2023/8/1 6:00,0.591,8.527,,,,,,,,,,,
2023/8/1 7:00,0.646,8.97,,,,,,,,,,,
2023/8/1 8:00,0.734,9.742,,,,,,,,,,,
2023/8/1 9:00,0.785,10.281,,,,,,,,,,,
2023/8/1 10:00,0.769,10.096,,,,,,,,,,,
2023/8/1 11:00,0.713,9.548,,,,,,,,,,,
2023/8/1 12:00,0.641,8.931,,,,,,,,,,,
2023/8/1 13:00,0.607,8.655,,,,,,,,,,,
2023/8/1 14:00,0.565,8.34,,,,,,,,,,,
2023/8/1 15:00,0.574,8.397,,,,,,,,,,,
2023/8/1 16:00,0.596,8.567,,,,,,,,,,,
2023/8/1 17:00,0.615,8.712,,,,,,,,,,,
2023/8/1 18:00,0.639,8.906,,,,,,,,,,,
2023/8/1 19:00,0.645,8.962,,,,,,,,,,,
2023/8/1 20:00,0.649,8.987,,,,,,,,,,,
2023/8/1 21:00,0.616,8.724,,,,,,,,,,,
2023/8/1 22:00,0.685,9.3,,,,,,,,,,,
2023/8/1 23:00,0.876,11.526,,,,,,,,,,,
2023/8/2 0:00,0.894,11.867,,,,,,,,,,,
2023/8/2 1:00,0.834,10.882,,,,,,,,,,,
2023/8/2 2:00,0.7,9.43,,,,,,,,,,,
2023/8/2 3:00,0.559,8.291,,,,,,,,,,,
2023/8/2 4:00,0.49,7.789,,,,,,,,,,,
2023/8/2 5:00,0.495,7.821,,,,,,,,,,,
2023/8/2 6:00,0.541,8.161,,,,,,,,,,,
2023/8/2 7:00,0.592,8.536,,,,,,,,,,,
2023/8/2 8:00,0.634,8.871,,,,,,,,,,,
2023/8/2 9:00,0.69,9.34,,,,,,,,,,,
2023/8/2 10:00,0.729,9.693,,,,,,,,,,,
2023/8/2 11:00,0.77,10.099,,,,,,,,,,,
2023/8/2 12:00,0.785,10.275,,,,,,,,,,,
2023/8/2 13:00,0.788,10.307,,,,,,,,,,,
2023/8/2 14:00,0.786,10.285,,,,,,,,,,,
2023/8/2 15:00,0.764,10.047,,,,,,,,,,,
2023/8/2 16:00,0.734,9.743,,,,,,,,,,,
2023/8/2 17:00,0.72,9.617,,,,,,,,,,,
2023/8/2 18:00,0.7,9.428,,,,,,,,,,,
2023/8/2 19:00,0.689,9.334,,,,,,,,,,,
2023/8/2 20:00,0.697,9.396,,,,,,,,,,,
2023/8/2 21:00,0.679,9.239,,,,,,,,,,,
2023/8/2 22:00,0.683,9.276,,,,,,,,,,,
2023/8/2 23:00,0.792,10.353,,,,,,,,,,,
2023/8/3 0:00,0.805,10.51,,,,,,,,,,,
2023/8/3 1:00,0.748,9.889,,,,,,,,,,,
2023/8/3 2:00,0.685,9.295,,,,,,,,,,,
2023/8/3 3:00,0.696,9.391,,,,,,,,,,,
2023/8/3 4:00,0.751,9.914,,,,,,,,,,,
2023/8/3 5:00,0.792,10.349,,,,,,,,,,,
2023/8/3 6:00,0.794,10.375,,,,,,,,,,,
2023/8/3 7:00,0.749,9.895,,,,,,,,,,,
2023/8/3 8:00,0.689,9.33,,,,,,,,,,,
2023/8/3 9:00,0.632,8.856,,,,,,,,,,,
2023/8/3 10:00,0.612,8.686,,,,,,,,,,,
2023/8/3 11:00,0.58,8.442,,,,,,,,,,,
2023/8/3 12:00,0.527,8.05,,,,,,,,,,,
2023/8/3 13:00,0.476,7.684,,,,,,,,,,,
2023/8/3 14:00,0.484,7.738,,,,,,,,,,,
2023/8/3 15:00,0.481,7.724,,,,,,,,,,,
2023/8/3 16:00,0.466,7.608,,,,,,,,,,,
2023/8/3 17:00,0.445,7.461,,,,,,,,,,,
2023/8/3 18:00,0.437,7.395,,,,,,,,,,,
2023/8/3 19:00,0.406,7.178,,,,,,,,,,,
2023/8/3 20:00,0.389,7.055,,,,,,,,,,,
2023/8/3 21:00,0.372,6.927,,,,,,,,,,,
2023/8/3 22:00,0.275,6.175,,,,,,,,,,,
2023/8/3 23:00,0.236,5.85,,,,,,,,,,,
2023/8/4 0:00,0.181,5.321,,,,,,,,,,,
2023/8/4 1:00,0.185,5.368,,,,,,,,,,,
2023/8/4 2:00,0.214,5.649,,,,,,,,,,,
2023/8/4 3:00,0.181,5.332,,,,,,,,,,,
2023/8/4 4:00,0.114,4.569,,,,,,,,,,,
2023/8/4 5:00,0.085,4.134,,,,,,,,,,,
2023/8/4 6:00,0.102,4.394,,,,,,,,,,,
2023/8/4 7:00,0.151,5.011,,,,,,,,,,,
2023/8/4 8:00,0.18,5.314,,,,,,,,,,,
2023/8/4 9:00,0.134,4.816,,,,,,,,,,,
2023/8/4 10:00,0.08,4.071,,,,,,,,,,,
2023/8/4 11:00,0.051,3.535,,,,,,,,,,,
2023/8/4 12:00,0.019,2.657,,,,,,,,,,,
2023/8/4 13:00,0.025,2.876,,,,,,,,,,,
2023/8/4 14:00,0.074,3.972,,,,,,,,,,,
2023/8/4 15:00,0.201,5.525,,,,,,,,,,,
2023/8/4 16:00,0.378,6.977,,,,,,,,,,,
2023/8/4 17:00,0.387,7.038,,,,,,,,,,,
2023/8/4 18:00,0.333,6.634,,,,,,,,,,,
2023/8/4 19:00,0.28,6.215,,,,,,,,,,,
2023/8/4 20:00,0.311,6.458,,,,,,,,,,,
2023/8/4 21:00,0.453,7.508,,,,,,,,,,,
2023/8/4 22:00,0.725,9.65,,,,,,,,,,,
2023/8/4 23:00,0.71,9.514,,,,,,,,,,,
2023/8/5 0:00,0.644,8.956,,,,,,,,,,,
2023/8/5 1:00,0.674,9.195,,,,,,,,,,,
2023/8/5 2:00,0.642,8.933,,,,,,,,,,,
2023/8/5 3:00,0.565,8.334,,,,,,,,,,,
2023/8/5 4:00,0.516,7.973,,,,,,,,,,,
2023/8/5 5:00,0.453,7.513,,,,,,,,,,,
2023/8/5 6:00,0.379,6.981,,,,,,,,,,,
2023/8/5 7:00,0.323,6.563,,,,,,,,,,,
2023/8/5 8:00,0.28,6.211,,,,,,,,,,,
2023/8/5 9:00,0.258,6.032,,,,,,,,,,,
2023/8/5 10:00,0.295,6.329,,,,,,,,,,,
2023/8/5 11:00,0.421,7.291,,,,,,,,,,,
2023/8/5 12:00,0.45,7.492,,,,,,,,,,,
2023/8/5 13:00,0.36,6.842,,,,,,,,,,,
2023/8/5 14:00,0.267,6.107,,,,,,,,,,,
2023/8/5 15:00,0.21,5.608,,,,,,,,,,,
2023/8/5 16:00,0.142,4.907,,,,,,,,,,,
2023/8/5 17:00,0.095,4.303,,,,,,,,,,,
2023/8/5 18:00,0.092,4.257,,,,,,,,,,,
2023/8/5 19:00,0.127,4.727,,,,,,,,,,,
2023/8/5 20:00,0.181,5.325,,,,,,,,,,,
2023/8/5 21:00,0.206,5.564,,,,,,,,,,,
2023/8/5 22:00,0.475,7.67,,,,,,,,,,,
2023/8/5 23:00,0.601,8.614,,,,,,,,,,,
2023/8/6 0:00,0.571,8.383,,,,,,,,,,,
2023/8/6 1:00,0.49,7.788,,,,,,,,,,,
2023/8/6 2:00,0.407,7.182,,,,,,,,,,,
2023/8/6 3:00,0.339,6.673,,,,,,,,,,,
2023/8/6 4:00,0.286,6.26,,,,,,,,,,,
2023/8/6 5:00,0.256,6.014,,,,,,,,,,,
2023/8/6 6:00,0.241,5.891,,,,,,,,,,,
2023/8/6 7:00,0.244,5.917,,,,,,,,,,,
2023/8/6 8:00,0.261,6.051,,,,,,,,,,,
2023/8/6 9:00,0.294,6.326,,,,,,,,,,,
2023/8/6 10:00,0.356,6.809,,,,,,,,,,,
2023/8/6 11:00,0.419,7.271,,,,,,,,,,,
2023/8/6 12:00,0.347,6.734,,,,,,,,,,,
2023/8/6 13:00,0.226,5.762,,,,,,,,,,,
2023/8/6 14:00,0.15,5.001,,,,,,,,,,,
2023/8/6 15:00,0.114,4.572,,,,,,,,,,,
2023/8/6 16:00,0.095,4.307,,,,,,,,,,,
2023/8/6 17:00,0.078,4.046,,,,,,,,,,,
2023/8/6 18:00,0.065,3.811,,,,,,,,,,,
2023/8/6 19:00,0.057,3.658,,,,,,,,,,,
2023/8/6 20:00,0.056,3.623,,,,,,,,,,,
2023/8/6 21:00,0.045,3.411,,,,,,,,,,,
2023/8/6 22:00,0.048,3.472,,,,,,,,,,,
2023/8/6 23:00,0.04,3.302,,,,,,,,,,,
2023/8/7 0:00,0.024,2.86,,,,,,,,,,,
2023/8/7 1:00,0.009,2.208,,,,,,,,,,,
2023/8/7 2:00,0.003,1.742,,,,,,,,,,,
2023/8/7 3:00,0,0.709,,,,,,,,,,,
2023/8/7 4:00,0,0.729,,,,,,,,,,,
2023/8/7 5:00,0,0.745,,,,,,,,,,,
2023/8/7 6:00,0,1.018,,,,,,,,,,,
2023/8/7 7:00,0.008,2.144,,,,,,,,,,,
2023/8/7 8:00,0.044,3.379,,,,,,,,,,,
2023/8/7 9:00,0.127,4.735,,,,,,,,,,,
2023/8/7 10:00,0.286,6.266,,,,,,,,,,,
2023/8/7 11:00,0.449,7.484,,,,,,,,,,,
2023/8/7 12:00,0.431,7.356,,,,,,,,,,,
2023/8/7 13:00,0.343,6.707,,,,,,,,,,,
2023/8/7 14:00,0.241,5.895,,,,,,,,,,,
2023/8/7 15:00,0.171,5.23,,,,,,,,,,,
2023/8/7 16:00,0.151,5.015,,,,,,,,,,,
2023/8/7 17:00,0.15,5,,,,,,,,,,,
2023/8/7 18:00,0.157,5.066,,,,,,,,,,,
2023/8/7 19:00,0.161,5.122,,,,,,,,,,,
2023/8/7 20:00,0.169,5.209,,,,,,,,,,,
2023/8/7 21:00,0.113,4.537,,,,,,,,,,,
2023/8/7 22:00,0.076,4.012,,,,,,,,,,,
2023/8/7 23:00,0.057,3.66,,,,,,,,,,,
2023/8/8 0:00,0.032,3.098,,,,,,,,,,,
2023/8/8 1:00,0.023,2.822,,,,,,,,,,,
2023/8/8 2:00,0.019,2.664,,,,,,,,,,,
2023/8/8 3:00,0.014,2.488,,,,,,,,,,,
2023/8/8 4:00,0.017,2.581,,,,,,,,,,,
2023/8/8 5:00,0.024,2.86,,,,,,,,,,,
2023/8/8 6:00,0.028,2.974,,,,,,,,,,,
2023/8/8 7:00,0.03,3.035,,,,,,,,,,,
2023/8/8 8:00,0.053,3.576,,,,,,,,,,,
2023/8/8 9:00,0.101,4.385,,,,,,,,,,,
2023/8/8 10:00,0.169,5.208,,,,,,,,,,,
2023/8/8 11:00,0.264,6.089,,,,,,,,,,,
2023/8/8 12:00,0.27,6.14,,,,,,,,,,,
2023/8/8 13:00,0.19,5.419,,,,,,,,,,,
2023/8/8 14:00,0.106,4.451,,,,,,,,,,,
2023/8/8 15:00,0.056,3.632,,,,,,,,,,,
2023/8/8 16:00,0.032,3.097,,,,,,,,,,,
2023/8/8 17:00,0.029,2.981,,,,,,,,,,,
2023/8/8 18:00,0.031,3.051,,,,,,,,,,,
2023/8/8 19:00,0.029,2.99,,,,,,,,,,,
2023/8/8 20:00,0.026,2.92,,,,,,,,,,,
2023/8/8 21:00,0.02,2.7,,,,,,,,,,,
2023/8/8 22:00,0.013,2.406,,,,,,,,,,,
2023/8/8 23:00,0.006,1.996,,,,,,,,,,,
2023/8/9 0:00,0.002,1.52,,,,,,,,,,,
2023/8/9 1:00,0.001,1.247,,,,,,,,,,,
2023/8/9 2:00,0.003,1.729,,,,,,,,,,,
2023/8/9 3:00,0.007,2.092,,,,,,,,,,,
2023/8/9 4:00,0.01,2.249,,,,,,,,,,,
2023/8/9 5:00,0.018,2.646,,,,,,,,,,,
2023/8/9 6:00,0.031,3.063,,,,,,,,,,,
2023/8/9 7:00,0.045,3.416,,,,,,,,,,,
2023/8/9 8:00,0.07,3.906,,,,,,,,,,,
2023/8/9 9:00,0.104,4.436,,,,,,,,,,,
2023/8/9 10:00,0.167,5.183,,,,,,,,,,,
2023/8/9 11:00,0.261,6.054,,,,,,,,,,,
2023/8/9 12:00,0.291,6.31,,,,,,,,,,,
2023/8/9 13:00,0.24,5.88,,,,,,,,,,,
2023/8/9 14:00,0.16,5.112,,,,,,,,,,,
2023/8/9 15:00,0.094,4.276,,,,,,,,,,,
2023/8/9 16:00,0.04,3.293,,,,,,,,,,,
2023/8/9 17:00,0.007,2.086,,,,,,,,,,,
2023/8/9 18:00,0.001,1.305,,,,,,,,,,,
2023/8/9 19:00,0.003,1.76,,,,,,,,,,,
2023/8/9 20:00,0.017,2.607,,,,,,,,,,,
2023/8/9 21:00,0.046,3.433,,,,,,,,,,,
2023/8/9 22:00,0.04,3.281,,,,,,,,,,,
2023/8/9 23:00,0.071,3.926,,,,,,,,,,,
2023/8/10 0:00,0.074,3.973,,,,,,,,,,,
2023/8/10 1:00,0.064,3.788,,,,,,,,,,,
2023/8/10 2:00,0.068,3.868,,,,,,,,,,,
2023/8/10 3:00,0.084,4.126,,,,,,,,,,,
2023/8/10 4:00,0.1,4.371,,,,,,,,,,,
2023/8/10 5:00,0.114,4.571,,,,,,,,,,,
2023/8/10 6:00,0.134,4.806,,,,,,,,,,,
2023/8/10 7:00,0.16,5.113,,,,,,,,,,,
2023/8/10 8:00,0.197,5.488,,,,,,,,,,,
2023/8/10 9:00,0.24,5.882,,,,,,,,,,,
2023/8/10 10:00,0.306,6.424,,,,,,,,,,,
2023/8/10 11:00,0.383,7.006,,,,,,,,,,,
2023/8/10 12:00,0.364,6.865,,,,,,,,,,,
2023/8/10 13:00,0.321,6.543,,,,,,,,,,,
2023/8/10 14:00,0.221,5.702,,,,,,,,,,,
2023/8/10 15:00,0.121,4.647,,,,,,,,,,,
2023/8/10 16:00,0.096,4.321,,,,,,,,,,,
2023/8/10 17:00,0.105,4.441,,,,,,,,,,,
2023/8/10 18:00,0.099,4.363,,,,,,,,,,,
2023/8/10 19:00,0.086,4.152,,,,,,,,,,,
2023/8/10 20:00,0.086,4.163,,,,,,,,,,,
2023/8/10 21:00,0.066,3.837,,,,,,,,,,,
2023/8/10 22:00,0.097,4.332,,,,,,,,,,,
2023/8/10 23:00,0.109,4.499,,,,,,,,,,,
2023/8/11 0:00,0.112,4.526,,,,,,,,,,,
2023/8/11 1:00,0.095,4.289,,,,,,,,,,,
2023/8/11 2:00,0.065,3.819,,,,,,,,,,,
2023/8/11 3:00,0.042,3.342,,,,,,,,,,,
2023/8/11 4:00,0.028,2.952,,,,,,,,,,,
2023/8/11 5:00,0.023,2.797,,,,,,,,,,,
2023/8/11 6:00,0.029,2.991,,,,,,,,,,,
2023/8/11 7:00,0.037,3.207,,,,,,,,,,,
2023/8/11 8:00,0.043,3.367,,,,,,,,,,,
2023/8/11 9:00,0.054,3.602,,,,,,,,,,,
2023/8/11 10:00,0.084,4.134,,,,,,,,,,,
2023/8/11 11:00,0.116,4.591,,,,,,,,,,,
2023/8/11 12:00,0.116,4.591,,,,,,,,,,,
2023/8/11 13:00,0.09,4.222,,,,,,,,,,,
2023/8/11 14:00,0.06,3.715,,,,,,,,,,,
2023/8/11 15:00,0.031,3.057,,,,,,,,,,,
2023/8/11 16:00,0.011,2.303,,,,,,,,,,,
2023/8/11 17:00,0.005,1.969,,,,,,,,,,,
2023/8/11 18:00,0.005,1.902,,,,,,,,,,,
2023/8/11 19:00,0.004,1.871,,,,,,,,,,,
2023/8/11 20:00,0.005,1.916,,,,,,,,,,,
2023/8/11 21:00,0.003,1.688,,,,,,,,,,,
2023/8/11 22:00,0,1.121,,,,,,,,,,,
2023/8/11 23:00,0,0.728,,,,,,,,,,,
2023/8/12 0:00,0.001,1.389,,,,,,,,,,,
2023/8/12 1:00,0.007,2.079,,,,,,,,,,,
2023/8/12 2:00,0.011,2.337,,,,,,,,,,,
2023/8/12 3:00,0.008,2.177,,,,,,,,,,,
2023/8/12 4:00,0.003,1.765,,,,,,,,,,,
2023/8/12 5:00,0.001,1.486,,,,,,,,,,,
2023/8/12 6:00,0.002,1.534,,,,,,,,,,,
2023/8/12 7:00,0.005,1.902,,,,,,,,,,,
2023/8/12 8:00,0.01,2.268,,,,,,,,,,,
2023/8/12 9:00,0.023,2.81,,,,,,,,,,,
2023/8/12 10:00,0.06,3.718,,,,,,,,,,,
2023/8/12 11:00,0.111,4.525,,,,,,,,,,,
2023/8/12 12:00,0.098,4.345,,,,,,,,,,,
2023/8/12 13:00,0.048,3.456,,,,,,,,,,,
2023/8/12 14:00,0.018,2.638,,,,,,,,,,,
2023/8/12 15:00,0.03,3.034,,,,,,,,,,,
2023/8/12 16:00,0.082,4.095,,,,,,,,,,,
2023/8/12 17:00,0.165,5.168,,,,,,,,,,,
2023/8/12 18:00,0.268,6.125,,,,,,,,,,,
2023/8/12 19:00,0.363,6.853,,,,,,,,,,,
2023/8/12 20:00,0.426,7.324,,,,,,,,,,,
2023/8/12 21:00,0.436,7.387,,,,,,,,,,,
2023/8/12 22:00,0.239,5.872,,,,,,,,,,,
2023/8/12 23:00,0.196,5.479,,,,,,,,,,,
2023/8/13 0:00,0.285,6.256,,,,,,,,,,,
2023/8/13 1:00,0.302,6.394,,,,,,,,,,,
2023/8/13 2:00,0.299,6.365,,,,,,,,,,,
2023/8/13 3:00,0.287,6.274,,,,,,,,,,,
2023/8/13 4:00,0.279,6.205,,,,,,,,,,,
2023/8/13 5:00,0.279,6.205,,,,,,,,,,,
2023/8/13 6:00,0.279,6.205,,,,,,,,,,,
2023/8/13 7:00,0.279,6.207,,,,,,,,,,,
2023/8/13 8:00,0.278,6.204,,,,,,,,,,,
2023/8/13 9:00,0.25,5.96,,,,,,,,,,,
2023/8/13 10:00,0.221,5.708,,,,,,,,,,,
2023/8/13 11:00,0.209,5.601,,,,,,,,,,,
2023/8/13 12:00,0.148,4.979,,,,,,,,,,,
2023/8/13 13:00,0.072,3.933,,,,,,,,,,,
2023/8/13 14:00,0.027,2.94,,,,,,,,,,,
2023/8/13 15:00,0.013,2.443,,,,,,,,,,,
2023/8/13 16:00,0.015,2.507,,,,,,,,,,,
2023/8/13 17:00,0.032,3.09,,,,,,,,,,,
2023/8/13 18:00,0.061,3.73,,,,,,,,,,,
2023/8/13 19:00,0.095,4.298,,,,,,,,,,,
2023/8/13 20:00,0.116,4.588,,,,,,,,,,,
2023/8/13 21:00,0.126,4.714,,,,,,,,,,,
2023/8/13 22:00,0.101,4.379,,,,,,,,,,,
2023/8/13 23:00,0.024,2.838,,,,,,,,,,,
2023/8/14 0:00,0.006,1.994,,,,,,,,,,,
2023/8/14 1:00,0.002,1.523,,,,,,,,,,,
2023/8/14 2:00,0.001,1.234,,,,,,,,,,,
2023/8/14 3:00,0,1.092,,,,,,,,,,,
2023/8/14 4:00,0,0.723,,,,,,,,,,,
2023/8/14 5:00,0,0.631,,,,,,,,,,,
2023/8/14 6:00,0,0.977,,,,,,,,,,,
2023/8/14 7:00,0.002,1.585,,,,,,,,,,,
2023/8/14 8:00,0.007,2.085,,,,,,,,,,,
2023/8/14 9:00,0.039,3.27,,,,,,,,,,,
2023/8/14 10:00,0.237,5.857,,,,,,,,,,,
2023/8/14 11:00,0.528,8.067,,,,,,,,,,,
2023/8/14 12:00,0.619,8.749,,,,,,,,,,,
2023/8/14 13:00,0.589,8.513,,,,,,,,,,,
2023/8/14 14:00,0.485,7.751,,,,,,,,,,,
2023/8/14 15:00,0.358,6.823,,,,,,,,,,,
2023/8/14 16:00,0.267,6.111,,,,,,,,,,,
2023/8/14 17:00,0.193,5.448,,,,,,,,,,,
2023/8/14 18:00,0.145,4.943,,,,,,,,,,,
2023/8/14 19:00,0.128,4.748,,,,,,,,,,,
2023/8/14 20:00,0.136,4.84,,,,,,,,,,,
2023/8/14 21:00,0.144,4.937,,,,,,,,,,,
2023/8/14 22:00,0.07,3.893,,,,,,,,,,,
2023/8/14 23:00,0.012,2.371,,,,,,,,,,,
2023/8/15 0:00,0.004,1.794,,,,,,,,,,,
2023/8/15 1:00,0.01,2.286,,,,,,,,,,,
2023/8/15 2:00,0.024,2.835,,,,,,,,,,,
2023/8/15 3:00,0.031,3.064,,,,,,,,,,,
2023/8/15 4:00,0.037,3.211,,,,,,,,,,,
2023/8/15 5:00,0.046,3.421,,,,,,,,,,,
2023/8/15 6:00,0.058,3.672,,,,,,,,,,,
2023/8/15 7:00,0.08,4.076,,,,,,,,,,,
2023/8/15 8:00,0.126,4.72,,,,,,,,,,,
2023/8/15 9:00,0.256,6.015,,,,,,,,,,,
2023/8/15 10:00,0.528,8.063,,,,,,,,,,,
2023/8/15 11:00,0.696,9.391,,,,,,,,,,,
2023/8/15 12:00,0.643,8.944,,,,,,,,,,,
2023/8/15 13:00,0.476,7.687,,,,,,,,,,,
2023/8/15 14:00,0.334,6.642,,,,,,,,,,,
2023/8/15 15:00,0.198,5.499,,,,,,,,,,,
2023/8/15 16:00,0.119,4.623,,,,,,,,,,,
2023/8/15 17:00,0.074,3.973,,,,,,,,,,,
2023/8/15 18:00,0.044,3.377,,,,,,,,,,,
2023/8/15 19:00,0.019,2.664,,,,,,,,,,,
2023/8/15 20:00,0.021,2.726,,,,,,,,,,,
2023/8/15 21:00,0.035,3.16,,,,,,,,,,,
2023/8/15 22:00,0.022,2.776,,,,,,,,,,,
2023/8/15 23:00,0.019,2.667,,,,,,,,,,,
2023/8/16 0:00,0.004,1.809,,,,,,,,,,,
2023/8/16 1:00,0.001,1.423,,,,,,,,,,,
2023/8/16 2:00,0.009,2.187,,,,,,,,,,,
2023/8/16 3:00,0.027,2.938,,,,,,,,,,,
2023/8/16 4:00,0.051,3.534,,,,,,,,,,,
2023/8/16 5:00,0.068,3.867,,,,,,,,,,,
2023/8/16 6:00,0.081,4.083,,,,,,,,,,,
2023/8/16 7:00,0.093,4.268,,,,,,,,,,,
2023/8/16 8:00,0.114,4.563,,,,,,,,,,,
2023/8/16 9:00,0.147,4.969,,,,,,,,,,,
2023/8/16 10:00,0.215,5.659,,,,,,,,,,,
2023/8/16 11:00,0.267,6.114,,,,,,,,,,,
2023/8/16 12:00,0.237,5.861,,,,,,,,,,,
2023/8/16 13:00,0.158,5.094,,,,,,,,,,,
2023/8/16 14:00,0.097,4.328,,,,,,,,,,,
2023/8/16 15:00,0.086,4.157,,,,,,,,,,,
2023/8/16 16:00,0.1,4.371,,,,,,,,,,,
2023/8/16 17:00,0.109,4.501,,,,,,,,,,,
2023/8/16 18:00,0.109,4.505,,,,,,,,,,,
2023/8/16 19:00,0.09,4.231,,,,,,,,,,,
2023/8/16 20:00,0.041,3.325,,,,,,,,,,,
2023/8/16 21:00,0.014,2.458,,,,,,,,,,,
2023/8/16 22:00,0.004,1.816,,,,,,,,,,,
2023/8/16 23:00,0.011,2.339,,,,,,,,,,,
2023/8/17 0:00,0.031,3.064,,,,,,,,,,,
2023/8/17 1:00,0.031,3.049,,,,,,,,,,,
2023/8/17 2:00,0.027,2.938,,,,,,,,,,,
2023/8/17 3:00,0.021,2.737,,,,,,,,,,,
2023/8/17 4:00,0.019,2.655,,,,,,,,,,,
2023/8/17 5:00,0.028,2.969,,,,,,,,,,,
2023/8/17 6:00,0.053,3.574,,,,,,,,,,,
2023/8/17 7:00,0.08,4.076,,,,,,,,,,,
2023/8/17 8:00,0.101,4.384,,,,,,,,,,,
2023/8/17 9:00,0.118,4.617,,,,,,,,,,,
2023/8/17 10:00,0.183,5.354,,,,,,,,,,,
2023/8/17 11:00,0.324,6.568,,,,,,,,,,,
2023/8/17 12:00,0.402,7.143,,,,,,,,,,,
2023/8/17 13:00,0.369,6.908,,,,,,,,,,,
2023/8/17 14:00,0.286,6.265,,,,,,,,,,,
2023/8/17 15:00,0.236,5.844,,,,,,,,,,,
2023/8/17 16:00,0.195,5.46,,,,,,,,,,,
2023/8/17 17:00,0.161,5.119,,,,,,,,,,,
2023/8/17 18:00,0.153,5.031,,,,,,,,,,,
2023/8/17 19:00,0.193,5.447,,,,,,,,,,,
2023/8/17 20:00,0.314,6.48,,,,,,,,,,,
2023/8/17 21:00,0.43,7.349,,,,,,,,,,,
2023/8/17 22:00,0.384,7.018,,,,,,,,,,,
2023/8/17 23:00,0.475,7.677,,,,,,,,,,,
2023/8/18 0:00,0.414,7.233,,,,,,,,,,,
2023/8/18 1:00,0.302,6.395,,,,,,,,,,,
2023/8/18 2:00,0.185,5.373,,,,,,,,,,,
2023/8/18 3:00,0.087,4.177,,,,,,,,,,,
2023/8/18 4:00,0.027,2.933,,,,,,,,,,,
2023/8/18 5:00,0.009,2.186,,,,,,,,,,,
2023/8/18 6:00,0.001,1.328,,,,,,,,,,,
2023/8/18 7:00,0.003,1.659,,,,,,,,,,,
2023/8/18 8:00,0.014,2.479,,,,,,,,,,,
2023/8/18 9:00,0.077,4.019,,,,,,,,,,,
2023/8/18 10:00,0.365,6.874,,,,,,,,,,,
2023/8/18 11:00,0.641,8.922,,,,,,,,,,,
2023/8/18 12:00,0.656,9.045,,,,,,,,,,,
2023/8/18 13:00,0.577,8.428,,,,,,,,,,,
2023/8/18 14:00,0.473,7.653,,,,,,,,,,,
2023/8/18 15:00,0.377,6.966,,,,,,,,,,,
2023/8/18 16:00,0.302,6.396,,,,,,,,,,,
2023/8/18 17:00,0.252,5.989,,,,,,,,,,,
2023/8/18 18:00,0.221,5.707,,,,,,,,,,,
2023/8/18 19:00,0.199,5.509,,,,,,,,,,,
2023/8/18 20:00,0.19,5.42,,,,,,,,,,,
2023/8/18 21:00,0.145,4.95,,,,,,,,,,,
2023/8/18 22:00,0.066,3.834,,,,,,,,,,,
2023/8/18 23:00,0.037,3.216,,,,,,,,,,,
2023/8/19 0:00,0.054,3.606,,,,,,,,,,,
2023/8/19 1:00,0.065,3.819,,,,,,,,,,,
2023/8/19 2:00,0.086,4.156,,,,,,,,,,,
2023/8/19 3:00,0.122,4.667,,,,,,,,,,,
2023/8/19 4:00,0.167,5.187,,,,,,,,,,,
2023/8/19 5:00,0.195,5.456,,,,,,,,,,,
2023/8/19 6:00,0.185,5.368,,,,,,,,,,,
2023/8/19 7:00,0.148,4.98,,,,,,,,,,,
2023/8/19 8:00,0.115,4.583,,,,,,,,,,,
2023/8/19 9:00,0.118,4.615,,,,,,,,,,,
2023/8/19 10:00,0.208,5.586,,,,,,,,,,,
2023/8/19 11:00,0.319,6.527,,,,,,,,,,,
2023/8/19 12:00,0.317,6.517,,,,,,,,,,,
2023/8/19 13:00,0.207,5.575,,,,,,,,,,,
2023/8/19 14:00,0.098,4.35,,,,,,,,,,,
2023/8/19 15:00,0.026,2.908,,,,,,,,,,,
2023/8/19 16:00,0.003,1.669,,,,,,,,,,,
2023/8/19 17:00,0,1.08,,,,,,,,,,,
2023/8/19 18:00,0.003,1.697,,,,,,,,,,,
2023/8/19 19:00,0.012,2.38,,,,,,,,,,,
2023/8/19 20:00,0.021,2.733,,,,,,,,,,,
2023/8/19 21:00,0.026,2.926,,,,,,,,,,,
2023/8/19 22:00,0.02,2.712,,,,,,,,,,,
2023/8/19 23:00,0.024,2.859,,,,,,,,,,,
2023/8/20 0:00,0.093,4.272,,,,,,,,,,,
2023/8/20 1:00,0.164,5.16,,,,,,,,,,,
2023/8/20 2:00,0.231,5.793,,,,,,,,,,,
2023/8/20 3:00,0.302,6.397,,,,,,,,,,,
2023/8/20 4:00,0.388,7.046,,,,,,,,,,,
2023/8/20 5:00,0.48,7.716,,,,,,,,,,,
2023/8/20 6:00,0.578,8.431,,,,,,,,,,,
2023/8/20 7:00,0.687,9.312,,,,,,,,,,,
2023/8/20 8:00,0.779,10.202,,,,,,,,,,,
2023/8/20 9:00,0.813,10.597,,,,,,,,,,,
2023/8/20 10:00,0.795,10.393,,,,,,,,,,,
2023/8/20 11:00,0.754,9.945,,,,,,,,,,,
2023/8/20 12:00,0.612,8.69,,,,,,,,,,,
2023/8/20 13:00,0.471,7.639,,,,,,,,,,,
2023/8/20 14:00,0.393,7.078,,,,,,,,,,,
2023/8/20 15:00,0.403,7.155,,,,,,,,,,,
2023/8/20 16:00,0.438,7.404,,,,,,,,,,,
2023/8/20 17:00,0.478,7.703,,,,,,,,,,,
2023/8/20 18:00,0.516,7.976,,,,,,,,,,,
2023/8/20 19:00,0.612,8.7,,,,,,,,,,,
2023/8/20 20:00,0.689,9.329,,,,,,,,,,,
2023/8/20 21:00,0.678,9.234,,,,,,,,,,,
2023/8/20 22:00,0.621,8.765,,,,,,,,,,,
2023/8/20 23:00,0.529,8.068,,,,,,,,,,,
2023/8/21 0:00,0.633,8.867,,,,,,,,,,,
2023/8/21 1:00,0.601,8.613,,,,,,,,,,,
2023/8/21 2:00,0.519,7.987,,,,,,,,,,,
2023/8/21 3:00,0.412,7.224,,,,,,,,,,,
2023/8/21 4:00,0.335,6.652,,,,,,,,,,,
2023/8/21 5:00,0.278,6.191,,,,,,,,,,,
2023/8/21 6:00,0.25,5.957,,,,,,,,,,,
2023/8/21 7:00,0.251,5.97,,,,,,,,,,,
2023/8/21 8:00,0.252,5.978,,,,,,,,,,,
2023/8/21 9:00,0.186,5.385,,,,,,,,,,,
2023/8/21 10:00,0.295,6.337,,,,,,,,,,,
2023/8/21 11:00,0.49,7.788,,,,,,,,,,,
2023/8/21 12:00,0.612,8.687,,,,,,,,,,,
2023/8/21 13:00,0.6,8.601,,,,,,,,,,,
2023/8/21 14:00,0.533,8.093,,,,,,,,,,,
2023/8/21 15:00,0.533,8.093,,,,,,,,,,,
2023/8/21 16:00,0.532,8.091,,,,,,,,,,,
2023/8/21 17:00,0.511,7.942,,,,,,,,,,,
2023/8/21 18:00,0.467,7.615,,,,,,,,,,,
2023/8/21 19:00,0.402,7.143,,,,,,,,,,,
2023/8/21 20:00,0.379,6.982,,,,,,,,,,,
2023/8/21 21:00,0.364,6.866,,,,,,,,,,,
2023/8/21 22:00,0.528,8.061,,,,,,,,,,,
2023/8/21 23:00,0.706,9.482,,,,,,,,,,,
2023/8/22 0:00,0.665,9.124,,,,,,,,,,,
2023/8/22 1:00,0.542,8.163,,,,,,,,,,,
2023/8/22 2:00,0.388,7.048,,,,,,,,,,,
2023/8/22 3:00,0.252,5.985,,,,,,,,,,,
2023/8/22 4:00,0.155,5.052,,,,,,,,,,,
2023/8/22 5:00,0.102,4.388,,,,,,,,,,,
2023/8/22 6:00,0.071,3.916,,,,,,,,,,,
2023/8/22 7:00,0.046,3.424,,,,,,,,,,,
2023/8/22 8:00,0.024,2.833,,,,,,,,,,,
2023/8/22 9:00,0.002,1.617,,,,,,,,,,,
2023/8/22 10:00,0.004,1.838,,,,,,,,,,,
2023/8/22 11:00,0.048,3.473,,,,,,,,,,,
2023/8/22 12:00,0.145,4.941,,,,,,,,,,,
2023/8/22 13:00,0.258,6.028,,,,,,,,,,,
2023/8/22 14:00,0.3,6.375,,,,,,,,,,,
2023/8/22 15:00,0.267,6.112,,,,,,,,,,,
2023/8/22 16:00,0.217,5.68,,,,,,,,,,,
2023/8/22 17:00,0.171,5.223,,,,,,,,,,,
2023/8/22 18:00,0.149,4.986,,,,,,,,,,,
2023/8/22 19:00,0.165,5.16,,,,,,,,,,,
2023/8/22 20:00,0.227,5.764,,,,,,,,,,,
2023/8/22 21:00,0.292,6.319,,,,,,,,,,,
2023/8/22 22:00,0.195,5.469,,,,,,,,,,,
2023/8/22 23:00,0.132,4.787,,,,,,,,,,,
2023/8/23 0:00,0.113,4.547,,,,,,,,,,,
2023/8/23 1:00,0.07,3.886,,,,,,,,,,,
2023/8/23 2:00,0.039,3.272,,,,,,,,,,,
2023/8/23 3:00,0.023,2.794,,,,,,,,,,,
2023/8/23 4:00,0.014,2.462,,,,,,,,,,,
2023/8/23 5:00,0.009,2.223,,,,,,,,,,,
2023/8/23 6:00,0.006,2.024,,,,,,,,,,,
2023/8/23 7:00,0.004,1.869,,,,,,,,,,,
2023/8/23 8:00,0.006,1.997,,,,,,,,,,,
2023/8/23 9:00,0.029,3,,,,,,,,,,,
2023/8/23 10:00,0.181,5.321,,,,,,,,,,,
2023/8/23 11:00,0.439,7.416,,,,,,,,,,,
2023/8/23 12:00,0.506,7.895,,,,,,,,,,,
2023/8/23 13:00,0.434,7.381,,,,,,,,,,,
2023/8/23 14:00,0.358,6.824,,,,,,,,,,,
2023/8/23 15:00,0.299,6.365,,,,,,,,,,,
2023/8/23 16:00,0.261,6.064,,,,,,,,,,,
2023/8/23 17:00,0.181,5.319,,,,,,,,,,,
2023/8/23 18:00,0.122,4.661,,,,,,,,,,,
2023/8/23 19:00,0.156,5.055,,,,,,,,,,,
2023/8/23 20:00,0.167,5.191,,,,,,,,,,,
2023/8/23 21:00,0.165,5.162,,,,,,,,,,,
2023/8/23 22:00,0.133,4.796,,,,,,,,,,,
2023/8/23 23:00,0.12,4.634,,,,,,,,,,,
2023/8/24 0:00,0.161,5.119,,,,,,,,,,,
2023/8/24 1:00,0.241,5.888,,,,,,,,,,,
2023/8/24 2:00,0.339,6.678,,,,,,,,,,,
2023/8/24 3:00,0.448,7.48,,,,,,,,,,,
2023/8/24 4:00,0.508,7.912,,,,,,,,,,,
2023/8/24 5:00,0.475,7.668,,,,,,,,,,,
2023/8/24 6:00,0.394,7.085,,,,,,,,,,,
2023/8/24 7:00,0.292,6.32,,,,,,,,,,,
2023/8/24 8:00,0.184,5.366,,,,,,,,,,,
2023/8/24 9:00,0.127,4.731,,,,,,,,,,,
2023/8/24 10:00,0.121,4.652,,,,,,,,,,,
2023/8/24 11:00,0.132,4.782,,,,,,,,,,,
2023/8/24 12:00,0.165,5.17,,,,,,,,,,,
2023/8/24 13:00,0.213,5.645,,,,,,,,,,,
2023/8/24 14:00,0.28,6.217,,,,,,,,,,,
2023/8/24 15:00,0.286,6.26,,,,,,,,,,,
2023/8/24 16:00,0.256,6.009,,,,,,,,,,,
2023/8/24 17:00,0.192,5.438,,,,,,,,,,,
2023/8/24 18:00,0.137,4.847,,,,,,,,,,,
2023/8/24 19:00,0.094,4.279,,,,,,,,,,,
2023/8/24 20:00,0.075,3.993,,,,,,,,,,,
2023/8/24 21:00,0.076,4.009,,,,,,,,,,,
2023/8/24 22:00,0.089,4.22,,,,,,,,,,,
2023/8/24 23:00,0.122,4.657,,,,,,,,,,,
2023/8/25 0:00,0.114,4.569,,,,,,,,,,,
2023/8/25 1:00,0.08,4.076,,,,,,,,,,,
2023/8/25 2:00,0.06,3.715,,,,,,,,,,,
2023/8/25 3:00,0.066,3.827,,,,,,,,,,,
2023/8/25 4:00,0.069,3.878,,,,,,,,,,,
2023/8/25 5:00,0.061,3.734,,,,,,,,,,,
2023/8/25 6:00,0.054,3.597,,,,,,,,,,,
2023/8/25 7:00,0.055,3.621,,,,,,,,,,,
2023/8/25 8:00,0.066,3.836,,,,,,,,,,,
2023/8/25 9:00,0.066,3.824,,,,,,,,,,,
2023/8/25 10:00,0.064,3.789,,,,,,,,,,,
2023/8/25 11:00,0.058,3.686,,,,,,,,,,,
2023/8/25 12:00,0.037,3.215,,,,,,,,,,,
2023/8/25 13:00,0.018,2.618,,,,,,,,,,,
2023/8/25 14:00,0.009,2.192,,,,,,,,,,,
2023/8/25 15:00,0.016,2.538,,,,,,,,,,,
2023/8/25 16:00,0.034,3.142,,,,,,,,,,,
2023/8/25 17:00,0.057,3.668,,,,,,,,,,,
2023/8/25 18:00,0.087,4.183,,,,,,,,,,,
2023/8/25 19:00,0.122,4.667,,,,,,,,,,,
2023/8/25 20:00,0.165,5.16,,,,,,,,,,,
2023/8/25 21:00,0.198,5.498,,,,,,,,,,,
2023/8/25 22:00,0.121,4.65,,,,,,,,,,,
2023/8/25 23:00,0.084,4.127,,,,,,,,,,,
2023/8/26 0:00,0.108,4.479,,,,,,,,,,,
2023/8/26 1:00,0.116,4.595,,,,,,,,,,,
2023/8/26 2:00,0.124,4.691,,,,,,,,,,,
2023/8/26 3:00,0.134,4.816,,,,,,,,,,,
2023/8/26 4:00,0.132,4.789,,,,,,,,,,,
2023/8/26 5:00,0.111,4.52,,,,,,,,,,,
2023/8/26 6:00,0.084,4.12,,,,,,,,,,,
2023/8/26 7:00,0.063,3.78,,,,,,,,,,,
2023/8/26 8:00,0.053,3.58,,,,,,,,,,,
2023/8/26 9:00,0.045,3.409,,,,,,,,,,,
2023/8/26 10:00,0.066,3.824,,,,,,,,,,,
2023/8/26 11:00,0.079,4.051,,,,,,,,,,,
2023/8/26 12:00,0.049,3.477,,,,,,,,,,,
2023/8/26 13:00,0.018,2.617,,,,,,,,,,,
2023/8/26 14:00,0.003,1.78,,,,,,,,,,,
2023/8/26 15:00,0.004,1.86,,,,,,,,,,,
2023/8/26 16:00,0.024,2.838,,,,,,,,,,,
2023/8/26 17:00,0.07,3.91,,,,,,,,,,,
2023/8/26 18:00,0.133,4.789,,,,,,,,,,,
2023/8/26 19:00,0.177,5.285,,,,,,,,,,,
2023/8/26 20:00,0.195,5.463,,,,,,,,,,,
2023/8/26 21:00,0.193,5.445,,,,,,,,,,,
2023/8/26 22:00,0.136,4.837,,,,,,,,,,,
2023/8/26 23:00,0.048,3.469,,,,,,,,,,,
2023/8/27 0:00,0.038,3.227,,,,,,,,,,,
2023/8/27 1:00,0.049,3.489,,,,,,,,,,,
2023/8/27 2:00,0.044,3.391,,,,,,,,,,,
2023/8/27 3:00,0.037,3.208,,,,,,,,,,,
2023/8/27 4:00,0.037,3.206,,,,,,,,,,,
2023/8/27 5:00,0.034,3.125,,,,,,,,,,,
2023/8/27 6:00,0.038,3.232,,,,,,,,,,,
2023/8/27 7:00,0.062,3.753,,,,,,,,,,,
2023/8/27 8:00,0.086,4.167,,,,,,,,,,,
2023/8/27 9:00,0.114,4.561,,,,,,,,,,,
2023/8/27 10:00,0.154,5.034,,,,,,,,,,,
2023/8/27 11:00,0.158,5.095,,,,,,,,,,,
2023/8/27 12:00,0.128,4.748,,,,,,,,,,,
2023/8/27 13:00,0.088,4.199,,,,,,,,,,,
2023/8/27 14:00,0.056,3.641,,,,,,,,,,,
2023/8/27 15:00,0.037,3.205,,,,,,,,,,,
2023/8/27 16:00,0.028,2.96,,,,,,,,,,,
2023/8/27 17:00,0.032,3.086,,,,,,,,,,,
2023/8/27 18:00,0.058,3.679,,,,,,,,,,,
2023/8/27 19:00,0.117,4.609,,,,,,,,,,,
2023/8/27 20:00,0.21,5.61,,,,,,,,,,,
2023/8/27 21:00,0.273,6.159,,,,,,,,,,,
2023/8/27 22:00,0.21,5.609,,,,,,,,,,,
2023/8/27 23:00,0.275,6.17,,,,,,,,,,,
2023/8/28 0:00,0.504,7.891,,,,,,,,,,,
2023/8/28 1:00,0.569,8.366,,,,,,,,,,,
2023/8/28 2:00,0.561,8.301,,,,,,,,,,,
2023/8/28 3:00,0.558,8.277,,,,,,,,,,,
2023/8/28 4:00,0.57,8.372,,,,,,,,,,,
2023/8/28 5:00,0.58,8.454,,,,,,,,,,,
2023/8/28 6:00,0.583,8.476,,,,,,,,,,,
2023/8/28 7:00,0.607,8.657,,,,,,,,,,,
2023/8/28 8:00,0.641,8.924,,,,,,,,,,,
2023/8/28 9:00,0.619,8.751,,,,,,,,,,,
2023/8/28 10:00,0.589,8.519,,,,,,,,,,,
2023/8/28 11:00,0.594,8.547,,,,,,,,,,,
2023/8/28 12:00,0.587,8.496,,,,,,,,,,,
2023/8/28 13:00,0.572,8.387,,,,,,,,,,,
2023/8/28 14:00,0.552,8.236,,,,,,,,,,,
2023/8/28 15:00,0.554,8.251,,,,,,,,,,,
2023/8/28 16:00,0.547,8.2,,,,,,,,,,,
2023/8/28 17:00,0.561,8.31,,,,,,,,,,,
2023/8/28 18:00,0.602,8.618,,,,,,,,,,,
2023/8/28 19:00,0.682,9.275,,,,,,,,,,,
2023/8/28 20:00,0.734,9.739,,,,,,,,,,,
2023/8/28 21:00,0.788,10.315,,,,,,,,,,,
2023/8/28 22:00,0.761,10.018,,,,,,,,,,,
2023/8/28 23:00,0.859,11.239,,,,,,,,,,,
2023/8/29 0:00,0.92,12.442,,,,,,,,,,,
2023/8/29 1:00,0.9,11.983,,,,,,,,,,,
2023/8/29 2:00,0.856,11.198,,,,,,,,,,,
2023/8/29 3:00,0.81,10.571,,,,,,,,,,,
2023/8/29 4:00,0.78,10.22,,,,,,,,,,,
2023/8/29 5:00,0.754,9.936,,,,,,,,,,,
2023/8/29 6:00,0.734,9.744,,,,,,,,,,,
2023/8/29 7:00,0.71,9.518,,,,,,,,,,,
2023/8/29 8:00,0.672,9.182,,,,,,,,,,,
2023/8/29 9:00,0.575,8.411,,,,,,,,,,,
2023/8/29 10:00,0.418,7.268,,,,,,,,,,,
2023/8/29 11:00,0.309,6.452,,,,,,,,,,,
2023/8/29 12:00,0.191,5.427,,,,,,,,,,,
2023/8/29 13:00,0.098,4.339,,,,,,,,,,,
2023/8/29 14:00,0.054,3.596,,,,,,,,,,,
2023/8/29 15:00,0.049,3.486,,,,,,,,,,,
2023/8/29 16:00,0.078,4.034,,,,,,,,,,,
2023/8/29 17:00,0.124,4.697,,,,,,,,,,,
2023/8/29 18:00,0.16,5.112,,,,,,,,,,,
2023/8/29 19:00,0.184,5.358,,,,,,,,,,,
2023/8/29 20:00,0.214,5.646,,,,,,,,,,,
2023/8/29 21:00,0.253,5.993,,,,,,,,,,,
2023/8/29 22:00,0.17,5.223,,,,,,,,,,,
2023/8/29 23:00,0.108,4.489,,,,,,,,,,,
2023/8/30 0:00,0.15,4.999,,,,,,,,,,,
2023/8/30 1:00,0.148,4.981,,,,,,,,,,,
2023/8/30 2:00,0.136,4.844,,,,,,,,,,,
2023/8/30 3:00,0.12,4.629,,,,,,,,,,,
2023/8/30 4:00,0.103,4.404,,,,,,,,,,,
2023/8/30 5:00,0.084,4.119,,,,,,,,,,,
2023/8/30 6:00,0.061,3.742,,,,,,,,,,,
2023/8/30 7:00,0.043,3.36,,,,,,,,,,,
2023/8/30 8:00,0.026,2.896,,,,,,,,,,,
2023/8/30 9:00,0.014,2.47,,,,,,,,,,,
2023/8/30 10:00,0.014,2.444,,,,,,,,,,,
2023/8/30 11:00,0.016,2.531,,,,,,,,,,,
2023/8/30 12:00,0.028,2.964,,,,,,,,,,,
2023/8/30 13:00,0.052,3.562,,,,,,,,,,,
2023/8/30 14:00,0.076,4.006,,,,,,,,,,,
2023/8/30 15:00,0.088,4.201,,,,,,,,,,,
2023/8/30 16:00,0.104,4.436,,,,,,,,,,,
2023/8/30 17:00,0.141,4.9,,,,,,,,,,,
2023/8/30 18:00,0.209,5.605,,,,,,,,,,,
2023/8/30 19:00,0.239,5.875,,,,,,,,,,,
2023/8/30 20:00,0.217,5.677,,,,,,,,,,,
2023/8/30 21:00,0.164,5.151,,,,,,,,,,,
2023/8/30 22:00,0.09,4.228,,,,,,,,,,,
2023/8/30 23:00,0.046,3.43,,,,,,,,,,,
2023/8/31 0:00,0.042,3.344,,,,,,,,,,,
2023/8/31 1:00,0.037,3.199,,,,,,,,,,,
2023/8/31 2:00,0.032,3.072,,,,,,,,,,,
2023/8/31 3:00,0.032,3.081,,,,,,,,,,,
2023/8/31 4:00,0.032,3.079,,,,,,,,,,,
2023/8/31 5:00,0.029,3.01,,,,,,,,,,,
2023/8/31 6:00,0.03,3.044,,,,,,,,,,,
2023/8/31 7:00,0.03,3.038,,,,,,,,,,,
2023/8/31 8:00,0.027,2.947,,,,,,,,,,,
2023/8/31 9:00,0.015,2.499,,,,,,,,,,,
2023/8/31 10:00,0.005,1.948,,,,,,,,,,,
2023/8/31 11:00,0.018,2.654,,,,,,,,,,,
2023/8/31 12:00,0.065,3.815,,,,,,,,,,,
2023/8/31 13:00,0.158,5.09,,,,,,,,,,,
2023/8/31 14:00,0.315,6.488,,,,,,,,,,,
2023/8/31 15:00,0.49,7.777,,,,,,,,,,,
2023/8/31 16:00,0.61,8.678,,,,,,,,,,,
2023/8/31 17:00,0.664,9.121,,,,,,,,,,,
2023/8/31 18:00,0.682,9.262,,,,,,,,,,,
2023/8/31 19:00,0.688,9.32,,,,,,,,,,,
2023/8/31 20:00,0.69,9.345,,,,,,,,,,,
2023/8/31 21:00,0.677,9.225,,,,,,,,,,,
2023/8/31 22:00,0.537,8.119,,,,,,,,,,,
2023/8/31 23:00,0.239,5.876,,,,,,,,,,,
2023/9/1 0:00,0.303,6.402,,,,,,,,,,,
2023/9/1 1:00,0.354,6.799,,,,,,,,,,,
2023/9/1 2:00,0.29,6.298,,,,,,,,,,,
2023/9/1 3:00,0.231,5.795,,,,,,,,,,,
2023/9/1 4:00,0.181,5.333,,,,,,,,,,,
2023/9/1 5:00,0.147,4.969,,,,,,,,,,,
2023/9/1 6:00,0.122,4.664,,,,,,,,,,,
2023/9/1 7:00,0.097,4.326,,,,,,,,,,,
2023/9/1 8:00,0.069,3.88,,,,,,,,,,,
2023/9/1 9:00,0.035,3.156,,,,,,,,,,,
2023/9/1 10:00,0.009,2.215,,,,,,,,,,,
2023/9/1 11:00,0.002,1.603,,,,,,,,,,,
2023/9/1 12:00,0.002,1.608,,,,,,,,,,,
2023/9/1 13:00,0.014,2.454,,,,,,,,,,,
2023/9/1 14:00,0.056,3.631,,,,,,,,,,,
2023/9/1 15:00,0.142,4.915,,,,,,,,,,,
2023/9/1 16:00,0.284,6.243,,,,,,,,,,,
2023/9/1 17:00,0.431,7.36,,,,,,,,,,,
2023/9/1 18:00,0.51,7.934,,,,,,,,,,,
2023/9/1 19:00,0.529,8.072,,,,,,,,,,,
2023/9/1 20:00,0.528,8.064,,,,,,,,,,,
2023/9/1 21:00,0.507,7.901,,,,,,,,,,,
2023/9/1 22:00,0.357,6.815,,,,,,,,,,,
2023/9/1 23:00,0.158,5.09,,,,,,,,,,,
2023/9/2 0:00,0.354,6.792,,,,,,,,,,,
2023/9/2 1:00,0.368,6.892,,,,,,,,,,,
2023/9/2 2:00,0.381,6.996,,,,,,,,,,,
2023/9/2 3:00,0.41,7.205,,,,,,,,,,,
2023/9/2 4:00,0.443,7.445,,,,,,,,,,,
2023/9/2 5:00,0.484,7.736,,,,,,,,,,,
2023/9/2 6:00,0.525,8.042,,,,,,,,,,,
2023/9/2 7:00,0.572,8.39,,,,,,,,,,,
2023/9/2 8:00,0.615,8.722,,,,,,,,,,,
2023/9/2 9:00,0.608,8.664,,,,,,,,,,,
2023/9/2 10:00,0.688,9.322,,,,,,,,,,,
2023/9/2 11:00,0.727,9.674,,,,,,,,,,,
2023/9/2 12:00,0.663,9.114,,,,,,,,,,,
2023/9/2 13:00,0.627,8.812,,,,,,,,,,,
2023/9/2 14:00,0.582,8.467,,,,,,,,,,,
2023/9/2 15:00,0.542,8.163,,,,,,,,,,,
2023/9/2 16:00,0.507,7.911,,,,,,,,,,,
2023/9/2 17:00,0.488,7.769,,,,,,,,,,,
2023/9/2 18:00,0.485,7.745,,,,,,,,,,,
2023/9/2 19:00,0.485,7.741,,,,,,,,,,,
2023/9/2 20:00,0.503,7.883,,,,,,,,,,,
2023/9/2 21:00,0.421,7.282,,,,,,,,,,,
2023/9/2 22:00,0.31,6.455,,,,,,,,,,,
2023/9/2 23:00,0.326,6.576,,,,,,,,,,,
2023/9/3 0:00,0.339,6.68,,,,,,,,,,,
2023/9/3 1:00,0.267,6.101,,,,,,,,,,,
2023/9/3 2:00,0.221,5.702,,,,,,,,,,,
2023/9/3 3:00,0.208,5.584,,,,,,,,,,,
2023/9/3 4:00,0.183,5.346,,,,,,,,,,,
2023/9/3 5:00,0.15,5.005,,,,,,,,,,,
2023/9/3 6:00,0.119,4.625,,,,,,,,,,,
2023/9/3 7:00,0.095,4.309,,,,,,,,,,,
2023/9/3 8:00,0.071,3.913,,,,,,,,,,,
2023/9/3 9:00,0.028,2.958,,,,,,,,,,,
2023/9/3 10:00,0.004,1.79,,,,,,,,,,,
2023/9/3 11:00,0.001,1.437,,,,,,,,,,,
2023/9/3 12:00,0.017,2.577,,,,,,,,,,,
2023/9/3 13:00,0.071,3.925,,,,,,,,,,,
2023/9/3 14:00,0.161,5.122,,,,,,,,,,,
2023/9/3 15:00,0.253,5.993,,,,,,,,,,,
2023/9/3 16:00,0.316,6.509,,,,,,,,,,,
2023/9/3 17:00,0.347,6.735,,,,,,,,,,,
2023/9/3 18:00,0.328,6.594,,,,,,,,,,,
2023/9/3 19:00,0.259,6.043,,,,,,,,,,,
2023/9/3 20:00,0.17,5.219,,,,,,,,,,,
2023/9/3 21:00,0.113,4.538,,,,,,,,,,,
2023/9/3 22:00,0.063,3.778,,,,,,,,,,,
2023/9/3 23:00,0.057,3.662,,,,,,,,,,,
2023/9/4 0:00,0.057,3.652,,,,,,,,,,,
2023/9/4 1:00,0.054,3.604,,,,,,,,,,,
2023/9/4 2:00,0.051,3.544,,,,,,,,,,,
2023/9/4 3:00,0.047,3.443,,,,,,,,,,,
2023/9/4 4:00,0.042,3.343,,,,,,,,,,,
2023/9/4 5:00,0.039,3.276,,,,,,,,,,,
2023/9/4 6:00,0.04,3.288,,,,,,,,,,,
2023/9/4 7:00,0.045,3.415,,,,,,,,,,,
2023/9/4 8:00,0.061,3.732,,,,,,,,,,,
2023/9/4 9:00,0.107,4.465,,,,,,,,,,,
2023/9/4 10:00,0.216,5.667,,,,,,,,,,,
2023/9/4 11:00,0.291,6.308,,,,,,,,,,,
2023/9/4 12:00,0.278,6.194,,,,,,,,,,,
2023/9/4 13:00,0.202,5.528,,,,,,,,,,,
2023/9/4 14:00,0.116,4.596,,,,,,,,,,,
2023/9/4 15:00,0.049,3.481,,,,,,,,,,,
2023/9/4 16:00,0.006,2,,,,,,,,,,,
2023/9/4 17:00,0.001,1.216,,,,,,,,,,,
2023/9/4 18:00,0.001,1.474,,,,,,,,,,,
2023/9/4 19:00,0.003,1.719,,,,,,,,,,,
2023/9/4 20:00,0.01,2.249,,,,,,,,,,,
2023/9/4 21:00,0.012,2.384,,,,,,,,,,,
2023/9/4 22:00,0.004,1.865,,,,,,,,,,,
2023/9/4 23:00,0.005,1.965,,,,,,,,,,,
2023/9/5 0:00,0.011,2.292,,,,,,,,,,,
2023/9/5 1:00,0.014,2.469,,,,,,,,,,,
2023/9/5 2:00,0.014,2.45,,,,,,,,,,,
2023/9/5 3:00,0.005,1.972,,,,,,,,,,,
2023/9/5 4:00,0.001,1.383,,,,,,,,,,,
2023/9/5 5:00,0,1.137,,,,,,,,,,,
2023/9/5 6:00,0.001,1.326,,,,,,,,,,,
2023/9/5 7:00,0.004,1.81,,,,,,,,,,,
2023/9/5 8:00,0.023,2.805,,,,,,,,,,,
2023/9/5 9:00,0.092,4.259,,,,,,,,,,,
2023/9/5 10:00,0.233,5.824,,,,,,,,,,,
2023/9/5 11:00,0.349,6.752,,,,,,,,,,,
2023/9/5 12:00,0.376,6.955,,,,,,,,,,,
2023/9/5 13:00,0.356,6.809,,,,,,,,,,,
2023/9/5 14:00,0.331,6.615,,,,,,,,,,,
2023/9/5 15:00,0.311,6.466,,,,,,,,,,,
2023/9/5 16:00,0.275,6.17,,,,,,,,,,,
2023/9/5 17:00,0.232,5.803,,,,,,,,,,,
2023/9/5 18:00,0.191,5.427,,,,,,,,,,,
2023/9/5 19:00,0.164,5.15,,,,,,,,,,,
2023/9/5 20:00,0.147,4.972,,,,,,,,,,,
2023/9/5 21:00,0.138,4.86,,,,,,,,,,,
2023/9/5 22:00,0.093,4.269,,,,,,,,,,,
2023/9/5 23:00,0.048,3.465,,,,,,,,,,,
2023/9/6 0:00,0.025,2.875,,,,,,,,,,,
2023/9/6 1:00,0.008,2.152,,,,,,,,,,,
2023/9/6 2:00,0.002,1.63,,,,,,,,,,,
2023/9/6 3:00,0.001,1.339,,,,,,,,,,,
2023/9/6 4:00,0,0.988,,,,,,,,,,,
2023/9/6 5:00,0,0.459,,,,,,,,,,,
2023/9/6 6:00,0,0.479,,,,,,,,,,,
2023/9/6 7:00,0.001,1.487,,,,,,,,,,,
2023/9/6 8:00,0.028,2.955,,,,,,,,,,,
2023/9/6 9:00,0.193,5.444,,,,,,,,,,,
2023/9/6 10:00,0.5,7.85,,,,,,,,,,,
2023/9/6 11:00,0.619,8.75,,,,,,,,,,,
2023/9/6 12:00,0.587,8.502,,,,,,,,,,,
2023/9/6 13:00,0.507,7.9,,,,,,,,,,,
2023/9/6 14:00,0.411,7.219,,,,,,,,,,,
2023/9/6 15:00,0.362,6.848,,,,,,,,,,,
2023/9/6 16:00,0.364,6.865,,,,,,,,,,,
2023/9/6 17:00,0.382,7.002,,,,,,,,,,,
2023/9/6 18:00,0.4,7.134,,,,,,,,,,,
2023/9/6 19:00,0.403,7.15,,,,,,,,,,,
2023/9/6 20:00,0.403,7.149,,,,,,,,,,,
2023/9/6 21:00,0.396,7.1,,,,,,,,,,,
2023/9/6 22:00,0.302,6.395,,,,,,,,,,,
2023/9/6 23:00,0.261,6.065,,,,,,,,,,,
2023/9/7 0:00,0.288,6.285,,,,,,,,,,,
2023/9/7 1:00,0.311,6.458,,,,,,,,,,,
2023/9/7 2:00,0.337,6.664,,,,,,,,,,,
2023/9/7 3:00,0.411,7.22,,,,,,,,,,,
2023/9/7 4:00,0.527,8.047,,,,,,,,,,,
2023/9/7 5:00,0.641,8.93,,,,,,,,,,,
2023/9/7 6:00,0.745,9.856,,,,,,,,,,,
2023/9/7 7:00,0.818,10.67,,,,,,,,,,,
2023/9/7 8:00,0.849,11.097,,,,,,,,,,,
2023/9/7 9:00,0.835,10.885,,,,,,,,,,,
2023/9/7 10:00,0.826,10.778,,,,,,,,,,,
2023/9/7 11:00,0.803,10.485,,,,,,,,,,,
2023/9/7 12:00,0.793,10.362,,,,,,,,,,,
2023/9/7 13:00,0.747,9.875,,,,,,,,,,,
2023/9/7 14:00,0.629,8.826,,,,,,,,,,,
2023/9/7 15:00,0.528,8.058,,,,,,,,,,,
2023/9/7 16:00,0.444,7.454,,,,,,,,,,,
2023/9/7 17:00,0.363,6.856,,,,,,,,,,,
2023/9/7 18:00,0.297,6.35,,,,,,,,,,,
2023/9/7 19:00,0.222,5.71,,,,,,,,,,,
2023/9/7 20:00,0.162,5.134,,,,,,,,,,,
2023/9/7 21:00,0.143,4.92,,,,,,,,,,,
2023/9/7 22:00,0.137,4.852,,,,,,,,,,,
2023/9/7 23:00,0.121,4.643,,,,,,,,,,,
2023/9/8 0:00,0.16,5.108,,,,,,,,,,,
2023/9/8 1:00,0.109,4.496,,,,,,,,,,,
2023/9/8 2:00,0.038,3.249,,,,,,,,,,,
2023/9/8 3:00,0.014,2.484,,,,,,,,,,,
2023/9/8 4:00,0.009,2.216,,,,,,,,,,,
2023/9/8 5:00,0.008,2.169,,,,,,,,,,,
2023/9/8 6:00,0.011,2.339,,,,,,,,,,,
2023/9/8 7:00,0.018,2.617,,,,,,,,,,,
2023/9/8 8:00,0.026,2.923,,,,,,,,,,,
2023/9/8 9:00,0.049,3.483,,,,,,,,,,,
2023/9/8 10:00,0.096,4.313,,,,,,,,,,,
2023/9/8 11:00,0.121,4.647,,,,,,,,,,,
2023/9/8 12:00,0.103,4.407,,,,,,,,,,,
2023/9/8 13:00,0.079,4.061,,,,,,,,,,,
2023/9/8 14:00,0.058,3.681,,,,,,,,,,,
2023/9/8 15:00,0.034,3.147,,,,,,,,,,,
2023/9/8 16:00,0.02,2.696,,,,,,,,,,,
2023/9/8 17:00,0.011,2.329,,,,,,,,,,,
2023/9/8 18:00,0.01,2.281,,,,,,,,,,,
2023/9/8 19:00,0.015,2.512,,,,,,,,,,,
2023/9/8 20:00,0.018,2.655,,,,,,,,,,,
2023/9/8 21:00,0.025,2.866,,,,,,,,,,,
2023/9/8 22:00,0.033,3.106,,,,,,,,,,,
2023/9/8 23:00,0.026,2.913,,,,,,,,,,,
2023/9/9 0:00,0.03,3.035,,,,,,,,,,,
2023/9/9 1:00,0.05,3.512,,,,,,,,,,,
2023/9/9 2:00,0.082,4.109,,,,,,,,,,,
2023/9/9 3:00,0.104,4.429,,,,,,,,,,,
2023/9/9 4:00,0.105,4.448,,,,,,,,,,,
2023/9/9 5:00,0.098,4.338,,,,,,,,,,,
2023/9/9 6:00,0.078,4.045,,,,,,,,,,,
2023/9/9 7:00,0.057,3.664,,,,,,,,,,,
2023/9/9 8:00,0.041,3.315,,,,,,,,,,,
2023/9/9 9:00,0.034,3.147,,,,,,,,,,,
2023/9/9 10:00,0.025,2.875,,,,,,,,,,,
2023/9/9 11:00,0.017,2.605,,,,,,,,,,,
2023/9/9 12:00,0.014,2.461,,,,,,,,,,,
2023/9/9 13:00,0.021,2.745,,,,,,,,,,,
2023/9/9 14:00,0.032,3.092,,,,,,,,,,,
2023/9/9 15:00,0.049,3.495,,,,,,,,,,,
2023/9/9 16:00,0.061,3.734,,,,,,,,,,,
2023/9/9 17:00,0.061,3.743,,,,,,,,,,,
2023/9/9 18:00,0.062,3.765,,,,,,,,,,,
2023/9/9 19:00,0.074,3.965,,,,,,,,,,,
2023/9/9 20:00,0.09,4.223,,,,,,,,,,,
2023/9/9 21:00,0.106,4.454,,,,,,,,,,,
2023/9/9 22:00,0.087,4.186,,,,,,,,,,,
2023/9/9 23:00,0.065,3.813,,,,,,,,,,,
2023/9/10 0:00,0.049,3.481,,,,,,,,,,,
2023/9/10 1:00,0.049,3.496,,,,,,,,,,,
2023/9/10 2:00,0.049,3.487,,,,,,,,,,,
2023/9/10 3:00,0.049,3.481,,,,,,,,,,,
2023/9/10 4:00,0.056,3.647,,,,,,,,,,,
2023/9/10 5:00,0.067,3.856,,,,,,,,,,,
2023/9/10 6:00,0.08,4.078,,,,,,,,,,,
2023/9/10 7:00,0.098,4.339,,,,,,,,,,,
2023/9/10 8:00,0.13,4.765,,,,,,,,,,,
2023/9/10 9:00,0.21,5.617,,,,,,,,,,,
2023/9/10 10:00,0.523,8.023,,,,,,,,,,,
2023/9/10 11:00,0.677,9.23,,,,,,,,,,,
2023/9/10 12:00,0.657,9.063,,,,,,,,,,,
2023/9/10 13:00,0.633,8.863,,,,,,,,,,,
2023/9/10 14:00,0.606,8.647,,,,,,,,,,,
2023/9/10 15:00,0.598,8.591,,,,,,,,,,,
2023/9/10 16:00,0.604,8.631,,,,,,,,,,,
2023/9/10 17:00,0.608,8.661,,,,,,,,,,,
2023/9/10 18:00,0.585,8.485,,,,,,,,,,,
2023/9/10 19:00,0.524,8.026,,,,,,,,,,,
2023/9/10 20:00,0.51,7.92,,,,,,,,,,,
2023/9/10 21:00,0.531,8.079,,,,,,,,,,,
2023/9/10 22:00,0.514,7.962,,,,,,,,,,,
2023/9/10 23:00,0.781,10.228,,,,,,,,,,,
2023/9/11 0:00,0.834,10.883,,,,,,,,,,,
2023/9/11 1:00,0.821,10.706,,,,,,,,,,,
2023/9/11 2:00,0.778,10.2,,,,,,,,,,,
2023/9/11 3:00,0.741,9.813,,,,,,,,,,,
2023/9/11 4:00,0.682,9.275,,,,,,,,,,,
2023/9/11 5:00,0.598,8.584,,,,,,,,,,,
2023/9/11 6:00,0.5,7.849,,,,,,,,,,,
2023/9/11 7:00,0.373,6.933,,,,,,,,,,,
2023/9/11 8:00,0.303,6.404,,,,,,,,,,,
2023/9/11 9:00,0.306,6.428,,,,,,,,,,,
2023/9/11 10:00,0.475,7.676,,,,,,,,,,,
2023/9/11 11:00,0.594,8.55,,,,,,,,,,,
2023/9/11 12:00,0.61,8.677,,,,,,,,,,,
2023/9/11 13:00,0.584,8.478,,,,,,,,,,,
2023/9/11 14:00,0.54,8.145,,,,,,,,,,,
2023/9/11 15:00,0.497,7.833,,,,,,,,,,,
2023/9/11 16:00,0.455,7.529,,,,,,,,,,,
2023/9/11 17:00,0.406,7.168,,,,,,,,,,,
2023/9/11 18:00,0.333,6.635,,,,,,,,,,,
2023/9/11 19:00,0.256,6.01,,,,,,,,,,,
2023/9/11 20:00,0.201,5.526,,,,,,,,,,,
2023/9/11 21:00,0.151,5.01,,,,,,,,,,,
2023/9/11 22:00,0.08,4.065,,,,,,,,,,,
2023/9/11 23:00,0.021,2.724,,,,,,,,,,,
2023/9/12 0:00,0.047,3.45,,,,,,,,,,,
2023/9/12 1:00,0.051,3.547,,,,,,,,,,,
2023/9/12 2:00,0.035,3.166,,,,,,,,,,,
2023/9/12 3:00,0.024,2.838,,,,,,,,,,,
2023/9/12 4:00,0.015,2.511,,,,,,,,,,,
2023/9/12 5:00,0.007,2.091,,,,,,,,,,,
2023/9/12 6:00,0.002,1.566,,,,,,,,,,,
2023/9/12 7:00,0,0.955,,,,,,,,,,,
2023/9/12 8:00,0,0.181,,,,,,,,,,,
2023/9/12 9:00,0.008,2.12,,,,,,,,,,,
2023/9/12 10:00,0.134,4.816,,,,,,,,,,,
2023/9/12 11:00,0.306,6.426,,,,,,,,,,,
2023/9/12 12:00,0.397,7.114,,,,,,,,,,,
2023/9/12 13:00,0.431,7.356,,,,,,,,,,,
2023/9/12 14:00,0.455,7.529,,,,,,,,,,,
2023/9/12 15:00,0.438,7.403,,,,,,,,,,,
2023/9/12 16:00,0.384,7.019,,,,,,,,,,,
2023/9/12 17:00,0.34,6.686,,,,,,,,,,,
2023/9/12 18:00,0.298,6.363,,,,,,,,,,,
2023/9/12 19:00,0.268,6.123,,,,,,,,,,,
2023/9/12 20:00,0.252,5.983,,,,,,,,,,,
2023/9/12 21:00,0.25,5.959,,,,,,,,,,,
2023/9/12 22:00,0.226,5.757,,,,,,,,,,,
2023/9/12 23:00,0.121,4.65,,,,,,,,,,,
2023/9/13 0:00,0.311,6.464,,,,,,,,,,,
2023/9/13 1:00,0.291,6.305,,,,,,,,,,,
2023/9/13 2:00,0.226,5.757,,,,,,,,,,,
2023/9/13 3:00,0.158,5.087,,,,,,,,,,,
2023/9/13 4:00,0.113,4.541,,,,,,,,,,,
2023/9/13 5:00,0.091,4.238,,,,,,,,,,,
2023/9/13 6:00,0.072,3.935,,,,,,,,,,,
2023/9/13 7:00,0.046,3.431,,,,,,,,,,,
2023/9/13 8:00,0.014,2.484,,,,,,,,,,,
2023/9/13 9:00,0.006,1.989,,,,,,,,,,,
2023/9/13 10:00,0.114,4.568,,,,,,,,,,,
2023/9/13 11:00,0.329,6.604,,,,,,,,,,,
2023/9/13 12:00,0.485,7.742,,,,,,,,,,,
2023/9/13 13:00,0.593,8.546,,,,,,,,,,,
2023/9/13 14:00,0.607,8.651,,,,,,,,,,,
2023/9/13 15:00,0.595,8.562,,,,,,,,,,,
2023/9/13 16:00,0.564,8.319,,,,,,,,,,,
2023/9/13 17:00,0.541,8.15,,,,,,,,,,,
2023/9/13 18:00,0.533,8.097,,,,,,,,,,,
2023/9/13 19:00,0.523,8.024,,,,,,,,,,,
2023/9/13 20:00,0.514,7.961,,,,,,,,,,,
2023/9/13 21:00,0.509,7.919,,,,,,,,,,,
2023/9/13 22:00,0.416,7.241,,,,,,,,,,,
2023/9/13 23:00,0.297,6.35,,,,,,,,,,,
2023/9/14 0:00,0.3,6.38,,,,,,,,,,,
2023/9/14 1:00,0.192,5.442,,,,,,,,,,,
2023/9/14 2:00,0.114,4.561,,,,,,,,,,,
2023/9/14 3:00,0.101,4.372,,,,,,,,,,,
2023/9/14 4:00,0.104,4.431,,,,,,,,,,,
2023/9/14 5:00,0.117,4.6,,,,,,,,,,,
2023/9/14 6:00,0.141,4.899,,,,,,,,,,,
2023/9/14 7:00,0.194,5.45,,,,,,,,,,,
2023/9/14 8:00,0.313,6.478,,,,,,,,,,,
2023/9/14 9:00,0.561,8.304,,,,,,,,,,,
2023/9/14 10:00,0.8,10.44,,,,,,,,,,,
2023/9/14 11:00,0.811,10.579,,,,,,,,,,,
2023/9/14 12:00,0.734,9.736,,,,,,,,,,,
2023/9/14 13:00,0.689,9.33,,,,,,,,,,,
2023/9/14 14:00,0.662,9.105,,,,,,,,,,,
2023/9/14 15:00,0.644,8.95,,,,,,,,,,,
2023/9/14 16:00,0.644,8.953,,,,,,,,,,,
2023/9/14 17:00,0.657,9.049,,,,,,,,,,,
2023/9/14 18:00,0.664,9.118,,,,,,,,,,,
2023/9/14 19:00,0.664,9.12,,,,,,,,,,,
2023/9/14 20:00,0.66,9.081,,,,,,,,,,,
2023/9/14 21:00,0.659,9.072,,,,,,,,,,,
2023/9/14 22:00,0.594,8.558,,,,,,,,,,,
2023/9/14 23:00,0.498,7.842,,,,,,,,,,,
2023/9/15 0:00,0.75,9.896,,,,,,,,,,,
2023/9/15 1:00,0.683,9.283,,,,,,,,,,,
2023/9/15 2:00,0.508,7.914,,,,,,,,,,,
2023/9/15 3:00,0.387,7.044,,,,,,,,,,,
2023/9/15 4:00,0.368,6.889,,,,,,,,,,,
2023/9/15 5:00,0.401,7.135,,,,,,,,,,,
2023/9/15 6:00,0.45,7.499,,,,,,,,,,,
2023/9/15 7:00,0.503,7.87,,,,,,,,,,,
2023/9/15 8:00,0.565,8.339,,,,,,,,,,,
2023/9/15 9:00,0.647,8.977,,,,,,,,,,,
2023/9/15 10:00,0.783,10.259,,,,,,,,,,,
2023/9/15 11:00,0.806,10.528,,,,,,,,,,,
2023/9/15 12:00,0.77,10.11,,,,,,,,,,,
2023/9/15 13:00,0.734,9.74,,,,,,,,,,,
2023/9/15 14:00,0.71,9.512,,,,,,,,,,,
2023/9/15 15:00,0.652,9.01,,,,,,,,,,,
2023/9/15 16:00,0.655,9.037,,,,,,,,,,,
2023/9/15 17:00,0.587,8.5,,,,,,,,,,,
2023/9/15 18:00,0.418,7.27,,,,,,,,,,,
2023/9/15 19:00,0.272,6.152,,,,,,,,,,,
2023/9/15 20:00,0.195,5.468,,,,,,,,,,,
2023/9/15 21:00,0.148,4.976,,,,,,,,,,,
2023/9/15 22:00,0.11,4.512,,,,,,,,,,,
2023/9/15 23:00,0.076,4,,,,,,,,,,,
2023/9/16 0:00,0.042,3.34,,,,,,,,,,,
2023/9/16 1:00,0.013,2.421,,,,,,,,,,,
2023/9/16 2:00,0.003,1.672,,,,,,,,,,,
2023/9/16 3:00,0.001,1.279,,,,,,,,,,,
2023/9/16 4:00,0,0.913,,,,,,,,,,,
2023/9/16 5:00,0.002,1.618,,,,,,,,,,,
2023/9/16 6:00,0.014,2.484,,,,,,,,,,,
2023/9/16 7:00,0.028,2.968,,,,,,,,,,,
2023/9/16 8:00,0.063,3.784,,,,,,,,,,,
2023/9/16 9:00,0.145,4.94,,,,,,,,,,,
2023/9/16 10:00,0.218,5.683,,,,,,,,,,,
2023/9/16 11:00,0.198,5.501,,,,,,,,,,,
2023/9/16 12:00,0.141,4.896,,,,,,,,,,,
2023/9/16 13:00,0.087,4.176,,,,,,,,,,,
2023/9/16 14:00,0.052,3.562,,,,,,,,,,,
2023/9/16 15:00,0.035,3.164,,,,,,,,,,,
2023/9/16 16:00,0.034,3.135,,,,,,,,,,,
2023/9/16 17:00,0.05,3.525,,,,,,,,,,,
2023/9/16 18:00,0.056,3.629,,,,,,,,,,,
2023/9/16 19:00,0.049,3.495,,,,,,,,,,,
2023/9/16 20:00,0.057,3.661,,,,,,,,,,,
2023/9/16 21:00,0.097,4.328,,,,,,,,,,,
2023/9/16 22:00,0.14,4.876,,,,,,,,,,,
2023/9/16 23:00,0.113,4.547,,,,,,,,,,,
2023/9/17 0:00,0.248,5.948,,,,,,,,,,,
2023/9/17 1:00,0.311,6.466,,,,,,,,,,,
2023/9/17 2:00,0.297,6.349,,,,,,,,,,,
2023/9/17 3:00,0.268,6.122,,,,,,,,,,,
2023/9/17 4:00,0.242,5.899,,,,,,,,,,,
2023/9/17 5:00,0.191,5.435,,,,,,,,,,,
2023/9/17 6:00,0.125,4.71,,,,,,,,,,,
2023/9/17 7:00,0.214,5.654,,,,,,,,,,,
2023/9/17 8:00,0.372,6.923,,,,,,,,,,,
2023/9/17 9:00,0.406,7.172,,,,,,,,,,,
2023/9/17 10:00,0.336,6.659,,,,,,,,,,,
2023/9/17 11:00,0.244,5.919,,,,,,,,,,,
2023/9/17 12:00,0.147,4.973,,,,,,,,,,,
2023/9/17 13:00,0.12,4.639,,,,,,,,,,,
2023/9/17 14:00,0.083,4.117,,,,,,,,,,,
2023/9/17 15:00,0.039,3.274,,,,,,,,,,,
2023/9/17 16:00,0.032,3.076,,,,,,,,,,,
2023/9/17 17:00,0.023,2.792,,,,,,,,,,,
2023/9/17 18:00,0.023,2.807,,,,,,,,,,,
2023/9/17 19:00,0.026,2.92,,,,,,,,,,,
2023/9/17 20:00,0.037,3.218,,,,,,,,,,,
2023/9/17 21:00,0.086,4.159,,,,,,,,,,,
2023/9/17 22:00,0.174,5.259,,,,,,,,,,,
2023/9/17 23:00,0.128,4.749,,,,,,,,,,,
2023/9/18 0:00,0.128,4.742,,,,,,,,,,,
2023/9/18 1:00,0.365,6.877,,,,,,,,,,,
2023/9/18 2:00,0.549,8.215,,,,,,,,,,,
2023/9/18 3:00,0.685,9.295,,,,,,,,,,,
2023/9/18 4:00,0.801,10.459,,,,,,,,,,,
2023/9/18 5:00,0.866,11.372,,,,,,,,,,,
2023/9/18 6:00,0.884,11.666,,,,,,,,,,,
2023/9/18 7:00,0.873,11.482,,,,,,,,,,,
2023/9/18 8:00,0.859,11.241,,,,,,,,,,,
2023/9/18 9:00,0.81,10.573,,,,,,,,,,,
2023/9/18 10:00,0.727,9.674,,,,,,,,,,,
2023/9/18 11:00,0.565,8.331,,,,,,,,,,,
2023/9/18 12:00,0.438,7.409,,,,,,,,,,,
2023/9/18 13:00,0.375,6.946,,,,,,,,,,,
2023/9/18 14:00,0.339,6.673,,,,,,,,,,,
2023/9/18 15:00,0.301,6.389,,,,,,,,,,,
2023/9/18 16:00,0.265,6.092,,,,,,,,,,,
2023/9/18 17:00,0.262,6.069,,,,,,,,,,,
2023/9/18 18:00,0.292,6.317,,,,,,,,,,,
2023/9/18 19:00,0.35,6.76,,,,,,,,,,,
2023/9/18 20:00,0.416,7.251,,,,,,,,,,,
2023/9/18 21:00,0.445,7.461,,,,,,,,,,,
2023/9/18 22:00,0.394,7.084,,,,,,,,,,,
2023/9/18 23:00,0.399,7.122,,,,,,,,,,,
2023/9/19 0:00,0.698,9.413,,,,,,,,,,,
2023/9/19 1:00,0.682,9.26,,,,,,,,,,,
2023/9/19 2:00,0.551,8.232,,,,,,,,,,,
2023/9/19 3:00,0.472,7.647,,,,,,,,,,,
2023/9/19 4:00,0.459,7.565,,,,,,,,,,,
2023/9/19 5:00,0.423,7.303,,,,,,,,,,,
2023/9/19 6:00,0.373,6.935,,,,,,,,,,,
2023/9/19 7:00,0.328,6.594,,,,,,,,,,,
2023/9/19 8:00,0.315,6.487,,,,,,,,,,,
2023/9/19 9:00,0.323,6.561,,,,,,,,,,,
2023/9/19 10:00,0.364,6.865,,,,,,,,,,,
2023/9/19 11:00,0.339,6.683,,,,,,,,,,,
2023/9/19 12:00,0.277,6.188,,,,,,,,,,,
2023/9/19 13:00,0.198,5.498,,,,,,,,,,,
2023/9/19 14:00,0.129,4.752,,,,,,,,,,,
2023/9/19 15:00,0.074,3.967,,,,,,,,,,,
2023/9/19 16:00,0.047,3.444,,,,,,,,,,,
2023/9/19 17:00,0.061,3.729,,,,,,,,,,,
2023/9/19 18:00,0.11,4.516,,,,,,,,,,,
2023/9/19 19:00,0.174,5.263,,,,,,,,,,,
2023/9/19 20:00,0.251,5.972,,,,,,,,,,,
2023/9/19 21:00,0.32,6.534,,,,,,,,,,,
2023/9/19 22:00,0.299,6.367,,,,,,,,,,,
2023/9/19 23:00,0.133,4.796,,,,,,,,,,,
2023/9/20 0:00,0.12,4.635,,,,,,,,,,,
2023/9/20 1:00,0.135,4.83,,,,,,,,,,,
2023/9/20 2:00,0.14,4.89,,,,,,,,,,,
2023/9/20 3:00,0.144,4.932,,,,,,,,,,,
2023/9/20 4:00,0.145,4.947,,,,,,,,,,,
2023/9/20 5:00,0.141,4.894,,,,,,,,,,,
2023/9/20 6:00,0.116,4.59,,,,,,,,,,,
2023/9/20 7:00,0.101,4.375,,,,,,,,,,,
2023/9/20 8:00,0.088,4.198,,,,,,,,,,,
2023/9/20 9:00,0.07,3.903,,,,,,,,,,,
2023/9/20 10:00,0.075,3.989,,,,,,,,,,,
2023/9/20 11:00,0.085,4.141,,,,,,,,,,,
2023/9/20 12:00,0.109,4.499,,,,,,,,,,,
2023/9/20 13:00,0.192,5.442,,,,,,,,,,,
2023/9/20 14:00,0.316,6.508,,,,,,,,,,,
2023/9/20 15:00,0.421,7.291,,,,,,,,,,,
2023/9/20 16:00,0.511,7.94,,,,,,,,,,,
2023/9/20 17:00,0.553,8.25,,,,,,,,,,,
2023/9/20 18:00,0.564,8.32,,,,,,,,,,,
2023/9/20 19:00,0.591,8.526,,,,,,,,,,,
2023/9/20 20:00,0.621,8.759,,,,,,,,,,,
2023/9/20 21:00,0.626,8.797,,,,,,,,,,,
2023/9/20 22:00,0.592,8.531,,,,,,,,,,,
2023/9/20 23:00,0.301,6.386,,,,,,,,,,,
2023/9/21 0:00,0.206,5.561,,,,,,,,,,,
2023/9/21 1:00,0.27,6.139,,,,,,,,,,,
2023/9/21 2:00,0.219,5.691,,,,,,,,,,,
2023/9/21 3:00,0.181,5.334,,,,,,,,,,,
2023/9/21 4:00,0.163,5.143,,,,,,,,,,,
2023/9/21 5:00,0.161,5.118,,,,,,,,,,,
2023/9/21 6:00,0.16,5.107,,,,,,,,,,,
2023/9/21 7:00,0.144,4.935,,,,,,,,,,,
2023/9/21 8:00,0.113,4.547,,,,,,,,,,,
2023/9/21 9:00,0.044,3.371,,,,,,,,,,,
2023/9/21 10:00,0.006,1.977,,,,,,,,,,,
2023/9/21 11:00,0.001,1.211,,,,,,,,,,,
2023/9/21 12:00,0.025,2.878,,,,,,,,,,,
2023/9/21 13:00,0.141,4.901,,,,,,,,,,,
2023/9/21 14:00,0.307,6.434,,,,,,,,,,,
2023/9/21 15:00,0.456,7.534,,,,,,,,,,,
2023/9/21 16:00,0.559,8.293,,,,,,,,,,,
2023/9/21 17:00,0.544,8.171,,,,,,,,,,,
2023/9/21 18:00,0.275,6.181,,,,,,,,,,,
2023/9/21 19:00,0.188,5.401,,,,,,,,,,,
2023/9/21 20:00,0.232,5.8,,,,,,,,,,,
2023/9/21 21:00,0.349,6.747,,,,,,,,,,,
2023/9/21 22:00,0.428,7.334,,,,,,,,,,,
2023/9/21 23:00,0.571,8.382,,,,,,,,,,,
2023/9/22 0:00,0.789,10.319,,,,,,,,,,,
2023/9/22 1:00,0.743,9.825,,,,,,,,,,,
2023/9/22 2:00,0.666,9.134,,,,,,,,,,,
2023/9/22 3:00,0.63,8.829,,,,,,,,,,,
2023/9/22 4:00,0.601,8.61,,,,,,,,,,,
2023/9/22 5:00,0.561,8.299,,,,,,,,,,,
2023/9/22 6:00,0.497,7.832,,,,,,,,,,,
2023/9/22 7:00,0.434,7.376,,,,,,,,,,,
2023/9/22 8:00,0.35,6.754,,,,,,,,,,,
2023/9/22 9:00,0.234,5.831,,,,,,,,,,,
2023/9/22 10:00,0.218,5.683,,,,,,,,,,,
2023/9/22 11:00,0.186,5.376,,,,,,,,,,,
2023/9/22 12:00,0.161,5.125,,,,,,,,,,,
2023/9/22 13:00,0.113,4.552,,,,,,,,,,,
2023/9/22 14:00,0.054,3.597,,,,,,,,,,,
2023/9/22 15:00,0.019,2.657,,,,,,,,,,,
2023/9/22 16:00,0.008,2.134,,,,,,,,,,,
2023/9/22 17:00,0.007,2.104,,,,,,,,,,,
2023/9/22 18:00,0.014,2.46,,,,,,,,,,,
2023/9/22 19:00,0.024,2.853,,,,,,,,,,,
2023/9/22 20:00,0.03,3.019,,,,,,,,,,,
2023/9/22 21:00,0.022,2.771,,,,,,,,,,,
2023/9/22 22:00,0.012,2.365,,,,,,,,,,,
2023/9/22 23:00,0.004,1.844,,,,,,,,,,,
2023/9/23 0:00,0.015,2.523,,,,,,,,,,,
2023/9/23 1:00,0.05,3.52,,,,,,,,,,,
2023/9/23 2:00,0.067,3.858,,,,,,,,,,,
2023/9/23 3:00,0.076,4.007,,,,,,,,,,,
2023/9/23 4:00,0.087,4.175,,,,,,,,,,,
2023/9/23 5:00,0.105,4.445,,,,,,,,,,,
2023/9/23 6:00,0.134,4.822,,,,,,,,,,,
2023/9/23 7:00,0.185,5.375,,,,,,,,,,,
2023/9/23 8:00,0.3,6.37,,,,,,,,,,,
2023/9/23 9:00,0.533,8.097,,,,,,,,,,,
2023/9/23 10:00,0.729,9.7,,,,,,,,,,,
2023/9/23 11:00,0.71,9.508,,,,,,,,,,,
2023/9/23 12:00,0.652,9.014,,,,,,,,,,,
2023/9/23 13:00,0.612,8.698,,,,,,,,,,,
2023/9/23 14:00,0.605,8.64,,,,,,,,,,,
2023/9/23 15:00,0.602,8.621,,,,,,,,,,,
2023/9/23 16:00,0.575,8.403,,,,,,,,,,,
2023/9/23 17:00,0.537,8.12,,,,,,,,,,,
2023/9/23 18:00,0.519,7.989,,,,,,,,,,,
2023/9/23 19:00,0.517,7.981,,,,,,,,,,,
2023/9/23 20:00,0.513,7.954,,,,,,,,,,,
2023/9/23 21:00,0.522,8.018,,,,,,,,,,,
2023/9/23 22:00,0.491,7.796,,,,,,,,,,,
2023/9/23 23:00,0.32,6.538,,,,,,,,,,,
2023/9/24 0:00,0.314,6.484,,,,,,,,,,,
2023/9/24 1:00,0.467,7.616,,,,,,,,,,,
2023/9/24 2:00,0.541,8.156,,,,,,,,,,,
2023/9/24 3:00,0.594,8.559,,,,,,,,,,,
2023/9/24 4:00,0.589,8.516,,,,,,,,,,,
2023/9/24 5:00,0.587,8.491,,,,,,,,,,,
2023/9/24 6:00,0.565,8.324,,,,,,,,,,,
2023/9/24 7:00,0.563,8.317,,,,,,,,,,,
2023/9/24 8:00,0.508,7.913,,,,,,,,,,,
2023/9/24 9:00,0.457,7.551,,,,,,,,,,,
2023/9/24 10:00,0.539,8.142,,,,,,,,,,,
2023/9/24 11:00,0.552,8.237,,,,,,,,,,,
2023/9/24 12:00,0.541,8.155,,,,,,,,,,,
2023/9/24 13:00,0.514,7.963,,,,,,,,,,,
2023/9/24 14:00,0.511,7.936,,,,,,,,,,,
2023/9/24 15:00,0.547,8.202,,,,,,,,,,,
2023/9/24 16:00,0.565,8.332,,,,,,,,,,,
2023/9/24 17:00,0.553,8.239,,,,,,,,,,,
2023/9/24 18:00,0.515,7.967,,,,,,,,,,,
2023/9/24 19:00,0.466,7.613,,,,,,,,,,,
2023/9/24 20:00,0.403,7.153,,,,,,,,,,,
2023/9/24 21:00,0.346,6.73,,,,,,,,,,,
2023/9/24 22:00,0.335,6.656,,,,,,,,,,,
2023/9/24 23:00,0.125,4.709,,,,,,,,,,,
2023/9/25 0:00,0.021,2.741,,,,,,,,,,,
2023/9/25 1:00,0.003,1.776,,,,,,,,,,,
2023/9/25 2:00,0.003,1.779,,,,,,,,,,,
2023/9/25 3:00,0.005,1.924,,,,,,,,,,,
2023/9/25 4:00,0.004,1.813,,,,,,,,,,,
2023/9/25 5:00,0.002,1.602,,,,,,,,,,,
2023/9/25 6:00,0.001,1.344,,,,,,,,,,,
2023/9/25 7:00,0.006,2.032,,,,,,,,,,,
2023/9/25 8:00,0.06,3.709,,,,,,,,,,,
2023/9/25 9:00,0.278,6.194,,,,,,,,,,,
2023/9/25 10:00,0.541,8.153,,,,,,,,,,,
2023/9/25 11:00,0.628,8.82,,,,,,,,,,,
2023/9/25 12:00,0.63,8.828,,,,,,,,,,,
2023/9/25 13:00,0.598,8.591,,,,,,,,,,,
2023/9/25 14:00,0.581,8.459,,,,,,,,,,,
2023/9/25 15:00,0.568,8.353,,,,,,,,,,,
2023/9/25 16:00,0.538,8.137,,,,,,,,,,,
2023/9/25 17:00,0.484,7.736,,,,,,,,,,,
2023/9/25 18:00,0.441,7.421,,,,,,,,,,,
2023/9/25 19:00,0.388,7.046,,,,,,,,,,,
2023/9/25 20:00,0.35,6.761,,,,,,,,,,,
2023/9/25 21:00,0.339,6.68,,,,,,,,,,,
2023/9/25 22:00,0.314,6.482,,,,,,,,,,,
2023/9/25 23:00,0.219,5.692,,,,,,,,,,,
2023/9/26 0:00,0.081,4.088,,,,,,,,,,,
2023/9/26 1:00,0.053,3.58,,,,,,,,,,,
2023/9/26 2:00,0.09,4.234,,,,,,,,,,,
2023/9/26 3:00,0.089,4.205,,,,,,,,,,,
2023/9/26 4:00,0.069,3.873,,,,,,,,,,,
2023/9/26 5:00,0.046,3.431,,,,,,,,,,,
2023/9/26 6:00,0.04,3.294,,,,,,,,,,,
2023/9/26 7:00,0.053,3.587,,,,,,,,,,,
2023/9/26 8:00,0.06,3.712,,,,,,,,,,,
2023/9/26 9:00,0.099,4.355,,,,,,,,,,,
2023/9/26 10:00,0.217,5.678,,,,,,,,,,,
2023/9/26 11:00,0.342,6.704,,,,,,,,,,,
2023/9/26 12:00,0.441,7.428,,,,,,,,,,,
2023/9/26 13:00,0.515,7.971,,,,,,,,,,,
2023/9/26 14:00,0.583,8.47,,,,,,,,,,,
2023/9/26 15:00,0.63,8.84,,,,,,,,,,,
2023/9/26 16:00,0.639,8.9,,,,,,,,,,,
2023/9/26 17:00,0.592,8.541,,,,,,,,,,,
2023/9/26 18:00,0.541,8.161,,,,,,,,,,,
2023/9/26 19:00,0.476,7.685,,,,,,,,,,,
2023/9/26 20:00,0.415,7.237,,,,,,,,,,,
2023/9/26 21:00,0.341,6.688,,,,,,,,,,,
2023/9/26 22:00,0.285,6.256,,,,,,,,,,,
2023/9/26 23:00,0.156,5.058,,,,,,,,,,,
2023/9/27 0:00,0.13,4.769,,,,,,,,,,,
2023/9/27 1:00,0.418,7.266,,,,,,,,,,,
2023/9/27 2:00,0.587,8.496,,,,,,,,,,,
2023/9/27 3:00,0.689,9.333,,,,,,,,,,,
2023/9/27 4:00,0.756,9.97,,,,,,,,,,,
2023/9/27 5:00,0.815,10.626,,,,,,,,,,,
2023/9/27 6:00,0.855,11.195,,,,,,,,,,,
2023/9/27 7:00,0.877,11.551,,,,,,,,,,,
2023/9/27 8:00,0.86,11.265,,,,,,,,,,,
2023/9/27 9:00,0.795,10.387,,,,,,,,,,,
2023/9/27 10:00,0.789,10.318,,,,,,,,,,,
2023/9/27 11:00,0.773,10.142,,,,,,,,,,,
2023/9/27 12:00,0.731,9.721,,,,,,,,,,,
2023/9/27 13:00,0.704,9.47,,,,,,,,,,,
2023/9/27 14:00,0.713,9.545,,,,,,,,,,,
2023/9/27 15:00,0.715,9.563,,,,,,,,,,,
2023/9/27 16:00,0.7,9.422,,,,,,,,,,,
2023/9/27 17:00,0.669,9.151,,,,,,,,,,,
2023/9/27 18:00,0.63,8.84,,,,,,,,,,,
2023/9/27 19:00,0.593,8.543,,,,,,,,,,,
2023/9/27 20:00,0.568,8.359,,,,,,,,,,,
2023/9/27 21:00,0.549,8.22,,,,,,,,,,,
2023/9/27 22:00,0.517,7.979,,,,,,,,,,,
2023/9/27 23:00,0.272,6.158,,,,,,,,,,,
2023/9/28 0:00,0.233,5.819,,,,,,,,,,,
2023/9/28 1:00,0.32,6.534,,,,,,,,,,,
2023/9/28 2:00,0.292,6.316,,,,,,,,,,,
2023/9/28 3:00,0.276,6.183,,,,,,,,,,,
2023/9/28 4:00,0.273,6.161,,,,,,,,,,,
2023/9/28 5:00,0.301,6.39,,,,,,,,,,,
2023/9/28 6:00,0.339,6.676,,,,,,,,,,,
2023/9/28 7:00,0.338,6.668,,,,,,,,,,,
2023/9/28 8:00,0.246,5.932,,,,,,,,,,,
2023/9/28 9:00,0.097,4.325,,,,,,,,,,,
2023/9/28 10:00,0.02,2.712,,,,,,,,,,,
2023/9/28 11:00,0.001,1.284,,,,,,,,,,,
2023/9/28 12:00,0.007,2.094,,,,,,,,,,,
2023/9/28 13:00,0.113,4.546,,,,,,,,,,,
2023/9/28 14:00,0.349,6.751,,,,,,,,,,,
2023/9/28 15:00,0.552,8.234,,,,,,,,,,,
2023/9/28 16:00,0.598,8.583,,,,,,,,,,,
2023/9/28 17:00,0.594,8.554,,,,,,,,,,,
2023/9/28 18:00,0.63,8.838,,,,,,,,,,,
2023/9/28 19:00,0.669,9.157,,,,,,,,,,,
2023/9/28 20:00,0.65,8.993,,,,,,,,,,,
2023/9/28 21:00,0.589,8.521,,,,,,,,,,,
2023/9/28 22:00,0.544,8.183,,,,,,,,,,,
2023/9/28 23:00,0.295,6.34,,,,,,,,,,,
2023/9/29 0:00,0.324,6.567,,,,,,,,,,,
2023/9/29 1:00,0.695,9.386,,,,,,,,,,,
2023/9/29 2:00,0.829,10.816,,,,,,,,,,,
2023/9/29 3:00,0.871,11.442,,,,,,,,,,,
2023/9/29 4:00,0.919,12.413,,,,,,,,,,,
2023/9/29 5:00,0.944,13.161,,,,,,,,,,,
2023/9/29 6:00,0.95,13.357,,,,,,,,,,,
2023/9/29 7:00,0.941,13.062,,,,,,,,,,,
2023/9/29 8:00,0.911,12.225,,,,,,,,,,,
2023/9/29 9:00,0.829,10.816,,,,,,,,,,,
2023/9/29 10:00,0.774,10.16,,,,,,,,,,,
2023/9/29 11:00,0.76,10.004,,,,,,,,,,,
2023/9/29 12:00,0.734,9.744,,,,,,,,,,,
2023/9/29 13:00,0.735,9.759,,,,,,,,,,,
2023/9/29 14:00,0.776,10.172,,,,,,,,,,,
2023/9/29 15:00,0.792,10.352,,,,,,,,,,,
2023/9/29 16:00,0.792,10.353,,,,,,,,,,,
2023/9/29 17:00,0.788,10.309,,,,,,,,,,,
2023/9/29 18:00,0.788,10.315,,,,,,,,,,,
2023/9/29 19:00,0.789,10.32,,,,,,,,,,,
2023/9/29 20:00,0.769,10.097,,,,,,,,,,,
2023/9/29 21:00,0.736,9.768,,,,,,,,,,,
2023/9/29 22:00,0.669,9.16,,,,,,,,,,,
2023/9/29 23:00,0.52,8.001,,,,,,,,,,,
2023/9/30 0:00,0.766,10.068,,,,,,,,,,,
2023/9/30 1:00,0.782,10.241,,,,,,,,,,,
2023/9/30 2:00,0.706,9.483,,,,,,,,,,,
2023/9/30 3:00,0.636,8.885,,,,,,,,,,,
2023/9/30 4:00,0.577,8.42,,,,,,,,,,,
2023/9/30 5:00,0.537,8.132,,,,,,,,,,,
2023/9/30 6:00,0.524,8.027,,,,,,,,,,,
2023/9/30 7:00,0.541,8.152,,,,,,,,,,,
2023/9/30 8:00,0.571,8.382,,,,,,,,,,,
2023/9/30 9:00,0.537,8.122,,,,,,,,,,,
2023/9/30 10:00,0.537,8.124,,,,,,,,,,,
2023/9/30 11:00,0.52,8.003,,,,,,,,,,,
2023/9/30 12:00,0.493,7.808,,,,,,,,,,,
2023/9/30 13:00,0.503,7.882,,,,,,,,,,,
2023/9/30 14:00,0.527,8.05,,,,,,,,,,,
2023/9/30 15:00,0.552,8.236,,,,,,,,,,,
2023/9/30 16:00,0.574,8.396,,,,,,,,,,,
2023/9/30 17:00,0.584,8.482,,,,,,,,,,,
2023/9/30 18:00,0.584,8.478,,,,,,,,,,,
2023/9/30 19:00,0.571,8.384,,,,,,,,,,,
2023/9/30 20:00,0.54,8.146,,,,,,,,,,,
2023/9/30 21:00,0.513,7.952,,,,,,,,,,,
2023/9/30 22:00,0.475,7.666,,,,,,,,,,,
2023/9/30 23:00,0.232,5.807,,,,,,,,,,,
2023/10/1 0:00,0.105,4.439,,,,,,,,,,,
2023/10/1 1:00,0.146,4.961,,,,,,,,,,,
2023/10/1 2:00,0.159,5.1,,,,,,,,,,,
2023/10/1 3:00,0.172,5.241,,,,,,,,,,,
2023/10/1 4:00,0.201,5.526,,,,,,,,,,,
2023/10/1 5:00,0.225,5.747,,,,,,,,,,,
2023/10/1 6:00,0.237,5.861,,,,,,,,,,,
2023/10/1 7:00,0.232,5.8,,,,,,,,,,,
2023/10/1 8:00,0.184,5.365,,,,,,,,,,,
2023/10/1 9:00,0.108,4.49,,,,,,,,,,,
2023/10/1 10:00,0.056,3.642,,,,,,,,,,,
2023/10/1 11:00,0.022,2.774,,,,,,,,,,,
2023/10/1 12:00,0.006,2.018,,,,,,,,,,,
2023/10/1 13:00,0.005,1.893,,,,,,,,,,,
2023/10/1 14:00,0.03,3.03,,,,,,,,,,,
2023/10/1 15:00,0.102,4.389,,,,,,,,,,,
2023/10/1 16:00,0.213,5.64,,,,,,,,,,,
2023/10/1 17:00,0.333,6.638,,,,,,,,,,,
2023/10/1 18:00,0.421,7.282,,,,,,,,,,,
2023/10/1 19:00,0.463,7.584,,,,,,,,,,,
2023/10/1 20:00,0.477,7.695,,,,,,,,,,,
2023/10/1 21:00,0.456,7.529,,,,,,,,,,,
2023/10/1 22:00,0.409,7.189,,,,,,,,,,,
2023/10/1 23:00,0.27,6.134,,,,,,,,,,,
2023/10/2 0:00,0.065,3.82,,,,,,,,,,,
2023/10/2 1:00,0.056,3.638,,,,,,,,,,,
2023/10/2 2:00,0.081,4.09,,,,,,,,,,,
2023/10/2 3:00,0.136,4.838,,,,,,,,,,,
2023/10/2 4:00,0.198,5.494,,,,,,,,,,,
2023/10/2 5:00,0.261,6.062,,,,,,,,,,,
2023/10/2 6:00,0.342,6.703,,,,,,,,,,,
2023/10/2 7:00,0.412,7.22,,,,,,,,,,,
2023/10/2 8:00,0.436,7.388,,,,,,,,,,,
2023/10/2 9:00,0.481,7.721,,,,,,,,,,,
2023/10/2 10:00,0.488,7.771,,,,,,,,,,,
2023/10/2 11:00,0.428,7.341,,,,,,,,,,,
2023/10/2 12:00,0.355,6.8,,,,,,,,,,,
2023/10/2 13:00,0.311,6.469,,,,,,,,,,,
2023/10/2 14:00,0.375,6.942,,,,,,,,,,,
2023/10/2 15:00,0.483,7.733,,,,,,,,,,,
2023/10/2 16:00,0.576,8.415,,,,,,,,,,,
2023/10/2 17:00,0.657,9.052,,,,,,,,,,,
2023/10/2 18:00,0.664,9.12,,,,,,,,,,,
2023/10/2 19:00,0.686,9.307,,,,,,,,,,,
2023/10/2 20:00,0.671,9.168,,,,,,,,,,,
2023/10/2 21:00,0.727,9.682,,,,,,,,,,,
2023/10/2 22:00,0.744,9.839,,,,,,,,,,,
2023/10/2 23:00,0.615,8.723,,,,,,,,,,,
2023/10/3 0:00,0.655,9.038,,,,,,,,,,,
2023/10/3 1:00,0.689,9.335,,,,,,,,,,,
2023/10/3 2:00,0.674,9.19,,,,,,,,,,,
2023/10/3 3:00,0.652,9.016,,,,,,,,,,,
2023/10/3 4:00,0.652,9.01,,,,,,,,,,,
2023/10/3 5:00,0.657,9.053,,,,,,,,,,,
2023/10/3 6:00,0.669,9.156,,,,,,,,,,,
2023/10/3 7:00,0.669,9.156,,,,,,,,,,,
2023/10/3 8:00,0.626,8.802,,,,,,,,,,,
2023/10/3 9:00,0.627,8.816,,,,,,,,,,,
2023/10/3 10:00,0.631,8.849,,,,,,,,,,,
2023/10/3 11:00,0.556,8.262,,,,,,,,,,,
2023/10/3 12:00,0.449,7.487,,,,,,,,,,,
2023/10/3 13:00,0.362,6.851,,,,,,,,,,,
2023/10/3 14:00,0.335,6.651,,,,,,,,,,,
2023/10/3 15:00,0.381,6.992,,,,,,,,,,,
2023/10/3 16:00,0.438,7.412,,,,,,,,,,,
2023/10/3 17:00,0.46,7.569,,,,,,,,,,,
2023/10/3 18:00,0.458,7.554,,,,,,,,,,,
2023/10/3 19:00,0.484,7.736,,,,,,,,,,,
2023/10/3 20:00,0.553,8.248,,,,,,,,,,,
2023/10/3 21:00,0.582,8.463,,,,,,,,,,,
2023/10/3 22:00,0.545,8.188,,,,,,,,,,,
2023/10/3 23:00,0.396,7.105,,,,,,,,,,,
2023/10/4 0:00,0.685,9.3,,,,,,,,,,,
2023/10/4 1:00,0.751,9.906,,,,,,,,,,,
2023/10/4 2:00,0.769,10.095,,,,,,,,,,,
2023/10/4 3:00,0.832,10.85,,,,,,,,,,,
2023/10/4 4:00,0.911,12.241,,,,,,,,,,,
2023/10/4 5:00,0.959,13.72,,,,,,,,,,,
2023/10/4 6:00,0.975,14.562,,,,,,,,,,,
2023/10/4 7:00,0.972,14.371,,,,,,,,,,,
2023/10/4 8:00,0.955,13.555,,,,,,,,,,,
2023/10/4 9:00,0.901,12.011,,,,,,,,,,,
2023/10/4 10:00,0.843,11.002,,,,,,,,,,,
2023/10/4 11:00,0.781,10.237,,,,,,,,,,,
2023/10/4 12:00,0.723,9.642,,,,,,,,,,,
2023/10/4 13:00,0.662,9.104,,,,,,,,,,,
2023/10/4 14:00,0.561,8.298,,,,,,,,,,,
2023/10/4 15:00,0.511,7.94,,,,,,,,,,,
2023/10/4 16:00,0.517,7.98,,,,,,,,,,,
2023/10/4 17:00,0.538,8.133,,,,,,,,,,,
2023/10/4 18:00,0.554,8.254,,,,,,,,,,,
2023/10/4 19:00,0.571,8.385,,,,,,,,,,,
2023/10/4 20:00,0.58,8.441,,,,,,,,,,,
2023/10/4 21:00,0.566,8.342,,,,,,,,,,,
2023/10/4 22:00,0.544,8.182,,,,,,,,,,,
2023/10/4 23:00,0.311,6.462,,,,,,,,,,,
2023/10/5 0:00,0.236,5.851,,,,,,,,,,,
2023/10/5 1:00,0.381,6.989,,,,,,,,,,,
2023/10/5 2:00,0.36,6.832,,,,,,,,,,,
2023/10/5 3:00,0.344,6.719,,,,,,,,,,,
2023/10/5 4:00,0.392,7.074,,,,,,,,,,,
2023/10/5 5:00,0.438,7.403,,,,,,,,,,,
2023/10/5 6:00,0.421,7.289,,,,,,,,,,,
2023/10/5 7:00,0.378,6.976,,,,,,,,,,,
2023/10/5 8:00,0.264,6.089,,,,,,,,,,,
2023/10/5 9:00,0.157,5.078,,,,,,,,,,,
2023/10/5 10:00,0.116,4.594,,,,,,,,,,,
2023/10/5 11:00,0.109,4.504,,,,,,,,,,,
2023/10/5 12:00,0.121,4.645,,,,,,,,,,,
2023/10/5 13:00,0.149,4.992,,,,,,,,,,,
2023/10/5 14:00,0.215,5.656,,,,,,,,,,,
2023/10/5 15:00,0.355,6.804,,,,,,,,,,,
2023/10/5 16:00,0.49,7.786,,,,,,,,,,,
2023/10/5 17:00,0.55,8.226,,,,,,,,,,,
2023/10/5 18:00,0.553,8.247,,,,,,,,,,,
2023/10/5 19:00,0.553,8.241,,,,,,,,,,,
2023/10/5 20:00,0.538,8.134,,,,,,,,,,,
2023/10/5 21:00,0.511,7.938,,,,,,,,,,,
2023/10/5 22:00,0.494,7.814,,,,,,,,,,,
2023/10/5 23:00,0.311,6.459,,,,,,,,,,,
2023/10/6 0:00,0.097,4.333,,,,,,,,,,,
2023/10/6 1:00,0.037,3.206,,,,,,,,,,,
2023/10/6 2:00,0.011,2.302,,,,,,,,,,,
2023/10/6 3:00,0.004,1.828,,,,,,,,,,,
2023/10/6 4:00,0.001,1.465,,,,,,,,,,,
2023/10/6 5:00,0.001,1.253,,,,,,,,,,,
2023/10/6 6:00,0.003,1.697,,,,,,,,,,,
2023/10/6 7:00,0.015,2.511,,,,,,,,,,,
2023/10/6 8:00,0.061,3.742,,,,,,,,,,,
2023/10/6 9:00,0.256,6.012,,,,,,,,,,,
2023/10/6 10:00,0.484,7.738,,,,,,,,,,,
2023/10/6 11:00,0.577,8.421,,,,,,,,,,,
2023/10/6 12:00,0.572,8.39,,,,,,,,,,,
2023/10/6 13:00,0.525,8.04,,,,,,,,,,,
2023/10/6 14:00,0.446,7.466,,,,,,,,,,,
2023/10/6 15:00,0.355,6.806,,,,,,,,,,,
2023/10/6 16:00,0.251,5.971,,,,,,,,,,,
2023/10/6 17:00,0.195,5.461,,,,,,,,,,,
2023/10/6 18:00,0.172,5.238,,,,,,,,,,,
2023/10/6 19:00,0.162,5.138,,,,,,,,,,,
2023/10/6 20:00,0.156,5.063,,,,,,,,,,,
2023/10/6 21:00,0.159,5.098,,,,,,,,,,,
2023/10/6 22:00,0.168,5.195,,,,,,,,,,,
2023/10/6 23:00,0.104,4.426,,,,,,,,,,,
2023/10/7 0:00,0.208,5.593,,,,,,,,,,,
2023/10/7 1:00,0.399,7.123,,,,,,,,,,,
2023/10/7 2:00,0.403,7.151,,,,,,,,,,,
2023/10/7 3:00,0.413,7.23,,,,,,,,,,,
2023/10/7 4:00,0.457,7.547,,,,,,,,,,,
2023/10/7 5:00,0.51,7.922,,,,,,,,,,,
2023/10/7 6:00,0.554,8.252,,,,,,,,,,,
2023/10/7 7:00,0.594,8.55,,,,,,,,,,,
2023/10/7 8:00,0.602,8.623,,,,,,,,,,,
2023/10/7 9:00,0.713,9.547,,,,,,,,,,,
2023/10/7 10:00,0.805,10.514,,,,,,,,,,,
2023/10/7 11:00,0.798,10.42,,,,,,,,,,,
2023/10/7 12:00,0.72,9.612,,,,,,,,,,,
2023/10/7 13:00,0.647,8.973,,,,,,,,,,,
2023/10/7 14:00,0.598,8.584,,,,,,,,,,,
2023/10/7 15:00,0.57,8.378,,,,,,,,,,,
2023/10/7 16:00,0.541,8.161,,,,,,,,,,,
2023/10/7 17:00,0.522,8.018,,,,,,,,,,,
2023/10/7 18:00,0.529,8.067,,,,,,,,,,,
2023/10/7 19:00,0.518,7.984,,,,,,,,,,,
2023/10/7 20:00,0.5,7.852,,,,,,,,,,,
2023/10/7 21:00,0.47,7.635,,,,,,,,,,,
2023/10/7 22:00,0.375,6.951,,,,,,,,,,,
2023/10/7 23:00,0.254,5.999,,,,,,,,,,,
2023/10/8 0:00,0.216,5.666,,,,,,,,,,,
2023/10/8 1:00,0.252,5.983,,,,,,,,,,,
2023/10/8 2:00,0.297,6.352,,,,,,,,,,,
2023/10/8 3:00,0.233,5.824,,,,,,,,,,,
2023/10/8 4:00,0.146,4.952,,,,,,,,,,,
2023/10/8 5:00,0.071,3.92,,,,,,,,,,,
2023/10/8 6:00,0.024,2.843,,,,,,,,,,,
2023/10/8 7:00,0.005,1.942,,,,,,,,,,,
2023/10/8 8:00,0.001,1.286,,,,,,,,,,,
2023/10/8 9:00,0,0.834,,,,,,,,,,,
2023/10/8 10:00,0,0.81,,,,,,,,,,,
2023/10/8 11:00,0.001,1.449,,,,,,,,,,,
2023/10/8 12:00,0.008,2.158,,,,,,,,,,,
2023/10/8 13:00,0.021,2.729,,,,,,,,,,,
2023/10/8 14:00,0.03,3.02,,,,,,,,,,,
2023/10/8 15:00,0.031,3.07,,,,,,,,,,,
2023/10/8 16:00,0.051,3.542,,,,,,,,,,,
2023/10/8 17:00,0.121,4.649,,,,,,,,,,,
2023/10/8 18:00,0.244,5.921,,,,,,,,,,,
2023/10/8 19:00,0.349,6.748,,,,,,,,,,,
2023/10/8 20:00,0.386,7.036,,,,,,,,,,,
2023/10/8 21:00,0.392,7.072,,,,,,,,,,,
2023/10/8 22:00,0.428,7.331,,,,,,,,,,,
2023/10/8 23:00,0.345,6.724,,,,,,,,,,,
2023/10/9 0:00,0.411,7.217,,,,,,,,,,,
2023/10/9 1:00,0.511,7.94,,,,,,,,,,,
2023/10/9 2:00,0.589,8.517,,,,,,,,,,,
2023/10/9 3:00,0.664,9.12,,,,,,,,,,,
2023/10/9 4:00,0.695,9.387,,,,,,,,,,,
2023/10/9 5:00,0.675,9.213,,,,,,,,,,,
2023/10/9 6:00,0.624,8.793,,,,,,,,,,,
2023/10/9 7:00,0.565,8.334,,,,,,,,,,,
2023/10/9 8:00,0.447,7.478,,,,,,,,,,,
2023/10/9 9:00,0.292,6.316,,,,,,,,,,,
2023/10/9 10:00,0.203,5.533,,,,,,,,,,,
2023/10/9 11:00,0.14,4.892,,,,,,,,,,,
2023/10/9 12:00,0.134,4.812,,,,,,,,,,,
2023/10/9 13:00,0.177,5.28,,,,,,,,,,,
2023/10/9 14:00,0.265,6.094,,,,,,,,,,,
2023/10/9 15:00,0.375,6.943,,,,,,,,,,,
2023/10/9 16:00,0.443,7.44,,,,,,,,,,,
2023/10/9 17:00,0.472,7.644,,,,,,,,,,,
2023/10/9 18:00,0.468,7.63,,,,,,,,,,,
2023/10/9 19:00,0.45,7.491,,,,,,,,,,,
2023/10/9 20:00,0.431,7.351,,,,,,,,,,,
2023/10/9 21:00,0.403,7.157,,,,,,,,,,,
2023/10/9 22:00,0.39,7.066,,,,,,,,,,,
2023/10/9 23:00,0.259,6.041,,,,,,,,,,,
2023/10/10 0:00,0.079,4.057,,,,,,,,,,,
2023/10/10 1:00,0.031,3.069,,,,,,,,,,,
2023/10/10 2:00,0.019,2.679,,,,,,,,,,,
2023/10/10 3:00,0.017,2.582,,,,,,,,,,,
2023/10/10 4:00,0.012,2.385,,,,,,,,,,,
2023/10/10 5:00,0.007,2.061,,,,,,,,,,,
2023/10/10 6:00,0.003,1.689,,,,,,,,,,,
2023/10/10 7:00,0.001,1.322,,,,,,,,,,,
2023/10/10 8:00,0,0.787,,,,,,,,,,,
2023/10/10 9:00,0,0.878,,,,,,,,,,,
2023/10/10 10:00,0.005,1.911,,,,,,,,,,,
2023/10/10 11:00,0.024,2.863,,,,,,,,,,,
2023/10/10 12:00,0.056,3.642,,,,,,,,,,,
2023/10/10 13:00,0.088,4.198,,,,,,,,,,,
2023/10/10 14:00,0.109,4.502,,,,,,,,,,,
2023/10/10 15:00,0.108,4.486,,,,,,,,,,,
2023/10/10 16:00,0.089,4.218,,,,,,,,,,,
2023/10/10 17:00,0.067,3.853,,,,,,,,,,,
2023/10/10 18:00,0.053,3.58,,,,,,,,,,,
2023/10/10 19:00,0.046,3.436,,,,,,,,,,,
2023/10/10 20:00,0.045,3.402,,,,,,,,,,,
2023/10/10 21:00,0.048,3.463,,,,,,,,,,,
2023/10/10 22:00,0.052,3.56,,,,,,,,,,,
2023/10/10 23:00,0.046,3.433,,,,,,,,,,,
2023/10/11 0:00,0.01,2.268,,,,,,,,,,,
2023/10/11 1:00,0.012,2.399,,,,,,,,,,,
2023/10/11 2:00,0.02,2.696,,,,,,,,,,,
2023/10/11 3:00,0.025,2.87,,,,,,,,,,,
2023/10/11 4:00,0.025,2.87,,,,,,,,,,,
2023/10/11 5:00,0.02,2.694,,,,,,,,,,,
2023/10/11 6:00,0.012,2.364,,,,,,,,,,,
2023/10/11 7:00,0.005,1.933,,,,,,,,,,,
2023/10/11 8:00,0.002,1.519,,,,,,,,,,,
2023/10/11 9:00,0.023,2.801,,,,,,,,,,,
2023/10/11 10:00,0.123,4.683,,,,,,,,,,,
2023/10/11 11:00,0.232,5.799,,,,,,,,,,,
2023/10/11 12:00,0.286,6.263,,,,,,,,,,,
2023/10/11 13:00,0.296,6.346,,,,,,,,,,,
2023/10/11 14:00,0.264,6.083,,,,,,,,,,,
2023/10/11 15:00,0.243,5.906,,,,,,,,,,,
2023/10/11 16:00,0.252,5.989,,,,,,,,,,,
2023/10/11 17:00,0.234,5.834,,,,,,,,,,,
2023/10/11 18:00,0.22,5.696,,,,,,,,,,,
2023/10/11 19:00,0.232,5.806,,,,,,,,,,,
2023/10/11 20:00,0.245,5.926,,,,,,,,,,,
2023/10/11 21:00,0.226,5.761,,,,,,,,,,,
2023/10/11 22:00,0.209,5.602,,,,,,,,,,,
2023/10/11 23:00,0.155,5.048,,,,,,,,,,,
2023/10/12 0:00,0.071,3.915,,,,,,,,,,,
2023/10/12 1:00,0.096,4.32,,,,,,,,,,,
2023/10/12 2:00,0.065,3.817,,,,,,,,,,,
2023/10/12 3:00,0.047,3.447,,,,,,,,,,,
2023/10/12 4:00,0.054,3.597,,,,,,,,,,,
2023/10/12 5:00,0.065,3.821,,,,,,,,,,,
2023/10/12 6:00,0.089,4.22,,,,,,,,,,,
2023/10/12 7:00,0.143,4.921,,,,,,,,,,,
2023/10/12 8:00,0.258,6.031,,,,,,,,,,,
2023/10/12 9:00,0.407,7.183,,,,,,,,,,,
2023/10/12 10:00,0.472,7.645,,,,,,,,,,,
2023/10/12 11:00,0.45,7.497,,,,,,,,,,,
2023/10/12 12:00,0.425,7.319,,,,,,,,,,,
2023/10/12 13:00,0.405,7.168,,,,,,,,,,,
2023/10/12 14:00,0.385,7.025,,,,,,,,,,,
2023/10/12 15:00,0.368,6.901,,,,,,,,,,,
2023/10/12 16:00,0.37,6.912,,,,,,,,,,,
2023/10/12 17:00,0.39,7.064,,,,,,,,,,,
2023/10/12 18:00,0.416,7.243,,,,,,,,,,,
2023/10/12 19:00,0.43,7.347,,,,,,,,,,,
2023/10/12 20:00,0.418,7.261,,,,,,,,,,,
2023/10/12 21:00,0.416,7.241,,,,,,,,,,,
2023/10/12 22:00,0.42,7.275,,,,,,,,,,,
2023/10/12 23:00,0.312,6.474,,,,,,,,,,,
2023/10/13 0:00,0.174,5.263,,,,,,,,,,,
2023/10/13 1:00,0.18,5.316,,,,,,,,,,,
2023/10/13 2:00,0.134,4.819,,,,,,,,,,,
2023/10/13 3:00,0.097,4.33,,,,,,,,,,,
2023/10/13 4:00,0.088,4.199,,,,,,,,,,,
2023/10/13 5:00,0.108,4.487,,,,,,,,,,,
2023/10/13 6:00,0.141,4.902,,,,,,,,,,,
2023/10/13 7:00,0.175,5.267,,,,,,,,,,,
2023/10/13 8:00,0.197,5.491,,,,,,,,,,,
2023/10/13 9:00,0.253,5.996,,,,,,,,,,,
2023/10/13 10:00,0.306,6.428,,,,,,,,,,,
2023/10/13 11:00,0.304,6.412,,,,,,,,,,,
2023/10/13 12:00,0.315,6.49,,,,,,,,,,,
2023/10/13 13:00,0.41,7.206,,,,,,,,,,,
2023/10/13 14:00,0.556,8.265,,,,,,,,,,,
2023/10/13 15:00,0.646,8.971,,,,,,,,,,,
2023/10/13 16:00,0.677,9.226,,,,,,,,,,,
2023/10/13 17:00,0.682,9.268,,,,,,,,,,,
2023/10/13 18:00,0.661,9.09,,,,,,,,,,,
2023/10/13 19:00,0.638,8.897,,,,,,,,,,,
2023/10/13 20:00,0.622,8.774,,,,,,,,,,,
2023/10/13 21:00,0.615,8.719,,,,,,,,,,,
2023/10/13 22:00,0.626,8.8,,,,,,,,,,,
2023/10/13 23:00,0.455,7.526,,,,,,,,,,,
2023/10/14 0:00,0.191,5.426,,,,,,,,,,,
2023/10/14 1:00,0.217,5.675,,,,,,,,,,,
2023/10/14 2:00,0.18,5.312,,,,,,,,,,,
2023/10/14 3:00,0.19,5.424,,,,,,,,,,,
2023/10/14 4:00,0.216,5.664,,,,,,,,,,,
2023/10/14 5:00,0.218,5.684,,,,,,,,,,,
2023/10/14 6:00,0.194,5.452,,,,,,,,,,,
2023/10/14 7:00,0.159,5.099,,,,,,,,,,,
2023/10/14 8:00,0.097,4.338,,,,,,,,,,,
2023/10/14 9:00,0.095,4.308,,,,,,,,,,,
2023/10/14 10:00,0.214,5.645,,,,,,,,,,,
2023/10/14 11:00,0.423,7.304,,,,,,,,,,,
2023/10/14 12:00,0.63,8.832,,,,,,,,,,,
2023/10/14 13:00,0.806,10.519,,,,,,,,,,,
2023/10/14 14:00,0.879,11.579,,,,,,,,,,,
2023/10/14 15:00,0.857,11.222,,,,,,,,,,,
2023/10/14 16:00,0.797,10.405,,,,,,,,,,,
2023/10/14 17:00,0.771,10.126,,,,,,,,,,,
2023/10/14 18:00,0.751,9.903,,,,,,,,,,,
2023/10/14 19:00,0.746,9.865,,,,,,,,,,,
2023/10/14 20:00,0.764,10.045,,,,,,,,,,,
2023/10/14 21:00,0.774,10.145,,,,,,,,,,,
2023/10/14 22:00,0.774,10.148,,,,,,,,,,,
2023/10/14 23:00,0.681,9.256,,,,,,,,,,,
2023/10/15 0:00,0.879,11.589,,,,,,,,,,,
2023/10/15 1:00,0.91,12.218,,,,,,,,,,,
2023/10/15 2:00,0.876,11.528,,,,,,,,,,,
2023/10/15 3:00,0.835,10.89,,,,,,,,,,,
2023/10/15 4:00,0.8,10.445,,,,,,,,,,,
2023/10/15 5:00,0.774,10.153,,,,,,,,,,,
2023/10/15 6:00,0.753,9.927,,,,,,,,,,,
2023/10/15 7:00,0.718,9.595,,,,,,,,,,,
2023/10/15 8:00,0.621,8.764,,,,,,,,,,,
2023/10/15 9:00,0.51,7.92,,,,,,,,,,,
2023/10/15 10:00,0.541,8.155,,,,,,,,,,,
2023/10/15 11:00,0.575,8.405,,,,,,,,,,,
2023/10/15 12:00,0.571,8.382,,,,,,,,,,,
2023/10/15 13:00,0.586,8.488,,,,,,,,,,,
2023/10/15 14:00,0.581,8.456,,,,,,,,,,,
2023/10/15 15:00,0.568,8.359,,,,,,,,,,,
2023/10/15 16:00,0.568,8.348,,,,,,,,,,,
2023/10/15 17:00,0.566,8.343,,,,,,,,,,,
2023/10/15 18:00,0.546,8.199,,,,,,,,,,,
2023/10/15 19:00,0.516,7.978,,,,,,,,,,,
2023/10/15 20:00,0.484,7.735,,,,,,,,,,,
2023/10/15 21:00,0.437,7.393,,,,,,,,,,,
2023/10/15 22:00,0.394,7.081,,,,,,,,,,,
2023/10/15 23:00,0.273,6.16,,,,,,,,,,,
2023/10/16 0:00,0.081,4.084,,,,,,,,,,,
2023/10/16 1:00,0.062,3.761,,,,,,,,,,,
2023/10/16 2:00,0.05,3.515,,,,,,,,,,,
2023/10/16 3:00,0.038,3.24,,,,,,,,,,,
2023/10/16 4:00,0.028,2.957,,,,,,,,,,,
2023/10/16 5:00,0.017,2.581,,,,,,,,,,,
2023/10/16 6:00,0.008,2.171,,,,,,,,,,,
2023/10/16 7:00,0.002,1.543,,,,,,,,,,,
2023/10/16 8:00,0.001,1.402,,,,,,,,,,,
2023/10/16 9:00,0.08,4.077,,,,,,,,,,,
2023/10/16 10:00,0.261,6.065,,,,,,,,,,,
2023/10/16 11:00,0.436,7.389,,,,,,,,,,,
2023/10/16 12:00,0.556,8.271,,,,,,,,,,,
2023/10/16 13:00,0.621,8.762,,,,,,,,,,,
2023/10/16 14:00,0.65,8.993,,,,,,,,,,,
2023/10/16 15:00,0.671,9.17,,,,,,,,,,,
2023/10/16 16:00,0.686,9.307,,,,,,,,,,,
2023/10/16 17:00,0.687,9.313,,,,,,,,,,,
2023/10/16 18:00,0.684,9.291,,,,,,,,,,,
2023/10/16 19:00,0.686,9.303,,,,,,,,,,,
2023/10/16 20:00,0.682,9.275,,,,,,,,,,,
2023/10/16 21:00,0.687,9.319,,,,,,,,,,,
2023/10/16 22:00,0.702,9.445,,,,,,,,,,,
2023/10/16 23:00,0.616,8.729,,,,,,,,,,,
2023/10/17 0:00,0.406,7.176,,,,,,,,,,,
2023/10/17 1:00,0.429,7.344,,,,,,,,,,,
2023/10/17 2:00,0.589,8.514,,,,,,,,,,,
2023/10/17 3:00,0.578,8.433,,,,,,,,,,,
2023/10/17 4:00,0.5,7.852,,,,,,,,,,,
2023/10/17 5:00,0.485,7.75,,,,,,,,,,,
2023/10/17 6:00,0.483,7.735,,,,,,,,,,,
2023/10/17 7:00,0.444,7.455,,,,,,,,,,,
2023/10/17 8:00,0.612,8.687,,,,,,,,,,,
2023/10/17 9:00,0.811,10.577,,,,,,,,,,,
2023/10/17 10:00,0.847,11.07,,,,,,,,,,,
2023/10/17 11:00,0.815,10.635,,,,,,,,,,,
2023/10/17 12:00,0.71,9.511,,,,,,,,,,,
2023/10/17 13:00,0.612,8.691,,,,,,,,,,,
2023/10/17 14:00,0.529,8.07,,,,,,,,,,,
2023/10/17 15:00,0.423,7.306,,,,,,,,,,,
2023/10/17 16:00,0.407,7.184,,,,,,,,,,,
2023/10/17 17:00,0.441,7.424,,,,,,,,,,,
2023/10/17 18:00,0.421,7.283,,,,,,,,,,,
2023/10/17 19:00,0.403,7.145,,,,,,,,,,,
2023/10/17 20:00,0.363,6.861,,,,,,,,,,,
2023/10/17 21:00,0.213,5.639,,,,,,,,,,,
2023/10/17 22:00,0.097,4.324,,,,,,,,,,,
2023/10/17 23:00,0.05,3.513,,,,,,,,,,,
2023/10/18 0:00,0.049,3.495,,,,,,,,,,,
2023/10/18 1:00,0.132,4.781,,,,,,,,,,,
2023/10/18 2:00,0.236,5.851,,,,,,,,,,,
2023/10/18 3:00,0.351,6.768,,,,,,,,,,,
2023/10/18 4:00,0.496,7.825,,,,,,,,,,,
2023/10/18 5:00,0.677,9.228,,,,,,,,,,,
2023/10/18 6:00,0.783,10.249,,,,,,,,,,,
2023/10/18 7:00,0.806,10.519,,,,,,,,,,,
2023/10/18 8:00,0.7,9.428,,,,,,,,,,,
2023/10/18 9:00,0.51,7.933,,,,,,,,,,,
2023/10/18 10:00,0.475,7.676,,,,,,,,,,,
2023/10/18 11:00,0.536,8.116,,,,,,,,,,,
2023/10/18 12:00,0.627,8.819,,,,,,,,,,,
2023/10/18 13:00,0.71,9.525,,,,,,,,,,,
2023/10/18 14:00,0.731,9.711,,,,,,,,,,,
2023/10/18 15:00,0.695,9.388,,,,,,,,,,,
2023/10/18 16:00,0.646,8.972,,,,,,,,,,,
2023/10/18 17:00,0.611,8.685,,,,,,,,,,,
2023/10/18 18:00,0.605,8.64,,,,,,,,,,,
2023/10/18 19:00,0.615,8.709,,,,,,,,,,,
2023/10/18 20:00,0.612,8.687,,,,,,,,,,,
2023/10/18 21:00,0.612,8.692,,,,,,,,,,,
2023/10/18 22:00,0.621,8.765,,,,,,,,,,,
2023/10/18 23:00,0.51,7.929,,,,,,,,,,,
2023/10/19 0:00,0.494,7.812,,,,,,,,,,,
2023/10/19 1:00,0.778,10.194,,,,,,,,,,,
2023/10/19 2:00,0.832,10.849,,,,,,,,,,,
2023/10/19 3:00,0.856,11.209,,,,,,,,,,,
2023/10/19 4:00,0.871,11.446,,,,,,,,,,,
2023/10/19 5:00,0.886,11.724,,,,,,,,,,,
2023/10/19 6:00,0.902,12.023,,,,,,,,,,,
2023/10/19 7:00,0.906,12.131,,,,,,,,,,,
2023/10/19 8:00,0.885,11.703,,,,,,,,,,,
2023/10/19 9:00,0.821,10.706,,,,,,,,,,,
2023/10/19 10:00,0.806,10.517,,,,,,,,,,,
2023/10/19 11:00,0.834,10.876,,,,,,,,,,,
2023/10/19 12:00,0.829,10.813,,,,,,,,,,,
2023/10/19 13:00,0.787,10.304,,,,,,,,,,,
2023/10/19 14:00,0.776,10.175,,,,,,,,,,,
2023/10/19 15:00,0.776,10.171,,,,,,,,,,,
2023/10/19 16:00,0.723,9.642,,,,,,,,,,,
2023/10/19 17:00,0.696,9.393,,,,,,,,,,,
2023/10/19 18:00,0.642,8.937,,,,,,,,,,,
2023/10/19 19:00,0.615,8.71,,,,,,,,,,,
2023/10/19 20:00,0.601,8.609,,,,,,,,,,,
2023/10/19 21:00,0.606,8.644,,,,,,,,,,,
2023/10/19 22:00,0.635,8.877,,,,,,,,,,,
2023/10/19 23:00,0.549,8.22,,,,,,,,,,,
2023/10/20 0:00,0.702,9.443,,,,,,,,,,,
2023/10/20 1:00,0.887,11.732,,,,,,,,,,,
2023/10/20 2:00,0.881,11.629,,,,,,,,,,,
2023/10/20 3:00,0.866,11.35,,,,,,,,,,,
2023/10/20 4:00,0.867,11.373,,,,,,,,,,,
2023/10/20 5:00,0.884,11.675,,,,,,,,,,,
2023/10/20 6:00,0.902,12.023,,,,,,,,,,,
2023/10/20 7:00,0.906,12.125,,,,,,,,,,,
2023/10/20 8:00,0.854,11.179,,,,,,,,,,,
2023/10/20 9:00,0.78,10.226,,,,,,,,,,,
2023/10/20 10:00,0.768,10.088,,,,,,,,,,,
2023/10/20 11:00,0.758,9.986,,,,,,,,,,,
2023/10/20 12:00,0.757,9.973,,,,,,,,,,,
2023/10/20 13:00,0.747,9.876,,,,,,,,,,,
2023/10/20 14:00,0.704,9.464,,,,,,,,,,,
2023/10/20 15:00,0.639,8.911,,,,,,,,,,,
2023/10/20 16:00,0.583,8.477,,,,,,,,,,,
2023/10/20 17:00,0.549,8.216,,,,,,,,,,,
2023/10/20 18:00,0.502,7.865,,,,,,,,,,,
2023/10/20 19:00,0.48,7.716,,,,,,,,,,,
2023/10/20 20:00,0.456,7.541,,,,,,,,,,,
2023/10/20 21:00,0.409,7.192,,,,,,,,,,,
2023/10/20 22:00,0.356,6.811,,,,,,,,,,,
2023/10/20 23:00,0.274,6.164,,,,,,,,,,,
2023/10/21 0:00,0.096,4.318,,,,,,,,,,,
2023/10/21 1:00,0.067,3.854,,,,,,,,,,,
2023/10/21 2:00,0.086,4.16,,,,,,,,,,,
2023/10/21 3:00,0.114,4.572,,,,,,,,,,,
2023/10/21 4:00,0.17,5.222,,,,,,,,,,,
2023/10/21 5:00,0.25,5.962,,,,,,,,,,,
2023/10/21 6:00,0.342,6.703,,,,,,,,,,,
2023/10/21 7:00,0.421,7.279,,,,,,,,,,,
2023/10/21 8:00,0.409,7.205,,,,,,,,,,,
2023/10/21 9:00,0.471,7.64,,,,,,,,,,,
2023/10/21 10:00,0.597,8.569,,,,,,,,,,,
2023/10/21 11:00,0.708,9.499,,,,,,,,,,,
2023/10/21 12:00,0.774,10.158,,,,,,,,,,,
2023/10/21 13:00,0.813,10.6,,,,,,,,,,,
2023/10/21 14:00,0.832,10.858,,,,,,,,,,,
2023/10/21 15:00,0.824,10.739,,,,,,,,,,,
2023/10/21 16:00,0.782,10.248,,,,,,,,,,,
2023/10/21 17:00,0.736,9.765,,,,,,,,,,,
2023/10/21 18:00,0.687,9.316,,,,,,,,,,,
2023/10/21 19:00,0.622,8.773,,,,,,,,,,,
2023/10/21 20:00,0.546,8.193,,,,,,,,,,,
2023/10/21 21:00,0.471,7.64,,,,,,,,,,,
2023/10/21 22:00,0.394,7.087,,,,,,,,,,,
2023/10/21 23:00,0.275,6.171,,,,,,,,,,,
2023/10/22 0:00,0.07,3.906,,,,,,,,,,,
2023/10/22 1:00,0.004,1.858,,,,,,,,,,,
2023/10/22 2:00,0.002,1.571,,,,,,,,,,,
2023/10/22 3:00,0.002,1.557,,,,,,,,,,,
2023/10/22 4:00,0.002,1.526,,,,,,,,,,,
2023/10/22 5:00,0.002,1.62,,,,,,,,,,,
2023/10/22 6:00,0.005,1.931,,,,,,,,,,,
2023/10/22 7:00,0.013,2.409,,,,,,,,,,,
2023/10/22 8:00,0.056,3.627,,,,,,,,,,,
2023/10/22 9:00,0.236,5.85,,,,,,,,,,,
2023/10/22 10:00,0.475,7.678,,,,,,,,,,,
2023/10/22 11:00,0.606,8.645,,,,,,,,,,,
2023/10/22 12:00,0.63,8.829,,,,,,,,,,,
2023/10/22 13:00,0.642,8.932,,,,,,,,,,,
2023/10/22 14:00,0.677,9.227,,,,,,,,,,,
2023/10/22 15:00,0.725,9.658,,,,,,,,,,,
2023/10/22 16:00,0.749,9.895,,,,,,,,,,,
2023/10/22 17:00,0.751,9.907,,,,,,,,,,,
2023/10/22 18:00,0.763,10.034,,,,,,,,,,,
2023/10/22 19:00,0.773,10.142,,,,,,,,,,,
2023/10/22 20:00,0.766,10.07,,,,,,,,,,,
2023/10/22 21:00,0.768,10.088,,,,,,,,,,,
2023/10/22 22:00,0.768,10.078,,,,,,,,,,,
2023/10/22 23:00,0.687,9.313,,,,,,,,,,,
2023/10/23 0:00,0.47,7.635,,,,,,,,,,,
2023/10/23 1:00,0.392,7.075,,,,,,,,,,,
2023/10/23 2:00,0.7,9.427,,,,,,,,,,,
2023/10/23 3:00,0.786,10.283,,,,,,,,,,,
2023/10/23 4:00,0.784,10.269,,,,,,,,,,,
2023/10/23 5:00,0.78,10.214,,,,,,,,,,,
2023/10/23 6:00,0.765,10.062,,,,,,,,,,,
2023/10/23 7:00,0.691,9.351,,,,,,,,,,,
2023/10/23 8:00,0.682,9.259,,,,,,,,,,,
2023/10/23 9:00,0.806,10.517,,,,,,,,,,,
2023/10/23 10:00,0.845,11.039,,,,,,,,,,,
2023/10/23 11:00,0.83,10.823,,,,,,,,,,,
2023/10/23 12:00,0.799,10.434,,,,,,,,,,,
2023/10/23 13:00,0.748,9.889,,,,,,,,,,,
2023/10/23 14:00,0.71,9.512,,,,,,,,,,,
2023/10/23 15:00,0.676,9.221,,,,,,,,,,,
2023/10/23 16:00,0.653,9.023,,,,,,,,,,,
2023/10/23 17:00,0.639,8.899,,,,,,,,,,,
2023/10/23 18:00,0.616,8.724,,,,,,,,,,,
2023/10/23 19:00,0.567,8.345,,,,,,,,,,,
2023/10/23 20:00,0.481,7.725,,,,,,,,,,,
2023/10/23 21:00,0.42,7.277,,,,,,,,,,,
2023/10/23 22:00,0.386,7.034,,,,,,,,,,,
2023/10/23 23:00,0.325,6.574,,,,,,,,,,,
2023/10/24 0:00,0.13,4.764,,,,,,,,,,,
2023/10/24 1:00,0.026,2.895,,,,,,,,,,,
2023/10/24 2:00,0.012,2.371,,,,,,,,,,,
2023/10/24 3:00,0.026,2.898,,,,,,,,,,,
2023/10/24 4:00,0.026,2.923,,,,,,,,,,,
2023/10/24 5:00,0.023,2.817,,,,,,,,,,,
2023/10/24 6:00,0.022,2.772,,,,,,,,,,,
2023/10/24 7:00,0.021,2.755,,,,,,,,,,,
2023/10/24 8:00,0.03,3.025,,,,,,,,,,,
2023/10/24 9:00,0.032,3.09,,,,,,,,,,,
2023/10/24 10:00,0.031,3.051,,,,,,,,,,,
2023/10/24 11:00,0.037,3.213,,,,,,,,,,,
2023/10/24 12:00,0.063,3.775,,,,,,,,,,,
2023/10/24 13:00,0.093,4.266,,,,,,,,,,,
2023/10/24 14:00,0.14,4.872,,,,,,,,,,,
2023/10/24 15:00,0.217,5.681,,,,,,,,,,,
2023/10/24 16:00,0.332,6.629,,,,,,,,,,,
2023/10/24 17:00,0.456,7.543,,,,,,,,,,,
2023/10/24 18:00,0.568,8.36,,,,,,,,,,,
2023/10/24 19:00,0.63,8.83,,,,,,,,,,,
2023/10/24 20:00,0.646,8.97,,,,,,,,,,,
2023/10/24 21:00,0.652,9.015,,,,,,,,,,,
2023/10/24 22:00,0.669,9.156,,,,,,,,,,,
2023/10/24 23:00,0.631,8.849,,,,,,,,,,,
2023/10/25 0:00,0.361,6.846,,,,,,,,,,,
2023/10/25 1:00,0.181,5.323,,,,,,,,,,,
2023/10/25 2:00,0.367,6.888,,,,,,,,,,,
2023/10/25 3:00,0.661,9.095,,,,,,,,,,,
2023/10/25 4:00,0.85,11.102,,,,,,,,,,,
2023/10/25 5:00,0.916,12.33,,,,,,,,,,,
2023/10/25 6:00,0.929,12.683,,,,,,,,,,,
2023/10/25 7:00,0.918,12.405,,,,,,,,,,,
2023/10/25 8:00,0.875,11.511,,,,,,,,,,,
2023/10/25 9:00,0.802,10.472,,,,,,,,,,,
2023/10/25 10:00,0.77,10.099,,,,,,,,,,,
2023/10/25 11:00,0.748,9.886,,,,,,,,,,,
2023/10/25 12:00,0.718,9.59,,,,,,,,,,,
2023/10/25 13:00,0.699,9.415,,,,,,,,,,,
2023/10/25 14:00,0.68,9.254,,,,,,,,,,,
2023/10/25 15:00,0.663,9.109,,,,,,,,,,,
2023/10/25 16:00,0.622,8.772,,,,,,,,,,,
2023/10/25 17:00,0.57,8.378,,,,,,,,,,,
2023/10/25 18:00,0.522,8.009,,,,,,,,,,,
2023/10/25 19:00,0.454,7.523,,,,,,,,,,,
2023/10/25 20:00,0.384,7.017,,,,,,,,,,,
2023/10/25 21:00,0.319,6.533,,,,,,,,,,,
2023/10/25 22:00,0.258,6.029,,,,,,,,,,,
2023/10/25 23:00,0.146,4.958,,,,,,,,,,,
2023/10/26 0:00,0.029,2.987,,,,,,,,,,,
2023/10/26 1:00,0.003,1.737,,,,,,,,,,,
2023/10/26 2:00,0.011,2.31,,,,,,,,,,,
2023/10/26 3:00,0.069,3.877,,,,,,,,,,,
2023/10/26 4:00,0.112,4.53,,,,,,,,,,,
2023/10/26 5:00,0.176,5.277,,,,,,,,,,,
2023/10/26 6:00,0.245,5.926,,,,,,,,,,,
2023/10/26 7:00,0.242,5.902,,,,,,,,,,,
2023/10/26 8:00,0.146,4.959,,,,,,,,,,,
2023/10/26 9:00,0.07,3.909,,,,,,,,,,,
2023/10/26 10:00,0.017,2.595,,,,,,,,,,,
2023/10/26 11:00,0.002,1.588,,,,,,,,,,,
2023/10/26 12:00,0.001,1.484,,,,,,,,,,,
2023/10/26 13:00,0.015,2.501,,,,,,,,,,,
2023/10/26 14:00,0.061,3.745,,,,,,,,,,,
2023/10/26 15:00,0.12,4.632,,,,,,,,,,,
2023/10/26 16:00,0.174,5.264,,,,,,,,,,,
2023/10/26 17:00,0.252,5.976,,,,,,,,,,,
2023/10/26 18:00,0.33,6.611,,,,,,,,,,,
2023/10/26 19:00,0.388,7.047,,,,,,,,,,,
2023/10/26 20:00,0.418,7.269,,,,,,,,,,,
2023/10/26 21:00,0.42,7.277,,,,,,,,,,,
2023/10/26 22:00,0.413,7.23,,,,,,,,,,,
2023/10/26 23:00,0.375,6.941,,,,,,,,,,,
2023/10/27 0:00,0.146,4.954,,,,,,,,,,,
2023/10/27 1:00,0.072,3.94,,,,,,,,,,,
2023/10/27 2:00,0.092,4.253,,,,,,,,,,,
2023/10/27 3:00,0.114,4.559,,,,,,,,,,,
2023/10/27 4:00,0.13,4.765,,,,,,,,,,,
2023/10/27 5:00,0.124,4.696,,,,,,,,,,,
2023/10/27 6:00,0.101,4.385,,,,,,,,,,,
2023/10/27 7:00,0.074,3.965,,,,,,,,,,,
2023/10/27 8:00,0.127,4.726,,,,,,,,,,,
2023/10/27 9:00,0.198,5.502,,,,,,,,,,,
2023/10/27 10:00,0.181,5.329,,,,,,,,,,,
2023/10/27 11:00,0.165,5.162,,,,,,,,,,,
2023/10/27 12:00,0.179,5.297,,,,,,,,,,,
2023/10/27 13:00,0.2,5.521,,,,,,,,,,,
2023/10/27 14:00,0.208,5.594,,,,,,,,,,,
2023/10/27 15:00,0.177,5.281,,,,,,,,,,,
2023/10/27 16:00,0.136,4.839,,,,,,,,,,,
2023/10/27 17:00,0.116,4.588,,,,,,,,,,,
2023/10/27 18:00,0.11,4.515,,,,,,,,,,,
2023/10/27 19:00,0.113,4.556,,,,,,,,,,,
2023/10/27 20:00,0.116,4.587,,,,,,,,,,,
2023/10/27 21:00,0.122,4.665,,,,,,,,,,,
2023/10/27 22:00,0.133,4.79,,,,,,,,,,,
2023/10/27 23:00,0.14,4.874,,,,,,,,,,,
2023/10/28 0:00,0.09,4.232,,,,,,,,,,,
2023/10/28 1:00,0.124,4.688,,,,,,,,,,,
2023/10/28 2:00,0.174,5.261,,,,,,,,,,,
2023/10/28 3:00,0.189,5.411,,,,,,,,,,,
2023/10/28 4:00,0.169,5.205,,,,,,,,,,,
2023/10/28 5:00,0.15,5.006,,,,,,,,,,,
2023/10/28 6:00,0.151,5.012,,,,,,,,,,,
2023/10/28 7:00,0.21,5.61,,,,,,,,,,,
2023/10/28 8:00,0.493,7.81,,,,,,,,,,,
2023/10/28 9:00,0.754,9.936,,,,,,,,,,,
2023/10/28 10:00,0.831,10.836,,,,,,,,,,,
2023/10/28 11:00,0.838,10.94,,,,,,,,,,,
2023/10/28 12:00,0.824,10.74,,,,,,,,,,,
2023/10/28 13:00,0.794,10.384,,,,,,,,,,,
2023/10/28 14:00,0.77,10.1,,,,,,,,,,,
2023/10/28 15:00,0.766,10.068,,,,,,,,,,,
2023/10/28 16:00,0.732,9.729,,,,,,,,,,,
2023/10/28 17:00,0.71,9.509,,,,,,,,,,,
2023/10/28 18:00,0.677,9.227,,,,,,,,,,,
2023/10/28 19:00,0.63,8.831,,,,,,,,,,,
2023/10/28 20:00,0.624,8.79,,,,,,,,,,,
2023/10/28 21:00,0.65,8.989,,,,,,,,,,,
2023/10/28 22:00,0.568,8.353,,,,,,,,,,,
2023/10/28 23:00,0.587,8.498,,,,,,,,,,,
2023/10/29 0:00,0.596,8.567,,,,,,,,,,,
2023/10/29 1:00,0.55,8.224,,,,,,,,,,,
2023/10/29 2:00,0.615,8.721,,,,,,,,,,,
2023/10/29 3:00,0.662,9.099,,,,,,,,,,,
2023/10/29 4:00,0.653,9.021,,,,,,,,,,,
2023/10/29 5:00,0.633,8.861,,,,,,,,,,,
2023/10/29 6:00,0.607,8.659,,,,,,,,,,,
2023/10/29 7:00,0.529,8.071,,,,,,,,,,,
2023/10/29 8:00,0.576,8.416,,,,,,,,,,,
2023/10/29 9:00,0.72,9.612,,,,,,,,,,,
2023/10/29 10:00,0.762,10.023,,,,,,,,,,,
2023/10/29 11:00,0.712,9.54,,,,,,,,,,,
2023/10/29 12:00,0.615,8.722,,,,,,,,,,,
2023/10/29 13:00,0.568,8.359,,,,,,,,,,,
2023/10/29 14:00,0.472,7.648,,,,,,,,,,,
2023/10/29 15:00,0.525,8.041,,,,,,,,,,,
2023/10/29 16:00,0.503,7.878,,,,,,,,,,,
2023/10/29 17:00,0.519,7.99,,,,,,,,,,,
2023/10/29 18:00,0.561,8.3,,,,,,,,,,,
2023/10/29 19:00,0.581,8.456,,,,,,,,,,,
2023/10/29 20:00,0.577,8.423,,,,,,,,,,,
2023/10/29 21:00,0.577,8.427,,,,,,,,,,,
2023/10/29 22:00,0.592,8.533,,,,,,,,,,,
2023/10/29 23:00,0.522,8.012,,,,,,,,,,,
2023/10/30 0:00,0.539,8.143,,,,,,,,,,,
2023/10/30 1:00,0.503,7.871,,,,,,,,,,,
2023/10/30 2:00,0.336,6.657,,,,,,,,,,,
2023/10/30 3:00,0.203,5.538,,,,,,,,,,,
2023/10/30 4:00,0.112,4.53,,,,,,,,,,,
2023/10/30 5:00,0.061,3.736,,,,,,,,,,,
2023/10/30 6:00,0.049,3.493,,,,,,,,,,,
2023/10/30 7:00,0.078,4.033,,,,,,,,,,,
2023/10/30 8:00,0.208,5.588,,,,,,,,,,,
2023/10/30 9:00,0.491,7.793,,,,,,,,,,,
2023/10/30 10:00,0.658,9.071,,,,,,,,,,,
2023/10/30 11:00,0.7,9.427,,,,,,,,,,,
2023/10/30 12:00,0.682,9.259,,,,,,,,,,,
2023/10/30 13:00,0.68,9.253,,,,,,,,,,,
2023/10/30 14:00,0.73,9.704,,,,,,,,,,,
2023/10/30 15:00,0.757,9.981,,,,,,,,,,,
2023/10/30 16:00,0.754,9.935,,,,,,,,,,,
2023/10/30 17:00,0.766,10.066,,,,,,,,,,,
2023/10/30 18:00,0.77,10.115,,,,,,,,,,,
2023/10/30 19:00,0.787,10.295,,,,,,,,,,,
2023/10/30 20:00,0.807,10.536,,,,,,,,,,,
2023/10/30 21:00,0.809,10.556,,,,,,,,,,,
2023/10/30 22:00,0.783,10.252,,,,,,,,,,,
2023/10/30 23:00,0.706,9.484,,,,,,,,,,,
2023/10/31 0:00,0.525,8.032,,,,,,,,,,,
2023/10/31 1:00,0.744,9.843,,,,,,,,,,,
2023/10/31 2:00,0.778,10.2,,,,,,,,,,,
2023/10/31 3:00,0.763,10.039,,,,,,,,,,,
2023/10/31 4:00,0.725,9.662,,,,,,,,,,,
2023/10/31 5:00,0.666,9.138,,,,,,,,,,,
2023/10/31 6:00,0.541,8.156,,,,,,,,,,,
2023/10/31 7:00,0.349,6.749,,,,,,,,,,,
2023/10/31 8:00,0.228,5.774,,,,,,,,,,,
2023/10/31 9:00,0.278,6.203,,,,,,,,,,,
2023/10/31 10:00,0.306,6.427,,,,,,,,,,,
2023/10/31 11:00,0.295,6.338,,,,,,,,,,,
2023/10/31 12:00,0.258,6.038,,,,,,,,,,,
2023/10/31 13:00,0.252,5.983,,,,,,,,,,,
2023/10/31 14:00,0.341,6.688,,,,,,,,,,,
2023/10/31 15:00,0.396,7.101,,,,,,,,,,,
2023/10/31 16:00,0.44,7.416,,,,,,,,,,,
2023/10/31 17:00,0.501,7.862,,,,,,,,,,,
2023/10/31 18:00,0.514,7.964,,,,,,,,,,,
2023/10/31 19:00,0.43,7.347,,,,,,,,,,,
2023/10/31 20:00,0.275,6.173,,,,,,,,,,,
2023/10/31 21:00,0.209,5.598,,,,,,,,,,,
2023/10/31 22:00,0.259,6.042,,,,,,,,,,,
2023/10/31 23:00,0.289,6.292,,,,,,,,,,,
2023/11/1 0:00,0.196,5.477,,,,,,,,,,,
2023/11/1 1:00,0.123,4.679,,,,,,,,,,,
2023/11/1 2:00,0.038,3.236,,,,,,,,,,,
2023/11/1 3:00,0.002,1.516,,,,,,,,,,,
2023/11/1 4:00,0,0.715,,,,,,,,,,,
2023/11/1 5:00,0.002,1.649,,,,,,,,,,,
2023/11/1 6:00,0.041,3.306,,,,,,,,,,,
2023/11/1 7:00,0.165,5.168,,,,,,,,,,,
2023/11/1 8:00,0.476,7.684,,,,,,,,,,,
2023/11/1 9:00,0.735,9.753,,,,,,,,,,,
2023/11/1 10:00,0.783,10.254,,,,,,,,,,,
2023/11/1 11:00,0.787,10.295,,,,,,,,,,,
2023/11/1 12:00,0.813,10.609,,,,,,,,,,,
2023/11/1 13:00,0.834,10.883,,,,,,,,,,,
2023/11/1 14:00,0.84,10.969,,,,,,,,,,,
2023/11/1 15:00,0.852,11.137,,,,,,,,,,,
2023/11/1 16:00,0.876,11.532,,,,,,,,,,,
2023/11/1 17:00,0.891,11.81,,,,,,,,,,,
2023/11/1 18:00,0.895,11.894,,,,,,,,,,,
2023/11/1 19:00,0.906,12.128,,,,,,,,,,,
2023/11/1 20:00,0.912,12.252,,,,,,,,,,,
2023/11/1 21:00,0.91,12.212,,,,,,,,,,,
2023/11/1 22:00,0.909,12.176,,,,,,,,,,,
2023/11/1 23:00,0.89,11.783,,,,,,,,,,,
2023/11/2 0:00,0.837,10.928,,,,,,,,,,,
2023/11/2 1:00,0.864,11.325,,,,,,,,,,,
2023/11/2 2:00,0.921,12.473,,,,,,,,,,,
2023/11/2 3:00,0.96,13.765,,,,,,,,,,,
2023/11/2 4:00,0.976,14.638,,,,,,,,,,,
2023/11/2 5:00,0.98,15.02,,,,,,,,,,,
2023/11/2 6:00,0.981,15.047,,,,,,,,,,,
2023/11/2 7:00,0.975,14.585,,,,,,,,,,,
2023/11/2 8:00,0.953,13.461,,,,,,,,,,,
2023/11/2 9:00,0.909,12.179,,,,,,,,,,,
2023/11/2 10:00,0.867,11.386,,,,,,,,,,,
2023/11/2 11:00,0.83,10.822,,,,,,,,,,,
2023/11/2 12:00,0.808,10.542,,,,,,,,,,,
2023/11/2 13:00,0.787,10.296,,,,,,,,,,,
2023/11/2 14:00,0.804,10.488,,,,,,,,,,,
2023/11/2 15:00,0.76,10.007,,,,,,,,,,,
2023/11/2 16:00,0.708,9.502,,,,,,,,,,,
2023/11/2 17:00,0.592,8.541,,,,,,,,,,,
2023/11/2 18:00,0.444,7.453,,,,,,,,,,,
2023/11/2 19:00,0.336,6.658,,,,,,,,,,,
2023/11/2 20:00,0.235,5.843,,,,,,,,,,,
2023/11/2 21:00,0.148,4.982,,,,,,,,,,,
2023/11/2 22:00,0.086,4.163,,,,,,,,,,,
2023/11/2 23:00,0.048,3.458,,,,,,,,,,,
2023/11/3 0:00,0.062,3.754,,,,,,,,,,,
2023/11/3 1:00,0.058,3.675,,,,,,,,,,,
2023/11/3 2:00,0.072,3.943,,,,,,,,,,,
2023/11/3 3:00,0.131,4.777,,,,,,,,,,,
2023/11/3 4:00,0.179,5.302,,,,,,,,,,,
2023/11/3 5:00,0.253,5.994,,,,,,,,,,,
2023/11/3 6:00,0.428,7.339,,,,,,,,,,,
2023/11/3 7:00,0.649,8.988,,,,,,,,,,,
2023/11/3 8:00,0.768,10.086,,,,,,,,,,,
2023/11/3 9:00,0.829,10.814,,,,,,,,,,,
2023/11/3 10:00,0.803,10.486,,,,,,,,,,,
2023/11/3 11:00,0.776,10.169,,,,,,,,,,,
2023/11/3 12:00,0.751,9.901,,,,,,,,,,,
2023/11/3 13:00,0.698,9.407,,,,,,,,,,,
2023/11/3 14:00,0.652,9.018,,,,,,,,,,,
2023/11/3 15:00,0.635,8.876,,,,,,,,,,,
2023/11/3 16:00,0.612,8.7,,,,,,,,,,,
2023/11/3 17:00,0.571,8.384,,,,,,,,,,,
2023/11/3 18:00,0.523,8.024,,,,,,,,,,,
2023/11/3 19:00,0.46,7.567,,,,,,,,,,,
2023/11/3 20:00,0.39,7.063,,,,,,,,,,,
2023/11/3 21:00,0.306,6.425,,,,,,,,,,,
2023/11/3 22:00,0.222,5.723,,,,,,,,,,,
2023/11/3 23:00,0.157,5.067,,,,,,,,,,,
2023/11/4 0:00,0.077,4.02,,,,,,,,,,,
2023/11/4 1:00,0.16,5.109,,,,,,,,,,,
2023/11/4 2:00,0.25,5.958,,,,,,,,,,,
2023/11/4 3:00,0.32,6.539,,,,,,,,,,,
2023/11/4 4:00,0.345,6.724,,,,,,,,,,,
2023/11/4 5:00,0.291,6.31,,,,,,,,,,,
2023/11/4 6:00,0.191,5.432,,,,,,,,,,,
2023/11/4 7:00,0.061,3.723,,,,,,,,,,,
2023/11/4 8:00,0.079,4.063,,,,,,,,,,,
2023/11/4 9:00,0.132,4.788,,,,,,,,,,,
2023/11/4 10:00,0.15,5,,,,,,,,,,,
2023/11/4 11:00,0.12,4.633,,,,,,,,,,,
2023/11/4 12:00,0.087,4.186,,,,,,,,,,,
2023/11/4 13:00,0.056,3.629,,,,,,,,,,,
2023/11/4 14:00,0.034,3.129,,,,,,,,,,,
2023/11/4 15:00,0.017,2.599,,,,,,,,,,,
2023/11/4 16:00,0.01,2.274,,,,,,,,,,,
2023/11/4 17:00,0.007,2.081,,,,,,,,,,,
2023/11/4 18:00,0.007,2.077,,,,,,,,,,,
2023/11/4 19:00,0.006,1.976,,,,,,,,,,,
2023/11/4 20:00,0.005,1.893,,,,,,,,,,,
2023/11/4 21:00,0.006,2.016,,,,,,,,,,,
2023/11/4 22:00,0.009,2.185,,,,,,,,,,,
2023/11/4 23:00,0.011,2.312,,,,,,,,,,,
2023/11/5 0:00,0.008,2.152,,,,,,,,,,,
2023/11/5 1:00,0.014,2.467,,,,,,,,,,,
2023/11/5 2:00,0.022,2.787,,,,,,,,,,,
2023/11/5 3:00,0.038,3.242,,,,,,,,,,,
2023/11/5 4:00,0.071,3.926,,,,,,,,,,,
2023/11/5 5:00,0.102,4.397,,,,,,,,,,,
2023/11/5 6:00,0.103,4.404,,,,,,,,,,,
2023/11/5 7:00,0.129,4.758,,,,,,,,,,,
2023/11/5 8:00,0.177,5.278,,,,,,,,,,,
2023/11/5 9:00,0.261,6.063,,,,,,,,,,,
2023/11/5 10:00,0.381,6.994,,,,,,,,,,,
2023/11/5 11:00,0.525,8.038,,,,,,,,,,,
2023/11/5 12:00,0.642,8.939,,,,,,,,,,,
2023/11/5 13:00,0.743,9.827,,,,,,,,,,,
2023/11/5 14:00,0.832,10.848,,,,,,,,,,,
2023/11/5 15:00,0.875,11.507,,,,,,,,,,,
2023/11/5 16:00,0.883,11.661,,,,,,,,,,,
2023/11/5 17:00,0.901,12.019,,,,,,,,,,,
2023/11/5 18:00,0.919,12.416,,,,,,,,,,,
2023/11/5 19:00,0.924,12.553,,,,,,,,,,,
2023/11/5 20:00,0.925,12.582,,,,,,,,,,,
2023/11/5 21:00,0.889,11.76,,,,,,,,,,,
2023/11/5 22:00,0.881,11.624,,,,,,,,,,,
2023/11/5 23:00,0.92,12.441,,,,,,,,,,,
2023/11/6 0:00,0.96,13.749,,,,,,,,,,,
2023/11/6 1:00,0.981,15.109,,,,,,,,,,,
2023/11/6 2:00,0.986,15.779,,,,,,,,,,,
2023/11/6 3:00,0.987,16.132,,,,,,,,,,,
2023/11/6 4:00,0.987,15.882,,,,,,,,,,,
2023/11/6 5:00,0.982,15.171,,,,,,,,,,,
2023/11/6 6:00,0.968,14.159,,,,,,,,,,,
2023/11/6 7:00,0.945,13.174,,,,,,,,,,,
2023/11/6 8:00,0.907,12.137,,,,,,,,,,,
2023/11/6 9:00,0.874,11.486,,,,,,,,,,,
2023/11/6 10:00,0.794,10.385,,,,,,,,,,,
2023/11/6 11:00,0.711,9.534,,,,,,,,,,,
2023/11/6 12:00,0.703,9.451,,,,,,,,,,,
2023/11/6 13:00,0.704,9.456,,,,,,,,,,,
2023/11/6 14:00,0.674,9.193,,,,,,,,,,,
2023/11/6 15:00,0.65,9.002,,,,,,,,,,,
2023/11/6 16:00,0.612,8.69,,,,,,,,,,,
2023/11/6 17:00,0.532,8.084,,,,,,,,,,,
2023/11/6 18:00,0.399,7.124,,,,,,,,,,,
2023/11/6 19:00,0.232,5.809,,,,,,,,,,,
2023/11/6 20:00,0.094,4.275,,,,,,,,,,,
2023/11/6 21:00,0.019,2.659,,,,,,,,,,,
2023/11/6 22:00,0.013,2.441,,,,,,,,,,,
2023/11/6 23:00,0.074,3.957,,,,,,,,,,,
2023/11/7 0:00,0.187,5.393,,,,,,,,,,,
2023/11/7 1:00,0.336,6.657,,,,,,,,,,,
2023/11/7 2:00,0.522,8.016,,,,,,,,,,,
2023/11/7 3:00,0.655,9.03,,,,,,,,,,,
2023/11/7 4:00,0.704,9.458,,,,,,,,,,,
2023/11/7 5:00,0.688,9.322,,,,,,,,,,,
2023/11/7 6:00,0.612,8.687,,,,,,,,,,,
2023/11/7 7:00,0.534,8.108,,,,,,,,,,,
2023/11/7 8:00,0.566,8.343,,,,,,,,,,,
2023/11/7 9:00,0.695,9.384,,,,,,,,,,,
2023/11/7 10:00,0.731,9.71,,,,,,,,,,,
2023/11/7 11:00,0.644,8.949,,,,,,,,,,,
2023/11/7 12:00,0.528,8.052,,,,,,,,,,,
2023/11/7 13:00,0.443,7.44,,,,,,,,,,,
2023/11/7 14:00,0.373,6.933,,,,,,,,,,,
2023/11/7 15:00,0.297,6.352,,,,,,,,,,,
2023/11/7 16:00,0.224,5.742,,,,,,,,,,,
2023/11/7 17:00,0.169,5.205,,,,,,,,,,,
2023/11/7 18:00,0.117,4.604,,,,,,,,,,,
2023/11/7 19:00,0.071,3.918,,,,,,,,,,,
2023/11/7 20:00,0.045,3.402,,,,,,,,,,,
2023/11/7 21:00,0.041,3.313,,,,,,,,,,,
2023/11/7 22:00,0.059,3.695,,,,,,,,,,,
2023/11/7 23:00,0.094,4.278,,,,,,,,,,,
2023/11/8 0:00,0.116,4.59,,,,,,,,,,,
2023/11/8 1:00,0.122,4.658,,,,,,,,,,,
2023/11/8 2:00,0.149,4.991,,,,,,,,,,,
2023/11/8 3:00,0.149,4.993,,,,,,,,,,,
2023/11/8 4:00,0.122,4.656,,,,,,,,,,,
2023/11/8 5:00,0.087,4.181,,,,,,,,,,,
2023/11/8 6:00,0.06,3.716,,,,,,,,,,,
2023/11/8 7:00,0.05,3.512,,,,,,,,,,,
2023/11/8 8:00,0.107,4.471,,,,,,,,,,,
2023/11/8 9:00,0.173,5.252,,,,,,,,,,,
2023/11/8 10:00,0.14,4.877,,,,,,,,,,,
2023/11/8 11:00,0.071,3.913,,,,,,,,,,,
2023/11/8 12:00,0.036,3.185,,,,,,,,,,,
2023/11/8 13:00,0.023,2.799,,,,,,,,,,,
2023/11/8 14:00,0.014,2.444,,,,,,,,,,,
2023/11/8 15:00,0.004,1.795,,,,,,,,,,,
2023/11/8 16:00,0.013,2.424,,,,,,,,,,,
2023/11/8 17:00,0.12,4.628,,,,,,,,,,,
2023/11/8 18:00,0.323,6.562,,,,,,,,,,,
2023/11/8 19:00,0.458,7.558,,,,,,,,,,,
2023/11/8 20:00,0.493,7.805,,,,,,,,,,,
2023/11/8 21:00,0.561,8.299,,,,,,,,,,,
2023/11/8 22:00,0.718,9.589,,,,,,,,,,,
2023/11/8 23:00,0.76,10.004,,,,,,,,,,,
2023/11/9 0:00,0.823,10.732,,,,,,,,,,,
2023/11/9 1:00,0.914,12.312,,,,,,,,,,,
2023/11/9 2:00,0.917,12.381,,,,,,,,,,,
2023/11/9 3:00,0.898,11.951,,,,,,,,,,,
2023/11/9 4:00,0.894,11.88,,,,,,,,,,,
2023/11/9 5:00,0.895,11.893,,,,,,,,,,,
2023/11/9 6:00,0.89,11.784,,,,,,,,,,,
2023/11/9 7:00,0.865,11.346,,,,,,,,,,,
2023/11/9 8:00,0.807,10.531,,,,,,,,,,,
2023/11/9 9:00,0.776,10.178,,,,,,,,,,,
2023/11/9 10:00,0.791,10.339,,,,,,,,,,,
2023/11/9 11:00,0.791,10.333,,,,,,,,,,,
2023/11/9 12:00,0.781,10.23,,,,,,,,,,,
2023/11/9 13:00,0.774,10.16,,,,,,,,,,,
2023/11/9 14:00,0.772,10.133,,,,,,,,,,,
2023/11/9 15:00,0.762,10.033,,,,,,,,,,,
2023/11/9 16:00,0.746,9.864,,,,,,,,,,,
2023/11/9 17:00,0.718,9.595,,,,,,,,,,,
2023/11/9 18:00,0.742,9.823,,,,,,,,,,,
2023/11/9 19:00,0.768,10.085,,,,,,,,,,,
2023/11/9 20:00,0.791,10.336,,,,,,,,,,,
2023/11/9 21:00,0.791,10.334,,,,,,,,,,,
2023/11/9 22:00,0.774,10.157,,,,,,,,,,,
2023/11/9 23:00,0.725,9.653,,,,,,,,,,,
2023/11/10 0:00,0.8,10.452,,,,,,,,,,,
2023/11/10 1:00,0.88,11.61,,,,,,,,,,,
2023/11/10 2:00,0.86,11.259,,,,,,,,,,,
2023/11/10 3:00,0.815,10.626,,,,,,,,,,,
2023/11/10 4:00,0.763,10.034,,,,,,,,,,,
2023/11/10 5:00,0.699,9.417,,,,,,,,,,,
2023/11/10 6:00,0.627,8.812,,,,,,,,,,,
2023/11/10 7:00,0.564,8.318,,,,,,,,,,,
2023/11/10 8:00,0.45,7.5,,,,,,,,,,,
2023/11/10 9:00,0.348,6.738,,,,,,,,,,,
2023/11/10 10:00,0.306,6.429,,,,,,,,,,,
2023/11/10 11:00,0.266,6.099,,,,,,,,,,,
2023/11/10 12:00,0.203,5.541,,,,,,,,,,,
2023/11/10 13:00,0.172,5.235,,,,,,,,,,,
2023/11/10 14:00,0.157,5.081,,,,,,,,,,,
2023/11/10 15:00,0.161,5.117,,,,,,,,,,,
2023/11/10 16:00,0.173,5.251,,,,,,,,,,,
2023/11/10 17:00,0.191,5.435,,,,,,,,,,,
2023/11/10 18:00,0.231,5.79,,,,,,,,,,,
2023/11/10 19:00,0.265,6.092,,,,,,,,,,,
2023/11/10 20:00,0.26,6.046,,,,,,,,,,,
2023/11/10 21:00,0.239,5.878,,,,,,,,,,,
2023/11/10 22:00,0.222,5.714,,,,,,,,,,,
2023/11/10 23:00,0.234,5.833,,,,,,,,,,,
2023/11/11 0:00,0.468,7.63,,,,,,,,,,,
2023/11/11 1:00,0.585,8.485,,,,,,,,,,,
2023/11/11 2:00,0.532,8.088,,,,,,,,,,,
2023/11/11 3:00,0.523,8.023,,,,,,,,,,,
2023/11/11 4:00,0.56,8.297,,,,,,,,,,,
2023/11/11 5:00,0.601,8.615,,,,,,,,,,,
2023/11/11 6:00,0.636,8.89,,,,,,,,,,,
2023/11/11 7:00,0.639,8.899,,,,,,,,,,,
2023/11/11 8:00,0.493,7.811,,,,,,,,,,,
2023/11/11 9:00,0.339,6.677,,,,,,,,,,,
2023/11/11 10:00,0.268,6.119,,,,,,,,,,,
2023/11/11 11:00,0.252,5.99,,,,,,,,,,,
2023/11/11 12:00,0.292,6.32,,,,,,,,,,,
2023/11/11 13:00,0.328,6.595,,,,,,,,,,,
2023/11/11 14:00,0.347,6.731,,,,,,,,,,,
2023/11/11 15:00,0.36,6.839,,,,,,,,,,,
2023/11/11 16:00,0.371,6.915,,,,,,,,,,,
2023/11/11 17:00,0.375,6.947,,,,,,,,,,,
2023/11/11 18:00,0.378,6.977,,,,,,,,,,,
2023/11/11 19:00,0.419,7.273,,,,,,,,,,,
2023/11/11 20:00,0.474,7.664,,,,,,,,,,,
2023/11/11 21:00,0.506,7.898,,,,,,,,,,,
2023/11/11 22:00,0.553,8.244,,,,,,,,,,,
2023/11/11 23:00,0.638,8.898,,,,,,,,,,,
2023/11/12 0:00,0.842,10.985,,,,,,,,,,,
2023/11/12 1:00,0.922,12.487,,,,,,,,,,,
2023/11/12 2:00,0.923,12.53,,,,,,,,,,,
2023/11/12 3:00,0.918,12.409,,,,,,,,,,,
2023/11/12 4:00,0.914,12.303,,,,,,,,,,,
2023/11/12 5:00,0.91,12.217,,,,,,,,,,,
2023/11/12 6:00,0.906,12.128,,,,,,,,,,,
2023/11/12 7:00,0.889,11.767,,,,,,,,,,,
2023/11/12 8:00,0.807,10.539,,,,,,,,,,,
2023/11/12 9:00,0.732,9.727,,,,,,,,,,,
2023/11/12 10:00,0.729,9.687,,,,,,,,,,,
2023/11/12 11:00,0.753,9.924,,,,,,,,,,,
2023/11/12 12:00,0.773,10.143,,,,,,,,,,,
2023/11/12 13:00,0.71,9.51,,,,,,,,,,,
2023/11/12 14:00,0.654,9.029,,,,,,,,,,,
2023/11/12 15:00,0.674,9.2,,,,,,,,,,,
2023/11/12 16:00,0.698,9.407,,,,,,,,,,,
2023/11/12 17:00,0.7,9.432,,,,,,,,,,,
2023/11/12 18:00,0.704,9.464,,,,,,,,,,,
2023/11/12 19:00,0.703,9.454,,,,,,,,,,,
2023/11/12 20:00,0.7,9.426,,,,,,,,,,,
2023/11/12 21:00,0.685,9.296,,,,,,,,,,,
2023/11/12 22:00,0.66,9.084,,,,,,,,,,,
2023/11/12 23:00,0.619,8.749,,,,,,,,,,,
2023/11/13 0:00,0.466,7.609,,,,,,,,,,,
2023/11/13 1:00,0.372,6.929,,,,,,,,,,,
2023/11/13 2:00,0.383,7.004,,,,,,,,,,,
2023/11/13 3:00,0.289,6.294,,,,,,,,,,,
2023/11/13 4:00,0.221,5.706,,,,,,,,,,,
2023/11/13 5:00,0.16,5.115,,,,,,,,,,,
2023/11/13 6:00,0.107,4.474,,,,,,,,,,,
2023/11/13 7:00,0.047,3.455,,,,,,,,,,,
2023/11/13 8:00,0.027,2.941,,,,,,,,,,,
2023/11/13 9:00,0.019,2.664,,,,,,,,,,,
2023/11/13 10:00,0.031,3.058,,,,,,,,,,,
2023/11/13 11:00,0.062,3.757,,,,,,,,,,,
2023/11/13 12:00,0.105,4.444,,,,,,,,,,,
2023/11/13 13:00,0.149,4.994,,,,,,,,,,,
2023/11/13 14:00,0.195,5.461,,,,,,,,,,,
2023/11/13 15:00,0.261,6.062,,,,,,,,,,,
2023/11/13 16:00,0.329,6.608,,,,,,,,,,,
2023/11/13 17:00,0.366,6.882,,,,,,,,,,,
2023/11/13 18:00,0.384,7.017,,,,,,,,,,,
2023/11/13 19:00,0.389,7.054,,,,,,,,,,,
2023/11/13 20:00,0.382,7.001,,,,,,,,,,,
2023/11/13 21:00,0.372,6.926,,,,,,,,,,,
2023/11/13 22:00,0.368,6.893,,,,,,,,,,,
2023/11/13 23:00,0.365,6.874,,,,,,,,,,,
2023/11/14 0:00,0.252,5.98,,,,,,,,,,,
2023/11/14 1:00,0.122,4.674,,,,,,,,,,,
2023/11/14 2:00,0.145,4.942,,,,,,,,,,,
2023/11/14 3:00,0.118,4.613,,,,,,,,,,,
2023/11/14 4:00,0.081,4.079,,,,,,,,,,,
2023/11/14 5:00,0.05,3.523,,,,,,,,,,,
2023/11/14 6:00,0.025,2.892,,,,,,,,,,,
2023/11/14 7:00,0.003,1.694,,,,,,,,,,,
2023/11/14 8:00,0.002,1.57,,,,,,,,,,,
2023/11/14 9:00,0.009,2.232,,,,,,,,,,,
2023/11/14 10:00,0.038,3.225,,,,,,,,,,,
2023/11/14 11:00,0.085,4.143,,,,,,,,,,,
2023/11/14 12:00,0.127,4.729,,,,,,,,,,,
2023/11/14 13:00,0.152,5.022,,,,,,,,,,,
2023/11/14 14:00,0.163,5.148,,,,,,,,,,,
2023/11/14 15:00,0.183,5.349,,,,,,,,,,,
2023/11/14 16:00,0.223,5.732,,,,,,,,,,,
2023/11/14 17:00,0.267,6.117,,,,,,,,,,,
2023/11/14 18:00,0.315,6.502,,,,,,,,,,,
2023/11/14 19:00,0.37,6.913,,,,,,,,,,,
2023/11/14 20:00,0.4,7.132,,,,,,,,,,,
2023/11/14 21:00,0.375,6.943,,,,,,,,,,,
2023/11/14 22:00,0.332,6.618,,,,,,,,,,,
2023/11/14 23:00,0.36,6.834,,,,,,,,,,,
2023/11/15 0:00,0.252,5.982,,,,,,,,,,,
2023/11/15 1:00,0.088,4.193,,,,,,,,,,,
2023/11/15 2:00,0.065,3.811,,,,,,,,,,,
2023/11/15 3:00,0.085,4.146,,,,,,,,,,,
2023/11/15 4:00,0.12,4.627,,,,,,,,,,,
2023/11/15 5:00,0.13,4.764,,,,,,,,,,,
2023/11/15 6:00,0.168,5.195,,,,,,,,,,,
2023/11/15 7:00,0.258,6.031,,,,,,,,,,,
2023/11/15 8:00,0.344,6.72,,,,,,,,,,,
2023/11/15 9:00,0.327,6.581,,,,,,,,,,,
2023/11/15 10:00,0.27,6.138,,,,,,,,,,,
2023/11/15 11:00,0.27,6.138,,,,,,,,,,,
2023/11/15 12:00,0.312,6.471,,,,,,,,,,,
2023/11/15 13:00,0.352,6.779,,,,,,,,,,,
2023/11/15 14:00,0.46,7.569,,,,,,,,,,,
2023/11/15 15:00,0.584,8.48,,,,,,,,,,,
2023/11/15 16:00,0.63,8.83,,,,,,,,,,,
2023/11/15 17:00,0.71,9.522,,,,,,,,,,,
2023/11/15 18:00,0.78,10.222,,,,,,,,,,,
2023/11/15 19:00,0.78,10.209,,,,,,,,,,,
2023/11/15 20:00,0.788,10.312,,,,,,,,,,,
2023/11/15 21:00,0.808,10.548,,,,,,,,,,,
2023/11/15 22:00,0.827,10.785,,,,,,,,,,,
2023/11/15 23:00,0.809,10.559,,,,,,,,,,,
2023/11/16 0:00,0.761,10.02,,,,,,,,,,,
2023/11/16 1:00,0.897,11.934,,,,,,,,,,,
2023/11/16 2:00,0.919,12.412,,,,,,,,,,,
2023/11/16 3:00,0.912,12.258,,,,,,,,,,,
2023/11/16 4:00,0.905,12.096,,,,,,,,,,,
2023/11/16 5:00,0.904,12.087,,,,,,,,,,,
2023/11/16 6:00,0.901,12.005,,,,,,,,,,,
2023/11/16 7:00,0.871,11.451,,,,,,,,,,,
2023/11/16 8:00,0.8,10.443,,,,,,,,,,,
2023/11/16 9:00,0.768,10.085,,,,,,,,,,,
2023/11/16 10:00,0.764,10.053,,,,,,,,,,,
2023/11/16 11:00,0.767,10.077,,,,,,,,,,,
2023/11/16 12:00,0.794,10.372,,,,,,,,,,,
2023/11/16 13:00,0.842,10.997,,,,,,,,,,,
2023/11/16 14:00,0.909,12.189,,,,,,,,,,,
2023/11/16 15:00,0.937,12.914,,,,,,,,,,,
2023/11/16 16:00,0.926,12.608,,,,,,,,,,,
2023/11/16 17:00,0.906,12.129,,,,,,,,,,,
2023/11/16 18:00,0.91,12.192,,,,,,,,,,,
2023/11/16 19:00,0.935,12.865,,,,,,,,,,,
2023/11/16 20:00,0.96,13.776,,,,,,,,,,,
2023/11/16 21:00,0.971,14.354,,,,,,,,,,,
2023/11/16 22:00,0.976,14.681,,,,,,,,,,,
2023/11/16 23:00,0.975,14.615,,,,,,,,,,,
2023/11/17 0:00,0.985,15.533,,,,,,,,,,,
2023/11/17 1:00,0.986,17.11,,,,,,,,,,,
2023/11/17 2:00,0.973,18.328,,,,,,,,,,,
2023/11/17 3:00,0.966,18.671,,,,,,,,,,,
2023/11/17 4:00,0.969,18.534,,,,,,,,,,,
2023/11/17 5:00,0.975,18.202,,,,,,,,,,,
2023/11/17 6:00,0.982,17.687,,,,,,,,,,,
2023/11/17 7:00,0.988,16.732,,,,,,,,,,,
2023/11/17 8:00,0.981,15.105,,,,,,,,,,,
2023/11/17 9:00,0.947,13.256,,,,,,,,,,,
2023/11/17 10:00,0.89,11.778,,,,,,,,,,,
2023/11/17 11:00,0.791,10.337,,,,,,,,,,,
2023/11/17 12:00,0.708,9.498,,,,,,,,,,,
2023/11/17 13:00,0.653,9.023,,,,,,,,,,,
2023/11/17 14:00,0.589,8.516,,,,,,,,,,,
2023/11/17 15:00,0.528,8.054,,,,,,,,,,,
2023/11/17 16:00,0.476,7.683,,,,,,,,,,,
2023/11/17 17:00,0.43,7.348,,,,,,,,,,,
2023/11/17 18:00,0.397,7.113,,,,,,,,,,,
2023/11/17 19:00,0.377,6.969,,,,,,,,,,,
2023/11/17 20:00,0.359,6.828,,,,,,,,,,,
2023/11/17 21:00,0.349,6.752,,,,,,,,,,,
2023/11/17 22:00,0.343,6.705,,,,,,,,,,,
2023/11/17 23:00,0.344,6.718,,,,,,,,,,,
2023/11/18 0:00,0.239,5.873,,,,,,,,,,,
2023/11/18 1:00,0.12,4.633,,,,,,,,,,,
2023/11/18 2:00,0.099,4.353,,,,,,,,,,,
2023/11/18 3:00,0.173,5.252,,,,,,,,,,,
2023/11/18 4:00,0.315,6.49,,,,,,,,,,,
2023/11/18 5:00,0.412,7.222,,,,,,,,,,,
2023/11/18 6:00,0.422,7.295,,,,,,,,,,,
2023/11/18 7:00,0.534,8.105,,,,,,,,,,,
2023/11/18 8:00,0.691,9.348,,,,,,,,,,,
2023/11/18 9:00,0.781,10.234,,,,,,,,,,,
2023/11/18 10:00,0.8,10.441,,,,,,,,,,,
2023/11/18 11:00,0.791,10.342,,,,,,,,,,,
2023/11/18 12:00,0.813,10.607,,,,,,,,,,,
2023/11/18 13:00,0.841,10.976,,,,,,,,,,,
2023/11/18 14:00,0.844,11.013,,,,,,,,,,,
2023/11/18 15:00,0.834,10.883,,,,,,,,,,,
2023/11/18 16:00,0.821,10.71,,,,,,,,,,,
2023/11/18 17:00,0.8,10.452,,,,,,,,,,,
2023/11/18 18:00,0.785,10.274,,,,,,,,,,,
2023/11/18 19:00,0.774,10.145,,,,,,,,,,,
2023/11/18 20:00,0.762,10.024,,,,,,,,,,,
2023/11/18 21:00,0.735,9.76,,,,,,,,,,,
2023/11/18 22:00,0.708,9.495,,,,,,,,,,,
2023/11/18 23:00,0.695,9.382,,,,,,,,,,,
2023/11/19 0:00,0.58,8.453,,,,,,,,,,,
2023/11/19 1:00,0.611,8.685,,,,,,,,,,,
2023/11/19 2:00,0.714,9.561,,,,,,,,,,,
2023/11/19 3:00,0.675,9.213,,,,,,,,,,,
2023/11/19 4:00,0.621,8.764,,,,,,,,,,,
2023/11/19 5:00,0.558,8.279,,,,,,,,,,,
2023/11/19 6:00,0.466,7.61,,,,,,,,,,,
2023/11/19 7:00,0.252,5.982,,,,,,,,,,,
2023/11/19 8:00,0.147,4.966,,,,,,,,,,,
2023/11/19 9:00,0.12,4.63,,,,,,,,,,,
2023/11/19 10:00,0.115,4.582,,,,,,,,,,,
2023/11/19 11:00,0.114,4.559,,,,,,,,,,,
2023/11/19 12:00,0.119,4.623,,,,,,,,,,,
2023/11/19 13:00,0.144,4.936,,,,,,,,,,,
2023/11/19 14:00,0.178,5.294,,,,,,,,,,,
2023/11/19 15:00,0.224,5.74,,,,,,,,,,,
2023/11/19 16:00,0.313,6.478,,,,,,,,,,,
2023/11/19 17:00,0.417,7.254,,,,,,,,,,,
2023/11/19 18:00,0.513,7.956,,,,,,,,,,,
2023/11/19 19:00,0.599,8.598,,,,,,,,,,,
2023/11/19 20:00,0.671,9.172,,,,,,,,,,,
2023/11/19 21:00,0.757,9.981,,,,,,,,,,,
2023/11/19 22:00,0.788,10.314,,,,,,,,,,,
2023/11/19 23:00,0.819,10.69,,,,,,,,,,,
2023/11/20 0:00,0.769,10.097,,,,,,,,,,,
2023/11/20 1:00,0.68,9.24,,,,,,,,,,,
2023/11/20 2:00,0.77,10.108,,,,,,,,,,,
2023/11/20 3:00,0.91,12.205,,,,,,,,,,,
2023/11/20 4:00,0.928,12.654,,,,,,,,,,,
2023/11/20 5:00,0.917,12.371,,,,,,,,,,,
2023/11/20 6:00,0.9,11.991,,,,,,,,,,,
2023/11/20 7:00,0.897,11.934,,,,,,,,,,,
2023/11/20 8:00,0.912,12.253,,,,,,,,,,,
2023/11/20 9:00,0.908,12.154,,,,,,,,,,,
2023/11/20 10:00,0.899,11.965,,,,,,,,,,,
2023/11/20 11:00,0.886,11.723,,,,,,,,,,,
2023/11/20 12:00,0.88,11.594,,,,,,,,,,,
2023/11/20 13:00,0.876,11.542,,,,,,,,,,,
2023/11/20 14:00,0.871,11.445,,,,,,,,,,,
2023/11/20 15:00,0.862,11.301,,,,,,,,,,,
2023/11/20 16:00,0.834,10.881,,,,,,,,,,,
2023/11/20 17:00,0.805,10.507,,,,,,,,,,,
2023/11/20 18:00,0.765,10.055,,,,,,,,,,,
2023/11/20 19:00,0.717,9.578,,,,,,,,,,,
2023/11/20 20:00,0.66,9.086,,,,,,,,,,,
2023/11/20 21:00,0.612,8.696,,,,,,,,,,,
2023/11/20 22:00,0.548,8.208,,,,,,,,,,,
2023/11/20 23:00,0.49,7.789,,,,,,,,,,,
2023/11/21 0:00,0.437,7.394,,,,,,,,,,,
2023/11/21 1:00,0.309,6.447,,,,,,,,,,,
2023/11/21 2:00,0.268,6.117,,,,,,,,,,,
2023/11/21 3:00,0.284,6.244,,,,,,,,,,,
2023/11/21 4:00,0.267,6.104,,,,,,,,,,,
2023/11/21 5:00,0.232,5.812,,,,,,,,,,,
2023/11/21 6:00,0.217,5.674,,,,,,,,,,,
2023/11/21 7:00,0.266,6.099,,,,,,,,,,,
2023/11/21 8:00,0.331,6.618,,,,,,,,,,,
2023/11/21 9:00,0.313,6.477,,,,,,,,,,,
2023/11/21 10:00,0.224,5.74,,,,,,,,,,,
2023/11/21 11:00,0.161,5.118,,,,,,,,,,,
2023/11/21 12:00,0.109,4.494,,,,,,,,,,,
2023/11/21 13:00,0.061,3.725,,,,,,,,,,,
2023/11/21 14:00,0.051,3.543,,,,,,,,,,,
2023/11/21 15:00,0.066,3.832,,,,,,,,,,,
2023/11/21 16:00,0.069,3.876,,,,,,,,,,,
2023/11/21 17:00,0.044,3.383,,,,,,,,,,,
2023/11/21 18:00,0.015,2.523,,,,,,,,,,,
2023/11/21 19:00,0.002,1.61,,,,,,,,,,,
2023/11/21 20:00,0.001,1.341,,,,,,,,,,,
2023/11/21 21:00,0.008,2.143,,,,,,,,,,,
2023/11/21 22:00,0.017,2.574,,,,,,,,,,,
2023/11/21 23:00,0.02,2.706,,,,,,,,,,,
2023/11/22 0:00,0.04,3.281,,,,,,,,,,,
2023/11/22 1:00,0.075,3.992,,,,,,,,,,,
2023/11/22 2:00,0.297,6.355,,,,,,,,,,,
2023/11/22 3:00,0.575,8.401,,,,,,,,,,,
2023/11/22 4:00,0.69,9.34,,,,,,,,,,,
2023/11/22 5:00,0.749,9.892,,,,,,,,,,,
2023/11/22 6:00,0.792,10.346,,,,,,,,,,,
2023/11/22 7:00,0.81,10.572,,,,,,,,,,,
2023/11/22 8:00,0.854,11.179,,,,,,,,,,,
2023/11/22 9:00,0.848,11.085,,,,,,,,,,,
2023/11/22 10:00,0.785,10.275,,,,,,,,,,,
2023/11/22 11:00,0.753,9.928,,,,,,,,,,,
2023/11/22 12:00,0.749,9.891,,,,,,,,,,,
2023/11/22 13:00,0.727,9.673,,,,,,,,,,,
2023/11/22 14:00,0.644,8.953,,,,,,,,,,,
2023/11/22 15:00,0.598,8.585,,,,,,,,,,,
2023/11/22 16:00,0.643,8.941,,,,,,,,,,,
2023/11/22 17:00,0.777,10.183,,,,,,,,,,,
2023/11/22 18:00,0.814,10.618,,,,,,,,,,,
2023/11/22 19:00,0.861,11.274,,,,,,,,,,,
2023/11/22 20:00,0.893,11.854,,,,,,,,,,,
2023/11/22 21:00,0.923,12.538,,,,,,,,,,,
2023/11/22 22:00,0.953,13.48,,,,,,,,,,,
2023/11/22 23:00,0.971,14.315,,,,,,,,,,,
2023/11/23 0:00,0.979,14.891,,,,,,,,,,,
2023/11/23 1:00,0.983,15.244,,,,,,,,,,,
2023/11/23 2:00,0.984,15.405,,,,,,,,,,,
2023/11/23 3:00,0.985,15.518,,,,,,,,,,,
2023/11/23 4:00,0.985,15.531,,,,,,,,,,,
2023/11/23 5:00,0.984,15.426,,,,,,,,,,,
2023/11/23 6:00,0.981,15.138,,,,,,,,,,,
2023/11/23 7:00,0.976,14.637,,,,,,,,,,,
2023/11/23 8:00,0.96,13.78,,,,,,,,,,,
2023/11/23 9:00,0.932,12.771,,,,,,,,,,,
2023/11/23 10:00,0.915,12.338,,,,,,,,,,,
2023/11/23 11:00,0.891,11.821,,,,,,,,,,,
2023/11/23 12:00,0.871,11.442,,,,,,,,,,,
2023/11/23 13:00,0.848,11.085,,,,,,,,,,,
2023/11/23 14:00,0.815,10.621,,,,,,,,,,,
2023/11/23 15:00,0.765,10.064,,,,,,,,,,,
2023/11/23 16:00,0.739,9.791,,,,,,,,,,,
2023/11/23 17:00,0.712,9.539,,,,,,,,,,,
2023/11/23 18:00,0.664,9.114,,,,,,,,,,,
2023/11/23 19:00,0.609,8.665,,,,,,,,,,,
2023/11/23 20:00,0.574,8.399,,,,,,,,,,,
2023/11/23 21:00,0.55,8.222,,,,,,,,,,,
2023/11/23 22:00,0.532,8.081,,,,,,,,,,,
2023/11/23 23:00,0.499,7.847,,,,,,,,,,,
2023/11/24 0:00,0.641,8.924,,,,,,,,,,,
2023/11/24 1:00,0.727,9.668,,,,,,,,,,,
2023/11/24 2:00,0.708,9.502,,,,,,,,,,,
2023/11/24 3:00,0.663,9.106,,,,,,,,,,,
2023/11/24 4:00,0.619,8.752,,,,,,,,,,,
2023/11/24 5:00,0.585,8.483,,,,,,,,,,,
2023/11/24 6:00,0.559,8.29,,,,,,,,,,,
2023/11/24 7:00,0.503,7.873,,,,,,,,,,,
2023/11/24 8:00,0.342,6.705,,,,,,,,,,,
2023/11/24 9:00,0.198,5.497,,,,,,,,,,,
2023/11/24 10:00,0.103,4.423,,,,,,,,,,,
2023/11/24 11:00,0.051,3.53,,,,,,,,,,,
2023/11/24 12:00,0.026,2.919,,,,,,,,,,,
2023/11/24 13:00,0.023,2.827,,,,,,,,,,,
2023/11/24 14:00,0.045,3.406,,,,,,,,,,,
2023/11/24 15:00,0.061,3.738,,,,,,,,,,,
2023/11/24 16:00,0.056,3.649,,,,,,,,,,,
2023/11/24 17:00,0.041,3.321,,,,,,,,,,,
2023/11/24 18:00,0.026,2.919,,,,,,,,,,,
2023/11/24 19:00,0.016,2.545,,,,,,,,,,,
2023/11/24 20:00,0.01,2.271,,,,,,,,,,,
2023/11/24 21:00,0.015,2.504,,,,,,,,,,,
2023/11/24 22:00,0.04,3.297,,,,,,,,,,,
2023/11/24 23:00,0.094,4.282,,,,,,,,,,,
2023/11/25 0:00,0.144,4.934,,,,,,,,,,,
2023/11/25 1:00,0.379,6.979,,,,,,,,,,,
2023/11/25 2:00,0.658,9.069,,,,,,,,,,,
2023/11/25 3:00,0.809,10.561,,,,,,,,,,,
2023/11/25 4:00,0.878,11.563,,,,,,,,,,,
2023/11/25 5:00,0.901,12.008,,,,,,,,,,,
2023/11/25 6:00,0.893,11.855,,,,,,,,,,,
2023/11/25 7:00,0.867,11.378,,,,,,,,,,,
2023/11/25 8:00,0.837,10.924,,,,,,,,,,,
2023/11/25 9:00,0.811,10.576,,,,,,,,,,,
2023/11/25 10:00,0.79,10.329,,,,,,,,,,,
2023/11/25 11:00,0.755,9.951,,,,,,,,,,,
2023/11/25 12:00,0.702,9.447,,,,,,,,,,,
2023/11/25 13:00,0.657,9.049,,,,,,,,,,,
2023/11/25 14:00,0.642,8.94,,,,,,,,,,,
2023/11/25 15:00,0.62,8.754,,,,,,,,,,,
2023/11/25 16:00,0.51,7.926,,,,,,,,,,,
2023/11/25 17:00,0.409,7.19,,,,,,,,,,,
2023/11/25 18:00,0.352,6.778,,,,,,,,,,,
2023/11/25 19:00,0.308,6.439,,,,,,,,,,,
2023/11/25 20:00,0.284,6.241,,,,,,,,,,,
2023/11/25 21:00,0.227,5.769,,,,,,,,,,,
2023/11/25 22:00,0.2,5.517,,,,,,,,,,,
2023/11/25 23:00,0.184,5.36,,,,,,,,,,,
2023/11/26 0:00,0.147,4.966,,,,,,,,,,,
2023/11/26 1:00,0.07,3.89,,,,,,,,,,,
2023/11/26 2:00,0.011,2.337,,,,,,,,,,,
2023/11/26 3:00,0,0.661,,,,,,,,,,,
2023/11/26 4:00,0.011,2.317,,,,,,,,,,,
2023/11/26 5:00,0.074,3.978,,,,,,,,,,,
2023/11/26 6:00,0.179,5.305,,,,,,,,,,,
2023/11/26 7:00,0.258,6.039,,,,,,,,,,,
2023/11/26 8:00,0.307,6.434,,,,,,,,,,,
2023/11/26 9:00,0.312,6.473,,,,,,,,,,,
2023/11/26 10:00,0.297,6.354,,,,,,,,,,,
2023/11/26 11:00,0.311,6.457,,,,,,,,,,,
2023/11/26 12:00,0.306,6.426,,,,,,,,,,,
2023/11/26 13:00,0.279,6.205,,,,,,,,,,,
2023/11/26 14:00,0.218,5.687,,,,,,,,,,,
2023/11/26 15:00,0.16,5.116,,,,,,,,,,,
2023/11/26 16:00,0.099,4.356,,,,,,,,,,,
2023/11/26 17:00,0.133,4.789,,,,,,,,,,,
2023/11/26 18:00,0.267,6.111,,,,,,,,,,,
2023/11/26 19:00,0.488,7.767,,,,,,,,,,,
2023/11/26 20:00,0.568,8.363,,,,,,,,,,,
2023/11/26 21:00,0.423,7.3,,,,,,,,,,,
2023/11/26 22:00,0.273,6.158,,,,,,,,,,,
2023/11/26 23:00,0.289,6.291,,,,,,,,,,,
2023/11/27 0:00,0.43,7.346,,,,,,,,,,,
2023/11/27 1:00,0.719,9.606,,,,,,,,,,,
2023/11/27 2:00,0.747,9.879,,,,,,,,,,,
2023/11/27 3:00,0.748,9.886,,,,,,,,,,,
2023/11/27 4:00,0.761,10.015,,,,,,,,,,,
2023/11/27 5:00,0.774,10.147,,,,,,,,,,,
2023/11/27 6:00,0.8,10.448,,,,,,,,,,,
2023/11/27 7:00,0.84,10.962,,,,,,,,,,,
2023/11/27 8:00,0.869,11.4,,,,,,,,,,,
2023/11/27 9:00,0.874,11.485,,,,,,,,,,,
2023/11/27 10:00,0.833,10.865,,,,,,,,,,,
2023/11/27 11:00,0.798,10.416,,,,,,,,,,,
2023/11/27 12:00,0.746,9.862,,,,,,,,,,,
2023/11/27 13:00,0.704,9.458,,,,,,,,,,,
2023/11/27 14:00,0.655,9.041,,,,,,,,,,,
2023/11/27 15:00,0.599,8.592,,,,,,,,,,,
2023/11/27 16:00,0.518,7.985,,,,,,,,,,,
2023/11/27 17:00,0.424,7.311,,,,,,,,,,,
2023/11/27 18:00,0.403,7.15,,,,,,,,,,,
2023/11/27 19:00,0.401,7.137,,,,,,,,,,,
2023/11/27 20:00,0.379,6.978,,,,,,,,,,,
2023/11/27 21:00,0.381,6.989,,,,,,,,,,,
2023/11/27 22:00,0.377,6.963,,,,,,,,,,,
2023/11/27 23:00,0.347,6.731,,,,,,,,,,,
2023/11/28 0:00,0.275,6.177,,,,,,,,,,,
2023/11/28 1:00,0.507,7.907,,,,,,,,,,,
2023/11/28 2:00,0.494,7.815,,,,,,,,,,,
2023/11/28 3:00,0.406,7.17,,,,,,,,,,,
2023/11/28 4:00,0.365,6.872,,,,,,,,,,,
2023/11/28 5:00,0.356,6.81,,,,,,,,,,,
2023/11/28 6:00,0.339,6.679,,,,,,,,,,,
2023/11/28 7:00,0.309,6.452,,,,,,,,,,,
2023/11/28 8:00,0.252,5.98,,,,,,,,,,,
2023/11/28 9:00,0.226,5.756,,,,,,,,,,,
2023/11/28 10:00,0.231,5.798,,,,,,,,,,,
2023/11/28 11:00,0.311,6.466,,,,,,,,,,,
2023/11/28 12:00,0.406,7.174,,,,,,,,,,,
2023/11/28 13:00,0.422,7.298,,,,,,,,,,,
2023/11/28 14:00,0.439,7.414,,,,,,,,,,,
2023/11/28 15:00,0.559,8.288,,,,,,,,,,,
2023/11/28 16:00,0.764,10.05,,,,,,,,,,,
2023/11/28 17:00,0.842,10.986,,,,,,,,,,,
2023/11/28 18:00,0.851,11.119,,,,,,,,,,,
2023/11/28 19:00,0.867,11.386,,,,,,,,,,,
2023/11/28 20:00,0.87,11.427,,,,,,,,,,,
2023/11/28 21:00,0.853,11.153,,,,,,,,,,,
2023/11/28 22:00,0.829,10.815,,,,,,,,,,,
2023/11/28 23:00,0.818,10.673,,,,,,,,,,,
2023/11/29 0:00,0.811,10.575,,,,,,,,,,,
2023/11/29 1:00,0.922,12.495,,,,,,,,,,,
2023/11/29 2:00,0.939,12.981,,,,,,,,,,,
2023/11/29 3:00,0.944,13.147,,,,,,,,,,,
2023/11/29 4:00,0.952,13.429,,,,,,,,,,,
2023/11/29 5:00,0.96,13.757,,,,,,,,,,,
2023/11/29 6:00,0.966,14.036,,,,,,,,,,,
2023/11/29 7:00,0.965,13.978,,,,,,,,,,,
2023/11/29 8:00,0.95,13.357,,,,,,,,,,,
2023/11/29 9:00,0.919,12.435,,,,,,,,,,,
2023/11/29 10:00,0.892,11.841,,,,,,,,,,,
2023/11/29 11:00,0.875,11.507,,,,,,,,,,,
2023/11/29 12:00,0.84,10.964,,,,,,,,,,,
2023/11/29 13:00,0.797,10.401,,,,,,,,,,,
2023/11/29 14:00,0.74,9.803,,,,,,,,,,,
2023/11/29 15:00,0.734,9.747,,,,,,,,,,,
2023/11/29 16:00,0.744,9.831,,,,,,,,,,,
2023/11/29 17:00,0.74,9.805,,,,,,,,,,,
2023/11/29 18:00,0.729,9.692,,,,,,,,,,,
2023/11/29 19:00,0.72,9.609,,,,,,,,,,,
2023/11/29 20:00,0.669,9.158,,,,,,,,,,,
2023/11/29 21:00,0.659,9.078,,,,,,,,,,,
2023/11/29 22:00,0.645,8.959,,,,,,,,,,,
2023/11/29 23:00,0.643,8.946,,,,,,,,,,,
2023/11/30 0:00,0.561,8.305,,,,,,,,,,,
2023/11/30 1:00,0.831,10.842,,,,,,,,,,,
2023/11/30 2:00,0.845,11.035,,,,,,,,,,,
2023/11/30 3:00,0.794,10.382,,,,,,,,,,,
2023/11/30 4:00,0.77,10.117,,,,,,,,,,,
2023/11/30 5:00,0.765,10.055,,,,,,,,,,,
2023/11/30 6:00,0.77,10.1,,,,,,,,,,,
2023/11/30 7:00,0.758,9.991,,,,,,,,,,,
2023/11/30 8:00,0.705,9.472,,,,,,,,,,,
2023/11/30 9:00,0.663,9.106,,,,,,,,,,,
2023/11/30 10:00,0.604,8.634,,,,,,,,,,,
2023/11/30 11:00,0.635,8.881,,,,,,,,,,,
2023/11/30 12:00,0.671,9.174,,,,,,,,,,,
2023/11/30 13:00,0.701,9.434,,,,,,,,,,,
2023/11/30 14:00,0.706,9.482,,,,,,,,,,,
2023/11/30 15:00,0.702,9.444,,,,,,,,,,,
2023/11/30 16:00,0.705,9.478,,,,,,,,,,,
2023/11/30 17:00,0.688,9.326,,,,,,,,,,,
2023/11/30 18:00,0.65,8.99,,,,,,,,,,,
2023/11/30 19:00,0.61,8.673,,,,,,,,,,,
2023/11/30 20:00,0.564,8.318,,,,,,,,,,,
2023/11/30 21:00,0.491,7.796,,,,,,,,,,,
2023/11/30 22:00,0.441,7.425,,,,,,,,,,,
2023/11/30 23:00,0.409,7.205,,,,,,,,,,,
2023/12/1 0:00,0.306,6.423,,,,,,,,,,,
2023/12/1 1:00,0.254,6.002,,,,,,,,,,,
2023/12/1 2:00,0.3,6.375,,,,,,,,,,,
2023/12/1 3:00,0.29,6.298,,,,,,,,,,,
2023/12/1 4:00,0.286,6.263,,,,,,,,,,,
2023/12/1 5:00,0.288,6.285,,,,,,,,,,,
2023/12/1 6:00,0.257,6.025,,,,,,,,,,,
2023/12/1 7:00,0.162,5.133,,,,,,,,,,,
2023/12/1 8:00,0.136,4.839,,,,,,,,,,,
2023/12/1 9:00,0.215,5.656,,,,,,,,,,,
2023/12/1 10:00,0.377,6.964,,,,,,,,,,,
2023/12/1 11:00,0.528,8.052,,,,,,,,,,,
2023/12/1 12:00,0.616,8.725,,,,,,,,,,,
2023/12/1 13:00,0.635,8.878,,,,,,,,,,,
2023/12/1 14:00,0.58,8.451,,,,,,,,,,,
2023/12/1 15:00,0.497,7.834,,,,,,,,,,,
2023/12/1 16:00,0.433,7.368,,,,,,,,,,,
2023/12/1 17:00,0.416,7.244,,,,,,,,,,,
2023/12/1 18:00,0.437,7.393,,,,,,,,,,,
2023/12/1 19:00,0.473,7.657,,,,,,,,,,,
2023/12/1 20:00,0.504,7.887,,,,,,,,,,,
2023/12/1 21:00,0.555,8.255,,,,,,,,,,,
2023/12/1 22:00,0.608,8.664,,,,,,,,,,,
2023/12/1 23:00,0.655,9.042,,,,,,,,,,,
2023/12/2 0:00,0.602,8.615,,,,,,,,,,,
2023/12/2 1:00,0.89,11.778,,,,,,,,,,,
2023/12/2 2:00,0.946,13.221,,,,,,,,,,,
2023/12/2 3:00,0.958,13.663,,,,,,,,,,,
2023/12/2 4:00,0.954,13.505,,,,,,,,,,,
2023/12/2 5:00,0.933,12.804,,,,,,,,,,,
2023/12/2 6:00,0.881,11.63,,,,,,,,,,,
2023/12/2 7:00,0.7,9.422,,,,,,,,,,,
2023/12/2 8:00,0.487,7.757,,,,,,,,,,,
2023/12/2 9:00,0.354,6.797,,,,,,,,,,,
2023/12/2 10:00,0.278,6.191,,,,,,,,,,,
2023/12/2 11:00,0.246,5.931,,,,,,,,,,,
2023/12/2 12:00,0.237,5.859,,,,,,,,,,,
2023/12/2 13:00,0.221,5.703,,,,,,,,,,,
2023/12/2 14:00,0.191,5.431,,,,,,,,,,,
2023/12/2 15:00,0.196,5.477,,,,,,,,,,,
2023/12/2 16:00,0.233,5.823,,,,,,,,,,,
2023/12/2 17:00,0.31,6.455,,,,,,,,,,,
2023/12/2 18:00,0.416,7.249,,,,,,,,,,,
2023/12/2 19:00,0.503,7.878,,,,,,,,,,,
2023/12/2 20:00,0.532,8.09,,,,,,,,,,,
2023/12/2 21:00,0.522,8.008,,,,,,,,,,,
2023/12/2 22:00,0.532,8.081,,,,,,,,,,,
2023/12/2 23:00,0.561,8.301,,,,,,,,,,,
2023/12/3 0:00,0.497,7.84,,,,,,,,,,,
2023/12/3 1:00,0.297,6.349,,,,,,,,,,,
2023/12/3 2:00,0.208,5.597,,,,,,,,,,,
2023/12/3 3:00,0.343,6.707,,,,,,,,,,,
2023/12/3 4:00,0.556,8.269,,,,,,,,,,,
2023/12/3 5:00,0.658,9.064,,,,,,,,,,,
2023/12/3 6:00,0.7,9.422,,,,,,,,,,,
2023/12/3 7:00,0.788,10.313,,,,,,,,,,,
2023/12/3 8:00,0.86,11.272,,,,,,,,,,,
2023/12/3 9:00,0.872,11.457,,,,,,,,,,,
2023/12/3 10:00,0.852,11.136,,,,,,,,,,,
2023/12/3 11:00,0.834,10.872,,,,,,,,,,,
2023/12/3 12:00,0.827,10.786,,,,,,,,,,,
2023/12/3 13:00,0.818,10.667,,,,,,,,,,,
2023/12/3 14:00,0.802,10.469,,,,,,,,,,,
2023/12/3 15:00,0.772,10.132,,,,,,,,,,,
2023/12/3 16:00,0.714,9.558,,,,,,,,,,,
2023/12/3 17:00,0.64,8.917,,,,,,,,,,,
2023/12/3 18:00,0.532,8.082,,,,,,,,,,,
2023/12/3 19:00,0.411,7.218,,,,,,,,,,,
2023/12/3 20:00,0.333,6.636,,,,,,,,,,,
2023/12/3 21:00,0.332,6.621,,,,,,,,,,,
2023/12/3 22:00,0.356,6.81,,,,,,,,,,,
2023/12/3 23:00,0.367,6.885,,,,,,,,,,,
2023/12/4 0:00,0.309,6.446,,,,,,,,,,,
2023/12/4 1:00,0.202,5.532,,,,,,,,,,,
2023/12/4 2:00,0.279,6.206,,,,,,,,,,,
2023/12/4 3:00,0.195,5.471,,,,,,,,,,,
2023/12/4 4:00,0.103,4.405,,,,,,,,,,,
2023/12/4 5:00,0.06,3.72,,,,,,,,,,,
2023/12/4 6:00,0.035,3.157,,,,,,,,,,,
2023/12/4 7:00,0.014,2.464,,,,,,,,,,,
2023/12/4 8:00,0.009,2.216,,,,,,,,,,,
2023/12/4 9:00,0.006,1.976,,,,,,,,,,,
2023/12/4 10:00,0.008,2.163,,,,,,,,,,,
2023/12/4 11:00,0.04,3.281,,,,,,,,,,,
2023/12/4 12:00,0.124,4.688,,,,,,,,,,,
2023/12/4 13:00,0.24,5.884,,,,,,,,,,,
2023/12/4 14:00,0.35,6.765,,,,,,,,,,,
2023/12/4 15:00,0.447,7.479,,,,,,,,,,,
2023/12/4 16:00,0.54,8.145,,,,,,,,,,,
2023/12/4 17:00,0.619,8.747,,,,,,,,,,,
2023/12/4 18:00,0.698,9.407,,,,,,,,,,,
2023/12/4 19:00,0.762,10.026,,,,,,,,,,,
2023/12/4 20:00,0.801,10.458,,,,,,,,,,,
2023/12/4 21:00,0.824,10.74,,,,,,,,,,,
2023/12/4 22:00,0.849,11.094,,,,,,,,,,,
2023/12/4 23:00,0.872,11.463,,,,,,,,,,,
2023/12/5 0:00,0.845,11.044,,,,,,,,,,,
2023/12/5 1:00,0.789,10.324,,,,,,,,,,,
2023/12/5 2:00,0.883,11.651,,,,,,,,,,,
2023/12/5 3:00,0.941,13.059,,,,,,,,,,,
2023/12/5 4:00,0.924,12.55,,,,,,,,,,,
2023/12/5 5:00,0.865,11.336,,,,,,,,,,,
2023/12/5 6:00,0.78,10.222,,,,,,,,,,,
2023/12/5 7:00,0.74,9.801,,,,,,,,,,,
2023/12/5 8:00,0.732,9.73,,,,,,,,,,,
2023/12/5 9:00,0.731,9.71,,,,,,,,,,,
2023/12/5 10:00,0.725,9.652,,,,,,,,,,,
2023/12/5 11:00,0.732,9.73,,,,,,,,,,,
2023/12/5 12:00,0.743,9.828,,,,,,,,,,,
2023/12/5 13:00,0.748,9.884,,,,,,,,,,,
2023/12/5 14:00,0.722,9.63,,,,,,,,,,,
2023/12/5 15:00,0.676,9.223,,,,,,,,,,,
2023/12/5 16:00,0.584,8.478,,,,,,,,,,,
2023/12/5 17:00,0.491,7.792,,,,,,,,,,,
2023/12/5 18:00,0.403,7.154,,,,,,,,,,,
2023/12/5 19:00,0.475,7.676,,,,,,,,,,,
2023/12/5 20:00,0.618,8.738,,,,,,,,,,,
2023/12/5 21:00,0.696,9.394,,,,,,,,,,,
2023/12/5 22:00,0.728,9.683,,,,,,,,,,,
2023/12/5 23:00,0.687,9.314,,,,,,,,,,,
2023/12/6 0:00,0.513,7.954,,,,,,,,,,,
2023/12/6 1:00,0.527,8.049,,,,,,,,,,,
2023/12/6 2:00,0.553,8.246,,,,,,,,,,,
2023/12/6 3:00,0.656,9.046,,,,,,,,,,,
2023/12/6 4:00,0.715,9.567,,,,,,,,,,,
2023/12/6 5:00,0.707,9.489,,,,,,,,,,,
2023/12/6 6:00,0.655,9.034,,,,,,,,,,,
2023/12/6 7:00,0.465,7.603,,,,,,,,,,,
2023/12/6 8:00,0.327,6.589,,,,,,,,,,,
2023/12/6 9:00,0.368,6.895,,,,,,,,,,,
2023/12/6 10:00,0.421,7.278,,,,,,,,,,,
2023/12/6 11:00,0.38,6.986,,,,,,,,,,,
2023/12/6 12:00,0.298,6.363,,,,,,,,,,,
2023/12/6 13:00,0.271,6.144,,,,,,,,,,,
2023/12/6 14:00,0.297,6.348,,,,,,,,,,,
2023/12/6 15:00,0.329,6.605,,,,,,,,,,,
2023/12/6 16:00,0.371,6.915,,,,,,,,,,,
2023/12/6 17:00,0.392,7.074,,,,,,,,,,,
2023/12/6 18:00,0.369,6.907,,,,,,,,,,,
2023/12/6 19:00,0.312,6.471,,,,,,,,,,,
2023/12/6 20:00,0.258,6.027,,,,,,,,,,,
2023/12/6 21:00,0.275,6.175,,,,,,,,,,,
2023/12/6 22:00,0.35,6.765,,,,,,,,,,,
2023/12/6 23:00,0.406,7.174,,,,,,,,,,,
2023/12/7 0:00,0.381,6.992,,,,,,,,,,,
2023/12/7 1:00,0.218,5.688,,,,,,,,,,,
2023/12/7 2:00,0.274,6.167,,,,,,,,,,,
2023/12/7 3:00,0.643,8.944,,,,,,,,,,,
2023/12/7 4:00,0.822,10.722,,,,,,,,,,,
2023/12/7 5:00,0.845,11.046,,,,,,,,,,,
2023/12/7 6:00,0.851,11.126,,,,,,,,,,,
2023/12/7 7:00,0.86,11.272,,,,,,,,,,,
2023/12/7 8:00,0.865,11.335,,,,,,,,,,,
2023/12/7 9:00,0.847,11.069,,,,,,,,,,,
2023/12/7 10:00,0.847,11.069,,,,,,,,,,,
2023/12/7 11:00,0.847,11.072,,,,,,,,,,,
2023/12/7 12:00,0.841,10.984,,,,,,,,,,,
2023/12/7 13:00,0.836,10.896,,,,,,,,,,,
2023/12/7 14:00,0.844,11.02,,,,,,,,,,,
2023/12/7 15:00,0.853,11.146,,,,,,,,,,,
2023/12/7 16:00,0.856,11.202,,,,,,,,,,,
2023/12/7 17:00,0.861,11.279,,,,,,,,,,,
2023/12/7 18:00,0.865,11.336,,,,,,,,,,,
2023/12/7 19:00,0.866,11.367,,,,,,,,,,,
2023/12/7 20:00,0.863,11.314,,,,,,,,,,,
2023/12/7 21:00,0.851,11.119,,,,,,,,,,,
2023/12/7 22:00,0.825,10.756,,,,,,,,,,,
2023/12/7 23:00,0.792,10.358,,,,,,,,,,,
2023/12/8 0:00,0.693,9.367,,,,,,,,,,,
2023/12/8 1:00,0.434,7.376,,,,,,,,,,,
2023/12/8 2:00,0.24,5.879,,,,,,,,,,,
2023/12/8 3:00,0.467,7.614,,,,,,,,,,,
2023/12/8 4:00,0.667,9.139,,,,,,,,,,,
2023/12/8 5:00,0.754,9.947,,,,,,,,,,,
2023/12/8 6:00,0.814,10.617,,,,,,,,,,,
2023/12/8 7:00,0.859,11.25,,,,,,,,,,,
2023/12/8 8:00,0.889,11.768,,,,,,,,,,,
2023/12/8 9:00,0.879,11.591,,,,,,,,,,,
2023/12/8 10:00,0.827,10.792,,,,,,,,,,,
2023/12/8 11:00,0.731,9.711,,,,,,,,,,,
2023/12/8 12:00,0.583,8.473,,,,,,,,,,,
2023/12/8 13:00,0.39,7.063,,,,,,,,,,,
2023/12/8 14:00,0.222,5.718,,,,,,,,,,,
2023/12/8 15:00,0.16,5.106,,,,,,,,,,,
2023/12/8 16:00,0.129,4.76,,,,,,,,,,,
2023/12/8 17:00,0.105,4.445,,,,,,,,,,,
2023/12/8 18:00,0.102,4.395,,,,,,,,,,,
2023/12/8 19:00,0.103,4.412,,,,,,,,,,,
2023/12/8 20:00,0.106,4.463,,,,,,,,,,,
2023/12/8 21:00,0.122,4.663,,,,,,,,,,,
2023/12/8 22:00,0.144,4.928,,,,,,,,,,,
2023/12/8 23:00,0.163,5.149,,,,,,,,,,,
2023/12/9 0:00,0.162,5.135,,,,,,,,,,,
2023/12/9 1:00,0.286,6.271,,,,,,,,,,,
2023/12/9 2:00,0.37,6.914,,,,,,,,,,,
2023/12/9 3:00,0.409,7.202,,,,,,,,,,,
2023/12/9 4:00,0.434,7.382,,,,,,,,,,,
2023/12/9 5:00,0.44,7.417,,,,,,,,,,,
2023/12/9 6:00,0.428,7.341,,,,,,,,,,,
2023/12/9 7:00,0.421,7.291,,,,,,,,,,,
2023/12/9 8:00,0.418,7.267,,,,,,,,,,,
2023/12/9 9:00,0.425,7.32,,,,,,,,,,,
2023/12/9 10:00,0.399,7.123,,,,,,,,,,,
2023/12/9 11:00,0.357,6.819,,,,,,,,,,,
2023/12/9 12:00,0.305,6.416,,,,,,,,,,,
2023/12/9 13:00,0.251,5.97,,,,,,,,,,,
2023/12/9 14:00,0.183,5.355,,,,,,,,,,,
2023/12/9 15:00,0.136,4.839,,,,,,,,,,,
2023/12/9 16:00,0.117,4.602,,,,,,,,,,,
2023/12/9 17:00,0.127,4.728,,,,,,,,,,,
2023/12/9 18:00,0.151,5.013,,,,,,,,,,,
2023/12/9 19:00,0.187,5.394,,,,,,,,,,,
2023/12/9 20:00,0.276,6.184,,,,,,,,,,,
2023/12/9 21:00,0.301,6.387,,,,,,,,,,,
2023/12/9 22:00,0.28,6.213,,,,,,,,,,,
2023/12/9 23:00,0.25,5.958,,,,,,,,,,,
2023/12/10 0:00,0.246,5.939,,,,,,,,,,,
2023/12/10 1:00,0.378,6.978,,,,,,,,,,,
2023/12/10 2:00,0.455,7.528,,,,,,,,,,,
2023/12/10 3:00,0.49,7.779,,,,,,,,,,,
2023/12/10 4:00,0.48,7.714,,,,,,,,,,,
2023/12/10 5:00,0.426,7.321,,,,,,,,,,,
2023/12/10 6:00,0.359,6.827,,,,,,,,,,,
2023/12/10 7:00,0.327,6.583,,,,,,,,,,,
2023/12/10 8:00,0.295,6.332,,,,,,,,,,,
2023/12/10 9:00,0.214,5.65,,,,,,,,,,,
2023/12/10 10:00,0.133,4.789,,,,,,,,,,,
2023/12/10 11:00,0.135,4.832,,,,,,,,,,,
2023/12/10 12:00,0.096,4.321,,,,,,,,,,,
2023/12/10 13:00,0.103,4.413,,,,,,,,,,,
2023/12/10 14:00,0.12,4.631,,,,,,,,,,,
2023/12/10 15:00,0.135,4.83,,,,,,,,,,,
2023/12/10 16:00,0.205,5.554,,,,,,,,,,,
2023/12/10 17:00,0.236,5.848,,,,,,,,,,,
2023/12/10 18:00,0.311,6.47,,,,,,,,,,,
2023/12/10 19:00,0.361,6.844,,,,,,,,,,,
2023/12/10 20:00,0.375,6.945,,,,,,,,,,,
2023/12/10 21:00,0.339,6.671,,,,,,,,,,,
2023/12/10 22:00,0.301,6.387,,,,,,,,,,,
2023/12/10 23:00,0.292,6.317,,,,,,,,,,,
2023/12/11 0:00,0.27,6.139,,,,,,,,,,,
2023/12/11 1:00,0.261,6.05,,,,,,,,,,,
2023/12/11 2:00,0.252,5.981,,,,,,,,,,,
2023/12/11 3:00,0.225,5.75,,,,,,,,,,,
2023/12/11 4:00,0.199,5.51,,,,,,,,,,,
2023/12/11 5:00,0.208,5.589,,,,,,,,,,,
2023/12/11 6:00,0.199,5.512,,,,,,,,,,,
2023/12/11 7:00,0.182,5.34,,,,,,,,,,,
2023/12/11 8:00,0.185,5.367,,,,,,,,,,,
2023/12/11 9:00,0.214,5.648,,,,,,,,,,,
2023/12/11 10:00,0.225,5.754,,,,,,,,,,,
2023/12/11 11:00,0.198,5.501,,,,,,,,,,,
2023/12/11 12:00,0.142,4.913,,,,,,,,,,,
2023/12/11 13:00,0.098,4.339,,,,,,,,,,,
2023/12/11 14:00,0.089,4.214,,,,,,,,,,,
2023/12/11 15:00,0.064,3.789,,,,,,,,,,,
2023/12/11 16:00,0.028,2.959,,,,,,,,,,,
2023/12/11 17:00,0.011,2.31,,,,,,,,,,,
2023/12/11 18:00,0.007,2.092,,,,,,,,,,,
2023/12/11 19:00,0.008,2.129,,,,,,,,,,,
2023/12/11 20:00,0.007,2.097,,,,,,,,,,,
2023/12/11 21:00,0.006,2.039,,,,,,,,,,,
2023/12/11 22:00,0.007,2.109,,,,,,,,,,,
2023/12/11 23:00,0.011,2.325,,,,,,,,,,,
2023/12/12 0:00,0.018,2.634,,,,,,,,,,,
2023/12/12 1:00,0.032,3.097,,,,,,,,,,,
2023/12/12 2:00,0.071,3.927,,,,,,,,,,,
2023/12/12 3:00,0.132,4.779,,,,,,,,,,,
2023/12/12 4:00,0.178,5.294,,,,,,,,,,,
2023/12/12 5:00,0.177,5.282,,,,,,,,,,,
2023/12/12 6:00,0.134,4.803,,,,,,,,,,,
2023/12/12 7:00,0.133,4.796,,,,,,,,,,,
2023/12/12 8:00,0.21,5.616,,,,,,,,,,,
2023/12/12 9:00,0.3,6.369,,,,,,,,,,,
2023/12/12 10:00,0.318,6.525,,,,,,,,,,,
2023/12/12 11:00,0.241,5.895,,,,,,,,,,,
2023/12/12 12:00,0.149,4.988,,,,,,,,,,,
2023/12/12 13:00,0.08,4.064,,,,,,,,,,,
2023/12/12 14:00,0.041,3.312,,,,,,,,,,,
2023/12/12 15:00,0.025,2.874,,,,,,,,,,,
2023/12/12 16:00,0.019,2.655,,,,,,,,,,,
2023/12/12 17:00,0.016,2.537,,,,,,,,,,,
2023/12/12 18:00,0.018,2.636,,,,,,,,,,,
2023/12/12 19:00,0.023,2.802,,,,,,,,,,,
2023/12/12 20:00,0.039,3.258,,,,,,,,,,,
2023/12/12 21:00,0.05,3.522,,,,,,,,,,,
2023/12/12 22:00,0.042,3.33,,,,,,,,,,,
2023/12/12 23:00,0.029,2.997,,,,,,,,,,,
2023/12/13 0:00,0.02,2.702,,,,,,,,,,,
2023/12/13 1:00,0.016,2.533,,,,,,,,,,,
2023/12/13 2:00,0.014,2.491,,,,,,,,,,,
2023/12/13 3:00,0.016,2.53,,,,,,,,,,,
2023/12/13 4:00,0.025,2.888,,,,,,,,,,,
2023/12/13 5:00,0.041,3.315,,,,,,,,,,,
2023/12/13 6:00,0.069,3.87,,,,,,,,,,,
2023/12/13 7:00,0.103,4.421,,,,,,,,,,,
2023/12/13 8:00,0.14,4.874,,,,,,,,,,,
2023/12/13 9:00,0.165,5.161,,,,,,,,,,,
2023/12/13 10:00,0.18,5.307,,,,,,,,,,,
2023/12/13 11:00,0.184,5.364,,,,,,,,,,,
2023/12/13 12:00,0.201,5.522,,,,,,,,,,,
2023/12/13 13:00,0.217,5.674,,,,,,,,,,,
2023/12/13 14:00,0.234,5.833,,,,,,,,,,,
2023/12/13 15:00,0.264,6.082,,,,,,,,,,,
2023/12/13 16:00,0.344,6.71,,,,,,,,,,,
2023/12/13 17:00,0.388,7.051,,,,,,,,,,,
2023/12/13 18:00,0.414,7.234,,,,,,,,,,,
2023/12/13 19:00,0.476,7.688,,,,,,,,,,,
2023/12/13 20:00,0.525,8.04,,,,,,,,,,,
2023/12/13 21:00,0.538,8.137,,,,,,,,,,,
2023/12/13 22:00,0.548,8.207,,,,,,,,,,,
2023/12/13 23:00,0.56,8.295,,,,,,,,,,,
2023/12/14 0:00,0.554,8.254,,,,,,,,,,,
2023/12/14 1:00,0.537,8.121,,,,,,,,,,,
2023/12/14 2:00,0.544,8.178,,,,,,,,,,,
2023/12/14 3:00,0.556,8.268,,,,,,,,,,,
2023/12/14 4:00,0.583,8.473,,,,,,,,,,,
2023/12/14 5:00,0.675,9.21,,,,,,,,,,,
2023/12/14 6:00,0.725,9.659,,,,,,,,,,,
2023/12/14 7:00,0.752,9.916,,,,,,,,,,,
2023/12/14 8:00,0.78,10.22,,,,,,,,,,,
2023/12/14 9:00,0.791,10.334,,,,,,,,,,,
2023/12/14 10:00,0.819,10.687,,,,,,,,,,,
2023/12/14 11:00,0.858,11.23,,,,,,,,,,,
2023/12/14 12:00,0.856,11.204,,,,,,,,,,,
2023/12/14 13:00,0.854,11.173,,,,,,,,,,,
2023/12/14 14:00,0.86,11.271,,,,,,,,,,,
2023/12/14 15:00,0.856,11.208,,,,,,,,,,,
2023/12/14 16:00,0.851,11.122,,,,,,,,,,,
2023/12/14 17:00,0.848,11.088,,,,,,,,,,,
2023/12/14 18:00,0.842,10.995,,,,,,,,,,,
2023/12/14 19:00,0.858,11.236,,,,,,,,,,,
2023/12/14 20:00,0.858,11.235,,,,,,,,,,,
2023/12/14 21:00,0.837,10.928,,,,,,,,,,,
2023/12/14 22:00,0.839,10.957,,,,,,,,,,,
2023/12/14 23:00,0.851,11.124,,,,,,,,,,,
2023/12/15 0:00,0.846,11.052,,,,,,,,,,,
2023/12/15 1:00,0.859,11.238,,,,,,,,,,,
2023/12/15 2:00,0.879,11.592,,,,,,,,,,,
2023/12/15 3:00,0.887,11.73,,,,,,,,,,,
2023/12/15 4:00,0.89,11.798,,,,,,,,,,,
2023/12/15 5:00,0.888,11.752,,,,,,,,,,,
2023/12/15 6:00,0.843,11.004,,,,,,,,,,,
2023/12/15 7:00,0.796,10.399,,,,,,,,,,,
2023/12/15 8:00,0.737,9.774,,,,,,,,,,,
2023/12/15 9:00,0.74,9.806,,,,,,,,,,,
2023/12/15 10:00,0.754,9.936,,,,,,,,,,,
2023/12/15 11:00,0.773,10.145,,,,,,,,,,,
2023/12/15 12:00,0.827,10.795,,,,,,,,,,,
2023/12/15 13:00,0.884,11.681,,,,,,,,,,,
2023/12/15 14:00,0.908,12.168,,,,,,,,,,,
2023/12/15 15:00,0.924,12.546,,,,,,,,,,,
2023/12/15 16:00,0.932,12.76,,,,,,,,,,,
2023/12/15 17:00,0.933,12.791,,,,,,,,,,,
2023/12/15 18:00,0.934,12.82,,,,,,,,,,,
2023/12/15 19:00,0.937,12.93,,,,,,,,,,,
2023/12/15 20:00,0.941,13.056,,,,,,,,,,,
2023/12/15 21:00,0.939,12.97,,,,,,,,,,,
2023/12/15 22:00,0.93,12.728,,,,,,,,,,,
2023/12/15 23:00,0.923,12.507,,,,,,,,,,,
2023/12/16 0:00,0.938,12.949,,,,,,,,,,,
2023/12/16 1:00,0.967,14.101,,,,,,,,,,,
2023/12/16 2:00,0.971,14.341,,,,,,,,,,,
2023/12/16 3:00,0.97,14.295,,,,,,,,,,,
2023/12/16 4:00,0.968,14.169,,,,,,,,,,,
2023/12/16 5:00,0.965,14.019,,,,,,,,,,,
2023/12/16 6:00,0.96,13.754,,,,,,,,,,,
2023/12/16 7:00,0.947,13.232,,,,,,,,,,,
2023/12/16 8:00,0.913,12.275,,,,,,,,,,,
2023/12/16 9:00,0.872,11.457,,,,,,,,,,,
2023/12/16 10:00,0.845,11.042,,,,,,,,,,,
2023/12/16 11:00,0.829,10.821,,,,,,,,,,,
2023/12/16 12:00,0.831,10.844,,,,,,,,,,,
2023/12/16 13:00,0.84,10.973,,,,,,,,,,,
2023/12/16 14:00,0.824,10.739,,,,,,,,,,,
2023/12/16 15:00,0.805,10.512,,,,,,,,,,,
2023/12/16 16:00,0.791,10.333,,,,,,,,,,,
2023/12/16 17:00,0.744,9.849,,,,,,,,,,,
2023/12/16 18:00,0.681,9.258,,,,,,,,,,,
2023/12/16 19:00,0.617,8.732,,,,,,,,,,,
2023/12/16 20:00,0.561,8.304,,,,,,,,,,,
2023/12/16 21:00,0.505,7.894,,,,,,,,,,,
2023/12/16 22:00,0.494,7.814,,,,,,,,,,,
2023/12/16 23:00,0.488,7.759,,,,,,,,,,,
2023/12/17 0:00,0.462,7.579,,,,,,,,,,,
2023/12/17 1:00,0.592,8.535,,,,,,,,,,,
2023/12/17 2:00,0.548,8.214,,,,,,,,,,,
2023/12/17 3:00,0.457,7.546,,,,,,,,,,,
2023/12/17 4:00,0.4,7.133,,,,,,,,,,,
2023/12/17 5:00,0.38,6.984,,,,,,,,,,,
2023/12/17 6:00,0.381,6.989,,,,,,,,,,,
2023/12/17 7:00,0.353,6.787,,,,,,,,,,,
2023/12/17 8:00,0.219,5.691,,,,,,,,,,,
2023/12/17 9:00,0.134,4.805,,,,,,,,,,,
2023/12/17 10:00,0.069,3.88,,,,,,,,,,,
2023/12/17 11:00,0.051,3.537,,,,,,,,,,,
2023/12/17 12:00,0.072,3.936,,,,,,,,,,,
2023/12/17 13:00,0.121,4.643,,,,,,,,,,,
2023/12/17 14:00,0.158,5.091,,,,,,,,,,,
2023/12/17 15:00,0.179,5.299,,,,,,,,,,,
2023/12/17 16:00,0.188,5.405,,,,,,,,,,,
2023/12/17 17:00,0.165,5.17,,,,,,,,,,,
2023/12/17 18:00,0.131,4.777,,,,,,,,,,,
2023/12/17 19:00,0.105,4.445,,,,,,,,,,,
2023/12/17 20:00,0.086,4.168,,,,,,,,,,,
2023/12/17 21:00,0.075,3.986,,,,,,,,,,,
2023/12/17 22:00,0.063,3.783,,,,,,,,,,,
2023/12/17 23:00,0.045,3.403,,,,,,,,,,,
2023/12/18 0:00,0.017,2.587,,,,,,,,,,,
2023/12/18 1:00,0.001,1.269,,,,,,,,,,,
2023/12/18 2:00,0.007,2.092,,,,,,,,,,,
2023/12/18 3:00,0.042,3.348,,,,,,,,,,,
2023/12/18 4:00,0.078,4.027,,,,,,,,,,,
2023/12/18 5:00,0.089,4.208,,,,,,,,,,,
2023/12/18 6:00,0.091,4.249,,,,,,,,,,,
2023/12/18 7:00,0.099,4.363,,,,,,,,,,,
2023/12/18 8:00,0.181,5.326,,,,,,,,,,,
2023/12/18 9:00,0.267,6.115,,,,,,,,,,,
2023/12/18 10:00,0.267,6.107,,,,,,,,,,,
2023/12/18 11:00,0.202,5.529,,,,,,,,,,,
2023/12/18 12:00,0.157,5.065,,,,,,,,,,,
2023/12/18 13:00,0.121,4.65,,,,,,,,,,,
2023/12/18 14:00,0.138,4.859,,,,,,,,,,,
2023/12/18 15:00,0.195,5.472,,,,,,,,,,,
2023/12/18 16:00,0.256,6.011,,,,,,,,,,,
2023/12/18 17:00,0.291,6.305,,,,,,,,,,,
2023/12/18 18:00,0.316,6.503,,,,,,,,,,,
2023/12/18 19:00,0.375,6.95,,,,,,,,,,,
2023/12/18 20:00,0.426,7.321,,,,,,,,,,,
2023/12/18 21:00,0.537,8.128,,,,,,,,,,,
2023/12/18 22:00,0.703,9.453,,,,,,,,,,,
2023/12/18 23:00,0.815,10.632,,,,,,,,,,,
2023/12/19 0:00,0.887,11.735,,,,,,,,,,,
2023/12/19 1:00,0.909,12.183,,,,,,,,,,,
2023/12/19 2:00,0.885,11.704,,,,,,,,,,,
2023/12/19 3:00,0.852,11.138,,,,,,,,,,,
2023/12/19 4:00,0.836,10.901,,,,,,,,,,,
2023/12/19 5:00,0.837,10.924,,,,,,,,,,,
2023/12/19 6:00,0.845,11.041,,,,,,,,,,,
2023/12/19 7:00,0.847,11.063,,,,,,,,,,,
2023/12/19 8:00,0.801,10.459,,,,,,,,,,,
2023/12/19 9:00,0.784,10.264,,,,,,,,,,,
2023/12/19 10:00,0.8,10.438,,,,,,,,,,,
2023/12/19 11:00,0.783,10.258,,,,,,,,,,,
2023/12/19 12:00,0.751,9.907,,,,,,,,,,,
2023/12/19 13:00,0.73,9.704,,,,,,,,,,,
2023/12/19 14:00,0.734,9.748,,,,,,,,,,,
2023/12/19 15:00,0.742,9.824,,,,,,,,,,,
2023/12/19 16:00,0.704,9.462,,,,,,,,,,,
2023/12/19 17:00,0.68,9.24,,,,,,,,,,,
2023/12/19 18:00,0.672,9.181,,,,,,,,,,,
2023/12/19 19:00,0.719,9.607,,,,,,,,,,,
2023/12/19 20:00,0.712,9.539,,,,,,,,,,,
2023/12/19 21:00,0.714,9.561,,,,,,,,,,,
2023/12/19 22:00,0.719,9.608,,,,,,,,,,,
2023/12/19 23:00,0.731,9.709,,,,,,,,,,,
2023/12/20 0:00,0.808,10.551,,,,,,,,,,,
2023/12/20 1:00,0.924,12.543,,,,,,,,,,,
2023/12/20 2:00,0.939,12.974,,,,,,,,,,,
2023/12/20 3:00,0.934,12.83,,,,,,,,,,,
2023/12/20 4:00,0.929,12.671,,,,,,,,,,,
2023/12/20 5:00,0.929,12.695,,,,,,,,,,,
2023/12/20 6:00,0.934,12.834,,,,,,,,,,,
2023/12/20 7:00,0.933,12.81,,,,,,,,,,,
2023/12/20 8:00,0.92,12.453,,,,,,,,,,,
2023/12/20 9:00,0.918,12.406,,,,,,,,,,,
2023/12/20 10:00,0.918,12.41,,,,,,,,,,,
2023/12/20 11:00,0.917,12.363,,,,,,,,,,,
2023/12/20 12:00,0.914,12.311,,,,,,,,,,,
2023/12/20 13:00,0.917,12.38,,,,,,,,,,,
2023/12/20 14:00,0.925,12.585,,,,,,,,,,,
2023/12/20 15:00,0.937,12.915,,,,,,,,,,,
2023/12/20 16:00,0.947,13.251,,,,,,,,,,,
2023/12/20 17:00,0.947,13.259,,,,,,,,,,,
2023/12/20 18:00,0.945,13.172,,,,,,,,,,,
2023/12/20 19:00,0.946,13.206,,,,,,,,,,,
2023/12/20 20:00,0.946,13.211,,,,,,,,,,,
2023/12/20 21:00,0.938,12.966,,,,,,,,,,,
2023/12/20 22:00,0.929,12.682,,,,,,,,,,,
2023/12/20 23:00,0.919,12.439,,,,,,,,,,,
2023/12/21 0:00,0.912,12.248,,,,,,,,,,,
2023/12/21 1:00,0.94,12.994,,,,,,,,,,,
2023/12/21 2:00,0.96,13.757,,,,,,,,,,,
2023/12/21 3:00,0.964,13.949,,,,,,,,,,,
2023/12/21 4:00,0.962,13.828,,,,,,,,,,,
2023/12/21 5:00,0.958,13.65,,,,,,,,,,,
2023/12/21 6:00,0.952,13.449,,,,,,,,,,,
2023/12/21 7:00,0.938,12.941,,,,,,,,,,,
2023/12/21 8:00,0.897,11.919,,,,,,,,,,,
2023/12/21 9:00,0.875,11.517,,,,,,,,,,,
2023/12/21 10:00,0.859,11.237,,,,,,,,,,,
2023/12/21 11:00,0.832,10.856,,,,,,,,,,,
2023/12/21 12:00,0.827,10.786,,,,,,,,,,,
2023/12/21 13:00,0.815,10.629,,,,,,,,,,,
2023/12/21 14:00,0.806,10.52,,,,,,,,,,,
2023/12/21 15:00,0.82,10.703,,,,,,,,,,,
2023/12/21 16:00,0.841,10.975,,,,,,,,,,,
2023/12/21 17:00,0.834,10.885,,,,,,,,,,,
2023/12/21 18:00,0.818,10.67,,,,,,,,,,,
2023/12/21 19:00,0.81,10.57,,,,,,,,,,,
2023/12/21 20:00,0.806,10.521,,,,,,,,,,,
2023/12/21 21:00,0.837,10.924,,,,,,,,,,,
2023/12/21 22:00,0.867,11.383,,,,,,,,,,,
2023/12/21 23:00,0.851,11.132,,,,,,,,,,,
2023/12/22 0:00,0.716,9.571,,,,,,,,,,,
2023/12/22 1:00,0.588,8.506,,,,,,,,,,,
2023/12/22 2:00,0.671,9.176,,,,,,,,,,,
2023/12/22 3:00,0.714,9.558,,,,,,,,,,,
2023/12/22 4:00,0.661,9.096,,,,,,,,,,,
2023/12/22 5:00,0.56,8.293,,,,,,,,,,,
2023/12/22 6:00,0.438,7.406,,,,,,,,,,,
2023/12/22 7:00,0.253,5.997,,,,,,,,,,,
2023/12/22 8:00,0.171,5.232,,,,,,,,,,,
2023/12/22 9:00,0.191,5.428,,,,,,,,,,,
2023/12/22 10:00,0.261,6.065,,,,,,,,,,,
2023/12/22 11:00,0.354,6.797,,,,,,,,,,,
2023/12/22 12:00,0.448,7.482,,,,,,,,,,,
2023/12/22 13:00,0.51,7.931,,,,,,,,,,,
2023/12/22 14:00,0.547,8.202,,,,,,,,,,,
2023/12/22 15:00,0.565,8.334,,,,,,,,,,,
2023/12/22 16:00,0.556,8.268,,,,,,,,,,,
2023/12/22 17:00,0.532,8.081,,,,,,,,,,,
2023/12/22 18:00,0.504,7.89,,,,,,,,,,,
2023/12/22 19:00,0.478,7.699,,,,,,,,,,,
2023/12/22 20:00,0.453,7.509,,,,,,,,,,,
2023/12/22 21:00,0.431,7.361,,,,,,,,,,,
2023/12/22 22:00,0.43,7.346,,,,,,,,,,,
2023/12/22 23:00,0.428,7.336,,,,,,,,,,,
2023/12/23 0:00,0.35,6.754,,,,,,,,,,,
2023/12/23 1:00,0.177,5.285,,,,,,,,,,,
2023/12/23 2:00,0.185,5.368,,,,,,,,,,,
2023/12/23 3:00,0.173,5.249,,,,,,,,,,,
2023/12/23 4:00,0.144,4.93,,,,,,,,,,,
2023/12/23 5:00,0.163,5.144,,,,,,,,,,,
2023/12/23 6:00,0.211,5.625,,,,,,,,,,,
2023/12/23 7:00,0.225,5.754,,,,,,,,,,,
2023/12/23 8:00,0.257,6.023,,,,,,,,,,,
2023/12/23 9:00,0.34,6.686,,,,,,,,,,,
2023/12/23 10:00,0.486,7.756,,,,,,,,,,,
2023/12/23 11:00,0.619,8.74,,,,,,,,,,,
2023/12/23 12:00,0.642,8.933,,,,,,,,,,,
2023/12/23 13:00,0.632,8.852,,,,,,,,,,,
2023/12/23 14:00,0.624,8.782,,,,,,,,,,,
2023/12/23 15:00,0.615,8.719,,,,,,,,,,,
2023/12/23 16:00,0.594,8.558,,,,,,,,,,,
2023/12/23 17:00,0.615,8.722,,,,,,,,,,,
2023/12/23 18:00,0.54,8.144,,,,,,,,,,,
2023/12/23 19:00,0.554,8.251,,,,,,,,,,,
2023/12/23 20:00,0.455,7.526,,,,,,,,,,,
2023/12/23 21:00,0.382,7.002,,,,,,,,,,,
2023/12/23 22:00,0.252,5.985,,,,,,,,,,,
2023/12/23 23:00,0.208,5.591,,,,,,,,,,,
2023/12/24 0:00,0.187,5.386,,,,,,,,,,,
2023/12/24 1:00,0.128,4.749,,,,,,,,,,,
2023/12/24 2:00,0.153,5.027,,,,,,,,,,,
2023/12/24 3:00,0.223,5.734,,,,,,,,,,,
2023/12/24 4:00,0.244,5.922,,,,,,,,,,,
2023/12/24 5:00,0.261,6.052,,,,,,,,,,,
2023/12/24 6:00,0.27,6.137,,,,,,,,,,,
2023/12/24 7:00,0.235,5.838,,,,,,,,,,,
2023/12/24 8:00,0.28,6.216,,,,,,,,,,,
2023/12/24 9:00,0.365,6.881,,,,,,,,,,,
2023/12/24 10:00,0.453,7.515,,,,,,,,,,,
2023/12/24 11:00,0.541,8.15,,,,,,,,,,,
2023/12/24 12:00,0.584,8.481,,,,,,,,,,,
2023/12/24 13:00,0.589,8.514,,,,,,,,,,,
2023/12/24 14:00,0.58,8.44,,,,,,,,,,,
2023/12/24 15:00,0.58,8.451,,,,,,,,,,,
2023/12/24 16:00,0.589,8.521,,,,,,,,,,,
2023/12/24 17:00,0.574,8.396,,,,,,,,,,,
2023/12/24 18:00,0.581,8.457,,,,,,,,,,,
2023/12/24 19:00,0.613,8.701,,,,,,,,,,,
2023/12/24 20:00,0.577,8.42,,,,,,,,,,,
2023/12/24 21:00,0.491,7.797,,,,,,,,,,,
2023/12/24 22:00,0.474,7.665,,,,,,,,,,,
2023/12/24 23:00,0.509,7.918,,,,,,,,,,,
2023/12/25 0:00,0.516,7.976,,,,,,,,,,,
2023/12/25 1:00,0.361,6.846,,,,,,,,,,,
2023/12/25 2:00,0.263,6.075,,,,,,,,,,,
2023/12/25 3:00,0.327,6.581,,,,,,,,,,,
2023/12/25 4:00,0.452,7.508,,,,,,,,,,,
2023/12/25 5:00,0.549,8.216,,,,,,,,,,,
2023/12/25 6:00,0.615,8.714,,,,,,,,,,,
2023/12/25 7:00,0.751,9.912,,,,,,,,,,,
2023/12/25 8:00,0.845,11.037,,,,,,,,,,,
2023/12/25 9:00,0.857,11.223,,,,,,,,,,,
2023/12/25 10:00,0.826,10.772,,,,,,,,,,,
2023/12/25 11:00,0.788,10.313,,,,,,,,,,,
2023/12/25 12:00,0.758,9.983,,,,,,,,,,,
2023/12/25 13:00,0.756,9.958,,,,,,,,,,,
2023/12/25 14:00,0.782,10.243,,,,,,,,,,,
2023/12/25 15:00,0.81,10.572,,,,,,,,,,,
2023/12/25 16:00,0.821,10.705,,,,,,,,,,,
2023/12/25 17:00,0.813,10.609,,,,,,,,,,,
2023/12/25 18:00,0.796,10.395,,,,,,,,,,,
2023/12/25 19:00,0.772,10.132,,,,,,,,,,,
2023/12/25 20:00,0.75,9.897,,,,,,,,,,,
2023/12/25 21:00,0.722,9.635,,,,,,,,,,,
2023/12/25 22:00,0.7,9.423,,,,,,,,,,,
2023/12/25 23:00,0.69,9.344,,,,,,,,,,,
2023/12/26 0:00,0.627,8.814,,,,,,,,,,,
2023/12/26 1:00,0.422,7.294,,,,,,,,,,,
2023/12/26 2:00,0.488,7.766,,,,,,,,,,,
2023/12/26 3:00,0.644,8.954,,,,,,,,,,,
2023/12/26 4:00,0.603,8.623,,,,,,,,,,,
2023/12/26 5:00,0.541,8.154,,,,,,,,,,,
2023/12/26 6:00,0.472,7.647,,,,,,,,,,,
2023/12/26 7:00,0.36,6.832,,,,,,,,,,,
2023/12/26 8:00,0.301,6.387,,,,,,,,,,,
2023/12/26 9:00,0.283,6.238,,,,,,,,,,,
2023/12/26 10:00,0.261,6.065,,,,,,,,,,,
2023/12/26 11:00,0.235,5.835,,,,,,,,,,,
2023/12/26 12:00,0.221,5.702,,,,,,,,,,,
2023/12/26 13:00,0.215,5.661,,,,,,,,,,,
2023/12/26 14:00,0.216,5.664,,,,,,,,,,,
2023/12/26 15:00,0.205,5.558,,,,,,,,,,,
2023/12/26 16:00,0.194,5.45,,,,,,,,,,,
2023/12/26 17:00,0.181,5.327,,,,,,,,,,,
2023/12/26 18:00,0.164,5.15,,,,,,,,,,,
2023/12/26 19:00,0.146,4.961,,,,,,,,,,,
2023/12/26 20:00,0.137,4.851,,,,,,,,,,,
2023/12/26 21:00,0.131,4.774,,,,,,,,,,,
2023/12/26 22:00,0.131,4.778,,,,,,,,,,,
2023/12/26 23:00,0.15,5.005,,,,,,,,,,,
2023/12/27 0:00,0.181,5.318,,,,,,,,,,,
2023/12/27 1:00,0.126,4.717,,,,,,,,,,,
2023/12/27 2:00,0.192,5.44,,,,,,,,,,,
2023/12/27 3:00,0.399,7.13,,,,,,,,,,,
2023/12/27 4:00,0.477,7.691,,,,,,,,,,,
2023/12/27 5:00,0.51,7.923,,,,,,,,,,,
2023/12/27 6:00,0.48,7.713,,,,,,,,,,,
2023/12/27 7:00,0.528,8.061,,,,,,,,,,,
2023/12/27 8:00,0.642,8.937,,,,,,,,,,,
2023/12/27 9:00,0.658,9.066,,,,,,,,,,,
2023/12/27 10:00,0.62,8.756,,,,,,,,,,,
2023/12/27 11:00,0.571,8.381,,,,,,,,,,,
2023/12/27 12:00,0.52,8.002,,,,,,,,,,,
2023/12/27 13:00,0.493,7.807,,,,,,,,,,,
2023/12/27 14:00,0.488,7.764,,,,,,,,,,,
2023/12/27 15:00,0.497,7.828,,,,,,,,,,,
2023/12/27 16:00,0.505,7.892,,,,,,,,,,,
2023/12/27 17:00,0.531,8.077,,,,,,,,,,,
2023/12/27 18:00,0.538,8.14,,,,,,,,,,,
2023/12/27 19:00,0.579,8.436,,,,,,,,,,,
2023/12/27 20:00,0.619,8.751,,,,,,,,,,,
2023/12/27 21:00,0.594,8.558,,,,,,,,,,,
2023/12/27 22:00,0.545,8.185,,,,,,,,,,,
2023/12/27 23:00,0.528,8.057,,,,,,,,,,,
2023/12/28 0:00,0.5,7.861,,,,,,,,,,,
2023/12/28 1:00,0.332,6.631,,,,,,,,,,,
2023/12/28 2:00,0.387,7.044,,,,,,,,,,,
2023/12/28 3:00,0.445,7.462,,,,,,,,,,,
2023/12/28 4:00,0.316,6.504,,,,,,,,,,,
2023/12/28 5:00,0.181,5.334,,,,,,,,,,,
2023/12/28 6:00,0.105,4.44,,,,,,,,,,,
2023/12/28 7:00,0.042,3.348,,,,,,,,,,,
2023/12/28 8:00,0.007,2.082,,,,,,,,,,,
2023/12/28 9:00,0,1.157,,,,,,,,,,,
2023/12/28 10:00,0.016,2.535,,,,,,,,,,,
2023/12/28 11:00,0.098,4.342,,,,,,,,,,,
2023/12/28 12:00,0.247,5.94,,,,,,,,,,,
2023/12/28 13:00,0.384,7.019,,,,,,,,,,,
2023/12/28 14:00,0.469,7.632,,,,,,,,,,,
2023/12/28 15:00,0.502,7.868,,,,,,,,,,,
2023/12/28 16:00,0.528,8.057,,,,,,,,,,,
2023/12/28 17:00,0.537,8.125,,,,,,,,,,,
2023/12/28 18:00,0.545,8.19,,,,,,,,,,,
2023/12/28 19:00,0.565,8.336,,,,,,,,,,,
2023/12/28 20:00,0.574,8.396,,,,,,,,,,,
2023/12/28 21:00,0.57,8.375,,,,,,,,,,,
2023/12/28 22:00,0.565,8.331,,,,,,,,,,,
2023/12/28 23:00,0.565,8.327,,,,,,,,,,,
2023/12/29 0:00,0.514,7.964,,,,,,,,,,,
2023/12/29 1:00,0.303,6.401,,,,,,,,,,,
2023/12/29 2:00,0.122,4.657,,,,,,,,,,,
2023/12/29 3:00,0.07,3.89,,,,,,,,,,,
2023/12/29 4:00,0.069,3.876,,,,,,,,,,,
2023/12/29 5:00,0.049,3.492,,,,,,,,,,,
2023/12/29 6:00,0.025,2.884,,,,,,,,,,,
2023/12/29 7:00,0.025,2.884,,,,,,,,,,,
2023/12/29 8:00,0.041,3.305,,,,,,,,,,,
2023/12/29 9:00,0.046,3.427,,,,,,,,,,,
2023/12/29 10:00,0.037,3.221,,,,,,,,,,,
2023/12/29 11:00,0.026,2.897,,,,,,,,,,,
2023/12/29 12:00,0.017,2.569,,,,,,,,,,,
2023/12/29 13:00,0.035,3.159,,,,,,,,,,,
2023/12/29 14:00,0.088,4.203,,,,,,,,,,,
2023/12/29 15:00,0.171,5.224,,,,,,,,,,,
2023/12/29 16:00,0.269,6.13,,,,,,,,,,,
2023/12/29 17:00,0.336,6.658,,,,,,,,,,,
2023/12/29 18:00,0.323,6.562,,,,,,,,,,,
2023/12/29 19:00,0.306,6.426,,,,,,,,,,,
2023/12/29 20:00,0.281,6.225,,,,,,,,,,,
2023/12/29 21:00,0.25,5.959,,,,,,,,,,,
2023/12/29 22:00,0.241,5.889,,,,,,,,,,,
2023/12/29 23:00,0.222,5.727,,,,,,,,,,,
2023/12/30 0:00,0.217,5.678,,,,,,,,,,,
2023/12/30 1:00,0.218,5.688,,,,,,,,,,,
2023/12/30 2:00,0.216,5.669,,,,,,,,,,,
2023/12/30 3:00,0.212,5.627,,,,,,,,,,,
2023/12/30 4:00,0.217,5.682,,,,,,,,,,,
2023/12/30 5:00,0.242,5.9,,,,,,,,,,,
2023/12/30 6:00,0.277,6.187,,,,,,,,,,,
2023/12/30 7:00,0.306,6.428,,,,,,,,,,,
2023/12/30 8:00,0.314,6.481,,,,,,,,,,,
2023/12/30 9:00,0.302,6.394,,,,,,,,,,,
2023/12/30 10:00,0.286,6.26,,,,,,,,,,,
2023/12/30 11:00,0.256,6.009,,,,,,,,,,,
2023/12/30 12:00,0.223,5.731,,,,,,,,,,,
2023/12/30 13:00,0.253,5.996,,,,,,,,,,,
2023/12/30 14:00,0.315,6.494,,,,,,,,,,,
2023/12/30 15:00,0.354,6.799,,,,,,,,,,,
2023/12/30 16:00,0.397,7.112,,,,,,,,,,,
2023/12/30 17:00,0.447,7.474,,,,,,,,,,,
2023/12/30 18:00,0.487,7.756,,,,,,,,,,,
2023/12/30 19:00,0.488,7.762,,,,,,,,,,,
2023/12/30 20:00,0.534,8.106,,,,,,,,,,,
2023/12/30 21:00,0.565,8.333,,,,,,,,,,,
2023/12/30 22:00,0.583,8.476,,,,,,,,,,,
2023/12/30 23:00,0.624,8.784,,,,,,,,,,,
2023/12/31 0:00,0.612,8.7,,,,,,,,,,,
2023/12/31 1:00,0.744,9.833,,,,,,,,,,,
2023/12/31 2:00,0.671,9.167,,,,,,,,,,,
2023/12/31 3:00,0.539,8.142,,,,,,,,,,,
2023/12/31 4:00,0.448,7.481,,,,,,,,,,,
2023/12/31 5:00,0.373,6.934,,,,,,,,,,,
2023/12/31 6:00,0.296,6.346,,,,,,,,,,,
2023/12/31 7:00,0.205,5.56,,,,,,,,,,,
2023/12/31 8:00,0.103,4.42,,,,,,,,,,,
2023/12/31 9:00,0.05,3.502,,,,,,,,,,,
2023/12/31 10:00,0.022,2.777,,,,,,,,,,,
2023/12/31 11:00,0.011,2.301,,,,,,,,,,,
2023/12/31 12:00,0.037,3.206,,,,,,,,,,,
2023/12/31 13:00,0.122,4.67,,,,,,,,,,,
2023/12/31 14:00,0.237,5.858,,,,,,,,,,,
2023/12/31 15:00,0.393,7.076,,,,,,,,,,,
2023/12/31 16:00,0.559,8.293,,,,,,,,,,,
2023/12/31 17:00,0.682,9.259,,,,,,,,,,,
2023/12/31 18:00,0.755,9.941,,,,,,,,,,,
2023/12/31 19:00,0.8,10.445,,,,,,,,,,,
2023/12/31 20:00,0.813,10.61,,,,,,,,,,,
2023/12/31 21:00,0.802,10.476,,,,,,,,,,,
2023/12/31 22:00,0.784,10.27,,,,,,,,,,,
2023/12/31 23:00,0.771,10.119,,,,,,,,,,,
