# Renewables.ninja Solar photovoltaic power (PV) (Point API) - 42.226, 119.219 - Version: 1.4 (gsee f9b6961) - License: https://creativecommons.org/licenses/by-nc/4.0/ - Reference: https://doi.org/10.1016/j.energy.2016.08.060,,,,,,,,,,,,,,,,
# Units: time in UTC, electricity in kW, irradiance_direct in unknown, irradiance_diffuse in unknown, temperature in ºC,,,,,,,,,,,,,
"# {""units"": {""time"": ""UTC"""," ""electricity"": ""kW"""," ""irradiance_direct"": ""unknown"""," ""irradiance_diffuse"": ""unknown"""," ""temperature"": ""\u00baC""}"," ""params"": {""lat"": ""42.2256437"""," ""lon"": ""119.2190097"""," ""date_from"": ""2023-01-01"""," ""date_to"": ""2023-12-31"""," ""dataset"": ""merra2"""," ""header"": ""true"""," ""local_time"": ""false"""," ""capacity"": ""1"""," ""system_loss"": ""0.1"""," ""tracking"": ""0"""," ""tilt"": ""35"""," ""azim"": ""180"""," ""raw"": ""true""}}"
time,electricity,irradiance_direct,irradiance_diffuse,temperature,,,,,,,,,,,,,
2023/1/1 0:00,0.294,0.246,0.052,-13.922,,,,,,,,,,,,,
2023/1/1 1:00,0.549,0.494,0.073,-10.599,,,,,,,,,,,,,
2023/1/1 2:00,0.701,0.667,0.084,-8.386,,,,,,,,,,,,,
2023/1/1 3:00,0.781,0.769,0.087,-7.238,,,,,,,,,,,,,
2023/1/1 4:00,0.784,0.776,0.087,-6.599,,,,,,,,,,,,,
2023/1/1 5:00,0.718,0.698,0.082,-6.275,,,,,,,,,,,,,
2023/1/1 6:00,0.579,0.543,0.07,-6.437,,,,,,,,,,,,,
2023/1/1 7:00,0.343,0.305,0.051,-7.488,,,,,,,,,,,,,
2023/1/1 8:00,0.036,0.047,0.008,-10.667,,,,,,,,,,,,,
2023/1/1 9:00,0,0,0,-12.433,,,,,,,,,,,,,
2023/1/1 10:00,0,0,0,-13.283,,,,,,,,,,,,,
2023/1/1 11:00,0,0,0,-14.012,,,,,,,,,,,,,
2023/1/1 12:00,0,0,0,-14.608,,,,,,,,,,,,,
2023/1/1 13:00,0,0,0,-15.109,,,,,,,,,,,,,
2023/1/1 14:00,0,0,0,-15.45,,,,,,,,,,,,,
2023/1/1 15:00,0,0,0,-15.781,,,,,,,,,,,,,
2023/1/1 16:00,0,0,0,-16.155,,,,,,,,,,,,,
2023/1/1 17:00,0,0,0,-16.5,,,,,,,,,,,,,
2023/1/1 18:00,0,0,0,-16.936,,,,,,,,,,,,,
2023/1/1 19:00,0,0,0,-17.377,,,,,,,,,,,,,
2023/1/1 20:00,0,0,0,-17.649,,,,,,,,,,,,,
2023/1/1 21:00,0,0,0,-17.832,,,,,,,,,,,,,
2023/1/1 22:00,0,0,0,-17.975,,,,,,,,,,,,,
2023/1/1 23:00,0.012,0.022,0.006,-18.034,,,,,,,,,,,,,
2023/1/2 0:00,0.343,0.296,0.047,-15.853,,,,,,,,,,,,,
2023/1/2 1:00,0.588,0.536,0.067,-13.193,,,,,,,,,,,,,
2023/1/2 2:00,0.729,0.699,0.079,-10.233,,,,,,,,,,,,,
2023/1/2 3:00,0.79,0.783,0.085,-7.304,,,,,,,,,,,,,
2023/1/2 4:00,0.786,0.784,0.086,-5.74,,,,,,,,,,,,,
2023/1/2 5:00,0.717,0.702,0.081,-5.017,,,,,,,,,,,,,
2023/1/2 6:00,0.571,0.537,0.071,-4.954,,,,,,,,,,,,,
2023/1/2 7:00,0.335,0.298,0.052,-6.323,,,,,,,,,,,,,
2023/1/2 8:00,0.035,0.046,0.008,-9.715,,,,,,,,,,,,,
2023/1/2 9:00,0,0,0,-11.526,,,,,,,,,,,,,
2023/1/2 10:00,0,0,0,-12.694,,,,,,,,,,,,,
2023/1/2 11:00,0,0,0,-13.634,,,,,,,,,,,,,
2023/1/2 12:00,0,0,0,-14.506,,,,,,,,,,,,,
2023/1/2 13:00,0,0,0,-15.28,,,,,,,,,,,,,
2023/1/2 14:00,0,0,0,-15.849,,,,,,,,,,,,,
2023/1/2 15:00,0,0,0,-16.301,,,,,,,,,,,,,
2023/1/2 16:00,0,0,0,-16.698,,,,,,,,,,,,,
2023/1/2 17:00,0,0,0,-17.042,,,,,,,,,,,,,
2023/1/2 18:00,0,0,0,-17.374,,,,,,,,,,,,,
2023/1/2 19:00,0,0,0,-17.706,,,,,,,,,,,,,
2023/1/2 20:00,0,0,0,-18.016,,,,,,,,,,,,,
2023/1/2 21:00,0,0,0,-18.264,,,,,,,,,,,,,
2023/1/2 22:00,0,0,0,-18.434,,,,,,,,,,,,,
2023/1/2 23:00,0.011,0.021,0.006,-18.459,,,,,,,,,,,,,
2023/1/3 0:00,0.327,0.276,0.051,-16.043,,,,,,,,,,,,,
2023/1/3 1:00,0.568,0.509,0.073,-13.019,,,,,,,,,,,,,
2023/1/3 2:00,0.709,0.668,0.086,-10.06,,,,,,,,,,,,,
2023/1/3 3:00,0.761,0.732,0.096,-7.564,,,,,,,,,,,,,
2023/1/3 4:00,0.758,0.734,0.097,-6.24,,,,,,,,,,,,,
2023/1/3 5:00,0.686,0.651,0.092,-5.556,,,,,,,,,,,,,
2023/1/3 6:00,0.534,0.483,0.082,-5.488,,,,,,,,,,,,,
2023/1/3 7:00,0.294,0.249,0.059,-6.752,,,,,,,,,,,,,
2023/1/3 8:00,0.023,0.032,0.009,-10.095,,,,,,,,,,,,,
2023/1/3 9:00,0,0,0,-11.468,,,,,,,,,,,,,
2023/1/3 10:00,0,0,0,-11.637,,,,,,,,,,,,,
2023/1/3 11:00,0,0,0,-11.19,,,,,,,,,,,,,
2023/1/3 12:00,0,0,0,-10.596,,,,,,,,,,,,,
2023/1/3 13:00,0,0,0,-10.431,,,,,,,,,,,,,
2023/1/3 14:00,0,0,0,-10.464,,,,,,,,,,,,,
2023/1/3 15:00,0,0,0,-10.701,,,,,,,,,,,,,
2023/1/3 16:00,0,0,0,-11.21,,,,,,,,,,,,,
2023/1/3 17:00,0,0,0,-11.586,,,,,,,,,,,,,
2023/1/3 18:00,0,0,0,-12.04,,,,,,,,,,,,,
2023/1/3 19:00,0,0,0,-12.671,,,,,,,,,,,,,
2023/1/3 20:00,0,0,0,-13.54,,,,,,,,,,,,,
2023/1/3 21:00,0,0,0,-14.309,,,,,,,,,,,,,
2023/1/3 22:00,0,0,0,-14.78,,,,,,,,,,,,,
2023/1/3 23:00,0.004,0.013,0.006,-15.001,,,,,,,,,,,,,
2023/1/4 0:00,0.27,0.218,0.058,-13.573,,,,,,,,,,,,,
2023/1/4 1:00,0.517,0.449,0.084,-10.232,,,,,,,,,,,,,
2023/1/4 2:00,0.666,0.615,0.097,-7.425,,,,,,,,,,,,,
2023/1/4 3:00,0.744,0.715,0.101,-5.581,,,,,,,,,,,,,
2023/1/4 4:00,0.742,0.716,0.102,-4.556,,,,,,,,,,,,,
2023/1/4 5:00,0.67,0.633,0.097,-3.917,,,,,,,,,,,,,
2023/1/4 6:00,0.509,0.453,0.088,-3.761,,,,,,,,,,,,,
2023/1/4 7:00,0.272,0.225,0.063,-4.907,,,,,,,,,,,,,
2023/1/4 8:00,0.021,0.029,0.009,-6.995,,,,,,,,,,,,,
2023/1/4 9:00,0,0,0,-7.433,,,,,,,,,,,,,
2023/1/4 10:00,0,0,0,-7.839,,,,,,,,,,,,,
2023/1/4 11:00,0,0,0,-8.802,,,,,,,,,,,,,
2023/1/4 12:00,0,0,0,-9.864,,,,,,,,,,,,,
2023/1/4 13:00,0,0,0,-10.758,,,,,,,,,,,,,
2023/1/4 14:00,0,0,0,-11.516,,,,,,,,,,,,,
2023/1/4 15:00,0,0,0,-12.035,,,,,,,,,,,,,
2023/1/4 16:00,0,0,0,-12.399,,,,,,,,,,,,,
2023/1/4 17:00,0,0,0,-12.627,,,,,,,,,,,,,
2023/1/4 18:00,0,0,0,-12.757,,,,,,,,,,,,,
2023/1/4 19:00,0,0,0,-12.891,,,,,,,,,,,,,
2023/1/4 20:00,0,0,0,-13.095,,,,,,,,,,,,,
2023/1/4 21:00,0,0,0,-13.288,,,,,,,,,,,,,
2023/1/4 22:00,0,0,0,-13.412,,,,,,,,,,,,,
2023/1/4 23:00,0.004,0.012,0.006,-13.401,,,,,,,,,,,,,
2023/1/5 0:00,0.253,0.201,0.06,-11.197,,,,,,,,,,,,,
2023/1/5 1:00,0.492,0.421,0.09,-8.169,,,,,,,,,,,,,
2023/1/5 2:00,0.638,0.582,0.104,-5.462,,,,,,,,,,,,,
2023/1/5 3:00,0.709,0.677,0.109,-2.308,,,,,,,,,,,,,
2023/1/5 4:00,0.706,0.684,0.109,0.395,,,,,,,,,,,,,
2023/1/5 5:00,0.638,0.609,0.103,1.744,,,,,,,,,,,,,
2023/1/5 6:00,0.5,0.458,0.088,1.869,,,,,,,,,,,,,
2023/1/5 7:00,0.269,0.228,0.064,-0.056,,,,,,,,,,,,,
2023/1/5 8:00,0.021,0.03,0.01,-2.281,,,,,,,,,,,,,
2023/1/5 9:00,0,0,0,-3.251,,,,,,,,,,,,,
2023/1/5 10:00,0,0,0,-4.238,,,,,,,,,,,,,
2023/1/5 11:00,0,0,0,-5.145,,,,,,,,,,,,,
2023/1/5 12:00,0,0,0,-6.039,,,,,,,,,,,,,
2023/1/5 13:00,0,0,0,-6.648,,,,,,,,,,,,,
2023/1/5 14:00,0,0,0,-6.911,,,,,,,,,,,,,
2023/1/5 15:00,0,0,0,-6.913,,,,,,,,,,,,,
2023/1/5 16:00,0,0,0,-7.057,,,,,,,,,,,,,
2023/1/5 17:00,0,0,0,-7.373,,,,,,,,,,,,,
2023/1/5 18:00,0,0,0,-7.984,,,,,,,,,,,,,
2023/1/5 19:00,0,0,0,-9.021,,,,,,,,,,,,,
2023/1/5 20:00,0,0,0,-10.127,,,,,,,,,,,,,
2023/1/5 21:00,0,0,0,-10.891,,,,,,,,,,,,,
2023/1/5 22:00,0,0,0,-11.216,,,,,,,,,,,,,
2023/1/5 23:00,0,0.007,0.006,-11.461,,,,,,,,,,,,,
2023/1/6 0:00,0.185,0.13,0.068,-10.095,,,,,,,,,,,,,
2023/1/6 1:00,0.406,0.31,0.111,-7.164,,,,,,,,,,,,,
2023/1/6 2:00,0.541,0.438,0.136,-5.078,,,,,,,,,,,,,
2023/1/6 3:00,0.599,0.495,0.15,-3.729,,,,,,,,,,,,,
2023/1/6 4:00,0.603,0.503,0.15,-2.969,,,,,,,,,,,,,
2023/1/6 5:00,0.531,0.428,0.141,-2.693,,,,,,,,,,,,,
2023/1/6 6:00,0.341,0.234,0.127,-3.068,,,,,,,,,,,,,
2023/1/6 7:00,0.143,0.085,0.076,-4.352,,,,,,,,,,,,,
2023/1/6 8:00,0.004,0.01,0.009,-7.343,,,,,,,,,,,,,
2023/1/6 9:00,0,0,0,-9.309,,,,,,,,,,,,,
2023/1/6 10:00,0,0,0,-9.942,,,,,,,,,,,,,
2023/1/6 11:00,0,0,0,-9.987,,,,,,,,,,,,,
2023/1/6 12:00,0,0,0,-10.31,,,,,,,,,,,,,
2023/1/6 13:00,0,0,0,-10.795,,,,,,,,,,,,,
2023/1/6 14:00,0,0,0,-11.228,,,,,,,,,,,,,
2023/1/6 15:00,0,0,0,-11.675,,,,,,,,,,,,,
2023/1/6 16:00,0,0,0,-12.176,,,,,,,,,,,,,
2023/1/6 17:00,0,0,0,-12.67,,,,,,,,,,,,,
2023/1/6 18:00,0,0,0,-13.157,,,,,,,,,,,,,
2023/1/6 19:00,0,0,0,-13.609,,,,,,,,,,,,,
2023/1/6 20:00,0,0,0,-14.001,,,,,,,,,,,,,
2023/1/6 21:00,0,0,0,-14.181,,,,,,,,,,,,,
2023/1/6 22:00,0,0,0,-14.134,,,,,,,,,,,,,
2023/1/6 23:00,0.01,0.019,0.007,-13.863,,,,,,,,,,,,,
2023/1/7 0:00,0.313,0.265,0.055,-11.489,,,,,,,,,,,,,
2023/1/7 1:00,0.547,0.494,0.079,-7.632,,,,,,,,,,,,,
2023/1/7 2:00,0.684,0.653,0.093,-4.499,,,,,,,,,,,,,
2023/1/7 3:00,0.746,0.737,0.099,-1.687,,,,,,,,,,,,,
2023/1/7 4:00,0.727,0.715,0.104,-0.065,,,,,,,,,,,,,
2023/1/7 5:00,0.608,0.559,0.112,0.67,,,,,,,,,,,,,
2023/1/7 6:00,0.445,0.378,0.102,0.693,,,,,,,,,,,,,
2023/1/7 7:00,0.237,0.189,0.069,-0.953,,,,,,,,,,,,,
2023/1/7 8:00,0.017,0.025,0.01,-3.601,,,,,,,,,,,,,
2023/1/7 9:00,0,0,0,-5.618,,,,,,,,,,,,,
2023/1/7 10:00,0,0,0,-6.674,,,,,,,,,,,,,
2023/1/7 11:00,0,0,0,-6.653,,,,,,,,,,,,,
2023/1/7 12:00,0,0,0,-6.405,,,,,,,,,,,,,
2023/1/7 13:00,0,0,0,-6.627,,,,,,,,,,,,,
2023/1/7 14:00,0,0,0,-7.135,,,,,,,,,,,,,
2023/1/7 15:00,0,0,0,-7.517,,,,,,,,,,,,,
2023/1/7 16:00,0,0,0,-7.621,,,,,,,,,,,,,
2023/1/7 17:00,0,0,0,-7.72,,,,,,,,,,,,,
2023/1/7 18:00,0,0,0,-7.849,,,,,,,,,,,,,
2023/1/7 19:00,0,0,0,-8.113,,,,,,,,,,,,,
2023/1/7 20:00,0,0,0,-8.503,,,,,,,,,,,,,
2023/1/7 21:00,0,0,0,-8.866,,,,,,,,,,,,,
2023/1/7 22:00,0,0,0,-9.2,,,,,,,,,,,,,
2023/1/7 23:00,0.007,0.015,0.007,-9.434,,,,,,,,,,,,,
2023/1/8 0:00,0.282,0.237,0.058,-7.305,,,,,,,,,,,,,
2023/1/8 1:00,0.52,0.47,0.082,-4.427,,,,,,,,,,,,,
2023/1/8 2:00,0.665,0.634,0.095,-2.612,,,,,,,,,,,,,
2023/1/8 3:00,0.729,0.715,0.102,-1.117,,,,,,,,,,,,,
2023/1/8 4:00,0.74,0.737,0.099,-0.065,,,,,,,,,,,,,
2023/1/8 5:00,0.685,0.676,0.09,0.29,,,,,,,,,,,,,
2023/1/8 6:00,0.557,0.531,0.076,-0.077,,,,,,,,,,,,,
2023/1/8 7:00,0.316,0.28,0.058,-1.33,,,,,,,,,,,,,
2023/1/8 8:00,0.029,0.038,0.01,-4.39,,,,,,,,,,,,,
2023/1/8 9:00,0,0,0,-6.216,,,,,,,,,,,,,
2023/1/8 10:00,0,0,0,-6.749,,,,,,,,,,,,,
2023/1/8 11:00,0,0,0,-6.844,,,,,,,,,,,,,
2023/1/8 12:00,0,0,0,-6.862,,,,,,,,,,,,,
2023/1/8 13:00,0,0,0,-7,,,,,,,,,,,,,
2023/1/8 14:00,0,0,0,-7.399,,,,,,,,,,,,,
2023/1/8 15:00,0,0,0,-7.996,,,,,,,,,,,,,
2023/1/8 16:00,0,0,0,-8.533,,,,,,,,,,,,,
2023/1/8 17:00,0,0,0,-8.949,,,,,,,,,,,,,
2023/1/8 18:00,0,0,0,-9.598,,,,,,,,,,,,,
2023/1/8 19:00,0,0,0,-10.124,,,,,,,,,,,,,
2023/1/8 20:00,0,0,0,-10.512,,,,,,,,,,,,,
2023/1/8 21:00,0,0,0,-10.968,,,,,,,,,,,,,
2023/1/8 22:00,0,0,0,-11.321,,,,,,,,,,,,,
2023/1/8 23:00,0.017,0.027,0.007,-11.391,,,,,,,,,,,,,
2023/1/9 0:00,0.332,0.289,0.053,-8.919,,,,,,,,,,,,,
2023/1/9 1:00,0.558,0.517,0.075,-5.525,,,,,,,,,,,,,
2023/1/9 2:00,0.693,0.676,0.088,-2.687,,,,,,,,,,,,,
2023/1/9 3:00,0.754,0.758,0.094,-0.428,,,,,,,,,,,,,
2023/1/9 4:00,0.752,0.759,0.095,0.429,,,,,,,,,,,,,
2023/1/9 5:00,0.686,0.68,0.089,0.853,,,,,,,,,,,,,
2023/1/9 6:00,0.546,0.518,0.078,0.768,,,,,,,,,,,,,
2023/1/9 7:00,0.319,0.284,0.058,-0.636,,,,,,,,,,,,,
2023/1/9 8:00,0.045,0.055,0.01,-3.372,,,,,,,,,,,,,
2023/1/9 9:00,0,0,0,-4.577,,,,,,,,,,,,,
2023/1/9 10:00,0,0,0,-6.066,,,,,,,,,,,,,
2023/1/9 11:00,0,0,0,-7.61,,,,,,,,,,,,,
2023/1/9 12:00,0,0,0,-8.208,,,,,,,,,,,,,
2023/1/9 13:00,0,0,0,-8.269,,,,,,,,,,,,,
2023/1/9 14:00,0,0,0,-8.189,,,,,,,,,,,,,
2023/1/9 15:00,0,0,0,-8.074,,,,,,,,,,,,,
2023/1/9 16:00,0,0,0,-8.082,,,,,,,,,,,,,
2023/1/9 17:00,0,0,0,-8.387,,,,,,,,,,,,,
2023/1/9 18:00,0,0,0,-8.609,,,,,,,,,,,,,
2023/1/9 19:00,0,0,0,-8.708,,,,,,,,,,,,,
2023/1/9 20:00,0,0,0,-8.656,,,,,,,,,,,,,
2023/1/9 21:00,0,0,0,-8.339,,,,,,,,,,,,,
2023/1/9 22:00,0,0,0,-8.351,,,,,,,,,,,,,
2023/1/9 23:00,0.007,0.015,0.008,-8.314,,,,,,,,,,,,,
2023/1/10 0:00,0.247,0.196,0.064,-6.767,,,,,,,,,,,,,
2023/1/10 1:00,0.491,0.427,0.092,-4.215,,,,,,,,,,,,,
2023/1/10 2:00,0.631,0.586,0.107,-0.919,,,,,,,,,,,,,
2023/1/10 3:00,0.693,0.669,0.114,1.961,,,,,,,,,,,,,
2023/1/10 4:00,0.687,0.67,0.115,4.141,,,,,,,,,,,,,
2023/1/10 5:00,0.619,0.593,0.108,5.401,,,,,,,,,,,,,
2023/1/10 6:00,0.49,0.452,0.092,5.253,,,,,,,,,,,,,
2023/1/10 7:00,0.271,0.231,0.066,3.044,,,,,,,,,,,,,
2023/1/10 8:00,0.032,0.041,0.011,0.049,,,,,,,,,,,,,
2023/1/10 9:00,0,0,0,-1.37,,,,,,,,,,,,,
2023/1/10 10:00,0,0,0,-2.382,,,,,,,,,,,,,
2023/1/10 11:00,0,0,0,-3.306,,,,,,,,,,,,,
2023/1/10 12:00,0,0,0,-4.07,,,,,,,,,,,,,
2023/1/10 13:00,0,0,0,-4.752,,,,,,,,,,,,,
2023/1/10 14:00,0,0,0,-5.368,,,,,,,,,,,,,
2023/1/10 15:00,0,0,0,-5.617,,,,,,,,,,,,,
2023/1/10 16:00,0,0,0,-5.761,,,,,,,,,,,,,
2023/1/10 17:00,0,0,0,-6.152,,,,,,,,,,,,,
2023/1/10 18:00,0,0,0,-6.411,,,,,,,,,,,,,
2023/1/10 19:00,0,0,0,-6.418,,,,,,,,,,,,,
2023/1/10 20:00,0,0,0,-6.269,,,,,,,,,,,,,
2023/1/10 21:00,0,0,0,-6.48,,,,,,,,,,,,,
2023/1/10 22:00,0,0,0,-6.459,,,,,,,,,,,,,
2023/1/10 23:00,0.004,0.012,0.008,-6.314,,,,,,,,,,,,,
2023/1/11 0:00,0.2,0.142,0.075,-4.791,,,,,,,,,,,,,
2023/1/11 1:00,0.408,0.313,0.121,-2.467,,,,,,,,,,,,,
2023/1/11 2:00,0.541,0.443,0.146,0.327,,,,,,,,,,,,,
2023/1/11 3:00,0.559,0.45,0.17,3.339,,,,,,,,,,,,,
2023/1/11 4:00,0.45,0.3,0.197,5.192,,,,,,,,,,,,,
2023/1/11 5:00,0.284,0.129,0.185,5.484,,,,,,,,,,,,,
2023/1/11 6:00,0.152,0.047,0.129,4.247,,,,,,,,,,,,,
2023/1/11 7:00,0.053,0.014,0.061,2.378,,,,,,,,,,,,,
2023/1/11 8:00,0,0.003,0.008,0.806,,,,,,,,,,,,,
2023/1/11 9:00,0,0,0,0.171,,,,,,,,,,,,,
2023/1/11 10:00,0,0,0,-0.314,,,,,,,,,,,,,
2023/1/11 11:00,0,0,0,-0.868,,,,,,,,,,,,,
2023/1/11 12:00,0,0,0,-1.618,,,,,,,,,,,,,
2023/1/11 13:00,0,0,0,-2.494,,,,,,,,,,,,,
2023/1/11 14:00,0,0,0,-3.467,,,,,,,,,,,,,
2023/1/11 15:00,0,0,0,-4.247,,,,,,,,,,,,,
2023/1/11 16:00,0,0,0,-4.742,,,,,,,,,,,,,
2023/1/11 17:00,0,0,0,-5.134,,,,,,,,,,,,,
2023/1/11 18:00,0,0,0,-5.47,,,,,,,,,,,,,
2023/1/11 19:00,0,0,0,-5.763,,,,,,,,,,,,,
2023/1/11 20:00,0,0,0,-5.987,,,,,,,,,,,,,
2023/1/11 21:00,0,0,0,-6.167,,,,,,,,,,,,,
2023/1/11 22:00,0,0,0,-6.279,,,,,,,,,,,,,
2023/1/11 23:00,0,0.004,0.007,-6.003,,,,,,,,,,,,,
2023/1/12 0:00,0.051,0.011,0.059,-4.529,,,,,,,,,,,,,
2023/1/12 1:00,0.079,0.009,0.09,-3.168,,,,,,,,,,,,,
2023/1/12 2:00,0.117,0.012,0.125,-1.665,,,,,,,,,,,,,
2023/1/12 3:00,0.123,0.011,0.133,-0.253,,,,,,,,,,,,,
2023/1/12 4:00,0.083,0.005,0.1,0.471,,,,,,,,,,,,,
2023/1/12 5:00,0.059,0.003,0.077,0.689,,,,,,,,,,,,,
2023/1/12 6:00,0.044,0.003,0.062,0.657,,,,,,,,,,,,,
2023/1/12 7:00,0.009,0.001,0.025,0.134,,,,,,,,,,,,,
2023/1/12 8:00,0,0,0.003,-0.556,,,,,,,,,,,,,
2023/1/12 9:00,0,0,0,-0.8,,,,,,,,,,,,,
2023/1/12 10:00,0,0,0,-0.871,,,,,,,,,,,,,
2023/1/12 11:00,0,0,0,-0.982,,,,,,,,,,,,,
2023/1/12 12:00,0,0,0,-1.133,,,,,,,,,,,,,
2023/1/12 13:00,0,0,0,-1.294,,,,,,,,,,,,,
2023/1/12 14:00,0,0,0,-1.419,,,,,,,,,,,,,
2023/1/12 15:00,0,0,0,-1.561,,,,,,,,,,,,,
2023/1/12 16:00,0,0,0,-2.514,,,,,,,,,,,,,
2023/1/12 17:00,0,0,0,-4.382,,,,,,,,,,,,,
2023/1/12 18:00,0,0,0,-6.021,,,,,,,,,,,,,
2023/1/12 19:00,0,0,0,-6.889,,,,,,,,,,,,,
2023/1/12 20:00,0,0,0,-7.726,,,,,,,,,,,,,
2023/1/12 21:00,0,0,0,-8.23,,,,,,,,,,,,,
2023/1/12 22:00,0,0,0,-8.648,,,,,,,,,,,,,
2023/1/12 23:00,0,0.005,0.009,-9.232,,,,,,,,,,,,,
2023/1/13 0:00,0.17,0.109,0.075,-8.919,,,,,,,,,,,,,
2023/1/13 1:00,0.363,0.249,0.128,-7.758,,,,,,,,,,,,,
2023/1/13 2:00,0.306,0.142,0.178,-6.692,,,,,,,,,,,,,
2023/1/13 3:00,0.418,0.237,0.199,-6.308,,,,,,,,,,,,,
2023/1/13 4:00,0.688,0.604,0.138,-6.269,,,,,,,,,,,,,
2023/1/13 5:00,0.592,0.489,0.138,-6.672,,,,,,,,,,,,,
2023/1/13 6:00,0.435,0.33,0.122,-7.556,,,,,,,,,,,,,
2023/1/13 7:00,0.161,0.091,0.084,-8.933,,,,,,,,,,,,,
2023/1/13 8:00,0.006,0.01,0.012,-10.355,,,,,,,,,,,,,
2023/1/13 9:00,0,0,0,-11.61,,,,,,,,,,,,,
2023/1/13 10:00,0,0,0,-12.591,,,,,,,,,,,,,
2023/1/13 11:00,0,0,0,-13.289,,,,,,,,,,,,,
2023/1/13 12:00,0,0,0,-13.792,,,,,,,,,,,,,
2023/1/13 13:00,0,0,0,-14.174,,,,,,,,,,,,,
2023/1/13 14:00,0,0,0,-14.857,,,,,,,,,,,,,
2023/1/13 15:00,0,0,0,-15.627,,,,,,,,,,,,,
2023/1/13 16:00,0,0,0,-16.358,,,,,,,,,,,,,
2023/1/13 17:00,0,0,0,-17.058,,,,,,,,,,,,,
2023/1/13 18:00,0,0,0,-17.711,,,,,,,,,,,,,
2023/1/13 19:00,0,0,0,-18.362,,,,,,,,,,,,,
2023/1/13 20:00,0,0,0,-18.944,,,,,,,,,,,,,
2023/1/13 21:00,0,0,0,-19.224,,,,,,,,,,,,,
2023/1/13 22:00,0,0,0,-19.364,,,,,,,,,,,,,
2023/1/13 23:00,0.008,0.013,0.01,-19.585,,,,,,,,,,,,,
2023/1/14 0:00,0.1,0.041,0.072,-18.907,,,,,,,,,,,,,
2023/1/14 1:00,0.191,0.064,0.132,-17.868,,,,,,,,,,,,,
2023/1/14 2:00,0.217,0.056,0.165,-16.895,,,,,,,,,,,,,
2023/1/14 3:00,0.249,0.064,0.188,-16.183,,,,,,,,,,,,,
2023/1/14 4:00,0.353,0.143,0.21,-15.572,,,,,,,,,,,,,
2023/1/14 5:00,0.366,0.177,0.19,-15.05,,,,,,,,,,,,,
2023/1/14 6:00,0.37,0.23,0.141,-14.702,,,,,,,,,,,,,
2023/1/14 7:00,0.241,0.162,0.084,-14.903,,,,,,,,,,,,,
2023/1/14 8:00,0.034,0.036,0.015,-16.054,,,,,,,,,,,,,
2023/1/14 9:00,0,0,0,-17.382,,,,,,,,,,,,,
2023/1/14 10:00,0,0,0,-18.065,,,,,,,,,,,,,
2023/1/14 11:00,0,0,0,-18.563,,,,,,,,,,,,,
2023/1/14 12:00,0,0,0,-18.932,,,,,,,,,,,,,
2023/1/14 13:00,0,0,0,-19.229,,,,,,,,,,,,,
2023/1/14 14:00,0,0,0,-19.596,,,,,,,,,,,,,
2023/1/14 15:00,0,0,0,-19.972,,,,,,,,,,,,,
2023/1/14 16:00,0,0,0,-20.276,,,,,,,,,,,,,
2023/1/14 17:00,0,0,0,-20.574,,,,,,,,,,,,,
2023/1/14 18:00,0,0,0,-20.861,,,,,,,,,,,,,
2023/1/14 19:00,0,0,0,-21.057,,,,,,,,,,,,,
2023/1/14 20:00,0,0,0,-21.204,,,,,,,,,,,,,
2023/1/14 21:00,0,0,0,-21.305,,,,,,,,,,,,,
2023/1/14 22:00,0,0,0,-21.334,,,,,,,,,,,,,
2023/1/14 23:00,0.033,0.039,0.011,-21.068,,,,,,,,,,,,,
2023/1/15 0:00,0.404,0.349,0.05,-17.987,,,,,,,,,,,,,
2023/1/15 1:00,0.629,0.575,0.069,-14.81,,,,,,,,,,,,,
2023/1/15 2:00,0.76,0.726,0.082,-12.157,,,,,,,,,,,,,
2023/1/15 3:00,0.822,0.804,0.088,-10.63,,,,,,,,,,,,,
2023/1/15 4:00,0.818,0.802,0.089,-9.796,,,,,,,,,,,,,
2023/1/15 5:00,0.748,0.719,0.085,-9.483,,,,,,,,,,,,,
2023/1/15 6:00,0.603,0.557,0.074,-9.703,,,,,,,,,,,,,
2023/1/15 7:00,0.367,0.319,0.056,-10.572,,,,,,,,,,,,,
2023/1/15 8:00,0.078,0.083,0.011,-12.513,,,,,,,,,,,,,
2023/1/15 9:00,0,0,0,-14.309,,,,,,,,,,,,,
2023/1/15 10:00,0,0,0,-15.573,,,,,,,,,,,,,
2023/1/15 11:00,0,0,0,-16.694,,,,,,,,,,,,,
2023/1/15 12:00,0,0,0,-17.521,,,,,,,,,,,,,
2023/1/15 13:00,0,0,0,-18.131,,,,,,,,,,,,,
2023/1/15 14:00,0,0,0,-18.616,,,,,,,,,,,,,
2023/1/15 15:00,0,0,0,-19,,,,,,,,,,,,,
2023/1/15 16:00,0,0,0,-19.318,,,,,,,,,,,,,
2023/1/15 17:00,0,0,0,-19.589,,,,,,,,,,,,,
2023/1/15 18:00,0,0,0,-19.843,,,,,,,,,,,,,
2023/1/15 19:00,0,0,0,-20.076,,,,,,,,,,,,,
2023/1/15 20:00,0,0,0,-20.277,,,,,,,,,,,,,
2023/1/15 21:00,0,0,0,-20.408,,,,,,,,,,,,,
2023/1/15 22:00,0,0,0,-20.448,,,,,,,,,,,,,
2023/1/15 23:00,0.04,0.047,0.009,-20.225,,,,,,,,,,,,,
2023/1/16 0:00,0.384,0.326,0.055,-17.229,,,,,,,,,,,,,
2023/1/16 1:00,0.609,0.547,0.076,-14.244,,,,,,,,,,,,,
2023/1/16 2:00,0.739,0.7,0.089,-10.648,,,,,,,,,,,,,
2023/1/16 3:00,0.796,0.776,0.096,-7.971,,,,,,,,,,,,,
2023/1/16 4:00,0.787,0.771,0.097,-6.137,,,,,,,,,,,,,
2023/1/16 5:00,0.71,0.682,0.094,-4.956,,,,,,,,,,,,,
2023/1/16 6:00,0.552,0.502,0.086,-4.538,,,,,,,,,,,,,
2023/1/16 7:00,0.317,0.267,0.065,-5.748,,,,,,,,,,,,,
2023/1/16 8:00,0.057,0.062,0.013,-9.349,,,,,,,,,,,,,
2023/1/16 9:00,0,0,0,-11.421,,,,,,,,,,,,,
2023/1/16 10:00,0,0,0,-12.478,,,,,,,,,,,,,
2023/1/16 11:00,0,0,0,-13.388,,,,,,,,,,,,,
2023/1/16 12:00,0,0,0,-14.108,,,,,,,,,,,,,
2023/1/16 13:00,0,0,0,-14.687,,,,,,,,,,,,,
2023/1/16 14:00,0,0,0,-15.139,,,,,,,,,,,,,
2023/1/16 15:00,0,0,0,-15.596,,,,,,,,,,,,,
2023/1/16 16:00,0,0,0,-16.029,,,,,,,,,,,,,
2023/1/16 17:00,0,0,0,-16.321,,,,,,,,,,,,,
2023/1/16 18:00,0,0,0,-16.53,,,,,,,,,,,,,
2023/1/16 19:00,0,0,0,-16.717,,,,,,,,,,,,,
2023/1/16 20:00,0,0,0,-16.964,,,,,,,,,,,,,
2023/1/16 21:00,0,0,0,-17.214,,,,,,,,,,,,,
2023/1/16 22:00,0,0,0,-17.438,,,,,,,,,,,,,
2023/1/16 23:00,0.023,0.029,0.011,-17.359,,,,,,,,,,,,,
2023/1/17 0:00,0.279,0.214,0.069,-14.997,,,,,,,,,,,,,
2023/1/17 1:00,0.504,0.414,0.099,-12.483,,,,,,,,,,,,,
2023/1/17 2:00,0.666,0.593,0.11,-9.922,,,,,,,,,,,,,
2023/1/17 3:00,0.759,0.715,0.109,-8.188,,,,,,,,,,,,,
2023/1/17 4:00,0.781,0.754,0.103,-7.121,,,,,,,,,,,,,
2023/1/17 5:00,0.73,0.702,0.092,-6.536,,,,,,,,,,,,,
2023/1/17 6:00,0.56,0.504,0.087,-6.54,,,,,,,,,,,,,
2023/1/17 7:00,0.338,0.287,0.064,-7.329,,,,,,,,,,,,,
2023/1/17 8:00,0.075,0.079,0.013,-10.598,,,,,,,,,,,,,
2023/1/17 9:00,0,0,0,-12.855,,,,,,,,,,,,,
2023/1/17 10:00,0,0,0,-13.855,,,,,,,,,,,,,
2023/1/17 11:00,0,0,0,-14.505,,,,,,,,,,,,,
2023/1/17 12:00,0,0,0,-14.623,,,,,,,,,,,,,
2023/1/17 13:00,0,0,0,-14.65,,,,,,,,,,,,,
2023/1/17 14:00,0,0,0,-15.2,,,,,,,,,,,,,
2023/1/17 15:00,0,0,0,-16.094,,,,,,,,,,,,,
2023/1/17 16:00,0,0,0,-16.702,,,,,,,,,,,,,
2023/1/17 17:00,0,0,0,-16.951,,,,,,,,,,,,,
2023/1/17 18:00,0,0,0,-17.101,,,,,,,,,,,,,
2023/1/17 19:00,0,0,0,-17.192,,,,,,,,,,,,,
2023/1/17 20:00,0,0,0,-17.21,,,,,,,,,,,,,
2023/1/17 21:00,0,0,0,-17.17,,,,,,,,,,,,,
2023/1/17 22:00,0,0,0,-17.016,,,,,,,,,,,,,
2023/1/17 23:00,0.029,0.035,0.011,-16.506,,,,,,,,,,,,,
2023/1/18 0:00,0.33,0.267,0.066,-14.023,,,,,,,,,,,,,
2023/1/18 1:00,0.557,0.483,0.092,-10.984,,,,,,,,,,,,,
2023/1/18 2:00,0.681,0.62,0.11,-7.501,,,,,,,,,,,,,
2023/1/18 3:00,0.647,0.552,0.146,-5.119,,,,,,,,,,,,,
2023/1/18 4:00,0.607,0.495,0.159,-3.766,,,,,,,,,,,,,
2023/1/18 5:00,0.6,0.517,0.132,-2.902,,,,,,,,,,,,,
2023/1/18 6:00,0.473,0.392,0.111,-2.716,,,,,,,,,,,,,
2023/1/18 7:00,0.241,0.177,0.082,-3.453,,,,,,,,,,,,,
2023/1/18 8:00,0.035,0.038,0.016,-6.176,,,,,,,,,,,,,
2023/1/18 9:00,0,0,0,-8.069,,,,,,,,,,,,,
2023/1/18 10:00,0,0,0,-8.772,,,,,,,,,,,,,
2023/1/18 11:00,0,0,0,-8.758,,,,,,,,,,,,,
2023/1/18 12:00,0,0,0,-8.918,,,,,,,,,,,,,
2023/1/18 13:00,0,0,0,-9.732,,,,,,,,,,,,,
2023/1/18 14:00,0,0,0,-10.52,,,,,,,,,,,,,
2023/1/18 15:00,0,0,0,-11.17,,,,,,,,,,,,,
2023/1/18 16:00,0,0,0,-12.19,,,,,,,,,,,,,
2023/1/18 17:00,0,0,0,-13.297,,,,,,,,,,,,,
2023/1/18 18:00,0,0,0,-13.978,,,,,,,,,,,,,
2023/1/18 19:00,0,0,0,-14.08,,,,,,,,,,,,,
2023/1/18 20:00,0,0,0,-13.623,,,,,,,,,,,,,
2023/1/18 21:00,0,0,0,-13.532,,,,,,,,,,,,,
2023/1/18 22:00,0,0,0,-13.625,,,,,,,,,,,,,
2023/1/18 23:00,0.006,0.01,0.011,-13.676,,,,,,,,,,,,,
2023/1/19 0:00,0.117,0.054,0.078,-11.529,,,,,,,,,,,,,
2023/1/19 1:00,0.15,0.041,0.123,-9.594,,,,,,,,,,,,,
2023/1/19 2:00,0.387,0.217,0.185,-7.077,,,,,,,,,,,,,
2023/1/19 3:00,0.644,0.535,0.159,-5.29,,,,,,,,,,,,,
2023/1/19 4:00,0.622,0.5,0.167,-5.195,,,,,,,,,,,,,
2023/1/19 5:00,0.449,0.288,0.181,-6.157,,,,,,,,,,,,,
2023/1/19 6:00,0.29,0.152,0.151,-7.358,,,,,,,,,,,,,
2023/1/19 7:00,0.174,0.096,0.092,-8.428,,,,,,,,,,,,,
2023/1/19 8:00,0.023,0.021,0.02,-9.834,,,,,,,,,,,,,
2023/1/19 9:00,0,0,0,-11.3,,,,,,,,,,,,,
2023/1/19 10:00,0,0,0,-12.423,,,,,,,,,,,,,
2023/1/19 11:00,0,0,0,-13.302,,,,,,,,,,,,,
2023/1/19 12:00,0,0,0,-14.216,,,,,,,,,,,,,
2023/1/19 13:00,0,0,0,-15.222,,,,,,,,,,,,,
2023/1/19 14:00,0,0,0,-16.253,,,,,,,,,,,,,
2023/1/19 15:00,0,0,0,-17.149,,,,,,,,,,,,,
2023/1/19 16:00,0,0,0,-17.859,,,,,,,,,,,,,
2023/1/19 17:00,0,0,0,-18.514,,,,,,,,,,,,,
2023/1/19 18:00,0,0,0,-19.136,,,,,,,,,,,,,
2023/1/19 19:00,0,0,0,-19.701,,,,,,,,,,,,,
2023/1/19 20:00,0,0,0,-20.251,,,,,,,,,,,,,
2023/1/19 21:00,0,0,0,-20.736,,,,,,,,,,,,,
2023/1/19 22:00,0,0,0,-21.149,,,,,,,,,,,,,
2023/1/19 23:00,0.059,0.062,0.012,-21.109,,,,,,,,,,,,,
2023/1/20 0:00,0.436,0.379,0.051,-18.495,,,,,,,,,,,,,
2023/1/20 1:00,0.657,0.603,0.069,-15.607,,,,,,,,,,,,,
2023/1/20 2:00,0.79,0.76,0.08,-13.164,,,,,,,,,,,,,
2023/1/20 3:00,0.849,0.838,0.087,-11.244,,,,,,,,,,,,,
2023/1/20 4:00,0.841,0.834,0.088,-9.669,,,,,,,,,,,,,
2023/1/20 5:00,0.765,0.746,0.084,-8.506,,,,,,,,,,,,,
2023/1/20 6:00,0.616,0.576,0.075,-7.947,,,,,,,,,,,,,
2023/1/20 7:00,0.378,0.331,0.059,-8.306,,,,,,,,,,,,,
2023/1/20 8:00,0.072,0.07,0.02,-11.159,,,,,,,,,,,,,
2023/1/20 9:00,0,0,0,-13.071,,,,,,,,,,,,,
2023/1/20 10:00,0,0,0,-14.105,,,,,,,,,,,,,
2023/1/20 11:00,0,0,0,-14.517,,,,,,,,,,,,,
2023/1/20 12:00,0,0,0,-14.265,,,,,,,,,,,,,
2023/1/20 13:00,0,0,0,-13.493,,,,,,,,,,,,,
2023/1/20 14:00,0,0,0,-13.405,,,,,,,,,,,,,
2023/1/20 15:00,0,0,0,-13.448,,,,,,,,,,,,,
2023/1/20 16:00,0,0,0,-13.516,,,,,,,,,,,,,
2023/1/20 17:00,0,0,0,-13.612,,,,,,,,,,,,,
2023/1/20 18:00,0,0,0,-13.809,,,,,,,,,,,,,
2023/1/20 19:00,0,0,0,-14.111,,,,,,,,,,,,,
2023/1/20 20:00,0,0,0,-14.377,,,,,,,,,,,,,
2023/1/20 21:00,0,0,0,-14.471,,,,,,,,,,,,,
2023/1/20 22:00,0,0,0,-14.519,,,,,,,,,,,,,
2023/1/20 23:00,0.017,0.021,0.013,-14.4,,,,,,,,,,,,,
2023/1/21 0:00,0.235,0.162,0.081,-12.764,,,,,,,,,,,,,
2023/1/21 1:00,0.463,0.356,0.119,-10.255,,,,,,,,,,,,,
2023/1/21 2:00,0.618,0.521,0.135,-7.065,,,,,,,,,,,,,
2023/1/21 3:00,0.708,0.637,0.136,-4.93,,,,,,,,,,,,,
2023/1/21 4:00,0.675,0.589,0.147,-3.992,,,,,,,,,,,,,
2023/1/21 5:00,0.517,0.387,0.163,-3.634,,,,,,,,,,,,,
2023/1/21 6:00,0.368,0.248,0.141,-3.655,,,,,,,,,,,,,
2023/1/21 7:00,0.203,0.129,0.091,-4.436,,,,,,,,,,,,,
2023/1/21 8:00,0.027,0.023,0.021,-7.417,,,,,,,,,,,,,
2023/1/21 9:00,0,0,0,-9.43,,,,,,,,,,,,,
2023/1/21 10:00,0,0,0,-10.424,,,,,,,,,,,,,
2023/1/21 11:00,0,0,0,-11.212,,,,,,,,,,,,,
2023/1/21 12:00,0,0,0,-11.483,,,,,,,,,,,,,
2023/1/21 13:00,0,0,0,-11.19,,,,,,,,,,,,,
2023/1/21 14:00,0,0,0,-11.06,,,,,,,,,,,,,
2023/1/21 15:00,0,0,0,-11.235,,,,,,,,,,,,,
2023/1/21 16:00,0,0,0,-11.616,,,,,,,,,,,,,
2023/1/21 17:00,0,0,0,-11.951,,,,,,,,,,,,,
2023/1/21 18:00,0,0,0,-12.217,,,,,,,,,,,,,
2023/1/21 19:00,0,0,0,-12.375,,,,,,,,,,,,,
2023/1/21 20:00,0,0,0,-12.782,,,,,,,,,,,,,
2023/1/21 21:00,0,0,0,-13.763,,,,,,,,,,,,,
2023/1/21 22:00,0,0,0,-14.562,,,,,,,,,,,,,
2023/1/21 23:00,0.005,0.008,0.012,-15.252,,,,,,,,,,,,,
2023/1/22 0:00,0.096,0.033,0.077,-15.188,,,,,,,,,,,,,
2023/1/22 1:00,0.256,0.11,0.15,-14.819,,,,,,,,,,,,,
2023/1/22 2:00,0.392,0.2,0.195,-14.161,,,,,,,,,,,,,
2023/1/22 3:00,0.416,0.2,0.22,-13.649,,,,,,,,,,,,,
2023/1/22 4:00,0.384,0.166,0.222,-13.36,,,,,,,,,,,,,
2023/1/22 5:00,0.331,0.135,0.2,-13.336,,,,,,,,,,,,,
2023/1/22 6:00,0.291,0.137,0.159,-13.482,,,,,,,,,,,,,
2023/1/22 7:00,0.185,0.096,0.098,-14.099,,,,,,,,,,,,,
2023/1/22 8:00,0.024,0.018,0.023,-15.453,,,,,,,,,,,,,
2023/1/22 9:00,0,0,0,-16.766,,,,,,,,,,,,,
2023/1/22 10:00,0,0,0,-17.37,,,,,,,,,,,,,
2023/1/22 11:00,0,0,0,-17.884,,,,,,,,,,,,,
2023/1/22 12:00,0,0,0,-18.346,,,,,,,,,,,,,
2023/1/22 13:00,0,0,0,-18.77,,,,,,,,,,,,,
2023/1/22 14:00,0,0,0,-19.214,,,,,,,,,,,,,
2023/1/22 15:00,0,0,0,-19.74,,,,,,,,,,,,,
2023/1/22 16:00,0,0,0,-20.254,,,,,,,,,,,,,
2023/1/22 17:00,0,0,0,-20.723,,,,,,,,,,,,,
2023/1/22 18:00,0,0,0,-21.11,,,,,,,,,,,,,
2023/1/22 19:00,0,0,0,-21.358,,,,,,,,,,,,,
2023/1/22 20:00,0,0,0,-21.503,,,,,,,,,,,,,
2023/1/22 21:00,0,0,0,-21.649,,,,,,,,,,,,,
2023/1/22 22:00,0,0,0,-22.281,,,,,,,,,,,,,
2023/1/22 23:00,0.04,0.039,0.016,-23.236,,,,,,,,,,,,,
2023/1/23 0:00,0.426,0.356,0.056,-22.985,,,,,,,,,,,,,
2023/1/23 1:00,0.672,0.596,0.072,-22.183,,,,,,,,,,,,,
2023/1/23 2:00,0.822,0.763,0.081,-21.159,,,,,,,,,,,,,
2023/1/23 3:00,0.893,0.849,0.086,-20.215,,,,,,,,,,,,,
2023/1/23 4:00,0.892,0.853,0.086,-19.493,,,,,,,,,,,,,
2023/1/23 5:00,0.821,0.771,0.081,-19.108,,,,,,,,,,,,,
2023/1/23 6:00,0.672,0.606,0.072,-19.289,,,,,,,,,,,,,
2023/1/23 7:00,0.429,0.364,0.056,-20.051,,,,,,,,,,,,,
2023/1/23 8:00,0.094,0.085,0.021,-21.419,,,,,,,,,,,,,
2023/1/23 9:00,0,0,0,-22.559,,,,,,,,,,,,,
2023/1/23 10:00,0,0,0,-23.265,,,,,,,,,,,,,
2023/1/23 11:00,0,0,0,-23.695,,,,,,,,,,,,,
2023/1/23 12:00,0,0,0,-23.867,,,,,,,,,,,,,
2023/1/23 13:00,0,0,0,-23.949,,,,,,,,,,,,,
2023/1/23 14:00,0,0,0,-24.102,,,,,,,,,,,,,
2023/1/23 15:00,0,0,0,-24.385,,,,,,,,,,,,,
2023/1/23 16:00,0,0,0,-24.834,,,,,,,,,,,,,
2023/1/23 17:00,0,0,0,-25.376,,,,,,,,,,,,,
2023/1/23 18:00,0,0,0,-25.811,,,,,,,,,,,,,
2023/1/23 19:00,0,0,0,-26.141,,,,,,,,,,,,,
2023/1/23 20:00,0,0,0,-26.383,,,,,,,,,,,,,
2023/1/23 21:00,0,0,0,-26.542,,,,,,,,,,,,,
2023/1/23 22:00,0,0,0,-26.604,,,,,,,,,,,,,
2023/1/23 23:00,0.09,0.088,0.012,-26.415,,,,,,,,,,,,,
2023/1/24 0:00,0.461,0.389,0.053,-24.868,,,,,,,,,,,,,
2023/1/24 1:00,0.689,0.615,0.07,-22.697,,,,,,,,,,,,,
2023/1/24 2:00,0.827,0.773,0.081,-20.368,,,,,,,,,,,,,
2023/1/24 3:00,0.888,0.852,0.087,-18.385,,,,,,,,,,,,,
2023/1/24 4:00,0.881,0.85,0.088,-16.916,,,,,,,,,,,,,
2023/1/24 5:00,0.806,0.764,0.083,-15.894,,,,,,,,,,,,,
2023/1/24 6:00,0.655,0.597,0.074,-15.37,,,,,,,,,,,,,
2023/1/24 7:00,0.414,0.356,0.058,-15.511,,,,,,,,,,,,,
2023/1/24 8:00,0.093,0.084,0.022,-17.484,,,,,,,,,,,,,
2023/1/24 9:00,0,0,0,-19.865,,,,,,,,,,,,,
2023/1/24 10:00,0,0,0,-20.679,,,,,,,,,,,,,
2023/1/24 11:00,0,0,0,-21.343,,,,,,,,,,,,,
2023/1/24 12:00,0,0,0,-21.861,,,,,,,,,,,,,
2023/1/24 13:00,0,0,0,-22.232,,,,,,,,,,,,,
2023/1/24 14:00,0,0,0,-22.568,,,,,,,,,,,,,
2023/1/24 15:00,0,0,0,-22.939,,,,,,,,,,,,,
2023/1/24 16:00,0,0,0,-23.269,,,,,,,,,,,,,
2023/1/24 17:00,0,0,0,-23.453,,,,,,,,,,,,,
2023/1/24 18:00,0,0,0,-23.468,,,,,,,,,,,,,
2023/1/24 19:00,0,0,0,-23.332,,,,,,,,,,,,,
2023/1/24 20:00,0,0,0,-23.082,,,,,,,,,,,,,
2023/1/24 21:00,0,0,0,-22.724,,,,,,,,,,,,,
2023/1/24 22:00,0,0,0,-22.367,,,,,,,,,,,,,
2023/1/24 23:00,0.061,0.06,0.015,-21.622,,,,,,,,,,,,,
2023/1/25 0:00,0.371,0.297,0.068,-18.895,,,,,,,,,,,,,
2023/1/25 1:00,0.6,0.518,0.09,-16,,,,,,,,,,,,,
2023/1/25 2:00,0.739,0.679,0.102,-12.612,,,,,,,,,,,,,
2023/1/25 3:00,0.788,0.742,0.112,-9.819,,,,,,,,,,,,,
2023/1/25 4:00,0.761,0.709,0.119,-7.874,,,,,,,,,,,,,
2023/1/25 5:00,0.692,0.634,0.112,-6.65,,,,,,,,,,,,,
2023/1/25 6:00,0.565,0.503,0.095,-6.23,,,,,,,,,,,,,
2023/1/25 7:00,0.328,0.266,0.076,-7.404,,,,,,,,,,,,,
2023/1/25 8:00,0.053,0.045,0.026,-10.732,,,,,,,,,,,,,
2023/1/25 9:00,0,0,0,-12.466,,,,,,,,,,,,,
2023/1/25 10:00,0,0,0,-13.11,,,,,,,,,,,,,
2023/1/25 11:00,0,0,0,-13.596,,,,,,,,,,,,,
2023/1/25 12:00,0,0,0,-14.173,,,,,,,,,,,,,
2023/1/25 13:00,0,0,0,-14.955,,,,,,,,,,,,,
2023/1/25 14:00,0,0,0,-15.3,,,,,,,,,,,,,
2023/1/25 15:00,0,0,0,-15.176,,,,,,,,,,,,,
2023/1/25 16:00,0,0,0,-15.325,,,,,,,,,,,,,
2023/1/25 17:00,0,0,0,-15.495,,,,,,,,,,,,,
2023/1/25 18:00,0,0,0,-15.825,,,,,,,,,,,,,
2023/1/25 19:00,0,0,0,-16.289,,,,,,,,,,,,,
2023/1/25 20:00,0,0,0,-17.291,,,,,,,,,,,,,
2023/1/25 21:00,0,0,0,-18.67,,,,,,,,,,,,,
2023/1/25 22:00,0,0,0,-19.43,,,,,,,,,,,,,
2023/1/25 23:00,0.082,0.08,0.015,-19.459,,,,,,,,,,,,,
2023/1/26 0:00,0.43,0.37,0.058,-16.882,,,,,,,,,,,,,
2023/1/26 1:00,0.654,0.598,0.075,-14.614,,,,,,,,,,,,,
2023/1/26 2:00,0.791,0.758,0.085,-12.893,,,,,,,,,,,,,
2023/1/26 3:00,0.854,0.84,0.091,-11.509,,,,,,,,,,,,,
2023/1/26 4:00,0.849,0.837,0.092,-10.454,,,,,,,,,,,,,
2023/1/26 5:00,0.776,0.75,0.088,-9.773,,,,,,,,,,,,,
2023/1/26 6:00,0.63,0.584,0.079,-9.437,,,,,,,,,,,,,
2023/1/26 7:00,0.398,0.346,0.062,-9.753,,,,,,,,,,,,,
2023/1/26 8:00,0.09,0.081,0.025,-12.183,,,,,,,,,,,,,
2023/1/26 9:00,0,0,0,-14.678,,,,,,,,,,,,,
2023/1/26 10:00,0,0,0,-15.391,,,,,,,,,,,,,
2023/1/26 11:00,0,0,0,-16.042,,,,,,,,,,,,,
2023/1/26 12:00,0,0,0,-16.553,,,,,,,,,,,,,
2023/1/26 13:00,0,0,0,-16.822,,,,,,,,,,,,,
2023/1/26 14:00,0,0,0,-16.917,,,,,,,,,,,,,
2023/1/26 15:00,0,0,0,-17.054,,,,,,,,,,,,,
2023/1/26 16:00,0,0,0,-17.373,,,,,,,,,,,,,
2023/1/26 17:00,0,0,0,-17.502,,,,,,,,,,,,,
2023/1/26 18:00,0,0,0,-17.553,,,,,,,,,,,,,
2023/1/26 19:00,0,0,0,-17.535,,,,,,,,,,,,,
2023/1/26 20:00,0,0,0,-17.944,,,,,,,,,,,,,
2023/1/26 21:00,0,0,0,-18.415,,,,,,,,,,,,,
2023/1/26 22:00,0,0,0,-18.671,,,,,,,,,,,,,
2023/1/26 23:00,0.099,0.097,0.015,-18.423,,,,,,,,,,,,,
2023/1/27 0:00,0.439,0.382,0.057,-15.819,,,,,,,,,,,,,
2023/1/27 1:00,0.654,0.603,0.075,-13.079,,,,,,,,,,,,,
2023/1/27 2:00,0.786,0.76,0.086,-10.832,,,,,,,,,,,,,
2023/1/27 3:00,0.848,0.841,0.091,-9.424,,,,,,,,,,,,,
2023/1/27 4:00,0.843,0.838,0.093,-8.488,,,,,,,,,,,,,
2023/1/27 5:00,0.773,0.755,0.088,-8.02,,,,,,,,,,,,,
2023/1/27 6:00,0.632,0.591,0.078,-8.064,,,,,,,,,,,,,
2023/1/27 7:00,0.404,0.355,0.062,-8.721,,,,,,,,,,,,,
2023/1/27 8:00,0.095,0.086,0.026,-10.673,,,,,,,,,,,,,
2023/1/27 9:00,0,0,0,-12.881,,,,,,,,,,,,,
2023/1/27 10:00,0,0,0,-13.668,,,,,,,,,,,,,
2023/1/27 11:00,0,0,0,-14.412,,,,,,,,,,,,,
2023/1/27 12:00,0,0,0,-14.878,,,,,,,,,,,,,
2023/1/27 13:00,0,0,0,-15.078,,,,,,,,,,,,,
2023/1/27 14:00,0,0,0,-15.023,,,,,,,,,,,,,
2023/1/27 15:00,0,0,0,-15.186,,,,,,,,,,,,,
2023/1/27 16:00,0,0,0,-15.784,,,,,,,,,,,,,
2023/1/27 17:00,0,0,0,-16.056,,,,,,,,,,,,,
2023/1/27 18:00,0,0,0,-16.568,,,,,,,,,,,,,
2023/1/27 19:00,0,0,0,-16.903,,,,,,,,,,,,,
2023/1/27 20:00,0,0,0,-17.051,,,,,,,,,,,,,
2023/1/27 21:00,0,0,0,-17.228,,,,,,,,,,,,,
2023/1/27 22:00,0,0,0,-17.311,,,,,,,,,,,,,
2023/1/27 23:00,0.1,0.098,0.016,-16.919,,,,,,,,,,,,,
2023/1/28 0:00,0.429,0.372,0.06,-14.135,,,,,,,,,,,,,
2023/1/28 1:00,0.639,0.589,0.079,-11.054,,,,,,,,,,,,,
2023/1/28 2:00,0.763,0.741,0.091,-7.445,,,,,,,,,,,,,
2023/1/28 3:00,0.818,0.817,0.098,-5.025,,,,,,,,,,,,,
2023/1/28 4:00,0.81,0.813,0.099,-3.533,,,,,,,,,,,,,
2023/1/28 5:00,0.739,0.728,0.095,-2.583,,,,,,,,,,,,,
2023/1/28 6:00,0.6,0.567,0.085,-2.251,,,,,,,,,,,,,
2023/1/28 7:00,0.38,0.336,0.067,-2.935,,,,,,,,,,,,,
2023/1/28 8:00,0.089,0.08,0.027,-6.214,,,,,,,,,,,,,
2023/1/28 9:00,0,0,0,-8.83,,,,,,,,,,,,,
2023/1/28 10:00,0,0,0,-9.705,,,,,,,,,,,,,
2023/1/28 11:00,0,0,0,-10.315,,,,,,,,,,,,,
2023/1/28 12:00,0,0,0,-10.643,,,,,,,,,,,,,
2023/1/28 13:00,0,0,0,-10.747,,,,,,,,,,,,,
2023/1/28 14:00,0,0,0,-10.788,,,,,,,,,,,,,
2023/1/28 15:00,0,0,0,-10.967,,,,,,,,,,,,,
2023/1/28 16:00,0,0,0,-11.476,,,,,,,,,,,,,
2023/1/28 17:00,0,0,0,-11.876,,,,,,,,,,,,,
2023/1/28 18:00,0,0,0,-12.298,,,,,,,,,,,,,
2023/1/28 19:00,0,0,0,-12.32,,,,,,,,,,,,,
2023/1/28 20:00,0,0,0,-12.397,,,,,,,,,,,,,
2023/1/28 21:00,0,0,0,-12.699,,,,,,,,,,,,,
2023/1/28 22:00,0,0,0,-12.878,,,,,,,,,,,,,
2023/1/28 23:00,0.094,0.092,0.017,-12.404,,,,,,,,,,,,,
2023/1/29 0:00,0.409,0.356,0.063,-9.817,,,,,,,,,,,,,
2023/1/29 1:00,0.623,0.582,0.081,-6.926,,,,,,,,,,,,,
2023/1/29 2:00,0.756,0.744,0.091,-4.664,,,,,,,,,,,,,
2023/1/29 3:00,0.82,0.827,0.097,-3.797,,,,,,,,,,,,,
2023/1/29 4:00,0.819,0.828,0.097,-3.316,,,,,,,,,,,,,
2023/1/29 5:00,0.753,0.746,0.092,-3.056,,,,,,,,,,,,,
2023/1/29 6:00,0.613,0.581,0.083,-3.079,,,,,,,,,,,,,
2023/1/29 7:00,0.393,0.35,0.066,-3.646,,,,,,,,,,,,,
2023/1/29 8:00,0.096,0.087,0.028,-5.935,,,,,,,,,,,,,
2023/1/29 9:00,0,0,0,-8.768,,,,,,,,,,,,,
2023/1/29 10:00,0,0,0,-9.694,,,,,,,,,,,,,
2023/1/29 11:00,0,0,0,-10.417,,,,,,,,,,,,,
2023/1/29 12:00,0,0,0,-11.023,,,,,,,,,,,,,
2023/1/29 13:00,0,0,0,-11.492,,,,,,,,,,,,,
2023/1/29 14:00,0,0,0,-11.712,,,,,,,,,,,,,
2023/1/29 15:00,0,0,0,-12.109,,,,,,,,,,,,,
2023/1/29 16:00,0,0,0,-12.734,,,,,,,,,,,,,
2023/1/29 17:00,0,0,0,-13.299,,,,,,,,,,,,,
2023/1/29 18:00,0,0,0,-13.712,,,,,,,,,,,,,
2023/1/29 19:00,0,0,0,-13.973,,,,,,,,,,,,,
2023/1/29 20:00,0,0,0,-14.116,,,,,,,,,,,,,
2023/1/29 21:00,0,0,0,-14.081,,,,,,,,,,,,,
2023/1/29 22:00,0,0,0,-13.747,,,,,,,,,,,,,
2023/1/29 23:00,0.087,0.084,0.019,-12.897,,,,,,,,,,,,,
2023/1/30 0:00,0.289,0.214,0.085,-9.63,,,,,,,,,,,,,
2023/1/30 1:00,0.456,0.349,0.127,-6.685,,,,,,,,,,,,,
2023/1/30 2:00,0.666,0.605,0.123,-3.4,,,,,,,,,,,,,
2023/1/30 3:00,0.786,0.786,0.109,-0.317,,,,,,,,,,,,,
2023/1/30 4:00,0.778,0.785,0.11,1.663,,,,,,,,,,,,,
2023/1/30 5:00,0.706,0.698,0.106,2.731,,,,,,,,,,,,,
2023/1/30 6:00,0.565,0.529,0.097,2.903,,,,,,,,,,,,,
2023/1/30 7:00,0.346,0.297,0.078,1.728,,,,,,,,,,,,,
2023/1/30 8:00,0.072,0.061,0.032,-1.991,,,,,,,,,,,,,
2023/1/30 9:00,0,0,0,-4.692,,,,,,,,,,,,,
2023/1/30 10:00,0,0,0,-5.649,,,,,,,,,,,,,
2023/1/30 11:00,0,0,0,-6.62,,,,,,,,,,,,,
2023/1/30 12:00,0,0,0,-7.562,,,,,,,,,,,,,
2023/1/30 13:00,0,0,0,-8.396,,,,,,,,,,,,,
2023/1/30 14:00,0,0,0,-9.005,,,,,,,,,,,,,
2023/1/30 15:00,0,0,0,-9.586,,,,,,,,,,,,,
2023/1/30 16:00,0,0,0,-10.201,,,,,,,,,,,,,
2023/1/30 17:00,0,0,0,-10.79,,,,,,,,,,,,,
2023/1/30 18:00,0,0,0,-11.338,,,,,,,,,,,,,
2023/1/30 19:00,0,0,0,-11.838,,,,,,,,,,,,,
2023/1/30 20:00,0,0,0,-12.221,,,,,,,,,,,,,
2023/1/30 21:00,0,0,0,-12.509,,,,,,,,,,,,,
2023/1/30 22:00,0,0,0,-12.756,,,,,,,,,,,,,
2023/1/30 23:00,0.092,0.087,0.02,-12.344,,,,,,,,,,,,,
2023/1/31 0:00,0.403,0.347,0.067,-9.105,,,,,,,,,,,,,
2023/1/31 1:00,0.617,0.574,0.085,-6.142,,,,,,,,,,,,,
2023/1/31 2:00,0.743,0.734,0.095,-2.466,,,,,,,,,,,,,
2023/1/31 3:00,0.805,0.824,0.1,-0.007,,,,,,,,,,,,,
2023/1/31 4:00,0.799,0.824,0.1,1.421,,,,,,,,,,,,,
2023/1/31 5:00,0.731,0.738,0.096,2.193,,,,,,,,,,,,,
2023/1/31 6:00,0.595,0.574,0.087,2.117,,,,,,,,,,,,,
2023/1/31 7:00,0.379,0.338,0.07,0.928,,,,,,,,,,,,,
2023/1/31 8:00,0.092,0.081,0.031,-2.044,,,,,,,,,,,,,
2023/1/31 9:00,0,0,0,-4.299,,,,,,,,,,,,,
2023/1/31 10:00,0,0,0,-4.726,,,,,,,,,,,,,
2023/1/31 11:00,0,0,0,-5.23,,,,,,,,,,,,,
2023/1/31 12:00,0,0,0,-5.982,,,,,,,,,,,,,
2023/1/31 13:00,0,0,0,-6.962,,,,,,,,,,,,,
2023/1/31 14:00,0,0,0,-8.206,,,,,,,,,,,,,
2023/1/31 15:00,0,0,0,-9.101,,,,,,,,,,,,,
2023/1/31 16:00,0,0,0,-9.773,,,,,,,,,,,,,
2023/1/31 17:00,0,0,0,-10.262,,,,,,,,,,,,,
2023/1/31 18:00,0,0,0,-10.677,,,,,,,,,,,,,
2023/1/31 19:00,0,0,0,-11.125,,,,,,,,,,,,,
2023/1/31 20:00,0,0,0,-11.496,,,,,,,,,,,,,
2023/1/31 21:00,0,0,0,-11.747,,,,,,,,,,,,,
2023/1/31 22:00,0,0,0,-11.967,,,,,,,,,,,,,
2023/1/31 23:00,0.137,0.133,0.017,-12.016,,,,,,,,,,,,,
2023/2/1 0:00,0.452,0.401,0.061,-10.815,,,,,,,,,,,,,
2023/2/1 1:00,0.662,0.622,0.079,-9.226,,,,,,,,,,,,,
2023/2/1 2:00,0.793,0.778,0.09,-7.928,,,,,,,,,,,,,
2023/2/1 3:00,0.855,0.858,0.096,-7.181,,,,,,,,,,,,,
2023/2/1 4:00,0.853,0.857,0.097,-6.819,,,,,,,,,,,,,
2023/2/1 5:00,0.786,0.772,0.093,-6.748,,,,,,,,,,,,,
2023/2/1 6:00,0.647,0.607,0.083,-7.072,,,,,,,,,,,,,
2023/2/1 7:00,0.424,0.373,0.067,-7.87,,,,,,,,,,,,,
2023/2/1 8:00,0.116,0.101,0.032,-9.42,,,,,,,,,,,,,
2023/2/1 9:00,0,0,0,-11.404,,,,,,,,,,,,,
2023/2/1 10:00,0,0,0,-12.515,,,,,,,,,,,,,
2023/2/1 11:00,0,0,0,-13.434,,,,,,,,,,,,,
2023/2/1 12:00,0,0,0,-14.179,,,,,,,,,,,,,
2023/2/1 13:00,0,0,0,-14.74,,,,,,,,,,,,,
2023/2/1 14:00,0,0,0,-15.136,,,,,,,,,,,,,
2023/2/1 15:00,0,0,0,-15.423,,,,,,,,,,,,,
2023/2/1 16:00,0,0,0,-15.712,,,,,,,,,,,,,
2023/2/1 17:00,0,0,0,-16.097,,,,,,,,,,,,,
2023/2/1 18:00,0,0,0,-16.496,,,,,,,,,,,,,
2023/2/1 19:00,0,0,0,-16.84,,,,,,,,,,,,,
2023/2/1 20:00,0,0,0,-17.155,,,,,,,,,,,,,
2023/2/1 21:00,0,0,0,-17.382,,,,,,,,,,,,,
2023/2/1 22:00,0,0,0,-17.512,,,,,,,,,,,,,
2023/2/1 23:00,0.137,0.129,0.019,-16.813,,,,,,,,,,,,,
2023/2/2 0:00,0.438,0.372,0.07,-13.52,,,,,,,,,,,,,
2023/2/2 1:00,0.647,0.588,0.091,-10.379,,,,,,,,,,,,,
2023/2/2 2:00,0.771,0.741,0.104,-6.978,,,,,,,,,,,,,
2023/2/2 3:00,0.824,0.81,0.113,-5.074,,,,,,,,,,,,,
2023/2/2 4:00,0.786,0.754,0.125,-3.824,,,,,,,,,,,,,
2023/2/2 5:00,0.66,0.582,0.139,-3.036,,,,,,,,,,,,,
2023/2/2 6:00,0.452,0.338,0.143,-2.786,,,,,,,,,,,,,
2023/2/2 7:00,0.211,0.12,0.109,-3.237,,,,,,,,,,,,,
2023/2/2 8:00,0.034,0.02,0.034,-5.35,,,,,,,,,,,,,
2023/2/2 9:00,0,0,0,-6.998,,,,,,,,,,,,,
2023/2/2 10:00,0,0,0,-7.627,,,,,,,,,,,,,
2023/2/2 11:00,0,0,0,-8.305,,,,,,,,,,,,,
2023/2/2 12:00,0,0,0,-8.962,,,,,,,,,,,,,
2023/2/2 13:00,0,0,0,-9.412,,,,,,,,,,,,,
2023/2/2 14:00,0,0,0,-9.459,,,,,,,,,,,,,
2023/2/2 15:00,0,0,0,-9.498,,,,,,,,,,,,,
2023/2/2 16:00,0,0,0,-9.896,,,,,,,,,,,,,
2023/2/2 17:00,0,0,0,-10.465,,,,,,,,,,,,,
2023/2/2 18:00,0,0,0,-11.003,,,,,,,,,,,,,
2023/2/2 19:00,0,0,0,-11.455,,,,,,,,,,,,,
2023/2/2 20:00,0,0,0,-11.926,,,,,,,,,,,,,
2023/2/2 21:00,0,0,0,-12.452,,,,,,,,,,,,,
2023/2/2 22:00,0,0,0,-12.93,,,,,,,,,,,,,
2023/2/2 23:00,0.063,0.054,0.026,-12.701,,,,,,,,,,,,,
2023/2/3 0:00,0.307,0.226,0.09,-9.806,,,,,,,,,,,,,
2023/2/3 1:00,0.55,0.466,0.112,-7.086,,,,,,,,,,,,,
2023/2/3 2:00,0.721,0.679,0.114,-4.276,,,,,,,,,,,,,
2023/2/3 3:00,0.807,0.801,0.112,-2.649,,,,,,,,,,,,,
2023/2/3 4:00,0.805,0.804,0.112,-1.533,,,,,,,,,,,,,
2023/2/3 5:00,0.74,0.725,0.106,-0.884,,,,,,,,,,,,,
2023/2/3 6:00,0.604,0.566,0.095,-0.78,,,,,,,,,,,,,
2023/2/3 7:00,0.395,0.346,0.076,-1.394,,,,,,,,,,,,,
2023/2/3 8:00,0.113,0.096,0.036,-4.096,,,,,,,,,,,,,
2023/2/3 9:00,0,0,0,-7.305,,,,,,,,,,,,,
2023/2/3 10:00,0,0,0,-8.479,,,,,,,,,,,,,
2023/2/3 11:00,0,0,0,-9.384,,,,,,,,,,,,,
2023/2/3 12:00,0,0,0,-10.162,,,,,,,,,,,,,
2023/2/3 13:00,0,0,0,-10.799,,,,,,,,,,,,,
2023/2/3 14:00,0,0,0,-11.345,,,,,,,,,,,,,
2023/2/3 15:00,0,0,0,-11.872,,,,,,,,,,,,,
2023/2/3 16:00,0,0,0,-12.483,,,,,,,,,,,,,
2023/2/3 17:00,0,0,0,-13.09,,,,,,,,,,,,,
2023/2/3 18:00,0,0,0,-13.657,,,,,,,,,,,,,
2023/2/3 19:00,0,0,0,-14.119,,,,,,,,,,,,,
2023/2/3 20:00,0,0,0,-14.436,,,,,,,,,,,,,
2023/2/3 21:00,0,0,0,-14.578,,,,,,,,,,,,,
2023/2/3 22:00,0,0,0,-14.576,,,,,,,,,,,,,
2023/2/3 23:00,0.142,0.132,0.022,-13.645,,,,,,,,,,,,,
2023/2/4 0:00,0.434,0.376,0.069,-10,,,,,,,,,,,,,
2023/2/4 1:00,0.639,0.593,0.088,-6.762,,,,,,,,,,,,,
2023/2/4 2:00,0.76,0.749,0.1,-2.726,,,,,,,,,,,,,
2023/2/4 3:00,0.818,0.835,0.106,-0.181,,,,,,,,,,,,,
2023/2/4 4:00,0.812,0.834,0.107,1.211,,,,,,,,,,,,,
2023/2/4 5:00,0.746,0.752,0.102,2.054,,,,,,,,,,,,,
2023/2/4 6:00,0.612,0.59,0.091,2.234,,,,,,,,,,,,,
2023/2/4 7:00,0.406,0.366,0.073,1.518,,,,,,,,,,,,,
2023/2/4 8:00,0.123,0.107,0.036,-1.838,,,,,,,,,,,,,
2023/2/4 9:00,0,0,0,-4.864,,,,,,,,,,,,,
2023/2/4 10:00,0,0,0,-5.855,,,,,,,,,,,,,
2023/2/4 11:00,0,0,0,-6.633,,,,,,,,,,,,,
2023/2/4 12:00,0,0,0,-7.489,,,,,,,,,,,,,
2023/2/4 13:00,0,0,0,-8.243,,,,,,,,,,,,,
2023/2/4 14:00,0,0,0,-8.595,,,,,,,,,,,,,
2023/2/4 15:00,0,0,0,-8.795,,,,,,,,,,,,,
2023/2/4 16:00,0,0,0,-8.956,,,,,,,,,,,,,
2023/2/4 17:00,0,0,0,-9.182,,,,,,,,,,,,,
2023/2/4 18:00,0,0,0,-9.465,,,,,,,,,,,,,
2023/2/4 19:00,0,0,0,-9.784,,,,,,,,,,,,,
2023/2/4 20:00,0,0,0,-9.993,,,,,,,,,,,,,
2023/2/4 21:00,0,0,0,-10.164,,,,,,,,,,,,,
2023/2/4 22:00,0,0,0,-10.225,,,,,,,,,,,,,
2023/2/4 23:00,0.045,0.036,0.028,-9.64,,,,,,,,,,,,,
2023/2/5 0:00,0.139,0.046,0.109,-7.529,,,,,,,,,,,,,
2023/2/5 1:00,0.326,0.157,0.185,-5.688,,,,,,,,,,,,,
2023/2/5 2:00,0.478,0.283,0.223,-4.077,,,,,,,,,,,,,
2023/2/5 3:00,0.442,0.21,0.258,-3.047,,,,,,,,,,,,,
2023/2/5 4:00,0.248,0.047,0.22,-2.815,,,,,,,,,,,,,
2023/2/5 5:00,0.177,0.023,0.172,-3.014,,,,,,,,,,,,,
2023/2/5 6:00,0.144,0.021,0.142,-3.331,,,,,,,,,,,,,
2023/2/5 7:00,0.08,0.012,0.088,-3.936,,,,,,,,,,,,,
2023/2/5 8:00,0.015,0.004,0.029,-5.032,,,,,,,,,,,,,
2023/2/5 9:00,0,0,0,-6.633,,,,,,,,,,,,,
2023/2/5 10:00,0,0,0,-7.676,,,,,,,,,,,,,
2023/2/5 11:00,0,0,0,-8.212,,,,,,,,,,,,,
2023/2/5 12:00,0,0,0,-8.458,,,,,,,,,,,,,
2023/2/5 13:00,0,0,0,-8.644,,,,,,,,,,,,,
2023/2/5 14:00,0,0,0,-8.865,,,,,,,,,,,,,
2023/2/5 15:00,0,0,0,-9.007,,,,,,,,,,,,,
2023/2/5 16:00,0,0,0,-8.96,,,,,,,,,,,,,
2023/2/5 17:00,0,0,0,-9.052,,,,,,,,,,,,,
2023/2/5 18:00,0,0,0,-10.032,,,,,,,,,,,,,
2023/2/5 19:00,0,0,0,-11.374,,,,,,,,,,,,,
2023/2/5 20:00,0,0,0,-11.873,,,,,,,,,,,,,
2023/2/5 21:00,0,0,0,-11.854,,,,,,,,,,,,,
2023/2/5 22:00,0,0,0,-12.081,,,,,,,,,,,,,
2023/2/5 23:00,0.055,0.039,0.034,-11.498,,,,,,,,,,,,,
2023/2/6 0:00,0.355,0.274,0.091,-9.102,,,,,,,,,,,,,
2023/2/6 1:00,0.606,0.54,0.106,-6.129,,,,,,,,,,,,,
2023/2/6 2:00,0.737,0.697,0.119,-3.665,,,,,,,,,,,,,
2023/2/6 3:00,0.805,0.791,0.123,-2.03,,,,,,,,,,,,,
2023/2/6 4:00,0.801,0.79,0.124,-0.917,,,,,,,,,,,,,
2023/2/6 5:00,0.733,0.707,0.119,-0.31,,,,,,,,,,,,,
2023/2/6 6:00,0.602,0.554,0.106,-0.307,,,,,,,,,,,,,
2023/2/6 7:00,0.391,0.332,0.085,-1.04,,,,,,,,,,,,,
2023/2/6 8:00,0.111,0.087,0.043,-3.367,,,,,,,,,,,,,
2023/2/6 9:00,0,0,0,-6.64,,,,,,,,,,,,,
2023/2/6 10:00,0,0,0,-7.925,,,,,,,,,,,,,
2023/2/6 11:00,0,0,0,-8.748,,,,,,,,,,,,,
2023/2/6 12:00,0,0,0,-9.211,,,,,,,,,,,,,
2023/2/6 13:00,0,0,0,-9.252,,,,,,,,,,,,,
2023/2/6 14:00,0,0,0,-8.778,,,,,,,,,,,,,
2023/2/6 15:00,0,0,0,-8.372,,,,,,,,,,,,,
2023/2/6 16:00,0,0,0,-8.341,,,,,,,,,,,,,
2023/2/6 17:00,0,0,0,-8.479,,,,,,,,,,,,,
2023/2/6 18:00,0,0,0,-8.715,,,,,,,,,,,,,
2023/2/6 19:00,0,0,0,-9.106,,,,,,,,,,,,,
2023/2/6 20:00,0,0,0,-9.578,,,,,,,,,,,,,
2023/2/6 21:00,0,0,0,-9.93,,,,,,,,,,,,,
2023/2/6 22:00,0,0,0,-10.067,,,,,,,,,,,,,
2023/2/6 23:00,0.023,0.014,0.026,-9.656,,,,,,,,,,,,,
2023/2/7 0:00,0.102,0.022,0.097,-8.349,,,,,,,,,,,,,
2023/2/7 1:00,0.195,0.043,0.167,-6.516,,,,,,,,,,,,,
2023/2/7 2:00,0.292,0.081,0.227,-4.681,,,,,,,,,,,,,
2023/2/7 3:00,0.341,0.103,0.258,-3.052,,,,,,,,,,,,,
2023/2/7 4:00,0.34,0.103,0.259,-1.765,,,,,,,,,,,,,
2023/2/7 5:00,0.255,0.056,0.219,-1.136,,,,,,,,,,,,,
2023/2/7 6:00,0.136,0.017,0.139,-1.457,,,,,,,,,,,,,
2023/2/7 7:00,0.057,0.006,0.072,-2.631,,,,,,,,,,,,,
2023/2/7 8:00,0.005,0.001,0.02,-4.35,,,,,,,,,,,,,
2023/2/7 9:00,0,0,0,-6.062,,,,,,,,,,,,,
2023/2/7 10:00,0,0,0,-7.075,,,,,,,,,,,,,
2023/2/7 11:00,0,0,0,-8.269,,,,,,,,,,,,,
2023/2/7 12:00,0,0,0,-9.418,,,,,,,,,,,,,
2023/2/7 13:00,0,0,0,-10.163,,,,,,,,,,,,,
2023/2/7 14:00,0,0,0,-10.878,,,,,,,,,,,,,
2023/2/7 15:00,0,0,0,-11.593,,,,,,,,,,,,,
2023/2/7 16:00,0,0,0,-12.15,,,,,,,,,,,,,
2023/2/7 17:00,0,0,0,-12.573,,,,,,,,,,,,,
2023/2/7 18:00,0,0,0,-12.858,,,,,,,,,,,,,
2023/2/7 19:00,0,0,0,-13.075,,,,,,,,,,,,,
2023/2/7 20:00,0,0,0,-13.321,,,,,,,,,,,,,
2023/2/7 21:00,0,0,0,-13.538,,,,,,,,,,,,,
2023/2/7 22:00,0,0,0,-13.7,,,,,,,,,,,,,
2023/2/7 23:00,0.156,0.135,0.033,-12.646,,,,,,,,,,,,,
2023/2/8 0:00,0.448,0.386,0.076,-9.53,,,,,,,,,,,,,
2023/2/8 1:00,0.651,0.602,0.096,-6.359,,,,,,,,,,,,,
2023/2/8 2:00,0.772,0.757,0.108,-3.001,,,,,,,,,,,,,
2023/2/8 3:00,0.828,0.834,0.116,-1.183,,,,,,,,,,,,,
2023/2/8 4:00,0.823,0.833,0.117,0.051,,,,,,,,,,,,,
2023/2/8 5:00,0.756,0.748,0.112,0.797,,,,,,,,,,,,,
2023/2/8 6:00,0.62,0.585,0.102,1.018,,,,,,,,,,,,,
2023/2/8 7:00,0.409,0.357,0.083,0.608,,,,,,,,,,,,,
2023/2/8 8:00,0.128,0.103,0.045,-1.998,,,,,,,,,,,,,
2023/2/8 9:00,0,0,0,-4.324,,,,,,,,,,,,,
2023/2/8 10:00,0,0,0,-5.143,,,,,,,,,,,,,
2023/2/8 11:00,0,0,0,-5.726,,,,,,,,,,,,,
2023/2/8 12:00,0,0,0,-6.179,,,,,,,,,,,,,
2023/2/8 13:00,0,0,0,-6.578,,,,,,,,,,,,,
2023/2/8 14:00,0,0,0,-6.955,,,,,,,,,,,,,
2023/2/8 15:00,0,0,0,-7.24,,,,,,,,,,,,,
2023/2/8 16:00,0,0,0,-7.483,,,,,,,,,,,,,
2023/2/8 17:00,0,0,0,-7.891,,,,,,,,,,,,,
2023/2/8 18:00,0,0,0,-8.134,,,,,,,,,,,,,
2023/2/8 19:00,0,0,0,-8.266,,,,,,,,,,,,,
2023/2/8 20:00,0,0,0,-8.61,,,,,,,,,,,,,
2023/2/8 21:00,0,0,0,-9.044,,,,,,,,,,,,,
2023/2/8 22:00,0,0,0,-9.173,,,,,,,,,,,,,
2023/2/8 23:00,0.005,0.003,0.017,-8.589,,,,,,,,,,,,,
2023/2/9 0:00,0.042,0.003,0.057,-7.07,,,,,,,,,,,,,
2023/2/9 1:00,0.076,0.004,0.09,-6.059,,,,,,,,,,,,,
2023/2/9 2:00,0.103,0.006,0.116,-5.127,,,,,,,,,,,,,
2023/2/9 3:00,0.117,0.006,0.13,-4.239,,,,,,,,,,,,,
2023/2/9 4:00,0.124,0.007,0.136,-3.66,,,,,,,,,,,,,
2023/2/9 5:00,0.117,0.007,0.13,-3.399,,,,,,,,,,,,,
2023/2/9 6:00,0.089,0.005,0.103,-3.389,,,,,,,,,,,,,
2023/2/9 7:00,0.049,0.003,0.066,-3.58,,,,,,,,,,,,,
2023/2/9 8:00,0.006,0.001,0.021,-4.1,,,,,,,,,,,,,
2023/2/9 9:00,0,0,0,-4.837,,,,,,,,,,,,,
2023/2/9 10:00,0,0,0,-5.278,,,,,,,,,,,,,
2023/2/9 11:00,0,0,0,-5.574,,,,,,,,,,,,,
2023/2/9 12:00,0,0,0,-5.807,,,,,,,,,,,,,
2023/2/9 13:00,0,0,0,-5.959,,,,,,,,,,,,,
2023/2/9 14:00,0,0,0,-6.164,,,,,,,,,,,,,
2023/2/9 15:00,0,0,0,-6.582,,,,,,,,,,,,,
2023/2/9 16:00,0,0,0,-7.952,,,,,,,,,,,,,
2023/2/9 17:00,0,0,0,-8.746,,,,,,,,,,,,,
2023/2/9 18:00,0,0,0,-9.286,,,,,,,,,,,,,
2023/2/9 19:00,0,0,0,-9.789,,,,,,,,,,,,,
2023/2/9 20:00,0,0,0,-10.253,,,,,,,,,,,,,
2023/2/9 21:00,0,0,0,-10.603,,,,,,,,,,,,,
2023/2/9 22:00,0,0,0,-10.878,,,,,,,,,,,,,
2023/2/9 23:00,0.11,0.083,0.043,-9.982,,,,,,,,,,,,,
2023/2/10 0:00,0.402,0.332,0.087,-6.771,,,,,,,,,,,,,
2023/2/10 1:00,0.615,0.559,0.106,-3.735,,,,,,,,,,,,,
2023/2/10 2:00,0.744,0.722,0.117,-0.399,,,,,,,,,,,,,
2023/2/10 3:00,0.802,0.803,0.124,1.405,,,,,,,,,,,,,
2023/2/10 4:00,0.796,0.8,0.125,2.655,,,,,,,,,,,,,
2023/2/10 5:00,0.728,0.715,0.121,3.448,,,,,,,,,,,,,
2023/2/10 6:00,0.593,0.552,0.111,3.733,,,,,,,,,,,,,
2023/2/10 7:00,0.384,0.326,0.092,3.206,,,,,,,,,,,,,
2023/2/10 8:00,0.114,0.086,0.05,0.095,,,,,,,,,,,,,
2023/2/10 9:00,0,0,0.001,-2.305,,,,,,,,,,,,,
2023/2/10 10:00,0,0,0,-2.761,,,,,,,,,,,,,
2023/2/10 11:00,0,0,0,-3.499,,,,,,,,,,,,,
2023/2/10 12:00,0,0,0,-4.128,,,,,,,,,,,,,
2023/2/10 13:00,0,0,0,-4.708,,,,,,,,,,,,,
2023/2/10 14:00,0,0,0,-5.365,,,,,,,,,,,,,
2023/2/10 15:00,0,0,0,-5.802,,,,,,,,,,,,,
2023/2/10 16:00,0,0,0,-5.818,,,,,,,,,,,,,
2023/2/10 17:00,0,0,0,-5.683,,,,,,,,,,,,,
2023/2/10 18:00,0,0,0,-5.611,,,,,,,,,,,,,
2023/2/10 19:00,0,0,0,-5.731,,,,,,,,,,,,,
2023/2/10 20:00,0,0,0,-6.08,,,,,,,,,,,,,
2023/2/10 21:00,0,0,0,-6.697,,,,,,,,,,,,,
2023/2/10 22:00,0,0,0,-7.292,,,,,,,,,,,,,
2023/2/10 23:00,0.101,0.082,0.037,-6.862,,,,,,,,,,,,,
2023/2/11 0:00,0.32,0.225,0.111,-4.623,,,,,,,,,,,,,
2023/2/11 1:00,0.529,0.427,0.142,-1.633,,,,,,,,,,,,,
2023/2/11 2:00,0.66,0.582,0.158,1.988,,,,,,,,,,,,,
2023/2/11 3:00,0.724,0.669,0.165,4.122,,,,,,,,,,,,,
2023/2/11 4:00,0.721,0.666,0.167,4.868,,,,,,,,,,,,,
2023/2/11 5:00,0.647,0.571,0.164,4.947,,,,,,,,,,,,,
2023/2/11 6:00,0.431,0.299,0.174,4.377,,,,,,,,,,,,,
2023/2/11 7:00,0.199,0.093,0.131,3.095,,,,,,,,,,,,,
2023/2/11 8:00,0.049,0.02,0.049,0.561,,,,,,,,,,,,,
2023/2/11 9:00,0,0,0.001,-1.797,,,,,,,,,,,,,
2023/2/11 10:00,0,0,0,-2.166,,,,,,,,,,,,,
2023/2/11 11:00,0,0,0,-2.6,,,,,,,,,,,,,
2023/2/11 12:00,0,0,0,-3.348,,,,,,,,,,,,,
2023/2/11 13:00,0,0,0,-4.119,,,,,,,,,,,,,
2023/2/11 14:00,0,0,0,-5.035,,,,,,,,,,,,,
2023/2/11 15:00,0,0,0,-6.012,,,,,,,,,,,,,
2023/2/11 16:00,0,0,0,-7.235,,,,,,,,,,,,,
2023/2/11 17:00,0,0,0,-8.059,,,,,,,,,,,,,
2023/2/11 18:00,0,0,0,-8.595,,,,,,,,,,,,,
2023/2/11 19:00,0,0,0,-9.14,,,,,,,,,,,,,
2023/2/11 20:00,0,0,0,-9.706,,,,,,,,,,,,,
2023/2/11 21:00,0,0,0,-9.876,,,,,,,,,,,,,
2023/2/11 22:00,0,0,0,-9.712,,,,,,,,,,,,,
2023/2/11 23:00,0.013,0.005,0.024,-9.257,,,,,,,,,,,,,
2023/2/12 0:00,0.06,0.007,0.072,-8.42,,,,,,,,,,,,,
2023/2/12 1:00,0.111,0.011,0.117,-7.425,,,,,,,,,,,,,
2023/2/12 2:00,0.164,0.018,0.163,-6.314,,,,,,,,,,,,,
2023/2/12 3:00,0.218,0.029,0.205,-5.401,,,,,,,,,,,,,
2023/2/12 4:00,0.325,0.083,0.258,-4.472,,,,,,,,,,,,,
2023/2/12 5:00,0.324,0.097,0.245,-3.777,,,,,,,,,,,,,
2023/2/12 6:00,0.276,0.091,0.203,-3.476,,,,,,,,,,,,,
2023/2/12 7:00,0.193,0.071,0.14,-3.594,,,,,,,,,,,,,
2023/2/12 8:00,0.064,0.026,0.057,-4.399,,,,,,,,,,,,,
2023/2/12 9:00,0,0,0.001,-6.56,,,,,,,,,,,,,
2023/2/12 10:00,0,0,0,-7.77,,,,,,,,,,,,,
2023/2/12 11:00,0,0,0,-8.583,,,,,,,,,,,,,
2023/2/12 12:00,0,0,0,-9.398,,,,,,,,,,,,,
2023/2/12 13:00,0,0,0,-10.216,,,,,,,,,,,,,
2023/2/12 14:00,0,0,0,-10.927,,,,,,,,,,,,,
2023/2/12 15:00,0,0,0,-11.383,,,,,,,,,,,,,
2023/2/12 16:00,0,0,0,-11.759,,,,,,,,,,,,,
2023/2/12 17:00,0,0,0,-12.068,,,,,,,,,,,,,
2023/2/12 18:00,0,0,0,-12.334,,,,,,,,,,,,,
2023/2/12 19:00,0,0,0,-12.586,,,,,,,,,,,,,
2023/2/12 20:00,0,0,0,-12.802,,,,,,,,,,,,,
2023/2/12 21:00,0,0,0,-12.983,,,,,,,,,,,,,
2023/2/12 22:00,0,0,0,-13.165,,,,,,,,,,,,,
2023/2/12 23:00,0.214,0.185,0.037,-12.464,,,,,,,,,,,,,
2023/2/13 0:00,0.483,0.425,0.071,-10.158,,,,,,,,,,,,,
2023/2/13 1:00,0.685,0.646,0.088,-7.629,,,,,,,,,,,,,
2023/2/13 2:00,0.811,0.805,0.099,-5.492,,,,,,,,,,,,,
2023/2/13 3:00,0.869,0.887,0.105,-3.836,,,,,,,,,,,,,
2023/2/13 4:00,0.865,0.889,0.105,-2.64,,,,,,,,,,,,,
2023/2/13 5:00,0.8,0.807,0.101,-1.787,,,,,,,,,,,,,
2023/2/13 6:00,0.668,0.646,0.091,-1.456,,,,,,,,,,,,,
2023/2/13 7:00,0.462,0.419,0.075,-1.773,,,,,,,,,,,,,
2023/2/13 8:00,0.177,0.15,0.046,-3.116,,,,,,,,,,,,,
2023/2/13 9:00,0,0.002,0.001,-5.621,,,,,,,,,,,,,
2023/2/13 10:00,0,0,0,-6.757,,,,,,,,,,,,,
2023/2/13 11:00,0,0,0,-7.63,,,,,,,,,,,,,
2023/2/13 12:00,0,0,0,-8.456,,,,,,,,,,,,,
2023/2/13 13:00,0,0,0,-9.075,,,,,,,,,,,,,
2023/2/13 14:00,0,0,0,-9.511,,,,,,,,,,,,,
2023/2/13 15:00,0,0,0,-10.009,,,,,,,,,,,,,
2023/2/13 16:00,0,0,0,-10.39,,,,,,,,,,,,,
2023/2/13 17:00,0,0,0,-10.782,,,,,,,,,,,,,
2023/2/13 18:00,0,0,0,-11.196,,,,,,,,,,,,,
2023/2/13 19:00,0,0,0,-11.613,,,,,,,,,,,,,
2023/2/13 20:00,0,0,0,-12.018,,,,,,,,,,,,,
2023/2/13 21:00,0,0,0,-12.378,,,,,,,,,,,,,
2023/2/13 22:00,0,0,0,-12.706,,,,,,,,,,,,,
2023/2/13 23:00,0.261,0.241,0.027,-11.875,,,,,,,,,,,,,
2023/2/14 0:00,0.477,0.416,0.077,-9.452,,,,,,,,,,,,,
2023/2/14 1:00,0.675,0.627,0.097,-7.011,,,,,,,,,,,,,
2023/2/14 2:00,0.795,0.772,0.111,-5.276,,,,,,,,,,,,,
2023/2/14 3:00,0.838,0.824,0.124,-3.966,,,,,,,,,,,,,
2023/2/14 4:00,0.816,0.79,0.133,-3.084,,,,,,,,,,,,,
2023/2/14 5:00,0.725,0.667,0.137,-2.663,,,,,,,,,,,,,
2023/2/14 6:00,0.584,0.504,0.127,-2.721,,,,,,,,,,,,,
2023/2/14 7:00,0.372,0.287,0.106,-3.287,,,,,,,,,,,,,
2023/2/14 8:00,0.109,0.07,0.058,-4.634,,,,,,,,,,,,,
2023/2/14 9:00,0,0.001,0.002,-7.443,,,,,,,,,,,,,
2023/2/14 10:00,0,0,0,-8.807,,,,,,,,,,,,,
2023/2/14 11:00,0,0,0,-9.925,,,,,,,,,,,,,
2023/2/14 12:00,0,0,0,-10.744,,,,,,,,,,,,,
2023/2/14 13:00,0,0,0,-11.098,,,,,,,,,,,,,
2023/2/14 14:00,0,0,0,-11.002,,,,,,,,,,,,,
2023/2/14 15:00,0,0,0,-10.937,,,,,,,,,,,,,
2023/2/14 16:00,0,0,0,-11.107,,,,,,,,,,,,,
2023/2/14 17:00,0,0,0,-11.285,,,,,,,,,,,,,
2023/2/14 18:00,0,0,0,-11.414,,,,,,,,,,,,,
2023/2/14 19:00,0,0,0,-11.443,,,,,,,,,,,,,
2023/2/14 20:00,0,0,0,-11.462,,,,,,,,,,,,,
2023/2/14 21:00,0,0,0,-11.733,,,,,,,,,,,,,
2023/2/14 22:00,0,0,0.001,-12.266,,,,,,,,,,,,,
2023/2/14 23:00,0.107,0.078,0.044,-11.933,,,,,,,,,,,,,
2023/2/15 0:00,0.34,0.239,0.111,-9.145,,,,,,,,,,,,,
2023/2/15 1:00,0.57,0.471,0.133,-6.334,,,,,,,,,,,,,
2023/2/15 2:00,0.717,0.648,0.142,-3.88,,,,,,,,,,,,,
2023/2/15 3:00,0.789,0.748,0.144,-1.949,,,,,,,,,,,,,
2023/2/15 4:00,0.799,0.773,0.14,-0.58,,,,,,,,,,,,,
2023/2/15 5:00,0.739,0.704,0.132,0.311,,,,,,,,,,,,,
2023/2/15 6:00,0.604,0.545,0.121,0.664,,,,,,,,,,,,,
2023/2/15 7:00,0.387,0.312,0.104,0.378,,,,,,,,,,,,,
2023/2/15 8:00,0.108,0.068,0.061,-1.5,,,,,,,,,,,,,
2023/2/15 9:00,0,0.001,0.002,-4.307,,,,,,,,,,,,,
2023/2/15 10:00,0,0,0,-5.06,,,,,,,,,,,,,
2023/2/15 11:00,0,0,0,-5.604,,,,,,,,,,,,,
2023/2/15 12:00,0,0,0,-6.125,,,,,,,,,,,,,
2023/2/15 13:00,0,0,0,-6.742,,,,,,,,,,,,,
2023/2/15 14:00,0,0,0,-7.358,,,,,,,,,,,,,
2023/2/15 15:00,0,0,0,-7.677,,,,,,,,,,,,,
2023/2/15 16:00,0,0,0,-7.924,,,,,,,,,,,,,
2023/2/15 17:00,0,0,0,-7.944,,,,,,,,,,,,,
2023/2/15 18:00,0,0,0,-7.568,,,,,,,,,,,,,
2023/2/15 19:00,0,0,0,-7.125,,,,,,,,,,,,,
2023/2/15 20:00,0,0,0,-7.146,,,,,,,,,,,,,
2023/2/15 21:00,0,0,0,-7.579,,,,,,,,,,,,,
2023/2/15 22:00,0,0,0.001,-8.135,,,,,,,,,,,,,
2023/2/15 23:00,0.12,0.085,0.053,-7.32,,,,,,,,,,,,,
2023/2/16 0:00,0.396,0.315,0.1,-5.114,,,,,,,,,,,,,
2023/2/16 1:00,0.61,0.546,0.118,-1.873,,,,,,,,,,,,,
2023/2/16 2:00,0.729,0.701,0.131,2.145,,,,,,,,,,,,,
2023/2/16 3:00,0.776,0.765,0.142,4.436,,,,,,,,,,,,,
2023/2/16 4:00,0.764,0.749,0.147,5.532,,,,,,,,,,,,,
2023/2/16 5:00,0.686,0.644,0.148,5.937,,,,,,,,,,,,,
2023/2/16 6:00,0.556,0.488,0.136,5.821,,,,,,,,,,,,,
2023/2/16 7:00,0.337,0.252,0.118,4.768,,,,,,,,,,,,,
2023/2/16 8:00,0.091,0.051,0.062,1.446,,,,,,,,,,,,,
2023/2/16 9:00,0,0.001,0.002,-0.682,,,,,,,,,,,,,
2023/2/16 10:00,0,0,0,-0.97,,,,,,,,,,,,,
2023/2/16 11:00,0,0,0,-1.136,,,,,,,,,,,,,
2023/2/16 12:00,0,0,0,-1.57,,,,,,,,,,,,,
2023/2/16 13:00,0,0,0,-1.983,,,,,,,,,,,,,
2023/2/16 14:00,0,0,0,-2.373,,,,,,,,,,,,,
2023/2/16 15:00,0,0,0,-3.006,,,,,,,,,,,,,
2023/2/16 16:00,0,0,0,-3.845,,,,,,,,,,,,,
2023/2/16 17:00,0,0,0,-4.369,,,,,,,,,,,,,
2023/2/16 18:00,0,0,0,-4.79,,,,,,,,,,,,,
2023/2/16 19:00,0,0,0,-5.521,,,,,,,,,,,,,
2023/2/16 20:00,0,0,0,-6.766,,,,,,,,,,,,,
2023/2/16 21:00,0,0,0,-7.91,,,,,,,,,,,,,
2023/2/16 22:00,0,0,0.001,-8.604,,,,,,,,,,,,,
2023/2/16 23:00,0.142,0.105,0.054,-7.627,,,,,,,,,,,,,
2023/2/17 0:00,0.392,0.302,0.11,-5.098,,,,,,,,,,,,,
2023/2/17 1:00,0.596,0.51,0.135,-2.659,,,,,,,,,,,,,
2023/2/17 2:00,0.718,0.653,0.153,-0.117,,,,,,,,,,,,,
2023/2/17 3:00,0.755,0.696,0.17,2.088,,,,,,,,,,,,,
2023/2/17 4:00,0.693,0.595,0.196,3.85,,,,,,,,,,,,,
2023/2/17 5:00,0.517,0.346,0.228,4.714,,,,,,,,,,,,,
2023/2/17 6:00,0.3,0.125,0.205,4.891,,,,,,,,,,,,,
2023/2/17 7:00,0.145,0.039,0.129,3.956,,,,,,,,,,,,,
2023/2/17 8:00,0.037,0.009,0.048,1.828,,,,,,,,,,,,,
2023/2/17 9:00,0,0,0.002,0.417,,,,,,,,,,,,,
2023/2/17 10:00,0,0,0,0.031,,,,,,,,,,,,,
2023/2/17 11:00,0,0,0,-0.51,,,,,,,,,,,,,
2023/2/17 12:00,0,0,0,-1.38,,,,,,,,,,,,,
2023/2/17 13:00,0,0,0,-2.084,,,,,,,,,,,,,
2023/2/17 14:00,0,0,0,-2.809,,,,,,,,,,,,,
2023/2/17 15:00,0,0,0,-3.382,,,,,,,,,,,,,
2023/2/17 16:00,0,0,0,-4.206,,,,,,,,,,,,,
2023/2/17 17:00,0,0,0,-5.387,,,,,,,,,,,,,
2023/2/17 18:00,0,0,0,-6.781,,,,,,,,,,,,,
2023/2/17 19:00,0,0,0,-8.057,,,,,,,,,,,,,
2023/2/17 20:00,0,0,0,-9.208,,,,,,,,,,,,,
2023/2/17 21:00,0,0,0,-9.854,,,,,,,,,,,,,
2023/2/17 22:00,0,0,0.001,-9.953,,,,,,,,,,,,,
2023/2/17 23:00,0.043,0.015,0.046,-9.584,,,,,,,,,,,,,
2023/2/18 0:00,0.108,0.015,0.11,-8.666,,,,,,,,,,,,,
2023/2/18 1:00,0.134,0.012,0.139,-7.935,,,,,,,,,,,,,
2023/2/18 2:00,0.17,0.014,0.171,-7.385,,,,,,,,,,,,,
2023/2/18 3:00,0.163,0.011,0.168,-7.083,,,,,,,,,,,,,
2023/2/18 4:00,0.142,0.008,0.15,-6.958,,,,,,,,,,,,,
2023/2/18 5:00,0.108,0.005,0.12,-6.946,,,,,,,,,,,,,
2023/2/18 6:00,0.076,0.003,0.091,-6.961,,,,,,,,,,,,,
2023/2/18 7:00,0.04,0.002,0.056,-7.005,,,,,,,,,,,,,
2023/2/18 8:00,0.007,0.001,0.022,-7.114,,,,,,,,,,,,,
2023/2/18 9:00,0,0,0.001,-7.336,,,,,,,,,,,,,
2023/2/18 10:00,0,0,0,-7.573,,,,,,,,,,,,,
2023/2/18 11:00,0,0,0,-8.254,,,,,,,,,,,,,
2023/2/18 12:00,0,0,0,-9.729,,,,,,,,,,,,,
2023/2/18 13:00,0,0,0,-10.27,,,,,,,,,,,,,
2023/2/18 14:00,0,0,0,-10.229,,,,,,,,,,,,,
2023/2/18 15:00,0,0,0,-10.707,,,,,,,,,,,,,
2023/2/18 16:00,0,0,0,-11.363,,,,,,,,,,,,,
2023/2/18 17:00,0,0,0,-11.874,,,,,,,,,,,,,
2023/2/18 18:00,0,0,0,-11.738,,,,,,,,,,,,,
2023/2/18 19:00,0,0,0,-11.179,,,,,,,,,,,,,
2023/2/18 20:00,0,0,0,-11.479,,,,,,,,,,,,,
2023/2/18 21:00,0,0,0,-11.753,,,,,,,,,,,,,
2023/2/18 22:00,0,0.006,0.002,-11.528,,,,,,,,,,,,,
2023/2/18 23:00,0.183,0.13,0.066,-9.828,,,,,,,,,,,,,
2023/2/19 0:00,0.483,0.427,0.078,-6.966,,,,,,,,,,,,,
2023/2/19 1:00,0.679,0.645,0.094,-4.351,,,,,,,,,,,,,
2023/2/19 2:00,0.806,0.804,0.105,-3.259,,,,,,,,,,,,,
2023/2/19 3:00,0.863,0.877,0.114,-2.691,,,,,,,,,,,,,
2023/2/19 4:00,0.861,0.875,0.115,-2.341,,,,,,,,,,,,,
2023/2/19 5:00,0.797,0.789,0.111,-2.446,,,,,,,,,,,,,
2023/2/19 6:00,0.674,0.638,0.1,-3,,,,,,,,,,,,,
2023/2/19 7:00,0.468,0.41,0.085,-3.957,,,,,,,,,,,,,
2023/2/19 8:00,0.197,0.158,0.055,-5.322,,,,,,,,,,,,,
2023/2/19 9:00,0,0.005,0.004,-7.045,,,,,,,,,,,,,
2023/2/19 10:00,0,0,0,-8.259,,,,,,,,,,,,,
2023/2/19 11:00,0,0,0,-9.235,,,,,,,,,,,,,
2023/2/19 12:00,0,0,0,-10.185,,,,,,,,,,,,,
2023/2/19 13:00,0,0,0,-11.154,,,,,,,,,,,,,
2023/2/19 14:00,0,0,0,-12.017,,,,,,,,,,,,,
2023/2/19 15:00,0,0,0,-12.668,,,,,,,,,,,,,
2023/2/19 16:00,0,0,0,-13.077,,,,,,,,,,,,,
2023/2/19 17:00,0,0,0,-13.447,,,,,,,,,,,,,
2023/2/19 18:00,0,0,0,-13.892,,,,,,,,,,,,,
2023/2/19 19:00,0,0,0,-14.315,,,,,,,,,,,,,
2023/2/19 20:00,0,0,0,-14.644,,,,,,,,,,,,,
2023/2/19 21:00,0,0,0,-14.859,,,,,,,,,,,,,
2023/2/19 22:00,0,0.007,0.002,-14.964,,,,,,,,,,,,,
2023/2/19 23:00,0.251,0.211,0.045,-13.56,,,,,,,,,,,,,
2023/2/20 0:00,0.52,0.465,0.07,-10.658,,,,,,,,,,,,,
2023/2/20 1:00,0.719,0.686,0.086,-8.426,,,,,,,,,,,,,
2023/2/20 2:00,0.845,0.844,0.097,-7.192,,,,,,,,,,,,,
2023/2/20 3:00,0.9,0.925,0.103,-6.393,,,,,,,,,,,,,
2023/2/20 4:00,0.9,0.924,0.105,-5.904,,,,,,,,,,,,,
2023/2/20 5:00,0.839,0.84,0.101,-5.658,,,,,,,,,,,,,
2023/2/20 6:00,0.709,0.679,0.091,-5.83,,,,,,,,,,,,,
2023/2/20 7:00,0.506,0.455,0.076,-6.493,,,,,,,,,,,,,
2023/2/20 8:00,0.221,0.182,0.052,-7.729,,,,,,,,,,,,,
2023/2/20 9:00,0,0.008,0.004,-9.523,,,,,,,,,,,,,
2023/2/20 10:00,0,0,0,-10.686,,,,,,,,,,,,,
2023/2/20 11:00,0,0,0,-11.55,,,,,,,,,,,,,
2023/2/20 12:00,0,0,0,-12.349,,,,,,,,,,,,,
2023/2/20 13:00,0,0,0,-12.971,,,,,,,,,,,,,
2023/2/20 14:00,0,0,0,-13.693,,,,,,,,,,,,,
2023/2/20 15:00,0,0,0,-14.279,,,,,,,,,,,,,
2023/2/20 16:00,0,0,0,-14.798,,,,,,,,,,,,,
2023/2/20 17:00,0,0,0,-15.164,,,,,,,,,,,,,
2023/2/20 18:00,0,0,0,-15.43,,,,,,,,,,,,,
2023/2/20 19:00,0,0,0,-15.653,,,,,,,,,,,,,
2023/2/20 20:00,0,0,0,-15.874,,,,,,,,,,,,,
2023/2/20 21:00,0,0,0,-16.034,,,,,,,,,,,,,
2023/2/20 22:00,0,0.006,0.002,-16.048,,,,,,,,,,,,,
2023/2/20 23:00,0.239,0.197,0.048,-13.773,,,,,,,,,,,,,
2023/2/21 0:00,0.49,0.416,0.088,-9.909,,,,,,,,,,,,,
2023/2/21 1:00,0.677,0.617,0.111,-6.512,,,,,,,,,,,,,
2023/2/21 2:00,0.78,0.739,0.132,-3.942,,,,,,,,,,,,,
2023/2/21 3:00,0.814,0.777,0.149,-1.836,,,,,,,,,,,,,
2023/2/21 4:00,0.777,0.721,0.164,-0.108,,,,,,,,,,,,,
2023/2/21 5:00,0.685,0.6,0.169,1.131,,,,,,,,,,,,,
2023/2/21 6:00,0.549,0.447,0.157,1.728,,,,,,,,,,,,,
2023/2/21 7:00,0.336,0.229,0.134,1.494,,,,,,,,,,,,,
2023/2/21 8:00,0.099,0.048,0.073,-0.141,,,,,,,,,,,,,
2023/2/21 9:00,0,0.002,0.004,-2.698,,,,,,,,,,,,,
2023/2/21 10:00,0,0,0,-3.458,,,,,,,,,,,,,
2023/2/21 11:00,0,0,0,-3.714,,,,,,,,,,,,,
2023/2/21 12:00,0,0,0,-4.008,,,,,,,,,,,,,
2023/2/21 13:00,0,0,0,-4.09,,,,,,,,,,,,,
2023/2/21 14:00,0,0,0,-4.14,,,,,,,,,,,,,
2023/2/21 15:00,0,0,0,-4.195,,,,,,,,,,,,,
2023/2/21 16:00,0,0,0,-4.23,,,,,,,,,,,,,
2023/2/21 17:00,0,0,0,-4.315,,,,,,,,,,,,,
2023/2/21 18:00,0,0,0,-4.423,,,,,,,,,,,,,
2023/2/21 19:00,0,0,0,-4.545,,,,,,,,,,,,,
2023/2/21 20:00,0,0,0,-4.695,,,,,,,,,,,,,
2023/2/21 21:00,0,0,0,-4.792,,,,,,,,,,,,,
2023/2/21 22:00,0,0,0.001,-4.833,,,,,,,,,,,,,
2023/2/21 23:00,0.025,0.006,0.038,-4.28,,,,,,,,,,,,,
2023/2/22 0:00,0.104,0.018,0.105,-2.977,,,,,,,,,,,,,
2023/2/22 1:00,0.232,0.062,0.19,-0.898,,,,,,,,,,,,,
2023/2/22 2:00,0.429,0.216,0.249,2.002,,,,,,,,,,,,,
2023/2/22 3:00,0.632,0.485,0.228,3.932,,,,,,,,,,,,,
2023/2/22 4:00,0.72,0.643,0.191,5.111,,,,,,,,,,,,,
2023/2/22 5:00,0.684,0.616,0.172,5.817,,,,,,,,,,,,,
2023/2/22 6:00,0.54,0.441,0.164,5.968,,,,,,,,,,,,,
2023/2/22 7:00,0.361,0.264,0.132,5.292,,,,,,,,,,,,,
2023/2/22 8:00,0.134,0.079,0.077,1.917,,,,,,,,,,,,,
2023/2/22 9:00,0,0.003,0.006,-1.578,,,,,,,,,,,,,
2023/2/22 10:00,0,0,0,-2.609,,,,,,,,,,,,,
2023/2/22 11:00,0,0,0,-3.047,,,,,,,,,,,,,
2023/2/22 12:00,0,0,0,-3.472,,,,,,,,,,,,,
2023/2/22 13:00,0,0,0,-3.911,,,,,,,,,,,,,
2023/2/22 14:00,0,0,0,-4.433,,,,,,,,,,,,,
2023/2/22 15:00,0,0,0,-5.236,,,,,,,,,,,,,
2023/2/22 16:00,0,0,0,-6.156,,,,,,,,,,,,,
2023/2/22 17:00,0,0,0,-6.915,,,,,,,,,,,,,
2023/2/22 18:00,0,0,0,-7.539,,,,,,,,,,,,,
2023/2/22 19:00,0,0,0,-8.081,,,,,,,,,,,,,
2023/2/22 20:00,0,0,0,-8.561,,,,,,,,,,,,,
2023/2/22 21:00,0,0,0,-8.875,,,,,,,,,,,,,
2023/2/22 22:00,0,0.003,0.003,-8.989,,,,,,,,,,,,,
2023/2/22 23:00,0.143,0.092,0.068,-6.839,,,,,,,,,,,,,
2023/2/23 0:00,0.386,0.295,0.112,-3.636,,,,,,,,,,,,,
2023/2/23 1:00,0.591,0.515,0.131,-0.494,,,,,,,,,,,,,
2023/2/23 2:00,0.727,0.686,0.14,1.674,,,,,,,,,,,,,
2023/2/23 3:00,0.807,0.804,0.139,2.844,,,,,,,,,,,,,
2023/2/23 4:00,0.828,0.846,0.13,3.524,,,,,,,,,,,,,
2023/2/23 5:00,0.755,0.743,0.131,3.805,,,,,,,,,,,,,
2023/2/23 6:00,0.603,0.544,0.131,3.645,,,,,,,,,,,,,
2023/2/23 7:00,0.39,0.308,0.117,2.957,,,,,,,,,,,,,
2023/2/23 8:00,0.156,0.106,0.072,1.151,,,,,,,,,,,,,
2023/2/23 9:00,0,0.006,0.006,-1.629,,,,,,,,,,,,,
2023/2/23 10:00,0,0,0,-2.508,,,,,,,,,,,,,
2023/2/23 11:00,0,0,0,-3.687,,,,,,,,,,,,,
2023/2/23 12:00,0,0,0,-4.76,,,,,,,,,,,,,
2023/2/23 13:00,0,0,0,-5.668,,,,,,,,,,,,,
2023/2/23 14:00,0,0,0,-6.539,,,,,,,,,,,,,
2023/2/23 15:00,0,0,0,-7.389,,,,,,,,,,,,,
2023/2/23 16:00,0,0,0,-8.3,,,,,,,,,,,,,
2023/2/23 17:00,0,0,0,-9.109,,,,,,,,,,,,,
2023/2/23 18:00,0,0,0,-9.854,,,,,,,,,,,,,
2023/2/23 19:00,0,0,0,-10.503,,,,,,,,,,,,,
2023/2/23 20:00,0,0,0,-11.051,,,,,,,,,,,,,
2023/2/23 21:00,0,0,0,-11.487,,,,,,,,,,,,,
2023/2/23 22:00,0,0.007,0.004,-11.846,,,,,,,,,,,,,
2023/2/23 23:00,0.245,0.201,0.053,-10.862,,,,,,,,,,,,,
2023/2/24 0:00,0.518,0.464,0.075,-8.686,,,,,,,,,,,,,
2023/2/24 1:00,0.715,0.684,0.09,-6.776,,,,,,,,,,,,,
2023/2/24 2:00,0.84,0.843,0.101,-5.28,,,,,,,,,,,,,
2023/2/24 3:00,0.899,0.926,0.107,-4.159,,,,,,,,,,,,,
2023/2/24 4:00,0.898,0.929,0.108,-3.383,,,,,,,,,,,,,
2023/2/24 5:00,0.836,0.848,0.103,-2.888,,,,,,,,,,,,,
2023/2/24 6:00,0.709,0.69,0.094,-2.75,,,,,,,,,,,,,
2023/2/24 7:00,0.511,0.466,0.08,-3.113,,,,,,,,,,,,,
2023/2/24 8:00,0.238,0.199,0.056,-4.098,,,,,,,,,,,,,
2023/2/24 9:00,0.005,0.014,0.007,-6.323,,,,,,,,,,,,,
2023/2/24 10:00,0,0,0,-7.963,,,,,,,,,,,,,
2023/2/24 11:00,0,0,0,-8.629,,,,,,,,,,,,,
2023/2/24 12:00,0,0,0,-9.208,,,,,,,,,,,,,
2023/2/24 13:00,0,0,0,-9.794,,,,,,,,,,,,,
2023/2/24 14:00,0,0,0,-10.148,,,,,,,,,,,,,
2023/2/24 15:00,0,0,0,-10.414,,,,,,,,,,,,,
2023/2/24 16:00,0,0,0,-10.664,,,,,,,,,,,,,
2023/2/24 17:00,0,0,0,-10.855,,,,,,,,,,,,,
2023/2/24 18:00,0,0,0,-10.891,,,,,,,,,,,,,
2023/2/24 19:00,0,0,0,-10.821,,,,,,,,,,,,,
2023/2/24 20:00,0,0,0,-11.083,,,,,,,,,,,,,
2023/2/24 21:00,0,0,0,-11.269,,,,,,,,,,,,,
2023/2/24 22:00,0,0.007,0.004,-11.289,,,,,,,,,,,,,
2023/2/24 23:00,0.234,0.192,0.054,-9.04,,,,,,,,,,,,,
2023/2/25 0:00,0.495,0.439,0.082,-5.937,,,,,,,,,,,,,
2023/2/25 1:00,0.685,0.658,0.098,-2.028,,,,,,,,,,,,,
2023/2/25 2:00,0.804,0.817,0.108,0.422,,,,,,,,,,,,,
2023/2/25 3:00,0.862,0.902,0.114,1.857,,,,,,,,,,,,,
2023/2/25 4:00,0.86,0.905,0.115,2.984,,,,,,,,,,,,,
2023/2/25 5:00,0.799,0.826,0.11,3.708,,,,,,,,,,,,,
2023/2/25 6:00,0.677,0.67,0.1,3.987,,,,,,,,,,,,,
2023/2/25 7:00,0.486,0.45,0.085,3.656,,,,,,,,,,,,,
2023/2/25 8:00,0.228,0.191,0.06,1.459,,,,,,,,,,,,,
2023/2/25 9:00,0.006,0.015,0.007,-1.962,,,,,,,,,,,,,
2023/2/25 10:00,0,0,0,-2.28,,,,,,,,,,,,,
2023/2/25 11:00,0,0,0,-2.615,,,,,,,,,,,,,
2023/2/25 12:00,0,0,0,-3.584,,,,,,,,,,,,,
2023/2/25 13:00,0,0,0,-4.667,,,,,,,,,,,,,
2023/2/25 14:00,0,0,0,-5.515,,,,,,,,,,,,,
2023/2/25 15:00,0,0,0,-6.201,,,,,,,,,,,,,
2023/2/25 16:00,0,0,0,-6.839,,,,,,,,,,,,,
2023/2/25 17:00,0,0,0,-7.419,,,,,,,,,,,,,
2023/2/25 18:00,0,0,0,-7.96,,,,,,,,,,,,,
2023/2/25 19:00,0,0,0,-8.461,,,,,,,,,,,,,
2023/2/25 20:00,0,0,0,-8.92,,,,,,,,,,,,,
2023/2/25 21:00,0,0,0,-9.32,,,,,,,,,,,,,
2023/2/25 22:00,0,0.008,0.005,-9.571,,,,,,,,,,,,,
2023/2/25 23:00,0.244,0.204,0.054,-7.136,,,,,,,,,,,,,
2023/2/26 0:00,0.504,0.456,0.08,-3.728,,,,,,,,,,,,,
2023/2/26 1:00,0.693,0.678,0.096,-0.347,,,,,,,,,,,,,
2023/2/26 2:00,0.805,0.838,0.107,3.925,,,,,,,,,,,,,
2023/2/26 3:00,0.857,0.924,0.112,6.354,,,,,,,,,,,,,
2023/2/26 4:00,0.853,0.925,0.113,7.662,,,,,,,,,,,,,
2023/2/26 5:00,0.792,0.842,0.109,8.341,,,,,,,,,,,,,
2023/2/26 6:00,0.671,0.681,0.101,8.4,,,,,,,,,,,,,
2023/2/26 7:00,0.483,0.455,0.086,7.387,,,,,,,,,,,,,
2023/2/26 8:00,0.227,0.19,0.063,3.416,,,,,,,,,,,,,
2023/2/26 9:00,0.007,0.015,0.008,-0.426,,,,,,,,,,,,,
2023/2/26 10:00,0,0,0,-0.769,,,,,,,,,,,,,
2023/2/26 11:00,0,0,0,-0.573,,,,,,,,,,,,,
2023/2/26 12:00,0,0,0,-0.766,,,,,,,,,,,,,
2023/2/26 13:00,0,0,0,-1.056,,,,,,,,,,,,,
2023/2/26 14:00,0,0,0,-1.326,,,,,,,,,,,,,
2023/2/26 15:00,0,0,0,-1.205,,,,,,,,,,,,,
2023/2/26 16:00,0,0,0,-1.069,,,,,,,,,,,,,
2023/2/26 17:00,0,0,0,-1.034,,,,,,,,,,,,,
2023/2/26 18:00,0,0,0,-1.15,,,,,,,,,,,,,
2023/2/26 19:00,0,0,0,-1.345,,,,,,,,,,,,,
2023/2/26 20:00,0,0,0,-1.532,,,,,,,,,,,,,
2023/2/26 21:00,0,0,0,-1.615,,,,,,,,,,,,,
2023/2/26 22:00,0,0.002,0.005,-1.494,,,,,,,,,,,,,
2023/2/26 23:00,0.112,0.062,0.071,-0.543,,,,,,,,,,,,,
2023/2/27 0:00,0.31,0.19,0.147,1.627,,,,,,,,,,,,,
2023/2/27 1:00,0.489,0.354,0.186,4.491,,,,,,,,,,,,,
2023/2/27 2:00,0.596,0.466,0.213,7.107,,,,,,,,,,,,,
2023/2/27 3:00,0.629,0.493,0.236,8.934,,,,,,,,,,,,,
2023/2/27 4:00,0.65,0.532,0.228,10.058,,,,,,,,,,,,,
2023/2/27 5:00,0.612,0.502,0.21,10.5,,,,,,,,,,,,,
2023/2/27 6:00,0.482,0.354,0.194,10.209,,,,,,,,,,,,,
2023/2/27 7:00,0.292,0.169,0.159,8.921,,,,,,,,,,,,,
2023/2/27 8:00,0.1,0.04,0.085,6.392,,,,,,,,,,,,,
2023/2/27 9:00,0,0.003,0.008,3.603,,,,,,,,,,,,,
2023/2/27 10:00,0,0,0,2.107,,,,,,,,,,,,,
2023/2/27 11:00,0,0,0,1.184,,,,,,,,,,,,,
2023/2/27 12:00,0,0,0,0.605,,,,,,,,,,,,,
2023/2/27 13:00,0,0,0,0.247,,,,,,,,,,,,,
2023/2/27 14:00,0,0,0,0.082,,,,,,,,,,,,,
2023/2/27 15:00,0,0,0,-0.149,,,,,,,,,,,,,
2023/2/27 16:00,0,0,0,-0.601,,,,,,,,,,,,,
2023/2/27 17:00,0,0,0,-0.946,,,,,,,,,,,,,
2023/2/27 18:00,0,0,0,-1.386,,,,,,,,,,,,,
2023/2/27 19:00,0,0,0,-1.784,,,,,,,,,,,,,
2023/2/27 20:00,0,0,0,-1.618,,,,,,,,,,,,,
2023/2/27 21:00,0,0,0,-1.612,,,,,,,,,,,,,
2023/2/27 22:00,0,0.001,0.005,-1.644,,,,,,,,,,,,,
2023/2/27 23:00,0.088,0.035,0.074,-1.153,,,,,,,,,,,,,
2023/2/28 0:00,0.38,0.287,0.12,-0.126,,,,,,,,,,,,,
2023/2/28 1:00,0.644,0.601,0.116,1.142,,,,,,,,,,,,,
2023/2/28 2:00,0.789,0.795,0.119,2.298,,,,,,,,,,,,,
2023/2/28 3:00,0.864,0.907,0.119,3.044,,,,,,,,,,,,,
2023/2/28 4:00,0.869,0.917,0.118,3.424,,,,,,,,,,,,,
2023/2/28 5:00,0.812,0.84,0.113,3.525,,,,,,,,,,,,,
2023/2/28 6:00,0.692,0.684,0.103,3.273,,,,,,,,,,,,,
2023/2/28 7:00,0.502,0.462,0.088,2.552,,,,,,,,,,,,,
2023/2/28 8:00,0.242,0.2,0.064,0.999,,,,,,,,,,,,,
2023/2/28 9:00,0.013,0.021,0.01,-3.168,,,,,,,,,,,,,
2023/2/28 10:00,0,0,0,-4.417,,,,,,,,,,,,,
2023/2/28 11:00,0,0,0,-4.538,,,,,,,,,,,,,
2023/2/28 12:00,0,0,0,-4.49,,,,,,,,,,,,,
2023/2/28 13:00,0,0,0,-4.462,,,,,,,,,,,,,
2023/2/28 14:00,0,0,0,-4.461,,,,,,,,,,,,,
2023/2/28 15:00,0,0,0,-4.446,,,,,,,,,,,,,
2023/2/28 16:00,0,0,0,-3.852,,,,,,,,,,,,,
2023/2/28 17:00,0,0,0,-3.532,,,,,,,,,,,,,
2023/2/28 18:00,0,0,0,-3.252,,,,,,,,,,,,,
2023/2/28 19:00,0,0,0,-4.399,,,,,,,,,,,,,
2023/2/28 20:00,0,0,0,-5.142,,,,,,,,,,,,,
2023/2/28 21:00,0,0,0,-5.228,,,,,,,,,,,,,
2023/2/28 22:00,0,0.005,0.007,-4.618,,,,,,,,,,,,,
2023/2/28 23:00,0.119,0.063,0.075,-3.604,,,,,,,,,,,,,
2023/3/1 0:00,0.431,0.348,0.11,-2.581,,,,,,,,,,,,,
2023/3/1 1:00,0.631,0.561,0.129,-1.704,,,,,,,,,,,,,
2023/3/1 2:00,0.758,0.715,0.141,-0.77,,,,,,,,,,,,,
2023/3/1 3:00,0.844,0.841,0.137,-0.141,,,,,,,,,,,,,
2023/3/1 4:00,0.812,0.781,0.153,0.017,,,,,,,,,,,,,
2023/3/1 5:00,0.717,0.639,0.165,-0.382,,,,,,,,,,,,,
2023/3/1 6:00,0.604,0.511,0.148,-1.215,,,,,,,,,,,,,
2023/3/1 7:00,0.437,0.348,0.118,-2.065,,,,,,,,,,,,,
2023/3/1 8:00,0.202,0.142,0.079,-2.986,,,,,,,,,,,,,
2023/3/1 9:00,0.011,0.017,0.011,-4.031,,,,,,,,,,,,,
2023/3/1 10:00,0,0,0,-4.755,,,,,,,,,,,,,
2023/3/1 11:00,0,0,0,-5.222,,,,,,,,,,,,,
2023/3/1 12:00,0,0,0,-5.692,,,,,,,,,,,,,
2023/3/1 13:00,0,0,0,-6.295,,,,,,,,,,,,,
2023/3/1 14:00,0,0,0,-6.953,,,,,,,,,,,,,
2023/3/1 15:00,0,0,0,-7.42,,,,,,,,,,,,,
2023/3/1 16:00,0,0,0,-7.854,,,,,,,,,,,,,
2023/3/1 17:00,0,0,0,-8.215,,,,,,,,,,,,,
2023/3/1 18:00,0,0,0,-8.567,,,,,,,,,,,,,
2023/3/1 19:00,0,0,0,-8.823,,,,,,,,,,,,,
2023/3/1 20:00,0,0,0,-9.086,,,,,,,,,,,,,
2023/3/1 21:00,0,0,0,-9.286,,,,,,,,,,,,,
2023/3/1 22:00,0.002,0.009,0.008,-9.288,,,,,,,,,,,,,
2023/3/1 23:00,0.218,0.163,0.068,-7.4,,,,,,,,,,,,,
2023/3/2 0:00,0.471,0.399,0.098,-4.469,,,,,,,,,,,,,
2023/3/2 1:00,0.654,0.608,0.117,-0.089,,,,,,,,,,,,,
2023/3/2 2:00,0.765,0.763,0.129,4.44,,,,,,,,,,,,,
2023/3/2 3:00,0.832,0.879,0.127,7.517,,,,,,,,,,,,,
2023/3/2 4:00,0.823,0.873,0.13,9.301,,,,,,,,,,,,,
2023/3/2 5:00,0.758,0.784,0.128,10.225,,,,,,,,,,,,,
2023/3/2 6:00,0.645,0.639,0.116,10.388,,,,,,,,,,,,,
2023/3/2 7:00,0.463,0.423,0.1,9.532,,,,,,,,,,,,,
2023/3/2 8:00,0.219,0.173,0.073,5.641,,,,,,,,,,,,,
2023/3/2 9:00,0.012,0.018,0.012,1.022,,,,,,,,,,,,,
2023/3/2 10:00,0,0,0,-0.221,,,,,,,,,,,,,
2023/3/2 11:00,0,0,0,-0.635,,,,,,,,,,,,,
2023/3/2 12:00,0,0,0,-1.034,,,,,,,,,,,,,
2023/3/2 13:00,0,0,0,-1.332,,,,,,,,,,,,,
2023/3/2 14:00,0,0,0,-1.534,,,,,,,,,,,,,
2023/3/2 15:00,0,0,0,-1.741,,,,,,,,,,,,,
2023/3/2 16:00,0,0,0,-2.037,,,,,,,,,,,,,
2023/3/2 17:00,0,0,0,-2.306,,,,,,,,,,,,,
2023/3/2 18:00,0,0,0,-2.424,,,,,,,,,,,,,
2023/3/2 19:00,0,0,0,-2.537,,,,,,,,,,,,,
2023/3/2 20:00,0,0,0,-2.593,,,,,,,,,,,,,
2023/3/2 21:00,0,0,0,-2.59,,,,,,,,,,,,,
2023/3/2 22:00,0.003,0.01,0.008,-2.686,,,,,,,,,,,,,
2023/3/2 23:00,0.219,0.172,0.067,-0.547,,,,,,,,,,,,,
2023/3/3 0:00,0.465,0.407,0.1,2.324,,,,,,,,,,,,,
2023/3/3 1:00,0.648,0.621,0.117,5.414,,,,,,,,,,,,,
2023/3/3 2:00,0.76,0.776,0.13,8.362,,,,,,,,,,,,,
2023/3/3 3:00,0.815,0.858,0.136,9.856,,,,,,,,,,,,,
2023/3/3 4:00,0.813,0.859,0.138,10.62,,,,,,,,,,,,,
2023/3/3 5:00,0.755,0.777,0.134,10.931,,,,,,,,,,,,,
2023/3/3 6:00,0.626,0.602,0.129,10.662,,,,,,,,,,,,,
2023/3/3 7:00,0.444,0.388,0.112,9.484,,,,,,,,,,,,,
2023/3/3 8:00,0.206,0.151,0.081,4.953,,,,,,,,,,,,,
2023/3/3 9:00,0.011,0.015,0.013,0.6,,,,,,,,,,,,,
2023/3/3 10:00,0,0,0,-0.627,,,,,,,,,,,,,
2023/3/3 11:00,0,0,0,-1.022,,,,,,,,,,,,,
2023/3/3 12:00,0,0,0,-1.387,,,,,,,,,,,,,
2023/3/3 13:00,0,0,0,-1.599,,,,,,,,,,,,,
2023/3/3 14:00,0,0,0,-1.764,,,,,,,,,,,,,
2023/3/3 15:00,0,0,0,-1.939,,,,,,,,,,,,,
2023/3/3 16:00,0,0,0,-1.959,,,,,,,,,,,,,
2023/3/3 17:00,0,0,0,-1.891,,,,,,,,,,,,,
2023/3/3 18:00,0,0,0,-1.828,,,,,,,,,,,,,
2023/3/3 19:00,0,0,0,-1.567,,,,,,,,,,,,,
2023/3/3 20:00,0,0,0,-1.095,,,,,,,,,,,,,
2023/3/3 21:00,0,0,0,-0.86,,,,,,,,,,,,,
2023/3/3 22:00,0,0.003,0.009,-0.805,,,,,,,,,,,,,
2023/3/3 23:00,0.099,0.041,0.079,0.511,,,,,,,,,,,,,
2023/3/4 0:00,0.276,0.144,0.157,2.23,,,,,,,,,,,,,
2023/3/4 1:00,0.498,0.366,0.186,4.717,,,,,,,,,,,,,
2023/3/4 2:00,0.665,0.583,0.184,7.014,,,,,,,,,,,,,
2023/3/4 3:00,0.743,0.702,0.182,8.967,,,,,,,,,,,,,
2023/3/4 4:00,0.744,0.712,0.181,10.419,,,,,,,,,,,,,
2023/3/4 5:00,0.688,0.644,0.173,11.248,,,,,,,,,,,,,
2023/3/4 6:00,0.576,0.51,0.158,11.422,,,,,,,,,,,,,
2023/3/4 7:00,0.406,0.327,0.132,10.585,,,,,,,,,,,,,
2023/3/4 8:00,0.179,0.114,0.091,6.321,,,,,,,,,,,,,
2023/3/4 9:00,0.009,0.012,0.014,2.143,,,,,,,,,,,,,
2023/3/4 10:00,0,0,0,0.778,,,,,,,,,,,,,
2023/3/4 11:00,0,0,0,0.052,,,,,,,,,,,,,
2023/3/4 12:00,0,0,0,-0.602,,,,,,,,,,,,,
2023/3/4 13:00,0,0,0,-1.275,,,,,,,,,,,,,
2023/3/4 14:00,0,0,0,-1.644,,,,,,,,,,,,,
2023/3/4 15:00,0,0,0,-1.737,,,,,,,,,,,,,
2023/3/4 16:00,0,0,0,-1.727,,,,,,,,,,,,,
2023/3/4 17:00,0,0,0,-1.756,,,,,,,,,,,,,
2023/3/4 18:00,0,0,0,-1.836,,,,,,,,,,,,,
2023/3/4 19:00,0,0,0,-1.978,,,,,,,,,,,,,
2023/3/4 20:00,0,0,0,-2.2,,,,,,,,,,,,,
2023/3/4 21:00,0,0,0,-2.425,,,,,,,,,,,,,
2023/3/4 22:00,0.002,0.007,0.01,-2.308,,,,,,,,,,,,,
2023/3/4 23:00,0.184,0.123,0.082,0.261,,,,,,,,,,,,,
2023/3/5 0:00,0.424,0.342,0.121,3.212,,,,,,,,,,,,,
2023/3/5 1:00,0.608,0.553,0.141,7.197,,,,,,,,,,,,,
2023/3/5 2:00,0.72,0.707,0.154,10.917,,,,,,,,,,,,,
2023/3/5 3:00,0.741,0.726,0.177,13.217,,,,,,,,,,,,,
2023/3/5 4:00,0.735,0.721,0.18,14.453,,,,,,,,,,,,,
2023/3/5 5:00,0.673,0.636,0.177,14.972,,,,,,,,,,,,,
2023/3/5 6:00,0.483,0.365,0.196,14.537,,,,,,,,,,,,,
2023/3/5 7:00,0.308,0.189,0.164,13.304,,,,,,,,,,,,,
2023/3/5 8:00,0.119,0.051,0.096,10.382,,,,,,,,,,,,,
2023/3/5 9:00,0.004,0.006,0.014,6.477,,,,,,,,,,,,,
2023/3/5 10:00,0,0,0,4.912,,,,,,,,,,,,,
2023/3/5 11:00,0,0,0,3.896,,,,,,,,,,,,,
2023/3/5 12:00,0,0,0,2.656,,,,,,,,,,,,,
2023/3/5 13:00,0,0,0,1.44,,,,,,,,,,,,,
2023/3/5 14:00,0,0,0,0.309,,,,,,,,,,,,,
2023/3/5 15:00,0,0,0,-0.628,,,,,,,,,,,,,
2023/3/5 16:00,0,0,0,-1.387,,,,,,,,,,,,,
2023/3/5 17:00,0,0,0,-1.788,,,,,,,,,,,,,
2023/3/5 18:00,0,0,0,-1.975,,,,,,,,,,,,,
2023/3/5 19:00,0,0,0,-2.092,,,,,,,,,,,,,
2023/3/5 20:00,0,0,0,-2.111,,,,,,,,,,,,,
2023/3/5 21:00,0,0,0,-2.077,,,,,,,,,,,,,
2023/3/5 22:00,0.005,0.009,0.011,-1.785,,,,,,,,,,,,,
2023/3/5 23:00,0.184,0.123,0.084,1.401,,,,,,,,,,,,,
2023/3/6 0:00,0.419,0.342,0.117,4.345,,,,,,,,,,,,,
2023/3/6 1:00,0.63,0.598,0.124,7.221,,,,,,,,,,,,,
2023/3/6 2:00,0.751,0.763,0.134,9.239,,,,,,,,,,,,,
2023/3/6 3:00,0.815,0.865,0.136,10.799,,,,,,,,,,,,,
2023/3/6 4:00,0.819,0.88,0.133,12.015,,,,,,,,,,,,,
2023/3/6 5:00,0.767,0.812,0.126,12.753,,,,,,,,,,,,,
2023/3/6 6:00,0.652,0.659,0.117,12.938,,,,,,,,,,,,,
2023/3/6 7:00,0.48,0.454,0.099,12.55,,,,,,,,,,,,,
2023/3/6 8:00,0.245,0.205,0.074,10.347,,,,,,,,,,,,,
2023/3/6 9:00,0.025,0.031,0.015,6.382,,,,,,,,,,,,,
2023/3/6 10:00,0,0,0,4.917,,,,,,,,,,,,,
2023/3/6 11:00,0,0,0,3.439,,,,,,,,,,,,,
2023/3/6 12:00,0,0,0,1.715,,,,,,,,,,,,,
2023/3/6 13:00,0,0,0,0.472,,,,,,,,,,,,,
2023/3/6 14:00,0,0,0,-0.079,,,,,,,,,,,,,
2023/3/6 15:00,0,0,0,-0.061,,,,,,,,,,,,,
2023/3/6 16:00,0,0,0,0.198,,,,,,,,,,,,,
2023/3/6 17:00,0,0,0,0.495,,,,,,,,,,,,,
2023/3/6 18:00,0,0,0,0.579,,,,,,,,,,,,,
2023/3/6 19:00,0,0,0,0.539,,,,,,,,,,,,,
2023/3/6 20:00,0,0,0,0.422,,,,,,,,,,,,,
2023/3/6 21:00,0,0,0,0.428,,,,,,,,,,,,,
2023/3/6 22:00,0.004,0.009,0.012,0.752,,,,,,,,,,,,,
2023/3/6 23:00,0.17,0.109,0.084,2.812,,,,,,,,,,,,,
2023/3/7 0:00,0.361,0.253,0.146,5.964,,,,,,,,,,,,,
2023/3/7 1:00,0.509,0.395,0.185,9.92,,,,,,,,,,,,,
2023/3/7 2:00,0.611,0.513,0.208,13.437,,,,,,,,,,,,,
2023/3/7 3:00,0.709,0.677,0.194,16.119,,,,,,,,,,,,,
2023/3/7 4:00,0.736,0.744,0.178,17.957,,,,,,,,,,,,,
2023/3/7 5:00,0.682,0.675,0.171,18.951,,,,,,,,,,,,,
2023/3/7 6:00,0.53,0.459,0.177,19.124,,,,,,,,,,,,,
2023/3/7 7:00,0.308,0.194,0.168,18.146,,,,,,,,,,,,,
2023/3/7 8:00,0.1,0.033,0.095,14.673,,,,,,,,,,,,,
2023/3/7 9:00,0.002,0.004,0.014,10.298,,,,,,,,,,,,,
2023/3/7 10:00,0,0,0,8.007,,,,,,,,,,,,,
2023/3/7 11:00,0,0,0,6.634,,,,,,,,,,,,,
2023/3/7 12:00,0,0,0,5.443,,,,,,,,,,,,,
2023/3/7 13:00,0,0,0,4.467,,,,,,,,,,,,,
2023/3/7 14:00,0,0,0,3.512,,,,,,,,,,,,,
2023/3/7 15:00,0,0,0,2.361,,,,,,,,,,,,,
2023/3/7 16:00,0,0,0,0.979,,,,,,,,,,,,,
2023/3/7 17:00,0,0,0,-0.683,,,,,,,,,,,,,
2023/3/7 18:00,0,0,0,-2.372,,,,,,,,,,,,,
2023/3/7 19:00,0,0,0,-3.572,,,,,,,,,,,,,
2023/3/7 20:00,0,0,0,-4.296,,,,,,,,,,,,,
2023/3/7 21:00,0,0,0,-4.694,,,,,,,,,,,,,
2023/3/7 22:00,0.015,0.02,0.013,-4.537,,,,,,,,,,,,,
2023/3/7 23:00,0.255,0.202,0.072,-2.228,,,,,,,,,,,,,
2023/3/8 0:00,0.501,0.442,0.101,0.147,,,,,,,,,,,,,
2023/3/8 1:00,0.683,0.651,0.12,2.399,,,,,,,,,,,,,
2023/3/8 2:00,0.796,0.801,0.134,4.398,,,,,,,,,,,,,
2023/3/8 3:00,0.837,0.856,0.148,6.068,,,,,,,,,,,,,
2023/3/8 4:00,0.78,0.754,0.176,7.504,,,,,,,,,,,,,
2023/3/8 5:00,0.613,0.484,0.223,8.665,,,,,,,,,,,,,
2023/3/8 6:00,0.346,0.152,0.236,9.298,,,,,,,,,,,,,
2023/3/8 7:00,0.21,0.07,0.171,9.624,,,,,,,,,,,,,
2023/3/8 8:00,0.15,0.075,0.103,8.983,,,,,,,,,,,,,
2023/3/8 9:00,0.007,0.005,0.019,5.775,,,,,,,,,,,,,
2023/3/8 10:00,0,0,0,5.537,,,,,,,,,,,,,
2023/3/8 11:00,0,0,0,5.206,,,,,,,,,,,,,
2023/3/8 12:00,0,0,0,4.413,,,,,,,,,,,,,
2023/3/8 13:00,0,0,0,3.504,,,,,,,,,,,,,
2023/3/8 14:00,0,0,0,2.655,,,,,,,,,,,,,
2023/3/8 15:00,0,0,0,2.017,,,,,,,,,,,,,
2023/3/8 16:00,0,0,0,0.362,,,,,,,,,,,,,
2023/3/8 17:00,0,0,0,-1.133,,,,,,,,,,,,,
2023/3/8 18:00,0,0,0,-1.819,,,,,,,,,,,,,
2023/3/8 19:00,0,0,0,-1.251,,,,,,,,,,,,,
2023/3/8 20:00,0,0,0,-0.06,,,,,,,,,,,,,
2023/3/8 21:00,0,0,0,-0.547,,,,,,,,,,,,,
2023/3/8 22:00,0.01,0.012,0.014,-0.99,,,,,,,,,,,,,
2023/3/8 23:00,0.212,0.151,0.084,2.542,,,,,,,,,,,,,
2023/3/9 0:00,0.458,0.398,0.11,5.915,,,,,,,,,,,,,
2023/3/9 1:00,0.626,0.598,0.131,9.931,,,,,,,,,,,,,
2023/3/9 2:00,0.726,0.735,0.147,13.492,,,,,,,,,,,,,
2023/3/9 3:00,0.772,0.808,0.156,15.746,,,,,,,,,,,,,
2023/3/9 4:00,0.762,0.799,0.16,17.594,,,,,,,,,,,,,
2023/3/9 5:00,0.7,0.715,0.157,18.842,,,,,,,,,,,,,
2023/3/9 6:00,0.593,0.578,0.144,19.339,,,,,,,,,,,,,
2023/3/9 7:00,0.42,0.369,0.127,18.924,,,,,,,,,,,,,
2023/3/9 8:00,0.204,0.147,0.094,15.586,,,,,,,,,,,,,
2023/3/9 9:00,0.017,0.014,0.024,11.614,,,,,,,,,,,,,
2023/3/9 10:00,0,0,0,10.308,,,,,,,,,,,,,
2023/3/9 11:00,0,0,0,9.725,,,,,,,,,,,,,
2023/3/9 12:00,0,0,0,8.773,,,,,,,,,,,,,
2023/3/9 13:00,0,0,0,6.857,,,,,,,,,,,,,
2023/3/9 14:00,0,0,0,4.745,,,,,,,,,,,,,
2023/3/9 15:00,0,0,0,3.505,,,,,,,,,,,,,
2023/3/9 16:00,0,0,0,2.976,,,,,,,,,,,,,
2023/3/9 17:00,0,0,0,2.65,,,,,,,,,,,,,
2023/3/9 18:00,0,0,0,2.311,,,,,,,,,,,,,
2023/3/9 19:00,0,0,0,2.011,,,,,,,,,,,,,
2023/3/9 20:00,0,0,0,1.864,,,,,,,,,,,,,
2023/3/9 21:00,0,0,0,1.716,,,,,,,,,,,,,
2023/3/9 22:00,0.007,0.009,0.015,1.882,,,,,,,,,,,,,
2023/3/9 23:00,0.17,0.103,0.092,4.629,,,,,,,,,,,,,
2023/3/10 0:00,0.403,0.316,0.135,8.261,,,,,,,,,,,,,
2023/3/10 1:00,0.597,0.556,0.147,13.372,,,,,,,,,,,,,
2023/3/10 2:00,0.707,0.718,0.157,17.488,,,,,,,,,,,,,
2023/3/10 3:00,0.743,0.766,0.173,19.349,,,,,,,,,,,,,
2023/3/10 4:00,0.737,0.753,0.178,19.513,,,,,,,,,,,,,
2023/3/10 5:00,0.689,0.683,0.172,18.641,,,,,,,,,,,,,
2023/3/10 6:00,0.575,0.524,0.164,17.158,,,,,,,,,,,,,
2023/3/10 7:00,0.415,0.342,0.139,15.254,,,,,,,,,,,,,
2023/3/10 8:00,0.216,0.155,0.096,12.842,,,,,,,,,,,,,
2023/3/10 9:00,0.025,0.02,0.026,9.398,,,,,,,,,,,,,
2023/3/10 10:00,0,0,0,6.039,,,,,,,,,,,,,
2023/3/10 11:00,0,0,0,3.795,,,,,,,,,,,,,
2023/3/10 12:00,0,0,0,2.104,,,,,,,,,,,,,
2023/3/10 13:00,0,0,0,1.063,,,,,,,,,,,,,
2023/3/10 14:00,0,0,0,0.456,,,,,,,,,,,,,
2023/3/10 15:00,0,0,0,-0.172,,,,,,,,,,,,,
2023/3/10 16:00,0,0,0,-0.872,,,,,,,,,,,,,
2023/3/10 17:00,0,0,0,-1.585,,,,,,,,,,,,,
2023/3/10 18:00,0,0,0,-2.212,,,,,,,,,,,,,
2023/3/10 19:00,0,0,0,-2.711,,,,,,,,,,,,,
2023/3/10 20:00,0,0,0,-3.208,,,,,,,,,,,,,
2023/3/10 21:00,0,0,0,-3.541,,,,,,,,,,,,,
2023/3/10 22:00,0,0.001,0.01,-3.521,,,,,,,,,,,,,
2023/3/10 23:00,0.058,0.01,0.068,-2.692,,,,,,,,,,,,,
2023/3/11 0:00,0.151,0.024,0.147,-1.744,,,,,,,,,,,,,
2023/3/11 1:00,0.292,0.076,0.238,-0.613,,,,,,,,,,,,,
2023/3/11 2:00,0.394,0.129,0.294,0.546,,,,,,,,,,,,,
2023/3/11 3:00,0.444,0.159,0.322,1.458,,,,,,,,,,,,,
2023/3/11 4:00,0.443,0.157,0.324,2.112,,,,,,,,,,,,,
2023/3/11 5:00,0.389,0.124,0.299,2.499,,,,,,,,,,,,,
2023/3/11 6:00,0.296,0.076,0.246,2.557,,,,,,,,,,,,,
2023/3/11 7:00,0.205,0.048,0.18,2.303,,,,,,,,,,,,,
2023/3/11 8:00,0.115,0.03,0.108,1.571,,,,,,,,,,,,,
2023/3/11 9:00,0.018,0.009,0.028,-1.394,,,,,,,,,,,,,
2023/3/11 10:00,0,0,0,-3.776,,,,,,,,,,,,,
2023/3/11 11:00,0,0,0,-3.8,,,,,,,,,,,,,
2023/3/11 12:00,0,0,0,-2.971,,,,,,,,,,,,,
2023/3/11 13:00,0,0,0,-2.836,,,,,,,,,,,,,
2023/3/11 14:00,0,0,0,-3.371,,,,,,,,,,,,,
2023/3/11 15:00,0,0,0,-3.92,,,,,,,,,,,,,
2023/3/11 16:00,0,0,0,-4.21,,,,,,,,,,,,,
2023/3/11 17:00,0,0,0,-4.424,,,,,,,,,,,,,
2023/3/11 18:00,0,0,0,-4.795,,,,,,,,,,,,,
2023/3/11 19:00,0,0,0,-5.656,,,,,,,,,,,,,
2023/3/11 20:00,0,0,0,-6.685,,,,,,,,,,,,,
2023/3/11 21:00,0,0,0,-7.114,,,,,,,,,,,,,
2023/3/11 22:00,0.029,0.031,0.017,-7.07,,,,,,,,,,,,,
2023/3/11 23:00,0.287,0.222,0.08,-5.478,,,,,,,,,,,,,
2023/3/12 0:00,0.552,0.503,0.085,-4.17,,,,,,,,,,,,,
2023/3/12 1:00,0.732,0.707,0.105,-3.176,,,,,,,,,,,,,
2023/3/12 2:00,0.841,0.84,0.121,-2.4,,,,,,,,,,,,,
2023/3/12 3:00,0.9,0.929,0.126,-1.837,,,,,,,,,,,,,
2023/3/12 4:00,0.9,0.95,0.123,-1.452,,,,,,,,,,,,,
2023/3/12 5:00,0.863,0.883,0.116,-1.156,,,,,,,,,,,,,
2023/3/12 6:00,0.745,0.732,0.106,-1.003,,,,,,,,,,,,,
2023/3/12 7:00,0.562,0.519,0.091,-1.088,,,,,,,,,,,,,
2023/3/12 8:00,0.313,0.264,0.07,-1.61,,,,,,,,,,,,,
2023/3/12 9:00,0.05,0.042,0.027,-3.689,,,,,,,,,,,,,
2023/3/12 10:00,0,0,0,-5.797,,,,,,,,,,,,,
2023/3/12 11:00,0,0,0,-5.855,,,,,,,,,,,,,
2023/3/12 12:00,0,0,0,-5.537,,,,,,,,,,,,,
2023/3/12 13:00,0,0,0,-5.105,,,,,,,,,,,,,
2023/3/12 14:00,0,0,0,-5.371,,,,,,,,,,,,,
2023/3/12 15:00,0,0,0,-5.714,,,,,,,,,,,,,
2023/3/12 16:00,0,0,0,-5.55,,,,,,,,,,,,,
2023/3/12 17:00,0,0,0,-5.324,,,,,,,,,,,,,
2023/3/12 18:00,0,0,0,-5.127,,,,,,,,,,,,,
2023/3/12 19:00,0,0,0,-4.94,,,,,,,,,,,,,
2023/3/12 20:00,0,0,0,-4.473,,,,,,,,,,,,,
2023/3/12 21:00,0,0,0,-3.847,,,,,,,,,,,,,
2023/3/12 22:00,0,0.002,0.013,-3.446,,,,,,,,,,,,,
2023/3/12 23:00,0.062,0.011,0.071,-2.459,,,,,,,,,,,,,
2023/3/13 0:00,0.127,0.014,0.134,-0.761,,,,,,,,,,,,,
2023/3/13 1:00,0.188,0.021,0.189,1.376,,,,,,,,,,,,,
2023/3/13 2:00,0.237,0.029,0.233,3.368,,,,,,,,,,,,,
2023/3/13 3:00,0.384,0.1,0.323,5.548,,,,,,,,,,,,,
2023/3/13 4:00,0.477,0.195,0.34,7.645,,,,,,,,,,,,,
2023/3/13 5:00,0.455,0.196,0.317,9.153,,,,,,,,,,,,,
2023/3/13 6:00,0.329,0.103,0.267,9.51,,,,,,,,,,,,,
2023/3/13 7:00,0.195,0.04,0.184,8.081,,,,,,,,,,,,,
2023/3/13 8:00,0.172,0.073,0.125,5.7,,,,,,,,,,,,,
2023/3/13 9:00,0.026,0.012,0.033,2.164,,,,,,,,,,,,,
2023/3/13 10:00,0,0,0,-0.264,,,,,,,,,,,,,
2023/3/13 11:00,0,0,0,-1.969,,,,,,,,,,,,,
2023/3/13 12:00,0,0,0,-3.185,,,,,,,,,,,,,
2023/3/13 13:00,0,0,0,-3.96,,,,,,,,,,,,,
2023/3/13 14:00,0,0,0,-4.281,,,,,,,,,,,,,
2023/3/13 15:00,0,0,0,-4.198,,,,,,,,,,,,,
2023/3/13 16:00,0,0,0,-3.865,,,,,,,,,,,,,
2023/3/13 17:00,0,0,0,-3.663,,,,,,,,,,,,,
2023/3/13 18:00,0,0,0,-3.585,,,,,,,,,,,,,
2023/3/13 19:00,0,0,0,-3.535,,,,,,,,,,,,,
2023/3/13 20:00,0,0,0,-3.526,,,,,,,,,,,,,
2023/3/13 21:00,0,0,0,-3.68,,,,,,,,,,,,,
2023/3/13 22:00,0.002,0.002,0.015,-3.786,,,,,,,,,,,,,
2023/3/13 23:00,0.088,0.015,0.093,-3.207,,,,,,,,,,,,,
2023/3/14 0:00,0.302,0.141,0.182,-1.906,,,,,,,,,,,,,
2023/3/14 1:00,0.451,0.251,0.235,-0.104,,,,,,,,,,,,,
2023/3/14 2:00,0.513,0.282,0.28,1.947,,,,,,,,,,,,,
2023/3/14 3:00,0.47,0.202,0.315,4.079,,,,,,,,,,,,,
2023/3/14 4:00,0.425,0.155,0.315,6.022,,,,,,,,,,,,,
2023/3/14 5:00,0.365,0.116,0.289,7.333,,,,,,,,,,,,,
2023/3/14 6:00,0.42,0.222,0.249,8.248,,,,,,,,,,,,,
2023/3/14 7:00,0.392,0.266,0.17,7.467,,,,,,,,,,,,,
2023/3/14 8:00,0.275,0.211,0.093,5.075,,,,,,,,,,,,,
2023/3/14 9:00,0.041,0.027,0.034,2.104,,,,,,,,,,,,,
2023/3/14 10:00,0,0,0,-0.175,,,,,,,,,,,,,
2023/3/14 11:00,0,0,0,-1.237,,,,,,,,,,,,,
2023/3/14 12:00,0,0,0,-2.043,,,,,,,,,,,,,
2023/3/14 13:00,0,0,0,-2.701,,,,,,,,,,,,,
2023/3/14 14:00,0,0,0,-3.267,,,,,,,,,,,,,
2023/3/14 15:00,0,0,0,-3.71,,,,,,,,,,,,,
2023/3/14 16:00,0,0,0,-4.043,,,,,,,,,,,,,
2023/3/14 17:00,0,0,0,-4.35,,,,,,,,,,,,,
2023/3/14 18:00,0,0,0,-4.708,,,,,,,,,,,,,
2023/3/14 19:00,0,0,0,-5.105,,,,,,,,,,,,,
2023/3/14 20:00,0,0,0,-5.474,,,,,,,,,,,,,
2023/3/14 21:00,0,0,0,-5.811,,,,,,,,,,,,,
2023/3/14 22:00,0.039,0.04,0.018,-5.947,,,,,,,,,,,,,
2023/3/14 23:00,0.301,0.242,0.075,-5.008,,,,,,,,,,,,,
2023/3/15 0:00,0.562,0.523,0.08,-3.705,,,,,,,,,,,,,
2023/3/15 1:00,0.748,0.741,0.094,-2.423,,,,,,,,,,,,,
2023/3/15 2:00,0.865,0.896,0.105,-1.273,,,,,,,,,,,,,
2023/3/15 3:00,0.9,0.978,0.112,-0.376,,,,,,,,,,,,,
2023/3/15 4:00,0.9,0.974,0.114,0.111,,,,,,,,,,,,,
2023/3/15 5:00,0.86,0.893,0.111,0.281,,,,,,,,,,,,,
2023/3/15 6:00,0.735,0.725,0.105,0.131,,,,,,,,,,,,,
2023/3/15 7:00,0.553,0.51,0.092,-0.377,,,,,,,,,,,,,
2023/3/15 8:00,0.309,0.259,0.073,-1.26,,,,,,,,,,,,,
2023/3/15 9:00,0.055,0.044,0.031,-2.501,,,,,,,,,,,,,
2023/3/15 10:00,0,0,0,-3.576,,,,,,,,,,,,,
2023/3/15 11:00,0,0,0,-3.97,,,,,,,,,,,,,
2023/3/15 12:00,0,0,0,-4.496,,,,,,,,,,,,,
2023/3/15 13:00,0,0,0,-5.011,,,,,,,,,,,,,
2023/3/15 14:00,0,0,0,-5.426,,,,,,,,,,,,,
2023/3/15 15:00,0,0,0,-5.74,,,,,,,,,,,,,
2023/3/15 16:00,0,0,0,-6.253,,,,,,,,,,,,,
2023/3/15 17:00,0,0,0,-6.849,,,,,,,,,,,,,
2023/3/15 18:00,0,0,0,-7.453,,,,,,,,,,,,,
2023/3/15 19:00,0,0,0,-8.139,,,,,,,,,,,,,
2023/3/15 20:00,0,0,0,-8.783,,,,,,,,,,,,,
2023/3/15 21:00,0,0,0,-9.272,,,,,,,,,,,,,
2023/3/15 22:00,0.043,0.045,0.016,-9.008,,,,,,,,,,,,,
2023/3/15 23:00,0.309,0.26,0.063,-6.616,,,,,,,,,,,,,
2023/3/16 0:00,0.556,0.508,0.087,-3.739,,,,,,,,,,,,,
2023/3/16 1:00,0.739,0.725,0.102,-1.593,,,,,,,,,,,,,
2023/3/16 2:00,0.855,0.883,0.113,0.329,,,,,,,,,,,,,
2023/3/16 3:00,0.9,0.965,0.12,1.767,,,,,,,,,,,,,
2023/3/16 4:00,0.9,0.969,0.121,2.805,,,,,,,,,,,,,
2023/3/16 5:00,0.848,0.89,0.117,3.598,,,,,,,,,,,,,
2023/3/16 6:00,0.733,0.738,0.107,4.039,,,,,,,,,,,,,
2023/3/16 7:00,0.554,0.522,0.093,3.928,,,,,,,,,,,,,
2023/3/16 8:00,0.307,0.259,0.076,2.923,,,,,,,,,,,,,
2023/3/16 9:00,0.053,0.039,0.034,-0.831,,,,,,,,,,,,,
2023/3/16 10:00,0,0,0,-2.128,,,,,,,,,,,,,
2023/3/16 11:00,0,0,0,-1.744,,,,,,,,,,,,,
2023/3/16 12:00,0,0,0,-1.727,,,,,,,,,,,,,
2023/3/16 13:00,0,0,0,-2.201,,,,,,,,,,,,,
2023/3/16 14:00,0,0,0,-2.597,,,,,,,,,,,,,
2023/3/16 15:00,0,0,0,-2.838,,,,,,,,,,,,,
2023/3/16 16:00,0,0,0,-2.738,,,,,,,,,,,,,
2023/3/16 17:00,0,0,0,-2.685,,,,,,,,,,,,,
2023/3/16 18:00,0,0,0,-2.956,,,,,,,,,,,,,
2023/3/16 19:00,0,0,0,-3.359,,,,,,,,,,,,,
2023/3/16 20:00,0,0,0,-3.573,,,,,,,,,,,,,
2023/3/16 21:00,0,0,0,-3.9,,,,,,,,,,,,,
2023/3/16 22:00,0.011,0.007,0.022,-3.818,,,,,,,,,,,,,
2023/3/16 23:00,0.126,0.043,0.102,-2.614,,,,,,,,,,,,,
2023/3/17 0:00,0.34,0.186,0.179,-0.42,,,,,,,,,,,,,
2023/3/17 1:00,0.526,0.365,0.211,1.977,,,,,,,,,,,,,
2023/3/17 2:00,0.634,0.478,0.236,3.578,,,,,,,,,,,,,
2023/3/17 3:00,0.699,0.558,0.244,4.656,,,,,,,,,,,,,
2023/3/17 4:00,0.681,0.528,0.254,5.237,,,,,,,,,,,,,
2023/3/17 5:00,0.628,0.47,0.244,5.588,,,,,,,,,,,,,
2023/3/17 6:00,0.567,0.436,0.202,5.785,,,,,,,,,,,,,
2023/3/17 7:00,0.428,0.311,0.162,5.58,,,,,,,,,,,,,
2023/3/17 8:00,0.23,0.143,0.114,4.49,,,,,,,,,,,,,
2023/3/17 9:00,0.039,0.02,0.039,2.163,,,,,,,,,,,,,
2023/3/17 10:00,0,0,0,1.174,,,,,,,,,,,,,
2023/3/17 11:00,0,0,0,0.76,,,,,,,,,,,,,
2023/3/17 12:00,0,0,0,0.455,,,,,,,,,,,,,
2023/3/17 13:00,0,0,0,0.052,,,,,,,,,,,,,
2023/3/17 14:00,0,0,0,-0.719,,,,,,,,,,,,,
2023/3/17 15:00,0,0,0,-2.046,,,,,,,,,,,,,
2023/3/17 16:00,0,0,0,-2.78,,,,,,,,,,,,,
2023/3/17 17:00,0,0,0,-3.092,,,,,,,,,,,,,
2023/3/17 18:00,0,0,0,-3.368,,,,,,,,,,,,,
2023/3/17 19:00,0,0,0,-3.592,,,,,,,,,,,,,
2023/3/17 20:00,0,0,0,-3.709,,,,,,,,,,,,,
2023/3/17 21:00,0,0,0,-3.732,,,,,,,,,,,,,
2023/3/17 22:00,0.045,0.044,0.021,-2.957,,,,,,,,,,,,,
2023/3/17 23:00,0.293,0.236,0.079,-0.374,,,,,,,,,,,,,
2023/3/18 0:00,0.534,0.498,0.092,3.208,,,,,,,,,,,,,
2023/3/18 1:00,0.707,0.713,0.108,6.233,,,,,,,,,,,,,
2023/3/18 2:00,0.818,0.871,0.118,8.234,,,,,,,,,,,,,
2023/3/18 3:00,0.873,0.96,0.123,9.805,,,,,,,,,,,,,
2023/3/18 4:00,0.871,0.965,0.124,10.978,,,,,,,,,,,,,
2023/3/18 5:00,0.816,0.888,0.119,11.707,,,,,,,,,,,,,
2023/3/18 6:00,0.704,0.733,0.111,11.883,,,,,,,,,,,,,
2023/3/18 7:00,0.536,0.522,0.096,11.377,,,,,,,,,,,,,
2023/3/18 8:00,0.312,0.274,0.075,8.293,,,,,,,,,,,,,
2023/3/18 9:00,0.065,0.052,0.036,4.338,,,,,,,,,,,,,
2023/3/18 10:00,0,0,0,3.305,,,,,,,,,,,,,
2023/3/18 11:00,0,0,0,2.417,,,,,,,,,,,,,
2023/3/18 12:00,0,0,0,0.608,,,,,,,,,,,,,
2023/3/18 13:00,0,0,0,-0.771,,,,,,,,,,,,,
2023/3/18 14:00,0,0,0,-1.251,,,,,,,,,,,,,
2023/3/18 15:00,0,0,0,-1.533,,,,,,,,,,,,,
2023/3/18 16:00,0,0,0,-1.876,,,,,,,,,,,,,
2023/3/18 17:00,0,0,0,-2.167,,,,,,,,,,,,,
2023/3/18 18:00,0,0,0,-2.378,,,,,,,,,,,,,
2023/3/18 19:00,0,0,0,-2.541,,,,,,,,,,,,,
2023/3/18 20:00,0,0,0,-2.678,,,,,,,,,,,,,
2023/3/18 21:00,0,0,0,-2.74,,,,,,,,,,,,,
2023/3/18 22:00,0.039,0.035,0.023,-1.789,,,,,,,,,,,,,
2023/3/18 23:00,0.254,0.191,0.087,1.829,,,,,,,,,,,,,
2023/3/19 0:00,0.479,0.409,0.121,4.793,,,,,,,,,,,,,
2023/3/19 1:00,0.658,0.632,0.134,8.852,,,,,,,,,,,,,
2023/3/19 2:00,0.783,0.813,0.138,10.908,,,,,,,,,,,,,
2023/3/19 3:00,0.85,0.927,0.137,12.296,,,,,,,,,,,,,
2023/3/19 4:00,0.857,0.95,0.133,13.341,,,,,,,,,,,,,
2023/3/19 5:00,0.806,0.878,0.128,13.912,,,,,,,,,,,,,
2023/3/19 6:00,0.697,0.724,0.118,13.96,,,,,,,,,,,,,
2023/3/19 7:00,0.527,0.508,0.105,13.449,,,,,,,,,,,,,
2023/3/19 8:00,0.301,0.258,0.084,11.521,,,,,,,,,,,,,
2023/3/19 9:00,0.061,0.044,0.04,6.092,,,,,,,,,,,,,
2023/3/19 10:00,0,0,0,2.839,,,,,,,,,,,,,
2023/3/19 11:00,0,0,0,2.537,,,,,,,,,,,,,
2023/3/19 12:00,0,0,0,2.522,,,,,,,,,,,,,
2023/3/19 13:00,0,0,0,1.819,,,,,,,,,,,,,
2023/3/19 14:00,0,0,0,1.15,,,,,,,,,,,,,
2023/3/19 15:00,0,0,0,0.457,,,,,,,,,,,,,
2023/3/19 16:00,0,0,0,-0.188,,,,,,,,,,,,,
2023/3/19 17:00,0,0,0,-0.505,,,,,,,,,,,,,
2023/3/19 18:00,0,0,0,-0.314,,,,,,,,,,,,,
2023/3/19 19:00,0,0,0,-0.177,,,,,,,,,,,,,
2023/3/19 20:00,0,0,0,-0.019,,,,,,,,,,,,,
2023/3/19 21:00,0,0,0,0.106,,,,,,,,,,,,,
2023/3/19 22:00,0.006,0.003,0.02,0.49,,,,,,,,,,,,,
2023/3/19 23:00,0.143,0.053,0.112,2.333,,,,,,,,,,,,,
2023/3/20 0:00,0.423,0.316,0.151,5.382,,,,,,,,,,,,,
2023/3/20 1:00,0.644,0.602,0.147,9.249,,,,,,,,,,,,,
2023/3/20 2:00,0.773,0.795,0.148,11.876,,,,,,,,,,,,,
2023/3/20 3:00,0.83,0.889,0.151,13.598,,,,,,,,,,,,,
2023/3/20 4:00,0.832,0.903,0.149,14.805,,,,,,,,,,,,,
2023/3/20 5:00,0.782,0.834,0.143,15.471,,,,,,,,,,,,,
2023/3/20 6:00,0.67,0.678,0.135,15.612,,,,,,,,,,,,,
2023/3/20 7:00,0.507,0.476,0.117,15.232,,,,,,,,,,,,,
2023/3/20 8:00,0.289,0.24,0.093,13.795,,,,,,,,,,,,,
2023/3/20 9:00,0.06,0.04,0.044,8.69,,,,,,,,,,,,,
2023/3/20 10:00,0,0,0,5.352,,,,,,,,,,,,,
2023/3/20 11:00,0,0,0,4.258,,,,,,,,,,,,,
2023/3/20 12:00,0,0,0,3.555,,,,,,,,,,,,,
2023/3/20 13:00,0,0,0,3.259,,,,,,,,,,,,,
2023/3/20 14:00,0,0,0,2.974,,,,,,,,,,,,,
2023/3/20 15:00,0,0,0,2.391,,,,,,,,,,,,,
2023/3/20 16:00,0,0,0,1.567,,,,,,,,,,,,,
2023/3/20 17:00,0,0,0,0.87,,,,,,,,,,,,,
2023/3/20 18:00,0,0,0,0.297,,,,,,,,,,,,,
2023/3/20 19:00,0,0,0,0.454,,,,,,,,,,,,,
2023/3/20 20:00,0,0,0,0.99,,,,,,,,,,,,,
2023/3/20 21:00,0,0,0,1.416,,,,,,,,,,,,,
2023/3/20 22:00,0,0.001,0.014,1.922,,,,,,,,,,,,,
2023/3/20 23:00,0.072,0.011,0.083,3.715,,,,,,,,,,,,,
2023/3/21 0:00,0.163,0.025,0.164,6.01,,,,,,,,,,,,,
2023/3/21 1:00,0.266,0.056,0.243,8.458,,,,,,,,,,,,,
2023/3/21 2:00,0.501,0.265,0.309,11.313,,,,,,,,,,,,,
2023/3/21 3:00,0.696,0.58,0.26,13.783,,,,,,,,,,,,,
2023/3/21 4:00,0.671,0.536,0.276,15.068,,,,,,,,,,,,,
2023/3/21 5:00,0.52,0.301,0.309,15.035,,,,,,,,,,,,,
2023/3/21 6:00,0.348,0.122,0.277,14.23,,,,,,,,,,,,,
2023/3/21 7:00,0.278,0.104,0.216,13.323,,,,,,,,,,,,,
2023/3/21 8:00,0.156,0.051,0.135,11.983,,,,,,,,,,,,,
2023/3/21 9:00,0.023,0.005,0.039,9.811,,,,,,,,,,,,,
2023/3/21 10:00,0,0,0,7.884,,,,,,,,,,,,,
2023/3/21 11:00,0,0,0,7.48,,,,,,,,,,,,,
2023/3/21 12:00,0,0,0,7.324,,,,,,,,,,,,,
2023/3/21 13:00,0,0,0,7.244,,,,,,,,,,,,,
2023/3/21 14:00,0,0,0,7.227,,,,,,,,,,,,,
2023/3/21 15:00,0,0,0,7.105,,,,,,,,,,,,,
2023/3/21 16:00,0,0,0,6.701,,,,,,,,,,,,,
2023/3/21 17:00,0,0,0,6.016,,,,,,,,,,,,,
2023/3/21 18:00,0,0,0,4.73,,,,,,,,,,,,,
2023/3/21 19:00,0,0,0,2.1,,,,,,,,,,,,,
2023/3/21 20:00,0,0,0,-0.756,,,,,,,,,,,,,
2023/3/21 21:00,0,0,0,-2.718,,,,,,,,,,,,,
2023/3/21 22:00,0.06,0.055,0.026,-3.024,,,,,,,,,,,,,
2023/3/21 23:00,0.317,0.254,0.086,-1.135,,,,,,,,,,,,,
2023/3/22 0:00,0.568,0.538,0.086,1.425,,,,,,,,,,,,,
2023/3/22 1:00,0.741,0.757,0.101,4.169,,,,,,,,,,,,,
2023/3/22 2:00,0.849,0.913,0.113,6.493,,,,,,,,,,,,,
2023/3/22 3:00,0.898,0.993,0.119,8.183,,,,,,,,,,,,,
2023/3/22 4:00,0.894,0.992,0.122,9.31,,,,,,,,,,,,,
2023/3/22 5:00,0.839,0.912,0.118,9.695,,,,,,,,,,,,,
2023/3/22 6:00,0.731,0.759,0.109,9.268,,,,,,,,,,,,,
2023/3/22 7:00,0.563,0.546,0.095,8.147,,,,,,,,,,,,,
2023/3/22 8:00,0.336,0.296,0.075,6.353,,,,,,,,,,,,,
2023/3/22 9:00,0.082,0.064,0.041,3.835,,,,,,,,,,,,,
2023/3/22 10:00,0,0,0,0.117,,,,,,,,,,,,,
2023/3/22 11:00,0,0,0,-1.497,,,,,,,,,,,,,
2023/3/22 12:00,0,0,0,-2.722,,,,,,,,,,,,,
2023/3/22 13:00,0,0,0,-3.718,,,,,,,,,,,,,
2023/3/22 14:00,0,0,0,-4.469,,,,,,,,,,,,,
2023/3/22 15:00,0,0,0,-4.772,,,,,,,,,,,,,
2023/3/22 16:00,0,0,0,-4.778,,,,,,,,,,,,,
2023/3/22 17:00,0,0,0,-4.812,,,,,,,,,,,,,
2023/3/22 18:00,0,0,0,-4.829,,,,,,,,,,,,,
2023/3/22 19:00,0,0,0,-4.802,,,,,,,,,,,,,
2023/3/22 20:00,0,0,0,-4.87,,,,,,,,,,,,,
2023/3/22 21:00,0,0,0,-5.076,,,,,,,,,,,,,
2023/3/22 22:00,0.062,0.058,0.024,-4.705,,,,,,,,,,,,,
2023/3/22 23:00,0.296,0.233,0.082,-3.332,,,,,,,,,,,,,
2023/3/23 0:00,0.482,0.378,0.139,-1.828,,,,,,,,,,,,,
2023/3/23 1:00,0.679,0.607,0.15,-0.045,,,,,,,,,,,,,
2023/3/23 2:00,0.822,0.808,0.148,1.664,,,,,,,,,,,,,
2023/3/23 3:00,0.826,0.785,0.184,2.81,,,,,,,,,,,,,
2023/3/23 4:00,0.72,0.578,0.246,3.203,,,,,,,,,,,,,
2023/3/23 5:00,0.701,0.581,0.22,3.361,,,,,,,,,,,,,
2023/3/23 6:00,0.624,0.513,0.187,3.113,,,,,,,,,,,,,
2023/3/23 7:00,0.445,0.316,0.169,2.365,,,,,,,,,,,,,
2023/3/23 8:00,0.239,0.136,0.126,1.156,,,,,,,,,,,,,
2023/3/23 9:00,0.05,0.02,0.051,-0.544,,,,,,,,,,,,,
2023/3/23 10:00,0,0,0,-3.635,,,,,,,,,,,,,
2023/3/23 11:00,0,0,0,-4.604,,,,,,,,,,,,,
2023/3/23 12:00,0,0,0,-4.941,,,,,,,,,,,,,
2023/3/23 13:00,0,0,0,-5.138,,,,,,,,,,,,,
2023/3/23 14:00,0,0,0,-5.285,,,,,,,,,,,,,
2023/3/23 15:00,0,0,0,-5.443,,,,,,,,,,,,,
2023/3/23 16:00,0,0,0,-5.803,,,,,,,,,,,,,
2023/3/23 17:00,0,0,0,-6.235,,,,,,,,,,,,,
2023/3/23 18:00,0,0,0,-6.488,,,,,,,,,,,,,
2023/3/23 19:00,0,0,0,-6.64,,,,,,,,,,,,,
2023/3/23 20:00,0,0,0,-6.78,,,,,,,,,,,,,
2023/3/23 21:00,0,0,0,-6.864,,,,,,,,,,,,,
2023/3/23 22:00,0.064,0.057,0.026,-6.301,,,,,,,,,,,,,
2023/3/23 23:00,0.315,0.248,0.083,-4.71,,,,,,,,,,,,,
2023/3/24 0:00,0.554,0.489,0.106,-2.947,,,,,,,,,,,,,
2023/3/24 1:00,0.732,0.696,0.125,-1.116,,,,,,,,,,,,,
2023/3/24 2:00,0.843,0.843,0.138,0.774,,,,,,,,,,,,,
2023/3/24 3:00,0.892,0.917,0.147,2.467,,,,,,,,,,,,,
2023/3/24 4:00,0.885,0.912,0.15,3.896,,,,,,,,,,,,,
2023/3/24 5:00,0.821,0.826,0.149,5.024,,,,,,,,,,,,,
2023/3/24 6:00,0.696,0.659,0.144,5.611,,,,,,,,,,,,,
2023/3/24 7:00,0.495,0.408,0.142,5.489,,,,,,,,,,,,,
2023/3/24 8:00,0.244,0.147,0.124,4.378,,,,,,,,,,,,,
2023/3/24 9:00,0.04,0.012,0.048,0.605,,,,,,,,,,,,,
2023/3/24 10:00,0,0,0,-1.398,,,,,,,,,,,,,
2023/3/24 11:00,0,0,0,-1.408,,,,,,,,,,,,,
2023/3/24 12:00,0,0,0,-1.676,,,,,,,,,,,,,
2023/3/24 13:00,0,0,0,-2.192,,,,,,,,,,,,,
2023/3/24 14:00,0,0,0,-2.302,,,,,,,,,,,,,
2023/3/24 15:00,0,0,0,-2.292,,,,,,,,,,,,,
2023/3/24 16:00,0,0,0,-2.302,,,,,,,,,,,,,
2023/3/24 17:00,0,0,0,-2.314,,,,,,,,,,,,,
2023/3/24 18:00,0,0,0,-2.439,,,,,,,,,,,,,
2023/3/24 19:00,0,0,0,-2.54,,,,,,,,,,,,,
2023/3/24 20:00,0,0,0,-2.807,,,,,,,,,,,,,
2023/3/24 21:00,0,0,0,-3.448,,,,,,,,,,,,,
2023/3/24 22:00,0.044,0.02,0.044,-3.598,,,,,,,,,,,,,
2023/3/24 23:00,0.307,0.242,0.086,-2.066,,,,,,,,,,,,,
2023/3/25 0:00,0.562,0.518,0.095,-0.341,,,,,,,,,,,,,
2023/3/25 1:00,0.744,0.738,0.109,1.135,,,,,,,,,,,,,
2023/3/25 2:00,0.858,0.893,0.12,2.224,,,,,,,,,,,,,
2023/3/25 3:00,0.9,0.968,0.128,2.915,,,,,,,,,,,,,
2023/3/25 4:00,0.9,0.959,0.132,3.284,,,,,,,,,,,,,
2023/3/25 5:00,0.848,0.874,0.13,3.35,,,,,,,,,,,,,
2023/3/25 6:00,0.73,0.713,0.124,3.085,,,,,,,,,,,,,
2023/3/25 7:00,0.55,0.494,0.113,2.441,,,,,,,,,,,,,
2023/3/25 8:00,0.328,0.267,0.088,1.418,,,,,,,,,,,,,
2023/3/25 9:00,0.085,0.057,0.049,-0.741,,,,,,,,,,,,,
2023/3/25 10:00,0,0,0.001,-4.257,,,,,,,,,,,,,
2023/3/25 11:00,0,0,0,-4.795,,,,,,,,,,,,,
2023/3/25 12:00,0,0,0,-4.963,,,,,,,,,,,,,
2023/3/25 13:00,0,0,0,-5.018,,,,,,,,,,,,,
2023/3/25 14:00,0,0,0,-5.034,,,,,,,,,,,,,
2023/3/25 15:00,0,0,0,-5.109,,,,,,,,,,,,,
2023/3/25 16:00,0,0,0,-5.266,,,,,,,,,,,,,
2023/3/25 17:00,0,0,0,-5.435,,,,,,,,,,,,,
2023/3/25 18:00,0,0,0,-5.591,,,,,,,,,,,,,
2023/3/25 19:00,0,0,0,-5.684,,,,,,,,,,,,,
2023/3/25 20:00,0,0,0,-5.718,,,,,,,,,,,,,
2023/3/25 21:00,0,0,0,-5.764,,,,,,,,,,,,,
2023/3/25 22:00,0.067,0.046,0.04,-4.734,,,,,,,,,,,,,
2023/3/25 23:00,0.323,0.267,0.076,-2.254,,,,,,,,,,,,,
2023/3/26 0:00,0.558,0.515,0.097,0.986,,,,,,,,,,,,,
2023/3/26 1:00,0.733,0.729,0.112,3.028,,,,,,,,,,,,,
2023/3/26 2:00,0.846,0.884,0.123,4.542,,,,,,,,,,,,,
2023/3/26 3:00,0.897,0.964,0.131,5.764,,,,,,,,,,,,,
2023/3/26 4:00,0.895,0.965,0.132,6.694,,,,,,,,,,,,,
2023/3/26 5:00,0.838,0.885,0.129,7.361,,,,,,,,,,,,,
2023/3/26 6:00,0.722,0.726,0.122,7.664,,,,,,,,,,,,,
2023/3/26 7:00,0.549,0.512,0.109,7.539,,,,,,,,,,,,,
2023/3/26 8:00,0.324,0.269,0.089,6.604,,,,,,,,,,,,,
2023/3/26 9:00,0.084,0.056,0.051,3.618,,,,,,,,,,,,,
2023/3/26 10:00,0,0,0.001,1.329,,,,,,,,,,,,,
2023/3/26 11:00,0,0,0,-0.146,,,,,,,,,,,,,
2023/3/26 12:00,0,0,0,-1.202,,,,,,,,,,,,,
2023/3/26 13:00,0,0,0,-1.678,,,,,,,,,,,,,
2023/3/26 14:00,0,0,0,-1.332,,,,,,,,,,,,,
2023/3/26 15:00,0,0,0,-0.956,,,,,,,,,,,,,
2023/3/26 16:00,0,0,0,-0.888,,,,,,,,,,,,,
2023/3/26 17:00,0,0,0,-0.888,,,,,,,,,,,,,
2023/3/26 18:00,0,0,0,-0.857,,,,,,,,,,,,,
2023/3/26 19:00,0,0,0,-0.866,,,,,,,,,,,,,
2023/3/26 20:00,0,0,0,-0.95,,,,,,,,,,,,,
2023/3/26 21:00,0,0,0,-1.23,,,,,,,,,,,,,
2023/3/26 22:00,0.063,0.04,0.044,-1.104,,,,,,,,,,,,,
2023/3/26 23:00,0.313,0.258,0.08,0.752,,,,,,,,,,,,,
2023/3/27 0:00,0.544,0.499,0.102,2.99,,,,,,,,,,,,,
2023/3/27 1:00,0.718,0.709,0.118,4.494,,,,,,,,,,,,,
2023/3/27 2:00,0.83,0.862,0.13,5.853,,,,,,,,,,,,,
2023/3/27 3:00,0.885,0.95,0.135,7.118,,,,,,,,,,,,,
2023/3/27 4:00,0.883,0.952,0.136,8.191,,,,,,,,,,,,,
2023/3/27 5:00,0.827,0.875,0.132,8.971,,,,,,,,,,,,,
2023/3/27 6:00,0.716,0.724,0.123,9.348,,,,,,,,,,,,,
2023/3/27 7:00,0.548,0.517,0.109,9.277,,,,,,,,,,,,,
2023/3/27 8:00,0.327,0.278,0.088,8.6,,,,,,,,,,,,,
2023/3/27 9:00,0.089,0.061,0.051,5.309,,,,,,,,,,,,,
2023/3/27 10:00,0,0,0.001,3.113,,,,,,,,,,,,,
2023/3/27 11:00,0,0,0,3.507,,,,,,,,,,,,,
2023/3/27 12:00,0,0,0,3.325,,,,,,,,,,,,,
2023/3/27 13:00,0,0,0,1.908,,,,,,,,,,,,,
2023/3/27 14:00,0,0,0,0.046,,,,,,,,,,,,,
2023/3/27 15:00,0,0,0,-1.05,,,,,,,,,,,,,
2023/3/27 16:00,0,0,0,-1.457,,,,,,,,,,,,,
2023/3/27 17:00,0,0,0,-1.647,,,,,,,,,,,,,
2023/3/27 18:00,0,0,0,-1.737,,,,,,,,,,,,,
2023/3/27 19:00,0,0,0,-1.644,,,,,,,,,,,,,
2023/3/27 20:00,0,0,0,-1.029,,,,,,,,,,,,,
2023/3/27 21:00,0,0,0,-0.927,,,,,,,,,,,,,
2023/3/27 22:00,0.063,0.038,0.046,0.204,,,,,,,,,,,,,
2023/3/27 23:00,0.305,0.251,0.084,4.344,,,,,,,,,,,,,
2023/3/28 0:00,0.528,0.491,0.105,7.934,,,,,,,,,,,,,
2023/3/28 1:00,0.689,0.699,0.122,11.648,,,,,,,,,,,,,
2023/3/28 2:00,0.793,0.85,0.133,13.747,,,,,,,,,,,,,
2023/3/28 3:00,0.844,0.937,0.138,15.434,,,,,,,,,,,,,
2023/3/28 4:00,0.841,0.939,0.14,16.725,,,,,,,,,,,,,
2023/3/28 5:00,0.788,0.863,0.136,17.6,,,,,,,,,,,,,
2023/3/28 6:00,0.679,0.71,0.128,17.988,,,,,,,,,,,,,
2023/3/28 7:00,0.52,0.506,0.113,17.831,,,,,,,,,,,,,
2023/3/28 8:00,0.31,0.269,0.092,16.841,,,,,,,,,,,,,
2023/3/28 9:00,0.085,0.057,0.054,12.481,,,,,,,,,,,,,
2023/3/28 10:00,0,0,0.001,8.628,,,,,,,,,,,,,
2023/3/28 11:00,0,0,0,7.719,,,,,,,,,,,,,
2023/3/28 12:00,0,0,0,6.736,,,,,,,,,,,,,
2023/3/28 13:00,0,0,0,5.273,,,,,,,,,,,,,
2023/3/28 14:00,0,0,0,4.424,,,,,,,,,,,,,
2023/3/28 15:00,0,0,0,3.76,,,,,,,,,,,,,
2023/3/28 16:00,0,0,0,3.014,,,,,,,,,,,,,
2023/3/28 17:00,0,0,0,2.341,,,,,,,,,,,,,
2023/3/28 18:00,0,0,0,1.731,,,,,,,,,,,,,
2023/3/28 19:00,0,0,0,1.289,,,,,,,,,,,,,
2023/3/28 20:00,0,0,0,1.025,,,,,,,,,,,,,
2023/3/28 21:00,0,0,0,0.818,,,,,,,,,,,,,
2023/3/28 22:00,0.071,0.049,0.044,2.585,,,,,,,,,,,,,
2023/3/28 23:00,0.313,0.267,0.08,6.442,,,,,,,,,,,,,
2023/3/29 0:00,0.532,0.508,0.101,10.263,,,,,,,,,,,,,
2023/3/29 1:00,0.687,0.713,0.118,14.652,,,,,,,,,,,,,
2023/3/29 2:00,0.787,0.863,0.13,16.725,,,,,,,,,,,,,
2023/3/29 3:00,0.832,0.934,0.14,17.896,,,,,,,,,,,,,
2023/3/29 4:00,0.832,0.937,0.141,18.699,,,,,,,,,,,,,
2023/3/29 5:00,0.781,0.862,0.136,19.163,,,,,,,,,,,,,
2023/3/29 6:00,0.674,0.707,0.129,19.265,,,,,,,,,,,,,
2023/3/29 7:00,0.518,0.506,0.114,18.985,,,,,,,,,,,,,
2023/3/29 8:00,0.311,0.273,0.092,18.116,,,,,,,,,,,,,
2023/3/29 9:00,0.088,0.062,0.055,15.355,,,,,,,,,,,,,
2023/3/29 10:00,0,0,0.002,12.229,,,,,,,,,,,,,
2023/3/29 11:00,0,0,0,9.688,,,,,,,,,,,,,
2023/3/29 12:00,0,0,0,7.705,,,,,,,,,,,,,
2023/3/29 13:00,0,0,0,6.353,,,,,,,,,,,,,
2023/3/29 14:00,0,0,0,5.265,,,,,,,,,,,,,
2023/3/29 15:00,0,0,0,4.209,,,,,,,,,,,,,
2023/3/29 16:00,0,0,0,3.312,,,,,,,,,,,,,
2023/3/29 17:00,0,0,0,2.556,,,,,,,,,,,,,
2023/3/29 18:00,0,0,0,1.698,,,,,,,,,,,,,
2023/3/29 19:00,0,0,0,1.06,,,,,,,,,,,,,
2023/3/29 20:00,0,0,0,0.478,,,,,,,,,,,,,
2023/3/29 21:00,0,0,0.001,0.102,,,,,,,,,,,,,
2023/3/29 22:00,0.072,0.047,0.047,2.05,,,,,,,,,,,,,
2023/3/29 23:00,0.307,0.256,0.084,6.491,,,,,,,,,,,,,
2023/3/30 0:00,0.522,0.486,0.11,10.206,,,,,,,,,,,,,
2023/3/30 1:00,0.678,0.689,0.128,14.173,,,,,,,,,,,,,
2023/3/30 2:00,0.775,0.838,0.14,17.309,,,,,,,,,,,,,
2023/3/30 3:00,0.824,0.921,0.146,18.927,,,,,,,,,,,,,
2023/3/30 4:00,0.823,0.925,0.147,19.902,,,,,,,,,,,,,
2023/3/30 5:00,0.773,0.853,0.142,20.538,,,,,,,,,,,,,
2023/3/30 6:00,0.666,0.697,0.135,20.803,,,,,,,,,,,,,
2023/3/30 7:00,0.511,0.497,0.119,20.631,,,,,,,,,,,,,
2023/3/30 8:00,0.307,0.265,0.097,19.772,,,,,,,,,,,,,
2023/3/30 9:00,0.088,0.058,0.058,15.767,,,,,,,,,,,,,
2023/3/30 10:00,0,0,0.002,11.49,,,,,,,,,,,,,
2023/3/30 11:00,0,0,0,10.233,,,,,,,,,,,,,
2023/3/30 12:00,0,0,0,9.248,,,,,,,,,,,,,
2023/3/30 13:00,0,0,0,8.158,,,,,,,,,,,,,
2023/3/30 14:00,0,0,0,6.945,,,,,,,,,,,,,
2023/3/30 15:00,0,0,0,5.862,,,,,,,,,,,,,
2023/3/30 16:00,0,0,0,4.978,,,,,,,,,,,,,
2023/3/30 17:00,0,0,0,4.483,,,,,,,,,,,,,
2023/3/30 18:00,0,0,0,4.219,,,,,,,,,,,,,
2023/3/30 19:00,0,0,0,3.991,,,,,,,,,,,,,
2023/3/30 20:00,0,0,0,3.622,,,,,,,,,,,,,
2023/3/30 21:00,0,0,0.001,3.148,,,,,,,,,,,,,
2023/3/30 22:00,0.056,0.024,0.054,4.64,,,,,,,,,,,,,
2023/3/30 23:00,0.254,0.173,0.113,8.628,,,,,,,,,,,,,
2023/3/31 0:00,0.455,0.367,0.153,12.191,,,,,,,,,,,,,
2023/3/31 1:00,0.607,0.555,0.175,16.8,,,,,,,,,,,,,
2023/3/31 2:00,0.703,0.693,0.19,20.103,,,,,,,,,,,,,
2023/3/31 3:00,0.765,0.803,0.187,22.098,,,,,,,,,,,,,
2023/3/31 4:00,0.764,0.809,0.188,23.205,,,,,,,,,,,,,
2023/3/31 5:00,0.716,0.738,0.182,23.479,,,,,,,,,,,,,
2023/3/31 6:00,0.61,0.586,0.175,23.094,,,,,,,,,,,,,
2023/3/31 7:00,0.459,0.396,0.157,22.189,,,,,,,,,,,,,
2023/3/31 8:00,0.264,0.187,0.127,20.689,,,,,,,,,,,,,
2023/3/31 9:00,0.07,0.03,0.067,17.279,,,,,,,,,,,,,
2023/3/31 10:00,0,0,0.003,13.311,,,,,,,,,,,,,
2023/3/31 11:00,0,0,0,12.131,,,,,,,,,,,,,
2023/3/31 12:00,0,0,0,10.997,,,,,,,,,,,,,
2023/3/31 13:00,0,0,0,9.952,,,,,,,,,,,,,
2023/3/31 14:00,0,0,0,9.177,,,,,,,,,,,,,
2023/3/31 15:00,0,0,0,8.529,,,,,,,,,,,,,
2023/3/31 16:00,0,0,0,7.844,,,,,,,,,,,,,
2023/3/31 17:00,0,0,0,7.27,,,,,,,,,,,,,
2023/3/31 18:00,0,0,0,6.799,,,,,,,,,,,,,
2023/3/31 19:00,0,0,0,6.309,,,,,,,,,,,,,
2023/3/31 20:00,0,0,0,5.876,,,,,,,,,,,,,
2023/3/31 21:00,0,0,0.001,5.486,,,,,,,,,,,,,
2023/3/31 22:00,0.041,0.009,0.053,6.307,,,,,,,,,,,,,
2023/3/31 23:00,0.216,0.112,0.135,8.556,,,,,,,,,,,,,
2023/4/1 0:00,0.41,0.278,0.19,12.25,,,,,,,,,,,,,
2023/4/1 1:00,0.56,0.437,0.223,14.766,,,,,,,,,,,,,
2023/4/1 2:00,0.65,0.538,0.25,16.42,,,,,,,,,,,,,
2023/4/1 3:00,0.673,0.549,0.278,17.771,,,,,,,,,,,,,
2023/4/1 4:00,0.69,0.59,0.268,18.972,,,,,,,,,,,,,
2023/4/1 5:00,0.661,0.575,0.245,19.783,,,,,,,,,,,,,
2023/4/1 6:00,0.552,0.434,0.234,19.996,,,,,,,,,,,,,
2023/4/1 7:00,0.38,0.234,0.215,19.542,,,,,,,,,,,,,
2023/4/1 8:00,0.189,0.071,0.157,18.432,,,,,,,,,,,,,
2023/4/1 9:00,0.049,0.01,0.064,16.295,,,,,,,,,,,,,
2023/4/1 10:00,0,0,0.002,13.452,,,,,,,,,,,,,
2023/4/1 11:00,0,0,0,12.437,,,,,,,,,,,,,
2023/4/1 12:00,0,0,0,11.476,,,,,,,,,,,,,
2023/4/1 13:00,0,0,0,10.301,,,,,,,,,,,,,
2023/4/1 14:00,0,0,0,9.326,,,,,,,,,,,,,
2023/4/1 15:00,0,0,0,8.629,,,,,,,,,,,,,
2023/4/1 16:00,0,0,0,7.914,,,,,,,,,,,,,
2023/4/1 17:00,0,0,0,7.253,,,,,,,,,,,,,
2023/4/1 18:00,0,0,0,6.695,,,,,,,,,,,,,
2023/4/1 19:00,0,0,0,6.145,,,,,,,,,,,,,
2023/4/1 20:00,0,0,0,5.697,,,,,,,,,,,,,
2023/4/1 21:00,0,0,0.001,5.109,,,,,,,,,,,,,
2023/4/1 22:00,0.027,0.003,0.044,6.645,,,,,,,,,,,,,
2023/4/1 23:00,0.117,0.02,0.124,8.632,,,,,,,,,,,,,
2023/4/2 0:00,0.208,0.034,0.206,11.092,,,,,,,,,,,,,
2023/4/2 1:00,0.403,0.158,0.305,14.258,,,,,,,,,,,,,
2023/4/2 2:00,0.596,0.404,0.312,16.875,,,,,,,,,,,,,
2023/4/2 3:00,0.695,0.569,0.295,18.812,,,,,,,,,,,,,
2023/4/2 4:00,0.678,0.537,0.307,19.876,,,,,,,,,,,,,
2023/4/2 5:00,0.618,0.456,0.304,20.309,,,,,,,,,,,,,
2023/4/2 6:00,0.412,0.174,0.314,19.786,,,,,,,,,,,,,
2023/4/2 7:00,0.197,0.029,0.207,18.455,,,,,,,,,,,,,
2023/4/2 8:00,0.06,0.004,0.083,16.676,,,,,,,,,,,,,
2023/4/2 9:00,0.01,0.001,0.028,14.993,,,,,,,,,,,,,
2023/4/2 10:00,0,0,0.001,13.418,,,,,,,,,,,,,
2023/4/2 11:00,0,0,0,12.456,,,,,,,,,,,,,
2023/4/2 12:00,0,0,0,11.555,,,,,,,,,,,,,
2023/4/2 13:00,0,0,0,10.458,,,,,,,,,,,,,
2023/4/2 14:00,0,0,0,9.491,,,,,,,,,,,,,
2023/4/2 15:00,0,0,0,8.639,,,,,,,,,,,,,
2023/4/2 16:00,0,0,0,7.854,,,,,,,,,,,,,
2023/4/2 17:00,0,0,0,7.214,,,,,,,,,,,,,
2023/4/2 18:00,0,0,0,6.725,,,,,,,,,,,,,
2023/4/2 19:00,0,0,0,6.363,,,,,,,,,,,,,
2023/4/2 20:00,0,0,0,6.269,,,,,,,,,,,,,
2023/4/2 21:00,0,0,0.001,5.026,,,,,,,,,,,,,
2023/4/2 22:00,0.008,0.001,0.025,4.353,,,,,,,,,,,,,
2023/4/2 23:00,0.065,0.004,0.083,3.937,,,,,,,,,,,,,
2023/4/3 0:00,0.163,0.013,0.175,4.143,,,,,,,,,,,,,
2023/4/3 1:00,0.282,0.037,0.274,5.1,,,,,,,,,,,,,
2023/4/3 2:00,0.424,0.103,0.367,6.461,,,,,,,,,,,,,
2023/4/3 3:00,0.402,0.074,0.373,7.375,,,,,,,,,,,,,
2023/4/3 4:00,0.271,0.022,0.282,7.518,,,,,,,,,,,,,
2023/4/3 5:00,0.205,0.012,0.222,7.45,,,,,,,,,,,,,
2023/4/3 6:00,0.145,0.006,0.165,7.157,,,,,,,,,,,,,
2023/4/3 7:00,0.104,0.004,0.124,6.717,,,,,,,,,,,,,
2023/4/3 8:00,0.05,0.002,0.07,6.014,,,,,,,,,,,,,
2023/4/3 9:00,0.008,0,0.025,4.87,,,,,,,,,,,,,
2023/4/3 10:00,0,0,0.001,3.492,,,,,,,,,,,,,
2023/4/3 11:00,0,0,0,2.491,,,,,,,,,,,,,
2023/4/3 12:00,0,0,0,1.778,,,,,,,,,,,,,
2023/4/3 13:00,0,0,0,1.266,,,,,,,,,,,,,
2023/4/3 14:00,0,0,0,0.751,,,,,,,,,,,,,
2023/4/3 15:00,0,0,0,0.185,,,,,,,,,,,,,
2023/4/3 16:00,0,0,0,-0.246,,,,,,,,,,,,,
2023/4/3 17:00,0,0,0,-0.651,,,,,,,,,,,,,
2023/4/3 18:00,0,0,0,-1.063,,,,,,,,,,,,,
2023/4/3 19:00,0,0,0,-1.493,,,,,,,,,,,,,
2023/4/3 20:00,0,0,0,-1.897,,,,,,,,,,,,,
2023/4/3 21:00,0,0,0.001,-2.051,,,,,,,,,,,,,
2023/4/3 22:00,0.011,0,0.027,-1.722,,,,,,,,,,,,,
2023/4/3 23:00,0.063,0.003,0.081,-0.991,,,,,,,,,,,,,
2023/4/4 0:00,0.125,0.006,0.14,-0.133,,,,,,,,,,,,,
2023/4/4 1:00,0.195,0.012,0.205,0.881,,,,,,,,,,,,,
2023/4/4 2:00,0.264,0.021,0.267,1.898,,,,,,,,,,,,,
2023/4/4 3:00,0.298,0.026,0.298,2.501,,,,,,,,,,,,,
2023/4/4 4:00,0.29,0.024,0.293,2.629,,,,,,,,,,,,,
2023/4/4 5:00,0.248,0.018,0.255,2.431,,,,,,,,,,,,,
2023/4/4 6:00,0.175,0.009,0.189,1.897,,,,,,,,,,,,,
2023/4/4 7:00,0.109,0.004,0.126,1.253,,,,,,,,,,,,,
2023/4/4 8:00,0.046,0.001,0.065,0.55,,,,,,,,,,,,,
2023/4/4 9:00,0.007,0,0.024,-0.076,,,,,,,,,,,,,
2023/4/4 10:00,0,0,0.001,-0.669,,,,,,,,,,,,,
2023/4/4 11:00,0,0,0,-0.934,,,,,,,,,,,,,
2023/4/4 12:00,0,0,0,-0.967,,,,,,,,,,,,,
2023/4/4 13:00,0,0,0,-0.993,,,,,,,,,,,,,
2023/4/4 14:00,0,0,0,-1.032,,,,,,,,,,,,,
2023/4/4 15:00,0,0,0,-1.113,,,,,,,,,,,,,
2023/4/4 16:00,0,0,0,-1.254,,,,,,,,,,,,,
2023/4/4 17:00,0,0,0,-1.37,,,,,,,,,,,,,
2023/4/4 18:00,0,0,0,-1.436,,,,,,,,,,,,,
2023/4/4 19:00,0,0,0,-1.607,,,,,,,,,,,,,
2023/4/4 20:00,0,0,0,-1.949,,,,,,,,,,,,,
2023/4/4 21:00,0,0,0.002,-2.172,,,,,,,,,,,,,
2023/4/4 22:00,0.034,0.002,0.051,-1.647,,,,,,,,,,,,,
2023/4/4 23:00,0.175,0.033,0.163,0.054,,,,,,,,,,,,,
2023/4/5 0:00,0.434,0.276,0.198,2.901,,,,,,,,,,,,,
2023/4/5 1:00,0.666,0.579,0.183,5.149,,,,,,,,,,,,,
2023/4/5 2:00,0.784,0.738,0.192,6.688,,,,,,,,,,,,,
2023/4/5 3:00,0.84,0.823,0.197,7.761,,,,,,,,,,,,,
2023/4/5 4:00,0.813,0.767,0.217,8.477,,,,,,,,,,,,,
2023/4/5 5:00,0.682,0.534,0.264,8.812,,,,,,,,,,,,,
2023/4/5 6:00,0.492,0.269,0.286,8.694,,,,,,,,,,,,,
2023/4/5 7:00,0.309,0.106,0.24,8.25,,,,,,,,,,,,,
2023/4/5 8:00,0.168,0.039,0.156,7.61,,,,,,,,,,,,,
2023/4/5 9:00,0.051,0.008,0.066,5.986,,,,,,,,,,,,,
2023/4/5 10:00,0,0,0.005,3.447,,,,,,,,,,,,,
2023/4/5 11:00,0,0,0,2.388,,,,,,,,,,,,,
2023/4/5 12:00,0,0,0,2.247,,,,,,,,,,,,,
2023/4/5 13:00,0,0,0,1.913,,,,,,,,,,,,,
2023/4/5 14:00,0,0,0,0.299,,,,,,,,,,,,,
2023/4/5 15:00,0,0,0,-1.249,,,,,,,,,,,,,
2023/4/5 16:00,0,0,0,-0.797,,,,,,,,,,,,,
2023/4/5 17:00,0,0,0,-0.576,,,,,,,,,,,,,
2023/4/5 18:00,0,0,0,-0.536,,,,,,,,,,,,,
2023/4/5 19:00,0,0,0,-0.532,,,,,,,,,,,,,
2023/4/5 20:00,0,0,0,-0.467,,,,,,,,,,,,,
2023/4/5 21:00,0,0,0.002,-0.348,,,,,,,,,,,,,
2023/4/5 22:00,0.028,0.002,0.045,0.958,,,,,,,,,,,,,
2023/4/5 23:00,0.14,0.026,0.138,3.67,,,,,,,,,,,,,
2023/4/6 0:00,0.323,0.135,0.222,6.32,,,,,,,,,,,,,
2023/4/6 1:00,0.468,0.255,0.271,8.316,,,,,,,,,,,,,
2023/4/6 2:00,0.614,0.432,0.279,9.529,,,,,,,,,,,,,
2023/4/6 3:00,0.753,0.671,0.236,10.654,,,,,,,,,,,,,
2023/4/6 4:00,0.803,0.783,0.203,11.485,,,,,,,,,,,,,
2023/4/6 5:00,0.744,0.697,0.203,11.819,,,,,,,,,,,,,
2023/4/6 6:00,0.569,0.424,0.236,11.505,,,,,,,,,,,,,
2023/4/6 7:00,0.368,0.188,0.227,10.484,,,,,,,,,,,,,
2023/4/6 8:00,0.187,0.056,0.159,8.411,,,,,,,,,,,,,
2023/4/6 9:00,0.07,0.017,0.076,5.731,,,,,,,,,,,,,
2023/4/6 10:00,0,0,0.006,3.251,,,,,,,,,,,,,
2023/4/6 11:00,0,0,0,1.574,,,,,,,,,,,,,
2023/4/6 12:00,0,0,0,-0.116,,,,,,,,,,,,,
2023/4/6 13:00,0,0,0,-2.034,,,,,,,,,,,,,
2023/4/6 14:00,0,0,0,-3.41,,,,,,,,,,,,,
2023/4/6 15:00,0,0,0,-4.139,,,,,,,,,,,,,
2023/4/6 16:00,0,0,0,-4.971,,,,,,,,,,,,,
2023/4/6 17:00,0,0,0,-5.442,,,,,,,,,,,,,
2023/4/6 18:00,0,0,0,-5.7,,,,,,,,,,,,,
2023/4/6 19:00,0,0,0,-6.111,,,,,,,,,,,,,
2023/4/6 20:00,0,0,0,-6.231,,,,,,,,,,,,,
2023/4/6 21:00,0,0,0.004,-6.065,,,,,,,,,,,,,
2023/4/6 22:00,0.103,0.067,0.055,-3.543,,,,,,,,,,,,,
2023/4/6 23:00,0.355,0.293,0.088,-0.217,,,,,,,,,,,,,
2023/4/7 0:00,0.583,0.552,0.094,2.486,,,,,,,,,,,,,
2023/4/7 1:00,0.75,0.761,0.11,4.473,,,,,,,,,,,,,
2023/4/7 2:00,0.855,0.91,0.121,6.162,,,,,,,,,,,,,
2023/4/7 3:00,0.9,0.986,0.129,7.457,,,,,,,,,,,,,
2023/4/7 4:00,0.9,0.986,0.13,8.313,,,,,,,,,,,,,
2023/4/7 5:00,0.847,0.909,0.127,8.673,,,,,,,,,,,,,
2023/4/7 6:00,0.74,0.759,0.119,8.546,,,,,,,,,,,,,
2023/4/7 7:00,0.577,0.552,0.106,8.008,,,,,,,,,,,,,
2023/4/7 8:00,0.358,0.308,0.09,7.173,,,,,,,,,,,,,
2023/4/7 9:00,0.107,0.062,0.069,6.194,,,,,,,,,,,,,
2023/4/7 10:00,0,0,0.006,4.574,,,,,,,,,,,,,
2023/4/7 11:00,0,0,0,3.146,,,,,,,,,,,,,
2023/4/7 12:00,0,0,0,1.363,,,,,,,,,,,,,
2023/4/7 13:00,0,0,0,-0.449,,,,,,,,,,,,,
2023/4/7 14:00,0,0,0,-1.724,,,,,,,,,,,,,
2023/4/7 15:00,0,0,0,-2.624,,,,,,,,,,,,,
2023/4/7 16:00,0,0,0,-3.343,,,,,,,,,,,,,
2023/4/7 17:00,0,0,0,-3.759,,,,,,,,,,,,,
2023/4/7 18:00,0,0,0,-3.939,,,,,,,,,,,,,
2023/4/7 19:00,0,0,0,-3.995,,,,,,,,,,,,,
2023/4/7 20:00,0,0,0,-3.971,,,,,,,,,,,,,
2023/4/7 21:00,0,0,0.004,-3.789,,,,,,,,,,,,,
2023/4/7 22:00,0.098,0.064,0.054,-0.554,,,,,,,,,,,,,
2023/4/7 23:00,0.34,0.288,0.083,3.304,,,,,,,,,,,,,
2023/4/8 0:00,0.554,0.524,0.104,7.68,,,,,,,,,,,,,
2023/4/8 1:00,0.711,0.73,0.12,11.159,,,,,,,,,,,,,
2023/4/8 2:00,0.81,0.881,0.13,13.966,,,,,,,,,,,,,
2023/4/8 3:00,0.855,0.964,0.136,16.236,,,,,,,,,,,,,
2023/4/8 4:00,0.851,0.967,0.137,17.803,,,,,,,,,,,,,
2023/4/8 5:00,0.799,0.891,0.133,18.706,,,,,,,,,,,,,
2023/4/8 6:00,0.697,0.744,0.125,19.009,,,,,,,,,,,,,
2023/4/8 7:00,0.544,0.543,0.111,18.738,,,,,,,,,,,,,
2023/4/8 8:00,0.342,0.308,0.091,17.831,,,,,,,,,,,,,
2023/4/8 9:00,0.117,0.084,0.062,14.652,,,,,,,,,,,,,
2023/4/8 10:00,0,0,0.007,9.09,,,,,,,,,,,,,
2023/4/8 11:00,0,0,0,7.23,,,,,,,,,,,,,
2023/4/8 12:00,0,0,0,6.269,,,,,,,,,,,,,
2023/4/8 13:00,0,0,0,5.989,,,,,,,,,,,,,
2023/4/8 14:00,0,0,0,5.49,,,,,,,,,,,,,
2023/4/8 15:00,0,0,0,4.709,,,,,,,,,,,,,
2023/4/8 16:00,0,0,0,4.248,,,,,,,,,,,,,
2023/4/8 17:00,0,0,0,4.059,,,,,,,,,,,,,
2023/4/8 18:00,0,0,0,3.697,,,,,,,,,,,,,
2023/4/8 19:00,0,0,0,3.275,,,,,,,,,,,,,
2023/4/8 20:00,0,0,0,2.81,,,,,,,,,,,,,
2023/4/8 21:00,0,0,0.004,2.572,,,,,,,,,,,,,
2023/4/8 22:00,0.083,0.039,0.067,3.703,,,,,,,,,,,,,
2023/4/8 23:00,0.298,0.225,0.107,6.879,,,,,,,,,,,,,
2023/4/9 0:00,0.505,0.444,0.136,11.769,,,,,,,,,,,,,
2023/4/9 1:00,0.658,0.649,0.151,16.728,,,,,,,,,,,,,
2023/4/9 2:00,0.756,0.8,0.162,19.659,,,,,,,,,,,,,
2023/4/9 3:00,0.804,0.882,0.167,21.144,,,,,,,,,,,,,
2023/4/9 4:00,0.803,0.884,0.169,21.961,,,,,,,,,,,,,
2023/4/9 5:00,0.752,0.805,0.166,22.287,,,,,,,,,,,,,
2023/4/9 6:00,0.651,0.658,0.158,22.18,,,,,,,,,,,,,
2023/4/9 7:00,0.492,0.445,0.149,21.601,,,,,,,,,,,,,
2023/4/9 8:00,0.278,0.193,0.138,20.413,,,,,,,,,,,,,
2023/4/9 9:00,0.085,0.031,0.083,17.475,,,,,,,,,,,,,
2023/4/9 10:00,0,0,0.008,13.496,,,,,,,,,,,,,
2023/4/9 11:00,0,0,0,12.487,,,,,,,,,,,,,
2023/4/9 12:00,0,0,0,11.754,,,,,,,,,,,,,
2023/4/9 13:00,0,0,0,10.708,,,,,,,,,,,,,
2023/4/9 14:00,0,0,0,9.967,,,,,,,,,,,,,
2023/4/9 15:00,0,0,0,9.177,,,,,,,,,,,,,
2023/4/9 16:00,0,0,0,8.281,,,,,,,,,,,,,
2023/4/9 17:00,0,0,0,7.122,,,,,,,,,,,,,
2023/4/9 18:00,0,0,0,6.258,,,,,,,,,,,,,
2023/4/9 19:00,0,0,0,5.322,,,,,,,,,,,,,
2023/4/9 20:00,0,0,0,4.635,,,,,,,,,,,,,
2023/4/9 21:00,0,0,0.005,4.501,,,,,,,,,,,,,
2023/4/9 22:00,0.064,0.016,0.072,6.639,,,,,,,,,,,,,
2023/4/9 23:00,0.198,0.076,0.153,9.947,,,,,,,,,,,,,
2023/4/10 0:00,0.359,0.177,0.236,14.409,,,,,,,,,,,,,
2023/4/10 1:00,0.557,0.423,0.245,18.262,,,,,,,,,,,,,
2023/4/10 2:00,0.684,0.611,0.244,20.199,,,,,,,,,,,,,
2023/4/10 3:00,0.718,0.646,0.265,21.141,,,,,,,,,,,,,
2023/4/10 4:00,0.684,0.569,0.293,21.523,,,,,,,,,,,,,
2023/4/10 5:00,0.457,0.188,0.359,20.967,,,,,,,,,,,,,
2023/4/10 6:00,0.18,0.016,0.203,19.115,,,,,,,,,,,,,
2023/4/10 7:00,0.081,0.004,0.105,16.993,,,,,,,,,,,,,
2023/4/10 8:00,0.043,0.002,0.066,14.991,,,,,,,,,,,,,
2023/4/10 9:00,0.017,0.001,0.037,13.167,,,,,,,,,,,,,
2023/4/10 10:00,0,0,0.003,11.545,,,,,,,,,,,,,
2023/4/10 11:00,0,0,0,10.494,,,,,,,,,,,,,
2023/4/10 12:00,0,0,0,9.776,,,,,,,,,,,,,
2023/4/10 13:00,0,0,0,9.092,,,,,,,,,,,,,
2023/4/10 14:00,0,0,0,8.842,,,,,,,,,,,,,
2023/4/10 15:00,0,0,0,6.972,,,,,,,,,,,,,
2023/4/10 16:00,0,0,0,4.985,,,,,,,,,,,,,
2023/4/10 17:00,0,0,0,3.814,,,,,,,,,,,,,
2023/4/10 18:00,0,0,0,3.078,,,,,,,,,,,,,
2023/4/10 19:00,0,0,0,2.159,,,,,,,,,,,,,
2023/4/10 20:00,0,0,0,0.991,,,,,,,,,,,,,
2023/4/10 21:00,0,0,0.007,-0.08,,,,,,,,,,,,,
2023/4/10 22:00,0.112,0.066,0.067,-0.308,,,,,,,,,,,,,
2023/4/10 23:00,0.362,0.288,0.101,0.091,,,,,,,,,,,,,
2023/4/11 0:00,0.599,0.569,0.09,0.417,,,,,,,,,,,,,
2023/4/11 1:00,0.776,0.786,0.103,0.835,,,,,,,,,,,,,
2023/4/11 2:00,0.885,0.94,0.113,2.253,,,,,,,,,,,,,
2023/4/11 3:00,0.9,1.014,0.12,3.869,,,,,,,,,,,,,
2023/4/11 4:00,0.9,1.01,0.123,5.056,,,,,,,,,,,,,
2023/4/11 5:00,0.867,0.928,0.121,5.853,,,,,,,,,,,,,
2023/4/11 6:00,0.76,0.781,0.112,6.221,,,,,,,,,,,,,
2023/4/11 7:00,0.6,0.583,0.097,6.152,,,,,,,,,,,,,
2023/4/11 8:00,0.383,0.343,0.08,5.645,,,,,,,,,,,,,
2023/4/11 9:00,0.135,0.103,0.057,4.72,,,,,,,,,,,,,
2023/4/11 10:00,0,0,0.009,3.036,,,,,,,,,,,,,
2023/4/11 11:00,0,0,0,1.65,,,,,,,,,,,,,
2023/4/11 12:00,0,0,0,0.701,,,,,,,,,,,,,
2023/4/11 13:00,0,0,0,0.187,,,,,,,,,,,,,
2023/4/11 14:00,0,0,0,0.068,,,,,,,,,,,,,
2023/4/11 15:00,0,0,0,-0.071,,,,,,,,,,,,,
2023/4/11 16:00,0,0,0,-0.268,,,,,,,,,,,,,
2023/4/11 17:00,0,0,0,-0.67,,,,,,,,,,,,,
2023/4/11 18:00,0,0,0,-1.293,,,,,,,,,,,,,
2023/4/11 19:00,0,0,0,-2.414,,,,,,,,,,,,,
2023/4/11 20:00,0,0,0,-3.139,,,,,,,,,,,,,
2023/4/11 21:00,0,0,0.006,-3.19,,,,,,,,,,,,,
2023/4/11 22:00,0.108,0.074,0.055,0.281,,,,,,,,,,,,,
2023/4/11 23:00,0.349,0.302,0.08,4.206,,,,,,,,,,,,,
2023/4/12 0:00,0.558,0.52,0.116,8.707,,,,,,,,,,,,,
2023/4/12 1:00,0.711,0.721,0.133,12.305,,,,,,,,,,,,,
2023/4/12 2:00,0.807,0.867,0.146,14.807,,,,,,,,,,,,,
2023/4/12 3:00,0.845,0.928,0.158,16.615,,,,,,,,,,,,,
2023/4/12 4:00,0.846,0.941,0.156,17.945,,,,,,,,,,,,,
2023/4/12 5:00,0.782,0.838,0.16,18.809,,,,,,,,,,,,,
2023/4/12 6:00,0.612,0.548,0.199,19.042,,,,,,,,,,,,,
2023/4/12 7:00,0.427,0.302,0.202,18.857,,,,,,,,,,,,,
2023/4/12 8:00,0.231,0.106,0.167,18.04,,,,,,,,,,,,,
2023/4/12 9:00,0.084,0.023,0.089,15.148,,,,,,,,,,,,,
2023/4/12 10:00,0,0,0.01,11.273,,,,,,,,,,,,,
2023/4/12 11:00,0,0,0,9.864,,,,,,,,,,,,,
2023/4/12 12:00,0,0,0,8.791,,,,,,,,,,,,,
2023/4/12 13:00,0,0,0,7.787,,,,,,,,,,,,,
2023/4/12 14:00,0,0,0,6.92,,,,,,,,,,,,,
2023/4/12 15:00,0,0,0,6.557,,,,,,,,,,,,,
2023/4/12 16:00,0,0,0,6.195,,,,,,,,,,,,,
2023/4/12 17:00,0,0,0,6.043,,,,,,,,,,,,,
2023/4/12 18:00,0,0,0,7.266,,,,,,,,,,,,,
2023/4/12 19:00,0,0,0,6.773,,,,,,,,,,,,,
2023/4/12 20:00,0,0,0,5.756,,,,,,,,,,,,,
2023/4/12 21:00,0,0,0.007,4.739,,,,,,,,,,,,,
2023/4/12 22:00,0.049,0.006,0.065,5.664,,,,,,,,,,,,,
2023/4/12 23:00,0.158,0.035,0.15,7.501,,,,,,,,,,,,,
2023/4/13 0:00,0.298,0.1,0.237,10.006,,,,,,,,,,,,,
2023/4/13 1:00,0.416,0.175,0.298,11.867,,,,,,,,,,,,,
2023/4/13 2:00,0.572,0.356,0.313,13.08,,,,,,,,,,,,,
2023/4/13 3:00,0.637,0.44,0.319,13.765,,,,,,,,,,,,,
2023/4/13 4:00,0.686,0.537,0.292,14.397,,,,,,,,,,,,,
2023/4/13 5:00,0.698,0.607,0.242,14.875,,,,,,,,,,,,,
2023/4/13 6:00,0.604,0.494,0.224,14.794,,,,,,,,,,,,,
2023/4/13 7:00,0.454,0.322,0.203,14.259,,,,,,,,,,,,,
2023/4/13 8:00,0.263,0.136,0.167,13.292,,,,,,,,,,,,,
2023/4/13 9:00,0.087,0.021,0.092,11.732,,,,,,,,,,,,,
2023/4/13 10:00,0,0,0.011,8.169,,,,,,,,,,,,,
2023/4/13 11:00,0,0,0,6.305,,,,,,,,,,,,,
2023/4/13 12:00,0,0,0,5.491,,,,,,,,,,,,,
2023/4/13 13:00,0,0,0,4.872,,,,,,,,,,,,,
2023/4/13 14:00,0,0,0,4.66,,,,,,,,,,,,,
2023/4/13 15:00,0,0,0,4.569,,,,,,,,,,,,,
2023/4/13 16:00,0,0,0,4.055,,,,,,,,,,,,,
2023/4/13 17:00,0,0,0,3.668,,,,,,,,,,,,,
2023/4/13 18:00,0,0,0,3.341,,,,,,,,,,,,,
2023/4/13 19:00,0,0,0,3.066,,,,,,,,,,,,,
2023/4/13 20:00,0,0,0,2.37,,,,,,,,,,,,,
2023/4/13 21:00,0,0,0.008,1.684,,,,,,,,,,,,,
2023/4/13 22:00,0.094,0.035,0.082,4.242,,,,,,,,,,,,,
2023/4/13 23:00,0.316,0.23,0.122,7.393,,,,,,,,,,,,,
2023/4/14 0:00,0.541,0.508,0.112,9.997,,,,,,,,,,,,,
2023/4/14 1:00,0.705,0.724,0.123,12.279,,,,,,,,,,,,,
2023/4/14 2:00,0.799,0.858,0.137,14.046,,,,,,,,,,,,,
2023/4/14 3:00,0.843,0.927,0.146,15.2,,,,,,,,,,,,,
2023/4/14 4:00,0.862,0.974,0.135,15.985,,,,,,,,,,,,,
2023/4/14 5:00,0.816,0.908,0.129,16.36,,,,,,,,,,,,,
2023/4/14 6:00,0.718,0.766,0.119,16.198,,,,,,,,,,,,,
2023/4/14 7:00,0.566,0.564,0.106,15.456,,,,,,,,,,,,,
2023/4/14 8:00,0.362,0.327,0.089,14.159,,,,,,,,,,,,,
2023/4/14 9:00,0.131,0.096,0.065,12.328,,,,,,,,,,,,,
2023/4/14 10:00,0,0,0.011,8.156,,,,,,,,,,,,,
2023/4/14 11:00,0,0,0,5.676,,,,,,,,,,,,,
2023/4/14 12:00,0,0,0,4.53,,,,,,,,,,,,,
2023/4/14 13:00,0,0,0,3.518,,,,,,,,,,,,,
2023/4/14 14:00,0,0,0,2.657,,,,,,,,,,,,,
2023/4/14 15:00,0,0,0,1.905,,,,,,,,,,,,,
2023/4/14 16:00,0,0,0,1.128,,,,,,,,,,,,,
2023/4/14 17:00,0,0,0,0.256,,,,,,,,,,,,,
2023/4/14 18:00,0,0,0,-0.362,,,,,,,,,,,,,
2023/4/14 19:00,0,0,0,-0.79,,,,,,,,,,,,,
2023/4/14 20:00,0,0,0,-1.333,,,,,,,,,,,,,
2023/4/14 21:00,0,0,0.008,-1.535,,,,,,,,,,,,,
2023/4/14 22:00,0.109,0.067,0.064,0.761,,,,,,,,,,,,,
2023/4/14 23:00,0.34,0.278,0.093,3.605,,,,,,,,,,,,,
2023/4/15 0:00,0.548,0.478,0.137,5.966,,,,,,,,,,,,,
2023/4/15 1:00,0.702,0.663,0.159,7.787,,,,,,,,,,,,,
2023/4/15 2:00,0.779,0.746,0.191,9.204,,,,,,,,,,,,,
2023/4/15 3:00,0.776,0.701,0.237,10.149,,,,,,,,,,,,,
2023/4/15 4:00,0.637,0.414,0.33,10.351,,,,,,,,,,,,,
2023/4/15 5:00,0.522,0.252,0.344,10.17,,,,,,,,,,,,,
2023/4/15 6:00,0.396,0.136,0.309,9.685,,,,,,,,,,,,,
2023/4/15 7:00,0.295,0.084,0.247,9.078,,,,,,,,,,,,,
2023/4/15 8:00,0.181,0.04,0.17,8.283,,,,,,,,,,,,,
2023/4/15 9:00,0.07,0.01,0.084,7.32,,,,,,,,,,,,,
2023/4/15 10:00,0,0,0.011,5.288,,,,,,,,,,,,,
2023/4/15 11:00,0,0,0,3.625,,,,,,,,,,,,,
2023/4/15 12:00,0,0,0,2.714,,,,,,,,,,,,,
2023/4/15 13:00,0,0,0,1.828,,,,,,,,,,,,,
2023/4/15 14:00,0,0,0,1.008,,,,,,,,,,,,,
2023/4/15 15:00,0,0,0,0.248,,,,,,,,,,,,,
2023/4/15 16:00,0,0,0,-0.555,,,,,,,,,,,,,
2023/4/15 17:00,0,0,0,-1.311,,,,,,,,,,,,,
2023/4/15 18:00,0,0,0,-1.979,,,,,,,,,,,,,
2023/4/15 19:00,0,0,0,-2.514,,,,,,,,,,,,,
2023/4/15 20:00,0,0,0,-2.942,,,,,,,,,,,,,
2023/4/15 21:00,0,0,0.01,-2.984,,,,,,,,,,,,,
2023/4/15 22:00,0.112,0.055,0.078,0.259,,,,,,,,,,,,,
2023/4/15 23:00,0.332,0.244,0.118,3.766,,,,,,,,,,,,,
2023/4/16 0:00,0.525,0.422,0.168,6.619,,,,,,,,,,,,,
2023/4/16 1:00,0.639,0.518,0.221,8.5,,,,,,,,,,,,,
2023/4/16 2:00,0.687,0.534,0.277,9.992,,,,,,,,,,,,,
2023/4/16 3:00,0.731,0.587,0.292,11.221,,,,,,,,,,,,,
2023/4/16 4:00,0.657,0.434,0.343,11.938,,,,,,,,,,,,,
2023/4/16 5:00,0.494,0.199,0.369,12.139,,,,,,,,,,,,,
2023/4/16 6:00,0.434,0.17,0.326,12.492,,,,,,,,,,,,,
2023/4/16 7:00,0.307,0.088,0.262,12.582,,,,,,,,,,,,,
2023/4/16 8:00,0.167,0.028,0.17,12.222,,,,,,,,,,,,,
2023/4/16 9:00,0.074,0.01,0.09,11.316,,,,,,,,,,,,,
2023/4/16 10:00,0,0,0.013,8.36,,,,,,,,,,,,,
2023/4/16 11:00,0,0,0,7.484,,,,,,,,,,,,,
2023/4/16 12:00,0,0,0,7.379,,,,,,,,,,,,,
2023/4/16 13:00,0,0,0,6.729,,,,,,,,,,,,,
2023/4/16 14:00,0,0,0,6.033,,,,,,,,,,,,,
2023/4/16 15:00,0,0,0,5.33,,,,,,,,,,,,,
2023/4/16 16:00,0,0,0,4.543,,,,,,,,,,,,,
2023/4/16 17:00,0,0,0,3.852,,,,,,,,,,,,,
2023/4/16 18:00,0,0,0,3.116,,,,,,,,,,,,,
2023/4/16 19:00,0,0,0,2.594,,,,,,,,,,,,,
2023/4/16 20:00,0,0,0,2.324,,,,,,,,,,,,,
2023/4/16 21:00,0,0,0.004,2.951,,,,,,,,,,,,,
2023/4/16 22:00,0.02,0.001,0.039,4.14,,,,,,,,,,,,,
2023/4/16 23:00,0.037,0.001,0.057,4.692,,,,,,,,,,,,,
2023/4/17 0:00,0.099,0.005,0.118,4.818,,,,,,,,,,,,,
2023/4/17 1:00,0.414,0.148,0.314,8.034,,,,,,,,,,,,,
2023/4/17 2:00,0.622,0.426,0.308,12.713,,,,,,,,,,,,,
2023/4/17 3:00,0.734,0.641,0.27,16.448,,,,,,,,,,,,,
2023/4/17 4:00,0.711,0.606,0.284,18.941,,,,,,,,,,,,,
2023/4/17 5:00,0.565,0.349,0.337,20.104,,,,,,,,,,,,,
2023/4/17 6:00,0.402,0.153,0.323,20.357,,,,,,,,,,,,,
2023/4/17 7:00,0.272,0.069,0.254,20.093,,,,,,,,,,,,,
2023/4/17 8:00,0.152,0.024,0.164,19.211,,,,,,,,,,,,,
2023/4/17 9:00,0.042,0.003,0.064,16.699,,,,,,,,,,,,,
2023/4/17 10:00,0,0,0.01,14.027,,,,,,,,,,,,,
2023/4/17 11:00,0,0,0,11.963,,,,,,,,,,,,,
2023/4/17 12:00,0,0,0,11.354,,,,,,,,,,,,,
2023/4/17 13:00,0,0,0,10.406,,,,,,,,,,,,,
2023/4/17 14:00,0,0,0,9.475,,,,,,,,,,,,,
2023/4/17 15:00,0,0,0,7.458,,,,,,,,,,,,,
2023/4/17 16:00,0,0,0,6.364,,,,,,,,,,,,,
2023/4/17 17:00,0,0,0,5.74,,,,,,,,,,,,,
2023/4/17 18:00,0,0,0,5.424,,,,,,,,,,,,,
2023/4/17 19:00,0,0,0,4.822,,,,,,,,,,,,,
2023/4/17 20:00,0,0,0,3.534,,,,,,,,,,,,,
2023/4/17 21:00,0,0,0.012,2.539,,,,,,,,,,,,,
2023/4/17 22:00,0.118,0.06,0.082,4.869,,,,,,,,,,,,,
2023/4/17 23:00,0.339,0.257,0.121,7.528,,,,,,,,,,,,,
2023/4/18 0:00,0.549,0.513,0.116,9.997,,,,,,,,,,,,,
2023/4/18 1:00,0.689,0.686,0.139,12.455,,,,,,,,,,,,,
2023/4/18 2:00,0.761,0.776,0.166,14.948,,,,,,,,,,,,,
2023/4/18 3:00,0.786,0.808,0.186,17.166,,,,,,,,,,,,,
2023/4/18 4:00,0.814,0.887,0.164,19.146,,,,,,,,,,,,,
2023/4/18 5:00,0.782,0.863,0.146,20.676,,,,,,,,,,,,,
2023/4/18 6:00,0.681,0.719,0.138,21.557,,,,,,,,,,,,,
2023/4/18 7:00,0.533,0.526,0.123,21.89,,,,,,,,,,,,,
2023/4/18 8:00,0.34,0.3,0.104,21.544,,,,,,,,,,,,,
2023/4/18 9:00,0.128,0.086,0.076,19.407,,,,,,,,,,,,,
2023/4/18 10:00,0,0,0.015,14.656,,,,,,,,,,,,,
2023/4/18 11:00,0,0,0,13.222,,,,,,,,,,,,,
2023/4/18 12:00,0,0,0,12.888,,,,,,,,,,,,,
2023/4/18 13:00,0,0,0,11.973,,,,,,,,,,,,,
2023/4/18 14:00,0,0,0,11.196,,,,,,,,,,,,,
2023/4/18 15:00,0,0,0,10.612,,,,,,,,,,,,,
2023/4/18 16:00,0,0,0,9.751,,,,,,,,,,,,,
2023/4/18 17:00,0,0,0,8.898,,,,,,,,,,,,,
2023/4/18 18:00,0,0,0,8.201,,,,,,,,,,,,,
2023/4/18 19:00,0,0,0,7.696,,,,,,,,,,,,,
2023/4/18 20:00,0,0,0,7.305,,,,,,,,,,,,,
2023/4/18 21:00,0,0,0.012,7.112,,,,,,,,,,,,,
2023/4/18 22:00,0.102,0.046,0.082,8.913,,,,,,,,,,,,,
2023/4/18 23:00,0.265,0.16,0.144,12.006,,,,,,,,,,,,,
2023/4/19 0:00,0.332,0.125,0.259,15.504,,,,,,,,,,,,,
2023/4/19 1:00,0.345,0.091,0.313,17.884,,,,,,,,,,,,,
2023/4/19 2:00,0.67,0.573,0.268,21.39,,,,,,,,,,,,,
2023/4/19 3:00,0.59,0.372,0.363,23.657,,,,,,,,,,,,,
2023/4/19 4:00,0.319,0.051,0.334,23.753,,,,,,,,,,,,,
2023/4/19 5:00,0.394,0.112,0.365,24.568,,,,,,,,,,,,,
2023/4/19 6:00,0.534,0.384,0.282,26.029,,,,,,,,,,,,,
2023/4/19 7:00,0.446,0.33,0.219,26.376,,,,,,,,,,,,,
2023/4/19 8:00,0.274,0.154,0.18,25.597,,,,,,,,,,,,,
2023/4/19 9:00,0.093,0.019,0.107,23.76,,,,,,,,,,,,,
2023/4/19 10:00,0,0,0.008,21.422,,,,,,,,,,,,,
2023/4/19 11:00,0,0,0,20.064,,,,,,,,,,,,,
2023/4/19 12:00,0,0,0,18.184,,,,,,,,,,,,,
2023/4/19 13:00,0,0,0,16.305,,,,,,,,,,,,,
2023/4/19 14:00,0,0,0,14.384,,,,,,,,,,,,,
2023/4/19 15:00,0,0,0,12.425,,,,,,,,,,,,,
2023/4/19 16:00,0,0,0,10.548,,,,,,,,,,,,,
2023/4/19 17:00,0,0,0,8.784,,,,,,,,,,,,,
2023/4/19 18:00,0,0,0,8.226,,,,,,,,,,,,,
2023/4/19 19:00,0,0,0,7.318,,,,,,,,,,,,,
2023/4/19 20:00,0,0,0,5.798,,,,,,,,,,,,,
2023/4/19 21:00,0,0,0.005,4.863,,,,,,,,,,,,,
2023/4/19 22:00,0.039,0.002,0.058,5.036,,,,,,,,,,,,,
2023/4/19 23:00,0.168,0.027,0.166,5.565,,,,,,,,,,,,,
2023/4/20 0:00,0.358,0.152,0.244,6.441,,,,,,,,,,,,,
2023/4/20 1:00,0.535,0.333,0.272,7.754,,,,,,,,,,,,,
2023/4/20 2:00,0.674,0.52,0.269,9.138,,,,,,,,,,,,,
2023/4/20 3:00,0.785,0.719,0.233,10.469,,,,,,,,,,,,,
2023/4/20 4:00,0.806,0.773,0.218,11.629,,,,,,,,,,,,,
2023/4/20 5:00,0.768,0.735,0.203,12.344,,,,,,,,,,,,,
2023/4/20 6:00,0.68,0.63,0.182,12.608,,,,,,,,,,,,,
2023/4/20 7:00,0.529,0.449,0.164,12.357,,,,,,,,,,,,,
2023/4/20 8:00,0.307,0.189,0.159,11.546,,,,,,,,,,,,,
2023/4/20 9:00,0.095,0.019,0.102,10.373,,,,,,,,,,,,,
2023/4/20 10:00,0,0,0.01,8.414,,,,,,,,,,,,,
2023/4/20 11:00,0,0,0,6.836,,,,,,,,,,,,,
2023/4/20 12:00,0,0,0,6.146,,,,,,,,,,,,,
2023/4/20 13:00,0,0,0,5.429,,,,,,,,,,,,,
2023/4/20 14:00,0,0,0,4.796,,,,,,,,,,,,,
2023/4/20 15:00,0,0,0,4.159,,,,,,,,,,,,,
2023/4/20 16:00,0,0,0,3.255,,,,,,,,,,,,,
2023/4/20 17:00,0,0,0,2.533,,,,,,,,,,,,,
2023/4/20 18:00,0,0,0,1.797,,,,,,,,,,,,,
2023/4/20 19:00,0,0,0,0.869,,,,,,,,,,,,,
2023/4/20 20:00,0,0,0,-0.353,,,,,,,,,,,,,
2023/4/20 21:00,0,0,0.014,-0.737,,,,,,,,,,,,,
2023/4/20 22:00,0.061,0.006,0.077,1.337,,,,,,,,,,,,,
2023/4/20 23:00,0.212,0.062,0.175,3.15,,,,,,,,,,,,,
2023/4/21 0:00,0.565,0.519,0.117,5.819,,,,,,,,,,,,,
2023/4/21 1:00,0.73,0.735,0.127,8.43,,,,,,,,,,,,,
2023/4/21 2:00,0.831,0.886,0.137,10.596,,,,,,,,,,,,,
2023/4/21 3:00,0.874,0.956,0.145,12.14,,,,,,,,,,,,,
2023/4/21 4:00,0.87,0.956,0.147,13.184,,,,,,,,,,,,,
2023/4/21 5:00,0.815,0.875,0.145,13.919,,,,,,,,,,,,,
2023/4/21 6:00,0.71,0.725,0.139,14.309,,,,,,,,,,,,,
2023/4/21 7:00,0.556,0.528,0.126,14.313,,,,,,,,,,,,,
2023/4/21 8:00,0.355,0.299,0.108,13.771,,,,,,,,,,,,,
2023/4/21 9:00,0.135,0.083,0.082,12.501,,,,,,,,,,,,,
2023/4/21 10:00,0.003,0,0.019,8.655,,,,,,,,,,,,,
2023/4/21 11:00,0,0,0,6.726,,,,,,,,,,,,,
2023/4/21 12:00,0,0,0,5.99,,,,,,,,,,,,,
2023/4/21 13:00,0,0,0,5.039,,,,,,,,,,,,,
2023/4/21 14:00,0,0,0,4.593,,,,,,,,,,,,,
2023/4/21 15:00,0,0,0,4.65,,,,,,,,,,,,,
2023/4/21 16:00,0,0,0,4.571,,,,,,,,,,,,,
2023/4/21 17:00,0,0,0,4.317,,,,,,,,,,,,,
2023/4/21 18:00,0,0,0,4.246,,,,,,,,,,,,,
2023/4/21 19:00,0,0,0,4.081,,,,,,,,,,,,,
2023/4/21 20:00,0,0,0,3.909,,,,,,,,,,,,,
2023/4/21 21:00,0,0,0.011,3.845,,,,,,,,,,,,,
2023/4/21 22:00,0.075,0.013,0.085,4.866,,,,,,,,,,,,,
2023/4/21 23:00,0.251,0.121,0.161,6.899,,,,,,,,,,,,,
2023/4/22 0:00,0.519,0.439,0.149,8.521,,,,,,,,,,,,,
2023/4/22 1:00,0.681,0.64,0.161,9.758,,,,,,,,,,,,,
2023/4/22 2:00,0.793,0.797,0.167,10.557,,,,,,,,,,,,,
2023/4/22 3:00,0.857,0.903,0.165,11.201,,,,,,,,,,,,,
2023/4/22 4:00,0.86,0.912,0.164,11.77,,,,,,,,,,,,,
2023/4/22 5:00,0.812,0.845,0.158,12.217,,,,,,,,,,,,,
2023/4/22 6:00,0.714,0.711,0.148,12.203,,,,,,,,,,,,,
2023/4/22 7:00,0.562,0.52,0.133,11.692,,,,,,,,,,,,,
2023/4/22 8:00,0.362,0.295,0.113,10.66,,,,,,,,,,,,,
2023/4/22 9:00,0.141,0.083,0.085,9.336,,,,,,,,,,,,,
2023/4/22 10:00,0.004,0,0.02,6.171,,,,,,,,,,,,,
2023/4/22 11:00,0,0,0,3.476,,,,,,,,,,,,,
2023/4/22 12:00,0,0,0,2.59,,,,,,,,,,,,,
2023/4/22 13:00,0,0,0,2.079,,,,,,,,,,,,,
2023/4/22 14:00,0,0,0,2.454,,,,,,,,,,,,,
2023/4/22 15:00,0,0,0,3.13,,,,,,,,,,,,,
2023/4/22 16:00,0,0,0,2.086,,,,,,,,,,,,,
2023/4/22 17:00,0,0,0,0.909,,,,,,,,,,,,,
2023/4/22 18:00,0,0,0,0.747,,,,,,,,,,,,,
2023/4/22 19:00,0,0,0,0.376,,,,,,,,,,,,,
2023/4/22 20:00,0,0,0,-0.269,,,,,,,,,,,,,
2023/4/22 21:00,0,0,0.009,-0.742,,,,,,,,,,,,,
2023/4/22 22:00,0.05,0.004,0.067,-0.211,,,,,,,,,,,,,
2023/4/22 23:00,0.161,0.028,0.155,1.54,,,,,,,,,,,,,
2023/4/23 0:00,0.285,0.072,0.242,4.339,,,,,,,,,,,,,
2023/4/23 1:00,0.427,0.166,0.308,6.552,,,,,,,,,,,,,
2023/4/23 2:00,0.528,0.254,0.343,8.081,,,,,,,,,,,,,
2023/4/23 3:00,0.697,0.525,0.297,9.574,,,,,,,,,,,,,
2023/4/23 4:00,0.736,0.612,0.27,10.781,,,,,,,,,,,,,
2023/4/23 5:00,0.703,0.59,0.251,11.727,,,,,,,,,,,,,
2023/4/23 6:00,0.652,0.572,0.202,12.475,,,,,,,,,,,,,
2023/4/23 7:00,0.547,0.486,0.151,12.89,,,,,,,,,,,,,
2023/4/23 8:00,0.339,0.249,0.137,12.815,,,,,,,,,,,,,
2023/4/23 9:00,0.127,0.05,0.105,12.044,,,,,,,,,,,,,
2023/4/23 10:00,0.006,0,0.023,8.482,,,,,,,,,,,,,
2023/4/23 11:00,0,0,0,6.649,,,,,,,,,,,,,
2023/4/23 12:00,0,0,0,6.091,,,,,,,,,,,,,
2023/4/23 13:00,0,0,0,5.439,,,,,,,,,,,,,
2023/4/23 14:00,0,0,0,4.281,,,,,,,,,,,,,
2023/4/23 15:00,0,0,0,3.051,,,,,,,,,,,,,
2023/4/23 16:00,0,0,0,2.266,,,,,,,,,,,,,
2023/4/23 17:00,0,0,0,1.776,,,,,,,,,,,,,
2023/4/23 18:00,0,0,0,1.486,,,,,,,,,,,,,
2023/4/23 19:00,0,0,0,1.248,,,,,,,,,,,,,
2023/4/23 20:00,0,0,0,1.004,,,,,,,,,,,,,
2023/4/23 21:00,0.002,0,0.017,1.065,,,,,,,,,,,,,
2023/4/23 22:00,0.112,0.037,0.098,3.554,,,,,,,,,,,,,
2023/4/23 23:00,0.301,0.185,0.15,6.649,,,,,,,,,,,,,
2023/4/24 0:00,0.491,0.382,0.179,10.798,,,,,,,,,,,,,
2023/4/24 1:00,0.641,0.57,0.194,13.876,,,,,,,,,,,,,
2023/4/24 2:00,0.743,0.719,0.203,16.18,,,,,,,,,,,,,
2023/4/24 3:00,0.806,0.837,0.195,18.085,,,,,,,,,,,,,
2023/4/24 4:00,0.808,0.852,0.192,19.499,,,,,,,,,,,,,
2023/4/24 5:00,0.747,0.756,0.196,20.305,,,,,,,,,,,,,
2023/4/24 6:00,0.622,0.558,0.209,20.502,,,,,,,,,,,,,
2023/4/24 7:00,0.447,0.317,0.215,20.091,,,,,,,,,,,,,
2023/4/24 8:00,0.26,0.122,0.185,19.117,,,,,,,,,,,,,
2023/4/24 9:00,0.101,0.021,0.11,17.403,,,,,,,,,,,,,
2023/4/24 10:00,0.005,0,0.022,14.726,,,,,,,,,,,,,
2023/4/24 11:00,0,0,0,13.014,,,,,,,,,,,,,
2023/4/24 12:00,0,0,0,11.623,,,,,,,,,,,,,
2023/4/24 13:00,0,0,0,10.618,,,,,,,,,,,,,
2023/4/24 14:00,0,0,0,9.674,,,,,,,,,,,,,
2023/4/24 15:00,0,0,0,8.688,,,,,,,,,,,,,
2023/4/24 16:00,0,0,0,7.755,,,,,,,,,,,,,
2023/4/24 17:00,0,0,0,6.861,,,,,,,,,,,,,
2023/4/24 18:00,0,0,0,6.066,,,,,,,,,,,,,
2023/4/24 19:00,0,0,0,5.408,,,,,,,,,,,,,
2023/4/24 20:00,0,0,0,4.875,,,,,,,,,,,,,
2023/4/24 21:00,0,0,0.008,4.606,,,,,,,,,,,,,
2023/4/24 22:00,0.043,0.003,0.062,5.313,,,,,,,,,,,,,
2023/4/24 23:00,0.169,0.031,0.166,7.427,,,,,,,,,,,,,
2023/4/25 0:00,0.401,0.216,0.237,10.342,,,,,,,,,,,,,
2023/4/25 1:00,0.529,0.33,0.279,11.285,,,,,,,,,,,,,
2023/4/25 2:00,0.545,0.281,0.343,10.032,,,,,,,,,,,,,
2023/4/25 3:00,0.512,0.199,0.38,8.448,,,,,,,,,,,,,
2023/4/25 4:00,0.547,0.241,0.378,7.747,,,,,,,,,,,,,
2023/4/25 5:00,0.53,0.238,0.357,6.752,,,,,,,,,,,,,
2023/4/25 6:00,0.422,0.144,0.322,5.779,,,,,,,,,,,,,
2023/4/25 7:00,0.342,0.111,0.265,5.455,,,,,,,,,,,,,
2023/4/25 8:00,0.293,0.142,0.182,5.571,,,,,,,,,,,,,
2023/4/25 9:00,0.144,0.068,0.101,5.541,,,,,,,,,,,,,
2023/4/25 10:00,0.007,0,0.024,3.954,,,,,,,,,,,,,
2023/4/25 11:00,0,0,0,1.375,,,,,,,,,,,,,
2023/4/25 12:00,0,0,0,0.714,,,,,,,,,,,,,
2023/4/25 13:00,0,0,0,0.381,,,,,,,,,,,,,
2023/4/25 14:00,0,0,0,0.082,,,,,,,,,,,,,
2023/4/25 15:00,0,0,0,-0.509,,,,,,,,,,,,,
2023/4/25 16:00,0,0,0,-1.474,,,,,,,,,,,,,
2023/4/25 17:00,0,0,0,-2.473,,,,,,,,,,,,,
2023/4/25 18:00,0,0,0,-3.239,,,,,,,,,,,,,
2023/4/25 19:00,0,0,0,-3.75,,,,,,,,,,,,,
2023/4/25 20:00,0,0,0,-3.983,,,,,,,,,,,,,
2023/4/25 21:00,0.003,0,0.018,-3.29,,,,,,,,,,,,,
2023/4/25 22:00,0.139,0.082,0.079,1.23,,,,,,,,,,,,,
2023/4/25 23:00,0.368,0.297,0.107,4.984,,,,,,,,,,,,,
2023/4/26 0:00,0.572,0.538,0.116,8.545,,,,,,,,,,,,,
2023/4/26 1:00,0.724,0.737,0.131,11.046,,,,,,,,,,,,,
2023/4/26 2:00,0.82,0.881,0.142,13.238,,,,,,,,,,,,,
2023/4/26 3:00,0.866,0.962,0.147,15.072,,,,,,,,,,,,,
2023/4/26 4:00,0.861,0.961,0.149,16.453,,,,,,,,,,,,,
2023/4/26 5:00,0.806,0.879,0.148,17.383,,,,,,,,,,,,,
2023/4/26 6:00,0.694,0.709,0.148,17.803,,,,,,,,,,,,,
2023/4/26 7:00,0.518,0.461,0.155,17.606,,,,,,,,,,,,,
2023/4/26 8:00,0.281,0.157,0.17,16.608,,,,,,,,,,,,,
2023/4/26 9:00,0.089,0.014,0.103,14.985,,,,,,,,,,,,,
2023/4/26 10:00,0,0,0.015,12.875,,,,,,,,,,,,,
2023/4/26 11:00,0,0,0,11.445,,,,,,,,,,,,,
2023/4/26 12:00,0,0,0,10.54,,,,,,,,,,,,,
2023/4/26 13:00,0,0,0,9.338,,,,,,,,,,,,,
2023/4/26 14:00,0,0,0,8.664,,,,,,,,,,,,,
2023/4/26 15:00,0,0,0,7.668,,,,,,,,,,,,,
2023/4/26 16:00,0,0,0,6.969,,,,,,,,,,,,,
2023/4/26 17:00,0,0,0,6.24,,,,,,,,,,,,,
2023/4/26 18:00,0,0,0,5.794,,,,,,,,,,,,,
2023/4/26 19:00,0,0,0,5.468,,,,,,,,,,,,,
2023/4/26 20:00,0,0,0,5.281,,,,,,,,,,,,,
2023/4/26 21:00,0.003,0,0.019,5.548,,,,,,,,,,,,,
2023/4/26 22:00,0.112,0.038,0.099,7.466,,,,,,,,,,,,,
2023/4/26 23:00,0.278,0.158,0.158,10.829,,,,,,,,,,,,,
2023/4/27 0:00,0.402,0.183,0.28,14.512,,,,,,,,,,,,,
2023/4/27 1:00,0.595,0.44,0.28,18.338,,,,,,,,,,,,,
2023/4/27 2:00,0.622,0.42,0.35,21.369,,,,,,,,,,,,,
2023/4/27 3:00,0.344,0.047,0.361,21.348,,,,,,,,,,,,,
2023/4/27 4:00,0.194,0.01,0.225,19.566,,,,,,,,,,,,,
2023/4/27 5:00,0.163,0.007,0.193,17.913,,,,,,,,,,,,,
2023/4/27 6:00,0.206,0.014,0.232,17.759,,,,,,,,,,,,,
2023/4/27 7:00,0.277,0.049,0.277,18.226,,,,,,,,,,,,,
2023/4/27 8:00,0.092,0.004,0.117,16.586,,,,,,,,,,,,,
2023/4/27 9:00,0.022,0.001,0.043,14.438,,,,,,,,,,,,,
2023/4/27 10:00,0,0,0.007,12.748,,,,,,,,,,,,,
2023/4/27 11:00,0,0,0,11.599,,,,,,,,,,,,,
2023/4/27 12:00,0,0,0,11.042,,,,,,,,,,,,,
2023/4/27 13:00,0,0,0,10.503,,,,,,,,,,,,,
2023/4/27 14:00,0,0,0,10.245,,,,,,,,,,,,,
2023/4/27 15:00,0,0,0,9.869,,,,,,,,,,,,,
2023/4/27 16:00,0,0,0,9.114,,,,,,,,,,,,,
2023/4/27 17:00,0,0,0,8.416,,,,,,,,,,,,,
2023/4/27 18:00,0,0,0,7.732,,,,,,,,,,,,,
2023/4/27 19:00,0,0,0,7.145,,,,,,,,,,,,,
2023/4/27 20:00,0,0,0,6.633,,,,,,,,,,,,,
2023/4/27 21:00,0,0,0.005,6.339,,,,,,,,,,,,,
2023/4/27 22:00,0.017,0,0.036,7.077,,,,,,,,,,,,,
2023/4/27 23:00,0.114,0.007,0.133,8.971,,,,,,,,,,,,,
2023/4/28 0:00,0.411,0.217,0.252,12.56,,,,,,,,,,,,,
2023/4/28 1:00,0.634,0.543,0.221,16.09,,,,,,,,,,,,,
2023/4/28 2:00,0.688,0.584,0.268,18.298,,,,,,,,,,,,,
2023/4/28 3:00,0.709,0.59,0.299,19.482,,,,,,,,,,,,,
2023/4/28 4:00,0.728,0.637,0.284,20.051,,,,,,,,,,,,,
2023/4/28 5:00,0.69,0.593,0.272,20.274,,,,,,,,,,,,,
2023/4/28 6:00,0.537,0.346,0.302,19.886,,,,,,,,,,,,,
2023/4/28 7:00,0.334,0.111,0.282,18.825,,,,,,,,,,,,,
2023/4/28 8:00,0.176,0.027,0.185,17.05,,,,,,,,,,,,,
2023/4/28 9:00,0.052,0.003,0.074,14.41,,,,,,,,,,,,,
2023/4/28 10:00,0,0,0.01,11.483,,,,,,,,,,,,,
2023/4/28 11:00,0,0,0,9.33,,,,,,,,,,,,,
2023/4/28 12:00,0,0,0,8.076,,,,,,,,,,,,,
2023/4/28 13:00,0,0,0,7.389,,,,,,,,,,,,,
2023/4/28 14:00,0,0,0,6.967,,,,,,,,,,,,,
2023/4/28 15:00,0,0,0,6.218,,,,,,,,,,,,,
2023/4/28 16:00,0,0,0,5.562,,,,,,,,,,,,,
2023/4/28 17:00,0,0,0,4.94,,,,,,,,,,,,,
2023/4/28 18:00,0,0,0,4.231,,,,,,,,,,,,,
2023/4/28 19:00,0,0,0,3.719,,,,,,,,,,,,,
2023/4/28 20:00,0,0,0,3.16,,,,,,,,,,,,,
2023/4/28 21:00,0,0,0.006,2.952,,,,,,,,,,,,,
2023/4/28 22:00,0.02,0.001,0.039,3.693,,,,,,,,,,,,,
2023/4/28 23:00,0.078,0.004,0.098,4.986,,,,,,,,,,,,,
2023/4/29 0:00,0.197,0.024,0.2,7.012,,,,,,,,,,,,,
2023/4/29 1:00,0.479,0.241,0.303,9.846,,,,,,,,,,,,,
2023/4/29 2:00,0.771,0.75,0.192,12.352,,,,,,,,,,,,,
2023/4/29 3:00,0.795,0.771,0.216,13.676,,,,,,,,,,,,,
2023/4/29 4:00,0.733,0.629,0.267,14.271,,,,,,,,,,,,,
2023/4/29 5:00,0.607,0.405,0.316,14.378,,,,,,,,,,,,,
2023/4/29 6:00,0.463,0.218,0.317,14.094,,,,,,,,,,,,,
2023/4/29 7:00,0.386,0.183,0.259,13.815,,,,,,,,,,,,,
2023/4/29 8:00,0.274,0.125,0.19,13.222,,,,,,,,,,,,,
2023/4/29 9:00,0.133,0.047,0.115,12.124,,,,,,,,,,,,,
2023/4/29 10:00,0.012,0,0.03,9.717,,,,,,,,,,,,,
2023/4/29 11:00,0,0,0,6.82,,,,,,,,,,,,,
2023/4/29 12:00,0,0,0,5.798,,,,,,,,,,,,,
2023/4/29 13:00,0,0,0,5.263,,,,,,,,,,,,,
2023/4/29 14:00,0,0,0,4.816,,,,,,,,,,,,,
2023/4/29 15:00,0,0,0,3.993,,,,,,,,,,,,,
2023/4/29 16:00,0,0,0,2.901,,,,,,,,,,,,,
2023/4/29 17:00,0,0,0,2.005,,,,,,,,,,,,,
2023/4/29 18:00,0,0,0,1.3,,,,,,,,,,,,,
2023/4/29 19:00,0,0,0,0.732,,,,,,,,,,,,,
2023/4/29 20:00,0,0,0,0.285,,,,,,,,,,,,,
2023/4/29 21:00,0.006,0,0.022,0.714,,,,,,,,,,,,,
2023/4/29 22:00,0.14,0.075,0.088,3.585,,,,,,,,,,,,,
2023/4/29 23:00,0.352,0.272,0.12,7.345,,,,,,,,,,,,,
2023/4/30 0:00,0.543,0.489,0.133,10.11,,,,,,,,,,,,,
2023/4/30 1:00,0.684,0.66,0.155,11.864,,,,,,,,,,,,,
2023/4/30 2:00,0.779,0.792,0.168,13.326,,,,,,,,,,,,,
2023/4/30 3:00,0.837,0.893,0.166,14.492,,,,,,,,,,,,,
2023/4/30 4:00,0.847,0.92,0.159,15.382,,,,,,,,,,,,,
2023/4/30 5:00,0.8,0.855,0.154,16.033,,,,,,,,,,,,,
2023/4/30 6:00,0.698,0.709,0.148,16.359,,,,,,,,,,,,,
2023/4/30 7:00,0.551,0.521,0.134,16.364,,,,,,,,,,,,,
2023/4/30 8:00,0.343,0.268,0.129,15.939,,,,,,,,,,,,,
2023/4/30 9:00,0.123,0.04,0.114,14.898,,,,,,,,,,,,,
2023/4/30 10:00,0.014,0,0.034,11.615,,,,,,,,,,,,,
2023/4/30 11:00,0,0,0,8.609,,,,,,,,,,,,,
2023/4/30 12:00,0,0,0,7.3,,,,,,,,,,,,,
2023/4/30 13:00,0,0,0,6.205,,,,,,,,,,,,,
2023/4/30 14:00,0,0,0,5.04,,,,,,,,,,,,,
2023/4/30 15:00,0,0,0,3.724,,,,,,,,,,,,,
2023/4/30 16:00,0,0,0,2.636,,,,,,,,,,,,,
2023/4/30 17:00,0,0,0,2.02,,,,,,,,,,,,,
2023/4/30 18:00,0,0,0,2.026,,,,,,,,,,,,,
2023/4/30 19:00,0,0,0,2.189,,,,,,,,,,,,,
2023/4/30 20:00,0,0,0,2.205,,,,,,,,,,,,,
2023/4/30 21:00,0.011,0,0.028,2.383,,,,,,,,,,,,,
2023/4/30 22:00,0.139,0.082,0.081,4.753,,,,,,,,,,,,,
2023/4/30 23:00,0.352,0.282,0.11,7.876,,,,,,,,,,,,,
2023/5/1 0:00,0.537,0.478,0.144,12.483,,,,,,,,,,,,,
2023/5/1 1:00,0.675,0.658,0.164,15.985,,,,,,,,,,,,,
2023/5/1 2:00,0.757,0.778,0.181,18.931,,,,,,,,,,,,,
2023/5/1 3:00,0.793,0.839,0.192,21.117,,,,,,,,,,,,,
2023/5/1 4:00,0.799,0.867,0.185,22.773,,,,,,,,,,,,,
2023/5/1 5:00,0.751,0.801,0.18,23.923,,,,,,,,,,,,,
2023/5/1 6:00,0.646,0.641,0.179,24.417,,,,,,,,,,,,,
2023/5/1 7:00,0.503,0.45,0.167,24.333,,,,,,,,,,,,,
2023/5/1 8:00,0.32,0.236,0.149,23.525,,,,,,,,,,,,,
2023/5/1 9:00,0.118,0.032,0.12,21.738,,,,,,,,,,,,,
2023/5/1 10:00,0.009,0,0.028,18.981,,,,,,,,,,,,,
2023/5/1 11:00,0,0,0,16.228,,,,,,,,,,,,,
2023/5/1 12:00,0,0,0,14.2,,,,,,,,,,,,,
2023/5/1 13:00,0,0,0,12.712,,,,,,,,,,,,,
2023/5/1 14:00,0,0,0,11.542,,,,,,,,,,,,,
2023/5/1 15:00,0,0,0,10.665,,,,,,,,,,,,,
2023/5/1 16:00,0,0,0,9.992,,,,,,,,,,,,,
2023/5/1 17:00,0,0,0,9.514,,,,,,,,,,,,,
2023/5/1 18:00,0,0,0,9.426,,,,,,,,,,,,,
2023/5/1 19:00,0,0,0,9.69,,,,,,,,,,,,,
2023/5/1 20:00,0,0,0,10.078,,,,,,,,,,,,,
2023/5/1 21:00,0.001,0,0.016,10.362,,,,,,,,,,,,,
2023/5/1 22:00,0.093,0.015,0.105,11.779,,,,,,,,,,,,,
2023/5/1 23:00,0.282,0.157,0.169,14.147,,,,,,,,,,,,,
2023/5/2 0:00,0.461,0.347,0.195,17.373,,,,,,,,,,,,,
2023/5/2 1:00,0.597,0.516,0.215,20.4,,,,,,,,,,,,,
2023/5/2 2:00,0.685,0.643,0.228,22.863,,,,,,,,,,,,,
2023/5/2 3:00,0.727,0.708,0.237,24.544,,,,,,,,,,,,,
2023/5/2 4:00,0.725,0.712,0.237,25.682,,,,,,,,,,,,,
2023/5/2 5:00,0.68,0.648,0.233,26.302,,,,,,,,,,,,,
2023/5/2 6:00,0.601,0.551,0.212,26.436,,,,,,,,,,,,,
2023/5/2 7:00,0.466,0.378,0.196,25.953,,,,,,,,,,,,,
2023/5/2 8:00,0.296,0.188,0.17,24.922,,,,,,,,,,,,,
2023/5/2 9:00,0.126,0.043,0.12,23.443,,,,,,,,,,,,,
2023/5/2 10:00,0.016,0,0.037,21.249,,,,,,,,,,,,,
2023/5/2 11:00,0,0,0,19.164,,,,,,,,,,,,,
2023/5/2 12:00,0,0,0,17.805,,,,,,,,,,,,,
2023/5/2 13:00,0,0,0,16.543,,,,,,,,,,,,,
2023/5/2 14:00,0,0,0,15.497,,,,,,,,,,,,,
2023/5/2 15:00,0,0,0,14.804,,,,,,,,,,,,,
2023/5/2 16:00,0,0,0,14.245,,,,,,,,,,,,,
2023/5/2 17:00,0,0,0,13.712,,,,,,,,,,,,,
2023/5/2 18:00,0,0,0,13.192,,,,,,,,,,,,,
2023/5/2 19:00,0,0,0,12.971,,,,,,,,,,,,,
2023/5/2 20:00,0,0,0,12.664,,,,,,,,,,,,,
2023/5/2 21:00,0.01,0,0.029,12.745,,,,,,,,,,,,,
2023/5/2 22:00,0.119,0.039,0.11,14.619,,,,,,,,,,,,,
2023/5/2 23:00,0.292,0.181,0.161,17.686,,,,,,,,,,,,,
2023/5/3 0:00,0.46,0.366,0.187,21.532,,,,,,,,,,,,,
2023/5/3 1:00,0.592,0.535,0.206,24.244,,,,,,,,,,,,,
2023/5/3 2:00,0.679,0.659,0.22,26.164,,,,,,,,,,,,,
2023/5/3 3:00,0.733,0.755,0.218,27.628,,,,,,,,,,,,,
2023/5/3 4:00,0.728,0.75,0.222,28.567,,,,,,,,,,,,,
2023/5/3 5:00,0.681,0.678,0.22,29.001,,,,,,,,,,,,,
2023/5/3 6:00,0.593,0.554,0.209,28.913,,,,,,,,,,,,,
2023/5/3 7:00,0.467,0.394,0.188,28.35,,,,,,,,,,,,,
2023/5/3 8:00,0.305,0.215,0.159,27.261,,,,,,,,,,,,,
2023/5/3 9:00,0.133,0.058,0.114,25.644,,,,,,,,,,,,,
2023/5/3 10:00,0.019,0,0.041,22.898,,,,,,,,,,,,,
2023/5/3 11:00,0,0,0,19.762,,,,,,,,,,,,,
2023/5/3 12:00,0,0,0,17.61,,,,,,,,,,,,,
2023/5/3 13:00,0,0,0,15.819,,,,,,,,,,,,,
2023/5/3 14:00,0,0,0,14.379,,,,,,,,,,,,,
2023/5/3 15:00,0,0,0,13.141,,,,,,,,,,,,,
2023/5/3 16:00,0,0,0,12.054,,,,,,,,,,,,,
2023/5/3 17:00,0,0,0,11.102,,,,,,,,,,,,,
2023/5/3 18:00,0,0,0,10.273,,,,,,,,,,,,,
2023/5/3 19:00,0,0,0,9.518,,,,,,,,,,,,,
2023/5/3 20:00,0,0,0,8.666,,,,,,,,,,,,,
2023/5/3 21:00,0.012,0,0.031,9.015,,,,,,,,,,,,,
2023/5/3 22:00,0.126,0.047,0.108,11.706,,,,,,,,,,,,,
2023/5/3 23:00,0.296,0.183,0.159,14.838,,,,,,,,,,,,,
2023/5/4 0:00,0.48,0.363,0.203,17.479,,,,,,,,,,,,,
2023/5/4 1:00,0.616,0.529,0.226,19.73,,,,,,,,,,,,,
2023/5/4 2:00,0.708,0.659,0.24,21.776,,,,,,,,,,,,,
2023/5/4 3:00,0.75,0.727,0.248,23.3,,,,,,,,,,,,,
2023/5/4 4:00,0.747,0.722,0.252,24.163,,,,,,,,,,,,,
2023/5/4 5:00,0.703,0.662,0.245,24.529,,,,,,,,,,,,,
2023/5/4 6:00,0.584,0.47,0.259,24.262,,,,,,,,,,,,,
2023/5/4 7:00,0.418,0.244,0.26,23.289,,,,,,,,,,,,,
2023/5/4 8:00,0.209,0.046,0.207,21.454,,,,,,,,,,,,,
2023/5/4 9:00,0.07,0.004,0.094,19.249,,,,,,,,,,,,,
2023/5/4 10:00,0.003,0,0.02,17.389,,,,,,,,,,,,,
2023/5/4 11:00,0,0,0,15.985,,,,,,,,,,,,,
2023/5/4 12:00,0,0,0,14.891,,,,,,,,,,,,,
2023/5/4 13:00,0,0,0,13.754,,,,,,,,,,,,,
2023/5/4 14:00,0,0,0,12.482,,,,,,,,,,,,,
2023/5/4 15:00,0,0,0,10.873,,,,,,,,,,,,,
2023/5/4 16:00,0,0,0,8.741,,,,,,,,,,,,,
2023/5/4 17:00,0,0,0,6.807,,,,,,,,,,,,,
2023/5/4 18:00,0,0,0,5.354,,,,,,,,,,,,,
2023/5/4 19:00,0,0,0,4.234,,,,,,,,,,,,,
2023/5/4 20:00,0,0,0,3.717,,,,,,,,,,,,,
2023/5/4 21:00,0,0,0.012,3.516,,,,,,,,,,,,,
2023/5/4 22:00,0.042,0.002,0.062,3.926,,,,,,,,,,,,,
2023/5/4 23:00,0.105,0.006,0.122,4.982,,,,,,,,,,,,,
2023/5/5 0:00,0.19,0.016,0.201,6.557,,,,,,,,,,,,,
2023/5/5 1:00,0.286,0.037,0.284,8.268,,,,,,,,,,,,,
2023/5/5 2:00,0.366,0.063,0.348,9.62,,,,,,,,,,,,,
2023/5/5 3:00,0.456,0.116,0.401,10.621,,,,,,,,,,,,,
2023/5/5 4:00,0.591,0.288,0.402,12.012,,,,,,,,,,,,,
2023/5/5 5:00,0.551,0.256,0.385,12.768,,,,,,,,,,,,,
2023/5/5 6:00,0.461,0.178,0.351,12.909,,,,,,,,,,,,,
2023/5/5 7:00,0.386,0.151,0.29,12.987,,,,,,,,,,,,,
2023/5/5 8:00,0.278,0.103,0.216,12.893,,,,,,,,,,,,,
2023/5/5 9:00,0.135,0.029,0.135,12.574,,,,,,,,,,,,,
2023/5/5 10:00,0.023,0,0.044,11.466,,,,,,,,,,,,,
2023/5/5 11:00,0,0,0,9.511,,,,,,,,,,,,,
2023/5/5 12:00,0,0,0,8.67,,,,,,,,,,,,,
2023/5/5 13:00,0,0,0,7.827,,,,,,,,,,,,,
2023/5/5 14:00,0,0,0,6.456,,,,,,,,,,,,,
2023/5/5 15:00,0,0,0,5.585,,,,,,,,,,,,,
2023/5/5 16:00,0,0,0,5.185,,,,,,,,,,,,,
2023/5/5 17:00,0,0,0,4.623,,,,,,,,,,,,,
2023/5/5 18:00,0,0,0,4.185,,,,,,,,,,,,,
2023/5/5 19:00,0,0,0,4.533,,,,,,,,,,,,,
2023/5/5 20:00,0,0,0,4.61,,,,,,,,,,,,,
2023/5/5 21:00,0.017,0,0.036,4.515,,,,,,,,,,,,,
2023/5/5 22:00,0.146,0.055,0.116,6.236,,,,,,,,,,,,,
2023/5/5 23:00,0.311,0.165,0.184,9.348,,,,,,,,,,,,,
2023/5/6 0:00,0.457,0.3,0.225,12.755,,,,,,,,,,,,,
2023/5/6 1:00,0.608,0.484,0.24,14.754,,,,,,,,,,,,,
2023/5/6 2:00,0.711,0.628,0.247,16.291,,,,,,,,,,,,,
2023/5/6 3:00,0.664,0.481,0.331,17.097,,,,,,,,,,,,,
2023/5/6 4:00,0.56,0.28,0.39,17.319,,,,,,,,,,,,,
2023/5/6 5:00,0.452,0.152,0.38,17.257,,,,,,,,,,,,,
2023/5/6 6:00,0.411,0.14,0.341,17.312,,,,,,,,,,,,,
2023/5/6 7:00,0.31,0.082,0.279,17.083,,,,,,,,,,,,,
2023/5/6 8:00,0.217,0.05,0.207,16.725,,,,,,,,,,,,,
2023/5/6 9:00,0.114,0.017,0.127,15.996,,,,,,,,,,,,,
2023/5/6 10:00,0.021,0,0.042,13.545,,,,,,,,,,,,,
2023/5/6 11:00,0,0,0,11.948,,,,,,,,,,,,,
2023/5/6 12:00,0,0,0,11.426,,,,,,,,,,,,,
2023/5/6 13:00,0,0,0,11,,,,,,,,,,,,,
2023/5/6 14:00,0,0,0,8.774,,,,,,,,,,,,,
2023/5/6 15:00,0,0,0,7.048,,,,,,,,,,,,,
2023/5/6 16:00,0,0,0,6.52,,,,,,,,,,,,,
2023/5/6 17:00,0,0,0,5.509,,,,,,,,,,,,,
2023/5/6 18:00,0,0,0,4.339,,,,,,,,,,,,,
2023/5/6 19:00,0,0,0,3.65,,,,,,,,,,,,,
2023/5/6 20:00,0,0,0,3.108,,,,,,,,,,,,,
2023/5/6 21:00,0.019,0,0.039,3.862,,,,,,,,,,,,,
2023/5/6 22:00,0.155,0.089,0.092,6.794,,,,,,,,,,,,,
2023/5/6 23:00,0.366,0.289,0.123,10.202,,,,,,,,,,,,,
2023/5/7 0:00,0.557,0.526,0.122,12.574,,,,,,,,,,,,,
2023/5/7 1:00,0.701,0.716,0.137,14.674,,,,,,,,,,,,,
2023/5/7 2:00,0.793,0.852,0.148,16.484,,,,,,,,,,,,,
2023/5/7 3:00,0.837,0.925,0.155,17.774,,,,,,,,,,,,,
2023/5/7 4:00,0.835,0.926,0.156,18.589,,,,,,,,,,,,,
2023/5/7 5:00,0.788,0.858,0.152,19.126,,,,,,,,,,,,,
2023/5/7 6:00,0.696,0.726,0.142,19.298,,,,,,,,,,,,,
2023/5/7 7:00,0.554,0.54,0.128,19.094,,,,,,,,,,,,,
2023/5/7 8:00,0.367,0.321,0.109,18.504,,,,,,,,,,,,,
2023/5/7 9:00,0.155,0.104,0.086,17.564,,,,,,,,,,,,,
2023/5/7 10:00,0.023,0,0.044,13.889,,,,,,,,,,,,,
2023/5/7 11:00,0,0,0,11.356,,,,,,,,,,,,,
2023/5/7 12:00,0,0,0,11.961,,,,,,,,,,,,,
2023/5/7 13:00,0,0,0,11.523,,,,,,,,,,,,,
2023/5/7 14:00,0,0,0,9.759,,,,,,,,,,,,,
2023/5/7 15:00,0,0,0,7.917,,,,,,,,,,,,,
2023/5/7 16:00,0,0,0,6.782,,,,,,,,,,,,,
2023/5/7 17:00,0,0,0,6.32,,,,,,,,,,,,,
2023/5/7 18:00,0,0,0,6.134,,,,,,,,,,,,,
2023/5/7 19:00,0,0,0,5.96,,,,,,,,,,,,,
2023/5/7 20:00,0,0,0,5.799,,,,,,,,,,,,,
2023/5/7 21:00,0.017,0,0.037,6.738,,,,,,,,,,,,,
2023/5/7 22:00,0.146,0.092,0.083,10.38,,,,,,,,,,,,,
2023/5/7 23:00,0.348,0.288,0.112,14.483,,,,,,,,,,,,,
2023/5/8 0:00,0.511,0.458,0.152,18.773,,,,,,,,,,,,,
2023/5/8 1:00,0.646,0.633,0.17,21.087,,,,,,,,,,,,,
2023/5/8 2:00,0.744,0.786,0.175,22.698,,,,,,,,,,,,,
2023/5/8 3:00,0.796,0.878,0.175,23.823,,,,,,,,,,,,,
2023/5/8 4:00,0.798,0.887,0.174,24.489,,,,,,,,,,,,,
2023/5/8 5:00,0.751,0.815,0.171,24.792,,,,,,,,,,,,,
2023/5/8 6:00,0.647,0.65,0.173,24.719,,,,,,,,,,,,,
2023/5/8 7:00,0.491,0.424,0.177,24.276,,,,,,,,,,,,,
2023/5/8 8:00,0.309,0.208,0.164,23.387,,,,,,,,,,,,,
2023/5/8 9:00,0.141,0.06,0.118,21.987,,,,,,,,,,,,,
2023/5/8 10:00,0.024,0,0.046,18.743,,,,,,,,,,,,,
2023/5/8 11:00,0,0,0,15.487,,,,,,,,,,,,,
2023/5/8 12:00,0,0,0,13.784,,,,,,,,,,,,,
2023/5/8 13:00,0,0,0,11.993,,,,,,,,,,,,,
2023/5/8 14:00,0,0,0,10.456,,,,,,,,,,,,,
2023/5/8 15:00,0,0,0,9.251,,,,,,,,,,,,,
2023/5/8 16:00,0,0,0,8.197,,,,,,,,,,,,,
2023/5/8 17:00,0,0,0,7.241,,,,,,,,,,,,,
2023/5/8 18:00,0,0,0,6.4,,,,,,,,,,,,,
2023/5/8 19:00,0,0,0,5.651,,,,,,,,,,,,,
2023/5/8 20:00,0,0,0,5.025,,,,,,,,,,,,,
2023/5/8 21:00,0.02,0,0.04,5.829,,,,,,,,,,,,,
2023/5/8 22:00,0.147,0.083,0.092,9.431,,,,,,,,,,,,,
2023/5/8 23:00,0.35,0.28,0.119,12.913,,,,,,,,,,,,,
2023/5/9 0:00,0.535,0.492,0.14,16.042,,,,,,,,,,,,,
2023/5/9 1:00,0.676,0.679,0.155,18.199,,,,,,,,,,,,,
2023/5/9 2:00,0.754,0.785,0.176,19.876,,,,,,,,,,,,,
2023/5/9 3:00,0.788,0.832,0.19,21.237,,,,,,,,,,,,,
2023/5/9 4:00,0.78,0.82,0.196,22.308,,,,,,,,,,,,,
2023/5/9 5:00,0.72,0.723,0.202,23.024,,,,,,,,,,,,,
2023/5/9 6:00,0.63,0.599,0.192,23.454,,,,,,,,,,,,,
2023/5/9 7:00,0.499,0.437,0.173,23.524,,,,,,,,,,,,,
2023/5/9 8:00,0.335,0.261,0.141,23.213,,,,,,,,,,,,,
2023/5/9 9:00,0.147,0.073,0.111,22.259,,,,,,,,,,,,,
2023/5/9 10:00,0.027,0,0.05,18.671,,,,,,,,,,,,,
2023/5/9 11:00,0,0,0,15.505,,,,,,,,,,,,,
2023/5/9 12:00,0,0,0,14.972,,,,,,,,,,,,,
2023/5/9 13:00,0,0,0,14.415,,,,,,,,,,,,,
2023/5/9 14:00,0,0,0,13.693,,,,,,,,,,,,,
2023/5/9 15:00,0,0,0,13.216,,,,,,,,,,,,,
2023/5/9 16:00,0,0,0,12.254,,,,,,,,,,,,,
2023/5/9 17:00,0,0,0,11.205,,,,,,,,,,,,,
2023/5/9 18:00,0,0,0,10.277,,,,,,,,,,,,,
2023/5/9 19:00,0,0,0,9.361,,,,,,,,,,,,,
2023/5/9 20:00,0,0,0,8.505,,,,,,,,,,,,,
2023/5/9 21:00,0.019,0,0.039,8.767,,,,,,,,,,,,,
2023/5/9 22:00,0.141,0.064,0.106,10.945,,,,,,,,,,,,,
2023/5/9 23:00,0.34,0.259,0.13,13.434,,,,,,,,,,,,,
2023/5/10 0:00,0.525,0.468,0.153,16.715,,,,,,,,,,,,,
2023/5/10 1:00,0.659,0.647,0.17,19.733,,,,,,,,,,,,,
2023/5/10 2:00,0.748,0.777,0.183,21.549,,,,,,,,,,,,,
2023/5/10 3:00,0.79,0.847,0.19,22.8,,,,,,,,,,,,,
2023/5/10 4:00,0.789,0.847,0.192,23.577,,,,,,,,,,,,,
2023/5/10 5:00,0.743,0.778,0.189,23.954,,,,,,,,,,,,,
2023/5/10 6:00,0.646,0.633,0.184,23.89,,,,,,,,,,,,,
2023/5/10 7:00,0.51,0.454,0.17,23.492,,,,,,,,,,,,,
2023/5/10 8:00,0.335,0.252,0.149,22.721,,,,,,,,,,,,,
2023/5/10 9:00,0.149,0.071,0.116,21.582,,,,,,,,,,,,,
2023/5/10 10:00,0.029,0,0.052,18.245,,,,,,,,,,,,,
2023/5/10 11:00,0,0,0.001,14.983,,,,,,,,,,,,,
2023/5/10 12:00,0,0,0,14.111,,,,,,,,,,,,,
2023/5/10 13:00,0,0,0,13.428,,,,,,,,,,,,,
2023/5/10 14:00,0,0,0,12.9,,,,,,,,,,,,,
2023/5/10 15:00,0,0,0,12.442,,,,,,,,,,,,,
2023/5/10 16:00,0,0,0,12.067,,,,,,,,,,,,,
2023/5/10 17:00,0,0,0,11.719,,,,,,,,,,,,,
2023/5/10 18:00,0,0,0,11.26,,,,,,,,,,,,,
2023/5/10 19:00,0,0,0,11.049,,,,,,,,,,,,,
2023/5/10 20:00,0,0,0,10.851,,,,,,,,,,,,,
2023/5/10 21:00,0.014,0,0.033,11.721,,,,,,,,,,,,,
2023/5/10 22:00,0.092,0.011,0.109,13.735,,,,,,,,,,,,,
2023/5/10 23:00,0.21,0.053,0.195,16.222,,,,,,,,,,,,,
2023/5/11 0:00,0.343,0.106,0.297,19.026,,,,,,,,,,,,,
2023/5/11 1:00,0.547,0.353,0.313,21.279,,,,,,,,,,,,,
2023/5/11 2:00,0.634,0.46,0.335,22.857,,,,,,,,,,,,,
2023/5/11 3:00,0.591,0.327,0.409,23.513,,,,,,,,,,,,,
2023/5/11 4:00,0.381,0.067,0.391,22.827,,,,,,,,,,,,,
2023/5/11 5:00,0.23,0.016,0.262,21.572,,,,,,,,,,,,,
2023/5/11 6:00,0.187,0.011,0.217,20.618,,,,,,,,,,,,,
2023/5/11 7:00,0.135,0.006,0.164,19.911,,,,,,,,,,,,,
2023/5/11 8:00,0.078,0.003,0.104,19.196,,,,,,,,,,,,,
2023/5/11 9:00,0.032,0.001,0.054,18.174,,,,,,,,,,,,,
2023/5/11 10:00,0.001,0,0.018,16.774,,,,,,,,,,,,,
2023/5/11 11:00,0,0,0,15.383,,,,,,,,,,,,,
2023/5/11 12:00,0,0,0,14.383,,,,,,,,,,,,,
2023/5/11 13:00,0,0,0,13.499,,,,,,,,,,,,,
2023/5/11 14:00,0,0,0,12.505,,,,,,,,,,,,,
2023/5/11 15:00,0,0,0,11.447,,,,,,,,,,,,,
2023/5/11 16:00,0,0,0,10.92,,,,,,,,,,,,,
2023/5/11 17:00,0,0,0,10.867,,,,,,,,,,,,,
2023/5/11 18:00,0,0,0,10.833,,,,,,,,,,,,,
2023/5/11 19:00,0,0,0,10.145,,,,,,,,,,,,,
2023/5/11 20:00,0,0,0,9.381,,,,,,,,,,,,,
2023/5/11 21:00,0.024,0,0.045,9.711,,,,,,,,,,,,,
2023/5/11 22:00,0.148,0.044,0.134,11.675,,,,,,,,,,,,,
2023/5/11 23:00,0.325,0.189,0.187,15.258,,,,,,,,,,,,,
2023/5/12 0:00,0.498,0.408,0.186,19.035,,,,,,,,,,,,,
2023/5/12 1:00,0.618,0.547,0.218,21.357,,,,,,,,,,,,,
2023/5/12 2:00,0.678,0.6,0.259,22.713,,,,,,,,,,,,,
2023/5/12 3:00,0.696,0.598,0.292,23.302,,,,,,,,,,,,,
2023/5/12 4:00,0.637,0.453,0.345,22.67,,,,,,,,,,,,,
2023/5/12 5:00,0.555,0.315,0.363,21.528,,,,,,,,,,,,,
2023/5/12 6:00,0.432,0.17,0.345,20.749,,,,,,,,,,,,,
2023/5/12 7:00,0.312,0.084,0.285,20.466,,,,,,,,,,,,,
2023/5/12 8:00,0.184,0.027,0.196,19.845,,,,,,,,,,,,,
2023/5/12 9:00,0.078,0.005,0.102,18.675,,,,,,,,,,,,,
2023/5/12 10:00,0.012,0,0.031,16.774,,,,,,,,,,,,,
2023/5/12 11:00,0,0,0.001,14.875,,,,,,,,,,,,,
2023/5/12 12:00,0,0,0,13.418,,,,,,,,,,,,,
2023/5/12 13:00,0,0,0,12.528,,,,,,,,,,,,,
2023/5/12 14:00,0,0,0,12.079,,,,,,,,,,,,,
2023/5/12 15:00,0,0,0,11.502,,,,,,,,,,,,,
2023/5/12 16:00,0,0,0,10.751,,,,,,,,,,,,,
2023/5/12 17:00,0,0,0,9.848,,,,,,,,,,,,,
2023/5/12 18:00,0,0,0,9.156,,,,,,,,,,,,,
2023/5/12 19:00,0,0,0,8.205,,,,,,,,,,,,,
2023/5/12 20:00,0,0,0,7.193,,,,,,,,,,,,,
2023/5/12 21:00,0.026,0,0.047,7.692,,,,,,,,,,,,,
2023/5/12 22:00,0.158,0.085,0.102,9.987,,,,,,,,,,,,,
2023/5/12 23:00,0.357,0.277,0.133,14.298,,,,,,,,,,,,,
2023/5/13 0:00,0.537,0.508,0.132,17.531,,,,,,,,,,,,,
2023/5/13 1:00,0.675,0.691,0.147,19.359,,,,,,,,,,,,,
2023/5/13 2:00,0.764,0.824,0.159,20.901,,,,,,,,,,,,,
2023/5/13 3:00,0.807,0.895,0.166,22.078,,,,,,,,,,,,,
2023/5/13 4:00,0.806,0.897,0.167,22.905,,,,,,,,,,,,,
2023/5/13 5:00,0.759,0.828,0.163,23.54,,,,,,,,,,,,,
2023/5/13 6:00,0.667,0.694,0.155,23.924,,,,,,,,,,,,,
2023/5/13 7:00,0.53,0.513,0.141,23.964,,,,,,,,,,,,,
2023/5/13 8:00,0.35,0.297,0.124,23.617,,,,,,,,,,,,,
2023/5/13 9:00,0.153,0.091,0.102,22.842,,,,,,,,,,,,,
2023/5/13 10:00,0.03,0,0.054,19.861,,,,,,,,,,,,,
2023/5/13 11:00,0,0,0.001,16.686,,,,,,,,,,,,,
2023/5/13 12:00,0,0,0,15.459,,,,,,,,,,,,,
2023/5/13 13:00,0,0,0,14.289,,,,,,,,,,,,,
2023/5/13 14:00,0,0,0,13.209,,,,,,,,,,,,,
2023/5/13 15:00,0,0,0,12.367,,,,,,,,,,,,,
2023/5/13 16:00,0,0,0,11.509,,,,,,,,,,,,,
2023/5/13 17:00,0,0,0,10.887,,,,,,,,,,,,,
2023/5/13 18:00,0,0,0,10.731,,,,,,,,,,,,,
2023/5/13 19:00,0,0,0,10.288,,,,,,,,,,,,,
2023/5/13 20:00,0,0,0,10.001,,,,,,,,,,,,,
2023/5/13 21:00,0.024,0,0.045,10.82,,,,,,,,,,,,,
2023/5/13 22:00,0.147,0.079,0.098,13.227,,,,,,,,,,,,,
2023/5/13 23:00,0.335,0.262,0.128,16.886,,,,,,,,,,,,,
2023/5/14 0:00,0.504,0.442,0.166,20.729,,,,,,,,,,,,,
2023/5/14 1:00,0.634,0.615,0.184,23.712,,,,,,,,,,,,,
2023/5/14 2:00,0.718,0.741,0.198,25.869,,,,,,,,,,,,,
2023/5/14 3:00,0.761,0.816,0.202,27.294,,,,,,,,,,,,,
2023/5/14 4:00,0.755,0.804,0.208,28.121,,,,,,,,,,,,,
2023/5/14 5:00,0.674,0.646,0.238,28.414,,,,,,,,,,,,,
2023/5/14 6:00,0.446,0.225,0.328,27.685,,,,,,,,,,,,,
2023/5/14 7:00,0.236,0.04,0.249,26.042,,,,,,,,,,,,,
2023/5/14 8:00,0.232,0.071,0.214,25.231,,,,,,,,,,,,,
2023/5/14 9:00,0.151,0.068,0.123,24.651,,,,,,,,,,,,,
2023/5/14 10:00,0.033,0,0.057,21.712,,,,,,,,,,,,,
2023/5/14 11:00,0,0,0.001,18.54,,,,,,,,,,,,,
2023/5/14 12:00,0,0,0,17.61,,,,,,,,,,,,,
2023/5/14 13:00,0,0,0,16.53,,,,,,,,,,,,,
2023/5/14 14:00,0,0,0,15.578,,,,,,,,,,,,,
2023/5/14 15:00,0,0,0,14.745,,,,,,,,,,,,,
2023/5/14 16:00,0,0,0,13.953,,,,,,,,,,,,,
2023/5/14 17:00,0,0,0,13.3,,,,,,,,,,,,,
2023/5/14 18:00,0,0,0,12.614,,,,,,,,,,,,,
2023/5/14 19:00,0,0,0,12.144,,,,,,,,,,,,,
2023/5/14 20:00,0,0,0,11.755,,,,,,,,,,,,,
2023/5/14 21:00,0.026,0,0.048,12.458,,,,,,,,,,,,,
2023/5/14 22:00,0.146,0.064,0.113,14.805,,,,,,,,,,,,,
2023/5/14 23:00,0.329,0.237,0.147,17.479,,,,,,,,,,,,,
2023/5/15 0:00,0.504,0.435,0.169,19.82,,,,,,,,,,,,,
2023/5/15 1:00,0.635,0.605,0.188,22.14,,,,,,,,,,,,,
2023/5/15 2:00,0.714,0.72,0.204,24.504,,,,,,,,,,,,,
2023/5/15 3:00,0.754,0.793,0.21,26.793,,,,,,,,,,,,,
2023/5/15 4:00,0.75,0.798,0.21,28.656,,,,,,,,,,,,,
2023/5/15 5:00,0.702,0.73,0.207,29.886,,,,,,,,,,,,,
2023/5/15 6:00,0.591,0.549,0.218,30.559,,,,,,,,,,,,,
2023/5/15 7:00,0.428,0.304,0.234,30.614,,,,,,,,,,,,,
2023/5/15 8:00,0.258,0.112,0.21,29.88,,,,,,,,,,,,,
2023/5/15 9:00,0.113,0.018,0.133,27.69,,,,,,,,,,,,,
2023/5/15 10:00,0.024,0,0.047,24.429,,,,,,,,,,,,,
2023/5/15 11:00,0,0,0.001,21.841,,,,,,,,,,,,,
2023/5/15 12:00,0,0,0,20.509,,,,,,,,,,,,,
2023/5/15 13:00,0,0,0,19.118,,,,,,,,,,,,,
2023/5/15 14:00,0,0,0,17.584,,,,,,,,,,,,,
2023/5/15 15:00,0,0,0,16.143,,,,,,,,,,,,,
2023/5/15 16:00,0,0,0,14.878,,,,,,,,,,,,,
2023/5/15 17:00,0,0,0,14.031,,,,,,,,,,,,,
2023/5/15 18:00,0,0,0,13.408,,,,,,,,,,,,,
2023/5/15 19:00,0,0,0,12.896,,,,,,,,,,,,,
2023/5/15 20:00,0,0,0.001,13.093,,,,,,,,,,,,,
2023/5/15 21:00,0.027,0,0.049,14.321,,,,,,,,,,,,,
2023/5/15 22:00,0.143,0.059,0.117,17.145,,,,,,,,,,,,,
2023/5/15 23:00,0.315,0.215,0.158,20.585,,,,,,,,,,,,,
2023/5/16 0:00,0.465,0.326,0.244,25.154,,,,,,,,,,,,,
2023/5/16 1:00,0.508,0.301,0.338,28.574,,,,,,,,,,,,,
2023/5/16 2:00,0.508,0.237,0.408,30.463,,,,,,,,,,,,,
2023/5/16 3:00,0.541,0.268,0.43,31.599,,,,,,,,,,,,,
2023/5/16 4:00,0.481,0.172,0.441,31.826,,,,,,,,,,,,,
2023/5/16 5:00,0.37,0.073,0.39,31.115,,,,,,,,,,,,,
2023/5/16 6:00,0.274,0.033,0.308,29.617,,,,,,,,,,,,,
2023/5/16 7:00,0.162,0.01,0.196,27.236,,,,,,,,,,,,,
2023/5/16 8:00,0.083,0.003,0.112,24.611,,,,,,,,,,,,,
2023/5/16 9:00,0.061,0.002,0.088,22.86,,,,,,,,,,,,,
2023/5/16 10:00,0.017,0,0.039,21.056,,,,,,,,,,,,,
2023/5/16 11:00,0,0,0.001,19.012,,,,,,,,,,,,,
2023/5/16 12:00,0,0,0,17.735,,,,,,,,,,,,,
2023/5/16 13:00,0,0,0,16.302,,,,,,,,,,,,,
2023/5/16 14:00,0,0,0,15.17,,,,,,,,,,,,,
2023/5/16 15:00,0,0,0,14.258,,,,,,,,,,,,,
2023/5/16 16:00,0,0,0,13.404,,,,,,,,,,,,,
2023/5/16 17:00,0,0,0,12.337,,,,,,,,,,,,,
2023/5/16 18:00,0,0,0,11.16,,,,,,,,,,,,,
2023/5/16 19:00,0,0,0,10.562,,,,,,,,,,,,,
2023/5/16 20:00,0,0,0,10.299,,,,,,,,,,,,,
2023/5/16 21:00,0.006,0,0.024,10.271,,,,,,,,,,,,,
2023/5/16 22:00,0.04,0.001,0.062,10.244,,,,,,,,,,,,,
2023/5/16 23:00,0.088,0.003,0.111,10.034,,,,,,,,,,,,,
2023/5/17 0:00,0.147,0.009,0.167,10.121,,,,,,,,,,,,,
2023/5/17 1:00,0.226,0.019,0.24,10.892,,,,,,,,,,,,,
2023/5/17 2:00,0.315,0.04,0.318,12.097,,,,,,,,,,,,,
2023/5/17 3:00,0.466,0.13,0.407,13.431,,,,,,,,,,,,,
2023/5/17 4:00,0.556,0.244,0.41,14.76,,,,,,,,,,,,,
2023/5/17 5:00,0.562,0.288,0.379,16.091,,,,,,,,,,,,,
2023/5/17 6:00,0.55,0.343,0.312,17.289,,,,,,,,,,,,,
2023/5/17 7:00,0.458,0.283,0.256,17.865,,,,,,,,,,,,,
2023/5/17 8:00,0.301,0.138,0.215,17.668,,,,,,,,,,,,,
2023/5/17 9:00,0.149,0.037,0.147,17.3,,,,,,,,,,,,,
2023/5/17 10:00,0.039,0,0.063,16.293,,,,,,,,,,,,,
2023/5/17 11:00,0,0,0.002,14.609,,,,,,,,,,,,,
2023/5/17 12:00,0,0,0,13.631,,,,,,,,,,,,,
2023/5/17 13:00,0,0,0,12.599,,,,,,,,,,,,,
2023/5/17 14:00,0,0,0,11.521,,,,,,,,,,,,,
2023/5/17 15:00,0,0,0,10.322,,,,,,,,,,,,,
2023/5/17 16:00,0,0,0,9.253,,,,,,,,,,,,,
2023/5/17 17:00,0,0,0,8.431,,,,,,,,,,,,,
2023/5/17 18:00,0,0,0,7.935,,,,,,,,,,,,,
2023/5/17 19:00,0,0,0,7.58,,,,,,,,,,,,,
2023/5/17 20:00,0,0,0.001,7.318,,,,,,,,,,,,,
2023/5/17 21:00,0.033,0,0.054,8.676,,,,,,,,,,,,,
2023/5/17 22:00,0.161,0.078,0.113,12.489,,,,,,,,,,,,,
2023/5/17 23:00,0.35,0.256,0.149,16.168,,,,,,,,,,,,,
2023/5/18 0:00,0.521,0.469,0.156,19.445,,,,,,,,,,,,,
2023/5/18 1:00,0.654,0.642,0.174,21.332,,,,,,,,,,,,,
2023/5/18 2:00,0.74,0.767,0.188,22.827,,,,,,,,,,,,,
2023/5/18 3:00,0.781,0.835,0.195,24.016,,,,,,,,,,,,,
2023/5/18 4:00,0.777,0.831,0.199,24.911,,,,,,,,,,,,,
2023/5/18 5:00,0.705,0.697,0.219,25.453,,,,,,,,,,,,,
2023/5/18 6:00,0.613,0.565,0.213,25.717,,,,,,,,,,,,,
2023/5/18 7:00,0.504,0.446,0.177,25.673,,,,,,,,,,,,,
2023/5/18 8:00,0.337,0.254,0.154,25.09,,,,,,,,,,,,,
2023/5/18 9:00,0.157,0.076,0.121,23.961,,,,,,,,,,,,,
2023/5/18 10:00,0.037,0,0.062,21.687,,,,,,,,,,,,,
2023/5/18 11:00,0,0,0.002,18.752,,,,,,,,,,,,,
2023/5/18 12:00,0,0,0,16.934,,,,,,,,,,,,,
2023/5/18 13:00,0,0,0,15.331,,,,,,,,,,,,,
2023/5/18 14:00,0,0,0,13.979,,,,,,,,,,,,,
2023/5/18 15:00,0,0,0,13.074,,,,,,,,,,,,,
2023/5/18 16:00,0,0,0,12.707,,,,,,,,,,,,,
2023/5/18 17:00,0,0,0,12.174,,,,,,,,,,,,,
2023/5/18 18:00,0,0,0,11.323,,,,,,,,,,,,,
2023/5/18 19:00,0,0,0,10.229,,,,,,,,,,,,,
2023/5/18 20:00,0,0,0,9.046,,,,,,,,,,,,,
2023/5/18 21:00,0.012,0,0.031,9.045,,,,,,,,,,,,,
2023/5/18 22:00,0.092,0.008,0.11,10.64,,,,,,,,,,,,,
2023/5/18 23:00,0.242,0.074,0.206,13.56,,,,,,,,,,,,,
2023/5/19 0:00,0.44,0.261,0.254,17.029,,,,,,,,,,,,,
2023/5/19 1:00,0.578,0.436,0.269,20.322,,,,,,,,,,,,,
2023/5/19 2:00,0.681,0.6,0.266,23.234,,,,,,,,,,,,,
2023/5/19 3:00,0.67,0.535,0.323,24.793,,,,,,,,,,,,,
2023/5/19 4:00,0.542,0.266,0.408,24.96,,,,,,,,,,,,,
2023/5/19 5:00,0.499,0.221,0.393,24.991,,,,,,,,,,,,,
2023/5/19 6:00,0.387,0.114,0.354,24.38,,,,,,,,,,,,,
2023/5/19 7:00,0.187,0.016,0.214,22.819,,,,,,,,,,,,,
2023/5/19 8:00,0.144,0.012,0.169,21.8,,,,,,,,,,,,,
2023/5/19 9:00,0.076,0.004,0.102,20.724,,,,,,,,,,,,,
2023/5/19 10:00,0.019,0,0.041,18.937,,,,,,,,,,,,,
2023/5/19 11:00,0,0,0.001,16.603,,,,,,,,,,,,,
2023/5/19 12:00,0,0,0,15.142,,,,,,,,,,,,,
2023/5/19 13:00,0,0,0,13.693,,,,,,,,,,,,,
2023/5/19 14:00,0,0,0,12.095,,,,,,,,,,,,,
2023/5/19 15:00,0,0,0,10.943,,,,,,,,,,,,,
2023/5/19 16:00,0,0,0,9.797,,,,,,,,,,,,,
2023/5/19 17:00,0,0,0,8.277,,,,,,,,,,,,,
2023/5/19 18:00,0,0,0,7.243,,,,,,,,,,,,,
2023/5/19 19:00,0,0,0,6.548,,,,,,,,,,,,,
2023/5/19 20:00,0,0,0.001,6.007,,,,,,,,,,,,,
2023/5/19 21:00,0.035,0,0.057,7.138,,,,,,,,,,,,,
2023/5/19 22:00,0.164,0.077,0.116,9.777,,,,,,,,,,,,,
2023/5/19 23:00,0.357,0.253,0.152,11.675,,,,,,,,,,,,,
2023/5/20 0:00,0.533,0.466,0.154,13.346,,,,,,,,,,,,,
2023/5/20 1:00,0.636,0.561,0.201,14.963,,,,,,,,,,,,,
2023/5/20 2:00,0.703,0.632,0.233,16.447,,,,,,,,,,,,,
2023/5/20 3:00,0.787,0.795,0.205,17.799,,,,,,,,,,,,,
2023/5/20 4:00,0.798,0.825,0.196,18.573,,,,,,,,,,,,,
2023/5/20 5:00,0.763,0.785,0.183,18.867,,,,,,,,,,,,,
2023/5/20 6:00,0.666,0.641,0.18,18.644,,,,,,,,,,,,,
2023/5/20 7:00,0.518,0.44,0.176,17.961,,,,,,,,,,,,,
2023/5/20 8:00,0.332,0.216,0.171,16.926,,,,,,,,,,,,,
2023/5/20 9:00,0.157,0.059,0.132,15.886,,,,,,,,,,,,,
2023/5/20 10:00,0.037,0,0.06,14.863,,,,,,,,,,,,,
2023/5/20 11:00,0,0,0.003,13.539,,,,,,,,,,,,,
2023/5/20 12:00,0,0,0,12.633,,,,,,,,,,,,,
2023/5/20 13:00,0,0,0,12.029,,,,,,,,,,,,,
2023/5/20 14:00,0,0,0,11.499,,,,,,,,,,,,,
2023/5/20 15:00,0,0,0,10.992,,,,,,,,,,,,,
2023/5/20 16:00,0,0,0,10.298,,,,,,,,,,,,,
2023/5/20 17:00,0,0,0,9.45,,,,,,,,,,,,,
2023/5/20 18:00,0,0,0,8.594,,,,,,,,,,,,,
2023/5/20 19:00,0,0,0,7.89,,,,,,,,,,,,,
2023/5/20 20:00,0,0,0.001,7.367,,,,,,,,,,,,,
2023/5/20 21:00,0.031,0,0.053,7.961,,,,,,,,,,,,,
2023/5/20 22:00,0.141,0.04,0.129,10.036,,,,,,,,,,,,,
2023/5/20 23:00,0.319,0.198,0.166,12.883,,,,,,,,,,,,,
2023/5/21 0:00,0.482,0.373,0.189,15.301,,,,,,,,,,,,,
2023/5/21 1:00,0.643,0.602,0.182,17.46,,,,,,,,,,,,,
2023/5/21 2:00,0.711,0.68,0.211,19.145,,,,,,,,,,,,,
2023/5/21 3:00,0.738,0.705,0.232,20.34,,,,,,,,,,,,,
2023/5/21 4:00,0.75,0.741,0.221,21.31,,,,,,,,,,,,,
2023/5/21 5:00,0.709,0.689,0.213,21.903,,,,,,,,,,,,,
2023/5/21 6:00,0.644,0.623,0.183,22.261,,,,,,,,,,,,,
2023/5/21 7:00,0.532,0.501,0.149,22.193,,,,,,,,,,,,,
2023/5/21 8:00,0.341,0.257,0.149,21.564,,,,,,,,,,,,,
2023/5/21 9:00,0.16,0.081,0.117,20.648,,,,,,,,,,,,,
2023/5/21 10:00,0.037,0,0.062,18.708,,,,,,,,,,,,,
2023/5/21 11:00,0,0,0.003,16.179,,,,,,,,,,,,,
2023/5/21 12:00,0,0,0,14.392,,,,,,,,,,,,,
2023/5/21 13:00,0,0,0,12.672,,,,,,,,,,,,,
2023/5/21 14:00,0,0,0,11.265,,,,,,,,,,,,,
2023/5/21 15:00,0,0,0,10.313,,,,,,,,,,,,,
2023/5/21 16:00,0,0,0,9.954,,,,,,,,,,,,,
2023/5/21 17:00,0,0,0,9.531,,,,,,,,,,,,,
2023/5/21 18:00,0,0,0,9.274,,,,,,,,,,,,,
2023/5/21 19:00,0,0,0,8.997,,,,,,,,,,,,,
2023/5/21 20:00,0,0,0.002,8.518,,,,,,,,,,,,,
2023/5/21 21:00,0.032,0,0.053,9.888,,,,,,,,,,,,,
2023/5/21 22:00,0.156,0.086,0.101,12.666,,,,,,,,,,,,,
2023/5/21 23:00,0.347,0.275,0.127,16.482,,,,,,,,,,,,,
2023/5/22 0:00,0.523,0.476,0.149,18.873,,,,,,,,,,,,,
2023/5/22 1:00,0.656,0.65,0.166,20.592,,,,,,,,,,,,,
2023/5/22 2:00,0.742,0.774,0.179,22.03,,,,,,,,,,,,,
2023/5/22 3:00,0.776,0.821,0.194,23.037,,,,,,,,,,,,,
2023/5/22 4:00,0.758,0.779,0.21,23.624,,,,,,,,,,,,,
2023/5/22 5:00,0.694,0.666,0.224,23.929,,,,,,,,,,,,,
2023/5/22 6:00,0.544,0.4,0.271,23.69,,,,,,,,,,,,,
2023/5/22 7:00,0.439,0.296,0.234,23.336,,,,,,,,,,,,,
2023/5/22 8:00,0.302,0.171,0.19,22.72,,,,,,,,,,,,,
2023/5/22 9:00,0.151,0.054,0.136,21.802,,,,,,,,,,,,,
2023/5/22 10:00,0.04,0,0.065,19.336,,,,,,,,,,,,,
2023/5/22 11:00,0,0,0.003,15.654,,,,,,,,,,,,,
2023/5/22 12:00,0,0,0,14.376,,,,,,,,,,,,,
2023/5/22 13:00,0,0,0,13.327,,,,,,,,,,,,,
2023/5/22 14:00,0,0,0,12.362,,,,,,,,,,,,,
2023/5/22 15:00,0,0,0,11.691,,,,,,,,,,,,,
2023/5/22 16:00,0,0,0,11.205,,,,,,,,,,,,,
2023/5/22 17:00,0,0,0,10.573,,,,,,,,,,,,,
2023/5/22 18:00,0,0,0,9.961,,,,,,,,,,,,,
2023/5/22 19:00,0,0,0,9.544,,,,,,,,,,,,,
2023/5/22 20:00,0,0,0.002,9.234,,,,,,,,,,,,,
2023/5/22 21:00,0.032,0,0.055,11.066,,,,,,,,,,,,,
2023/5/22 22:00,0.157,0.089,0.101,15.011,,,,,,,,,,,,,
2023/5/22 23:00,0.346,0.279,0.128,18.888,,,,,,,,,,,,,
2023/5/23 0:00,0.515,0.475,0.153,22.355,,,,,,,,,,,,,
2023/5/23 1:00,0.647,0.65,0.169,23.864,,,,,,,,,,,,,
2023/5/23 2:00,0.734,0.779,0.181,25.058,,,,,,,,,,,,,
2023/5/23 3:00,0.779,0.855,0.185,26.024,,,,,,,,,,,,,
2023/5/23 4:00,0.777,0.854,0.188,26.742,,,,,,,,,,,,,
2023/5/23 5:00,0.732,0.785,0.184,27.277,,,,,,,,,,,,,
2023/5/23 6:00,0.63,0.622,0.189,27.544,,,,,,,,,,,,,
2023/5/23 7:00,0.469,0.378,0.205,27.383,,,,,,,,,,,,,
2023/5/23 8:00,0.291,0.156,0.2,26.801,,,,,,,,,,,,,
2023/5/23 9:00,0.151,0.055,0.137,25.895,,,,,,,,,,,,,
2023/5/23 10:00,0.039,0,0.065,23.383,,,,,,,,,,,,,
2023/5/23 11:00,0,0,0.003,20.455,,,,,,,,,,,,,
2023/5/23 12:00,0,0,0,19.313,,,,,,,,,,,,,
2023/5/23 13:00,0,0,0,18.003,,,,,,,,,,,,,
2023/5/23 14:00,0,0,0,16.638,,,,,,,,,,,,,
2023/5/23 15:00,0,0,0,15.654,,,,,,,,,,,,,
2023/5/23 16:00,0,0,0,14.999,,,,,,,,,,,,,
2023/5/23 17:00,0,0,0,14.431,,,,,,,,,,,,,
2023/5/23 18:00,0,0,0,13.88,,,,,,,,,,,,,
2023/5/23 19:00,0,0,0,13.338,,,,,,,,,,,,,
2023/5/23 20:00,0,0,0.002,12.843,,,,,,,,,,,,,
2023/5/23 21:00,0.031,0,0.053,13.687,,,,,,,,,,,,,
2023/5/23 22:00,0.129,0.027,0.133,15.651,,,,,,,,,,,,,
2023/5/23 23:00,0.239,0.075,0.208,18.501,,,,,,,,,,,,,
2023/5/24 0:00,0.386,0.178,0.281,21.147,,,,,,,,,,,,,
2023/5/24 1:00,0.606,0.524,0.233,23.432,,,,,,,,,,,,,
2023/5/24 2:00,0.699,0.666,0.239,25.065,,,,,,,,,,,,,
2023/5/24 3:00,0.753,0.763,0.234,26.135,,,,,,,,,,,,,
2023/5/24 4:00,0.71,0.651,0.279,26.553,,,,,,,,,,,,,
2023/5/24 5:00,0.606,0.437,0.332,26.453,,,,,,,,,,,,,
2023/5/24 6:00,0.541,0.375,0.302,26.185,,,,,,,,,,,,,
2023/5/24 7:00,0.247,0.037,0.264,24.513,,,,,,,,,,,,,
2023/5/24 8:00,0.118,0.007,0.146,22.952,,,,,,,,,,,,,
2023/5/24 9:00,0.101,0.008,0.126,22.177,,,,,,,,,,,,,
2023/5/24 10:00,0.014,0,0.035,20.947,,,,,,,,,,,,,
2023/5/24 11:00,0,0,0.001,19.69,,,,,,,,,,,,,
2023/5/24 12:00,0,0,0,18.827,,,,,,,,,,,,,
2023/5/24 13:00,0,0,0,17.868,,,,,,,,,,,,,
2023/5/24 14:00,0,0,0,16.972,,,,,,,,,,,,,
2023/5/24 15:00,0,0,0,16.01,,,,,,,,,,,,,
2023/5/24 16:00,0,0,0,14.98,,,,,,,,,,,,,
2023/5/24 17:00,0,0,0,14.211,,,,,,,,,,,,,
2023/5/24 18:00,0,0,0,13.678,,,,,,,,,,,,,
2023/5/24 19:00,0,0,0,13.279,,,,,,,,,,,,,
2023/5/24 20:00,0,0,0.002,12.881,,,,,,,,,,,,,
2023/5/24 21:00,0.032,0,0.054,12.951,,,,,,,,,,,,,
2023/5/24 22:00,0.146,0.036,0.141,14.187,,,,,,,,,,,,,
2023/5/24 23:00,0.321,0.188,0.185,16.247,,,,,,,,,,,,,
2023/5/25 0:00,0.49,0.374,0.208,18.437,,,,,,,,,,,,,
2023/5/25 1:00,0.615,0.521,0.234,20.313,,,,,,,,,,,,,
2023/5/25 2:00,0.658,0.535,0.289,21.62,,,,,,,,,,,,,
2023/5/25 3:00,0.567,0.297,0.398,21.727,,,,,,,,,,,,,
2023/5/25 4:00,0.487,0.171,0.416,21.239,,,,,,,,,,,,,
2023/5/25 5:00,0.378,0.078,0.371,20.516,,,,,,,,,,,,,
2023/5/25 6:00,0.323,0.057,0.325,19.933,,,,,,,,,,,,,
2023/5/25 7:00,0.269,0.044,0.274,19.516,,,,,,,,,,,,,
2023/5/25 8:00,0.2,0.029,0.211,19.348,,,,,,,,,,,,,
2023/5/25 9:00,0.119,0.012,0.14,19.405,,,,,,,,,,,,,
2023/5/25 10:00,0.042,0,0.068,18.748,,,,,,,,,,,,,
2023/5/25 11:00,0,0,0.004,15.838,,,,,,,,,,,,,
2023/5/25 12:00,0,0,0,14.626,,,,,,,,,,,,,
2023/5/25 13:00,0,0,0,13.814,,,,,,,,,,,,,
2023/5/25 14:00,0,0,0,13.141,,,,,,,,,,,,,
2023/5/25 15:00,0,0,0,12.558,,,,,,,,,,,,,
2023/5/25 16:00,0,0,0,11.85,,,,,,,,,,,,,
2023/5/25 17:00,0,0,0,11.222,,,,,,,,,,,,,
2023/5/25 18:00,0,0,0,10.662,,,,,,,,,,,,,
2023/5/25 19:00,0,0,0,10.105,,,,,,,,,,,,,
2023/5/25 20:00,0,0,0.002,9.665,,,,,,,,,,,,,
2023/5/25 21:00,0.039,0,0.062,10.86,,,,,,,,,,,,,
2023/5/25 22:00,0.161,0.063,0.129,13.126,,,,,,,,,,,,,
2023/5/25 23:00,0.333,0.215,0.172,16.906,,,,,,,,,,,,,
2023/5/26 0:00,0.487,0.393,0.196,21.996,,,,,,,,,,,,,
2023/5/26 1:00,0.61,0.551,0.217,24.761,,,,,,,,,,,,,
2023/5/26 2:00,0.694,0.673,0.231,26.614,,,,,,,,,,,,,
2023/5/26 3:00,0.722,0.707,0.25,27.946,,,,,,,,,,,,,
2023/5/26 4:00,0.716,0.696,0.256,28.85,,,,,,,,,,,,,
2023/5/26 5:00,0.637,0.543,0.287,29.231,,,,,,,,,,,,,
2023/5/26 6:00,0.531,0.378,0.295,29.209,,,,,,,,,,,,,
2023/5/26 7:00,0.415,0.246,0.269,28.856,,,,,,,,,,,,,
2023/5/26 8:00,0.274,0.115,0.224,28.147,,,,,,,,,,,,,
2023/5/26 9:00,0.137,0.027,0.152,26.947,,,,,,,,,,,,,
2023/5/26 10:00,0.034,0,0.059,24.189,,,,,,,,,,,,,
2023/5/26 11:00,0,0,0.003,21.608,,,,,,,,,,,,,
2023/5/26 12:00,0,0,0,20.478,,,,,,,,,,,,,
2023/5/26 13:00,0,0,0,19.658,,,,,,,,,,,,,
2023/5/26 14:00,0,0,0,18.699,,,,,,,,,,,,,
2023/5/26 15:00,0,0,0,17.742,,,,,,,,,,,,,
2023/5/26 16:00,0,0,0,16.955,,,,,,,,,,,,,
2023/5/26 17:00,0,0,0,16.3,,,,,,,,,,,,,
2023/5/26 18:00,0,0,0,15.765,,,,,,,,,,,,,
2023/5/26 19:00,0,0,0,15.303,,,,,,,,,,,,,
2023/5/26 20:00,0,0,0.001,14.759,,,,,,,,,,,,,
2023/5/26 21:00,0.014,0,0.034,14.844,,,,,,,,,,,,,
2023/5/26 22:00,0.111,0.012,0.129,16.143,,,,,,,,,,,,,
2023/5/26 23:00,0.237,0.064,0.217,18.447,,,,,,,,,,,,,
2023/5/27 0:00,0.357,0.12,0.303,20.79,,,,,,,,,,,,,
2023/5/27 1:00,0.413,0.133,0.363,22.625,,,,,,,,,,,,,
2023/5/27 2:00,0.505,0.217,0.403,24.434,,,,,,,,,,,,,
2023/5/27 3:00,0.592,0.347,0.401,26.123,,,,,,,,,,,,,
2023/5/27 4:00,0.63,0.436,0.374,27.329,,,,,,,,,,,,,
2023/5/27 5:00,0.554,0.311,0.389,27.701,,,,,,,,,,,,,
2023/5/27 6:00,0.461,0.204,0.367,27.579,,,,,,,,,,,,,
2023/5/27 7:00,0.342,0.105,0.314,27.021,,,,,,,,,,,,,
2023/5/27 8:00,0.209,0.033,0.226,26.077,,,,,,,,,,,,,
2023/5/27 9:00,0.092,0.005,0.12,24.961,,,,,,,,,,,,,
2023/5/27 10:00,0.024,0,0.047,23.382,,,,,,,,,,,,,
2023/5/27 11:00,0,0,0.003,21.329,,,,,,,,,,,,,
2023/5/27 12:00,0,0,0,19.869,,,,,,,,,,,,,
2023/5/27 13:00,0,0,0,18.743,,,,,,,,,,,,,
2023/5/27 14:00,0,0,0,17.932,,,,,,,,,,,,,
2023/5/27 15:00,0,0,0,17.24,,,,,,,,,,,,,
2023/5/27 16:00,0,0,0,16.659,,,,,,,,,,,,,
2023/5/27 17:00,0,0,0,16.253,,,,,,,,,,,,,
2023/5/27 18:00,0,0,0,15.935,,,,,,,,,,,,,
2023/5/27 19:00,0,0,0,15.854,,,,,,,,,,,,,
2023/5/27 20:00,0,0,0.001,15.703,,,,,,,,,,,,,
2023/5/27 21:00,0.008,0,0.026,16.008,,,,,,,,,,,,,
2023/5/27 22:00,0.076,0.003,0.101,16.535,,,,,,,,,,,,,
2023/5/27 23:00,0.232,0.049,0.226,18.157,,,,,,,,,,,,,
2023/5/28 0:00,0.376,0.141,0.304,19.935,,,,,,,,,,,,,
2023/5/28 1:00,0.448,0.171,0.365,21.046,,,,,,,,,,,,,
2023/5/28 2:00,0.452,0.135,0.408,21.652,,,,,,,,,,,,,
2023/5/28 3:00,0.484,0.154,0.433,22.344,,,,,,,,,,,,,
2023/5/28 4:00,0.508,0.184,0.436,23.203,,,,,,,,,,,,,
2023/5/28 5:00,0.498,0.195,0.415,23.859,,,,,,,,,,,,,
2023/5/28 6:00,0.42,0.134,0.375,23.867,,,,,,,,,,,,,
2023/5/28 7:00,0.302,0.06,0.303,23.153,,,,,,,,,,,,,
2023/5/28 8:00,0.203,0.027,0.22,22.194,,,,,,,,,,,,,
2023/5/28 9:00,0.104,0.007,0.13,21.27,,,,,,,,,,,,,
2023/5/28 10:00,0.023,0,0.045,20.046,,,,,,,,,,,,,
2023/5/28 11:00,0,0,0.004,17.713,,,,,,,,,,,,,
2023/5/28 12:00,0,0,0,16.15,,,,,,,,,,,,,
2023/5/28 13:00,0,0,0,14.977,,,,,,,,,,,,,
2023/5/28 14:00,0,0,0,14.244,,,,,,,,,,,,,
2023/5/28 15:00,0,0,0,14.031,,,,,,,,,,,,,
2023/5/28 16:00,0,0,0,13.614,,,,,,,,,,,,,
2023/5/28 17:00,0,0,0,13.304,,,,,,,,,,,,,
2023/5/28 18:00,0,0,0,13.04,,,,,,,,,,,,,
2023/5/28 19:00,0,0,0,12.838,,,,,,,,,,,,,
2023/5/28 20:00,0,0,0.001,12.684,,,,,,,,,,,,,
2023/5/28 21:00,0.01,0,0.028,12.813,,,,,,,,,,,,,
2023/5/28 22:00,0.112,0.009,0.132,13.873,,,,,,,,,,,,,
2023/5/28 23:00,0.272,0.085,0.232,16.253,,,,,,,,,,,,,
2023/5/29 0:00,0.469,0.347,0.21,19.096,,,,,,,,,,,,,
2023/5/29 1:00,0.633,0.593,0.194,21.415,,,,,,,,,,,,,
2023/5/29 2:00,0.737,0.763,0.19,23.111,,,,,,,,,,,,,
2023/5/29 3:00,0.788,0.854,0.188,24.222,,,,,,,,,,,,,
2023/5/29 4:00,0.79,0.865,0.186,24.964,,,,,,,,,,,,,
2023/5/29 5:00,0.748,0.804,0.181,25.441,,,,,,,,,,,,,
2023/5/29 6:00,0.657,0.669,0.174,25.67,,,,,,,,,,,,,
2023/5/29 7:00,0.529,0.501,0.157,25.677,,,,,,,,,,,,,
2023/5/29 8:00,0.357,0.294,0.14,25.296,,,,,,,,,,,,,
2023/5/29 9:00,0.168,0.087,0.123,24.559,,,,,,,,,,,,,
2023/5/29 10:00,0.046,0,0.072,22.272,,,,,,,,,,,,,
2023/5/29 11:00,0,0,0.006,20.045,,,,,,,,,,,,,
2023/5/29 12:00,0,0,0,19.478,,,,,,,,,,,,,
2023/5/29 13:00,0,0,0,18.732,,,,,,,,,,,,,
2023/5/29 14:00,0,0,0,17.468,,,,,,,,,,,,,
2023/5/29 15:00,0,0,0,16.326,,,,,,,,,,,,,
2023/5/29 16:00,0,0,0,15.402,,,,,,,,,,,,,
2023/5/29 17:00,0,0,0,14.214,,,,,,,,,,,,,
2023/5/29 18:00,0,0,0,13.192,,,,,,,,,,,,,
2023/5/29 19:00,0,0,0,12.352,,,,,,,,,,,,,
2023/5/29 20:00,0,0,0.002,11.555,,,,,,,,,,,,,
2023/5/29 21:00,0.014,0,0.033,11.86,,,,,,,,,,,,,
2023/5/29 22:00,0.05,0.002,0.073,12.562,,,,,,,,,,,,,
2023/5/29 23:00,0.103,0.006,0.125,13.588,,,,,,,,,,,,,
2023/5/30 0:00,0.166,0.009,0.191,15.27,,,,,,,,,,,,,
2023/5/30 1:00,0.227,0.015,0.253,17.538,,,,,,,,,,,,,
2023/5/30 2:00,0.314,0.033,0.338,19.72,,,,,,,,,,,,,
2023/5/30 3:00,0.407,0.071,0.414,20.967,,,,,,,,,,,,,
2023/5/30 4:00,0.457,0.109,0.441,21.925,,,,,,,,,,,,,
2023/5/30 5:00,0.431,0.099,0.42,22.521,,,,,,,,,,,,,
2023/5/30 6:00,0.38,0.08,0.376,22.807,,,,,,,,,,,,,
2023/5/30 7:00,0.287,0.043,0.301,22.686,,,,,,,,,,,,,
2023/5/30 8:00,0.173,0.014,0.2,22.075,,,,,,,,,,,,,
2023/5/30 9:00,0.079,0.003,0.107,20.92,,,,,,,,,,,,,
2023/5/30 10:00,0.016,0,0.037,18.533,,,,,,,,,,,,,
2023/5/30 11:00,0,0,0.003,16.472,,,,,,,,,,,,,
2023/5/30 12:00,0,0,0,15.574,,,,,,,,,,,,,
2023/5/30 13:00,0,0,0,15.006,,,,,,,,,,,,,
2023/5/30 14:00,0,0,0,14.444,,,,,,,,,,,,,
2023/5/30 15:00,0,0,0,13.842,,,,,,,,,,,,,
2023/5/30 16:00,0,0,0,13.342,,,,,,,,,,,,,
2023/5/30 17:00,0,0,0,13.175,,,,,,,,,,,,,
2023/5/30 18:00,0,0,0,13.157,,,,,,,,,,,,,
2023/5/30 19:00,0,0,0,13.382,,,,,,,,,,,,,
2023/5/30 20:00,0,0,0.002,13.748,,,,,,,,,,,,,
2023/5/30 21:00,0.015,0,0.035,14.528,,,,,,,,,,,,,
2023/5/30 22:00,0.092,0.004,0.116,15.67,,,,,,,,,,,,,
2023/5/30 23:00,0.196,0.022,0.213,17.643,,,,,,,,,,,,,
2023/5/31 0:00,0.291,0.062,0.281,19.473,,,,,,,,,,,,,
2023/5/31 1:00,0.437,0.173,0.349,21.128,,,,,,,,,,,,,
2023/5/31 2:00,0.575,0.358,0.353,23.016,,,,,,,,,,,,,
2023/5/31 3:00,0.62,0.421,0.361,24.582,,,,,,,,,,,,,
2023/5/31 4:00,0.594,0.369,0.381,25.576,,,,,,,,,,,,,
2023/5/31 5:00,0.552,0.321,0.371,26.096,,,,,,,,,,,,,
2023/5/31 6:00,0.41,0.14,0.359,25.64,,,,,,,,,,,,,
2023/5/31 7:00,0.346,0.115,0.304,25.145,,,,,,,,,,,,,
2023/5/31 8:00,0.243,0.062,0.234,24.621,,,,,,,,,,,,,
2023/5/31 9:00,0.137,0.021,0.154,23.944,,,,,,,,,,,,,
2023/5/31 10:00,0.045,0,0.072,22.462,,,,,,,,,,,,,
2023/5/31 11:00,0,0,0.006,19.635,,,,,,,,,,,,,
2023/5/31 12:00,0,0,0,17.823,,,,,,,,,,,,,
2023/5/31 13:00,0,0,0,16.338,,,,,,,,,,,,,
2023/5/31 14:00,0,0,0,14.821,,,,,,,,,,,,,
2023/5/31 15:00,0,0,0,13.595,,,,,,,,,,,,,
2023/5/31 16:00,0,0,0,12.684,,,,,,,,,,,,,
2023/5/31 17:00,0,0,0,11.984,,,,,,,,,,,,,
2023/5/31 18:00,0,0,0,11.354,,,,,,,,,,,,,
2023/5/31 19:00,0,0,0,10.803,,,,,,,,,,,,,
2023/5/31 20:00,0,0,0.004,10.418,,,,,,,,,,,,,
2023/5/31 21:00,0.043,0,0.067,12.192,,,,,,,,,,,,,
2023/5/31 22:00,0.162,0.062,0.133,14.938,,,,,,,,,,,,,
2023/5/31 23:00,0.333,0.219,0.172,18.514,,,,,,,,,,,,,
2023/6/1 0:00,0.479,0.368,0.215,23.311,,,,,,,,,,,,,
2023/6/1 1:00,0.51,0.308,0.321,24.952,,,,,,,,,,,,,
2023/6/1 2:00,0.489,0.207,0.396,25.338,,,,,,,,,,,,,
2023/6/1 3:00,0.508,0.208,0.42,25.519,,,,,,,,,,,,,
2023/6/1 4:00,0.606,0.387,0.381,26.009,,,,,,,,,,,,,
2023/6/1 5:00,0.534,0.273,0.39,25.156,,,,,,,,,,,,,
2023/6/1 6:00,0.289,0.039,0.307,22.082,,,,,,,,,,,,,
2023/6/1 7:00,0.21,0.02,0.233,19.498,,,,,,,,,,,,,
2023/6/1 8:00,0.153,0.012,0.176,18.155,,,,,,,,,,,,,
2023/6/1 9:00,0.099,0.006,0.123,17.558,,,,,,,,,,,,,
2023/6/1 10:00,0.031,0,0.054,16.929,,,,,,,,,,,,,
2023/6/1 11:00,0,0,0.004,15.4,,,,,,,,,,,,,
2023/6/1 12:00,0,0,0,14.765,,,,,,,,,,,,,
2023/6/1 13:00,0,0,0,14.315,,,,,,,,,,,,,
2023/6/1 14:00,0,0,0,13.648,,,,,,,,,,,,,
2023/6/1 15:00,0,0,0,12.669,,,,,,,,,,,,,
2023/6/1 16:00,0,0,0,11.772,,,,,,,,,,,,,
2023/6/1 17:00,0,0,0,10.753,,,,,,,,,,,,,
2023/6/1 18:00,0,0,0,9.896,,,,,,,,,,,,,
2023/6/1 19:00,0,0,0,9.173,,,,,,,,,,,,,
2023/6/1 20:00,0,0,0.004,8.734,,,,,,,,,,,,,
2023/6/1 21:00,0.045,0,0.068,9.882,,,,,,,,,,,,,
2023/6/1 22:00,0.171,0.081,0.122,12.627,,,,,,,,,,,,,
2023/6/1 23:00,0.352,0.251,0.159,16.914,,,,,,,,,,,,,
2023/6/2 0:00,0.516,0.472,0.148,19.877,,,,,,,,,,,,,
2023/6/2 1:00,0.645,0.643,0.164,21.936,,,,,,,,,,,,,
2023/6/2 2:00,0.733,0.774,0.173,23.31,,,,,,,,,,,,,
2023/6/2 3:00,0.778,0.848,0.177,24.227,,,,,,,,,,,,,
2023/6/2 4:00,0.778,0.85,0.179,24.705,,,,,,,,,,,,,
2023/6/2 5:00,0.736,0.787,0.174,24.935,,,,,,,,,,,,,
2023/6/2 6:00,0.651,0.666,0.164,24.919,,,,,,,,,,,,,
2023/6/2 7:00,0.517,0.481,0.156,24.534,,,,,,,,,,,,,
2023/6/2 8:00,0.341,0.261,0.149,23.747,,,,,,,,,,,,,
2023/6/2 9:00,0.164,0.08,0.125,22.706,,,,,,,,,,,,,
2023/6/2 10:00,0.045,0,0.072,20.976,,,,,,,,,,,,,
2023/6/2 11:00,0,0,0.007,17.241,,,,,,,,,,,,,
2023/6/2 12:00,0,0,0,15.759,,,,,,,,,,,,,
2023/6/2 13:00,0,0,0,14.492,,,,,,,,,,,,,
2023/6/2 14:00,0,0,0,13.319,,,,,,,,,,,,,
2023/6/2 15:00,0,0,0,12.397,,,,,,,,,,,,,
2023/6/2 16:00,0,0,0,11.793,,,,,,,,,,,,,
2023/6/2 17:00,0,0,0,11.375,,,,,,,,,,,,,
2023/6/2 18:00,0,0,0,10.981,,,,,,,,,,,,,
2023/6/2 19:00,0,0,0,10.548,,,,,,,,,,,,,
2023/6/2 20:00,0,0,0.004,10.208,,,,,,,,,,,,,
2023/6/2 21:00,0.037,0,0.06,12.229,,,,,,,,,,,,,
2023/6/2 22:00,0.16,0.093,0.1,15.052,,,,,,,,,,,,,
2023/6/2 23:00,0.348,0.285,0.124,18.793,,,,,,,,,,,,,
2023/6/3 0:00,0.519,0.472,0.156,20.933,,,,,,,,,,,,,
2023/6/3 1:00,0.65,0.644,0.173,22.566,,,,,,,,,,,,,
2023/6/3 2:00,0.733,0.764,0.187,23.977,,,,,,,,,,,,,
2023/6/3 3:00,0.763,0.8,0.205,24.957,,,,,,,,,,,,,
2023/6/3 4:00,0.74,0.744,0.227,25.425,,,,,,,,,,,,,
2023/6/3 5:00,0.619,0.485,0.299,25.261,,,,,,,,,,,,,
2023/6/3 6:00,0.446,0.203,0.34,24.499,,,,,,,,,,,,,
2023/6/3 7:00,0.346,0.124,0.292,23.767,,,,,,,,,,,,,
2023/6/3 8:00,0.239,0.063,0.226,22.803,,,,,,,,,,,,,
2023/6/3 9:00,0.141,0.026,0.152,21.881,,,,,,,,,,,,,
2023/6/3 10:00,0.043,0,0.069,20.579,,,,,,,,,,,,,
2023/6/3 11:00,0,0,0.005,18.258,,,,,,,,,,,,,
2023/6/3 12:00,0,0,0,17.42,,,,,,,,,,,,,
2023/6/3 13:00,0,0,0,16.817,,,,,,,,,,,,,
2023/6/3 14:00,0,0,0,16.254,,,,,,,,,,,,,
2023/6/3 15:00,0,0,0,15.879,,,,,,,,,,,,,
2023/6/3 16:00,0,0,0,15.19,,,,,,,,,,,,,
2023/6/3 17:00,0,0,0,14.332,,,,,,,,,,,,,
2023/6/3 18:00,0,0,0,13.474,,,,,,,,,,,,,
2023/6/3 19:00,0,0,0,12.484,,,,,,,,,,,,,
2023/6/3 20:00,0,0,0.005,11.828,,,,,,,,,,,,,
2023/6/3 21:00,0.039,0,0.063,13.591,,,,,,,,,,,,,
2023/6/3 22:00,0.164,0.093,0.105,16.129,,,,,,,,,,,,,
2023/6/3 23:00,0.35,0.282,0.132,20.288,,,,,,,,,,,,,
2023/6/4 0:00,0.516,0.488,0.143,23.087,,,,,,,,,,,,,
2023/6/4 1:00,0.648,0.667,0.157,24.598,,,,,,,,,,,,,
2023/6/4 2:00,0.734,0.797,0.168,25.894,,,,,,,,,,,,,
2023/6/4 3:00,0.776,0.867,0.173,26.898,,,,,,,,,,,,,
2023/6/4 4:00,0.773,0.864,0.176,27.526,,,,,,,,,,,,,
2023/6/4 5:00,0.729,0.794,0.174,27.979,,,,,,,,,,,,,
2023/6/4 6:00,0.618,0.608,0.188,28.142,,,,,,,,,,,,,
2023/6/4 7:00,0.439,0.317,0.227,27.805,,,,,,,,,,,,,
2023/6/4 8:00,0.297,0.169,0.196,27.23,,,,,,,,,,,,,
2023/6/4 9:00,0.155,0.055,0.143,26.34,,,,,,,,,,,,,
2023/6/4 10:00,0.046,0,0.074,24.348,,,,,,,,,,,,,
2023/6/4 11:00,0,0,0.007,21.061,,,,,,,,,,,,,
2023/6/4 12:00,0,0,0,19.856,,,,,,,,,,,,,
2023/6/4 13:00,0,0,0,19.091,,,,,,,,,,,,,
2023/6/4 14:00,0,0,0,18.154,,,,,,,,,,,,,
2023/6/4 15:00,0,0,0,17.019,,,,,,,,,,,,,
2023/6/4 16:00,0,0,0,15.818,,,,,,,,,,,,,
2023/6/4 17:00,0,0,0,14.484,,,,,,,,,,,,,
2023/6/4 18:00,0,0,0,13.27,,,,,,,,,,,,,
2023/6/4 19:00,0,0,0,12.295,,,,,,,,,,,,,
2023/6/4 20:00,0,0,0.005,11.592,,,,,,,,,,,,,
2023/6/4 21:00,0.038,0,0.061,12.965,,,,,,,,,,,,,
2023/6/4 22:00,0.161,0.092,0.102,15.613,,,,,,,,,,,,,
2023/6/4 23:00,0.347,0.279,0.129,18.738,,,,,,,,,,,,,
2023/6/5 0:00,0.515,0.474,0.149,21.091,,,,,,,,,,,,,
2023/6/5 1:00,0.643,0.644,0.165,23.146,,,,,,,,,,,,,
2023/6/5 2:00,0.726,0.769,0.177,25.011,,,,,,,,,,,,,
2023/6/5 3:00,0.766,0.837,0.183,26.491,,,,,,,,,,,,,
2023/6/5 4:00,0.762,0.835,0.186,27.457,,,,,,,,,,,,,
2023/6/5 5:00,0.705,0.735,0.195,28.002,,,,,,,,,,,,,
2023/6/5 6:00,0.601,0.566,0.204,28.137,,,,,,,,,,,,,
2023/6/5 7:00,0.469,0.386,0.198,27.895,,,,,,,,,,,,,
2023/6/5 8:00,0.322,0.225,0.17,27.32,,,,,,,,,,,,,
2023/6/5 9:00,0.159,0.064,0.138,26.266,,,,,,,,,,,,,
2023/6/5 10:00,0.047,0,0.074,24.093,,,,,,,,,,,,,
2023/6/5 11:00,0,0,0.007,20.36,,,,,,,,,,,,,
2023/6/5 12:00,0,0,0,18.954,,,,,,,,,,,,,
2023/6/5 13:00,0,0,0,18.406,,,,,,,,,,,,,
2023/6/5 14:00,0,0,0,17.711,,,,,,,,,,,,,
2023/6/5 15:00,0,0,0,17.003,,,,,,,,,,,,,
2023/6/5 16:00,0,0,0,15.615,,,,,,,,,,,,,
2023/6/5 17:00,0,0,0,14.723,,,,,,,,,,,,,
2023/6/5 18:00,0,0,0,14.311,,,,,,,,,,,,,
2023/6/5 19:00,0,0,0,13.38,,,,,,,,,,,,,
2023/6/5 20:00,0,0,0.005,12.32,,,,,,,,,,,,,
2023/6/5 21:00,0.039,0,0.062,13.411,,,,,,,,,,,,,
2023/6/5 22:00,0.16,0.091,0.104,16.027,,,,,,,,,,,,,
2023/6/5 23:00,0.344,0.275,0.131,19.454,,,,,,,,,,,,,
2023/6/6 0:00,0.495,0.421,0.179,21.922,,,,,,,,,,,,,
2023/6/6 1:00,0.612,0.561,0.206,23.824,,,,,,,,,,,,,
2023/6/6 2:00,0.699,0.693,0.213,25.57,,,,,,,,,,,,,
2023/6/6 3:00,0.745,0.775,0.214,27.081,,,,,,,,,,,,,
2023/6/6 4:00,0.737,0.763,0.221,28.204,,,,,,,,,,,,,
2023/6/6 5:00,0.68,0.665,0.231,29.047,,,,,,,,,,,,,
2023/6/6 6:00,0.59,0.535,0.226,29.644,,,,,,,,,,,,,
2023/6/6 7:00,0.479,0.405,0.199,29.902,,,,,,,,,,,,,
2023/6/6 8:00,0.321,0.218,0.18,29.65,,,,,,,,,,,,,
2023/6/6 9:00,0.164,0.072,0.138,28.98,,,,,,,,,,,,,
2023/6/6 10:00,0.049,0,0.077,26.97,,,,,,,,,,,,,
2023/6/6 11:00,0,0,0.008,23.058,,,,,,,,,,,,,
2023/6/6 12:00,0,0,0,21.667,,,,,,,,,,,,,
2023/6/6 13:00,0,0,0,20.982,,,,,,,,,,,,,
2023/6/6 14:00,0,0,0,20.087,,,,,,,,,,,,,
2023/6/6 15:00,0,0,0,18.682,,,,,,,,,,,,,
2023/6/6 16:00,0,0,0,17.018,,,,,,,,,,,,,
2023/6/6 17:00,0,0,0,16.278,,,,,,,,,,,,,
2023/6/6 18:00,0,0,0,15.439,,,,,,,,,,,,,
2023/6/6 19:00,0,0,0,14.913,,,,,,,,,,,,,
2023/6/6 20:00,0,0,0.005,14.591,,,,,,,,,,,,,
2023/6/6 21:00,0.028,0,0.051,16.196,,,,,,,,,,,,,
2023/6/6 22:00,0.091,0.007,0.115,18.208,,,,,,,,,,,,,
2023/6/6 23:00,0.184,0.028,0.196,20.834,,,,,,,,,,,,,
2023/6/7 0:00,0.428,0.283,0.238,24.604,,,,,,,,,,,,,
2023/6/7 1:00,0.605,0.571,0.202,27.289,,,,,,,,,,,,,
2023/6/7 2:00,0.674,0.655,0.229,28.679,,,,,,,,,,,,,
2023/6/7 3:00,0.705,0.694,0.245,29.43,,,,,,,,,,,,,
2023/6/7 4:00,0.675,0.614,0.278,29.678,,,,,,,,,,,,,
2023/6/7 5:00,0.578,0.416,0.326,29.492,,,,,,,,,,,,,
2023/6/7 6:00,0.516,0.353,0.298,29.104,,,,,,,,,,,,,
2023/6/7 7:00,0.418,0.254,0.262,28.077,,,,,,,,,,,,,
2023/6/7 8:00,0.316,0.193,0.193,26.663,,,,,,,,,,,,,
2023/6/7 9:00,0.167,0.068,0.142,24.879,,,,,,,,,,,,,
2023/6/7 10:00,0.05,0,0.077,22.634,,,,,,,,,,,,,
2023/6/7 11:00,0,0,0.009,19.497,,,,,,,,,,,,,
2023/6/7 12:00,0,0,0,17.091,,,,,,,,,,,,,
2023/6/7 13:00,0,0,0,15,,,,,,,,,,,,,
2023/6/7 14:00,0,0,0,13.367,,,,,,,,,,,,,
2023/6/7 15:00,0,0,0,12.378,,,,,,,,,,,,,
2023/6/7 16:00,0,0,0,11.82,,,,,,,,,,,,,
2023/6/7 17:00,0,0,0,11.417,,,,,,,,,,,,,
2023/6/7 18:00,0,0,0,10.89,,,,,,,,,,,,,
2023/6/7 19:00,0,0,0,10.354,,,,,,,,,,,,,
2023/6/7 20:00,0,0,0.006,10.095,,,,,,,,,,,,,
2023/6/7 21:00,0.044,0,0.067,12.844,,,,,,,,,,,,,
2023/6/7 22:00,0.133,0.022,0.142,14.863,,,,,,,,,,,,,
2023/6/7 23:00,0.221,0.048,0.213,16.262,,,,,,,,,,,,,
2023/6/8 0:00,0.339,0.104,0.29,17.005,,,,,,,,,,,,,
2023/6/8 1:00,0.469,0.217,0.338,18.421,,,,,,,,,,,,,
2023/6/8 2:00,0.618,0.444,0.317,20.535,,,,,,,,,,,,,
2023/6/8 3:00,0.671,0.531,0.315,22.285,,,,,,,,,,,,,
2023/6/8 4:00,0.698,0.605,0.289,23.49,,,,,,,,,,,,,
2023/6/8 5:00,0.619,0.46,0.318,23.845,,,,,,,,,,,,,
2023/6/8 6:00,0.493,0.268,0.334,23.668,,,,,,,,,,,,,
2023/6/8 7:00,0.459,0.315,0.244,23.956,,,,,,,,,,,,,
2023/6/8 8:00,0.313,0.166,0.21,23.719,,,,,,,,,,,,,
2023/6/8 9:00,0.16,0.042,0.158,22.983,,,,,,,,,,,,,
2023/6/8 10:00,0.05,0,0.078,21.594,,,,,,,,,,,,,
2023/6/8 11:00,0,0,0.008,18.116,,,,,,,,,,,,,
2023/6/8 12:00,0,0,0,16.591,,,,,,,,,,,,,
2023/6/8 13:00,0,0,0,16.13,,,,,,,,,,,,,
2023/6/8 14:00,0,0,0,15.877,,,,,,,,,,,,,
2023/6/8 15:00,0,0,0,15.393,,,,,,,,,,,,,
2023/6/8 16:00,0,0,0,14.542,,,,,,,,,,,,,
2023/6/8 17:00,0,0,0,13.648,,,,,,,,,,,,,
2023/6/8 18:00,0,0,0,12.833,,,,,,,,,,,,,
2023/6/8 19:00,0,0,0,11.896,,,,,,,,,,,,,
2023/6/8 20:00,0,0,0.005,11.746,,,,,,,,,,,,,
2023/6/8 21:00,0.036,0,0.059,13.174,,,,,,,,,,,,,
2023/6/8 22:00,0.14,0.025,0.147,14.749,,,,,,,,,,,,,
2023/6/8 23:00,0.322,0.189,0.185,16.273,,,,,,,,,,,,,
2023/6/9 0:00,0.492,0.367,0.216,17.863,,,,,,,,,,,,,
2023/6/9 1:00,0.614,0.508,0.242,19.509,,,,,,,,,,,,,
2023/6/9 2:00,0.674,0.564,0.281,20.964,,,,,,,,,,,,,
2023/6/9 3:00,0.643,0.445,0.358,21.707,,,,,,,,,,,,,
2023/6/9 4:00,0.539,0.237,0.419,21.604,,,,,,,,,,,,,
2023/6/9 5:00,0.413,0.1,0.392,20.87,,,,,,,,,,,,,
2023/6/9 6:00,0.301,0.042,0.314,19.867,,,,,,,,,,,,,
2023/6/9 7:00,0.213,0.02,0.234,18.885,,,,,,,,,,,,,
2023/6/9 8:00,0.159,0.013,0.182,18.28,,,,,,,,,,,,,
2023/6/9 9:00,0.086,0.004,0.112,18.007,,,,,,,,,,,,,
2023/6/9 10:00,0.031,0,0.055,17.661,,,,,,,,,,,,,
2023/6/9 11:00,0,0,0.006,15.963,,,,,,,,,,,,,
2023/6/9 12:00,0,0,0,14.809,,,,,,,,,,,,,
2023/6/9 13:00,0,0,0,14.302,,,,,,,,,,,,,
2023/6/9 14:00,0,0,0,13.818,,,,,,,,,,,,,
2023/6/9 15:00,0,0,0,13.436,,,,,,,,,,,,,
2023/6/9 16:00,0,0,0,13.056,,,,,,,,,,,,,
2023/6/9 17:00,0,0,0,12.32,,,,,,,,,,,,,
2023/6/9 18:00,0,0,0,11.328,,,,,,,,,,,,,
2023/6/9 19:00,0,0,0,10.409,,,,,,,,,,,,,
2023/6/9 20:00,0,0,0.006,9.756,,,,,,,,,,,,,
2023/6/9 21:00,0.049,0,0.073,11.029,,,,,,,,,,,,,
2023/6/9 22:00,0.168,0.066,0.135,13.671,,,,,,,,,,,,,
2023/6/9 23:00,0.336,0.209,0.181,16.225,,,,,,,,,,,,,
2023/6/10 0:00,0.473,0.307,0.251,17.669,,,,,,,,,,,,,
2023/6/10 1:00,0.552,0.344,0.32,18.811,,,,,,,,,,,,,
2023/6/10 2:00,0.594,0.352,0.373,19.845,,,,,,,,,,,,,
2023/6/10 3:00,0.6,0.326,0.41,20.575,,,,,,,,,,,,,
2023/6/10 4:00,0.568,0.265,0.428,20.788,,,,,,,,,,,,,
2023/6/10 5:00,0.503,0.187,0.418,20.595,,,,,,,,,,,,,
2023/6/10 6:00,0.405,0.106,0.374,20.012,,,,,,,,,,,,,
2023/6/10 7:00,0.301,0.054,0.301,19.201,,,,,,,,,,,,,
2023/6/10 8:00,0.189,0.019,0.209,18.203,,,,,,,,,,,,,
2023/6/10 9:00,0.085,0.003,0.11,17.316,,,,,,,,,,,,,
2023/6/10 10:00,0.02,0,0.041,16.567,,,,,,,,,,,,,
2023/6/10 11:00,0,0,0.004,15.25,,,,,,,,,,,,,
2023/6/10 12:00,0,0,0,14.368,,,,,,,,,,,,,
2023/6/10 13:00,0,0,0,13.871,,,,,,,,,,,,,
2023/6/10 14:00,0,0,0,13.384,,,,,,,,,,,,,
2023/6/10 15:00,0,0,0,12.842,,,,,,,,,,,,,
2023/6/10 16:00,0,0,0,12.392,,,,,,,,,,,,,
2023/6/10 17:00,0,0,0,12.049,,,,,,,,,,,,,
2023/6/10 18:00,0,0,0,11.829,,,,,,,,,,,,,
2023/6/10 19:00,0,0,0,11.659,,,,,,,,,,,,,
2023/6/10 20:00,0,0,0.002,11.431,,,,,,,,,,,,,
2023/6/10 21:00,0.015,0,0.035,11.646,,,,,,,,,,,,,
2023/6/10 22:00,0.096,0.005,0.119,12.598,,,,,,,,,,,,,
2023/6/10 23:00,0.225,0.037,0.225,14.366,,,,,,,,,,,,,
2023/6/11 0:00,0.321,0.064,0.308,16.069,,,,,,,,,,,,,
2023/6/11 1:00,0.387,0.084,0.369,17.384,,,,,,,,,,,,,
2023/6/11 2:00,0.386,0.065,0.388,18.273,,,,,,,,,,,,,
2023/6/11 3:00,0.38,0.054,0.392,18.823,,,,,,,,,,,,,
2023/6/11 4:00,0.397,0.063,0.405,19.241,,,,,,,,,,,,,
2023/6/11 5:00,0.402,0.074,0.402,19.65,,,,,,,,,,,,,
2023/6/11 6:00,0.374,0.072,0.37,19.84,,,,,,,,,,,,,
2023/6/11 7:00,0.287,0.041,0.298,19.6,,,,,,,,,,,,,
2023/6/11 8:00,0.197,0.02,0.218,19.131,,,,,,,,,,,,,
2023/6/11 9:00,0.12,0.008,0.145,18.599,,,,,,,,,,,,,
2023/6/11 10:00,0.044,0,0.07,17.671,,,,,,,,,,,,,
2023/6/11 11:00,0,0,0.008,15.196,,,,,,,,,,,,,
2023/6/11 12:00,0,0,0,13.905,,,,,,,,,,,,,
2023/6/11 13:00,0,0,0,13.098,,,,,,,,,,,,,
2023/6/11 14:00,0,0,0,12.341,,,,,,,,,,,,,
2023/6/11 15:00,0,0,0,11.649,,,,,,,,,,,,,
2023/6/11 16:00,0,0,0,10.988,,,,,,,,,,,,,
2023/6/11 17:00,0,0,0,10.542,,,,,,,,,,,,,
2023/6/11 18:00,0,0,0,10.347,,,,,,,,,,,,,
2023/6/11 19:00,0,0,0,10.507,,,,,,,,,,,,,
2023/6/11 20:00,0,0,0.003,10.81,,,,,,,,,,,,,
2023/6/11 21:00,0.019,0,0.04,11.638,,,,,,,,,,,,,
2023/6/11 22:00,0.057,0.001,0.081,12.406,,,,,,,,,,,,,
2023/6/11 23:00,0.103,0.004,0.127,13.416,,,,,,,,,,,,,
2023/6/12 0:00,0.155,0.008,0.179,14.369,,,,,,,,,,,,,
2023/6/12 1:00,0.214,0.013,0.239,15.374,,,,,,,,,,,,,
2023/6/12 2:00,0.325,0.037,0.341,16.695,,,,,,,,,,,,,
2023/6/12 3:00,0.432,0.088,0.42,18.122,,,,,,,,,,,,,
2023/6/12 4:00,0.375,0.054,0.387,18.818,,,,,,,,,,,,,
2023/6/12 5:00,0.31,0.032,0.333,18.94,,,,,,,,,,,,,
2023/6/12 6:00,0.321,0.043,0.334,19.144,,,,,,,,,,,,,
2023/6/12 7:00,0.28,0.039,0.291,19.119,,,,,,,,,,,,,
2023/6/12 8:00,0.211,0.026,0.227,18.774,,,,,,,,,,,,,
2023/6/12 9:00,0.123,0.009,0.147,18.21,,,,,,,,,,,,,
2023/6/12 10:00,0.043,0,0.068,17.232,,,,,,,,,,,,,
2023/6/12 11:00,0,0,0.007,15.123,,,,,,,,,,,,,
2023/6/12 12:00,0,0,0,13.991,,,,,,,,,,,,,
2023/6/12 13:00,0,0,0,13.677,,,,,,,,,,,,,
2023/6/12 14:00,0,0,0,13.583,,,,,,,,,,,,,
2023/6/12 15:00,0,0,0,13.243,,,,,,,,,,,,,
2023/6/12 16:00,0,0,0,12.819,,,,,,,,,,,,,
2023/6/12 17:00,0,0,0,12.471,,,,,,,,,,,,,
2023/6/12 18:00,0,0,0,12.354,,,,,,,,,,,,,
2023/6/12 19:00,0,0,0,12.219,,,,,,,,,,,,,
2023/6/12 20:00,0,0,0.005,11.899,,,,,,,,,,,,,
2023/6/12 21:00,0.05,0,0.075,12.647,,,,,,,,,,,,,
2023/6/12 22:00,0.163,0.035,0.161,14.476,,,,,,,,,,,,,
2023/6/12 23:00,0.317,0.148,0.222,17.496,,,,,,,,,,,,,
2023/6/13 0:00,0.483,0.395,0.181,19.89,,,,,,,,,,,,,
2023/6/13 1:00,0.607,0.552,0.199,21.817,,,,,,,,,,,,,
2023/6/13 2:00,0.684,0.655,0.217,23.435,,,,,,,,,,,,,
2023/6/13 3:00,0.719,0.705,0.229,24.698,,,,,,,,,,,,,
2023/6/13 4:00,0.743,0.773,0.206,25.736,,,,,,,,,,,,,
2023/6/13 5:00,0.706,0.725,0.197,26.343,,,,,,,,,,,,,
2023/6/13 6:00,0.628,0.62,0.183,26.575,,,,,,,,,,,,,
2023/6/13 7:00,0.506,0.463,0.166,26.398,,,,,,,,,,,,,
2023/6/13 8:00,0.348,0.278,0.145,25.781,,,,,,,,,,,,,
2023/6/13 9:00,0.173,0.099,0.117,24.781,,,,,,,,,,,,,
2023/6/13 10:00,0.047,0,0.074,22.89,,,,,,,,,,,,,
2023/6/13 11:00,0,0,0.01,19.062,,,,,,,,,,,,,
2023/6/13 12:00,0,0,0,17.812,,,,,,,,,,,,,
2023/6/13 13:00,0,0,0,17.348,,,,,,,,,,,,,
2023/6/13 14:00,0,0,0,16.802,,,,,,,,,,,,,
2023/6/13 15:00,0,0,0,16.105,,,,,,,,,,,,,
2023/6/13 16:00,0,0,0,15.46,,,,,,,,,,,,,
2023/6/13 17:00,0,0,0,15.054,,,,,,,,,,,,,
2023/6/13 18:00,0,0,0,14.601,,,,,,,,,,,,,
2023/6/13 19:00,0,0,0,14.314,,,,,,,,,,,,,
2023/6/13 20:00,0,0,0.006,14.205,,,,,,,,,,,,,
2023/6/13 21:00,0.042,0,0.066,16.401,,,,,,,,,,,,,
2023/6/13 22:00,0.155,0.08,0.112,20.003,,,,,,,,,,,,,
2023/6/13 23:00,0.329,0.256,0.14,23.611,,,,,,,,,,,,,
2023/6/14 0:00,0.483,0.436,0.162,26.551,,,,,,,,,,,,,
2023/6/14 1:00,0.605,0.601,0.179,28.777,,,,,,,,,,,,,
2023/6/14 2:00,0.689,0.733,0.187,30.655,,,,,,,,,,,,,
2023/6/14 3:00,0.734,0.817,0.186,31.99,,,,,,,,,,,,,
2023/6/14 4:00,0.734,0.821,0.187,32.771,,,,,,,,,,,,,
2023/6/14 5:00,0.694,0.759,0.183,33.23,,,,,,,,,,,,,
2023/6/14 6:00,0.614,0.642,0.173,33.349,,,,,,,,,,,,,
2023/6/14 7:00,0.492,0.472,0.161,33.07,,,,,,,,,,,,,
2023/6/14 8:00,0.337,0.282,0.142,32.393,,,,,,,,,,,,,
2023/6/14 9:00,0.167,0.1,0.116,31.317,,,,,,,,,,,,,
2023/6/14 10:00,0.045,0,0.074,28.658,,,,,,,,,,,,,
2023/6/14 11:00,0,0,0.01,24.422,,,,,,,,,,,,,
2023/6/14 12:00,0,0,0,22.89,,,,,,,,,,,,,
2023/6/14 13:00,0,0,0,21.857,,,,,,,,,,,,,
2023/6/14 14:00,0,0,0,20.699,,,,,,,,,,,,,
2023/6/14 15:00,0,0,0,19.832,,,,,,,,,,,,,
2023/6/14 16:00,0,0,0,19.235,,,,,,,,,,,,,
2023/6/14 17:00,0,0,0,18.603,,,,,,,,,,,,,
2023/6/14 18:00,0,0,0,17.939,,,,,,,,,,,,,
2023/6/14 19:00,0,0,0,17.263,,,,,,,,,,,,,
2023/6/14 20:00,0,0,0.006,16.825,,,,,,,,,,,,,
2023/6/14 21:00,0.041,0,0.066,18.477,,,,,,,,,,,,,
2023/6/14 22:00,0.154,0.082,0.11,20.967,,,,,,,,,,,,,
2023/6/14 23:00,0.327,0.259,0.137,24.959,,,,,,,,,,,,,
2023/6/15 0:00,0.481,0.437,0.169,29.658,,,,,,,,,,,,,
2023/6/15 1:00,0.596,0.599,0.187,33.114,,,,,,,,,,,,,
2023/6/15 2:00,0.67,0.713,0.202,35.262,,,,,,,,,,,,,
2023/6/15 3:00,0.705,0.776,0.21,36.874,,,,,,,,,,,,,
2023/6/15 4:00,0.697,0.76,0.218,37.907,,,,,,,,,,,,,
2023/6/15 5:00,0.654,0.689,0.218,38.478,,,,,,,,,,,,,
2023/6/15 6:00,0.555,0.518,0.23,38.528,,,,,,,,,,,,,
2023/6/15 7:00,0.411,0.29,0.246,38.028,,,,,,,,,,,,,
2023/6/15 8:00,0.275,0.14,0.215,37.133,,,,,,,,,,,,,
2023/6/15 9:00,0.148,0.043,0.155,35.624,,,,,,,,,,,,,
2023/6/15 10:00,0.047,0,0.077,32.721,,,,,,,,,,,,,
2023/6/15 11:00,0,0,0.009,29.743,,,,,,,,,,,,,
2023/6/15 12:00,0,0,0,27.852,,,,,,,,,,,,,
2023/6/15 13:00,0,0,0,26.303,,,,,,,,,,,,,
2023/6/15 14:00,0,0,0,24.772,,,,,,,,,,,,,
2023/6/15 15:00,0,0,0,23.283,,,,,,,,,,,,,
2023/6/15 16:00,0,0,0,21.959,,,,,,,,,,,,,
2023/6/15 17:00,0,0,0,21.055,,,,,,,,,,,,,
2023/6/15 18:00,0,0,0,20.264,,,,,,,,,,,,,
2023/6/15 19:00,0,0,0,19.512,,,,,,,,,,,,,
2023/6/15 20:00,0,0,0.006,18.929,,,,,,,,,,,,,
2023/6/15 21:00,0.044,0,0.07,20.709,,,,,,,,,,,,,
2023/6/15 22:00,0.149,0.052,0.136,23.084,,,,,,,,,,,,,
2023/6/15 23:00,0.296,0.177,0.184,26.471,,,,,,,,,,,,,
2023/6/16 0:00,0.448,0.362,0.2,29.927,,,,,,,,,,,,,
2023/6/16 1:00,0.573,0.54,0.209,32.524,,,,,,,,,,,,,
2023/6/16 2:00,0.651,0.661,0.22,34.767,,,,,,,,,,,,,
2023/6/16 3:00,0.694,0.746,0.219,36.778,,,,,,,,,,,,,
2023/6/16 4:00,0.692,0.753,0.219,38.356,,,,,,,,,,,,,
2023/6/16 5:00,0.651,0.69,0.215,39.273,,,,,,,,,,,,,
2023/6/16 6:00,0.567,0.56,0.211,39.589,,,,,,,,,,,,,
2023/6/16 7:00,0.451,0.399,0.198,39.379,,,,,,,,,,,,,
2023/6/16 8:00,0.306,0.219,0.179,38.653,,,,,,,,,,,,,
2023/6/16 9:00,0.155,0.061,0.146,37.146,,,,,,,,,,,,,
2023/6/16 10:00,0.049,0,0.08,34.12,,,,,,,,,,,,,
2023/6/16 11:00,0,0,0.009,30.094,,,,,,,,,,,,,
2023/6/16 12:00,0,0,0,28.155,,,,,,,,,,,,,
2023/6/16 13:00,0,0,0,27.141,,,,,,,,,,,,,
2023/6/16 14:00,0,0,0,25.997,,,,,,,,,,,,,
2023/6/16 15:00,0,0,0,24.921,,,,,,,,,,,,,
2023/6/16 16:00,0,0,0,24.126,,,,,,,,,,,,,
2023/6/16 17:00,0,0,0,23.409,,,,,,,,,,,,,
2023/6/16 18:00,0,0,0,22.668,,,,,,,,,,,,,
2023/6/16 19:00,0,0,0,22.076,,,,,,,,,,,,,
2023/6/16 20:00,0,0,0.006,21.641,,,,,,,,,,,,,
2023/6/16 21:00,0.043,0,0.07,22.935,,,,,,,,,,,,,
2023/6/16 22:00,0.148,0.054,0.134,25.101,,,,,,,,,,,,,
2023/6/16 23:00,0.302,0.203,0.17,28.808,,,,,,,,,,,,,
2023/6/17 0:00,0.455,0.386,0.192,32.012,,,,,,,,,,,,,
2023/6/17 1:00,0.567,0.531,0.215,34.095,,,,,,,,,,,,,
2023/6/17 2:00,0.634,0.616,0.241,35.473,,,,,,,,,,,,,
2023/6/17 3:00,0.66,0.643,0.261,36.302,,,,,,,,,,,,,
2023/6/17 4:00,0.628,0.558,0.296,36.518,,,,,,,,,,,,,
2023/6/17 5:00,0.558,0.421,0.322,36.242,,,,,,,,,,,,,
2023/6/17 6:00,0.485,0.325,0.307,35.806,,,,,,,,,,,,,
2023/6/17 7:00,0.386,0.22,0.273,35.158,,,,,,,,,,,,,
2023/6/17 8:00,0.293,0.166,0.205,34.467,,,,,,,,,,,,,
2023/6/17 9:00,0.162,0.067,0.145,33.621,,,,,,,,,,,,,
2023/6/17 10:00,0.05,0,0.081,32.053,,,,,,,,,,,,,
2023/6/17 11:00,0,0,0.01,28.771,,,,,,,,,,,,,
2023/6/17 12:00,0,0,0,27.456,,,,,,,,,,,,,
2023/6/17 13:00,0,0,0,26.313,,,,,,,,,,,,,
2023/6/17 14:00,0,0,0,25.06,,,,,,,,,,,,,
2023/6/17 15:00,0,0,0,23.862,,,,,,,,,,,,,
2023/6/17 16:00,0,0,0,22.722,,,,,,,,,,,,,
2023/6/17 17:00,0,0,0,21.665,,,,,,,,,,,,,
2023/6/17 18:00,0,0,0,20.692,,,,,,,,,,,,,
2023/6/17 19:00,0,0,0,19.813,,,,,,,,,,,,,
2023/6/17 20:00,0,0,0.006,19.211,,,,,,,,,,,,,
2023/6/17 21:00,0.045,0,0.071,21.178,,,,,,,,,,,,,
2023/6/17 22:00,0.154,0.068,0.125,23.638,,,,,,,,,,,,,
2023/6/17 23:00,0.318,0.232,0.158,27.194,,,,,,,,,,,,,
2023/6/18 0:00,0.47,0.409,0.186,30.76,,,,,,,,,,,,,
2023/6/18 1:00,0.589,0.572,0.203,32.98,,,,,,,,,,,,,
2023/6/18 2:00,0.669,0.696,0.214,34.626,,,,,,,,,,,,,
2023/6/18 3:00,0.711,0.77,0.218,35.89,,,,,,,,,,,,,
2023/6/18 4:00,0.712,0.778,0.217,36.677,,,,,,,,,,,,,
2023/6/18 5:00,0.674,0.722,0.211,37.021,,,,,,,,,,,,,
2023/6/18 6:00,0.597,0.604,0.201,36.945,,,,,,,,,,,,,
2023/6/18 7:00,0.48,0.442,0.186,36.489,,,,,,,,,,,,,
2023/6/18 8:00,0.329,0.255,0.166,35.643,,,,,,,,,,,,,
2023/6/18 9:00,0.168,0.085,0.136,34.424,,,,,,,,,,,,,
2023/6/18 10:00,0.051,0,0.082,32.292,,,,,,,,,,,,,
2023/6/18 11:00,0,0,0.009,29.237,,,,,,,,,,,,,
2023/6/18 12:00,0,0,0,27.641,,,,,,,,,,,,,
2023/6/18 13:00,0,0,0,26.158,,,,,,,,,,,,,
2023/6/18 14:00,0,0,0,24.75,,,,,,,,,,,,,
2023/6/18 15:00,0,0,0,23.464,,,,,,,,,,,,,
2023/6/18 16:00,0,0,0,22.691,,,,,,,,,,,,,
2023/6/18 17:00,0,0,0,22.195,,,,,,,,,,,,,
2023/6/18 18:00,0,0,0,21.583,,,,,,,,,,,,,
2023/6/18 19:00,0,0,0,21.051,,,,,,,,,,,,,
2023/6/18 20:00,0,0,0.004,20.698,,,,,,,,,,,,,
2023/6/18 21:00,0.013,0,0.034,21.342,,,,,,,,,,,,,
2023/6/18 22:00,0.058,0.002,0.084,22.72,,,,,,,,,,,,,
2023/6/18 23:00,0.128,0.01,0.155,24.141,,,,,,,,,,,,,
2023/6/19 0:00,0.191,0.017,0.222,26.03,,,,,,,,,,,,,
2023/6/19 1:00,0.339,0.073,0.345,28.163,,,,,,,,,,,,,
2023/6/19 2:00,0.563,0.364,0.362,30.738,,,,,,,,,,,,,
2023/6/19 3:00,0.656,0.557,0.32,32.567,,,,,,,,,,,,,
2023/6/19 4:00,0.675,0.613,0.3,33.57,,,,,,,,,,,,,
2023/6/19 5:00,0.586,0.427,0.346,33.575,,,,,,,,,,,,,
2023/6/19 6:00,0.418,0.158,0.372,32.449,,,,,,,,,,,,,
2023/6/19 7:00,0.269,0.047,0.29,30.813,,,,,,,,,,,,,
2023/6/19 8:00,0.17,0.017,0.2,29.149,,,,,,,,,,,,,
2023/6/19 9:00,0.1,0.006,0.13,27.415,,,,,,,,,,,,,
2023/6/19 10:00,0.032,0,0.057,25.355,,,,,,,,,,,,,
2023/6/19 11:00,0,0,0.007,23.098,,,,,,,,,,,,,
2023/6/19 12:00,0,0,0,21.353,,,,,,,,,,,,,
2023/6/19 13:00,0,0,0,20.192,,,,,,,,,,,,,
2023/6/19 14:00,0,0,0,19.388,,,,,,,,,,,,,
2023/6/19 15:00,0,0,0,18.752,,,,,,,,,,,,,
2023/6/19 16:00,0,0,0,18.186,,,,,,,,,,,,,
2023/6/19 17:00,0,0,0,17.583,,,,,,,,,,,,,
2023/6/19 18:00,0,0,0,16.962,,,,,,,,,,,,,
2023/6/19 19:00,0,0,0,16.375,,,,,,,,,,,,,
2023/6/19 20:00,0,0,0.006,16.033,,,,,,,,,,,,,
2023/6/19 21:00,0.043,0,0.068,16.589,,,,,,,,,,,,,
2023/6/19 22:00,0.151,0.03,0.156,18.545,,,,,,,,,,,,,
2023/6/19 23:00,0.294,0.127,0.222,21.151,,,,,,,,,,,,,
2023/6/20 0:00,0.458,0.335,0.219,23.135,,,,,,,,,,,,,
2023/6/20 1:00,0.584,0.496,0.235,24.585,,,,,,,,,,,,,
2023/6/20 2:00,0.645,0.553,0.271,25.492,,,,,,,,,,,,,
2023/6/20 3:00,0.663,0.551,0.303,26.078,,,,,,,,,,,,,
2023/6/20 4:00,0.603,0.406,0.358,26.176,,,,,,,,,,,,,
2023/6/20 5:00,0.54,0.309,0.366,26.186,,,,,,,,,,,,,
2023/6/20 6:00,0.444,0.197,0.348,26.007,,,,,,,,,,,,,
2023/6/20 7:00,0.336,0.109,0.3,25.638,,,,,,,,,,,,,
2023/6/20 8:00,0.235,0.057,0.231,25.148,,,,,,,,,,,,,
2023/6/20 9:00,0.141,0.023,0.157,24.508,,,,,,,,,,,,,
2023/6/20 10:00,0.051,0,0.079,23.23,,,,,,,,,,,,,
2023/6/20 11:00,0,0,0.009,20.61,,,,,,,,,,,,,
2023/6/20 12:00,0,0,0,19.454,,,,,,,,,,,,,
2023/6/20 13:00,0,0,0,18.685,,,,,,,,,,,,,
2023/6/20 14:00,0,0,0,17.823,,,,,,,,,,,,,
2023/6/20 15:00,0,0,0,17.111,,,,,,,,,,,,,
2023/6/20 16:00,0,0,0,16.369,,,,,,,,,,,,,
2023/6/20 17:00,0,0,0,15.826,,,,,,,,,,,,,
2023/6/20 18:00,0,0,0,15.506,,,,,,,,,,,,,
2023/6/20 19:00,0,0,0,15.112,,,,,,,,,,,,,
2023/6/20 20:00,0,0,0.007,14.603,,,,,,,,,,,,,
2023/6/20 21:00,0.044,0,0.069,16.307,,,,,,,,,,,,,
2023/6/20 22:00,0.162,0.087,0.112,18.972,,,,,,,,,,,,,
2023/6/20 23:00,0.343,0.273,0.139,23.211,,,,,,,,,,,,,
2023/6/21 0:00,0.504,0.488,0.139,26.657,,,,,,,,,,,,,
2023/6/21 1:00,0.629,0.66,0.154,28.499,,,,,,,,,,,,,
2023/6/21 2:00,0.71,0.782,0.167,29.809,,,,,,,,,,,,,
2023/6/21 3:00,0.747,0.842,0.175,30.727,,,,,,,,,,,,,
2023/6/21 4:00,0.744,0.838,0.179,31.415,,,,,,,,,,,,,
2023/6/21 5:00,0.702,0.772,0.176,31.9,,,,,,,,,,,,,
2023/6/21 6:00,0.621,0.651,0.168,32.096,,,,,,,,,,,,,
2023/6/21 7:00,0.5,0.486,0.154,31.928,,,,,,,,,,,,,
2023/6/21 8:00,0.344,0.295,0.135,31.319,,,,,,,,,,,,,
2023/6/21 9:00,0.171,0.109,0.11,30.28,,,,,,,,,,,,,
2023/6/21 10:00,0.044,0,0.072,27.804,,,,,,,,,,,,,
2023/6/21 11:00,0,0,0.01,23.437,,,,,,,,,,,,,
2023/6/21 12:00,0,0,0,21.613,,,,,,,,,,,,,
2023/6/21 13:00,0,0,0,20.609,,,,,,,,,,,,,
2023/6/21 14:00,0,0,0,19.799,,,,,,,,,,,,,
2023/6/21 15:00,0,0,0,19.05,,,,,,,,,,,,,
2023/6/21 16:00,0,0,0,18.311,,,,,,,,,,,,,
2023/6/21 17:00,0,0,0,17.782,,,,,,,,,,,,,
2023/6/21 18:00,0,0,0,17.484,,,,,,,,,,,,,
2023/6/21 19:00,0,0,0,17.272,,,,,,,,,,,,,
2023/6/21 20:00,0,0,0.007,17.176,,,,,,,,,,,,,
2023/6/21 21:00,0.039,0,0.064,19.697,,,,,,,,,,,,,
2023/6/21 22:00,0.151,0.088,0.103,23.015,,,,,,,,,,,,,
2023/6/21 23:00,0.328,0.273,0.128,26.936,,,,,,,,,,,,,
2023/6/22 0:00,0.48,0.442,0.169,31.421,,,,,,,,,,,,,
2023/6/22 1:00,0.584,0.571,0.201,33.903,,,,,,,,,,,,,
2023/6/22 2:00,0.656,0.674,0.219,35.464,,,,,,,,,,,,,
2023/6/22 3:00,0.698,0.748,0.223,36.496,,,,,,,,,,,,,
2023/6/22 4:00,0.693,0.733,0.231,36.964,,,,,,,,,,,,,
2023/6/22 5:00,0.653,0.668,0.229,37.069,,,,,,,,,,,,,
2023/6/22 6:00,0.576,0.554,0.219,36.8,,,,,,,,,,,,,
2023/6/22 7:00,0.462,0.398,0.203,36.116,,,,,,,,,,,,,
2023/6/22 8:00,0.322,0.235,0.175,35.022,,,,,,,,,,,,,
2023/6/22 9:00,0.168,0.082,0.137,33.566,,,,,,,,,,,,,
2023/6/22 10:00,0.051,0,0.081,31.119,,,,,,,,,,,,,
2023/6/22 11:00,0,0,0.01,27.037,,,,,,,,,,,,,
2023/6/22 12:00,0,0,0,25.171,,,,,,,,,,,,,
2023/6/22 13:00,0,0,0,23.893,,,,,,,,,,,,,
2023/6/22 14:00,0,0,0,22.547,,,,,,,,,,,,,
2023/6/22 15:00,0,0,0,21.501,,,,,,,,,,,,,
2023/6/22 16:00,0,0,0,20.876,,,,,,,,,,,,,
2023/6/22 17:00,0,0,0,20.558,,,,,,,,,,,,,
2023/6/22 18:00,0,0,0,20.338,,,,,,,,,,,,,
2023/6/22 19:00,0,0,0,20.221,,,,,,,,,,,,,
2023/6/22 20:00,0,0,0.003,20.17,,,,,,,,,,,,,
2023/6/22 21:00,0.017,0,0.038,20.902,,,,,,,,,,,,,
2023/6/22 22:00,0.095,0.007,0.121,22.42,,,,,,,,,,,,,
2023/6/22 23:00,0.254,0.093,0.217,25.606,,,,,,,,,,,,,
2023/6/23 0:00,0.426,0.265,0.267,29.933,,,,,,,,,,,,,
2023/6/23 1:00,0.476,0.263,0.346,32.548,,,,,,,,,,,,,
2023/6/23 2:00,0.427,0.135,0.408,33.023,,,,,,,,,,,,,
2023/6/23 3:00,0.369,0.07,0.395,32.469,,,,,,,,,,,,,
2023/6/23 4:00,0.387,0.081,0.407,32.193,,,,,,,,,,,,,
2023/6/23 5:00,0.405,0.106,0.406,32.503,,,,,,,,,,,,,
2023/6/23 6:00,0.374,0.101,0.371,32.728,,,,,,,,,,,,,
2023/6/23 7:00,0.175,0.012,0.212,30.85,,,,,,,,,,,,,
2023/6/23 8:00,0.074,0.002,0.105,27.936,,,,,,,,,,,,,
2023/6/23 9:00,0.058,0.002,0.087,26.226,,,,,,,,,,,,,
2023/6/23 10:00,0.036,0,0.062,25.576,,,,,,,,,,,,,
2023/6/23 11:00,0,0,0.01,24.002,,,,,,,,,,,,,
2023/6/23 12:00,0,0,0,23.148,,,,,,,,,,,,,
2023/6/23 13:00,0,0,0,22.869,,,,,,,,,,,,,
2023/6/23 14:00,0,0,0,22.482,,,,,,,,,,,,,
2023/6/23 15:00,0,0,0,21.964,,,,,,,,,,,,,
2023/6/23 16:00,0,0,0,21.427,,,,,,,,,,,,,
2023/6/23 17:00,0,0,0,20.957,,,,,,,,,,,,,
2023/6/23 18:00,0,0,0,20.541,,,,,,,,,,,,,
2023/6/23 19:00,0,0,0,20.128,,,,,,,,,,,,,
2023/6/23 20:00,0,0,0.006,19.794,,,,,,,,,,,,,
2023/6/23 21:00,0.05,0,0.077,21.091,,,,,,,,,,,,,
2023/6/23 22:00,0.16,0.052,0.149,23.476,,,,,,,,,,,,,
2023/6/23 23:00,0.314,0.19,0.196,27.684,,,,,,,,,,,,,
2023/6/24 0:00,0.456,0.391,0.187,31.658,,,,,,,,,,,,,
2023/6/24 1:00,0.571,0.548,0.206,34.384,,,,,,,,,,,,,
2023/6/24 2:00,0.647,0.665,0.219,36.257,,,,,,,,,,,,,
2023/6/24 3:00,0.691,0.746,0.219,37.548,,,,,,,,,,,,,
2023/6/24 4:00,0.69,0.746,0.221,38.285,,,,,,,,,,,,,
2023/6/24 5:00,0.65,0.683,0.219,38.589,,,,,,,,,,,,,
2023/6/24 6:00,0.575,0.57,0.208,38.534,,,,,,,,,,,,,
2023/6/24 7:00,0.458,0.405,0.197,38.04,,,,,,,,,,,,,
2023/6/24 8:00,0.309,0.217,0.181,37.118,,,,,,,,,,,,,
2023/6/24 9:00,0.159,0.065,0.146,35.905,,,,,,,,,,,,,
2023/6/24 10:00,0.045,0,0.075,33.943,,,,,,,,,,,,,
2023/6/24 11:00,0,0,0.008,31.322,,,,,,,,,,,,,
2023/6/24 12:00,0,0,0,29.527,,,,,,,,,,,,,
2023/6/24 13:00,0,0,0,27.949,,,,,,,,,,,,,
2023/6/24 14:00,0,0,0,26.264,,,,,,,,,,,,,
2023/6/24 15:00,0,0,0,25.221,,,,,,,,,,,,,
2023/6/24 16:00,0,0,0,24.195,,,,,,,,,,,,,
2023/6/24 17:00,0,0,0,23.113,,,,,,,,,,,,,
2023/6/24 18:00,0,0,0,22.118,,,,,,,,,,,,,
2023/6/24 19:00,0,0,0,21.331,,,,,,,,,,,,,
2023/6/24 20:00,0,0,0.006,20.794,,,,,,,,,,,,,
2023/6/24 21:00,0.044,0,0.07,21.704,,,,,,,,,,,,,
2023/6/24 22:00,0.148,0.054,0.133,24.095,,,,,,,,,,,,,
2023/6/24 23:00,0.303,0.202,0.17,27.787,,,,,,,,,,,,,
2023/6/25 0:00,0.452,0.358,0.213,31.109,,,,,,,,,,,,,
2023/6/25 1:00,0.567,0.511,0.233,33.47,,,,,,,,,,,,,
2023/6/25 2:00,0.642,0.619,0.249,35.143,,,,,,,,,,,,,
2023/6/25 3:00,0.697,0.729,0.239,36.453,,,,,,,,,,,,,
2023/6/25 4:00,0.692,0.719,0.245,37.194,,,,,,,,,,,,,
2023/6/25 5:00,0.643,0.63,0.253,37.383,,,,,,,,,,,,,
2023/6/25 6:00,0.532,0.427,0.279,36.96,,,,,,,,,,,,,
2023/6/25 7:00,0.384,0.206,0.288,36.069,,,,,,,,,,,,,
2023/6/25 8:00,0.25,0.083,0.237,34.987,,,,,,,,,,,,,
2023/6/25 9:00,0.135,0.022,0.158,33.738,,,,,,,,,,,,,
2023/6/25 10:00,0.037,0,0.065,31.98,,,,,,,,,,,,,
2023/6/25 11:00,0,0,0.007,29.714,,,,,,,,,,,,,
2023/6/25 12:00,0,0,0,27.717,,,,,,,,,,,,,
2023/6/25 13:00,0,0,0,25.992,,,,,,,,,,,,,
2023/6/25 14:00,0,0,0,24.714,,,,,,,,,,,,,
2023/6/25 15:00,0,0,0,23.736,,,,,,,,,,,,,
2023/6/25 16:00,0,0,0,22.607,,,,,,,,,,,,,
2023/6/25 17:00,0,0,0,21.572,,,,,,,,,,,,,
2023/6/25 18:00,0,0,0,20.885,,,,,,,,,,,,,
2023/6/25 19:00,0,0,0,20.392,,,,,,,,,,,,,
2023/6/25 20:00,0,0,0.006,20.184,,,,,,,,,,,,,
2023/6/25 21:00,0.032,0,0.056,21.019,,,,,,,,,,,,,
2023/6/25 22:00,0.1,0.007,0.126,22.245,,,,,,,,,,,,,
2023/6/25 23:00,0.181,0.025,0.2,24.606,,,,,,,,,,,,,
2023/6/26 0:00,0.274,0.044,0.293,27.242,,,,,,,,,,,,,
2023/6/26 1:00,0.387,0.104,0.376,29.385,,,,,,,,,,,,,
2023/6/26 2:00,0.466,0.166,0.425,31.108,,,,,,,,,,,,,
2023/6/26 3:00,0.44,0.118,0.44,31.835,,,,,,,,,,,,,
2023/6/26 4:00,0.393,0.076,0.418,31.462,,,,,,,,,,,,,
2023/6/26 5:00,0.352,0.056,0.382,30.433,,,,,,,,,,,,,
2023/6/26 6:00,0.296,0.038,0.329,29.119,,,,,,,,,,,,,
2023/6/26 7:00,0.213,0.018,0.247,27.849,,,,,,,,,,,,,
2023/6/26 8:00,0.128,0.007,0.161,26.824,,,,,,,,,,,,,
2023/6/26 9:00,0.075,0.003,0.105,26.163,,,,,,,,,,,,,
2023/6/26 10:00,0.032,0,0.057,25.69,,,,,,,,,,,,,
2023/6/26 11:00,0,0,0.008,24,,,,,,,,,,,,,
2023/6/26 12:00,0,0,0,22.766,,,,,,,,,,,,,
2023/6/26 13:00,0,0,0,22.457,,,,,,,,,,,,,
2023/6/26 14:00,0,0,0,22.209,,,,,,,,,,,,,
2023/6/26 15:00,0,0,0,21.984,,,,,,,,,,,,,
2023/6/26 16:00,0,0,0,21.568,,,,,,,,,,,,,
2023/6/26 17:00,0,0,0,21.206,,,,,,,,,,,,,
2023/6/26 18:00,0,0,0,20.964,,,,,,,,,,,,,
2023/6/26 19:00,0,0,0,20.732,,,,,,,,,,,,,
2023/6/26 20:00,0,0,0.003,20.569,,,,,,,,,,,,,
2023/6/26 21:00,0.016,0,0.037,21.077,,,,,,,,,,,,,
2023/6/26 22:00,0.099,0.005,0.127,22.288,,,,,,,,,,,,,
2023/6/26 23:00,0.247,0.058,0.244,25.42,,,,,,,,,,,,,
2023/6/27 0:00,0.411,0.261,0.249,28.788,,,,,,,,,,,,,
2023/6/27 1:00,0.558,0.479,0.24,31.113,,,,,,,,,,,,,
2023/6/27 2:00,0.663,0.666,0.225,32.982,,,,,,,,,,,,,
2023/6/27 3:00,0.714,0.767,0.219,34.521,,,,,,,,,,,,,
2023/6/27 4:00,0.717,0.78,0.216,35.588,,,,,,,,,,,,,
2023/6/27 5:00,0.679,0.726,0.21,36.249,,,,,,,,,,,,,
2023/6/27 6:00,0.602,0.613,0.198,36.525,,,,,,,,,,,,,
2023/6/27 7:00,0.485,0.453,0.182,36.388,,,,,,,,,,,,,
2023/6/27 8:00,0.334,0.267,0.161,35.791,,,,,,,,,,,,,
2023/6/27 9:00,0.171,0.093,0.131,34.789,,,,,,,,,,,,,
2023/6/27 10:00,0.051,0,0.081,31.905,,,,,,,,,,,,,
2023/6/27 11:00,0,0,0.01,27.861,,,,,,,,,,,,,
2023/6/27 12:00,0,0,0,26.131,,,,,,,,,,,,,
2023/6/27 13:00,0,0,0,25.259,,,,,,,,,,,,,
2023/6/27 14:00,0,0,0,24.332,,,,,,,,,,,,,
2023/6/27 15:00,0,0,0,23.685,,,,,,,,,,,,,
2023/6/27 16:00,0,0,0,23.014,,,,,,,,,,,,,
2023/6/27 17:00,0,0,0,22.354,,,,,,,,,,,,,
2023/6/27 18:00,0,0,0,22.17,,,,,,,,,,,,,
2023/6/27 19:00,0,0,0,22.114,,,,,,,,,,,,,
2023/6/27 20:00,0,0,0.004,21.659,,,,,,,,,,,,,
2023/6/27 21:00,0.014,0,0.035,22.195,,,,,,,,,,,,,
2023/6/27 22:00,0.05,0.002,0.076,23.034,,,,,,,,,,,,,
2023/6/27 23:00,0.128,0.01,0.156,24.809,,,,,,,,,,,,,
2023/6/28 0:00,0.283,0.054,0.295,28.19,,,,,,,,,,,,,
2023/6/28 1:00,0.201,0.014,0.239,29.567,,,,,,,,,,,,,
2023/6/28 2:00,0.225,0.016,0.266,30.225,,,,,,,,,,,,,
2023/6/28 3:00,0.305,0.035,0.346,31.114,,,,,,,,,,,,,
2023/6/28 4:00,0.302,0.034,0.343,31.324,,,,,,,,,,,,,
2023/6/28 5:00,0.278,0.029,0.319,31.097,,,,,,,,,,,,,
2023/6/28 6:00,0.256,0.027,0.294,30.682,,,,,,,,,,,,,
2023/6/28 7:00,0.207,0.019,0.242,29.741,,,,,,,,,,,,,
2023/6/28 8:00,0.114,0.006,0.146,28.079,,,,,,,,,,,,,
2023/6/28 9:00,0.12,0.01,0.149,27.327,,,,,,,,,,,,,
2023/6/28 10:00,0.058,0,0.088,26.04,,,,,,,,,,,,,
2023/6/28 11:00,0,0,0.01,22.637,,,,,,,,,,,,,
2023/6/28 12:00,0,0,0,21.281,,,,,,,,,,,,,
2023/6/28 13:00,0,0,0,20.671,,,,,,,,,,,,,
2023/6/28 14:00,0,0,0,20.162,,,,,,,,,,,,,
2023/6/28 15:00,0,0,0,19.539,,,,,,,,,,,,,
2023/6/28 16:00,0,0,0,18.861,,,,,,,,,,,,,
2023/6/28 17:00,0,0,0,18.16,,,,,,,,,,,,,
2023/6/28 18:00,0,0,0,17.4,,,,,,,,,,,,,
2023/6/28 19:00,0,0,0,16.72,,,,,,,,,,,,,
2023/6/28 20:00,0,0,0.007,16.19,,,,,,,,,,,,,
2023/6/28 21:00,0.05,0,0.076,17.301,,,,,,,,,,,,,
2023/6/28 22:00,0.168,0.075,0.131,19.678,,,,,,,,,,,,,
2023/6/28 23:00,0.344,0.242,0.17,22.674,,,,,,,,,,,,,
2023/6/29 0:00,0.501,0.474,0.145,25.511,,,,,,,,,,,,,
2023/6/29 1:00,0.626,0.644,0.161,27.676,,,,,,,,,,,,,
2023/6/29 2:00,0.706,0.768,0.173,29.439,,,,,,,,,,,,,
2023/6/29 3:00,0.746,0.836,0.179,30.769,,,,,,,,,,,,,
2023/6/29 4:00,0.745,0.841,0.18,31.686,,,,,,,,,,,,,
2023/6/29 5:00,0.704,0.78,0.175,32.33,,,,,,,,,,,,,
2023/6/29 6:00,0.623,0.658,0.167,32.685,,,,,,,,,,,,,
2023/6/29 7:00,0.501,0.491,0.154,32.709,,,,,,,,,,,,,
2023/6/29 8:00,0.342,0.292,0.138,32.443,,,,,,,,,,,,,
2023/6/29 9:00,0.169,0.098,0.12,31.765,,,,,,,,,,,,,
2023/6/29 10:00,0.048,0,0.077,29.731,,,,,,,,,,,,,
2023/6/29 11:00,0,0,0.009,26.136,,,,,,,,,,,,,
2023/6/29 12:00,0,0,0,24.718,,,,,,,,,,,,,
2023/6/29 13:00,0,0,0,23.656,,,,,,,,,,,,,
2023/6/29 14:00,0,0,0,22.505,,,,,,,,,,,,,
2023/6/29 15:00,0,0,0,21.54,,,,,,,,,,,,,
2023/6/29 16:00,0,0,0,20.724,,,,,,,,,,,,,
2023/6/29 17:00,0,0,0,19.993,,,,,,,,,,,,,
2023/6/29 18:00,0,0,0,19.326,,,,,,,,,,,,,
2023/6/29 19:00,0,0,0,18.727,,,,,,,,,,,,,
2023/6/29 20:00,0,0,0.006,18.228,,,,,,,,,,,,,
2023/6/29 21:00,0.039,0,0.065,19.258,,,,,,,,,,,,,
2023/6/29 22:00,0.149,0.08,0.108,21.725,,,,,,,,,,,,,
2023/6/29 23:00,0.31,0.225,0.152,25.611,,,,,,,,,,,,,
2023/6/30 0:00,0.478,0.443,0.157,29.264,,,,,,,,,,,,,
2023/6/30 1:00,0.619,0.661,0.154,31.833,,,,,,,,,,,,,
2023/6/30 2:00,0.698,0.787,0.165,33.518,,,,,,,,,,,,,
2023/6/30 3:00,0.736,0.854,0.172,34.896,,,,,,,,,,,,,
2023/6/30 4:00,0.732,0.852,0.175,36.039,,,,,,,,,,,,,
2023/6/30 5:00,0.689,0.786,0.172,36.965,,,,,,,,,,,,,
2023/6/30 6:00,0.609,0.665,0.163,37.613,,,,,,,,,,,,,
2023/6/30 7:00,0.491,0.499,0.149,37.777,,,,,,,,,,,,,
2023/6/30 8:00,0.338,0.305,0.131,37.338,,,,,,,,,,,,,
2023/6/30 9:00,0.168,0.115,0.107,36.357,,,,,,,,,,,,,
2023/6/30 10:00,0.041,0,0.071,33.636,,,,,,,,,,,,,
2023/6/30 11:00,0,0,0.009,28.864,,,,,,,,,,,,,
2023/6/30 12:00,0,0,0,27.142,,,,,,,,,,,,,
2023/6/30 13:00,0,0,0,25.4,,,,,,,,,,,,,
2023/6/30 14:00,0,0,0,23.735,,,,,,,,,,,,,
2023/6/30 15:00,0,0,0,22.306,,,,,,,,,,,,,
2023/6/30 16:00,0,0,0,21.164,,,,,,,,,,,,,
2023/6/30 17:00,0,0,0,20.056,,,,,,,,,,,,,
2023/6/30 18:00,0,0,0,18.987,,,,,,,,,,,,,
2023/6/30 19:00,0,0,0,18.285,,,,,,,,,,,,,
2023/6/30 20:00,0,0,0.006,17.685,,,,,,,,,,,,,
2023/6/30 21:00,0.041,0,0.066,19.502,,,,,,,,,,,,,
2023/6/30 22:00,0.147,0.068,0.117,21.795,,,,,,,,,,,,,
2023/6/30 23:00,0.322,0.257,0.135,25.777,,,,,,,,,,,,,
2023/7/1 0:00,0.475,0.389,0.205,28.648,,,,,,,,,,,,,
2023/7/1 1:00,0.599,0.562,0.22,31.032,,,,,,,,,,,,,
2023/7/1 2:00,0.673,0.671,0.238,33.195,,,,,,,,,,,,,
2023/7/1 3:00,0.706,0.725,0.25,35.078,,,,,,,,,,,,,
2023/7/1 4:00,0.696,0.708,0.259,36.535,,,,,,,,,,,,,
2023/7/1 5:00,0.646,0.623,0.265,37.597,,,,,,,,,,,,,
2023/7/1 6:00,0.511,0.368,0.311,37.943,,,,,,,,,,,,,
2023/7/1 7:00,0.319,0.1,0.311,37.477,,,,,,,,,,,,,
2023/7/1 8:00,0.154,0.015,0.19,36.197,,,,,,,,,,,,,
2023/7/1 9:00,0.065,0.003,0.097,34.106,,,,,,,,,,,,,
2023/7/1 10:00,0.012,0,0.034,31.36,,,,,,,,,,,,,
2023/7/1 11:00,0,0,0.004,29.013,,,,,,,,,,,,,
2023/7/1 12:00,0,0,0,27.834,,,,,,,,,,,,,
2023/7/1 13:00,0,0,0,26.51,,,,,,,,,,,,,
2023/7/1 14:00,0,0,0,25.229,,,,,,,,,,,,,
2023/7/1 15:00,0,0,0,24.332,,,,,,,,,,,,,
2023/7/1 16:00,0,0,0,23.726,,,,,,,,,,,,,
2023/7/1 17:00,0,0,0,23.209,,,,,,,,,,,,,
2023/7/1 18:00,0,0,0,22.713,,,,,,,,,,,,,
2023/7/1 19:00,0,0,0,22.358,,,,,,,,,,,,,
2023/7/1 20:00,0,0,0.003,22.201,,,,,,,,,,,,,
2023/7/1 21:00,0.015,0,0.036,22.879,,,,,,,,,,,,,
2023/7/1 22:00,0.071,0.003,0.099,24.153,,,,,,,,,,,,,
2023/7/1 23:00,0.174,0.021,0.198,26.561,,,,,,,,,,,,,
2023/7/2 0:00,0.348,0.156,0.276,29.956,,,,,,,,,,,,,
2023/7/2 1:00,0.569,0.53,0.214,32.898,,,,,,,,,,,,,
2023/7/2 2:00,0.668,0.706,0.204,34.796,,,,,,,,,,,,,
2023/7/2 3:00,0.703,0.761,0.215,36.121,,,,,,,,,,,,,
2023/7/2 4:00,0.698,0.754,0.22,37.121,,,,,,,,,,,,,
2023/7/2 5:00,0.638,0.64,0.237,37.666,,,,,,,,,,,,,
2023/7/2 6:00,0.563,0.535,0.224,38.007,,,,,,,,,,,,,
2023/7/2 7:00,0.471,0.438,0.183,38.069,,,,,,,,,,,,,
2023/7/2 8:00,0.316,0.237,0.172,37.537,,,,,,,,,,,,,
2023/7/2 9:00,0.162,0.077,0.138,36.538,,,,,,,,,,,,,
2023/7/2 10:00,0.047,0,0.078,34.333,,,,,,,,,,,,,
2023/7/2 11:00,0,0,0.008,31.589,,,,,,,,,,,,,
2023/7/2 12:00,0,0,0,30.321,,,,,,,,,,,,,
2023/7/2 13:00,0,0,0,28.997,,,,,,,,,,,,,
2023/7/2 14:00,0,0,0,27.743,,,,,,,,,,,,,
2023/7/2 15:00,0,0,0,26.754,,,,,,,,,,,,,
2023/7/2 16:00,0,0,0,25.83,,,,,,,,,,,,,
2023/7/2 17:00,0,0,0,24.909,,,,,,,,,,,,,
2023/7/2 18:00,0,0,0,23.948,,,,,,,,,,,,,
2023/7/2 19:00,0,0,0,23.112,,,,,,,,,,,,,
2023/7/2 20:00,0,0,0.005,22.409,,,,,,,,,,,,,
2023/7/2 21:00,0.041,0,0.068,23.385,,,,,,,,,,,,,
2023/7/2 22:00,0.144,0.051,0.134,25.572,,,,,,,,,,,,,
2023/7/2 23:00,0.292,0.178,0.181,28.046,,,,,,,,,,,,,
2023/7/3 0:00,0.428,0.272,0.265,30.299,,,,,,,,,,,,,
2023/7/3 1:00,0.511,0.334,0.323,32.368,,,,,,,,,,,,,
2023/7/3 2:00,0.581,0.42,0.349,34.285,,,,,,,,,,,,,
2023/7/3 3:00,0.636,0.519,0.343,35.776,,,,,,,,,,,,,
2023/7/3 4:00,0.452,0.149,0.436,35.599,,,,,,,,,,,,,
2023/7/3 5:00,0.353,0.067,0.383,35.28,,,,,,,,,,,,,
2023/7/3 6:00,0.346,0.079,0.362,35.292,,,,,,,,,,,,,
2023/7/3 7:00,0.304,0.074,0.314,34.946,,,,,,,,,,,,,
2023/7/3 8:00,0.209,0.035,0.234,34.154,,,,,,,,,,,,,
2023/7/3 9:00,0.104,0.008,0.137,33.212,,,,,,,,,,,,,
2023/7/3 10:00,0.021,0,0.045,31.943,,,,,,,,,,,,,
2023/7/3 11:00,0,0,0.004,30.171,,,,,,,,,,,,,
2023/7/3 12:00,0,0,0,28.701,,,,,,,,,,,,,
2023/7/3 13:00,0,0,0,27.075,,,,,,,,,,,,,
2023/7/3 14:00,0,0,0,25.698,,,,,,,,,,,,,
2023/7/3 15:00,0,0,0,24.832,,,,,,,,,,,,,
2023/7/3 16:00,0,0,0,24.348,,,,,,,,,,,,,
2023/7/3 17:00,0,0,0,23.997,,,,,,,,,,,,,
2023/7/3 18:00,0,0,0,23.6,,,,,,,,,,,,,
2023/7/3 19:00,0,0,0,23.049,,,,,,,,,,,,,
2023/7/3 20:00,0,0,0.003,22.568,,,,,,,,,,,,,
2023/7/3 21:00,0.018,0,0.04,22.43,,,,,,,,,,,,,
2023/7/3 22:00,0.073,0.003,0.101,22.744,,,,,,,,,,,,,
2023/7/3 23:00,0.129,0.008,0.158,23.345,,,,,,,,,,,,,
2023/7/4 0:00,0.207,0.019,0.236,24.08,,,,,,,,,,,,,
2023/7/4 1:00,0.295,0.04,0.318,24.967,,,,,,,,,,,,,
2023/7/4 2:00,0.366,0.065,0.38,25.704,,,,,,,,,,,,,
2023/7/4 3:00,0.373,0.062,0.393,25.817,,,,,,,,,,,,,
2023/7/4 4:00,0.299,0.03,0.333,25.231,,,,,,,,,,,,,
2023/7/4 5:00,0.253,0.02,0.288,24.482,,,,,,,,,,,,,
2023/7/4 6:00,0.24,0.02,0.272,23.929,,,,,,,,,,,,,
2023/7/4 7:00,0.196,0.015,0.227,23.386,,,,,,,,,,,,,
2023/7/4 8:00,0.15,0.01,0.179,22.878,,,,,,,,,,,,,
2023/7/4 9:00,0.108,0.007,0.135,22.385,,,,,,,,,,,,,
2023/7/4 10:00,0.044,0,0.071,21.494,,,,,,,,,,,,,
2023/7/4 11:00,0,0,0.008,19.84,,,,,,,,,,,,,
2023/7/4 12:00,0,0,0,18.945,,,,,,,,,,,,,
2023/7/4 13:00,0,0,0,18.355,,,,,,,,,,,,,
2023/7/4 14:00,0,0,0,17.827,,,,,,,,,,,,,
2023/7/4 15:00,0,0,0,17.656,,,,,,,,,,,,,
2023/7/4 16:00,0,0,0,17.297,,,,,,,,,,,,,
2023/7/4 17:00,0,0,0,16.63,,,,,,,,,,,,,
2023/7/4 18:00,0,0,0,16.009,,,,,,,,,,,,,
2023/7/4 19:00,0,0,0,15.644,,,,,,,,,,,,,
2023/7/4 20:00,0,0,0.006,15.449,,,,,,,,,,,,,
2023/7/4 21:00,0.05,0,0.076,17.097,,,,,,,,,,,,,
2023/7/4 22:00,0.164,0.062,0.14,19.776,,,,,,,,,,,,,
2023/7/4 23:00,0.321,0.188,0.199,23.78,,,,,,,,,,,,,
2023/7/5 0:00,0.473,0.412,0.172,26.051,,,,,,,,,,,,,
2023/7/5 1:00,0.617,0.62,0.171,27.377,,,,,,,,,,,,,
2023/7/5 2:00,0.695,0.731,0.187,28.684,,,,,,,,,,,,,
2023/7/5 3:00,0.697,0.696,0.231,29.68,,,,,,,,,,,,,
2023/7/5 4:00,0.677,0.647,0.251,30.419,,,,,,,,,,,,,
2023/7/5 5:00,0.699,0.753,0.187,31.363,,,,,,,,,,,,,
2023/7/5 6:00,0.6,0.592,0.194,31.555,,,,,,,,,,,,,
2023/7/5 7:00,0.466,0.395,0.195,31.097,,,,,,,,,,,,,
2023/7/5 8:00,0.326,0.243,0.163,30.305,,,,,,,,,,,,,
2023/7/5 9:00,0.167,0.085,0.129,29.297,,,,,,,,,,,,,
2023/7/5 10:00,0.043,0,0.071,27.911,,,,,,,,,,,,,
2023/7/5 11:00,0,0,0.009,25.024,,,,,,,,,,,,,
2023/7/5 12:00,0,0,0,23.116,,,,,,,,,,,,,
2023/7/5 13:00,0,0,0,22.056,,,,,,,,,,,,,
2023/7/5 14:00,0,0,0,21.17,,,,,,,,,,,,,
2023/7/5 15:00,0,0,0,20.316,,,,,,,,,,,,,
2023/7/5 16:00,0,0,0,19.489,,,,,,,,,,,,,
2023/7/5 17:00,0,0,0,18.768,,,,,,,,,,,,,
2023/7/5 18:00,0,0,0,18.14,,,,,,,,,,,,,
2023/7/5 19:00,0,0,0,17.561,,,,,,,,,,,,,
2023/7/5 20:00,0,0,0.005,17.086,,,,,,,,,,,,,
2023/7/5 21:00,0.037,0,0.062,18.976,,,,,,,,,,,,,
2023/7/5 22:00,0.148,0.084,0.102,21.76,,,,,,,,,,,,,
2023/7/5 23:00,0.328,0.27,0.129,25.787,,,,,,,,,,,,,
2023/7/6 0:00,0.489,0.441,0.171,28.367,,,,,,,,,,,,,
2023/7/6 1:00,0.609,0.602,0.192,30.454,,,,,,,,,,,,,
2023/7/6 2:00,0.672,0.681,0.221,32.434,,,,,,,,,,,,,
2023/7/6 3:00,0.693,0.699,0.247,34.043,,,,,,,,,,,,,
2023/7/6 4:00,0.695,0.715,0.243,35.424,,,,,,,,,,,,,
2023/7/6 5:00,0.629,0.588,0.265,36.312,,,,,,,,,,,,,
2023/7/6 6:00,0.51,0.377,0.294,36.399,,,,,,,,,,,,,
2023/7/6 7:00,0.393,0.231,0.275,35.93,,,,,,,,,,,,,
2023/7/6 8:00,0.26,0.103,0.23,34.987,,,,,,,,,,,,,
2023/7/6 9:00,0.14,0.03,0.157,33.665,,,,,,,,,,,,,
2023/7/6 10:00,0.041,0,0.07,30.709,,,,,,,,,,,,,
2023/7/6 11:00,0,0,0.007,27.504,,,,,,,,,,,,,
2023/7/6 12:00,0,0,0,26.24,,,,,,,,,,,,,
2023/7/6 13:00,0,0,0,25.093,,,,,,,,,,,,,
2023/7/6 14:00,0,0,0,23.904,,,,,,,,,,,,,
2023/7/6 15:00,0,0,0,22.907,,,,,,,,,,,,,
2023/7/6 16:00,0,0,0,21.898,,,,,,,,,,,,,
2023/7/6 17:00,0,0,0,20.956,,,,,,,,,,,,,
2023/7/6 18:00,0,0,0,20.471,,,,,,,,,,,,,
2023/7/6 19:00,0,0,0,20.06,,,,,,,,,,,,,
2023/7/6 20:00,0,0,0.005,19.473,,,,,,,,,,,,,
2023/7/6 21:00,0.038,0,0.064,20.2,,,,,,,,,,,,,
2023/7/6 22:00,0.114,0.012,0.136,21.971,,,,,,,,,,,,,
2023/7/6 23:00,0.168,0.021,0.188,23.632,,,,,,,,,,,,,
2023/7/7 0:00,0.186,0.014,0.216,24.71,,,,,,,,,,,,,
2023/7/7 1:00,0.285,0.037,0.311,26.095,,,,,,,,,,,,,
2023/7/7 2:00,0.481,0.188,0.413,28.221,,,,,,,,,,,,,
2023/7/7 3:00,0.571,0.32,0.414,29.82,,,,,,,,,,,,,
2023/7/7 4:00,0.564,0.308,0.419,30.658,,,,,,,,,,,,,
2023/7/7 5:00,0.468,0.171,0.419,30.667,,,,,,,,,,,,,
2023/7/7 6:00,0.298,0.043,0.327,29.728,,,,,,,,,,,,,
2023/7/7 7:00,0.154,0.009,0.189,28.251,,,,,,,,,,,,,
2023/7/7 8:00,0.093,0.004,0.124,27.044,,,,,,,,,,,,,
2023/7/7 9:00,0.059,0.002,0.087,26.049,,,,,,,,,,,,,
2023/7/7 10:00,0.029,0,0.054,24.804,,,,,,,,,,,,,
2023/7/7 11:00,0,0,0.006,22.817,,,,,,,,,,,,,
2023/7/7 12:00,0,0,0,21.651,,,,,,,,,,,,,
2023/7/7 13:00,0,0,0,20.918,,,,,,,,,,,,,
2023/7/7 14:00,0,0,0,20.223,,,,,,,,,,,,,
2023/7/7 15:00,0,0,0,19.565,,,,,,,,,,,,,
2023/7/7 16:00,0,0,0,19.064,,,,,,,,,,,,,
2023/7/7 17:00,0,0,0,18.669,,,,,,,,,,,,,
2023/7/7 18:00,0,0,0,18.265,,,,,,,,,,,,,
2023/7/7 19:00,0,0,0,17.846,,,,,,,,,,,,,
2023/7/7 20:00,0,0,0.004,17.546,,,,,,,,,,,,,
2023/7/7 21:00,0.044,0,0.069,18.335,,,,,,,,,,,,,
2023/7/7 22:00,0.154,0.036,0.155,19.645,,,,,,,,,,,,,
2023/7/7 23:00,0.318,0.179,0.201,22.124,,,,,,,,,,,,,
2023/7/8 0:00,0.467,0.357,0.213,24.454,,,,,,,,,,,,,
2023/7/8 1:00,0.578,0.482,0.246,26.141,,,,,,,,,,,,,
2023/7/8 2:00,0.646,0.56,0.275,27.52,,,,,,,,,,,,,
2023/7/8 3:00,0.632,0.481,0.337,28.365,,,,,,,,,,,,,
2023/7/8 4:00,0.568,0.336,0.388,28.629,,,,,,,,,,,,,
2023/7/8 5:00,0.452,0.167,0.397,28.385,,,,,,,,,,,,,
2023/7/8 6:00,0.384,0.118,0.356,28.119,,,,,,,,,,,,,
2023/7/8 7:00,0.278,0.055,0.286,27.544,,,,,,,,,,,,,
2023/7/8 8:00,0.199,0.032,0.216,26.863,,,,,,,,,,,,,
2023/7/8 9:00,0.113,0.011,0.138,25.863,,,,,,,,,,,,,
2023/7/8 10:00,0.034,0,0.06,24.287,,,,,,,,,,,,,
2023/7/8 11:00,0,0,0.006,22.089,,,,,,,,,,,,,
2023/7/8 12:00,0,0,0,20.803,,,,,,,,,,,,,
2023/7/8 13:00,0,0,0,19.829,,,,,,,,,,,,,
2023/7/8 14:00,0,0,0,19.03,,,,,,,,,,,,,
2023/7/8 15:00,0,0,0,18.383,,,,,,,,,,,,,
2023/7/8 16:00,0,0,0,17.776,,,,,,,,,,,,,
2023/7/8 17:00,0,0,0,17.257,,,,,,,,,,,,,
2023/7/8 18:00,0,0,0,16.796,,,,,,,,,,,,,
2023/7/8 19:00,0,0,0,16.364,,,,,,,,,,,,,
2023/7/8 20:00,0,0,0.005,16.041,,,,,,,,,,,,,
2023/7/8 21:00,0.044,0,0.069,17.293,,,,,,,,,,,,,
2023/7/8 22:00,0.153,0.058,0.132,19.575,,,,,,,,,,,,,
2023/7/8 23:00,0.319,0.207,0.174,22.084,,,,,,,,,,,,,
2023/7/9 0:00,0.469,0.367,0.205,24.021,,,,,,,,,,,,,
2023/7/9 1:00,0.58,0.492,0.238,25.717,,,,,,,,,,,,,
2023/7/9 2:00,0.631,0.528,0.283,27.147,,,,,,,,,,,,,
2023/7/9 3:00,0.618,0.455,0.341,28.048,,,,,,,,,,,,,
2023/7/9 4:00,0.556,0.32,0.387,28.275,,,,,,,,,,,,,
2023/7/9 5:00,0.467,0.192,0.39,28.055,,,,,,,,,,,,,
2023/7/9 6:00,0.432,0.183,0.351,27.89,,,,,,,,,,,,,
2023/7/9 7:00,0.352,0.133,0.299,27.527,,,,,,,,,,,,,
2023/7/9 8:00,0.24,0.065,0.231,26.88,,,,,,,,,,,,,
2023/7/9 9:00,0.145,0.029,0.156,26.186,,,,,,,,,,,,,
2023/7/9 10:00,0.048,0,0.076,24.936,,,,,,,,,,,,,
2023/7/9 11:00,0,0,0.007,22.292,,,,,,,,,,,,,
2023/7/9 12:00,0,0,0,21.445,,,,,,,,,,,,,
2023/7/9 13:00,0,0,0,21.012,,,,,,,,,,,,,
2023/7/9 14:00,0,0,0,20.236,,,,,,,,,,,,,
2023/7/9 15:00,0,0,0,19.578,,,,,,,,,,,,,
2023/7/9 16:00,0,0,0,19.204,,,,,,,,,,,,,
2023/7/9 17:00,0,0,0,18.895,,,,,,,,,,,,,
2023/7/9 18:00,0,0,0,18.514,,,,,,,,,,,,,
2023/7/9 19:00,0,0,0,17.77,,,,,,,,,,,,,
2023/7/9 20:00,0,0,0.005,16.963,,,,,,,,,,,,,
2023/7/9 21:00,0.043,0,0.068,18.569,,,,,,,,,,,,,
2023/7/9 22:00,0.148,0.051,0.134,20.922,,,,,,,,,,,,,
2023/7/9 23:00,0.303,0.18,0.185,23.475,,,,,,,,,,,,,
2023/7/10 0:00,0.461,0.348,0.218,25.682,,,,,,,,,,,,,
2023/7/10 1:00,0.583,0.501,0.24,27.612,,,,,,,,,,,,,
2023/7/10 2:00,0.661,0.609,0.258,29.23,,,,,,,,,,,,,
2023/7/10 3:00,0.663,0.569,0.306,30.186,,,,,,,,,,,,,
2023/7/10 4:00,0.553,0.312,0.397,30.203,,,,,,,,,,,,,
2023/7/10 5:00,0.446,0.161,0.399,29.883,,,,,,,,,,,,,
2023/7/10 6:00,0.394,0.13,0.36,29.63,,,,,,,,,,,,,
2023/7/10 7:00,0.327,0.1,0.304,29.226,,,,,,,,,,,,,
2023/7/10 8:00,0.214,0.041,0.226,28.33,,,,,,,,,,,,,
2023/7/10 9:00,0.115,0.012,0.141,27.175,,,,,,,,,,,,,
2023/7/10 10:00,0.034,0,0.06,25.711,,,,,,,,,,,,,
2023/7/10 11:00,0,0,0.005,23.665,,,,,,,,,,,,,
2023/7/10 12:00,0,0,0,22.477,,,,,,,,,,,,,
2023/7/10 13:00,0,0,0,21.591,,,,,,,,,,,,,
2023/7/10 14:00,0,0,0,20.753,,,,,,,,,,,,,
2023/7/10 15:00,0,0,0,20.085,,,,,,,,,,,,,
2023/7/10 16:00,0,0,0,19.766,,,,,,,,,,,,,
2023/7/10 17:00,0,0,0,19.305,,,,,,,,,,,,,
2023/7/10 18:00,0,0,0,18.228,,,,,,,,,,,,,
2023/7/10 19:00,0,0,0,17.593,,,,,,,,,,,,,
2023/7/10 20:00,0,0,0.004,17.194,,,,,,,,,,,,,
2023/7/10 21:00,0.037,0,0.061,17.754,,,,,,,,,,,,,
2023/7/10 22:00,0.136,0.023,0.147,19.191,,,,,,,,,,,,,
2023/7/10 23:00,0.278,0.115,0.216,21.207,,,,,,,,,,,,,
2023/7/11 0:00,0.428,0.257,0.26,23.396,,,,,,,,,,,,,
2023/7/11 1:00,0.526,0.346,0.306,25.284,,,,,,,,,,,,,
2023/7/11 2:00,0.564,0.349,0.361,26.597,,,,,,,,,,,,,
2023/7/11 3:00,0.569,0.324,0.397,27.449,,,,,,,,,,,,,
2023/7/11 4:00,0.585,0.357,0.389,28.113,,,,,,,,,,,,,
2023/7/11 5:00,0.57,0.366,0.362,28.684,,,,,,,,,,,,,
2023/7/11 6:00,0.514,0.323,0.326,28.915,,,,,,,,,,,,,
2023/7/11 7:00,0.402,0.205,0.293,28.676,,,,,,,,,,,,,
2023/7/11 8:00,0.288,0.123,0.232,28.189,,,,,,,,,,,,,
2023/7/11 9:00,0.147,0.029,0.16,27.364,,,,,,,,,,,,,
2023/7/11 10:00,0.036,0,0.062,25.978,,,,,,,,,,,,,
2023/7/11 11:00,0,0,0.005,23.903,,,,,,,,,,,,,
2023/7/11 12:00,0,0,0,23.073,,,,,,,,,,,,,
2023/7/11 13:00,0,0,0,22.41,,,,,,,,,,,,,
2023/7/11 14:00,0,0,0,21.913,,,,,,,,,,,,,
2023/7/11 15:00,0,0,0,21.465,,,,,,,,,,,,,
2023/7/11 16:00,0,0,0,20.912,,,,,,,,,,,,,
2023/7/11 17:00,0,0,0,20.389,,,,,,,,,,,,,
2023/7/11 18:00,0,0,0,19.829,,,,,,,,,,,,,
2023/7/11 19:00,0,0,0,19.24,,,,,,,,,,,,,
2023/7/11 20:00,0,0,0.002,18.79,,,,,,,,,,,,,
2023/7/11 21:00,0.018,0,0.04,19.309,,,,,,,,,,,,,
2023/7/11 22:00,0.067,0.003,0.093,19.948,,,,,,,,,,,,,
2023/7/11 23:00,0.153,0.014,0.177,21.261,,,,,,,,,,,,,
2023/7/12 0:00,0.237,0.023,0.263,22.583,,,,,,,,,,,,,
2023/7/12 1:00,0.214,0.013,0.248,23.162,,,,,,,,,,,,,
2023/7/12 2:00,0.22,0.012,0.257,23.446,,,,,,,,,,,,,
2023/7/12 3:00,0.268,0.018,0.306,23.995,,,,,,,,,,,,,
2023/7/12 4:00,0.243,0.014,0.282,24.415,,,,,,,,,,,,,
2023/7/12 5:00,0.22,0.012,0.259,24.891,,,,,,,,,,,,,
2023/7/12 6:00,0.203,0.011,0.24,25.357,,,,,,,,,,,,,
2023/7/12 7:00,0.172,0.009,0.207,25.605,,,,,,,,,,,,,
2023/7/12 8:00,0.158,0.011,0.19,25.669,,,,,,,,,,,,,
2023/7/12 9:00,0.079,0.003,0.108,25.192,,,,,,,,,,,,,
2023/7/12 10:00,0.023,0,0.047,24.214,,,,,,,,,,,,,
2023/7/12 11:00,0,0,0.004,22.714,,,,,,,,,,,,,
2023/7/12 12:00,0,0,0,21.962,,,,,,,,,,,,,
2023/7/12 13:00,0,0,0,21.335,,,,,,,,,,,,,
2023/7/12 14:00,0,0,0,20.821,,,,,,,,,,,,,
2023/7/12 15:00,0,0,0,20.309,,,,,,,,,,,,,
2023/7/12 16:00,0,0,0,19.874,,,,,,,,,,,,,
2023/7/12 17:00,0,0,0,19.576,,,,,,,,,,,,,
2023/7/12 18:00,0,0,0,19.292,,,,,,,,,,,,,
2023/7/12 19:00,0,0,0,18.971,,,,,,,,,,,,,
2023/7/12 20:00,0,0,0.003,18.596,,,,,,,,,,,,,
2023/7/12 21:00,0.035,0,0.06,19.068,,,,,,,,,,,,,
2023/7/12 22:00,0.11,0.006,0.136,20.261,,,,,,,,,,,,,
2023/7/12 23:00,0.122,0.006,0.151,21.315,,,,,,,,,,,,,
2023/7/13 0:00,0.162,0.009,0.193,22.15,,,,,,,,,,,,,
2023/7/13 1:00,0.312,0.045,0.331,23.697,,,,,,,,,,,,,
2023/7/13 2:00,0.497,0.194,0.42,25.864,,,,,,,,,,,,,
2023/7/13 3:00,0.493,0.168,0.445,26.904,,,,,,,,,,,,,
2023/7/13 4:00,0.353,0.049,0.382,26.547,,,,,,,,,,,,,
2023/7/13 5:00,0.234,0.016,0.272,25.586,,,,,,,,,,,,,
2023/7/13 6:00,0.173,0.008,0.208,24.657,,,,,,,,,,,,,
2023/7/13 7:00,0.127,0.005,0.159,23.763,,,,,,,,,,,,,
2023/7/13 8:00,0.104,0.004,0.134,23.008,,,,,,,,,,,,,
2023/7/13 9:00,0.054,0.001,0.081,22.264,,,,,,,,,,,,,
2023/7/13 10:00,0.008,0,0.027,21.402,,,,,,,,,,,,,
2023/7/13 11:00,0,0,0.002,20.579,,,,,,,,,,,,,
2023/7/13 12:00,0,0,0,20.147,,,,,,,,,,,,,
2023/7/13 13:00,0,0,0,19.867,,,,,,,,,,,,,
2023/7/13 14:00,0,0,0,19.671,,,,,,,,,,,,,
2023/7/13 15:00,0,0,0,19.55,,,,,,,,,,,,,
2023/7/13 16:00,0,0,0,19.467,,,,,,,,,,,,,
2023/7/13 17:00,0,0,0,19.41,,,,,,,,,,,,,
2023/7/13 18:00,0,0,0,19.326,,,,,,,,,,,,,
2023/7/13 19:00,0,0,0,18.866,,,,,,,,,,,,,
2023/7/13 20:00,0,0,0.003,17.843,,,,,,,,,,,,,
2023/7/13 21:00,0.045,0,0.071,18.367,,,,,,,,,,,,,
2023/7/13 22:00,0.16,0.057,0.141,19.636,,,,,,,,,,,,,
2023/7/13 23:00,0.33,0.206,0.189,22.935,,,,,,,,,,,,,
2023/7/14 0:00,0.478,0.404,0.186,26.065,,,,,,,,,,,,,
2023/7/14 1:00,0.595,0.548,0.213,27.831,,,,,,,,,,,,,
2023/7/14 2:00,0.676,0.664,0.228,29.244,,,,,,,,,,,,,
2023/7/14 3:00,0.719,0.734,0.233,30.4,,,,,,,,,,,,,
2023/7/14 4:00,0.716,0.727,0.239,31.061,,,,,,,,,,,,,
2023/7/14 5:00,0.653,0.609,0.257,31.202,,,,,,,,,,,,,
2023/7/14 6:00,0.514,0.354,0.301,30.727,,,,,,,,,,,,,
2023/7/14 7:00,0.335,0.119,0.296,29.647,,,,,,,,,,,,,
2023/7/14 8:00,0.238,0.068,0.228,28.41,,,,,,,,,,,,,
2023/7/14 9:00,0.13,0.021,0.148,26.689,,,,,,,,,,,,,
2023/7/14 10:00,0.036,0,0.062,24.826,,,,,,,,,,,,,
2023/7/14 11:00,0,0,0.005,23.192,,,,,,,,,,,,,
2023/7/14 12:00,0,0,0,22.045,,,,,,,,,,,,,
2023/7/14 13:00,0,0,0,20.462,,,,,,,,,,,,,
2023/7/14 14:00,0,0,0,18.543,,,,,,,,,,,,,
2023/7/14 15:00,0,0,0,17.346,,,,,,,,,,,,,
2023/7/14 16:00,0,0,0,16.551,,,,,,,,,,,,,
2023/7/14 17:00,0,0,0,15.991,,,,,,,,,,,,,
2023/7/14 18:00,0,0,0,15.664,,,,,,,,,,,,,
2023/7/14 19:00,0,0,0,15.342,,,,,,,,,,,,,
2023/7/14 20:00,0,0,0.002,15.042,,,,,,,,,,,,,
2023/7/14 21:00,0.037,0,0.061,15.268,,,,,,,,,,,,,
2023/7/14 22:00,0.14,0.033,0.14,16.546,,,,,,,,,,,,,
2023/7/14 23:00,0.282,0.127,0.204,18.466,,,,,,,,,,,,,
2023/7/15 0:00,0.378,0.143,0.304,20.089,,,,,,,,,,,,,
2023/7/15 1:00,0.402,0.114,0.365,20.98,,,,,,,,,,,,,
2023/7/15 2:00,0.479,0.167,0.411,21.99,,,,,,,,,,,,,
2023/7/15 3:00,0.562,0.269,0.424,22.94,,,,,,,,,,,,,
2023/7/15 4:00,0.484,0.153,0.435,22.867,,,,,,,,,,,,,
2023/7/15 5:00,0.403,0.088,0.397,22.724,,,,,,,,,,,,,
2023/7/15 6:00,0.316,0.047,0.331,22.575,,,,,,,,,,,,,
2023/7/15 7:00,0.198,0.016,0.225,21.902,,,,,,,,,,,,,
2023/7/15 8:00,0.107,0.005,0.135,21.036,,,,,,,,,,,,,
2023/7/15 9:00,0.052,0.001,0.077,20.377,,,,,,,,,,,,,
2023/7/15 10:00,0.015,0,0.036,19.758,,,,,,,,,,,,,
2023/7/15 11:00,0,0,0.003,18.816,,,,,,,,,,,,,
2023/7/15 12:00,0,0,0,18.414,,,,,,,,,,,,,
2023/7/15 13:00,0,0,0,18.154,,,,,,,,,,,,,
2023/7/15 14:00,0,0,0,17.804,,,,,,,,,,,,,
2023/7/15 15:00,0,0,0,17.163,,,,,,,,,,,,,
2023/7/15 16:00,0,0,0,16.466,,,,,,,,,,,,,
2023/7/15 17:00,0,0,0,15.873,,,,,,,,,,,,,
2023/7/15 18:00,0,0,0,15.603,,,,,,,,,,,,,
2023/7/15 19:00,0,0,0,15.476,,,,,,,,,,,,,
2023/7/15 20:00,0,0,0.003,15.346,,,,,,,,,,,,,
2023/7/15 21:00,0.036,0,0.06,16.13,,,,,,,,,,,,,
2023/7/15 22:00,0.142,0.024,0.152,17.789,,,,,,,,,,,,,
2023/7/15 23:00,0.306,0.153,0.21,20.498,,,,,,,,,,,,,
2023/7/16 0:00,0.475,0.393,0.183,22.559,,,,,,,,,,,,,
2023/7/16 1:00,0.601,0.551,0.203,24.225,,,,,,,,,,,,,
2023/7/16 2:00,0.687,0.674,0.215,25.713,,,,,,,,,,,,,
2023/7/16 3:00,0.723,0.727,0.226,26.896,,,,,,,,,,,,,
2023/7/16 4:00,0.721,0.726,0.229,27.725,,,,,,,,,,,,,
2023/7/16 5:00,0.677,0.66,0.227,28.236,,,,,,,,,,,,,
2023/7/16 6:00,0.586,0.523,0.226,28.407,,,,,,,,,,,,,
2023/7/16 7:00,0.46,0.358,0.214,28.215,,,,,,,,,,,,,
2023/7/16 8:00,0.315,0.204,0.183,27.66,,,,,,,,,,,,,
2023/7/16 9:00,0.16,0.064,0.139,26.718,,,,,,,,,,,,,
2023/7/16 10:00,0.044,0,0.071,24.76,,,,,,,,,,,,,
2023/7/16 11:00,0,0,0.005,21.524,,,,,,,,,,,,,
2023/7/16 12:00,0,0,0,20.422,,,,,,,,,,,,,
2023/7/16 13:00,0,0,0,19.993,,,,,,,,,,,,,
2023/7/16 14:00,0,0,0,19.567,,,,,,,,,,,,,
2023/7/16 15:00,0,0,0,18.883,,,,,,,,,,,,,
2023/7/16 16:00,0,0,0,17.984,,,,,,,,,,,,,
2023/7/16 17:00,0,0,0,17.151,,,,,,,,,,,,,
2023/7/16 18:00,0,0,0,16.58,,,,,,,,,,,,,
2023/7/16 19:00,0,0,0,16.186,,,,,,,,,,,,,
2023/7/16 20:00,0,0,0.003,15.936,,,,,,,,,,,,,
2023/7/16 21:00,0.036,0,0.061,17.714,,,,,,,,,,,,,
2023/7/16 22:00,0.14,0.054,0.123,20.765,,,,,,,,,,,,,
2023/7/16 23:00,0.308,0.214,0.157,24.028,,,,,,,,,,,,,
2023/7/17 0:00,0.467,0.402,0.178,27.463,,,,,,,,,,,,,
2023/7/17 1:00,0.594,0.572,0.194,29.514,,,,,,,,,,,,,
2023/7/17 2:00,0.678,0.701,0.204,31.058,,,,,,,,,,,,,
2023/7/17 3:00,0.723,0.779,0.207,32.154,,,,,,,,,,,,,
2023/7/17 4:00,0.724,0.783,0.208,32.868,,,,,,,,,,,,,
2023/7/17 5:00,0.683,0.722,0.204,33.313,,,,,,,,,,,,,
2023/7/17 6:00,0.59,0.57,0.207,33.376,,,,,,,,,,,,,
2023/7/17 7:00,0.467,0.403,0.195,33.098,,,,,,,,,,,,,
2023/7/17 8:00,0.307,0.205,0.182,32.36,,,,,,,,,,,,,
2023/7/17 9:00,0.153,0.058,0.141,31.117,,,,,,,,,,,,,
2023/7/17 10:00,0.041,0,0.069,28.45,,,,,,,,,,,,,
2023/7/17 11:00,0,0,0.005,25.067,,,,,,,,,,,,,
2023/7/17 12:00,0,0,0,23.657,,,,,,,,,,,,,
2023/7/17 13:00,0,0,0,22.6,,,,,,,,,,,,,
2023/7/17 14:00,0,0,0,21.648,,,,,,,,,,,,,
2023/7/17 15:00,0,0,0,20.912,,,,,,,,,,,,,
2023/7/17 16:00,0,0,0,20.29,,,,,,,,,,,,,
2023/7/17 17:00,0,0,0,19.723,,,,,,,,,,,,,
2023/7/17 18:00,0,0,0,19.179,,,,,,,,,,,,,
2023/7/17 19:00,0,0,0,19.003,,,,,,,,,,,,,
2023/7/17 20:00,0,0,0.002,18.598,,,,,,,,,,,,,
2023/7/17 21:00,0.035,0,0.06,19.683,,,,,,,,,,,,,
2023/7/17 22:00,0.138,0.05,0.124,21.976,,,,,,,,,,,,,
2023/7/17 23:00,0.296,0.192,0.168,25.43,,,,,,,,,,,,,
2023/7/18 0:00,0.423,0.292,0.233,28.572,,,,,,,,,,,,,
2023/7/18 1:00,0.53,0.412,0.267,31.05,,,,,,,,,,,,,
2023/7/18 2:00,0.581,0.454,0.308,32.882,,,,,,,,,,,,,
2023/7/18 3:00,0.655,0.601,0.284,34.391,,,,,,,,,,,,,
2023/7/18 4:00,0.689,0.7,0.25,35.577,,,,,,,,,,,,,
2023/7/18 5:00,0.621,0.567,0.273,36.149,,,,,,,,,,,,,
2023/7/18 6:00,0.46,0.269,0.328,35.937,,,,,,,,,,,,,
2023/7/18 7:00,0.3,0.091,0.292,35.22,,,,,,,,,,,,,
2023/7/18 8:00,0.198,0.04,0.215,34.365,,,,,,,,,,,,,
2023/7/18 9:00,0.119,0.019,0.143,33.173,,,,,,,,,,,,,
2023/7/18 10:00,0.041,0,0.069,30.704,,,,,,,,,,,,,
2023/7/18 11:00,0,0,0.005,27.536,,,,,,,,,,,,,
2023/7/18 12:00,0,0,0,26.11,,,,,,,,,,,,,
2023/7/18 13:00,0,0,0,25.159,,,,,,,,,,,,,
2023/7/18 14:00,0,0,0,24.238,,,,,,,,,,,,,
2023/7/18 15:00,0,0,0,23.333,,,,,,,,,,,,,
2023/7/18 16:00,0,0,0,22.483,,,,,,,,,,,,,
2023/7/18 17:00,0,0,0,21.709,,,,,,,,,,,,,
2023/7/18 18:00,0,0,0,20.977,,,,,,,,,,,,,
2023/7/18 19:00,0,0,0,20.309,,,,,,,,,,,,,
2023/7/18 20:00,0,0,0.002,19.86,,,,,,,,,,,,,
2023/7/18 21:00,0.036,0,0.061,20.753,,,,,,,,,,,,,
2023/7/18 22:00,0.139,0.046,0.131,22.758,,,,,,,,,,,,,
2023/7/18 23:00,0.304,0.202,0.169,26.505,,,,,,,,,,,,,
2023/7/19 0:00,0.455,0.372,0.201,30.384,,,,,,,,,,,,,
2023/7/19 1:00,0.575,0.533,0.221,32.918,,,,,,,,,,,,,
2023/7/19 2:00,0.653,0.647,0.237,34.704,,,,,,,,,,,,,
2023/7/19 3:00,0.694,0.718,0.243,35.997,,,,,,,,,,,,,
2023/7/19 4:00,0.691,0.714,0.247,36.848,,,,,,,,,,,,,
2023/7/19 5:00,0.636,0.613,0.258,37.339,,,,,,,,,,,,,
2023/7/19 6:00,0.501,0.36,0.3,37.234,,,,,,,,,,,,,
2023/7/19 7:00,0.316,0.111,0.296,36.467,,,,,,,,,,,,,
2023/7/19 8:00,0.23,0.07,0.227,35.755,,,,,,,,,,,,,
2023/7/19 9:00,0.137,0.033,0.151,34.775,,,,,,,,,,,,,
2023/7/19 10:00,0.037,0,0.065,32.087,,,,,,,,,,,,,
2023/7/19 11:00,0,0,0.004,29.108,,,,,,,,,,,,,
2023/7/19 12:00,0,0,0,27.744,,,,,,,,,,,,,
2023/7/19 13:00,0,0,0,26.609,,,,,,,,,,,,,
2023/7/19 14:00,0,0,0,25.777,,,,,,,,,,,,,
2023/7/19 15:00,0,0,0,25.072,,,,,,,,,,,,,
2023/7/19 16:00,0,0,0,24.519,,,,,,,,,,,,,
2023/7/19 17:00,0,0,0,24.111,,,,,,,,,,,,,
2023/7/19 18:00,0,0,0,23.269,,,,,,,,,,,,,
2023/7/19 19:00,0,0,0,22.407,,,,,,,,,,,,,
2023/7/19 20:00,0,0,0.002,21.807,,,,,,,,,,,,,
2023/7/19 21:00,0.02,0,0.042,22.379,,,,,,,,,,,,,
2023/7/19 22:00,0.099,0.009,0.124,23.662,,,,,,,,,,,,,
2023/7/19 23:00,0.228,0.065,0.215,26.063,,,,,,,,,,,,,
2023/7/20 0:00,0.364,0.158,0.292,28.659,,,,,,,,,,,,,
2023/7/20 1:00,0.465,0.247,0.34,30.819,,,,,,,,,,,,,
2023/7/20 2:00,0.542,0.336,0.367,32.686,,,,,,,,,,,,,
2023/7/20 3:00,0.559,0.34,0.395,34.104,,,,,,,,,,,,,
2023/7/20 4:00,0.538,0.3,0.408,35.12,,,,,,,,,,,,,
2023/7/20 5:00,0.446,0.171,0.405,35.417,,,,,,,,,,,,,
2023/7/20 6:00,0.333,0.077,0.348,35.161,,,,,,,,,,,,,
2023/7/20 7:00,0.206,0.023,0.243,34.38,,,,,,,,,,,,,
2023/7/20 8:00,0.124,0.009,0.158,33.268,,,,,,,,,,,,,
2023/7/20 9:00,0.065,0.003,0.095,31.577,,,,,,,,,,,,,
2023/7/20 10:00,0.018,0,0.042,29.236,,,,,,,,,,,,,
2023/7/20 11:00,0,0,0.003,26.982,,,,,,,,,,,,,
2023/7/20 12:00,0,0,0,25.841,,,,,,,,,,,,,
2023/7/20 13:00,0,0,0,24.792,,,,,,,,,,,,,
2023/7/20 14:00,0,0,0,23.801,,,,,,,,,,,,,
2023/7/20 15:00,0,0,0,23.101,,,,,,,,,,,,,
2023/7/20 16:00,0,0,0,22.543,,,,,,,,,,,,,
2023/7/20 17:00,0,0,0,21.918,,,,,,,,,,,,,
2023/7/20 18:00,0,0,0,21.172,,,,,,,,,,,,,
2023/7/20 19:00,0,0,0,20.528,,,,,,,,,,,,,
2023/7/20 20:00,0,0,0.002,19.865,,,,,,,,,,,,,
2023/7/20 21:00,0.035,0,0.06,21.004,,,,,,,,,,,,,
2023/7/20 22:00,0.141,0.039,0.141,23.251,,,,,,,,,,,,,
2023/7/20 23:00,0.299,0.171,0.193,25.987,,,,,,,,,,,,,
2023/7/21 0:00,0.436,0.266,0.274,28.272,,,,,,,,,,,,,
2023/7/21 1:00,0.461,0.206,0.372,29.52,,,,,,,,,,,,,
2023/7/21 2:00,0.369,0.068,0.39,29.728,,,,,,,,,,,,,
2023/7/21 3:00,0.34,0.045,0.377,29.877,,,,,,,,,,,,,
2023/7/21 4:00,0.369,0.059,0.4,30.226,,,,,,,,,,,,,
2023/7/21 5:00,0.34,0.05,0.373,30.324,,,,,,,,,,,,,
2023/7/21 6:00,0.257,0.025,0.296,30.062,,,,,,,,,,,,,
2023/7/21 7:00,0.206,0.018,0.242,29.778,,,,,,,,,,,,,
2023/7/21 8:00,0.135,0.008,0.169,29.011,,,,,,,,,,,,,
2023/7/21 9:00,0.067,0.002,0.097,27.774,,,,,,,,,,,,,
2023/7/21 10:00,0.016,0,0.038,26.17,,,,,,,,,,,,,
2023/7/21 11:00,0,0,0.002,24.344,,,,,,,,,,,,,
2023/7/21 12:00,0,0,0,23.126,,,,,,,,,,,,,
2023/7/21 13:00,0,0,0,22.249,,,,,,,,,,,,,
2023/7/21 14:00,0,0,0,21.588,,,,,,,,,,,,,
2023/7/21 15:00,0,0,0,21.083,,,,,,,,,,,,,
2023/7/21 16:00,0,0,0,20.625,,,,,,,,,,,,,
2023/7/21 17:00,0,0,0,20.313,,,,,,,,,,,,,
2023/7/21 18:00,0,0,0,19.967,,,,,,,,,,,,,
2023/7/21 19:00,0,0,0,19.538,,,,,,,,,,,,,
2023/7/21 20:00,0,0,0,19.168,,,,,,,,,,,,,
2023/7/21 21:00,0.002,0,0.018,18.995,,,,,,,,,,,,,
2023/7/21 22:00,0.033,0.001,0.057,19.248,,,,,,,,,,,,,
2023/7/21 23:00,0.09,0.003,0.118,19.873,,,,,,,,,,,,,
2023/7/22 0:00,0.147,0.007,0.177,20.516,,,,,,,,,,,,,
2023/7/22 1:00,0.2,0.011,0.232,21.125,,,,,,,,,,,,,
2023/7/22 2:00,0.236,0.015,0.269,21.549,,,,,,,,,,,,,
2023/7/22 3:00,0.25,0.016,0.284,21.752,,,,,,,,,,,,,
2023/7/22 4:00,0.261,0.018,0.295,21.942,,,,,,,,,,,,,
2023/7/22 5:00,0.251,0.017,0.284,22,,,,,,,,,,,,,
2023/7/22 6:00,0.234,0.017,0.266,21.948,,,,,,,,,,,,,
2023/7/22 7:00,0.209,0.016,0.237,21.803,,,,,,,,,,,,,
2023/7/22 8:00,0.153,0.01,0.18,21.38,,,,,,,,,,,,,
2023/7/22 9:00,0.087,0.004,0.114,20.602,,,,,,,,,,,,,
2023/7/22 10:00,0.018,0,0.039,19.584,,,,,,,,,,,,,
2023/7/22 11:00,0,0,0.002,18.768,,,,,,,,,,,,,
2023/7/22 12:00,0,0,0,18.348,,,,,,,,,,,,,
2023/7/22 13:00,0,0,0,17.986,,,,,,,,,,,,,
2023/7/22 14:00,0,0,0,17.636,,,,,,,,,,,,,
2023/7/22 15:00,0,0,0,17.382,,,,,,,,,,,,,
2023/7/22 16:00,0,0,0,17.195,,,,,,,,,,,,,
2023/7/22 17:00,0,0,0,17.037,,,,,,,,,,,,,
2023/7/22 18:00,0,0,0,16.857,,,,,,,,,,,,,
2023/7/22 19:00,0,0,0,16.614,,,,,,,,,,,,,
2023/7/22 20:00,0,0,0.001,16.44,,,,,,,,,,,,,
2023/7/22 21:00,0.025,0,0.048,16.767,,,,,,,,,,,,,
2023/7/22 22:00,0.138,0.02,0.151,18.1,,,,,,,,,,,,,
2023/7/22 23:00,0.303,0.138,0.221,20.49,,,,,,,,,,,,,
2023/7/23 0:00,0.464,0.371,0.19,22.941,,,,,,,,,,,,,
2023/7/23 1:00,0.602,0.557,0.2,24.831,,,,,,,,,,,,,
2023/7/23 2:00,0.681,0.665,0.218,26.33,,,,,,,,,,,,,
2023/7/23 3:00,0.726,0.738,0.223,27.416,,,,,,,,,,,,,
2023/7/23 4:00,0.715,0.713,0.235,28.151,,,,,,,,,,,,,
2023/7/23 5:00,0.673,0.653,0.23,28.66,,,,,,,,,,,,,
2023/7/23 6:00,0.594,0.547,0.216,28.948,,,,,,,,,,,,,
2023/7/23 7:00,0.463,0.373,0.206,28.873,,,,,,,,,,,,,
2023/7/23 8:00,0.304,0.189,0.186,28.375,,,,,,,,,,,,,
2023/7/23 9:00,0.148,0.05,0.14,27.332,,,,,,,,,,,,,
2023/7/23 10:00,0.037,0,0.063,25.419,,,,,,,,,,,,,
2023/7/23 11:00,0,0,0.003,22.759,,,,,,,,,,,,,
2023/7/23 12:00,0,0,0,21.656,,,,,,,,,,,,,
2023/7/23 13:00,0,0,0,20.835,,,,,,,,,,,,,
2023/7/23 14:00,0,0,0,20.084,,,,,,,,,,,,,
2023/7/23 15:00,0,0,0,19.582,,,,,,,,,,,,,
2023/7/23 16:00,0,0,0,19.288,,,,,,,,,,,,,
2023/7/23 17:00,0,0,0,18.754,,,,,,,,,,,,,
2023/7/23 18:00,0,0,0,17.892,,,,,,,,,,,,,
2023/7/23 19:00,0,0,0,17.161,,,,,,,,,,,,,
2023/7/23 20:00,0,0,0.001,16.673,,,,,,,,,,,,,
2023/7/23 21:00,0.031,0,0.055,17.702,,,,,,,,,,,,,
2023/7/23 22:00,0.138,0.061,0.112,19.279,,,,,,,,,,,,,
2023/7/23 23:00,0.317,0.235,0.144,22.244,,,,,,,,,,,,,
2023/7/24 0:00,0.483,0.41,0.183,24.607,,,,,,,,,,,,,
2023/7/24 1:00,0.611,0.574,0.203,26.411,,,,,,,,,,,,,
2023/7/24 2:00,0.695,0.698,0.217,28.037,,,,,,,,,,,,,
2023/7/24 3:00,0.737,0.77,0.223,29.504,,,,,,,,,,,,,
2023/7/24 4:00,0.736,0.773,0.224,30.661,,,,,,,,,,,,,
2023/7/24 5:00,0.693,0.711,0.22,31.466,,,,,,,,,,,,,
2023/7/24 6:00,0.55,0.443,0.267,31.603,,,,,,,,,,,,,
2023/7/24 7:00,0.375,0.187,0.282,31.091,,,,,,,,,,,,,
2023/7/24 8:00,0.2,0.041,0.213,29.966,,,,,,,,,,,,,
2023/7/24 9:00,0.091,0.008,0.119,28.456,,,,,,,,,,,,,
2023/7/24 10:00,0.02,0,0.043,26.124,,,,,,,,,,,,,
2023/7/24 11:00,0,0,0.002,23.942,,,,,,,,,,,,,
2023/7/24 12:00,0,0,0,22.825,,,,,,,,,,,,,
2023/7/24 13:00,0,0,0,22.14,,,,,,,,,,,,,
2023/7/24 14:00,0,0,0,21.708,,,,,,,,,,,,,
2023/7/24 15:00,0,0,0,21.284,,,,,,,,,,,,,
2023/7/24 16:00,0,0,0,20.594,,,,,,,,,,,,,
2023/7/24 17:00,0,0,0,20.073,,,,,,,,,,,,,
2023/7/24 18:00,0,0,0,19.725,,,,,,,,,,,,,
2023/7/24 19:00,0,0,0,19.36,,,,,,,,,,,,,
2023/7/24 20:00,0,0,0.001,19.059,,,,,,,,,,,,,
2023/7/24 21:00,0.024,0,0.047,19.516,,,,,,,,,,,,,
2023/7/24 22:00,0.119,0.02,0.133,20.199,,,,,,,,,,,,,
2023/7/24 23:00,0.261,0.108,0.205,21.974,,,,,,,,,,,,,
2023/7/25 0:00,0.415,0.278,0.225,24.292,,,,,,,,,,,,,
2023/7/25 1:00,0.567,0.493,0.221,26.603,,,,,,,,,,,,,
2023/7/25 2:00,0.682,0.689,0.206,28.332,,,,,,,,,,,,,
2023/7/25 3:00,0.734,0.785,0.203,29.646,,,,,,,,,,,,,
2023/7/25 4:00,0.736,0.794,0.202,30.558,,,,,,,,,,,,,
2023/7/25 5:00,0.696,0.738,0.196,31.127,,,,,,,,,,,,,
2023/7/25 6:00,0.615,0.621,0.185,31.331,,,,,,,,,,,,,
2023/7/25 7:00,0.492,0.458,0.169,31.166,,,,,,,,,,,,,
2023/7/25 8:00,0.333,0.267,0.148,30.522,,,,,,,,,,,,,
2023/7/25 9:00,0.163,0.094,0.115,29.137,,,,,,,,,,,,,
2023/7/25 10:00,0.036,0,0.062,26.5,,,,,,,,,,,,,
2023/7/25 11:00,0,0,0.003,23.816,,,,,,,,,,,,,
2023/7/25 12:00,0,0,0,23.166,,,,,,,,,,,,,
2023/7/25 13:00,0,0,0,22.845,,,,,,,,,,,,,
2023/7/25 14:00,0,0,0,22.437,,,,,,,,,,,,,
2023/7/25 15:00,0,0,0,21.858,,,,,,,,,,,,,
2023/7/25 16:00,0,0,0,21.271,,,,,,,,,,,,,
2023/7/25 17:00,0,0,0,20.721,,,,,,,,,,,,,
2023/7/25 18:00,0,0,0,20.117,,,,,,,,,,,,,
2023/7/25 19:00,0,0,0,19.565,,,,,,,,,,,,,
2023/7/25 20:00,0,0,0.001,19.089,,,,,,,,,,,,,
2023/7/25 21:00,0.029,0,0.052,19.98,,,,,,,,,,,,,
2023/7/25 22:00,0.132,0.055,0.113,21.916,,,,,,,,,,,,,
2023/7/25 23:00,0.303,0.216,0.15,24.877,,,,,,,,,,,,,
2023/7/26 0:00,0.458,0.369,0.2,27.783,,,,,,,,,,,,,
2023/7/26 1:00,0.572,0.505,0.231,30.184,,,,,,,,,,,,,
2023/7/26 2:00,0.64,0.589,0.259,31.841,,,,,,,,,,,,,
2023/7/26 3:00,0.684,0.66,0.265,33.053,,,,,,,,,,,,,
2023/7/26 4:00,0.685,0.668,0.265,33.912,,,,,,,,,,,,,
2023/7/26 5:00,0.64,0.598,0.264,34.353,,,,,,,,,,,,,
2023/7/26 6:00,0.563,0.492,0.249,34.414,,,,,,,,,,,,,
2023/7/26 7:00,0.443,0.339,0.23,33.976,,,,,,,,,,,,,
2023/7/26 8:00,0.309,0.202,0.187,33.078,,,,,,,,,,,,,
2023/7/26 9:00,0.154,0.063,0.138,31.579,,,,,,,,,,,,,
2023/7/26 10:00,0.036,0,0.063,29.134,,,,,,,,,,,,,
2023/7/26 11:00,0,0,0.002,27.01,,,,,,,,,,,,,
2023/7/26 12:00,0,0,0,26.206,,,,,,,,,,,,,
2023/7/26 13:00,0,0,0,25.466,,,,,,,,,,,,,
2023/7/26 14:00,0,0,0,24.788,,,,,,,,,,,,,
2023/7/26 15:00,0,0,0,24.173,,,,,,,,,,,,,
2023/7/26 16:00,0,0,0,23.577,,,,,,,,,,,,,
2023/7/26 17:00,0,0,0,23.222,,,,,,,,,,,,,
2023/7/26 18:00,0,0,0,22.97,,,,,,,,,,,,,
2023/7/26 19:00,0,0,0,22.635,,,,,,,,,,,,,
2023/7/26 20:00,0,0,0,22.259,,,,,,,,,,,,,
2023/7/26 21:00,0.005,0,0.023,22.228,,,,,,,,,,,,,
2023/7/26 22:00,0.054,0.002,0.08,22.8,,,,,,,,,,,,,
2023/7/26 23:00,0.113,0.008,0.14,23.8,,,,,,,,,,,,,
2023/7/27 0:00,0.235,0.033,0.255,25.602,,,,,,,,,,,,,
2023/7/27 1:00,0.488,0.282,0.329,28.543,,,,,,,,,,,,,
2023/7/27 2:00,0.581,0.408,0.344,30.575,,,,,,,,,,,,,
2023/7/27 3:00,0.638,0.502,0.342,31.871,,,,,,,,,,,,,
2023/7/27 4:00,0.637,0.502,0.345,32.685,,,,,,,,,,,,,
2023/7/27 5:00,0.591,0.437,0.341,33.031,,,,,,,,,,,,,
2023/7/27 6:00,0.511,0.337,0.323,33.02,,,,,,,,,,,,,
2023/7/27 7:00,0.383,0.188,0.296,32.61,,,,,,,,,,,,,
2023/7/27 8:00,0.218,0.049,0.227,31.591,,,,,,,,,,,,,
2023/7/27 9:00,0.069,0.004,0.098,29.658,,,,,,,,,,,,,
2023/7/27 10:00,0.011,0,0.032,27.625,,,,,,,,,,,,,
2023/7/27 11:00,0,0,0.001,25.99,,,,,,,,,,,,,
2023/7/27 12:00,0,0,0,25.113,,,,,,,,,,,,,
2023/7/27 13:00,0,0,0,24.546,,,,,,,,,,,,,
2023/7/27 14:00,0,0,0,24.079,,,,,,,,,,,,,
2023/7/27 15:00,0,0,0,23.737,,,,,,,,,,,,,
2023/7/27 16:00,0,0,0,23.561,,,,,,,,,,,,,
2023/7/27 17:00,0,0,0,23.308,,,,,,,,,,,,,
2023/7/27 18:00,0,0,0,22.924,,,,,,,,,,,,,
2023/7/27 19:00,0,0,0,22.575,,,,,,,,,,,,,
2023/7/27 20:00,0,0,0,22.261,,,,,,,,,,,,,
2023/7/27 21:00,0.007,0,0.026,22.344,,,,,,,,,,,,,
2023/7/27 22:00,0.058,0.002,0.085,22.965,,,,,,,,,,,,,
2023/7/27 23:00,0.121,0.008,0.149,23.904,,,,,,,,,,,,,
2023/7/28 0:00,0.217,0.023,0.245,25.777,,,,,,,,,,,,,
2023/7/28 1:00,0.31,0.049,0.331,27.498,,,,,,,,,,,,,
2023/7/28 2:00,0.345,0.056,0.37,28.451,,,,,,,,,,,,,
2023/7/28 3:00,0.299,0.031,0.338,28.684,,,,,,,,,,,,,
2023/7/28 4:00,0.296,0.03,0.336,28.902,,,,,,,,,,,,,
2023/7/28 5:00,0.328,0.046,0.36,29.328,,,,,,,,,,,,,
2023/7/28 6:00,0.315,0.051,0.339,29.54,,,,,,,,,,,,,
2023/7/28 7:00,0.25,0.035,0.277,29.331,,,,,,,,,,,,,
2023/7/28 8:00,0.167,0.017,0.197,28.74,,,,,,,,,,,,,
2023/7/28 9:00,0.078,0.004,0.107,27.49,,,,,,,,,,,,,
2023/7/28 10:00,0.017,0,0.04,25.582,,,,,,,,,,,,,
2023/7/28 11:00,0,0,0.002,23.967,,,,,,,,,,,,,
2023/7/28 12:00,0,0,0,23.259,,,,,,,,,,,,,
2023/7/28 13:00,0,0,0,22.67,,,,,,,,,,,,,
2023/7/28 14:00,0,0,0,22.219,,,,,,,,,,,,,
2023/7/28 15:00,0,0,0,21.748,,,,,,,,,,,,,
2023/7/28 16:00,0,0,0,21.307,,,,,,,,,,,,,
2023/7/28 17:00,0,0,0,20.887,,,,,,,,,,,,,
2023/7/28 18:00,0,0,0,20.488,,,,,,,,,,,,,
2023/7/28 19:00,0,0,0,20.06,,,,,,,,,,,,,
2023/7/28 20:00,0,0,0.001,19.658,,,,,,,,,,,,,
2023/7/28 21:00,0.016,0,0.037,19.999,,,,,,,,,,,,,
2023/7/28 22:00,0.078,0.004,0.105,21.049,,,,,,,,,,,,,
2023/7/28 23:00,0.164,0.016,0.188,22.705,,,,,,,,,,,,,
2023/7/29 0:00,0.261,0.04,0.279,25.467,,,,,,,,,,,,,
2023/7/29 1:00,0.349,0.074,0.355,27.739,,,,,,,,,,,,,
2023/7/29 2:00,0.372,0.072,0.389,29.085,,,,,,,,,,,,,
2023/7/29 3:00,0.359,0.056,0.39,29.849,,,,,,,,,,,,,
2023/7/29 4:00,0.36,0.056,0.392,30.386,,,,,,,,,,,,,
2023/7/29 5:00,0.34,0.052,0.372,30.676,,,,,,,,,,,,,
2023/7/29 6:00,0.327,0.058,0.35,30.873,,,,,,,,,,,,,
2023/7/29 7:00,0.247,0.033,0.277,30.561,,,,,,,,,,,,,
2023/7/29 8:00,0.168,0.017,0.199,29.884,,,,,,,,,,,,,
2023/7/29 9:00,0.071,0.003,0.1,28.437,,,,,,,,,,,,,
2023/7/29 10:00,0.009,0,0.029,26.411,,,,,,,,,,,,,
2023/7/29 11:00,0,0,0.001,25.039,,,,,,,,,,,,,
2023/7/29 12:00,0,0,0,24.358,,,,,,,,,,,,,
2023/7/29 13:00,0,0,0,23.593,,,,,,,,,,,,,
2023/7/29 14:00,0,0,0,22.949,,,,,,,,,,,,,
2023/7/29 15:00,0,0,0,22.39,,,,,,,,,,,,,
2023/7/29 16:00,0,0,0,21.912,,,,,,,,,,,,,
2023/7/29 17:00,0,0,0,21.498,,,,,,,,,,,,,
2023/7/29 18:00,0,0,0,21.163,,,,,,,,,,,,,
2023/7/29 19:00,0,0,0,20.878,,,,,,,,,,,,,
2023/7/29 20:00,0,0,0,20.72,,,,,,,,,,,,,
2023/7/29 21:00,0.003,0,0.021,20.975,,,,,,,,,,,,,
2023/7/29 22:00,0.042,0.001,0.067,21.706,,,,,,,,,,,,,
2023/7/29 23:00,0.104,0.005,0.133,22.969,,,,,,,,,,,,,
2023/7/30 0:00,0.177,0.012,0.208,24.757,,,,,,,,,,,,,
2023/7/30 1:00,0.242,0.022,0.276,26.514,,,,,,,,,,,,,
2023/7/30 2:00,0.283,0.029,0.32,27.91,,,,,,,,,,,,,
2023/7/30 3:00,0.307,0.033,0.346,29.007,,,,,,,,,,,,,
2023/7/30 4:00,0.312,0.035,0.352,29.743,,,,,,,,,,,,,
2023/7/30 5:00,0.305,0.036,0.343,30.035,,,,,,,,,,,,,
2023/7/30 6:00,0.251,0.024,0.288,29.678,,,,,,,,,,,,,
2023/7/30 7:00,0.18,0.013,0.215,28.847,,,,,,,,,,,,,
2023/7/30 8:00,0.114,0.006,0.146,27.779,,,,,,,,,,,,,
2023/7/30 9:00,0.056,0.002,0.083,26.514,,,,,,,,,,,,,
2023/7/30 10:00,0.01,0,0.03,25.042,,,,,,,,,,,,,
2023/7/30 11:00,0,0,0.001,23.602,,,,,,,,,,,,,
2023/7/30 12:00,0,0,0,22.753,,,,,,,,,,,,,
2023/7/30 13:00,0,0,0,22.054,,,,,,,,,,,,,
2023/7/30 14:00,0,0,0,21.432,,,,,,,,,,,,,
2023/7/30 15:00,0,0,0,20.817,,,,,,,,,,,,,
2023/7/30 16:00,0,0,0,20.233,,,,,,,,,,,,,
2023/7/30 17:00,0,0,0,19.566,,,,,,,,,,,,,
2023/7/30 18:00,0,0,0,19.105,,,,,,,,,,,,,
2023/7/30 19:00,0,0,0,18.904,,,,,,,,,,,,,
2023/7/30 20:00,0,0,0,18.673,,,,,,,,,,,,,
2023/7/30 21:00,0.016,0,0.036,19.358,,,,,,,,,,,,,
2023/7/30 22:00,0.112,0.011,0.134,21.118,,,,,,,,,,,,,
2023/7/30 23:00,0.288,0.131,0.216,23.926,,,,,,,,,,,,,
2023/7/31 0:00,0.471,0.398,0.185,26.799,,,,,,,,,,,,,
2023/7/31 1:00,0.6,0.571,0.203,29.221,,,,,,,,,,,,,
2023/7/31 2:00,0.682,0.693,0.218,31.055,,,,,,,,,,,,,
2023/7/31 3:00,0.719,0.752,0.229,32.363,,,,,,,,,,,,,
2023/7/31 4:00,0.717,0.747,0.233,33.08,,,,,,,,,,,,,
2023/7/31 5:00,0.668,0.664,0.237,33.288,,,,,,,,,,,,,
2023/7/31 6:00,0.576,0.521,0.235,33.035,,,,,,,,,,,,,
2023/7/31 7:00,0.443,0.335,0.227,32.299,,,,,,,,,,,,,
2023/7/31 8:00,0.274,0.136,0.207,31.013,,,,,,,,,,,,,
2023/7/31 9:00,0.113,0.019,0.133,29.436,,,,,,,,,,,,,
2023/7/31 10:00,0.021,0,0.045,27.777,,,,,,,,,,,,,
2023/7/31 11:00,0,0,0.001,26.008,,,,,,,,,,,,,
2023/7/31 12:00,0,0,0,24.955,,,,,,,,,,,,,
2023/7/31 13:00,0,0,0,24.087,,,,,,,,,,,,,
2023/7/31 14:00,0,0,0,23.29,,,,,,,,,,,,,
2023/7/31 15:00,0,0,0,22.624,,,,,,,,,,,,,
2023/7/31 16:00,0,0,0,22.175,,,,,,,,,,,,,
2023/7/31 17:00,0,0,0,21.848,,,,,,,,,,,,,
2023/7/31 18:00,0,0,0,21.591,,,,,,,,,,,,,
2023/7/31 19:00,0,0,0,21.415,,,,,,,,,,,,,
2023/7/31 20:00,0,0,0,21.273,,,,,,,,,,,,,
2023/7/31 21:00,0.008,0,0.028,21.431,,,,,,,,,,,,,
2023/7/31 22:00,0.089,0.009,0.112,22.259,,,,,,,,,,,,,
2023/7/31 23:00,0.205,0.05,0.202,23.917,,,,,,,,,,,,,
2023/8/1 0:00,0.314,0.092,0.289,25.773,,,,,,,,,,,,,
2023/8/1 1:00,0.443,0.201,0.347,27.582,,,,,,,,,,,,,
2023/8/1 2:00,0.53,0.295,0.377,28.979,,,,,,,,,,,,,
2023/8/1 3:00,0.498,0.209,0.419,29.543,,,,,,,,,,,,,
2023/8/1 4:00,0.397,0.093,0.401,29.575,,,,,,,,,,,,,
2023/8/1 5:00,0.333,0.057,0.356,29.606,,,,,,,,,,,,,
2023/8/1 6:00,0.327,0.069,0.338,29.975,,,,,,,,,,,,,
2023/8/1 7:00,0.306,0.083,0.297,30.397,,,,,,,,,,,,,
2023/8/1 8:00,0.224,0.056,0.226,30.19,,,,,,,,,,,,,
2023/8/1 9:00,0.103,0.012,0.129,29.107,,,,,,,,,,,,,
2023/8/1 10:00,0.022,0,0.046,27.525,,,,,,,,,,,,,
2023/8/1 11:00,0,0,0.001,25.835,,,,,,,,,,,,,
2023/8/1 12:00,0,0,0,24.749,,,,,,,,,,,,,
2023/8/1 13:00,0,0,0,23.955,,,,,,,,,,,,,
2023/8/1 14:00,0,0,0,23.338,,,,,,,,,,,,,
2023/8/1 15:00,0,0,0,22.854,,,,,,,,,,,,,
2023/8/1 16:00,0,0,0,22.463,,,,,,,,,,,,,
2023/8/1 17:00,0,0,0,22.188,,,,,,,,,,,,,
2023/8/1 18:00,0,0,0,22.014,,,,,,,,,,,,,
2023/8/1 19:00,0,0,0,21.921,,,,,,,,,,,,,
2023/8/1 20:00,0,0,0,21.862,,,,,,,,,,,,,
2023/8/1 21:00,0.016,0,0.037,22.278,,,,,,,,,,,,,
2023/8/1 22:00,0.1,0.011,0.123,23.79,,,,,,,,,,,,,
2023/8/1 23:00,0.237,0.076,0.216,26.137,,,,,,,,,,,,,
2023/8/2 0:00,0.397,0.245,0.247,28.529,,,,,,,,,,,,,
2023/8/2 1:00,0.536,0.426,0.26,30.693,,,,,,,,,,,,,
2023/8/2 2:00,0.616,0.534,0.279,32.48,,,,,,,,,,,,,
2023/8/2 3:00,0.66,0.606,0.285,34.021,,,,,,,,,,,,,
2023/8/2 4:00,0.641,0.563,0.303,35.103,,,,,,,,,,,,,
2023/8/2 5:00,0.582,0.464,0.312,35.647,,,,,,,,,,,,,
2023/8/2 6:00,0.454,0.261,0.327,35.461,,,,,,,,,,,,,
2023/8/2 7:00,0.35,0.164,0.283,34.984,,,,,,,,,,,,,
2023/8/2 8:00,0.24,0.09,0.217,34.193,,,,,,,,,,,,,
2023/8/2 9:00,0.122,0.028,0.137,32.823,,,,,,,,,,,,,
2023/8/2 10:00,0.025,0,0.05,30.761,,,,,,,,,,,,,
2023/8/2 11:00,0,0,0.001,28.657,,,,,,,,,,,,,
2023/8/2 12:00,0,0,0,27.285,,,,,,,,,,,,,
2023/8/2 13:00,0,0,0,26.431,,,,,,,,,,,,,
2023/8/2 14:00,0,0,0,25.971,,,,,,,,,,,,,
2023/8/2 15:00,0,0,0,25.696,,,,,,,,,,,,,
2023/8/2 16:00,0,0,0,25.452,,,,,,,,,,,,,
2023/8/2 17:00,0,0,0,25.163,,,,,,,,,,,,,
2023/8/2 18:00,0,0,0,24.793,,,,,,,,,,,,,
2023/8/2 19:00,0,0,0,24.355,,,,,,,,,,,,,
2023/8/2 20:00,0,0,0,24.059,,,,,,,,,,,,,
2023/8/2 21:00,0.02,0,0.043,24.335,,,,,,,,,,,,,
2023/8/2 22:00,0.115,0.026,0.126,25.937,,,,,,,,,,,,,
2023/8/2 23:00,0.198,0.048,0.201,27.981,,,,,,,,,,,,,
2023/8/3 0:00,0.358,0.176,0.27,30.346,,,,,,,,,,,,,
2023/8/3 1:00,0.539,0.444,0.256,33.132,,,,,,,,,,,,,
2023/8/3 2:00,0.619,0.561,0.273,35.391,,,,,,,,,,,,,
2023/8/3 3:00,0.619,0.52,0.32,36.597,,,,,,,,,,,,,
2023/8/3 4:00,0.576,0.414,0.358,36.945,,,,,,,,,,,,,
2023/8/3 5:00,0.485,0.259,0.376,36.581,,,,,,,,,,,,,
2023/8/3 6:00,0.462,0.277,0.325,36.333,,,,,,,,,,,,,
2023/8/3 7:00,0.418,0.296,0.245,36.409,,,,,,,,,,,,,
2023/8/3 8:00,0.278,0.155,0.202,35.886,,,,,,,,,,,,,
2023/8/3 9:00,0.126,0.032,0.138,34.519,,,,,,,,,,,,,
2023/8/3 10:00,0.025,0,0.05,32.102,,,,,,,,,,,,,
2023/8/3 11:00,0,0,0.001,29.771,,,,,,,,,,,,,
2023/8/3 12:00,0,0,0,28.497,,,,,,,,,,,,,
2023/8/3 13:00,0,0,0,27.534,,,,,,,,,,,,,
2023/8/3 14:00,0,0,0,26.953,,,,,,,,,,,,,
2023/8/3 15:00,0,0,0,26.421,,,,,,,,,,,,,
2023/8/3 16:00,0,0,0,25.622,,,,,,,,,,,,,
2023/8/3 17:00,0,0,0,24.846,,,,,,,,,,,,,
2023/8/3 18:00,0,0,0,24.211,,,,,,,,,,,,,
2023/8/3 19:00,0,0,0,23.789,,,,,,,,,,,,,
2023/8/3 20:00,0,0,0,23.497,,,,,,,,,,,,,
2023/8/3 21:00,0.012,0,0.032,23.848,,,,,,,,,,,,,
2023/8/3 22:00,0.083,0.007,0.108,24.749,,,,,,,,,,,,,
2023/8/3 23:00,0.162,0.024,0.181,26.218,,,,,,,,,,,,,
2023/8/4 0:00,0.194,0.02,0.223,27.711,,,,,,,,,,,,,
2023/8/4 1:00,0.262,0.034,0.291,29.453,,,,,,,,,,,,,
2023/8/4 2:00,0.316,0.05,0.345,30.94,,,,,,,,,,,,,
2023/8/4 3:00,0.385,0.086,0.399,32.366,,,,,,,,,,,,,
2023/8/4 4:00,0.46,0.164,0.426,33.753,,,,,,,,,,,,,
2023/8/4 5:00,0.456,0.181,0.406,34.539,,,,,,,,,,,,,
2023/8/4 6:00,0.34,0.082,0.349,34.313,,,,,,,,,,,,,
2023/8/4 7:00,0.202,0.022,0.237,33.288,,,,,,,,,,,,,
2023/8/4 8:00,0.117,0.008,0.151,32.038,,,,,,,,,,,,,
2023/8/4 9:00,0.06,0.003,0.089,30.641,,,,,,,,,,,,,
2023/8/4 10:00,0.018,0,0.04,28.638,,,,,,,,,,,,,
2023/8/4 11:00,0,0,0,26.55,,,,,,,,,,,,,
2023/8/4 12:00,0,0,0,25.923,,,,,,,,,,,,,
2023/8/4 13:00,0,0,0,24.747,,,,,,,,,,,,,
2023/8/4 14:00,0,0,0,23.449,,,,,,,,,,,,,
2023/8/4 15:00,0,0,0,22.152,,,,,,,,,,,,,
2023/8/4 16:00,0,0,0,21.35,,,,,,,,,,,,,
2023/8/4 17:00,0,0,0,20.532,,,,,,,,,,,,,
2023/8/4 18:00,0,0,0,19.674,,,,,,,,,,,,,
2023/8/4 19:00,0,0,0,18.937,,,,,,,,,,,,,
2023/8/4 20:00,0,0,0,18.336,,,,,,,,,,,,,
2023/8/4 21:00,0.021,0,0.043,18.295,,,,,,,,,,,,,
2023/8/4 22:00,0.132,0.038,0.129,19.217,,,,,,,,,,,,,
2023/8/4 23:00,0.311,0.19,0.178,20.652,,,,,,,,,,,,,
2023/8/5 0:00,0.483,0.421,0.164,22.43,,,,,,,,,,,,,
2023/8/5 1:00,0.602,0.56,0.194,24.138,,,,,,,,,,,,,
2023/8/5 2:00,0.679,0.66,0.217,25.745,,,,,,,,,,,,,
2023/8/5 3:00,0.736,0.765,0.211,27.218,,,,,,,,,,,,,
2023/8/5 4:00,0.75,0.809,0.198,28.427,,,,,,,,,,,,,
2023/8/5 5:00,0.709,0.752,0.192,29.218,,,,,,,,,,,,,
2023/8/5 6:00,0.622,0.626,0.182,29.509,,,,,,,,,,,,,
2023/8/5 7:00,0.494,0.457,0.166,29.339,,,,,,,,,,,,,
2023/8/5 8:00,0.315,0.23,0.158,28.584,,,,,,,,,,,,,
2023/8/5 9:00,0.148,0.076,0.115,27.214,,,,,,,,,,,,,
2023/8/5 10:00,0.026,0,0.05,24.958,,,,,,,,,,,,,
2023/8/5 11:00,0,0,0,22.111,,,,,,,,,,,,,
2023/8/5 12:00,0,0,0,21.004,,,,,,,,,,,,,
2023/8/5 13:00,0,0,0,19.754,,,,,,,,,,,,,
2023/8/5 14:00,0,0,0,18.546,,,,,,,,,,,,,
2023/8/5 15:00,0,0,0,17.503,,,,,,,,,,,,,
2023/8/5 16:00,0,0,0,16.673,,,,,,,,,,,,,
2023/8/5 17:00,0,0,0,15.906,,,,,,,,,,,,,
2023/8/5 18:00,0,0,0,15.355,,,,,,,,,,,,,
2023/8/5 19:00,0,0,0,14.988,,,,,,,,,,,,,
2023/8/5 20:00,0,0,0,14.761,,,,,,,,,,,,,
2023/8/5 21:00,0.013,0,0.032,15.236,,,,,,,,,,,,,
2023/8/5 22:00,0.126,0.054,0.104,17.091,,,,,,,,,,,,,
2023/8/5 23:00,0.314,0.234,0.136,19.007,,,,,,,,,,,,,
2023/8/6 0:00,0.49,0.428,0.161,20.988,,,,,,,,,,,,,
2023/8/6 1:00,0.624,0.601,0.18,22.97,,,,,,,,,,,,,
2023/8/6 2:00,0.712,0.729,0.193,24.77,,,,,,,,,,,,,
2023/8/6 3:00,0.748,0.783,0.206,26.183,,,,,,,,,,,,,
2023/8/6 4:00,0.749,0.792,0.205,27.253,,,,,,,,,,,,,
2023/8/6 5:00,0.708,0.738,0.198,28.007,,,,,,,,,,,,,
2023/8/6 6:00,0.62,0.61,0.189,28.276,,,,,,,,,,,,,
2023/8/6 7:00,0.488,0.435,0.175,28.045,,,,,,,,,,,,,
2023/8/6 8:00,0.32,0.237,0.155,27.25,,,,,,,,,,,,,
2023/8/6 9:00,0.148,0.074,0.115,25.738,,,,,,,,,,,,,
2023/8/6 10:00,0.025,0,0.048,23.436,,,,,,,,,,,,,
2023/8/6 11:00,0,0,0,20.767,,,,,,,,,,,,,
2023/8/6 12:00,0,0,0,19.356,,,,,,,,,,,,,
2023/8/6 13:00,0,0,0,18.105,,,,,,,,,,,,,
2023/8/6 14:00,0,0,0,17.002,,,,,,,,,,,,,
2023/8/6 15:00,0,0,0,16.086,,,,,,,,,,,,,
2023/8/6 16:00,0,0,0,15.537,,,,,,,,,,,,,
2023/8/6 17:00,0,0,0,15.219,,,,,,,,,,,,,
2023/8/6 18:00,0,0,0,14.95,,,,,,,,,,,,,
2023/8/6 19:00,0,0,0,14.701,,,,,,,,,,,,,
2023/8/6 20:00,0,0,0,14.497,,,,,,,,,,,,,
2023/8/6 21:00,0.012,0,0.032,15.1,,,,,,,,,,,,,
2023/8/6 22:00,0.121,0.042,0.111,17.021,,,,,,,,,,,,,
2023/8/6 23:00,0.293,0.19,0.156,19.282,,,,,,,,,,,,,
2023/8/7 0:00,0.448,0.328,0.209,21.499,,,,,,,,,,,,,
2023/8/7 1:00,0.565,0.456,0.243,23.551,,,,,,,,,,,,,
2023/8/7 2:00,0.64,0.548,0.269,25.475,,,,,,,,,,,,,
2023/8/7 3:00,0.708,0.677,0.254,27.216,,,,,,,,,,,,,
2023/8/7 4:00,0.701,0.668,0.26,28.591,,,,,,,,,,,,,
2023/8/7 5:00,0.647,0.585,0.262,29.567,,,,,,,,,,,,,
2023/8/7 6:00,0.556,0.46,0.254,30.096,,,,,,,,,,,,,
2023/8/7 7:00,0.416,0.278,0.242,30.115,,,,,,,,,,,,,
2023/8/7 8:00,0.255,0.112,0.205,29.599,,,,,,,,,,,,,
2023/8/7 9:00,0.116,0.026,0.129,28.555,,,,,,,,,,,,,
2023/8/7 10:00,0.019,0,0.042,26.536,,,,,,,,,,,,,
2023/8/7 11:00,0,0,0,24.222,,,,,,,,,,,,,
2023/8/7 12:00,0,0,0,22.845,,,,,,,,,,,,,
2023/8/7 13:00,0,0,0,21.556,,,,,,,,,,,,,
2023/8/7 14:00,0,0,0,20.464,,,,,,,,,,,,,
2023/8/7 15:00,0,0,0,19.548,,,,,,,,,,,,,
2023/8/7 16:00,0,0,0,18.86,,,,,,,,,,,,,
2023/8/7 17:00,0,0,0,18.325,,,,,,,,,,,,,
2023/8/7 18:00,0,0,0,17.882,,,,,,,,,,,,,
2023/8/7 19:00,0,0,0,17.553,,,,,,,,,,,,,
2023/8/7 20:00,0,0,0,17.238,,,,,,,,,,,,,
2023/8/7 21:00,0.012,0,0.031,17.329,,,,,,,,,,,,,
2023/8/7 22:00,0.114,0.029,0.118,18.821,,,,,,,,,,,,,
2023/8/7 23:00,0.266,0.134,0.184,21.345,,,,,,,,,,,,,
2023/8/8 0:00,0.417,0.271,0.234,23.927,,,,,,,,,,,,,
2023/8/8 1:00,0.578,0.497,0.232,26.417,,,,,,,,,,,,,
2023/8/8 2:00,0.667,0.63,0.243,28.612,,,,,,,,,,,,,
2023/8/8 3:00,0.701,0.68,0.258,30.425,,,,,,,,,,,,,
2023/8/8 4:00,0.691,0.662,0.267,31.752,,,,,,,,,,,,,
2023/8/8 5:00,0.623,0.542,0.283,32.492,,,,,,,,,,,,,
2023/8/8 6:00,0.501,0.346,0.298,32.604,,,,,,,,,,,,,
2023/8/8 7:00,0.335,0.139,0.281,32.158,,,,,,,,,,,,,
2023/8/8 8:00,0.19,0.041,0.201,31.388,,,,,,,,,,,,,
2023/8/8 9:00,0.113,0.024,0.129,30.328,,,,,,,,,,,,,
2023/8/8 10:00,0.018,0,0.041,27.618,,,,,,,,,,,,,
2023/8/8 11:00,0,0,0,24.844,,,,,,,,,,,,,
2023/8/8 12:00,0,0,0,23.443,,,,,,,,,,,,,
2023/8/8 13:00,0,0,0,22.163,,,,,,,,,,,,,
2023/8/8 14:00,0,0,0,20.988,,,,,,,,,,,,,
2023/8/8 15:00,0,0,0,20.1,,,,,,,,,,,,,
2023/8/8 16:00,0,0,0,19.682,,,,,,,,,,,,,
2023/8/8 17:00,0,0,0,19.273,,,,,,,,,,,,,
2023/8/8 18:00,0,0,0,18.833,,,,,,,,,,,,,
2023/8/8 19:00,0,0,0,18.327,,,,,,,,,,,,,
2023/8/8 20:00,0,0,0,18.077,,,,,,,,,,,,,
2023/8/8 21:00,0.008,0,0.027,18.054,,,,,,,,,,,,,
2023/8/8 22:00,0.094,0.012,0.112,18.966,,,,,,,,,,,,,
2023/8/8 23:00,0.221,0.068,0.199,20.792,,,,,,,,,,,,,
2023/8/9 0:00,0.375,0.198,0.252,23.138,,,,,,,,,,,,,
2023/8/9 1:00,0.517,0.368,0.273,25.535,,,,,,,,,,,,,
2023/8/9 2:00,0.604,0.479,0.292,27.409,,,,,,,,,,,,,
2023/8/9 3:00,0.653,0.558,0.295,28.807,,,,,,,,,,,,,
2023/8/9 4:00,0.64,0.53,0.307,29.648,,,,,,,,,,,,,
2023/8/9 5:00,0.583,0.439,0.312,30.048,,,,,,,,,,,,,
2023/8/9 6:00,0.465,0.27,0.314,29.846,,,,,,,,,,,,,
2023/8/9 7:00,0.37,0.192,0.266,29.425,,,,,,,,,,,,,
2023/8/9 8:00,0.233,0.083,0.206,28.638,,,,,,,,,,,,,
2023/8/9 9:00,0.11,0.022,0.125,27.511,,,,,,,,,,,,,
2023/8/9 10:00,0.017,0,0.038,25.502,,,,,,,,,,,,,
2023/8/9 11:00,0,0,0,23.202,,,,,,,,,,,,,
2023/8/9 12:00,0,0,0,22.177,,,,,,,,,,,,,
2023/8/9 13:00,0,0,0,21.176,,,,,,,,,,,,,
2023/8/9 14:00,0,0,0,20.318,,,,,,,,,,,,,
2023/8/9 15:00,0,0,0,19.591,,,,,,,,,,,,,
2023/8/9 16:00,0,0,0,19.092,,,,,,,,,,,,,
2023/8/9 17:00,0,0,0,18.913,,,,,,,,,,,,,
2023/8/9 18:00,0,0,0,18.751,,,,,,,,,,,,,
2023/8/9 19:00,0,0,0,18.156,,,,,,,,,,,,,
2023/8/9 20:00,0,0,0,17.341,,,,,,,,,,,,,
2023/8/9 21:00,0.01,0,0.029,17.624,,,,,,,,,,,,,
2023/8/9 22:00,0.122,0.048,0.107,19.823,,,,,,,,,,,,,
2023/8/9 23:00,0.299,0.207,0.152,22.655,,,,,,,,,,,,,
2023/8/10 0:00,0.468,0.399,0.174,24.836,,,,,,,,,,,,,
2023/8/10 1:00,0.595,0.557,0.198,26.689,,,,,,,,,,,,,
2023/8/10 2:00,0.649,0.601,0.241,28.118,,,,,,,,,,,,,
2023/8/10 3:00,0.675,0.625,0.264,29.181,,,,,,,,,,,,,
2023/8/10 4:00,0.68,0.64,0.261,29.981,,,,,,,,,,,,,
2023/8/10 5:00,0.653,0.621,0.241,30.552,,,,,,,,,,,,,
2023/8/10 6:00,0.577,0.524,0.222,30.692,,,,,,,,,,,,,
2023/8/10 7:00,0.455,0.374,0.199,30.365,,,,,,,,,,,,,
2023/8/10 8:00,0.3,0.206,0.166,29.53,,,,,,,,,,,,,
2023/8/10 9:00,0.139,0.066,0.116,28.139,,,,,,,,,,,,,
2023/8/10 10:00,0.02,0,0.043,25.699,,,,,,,,,,,,,
2023/8/10 11:00,0,0,0,22.769,,,,,,,,,,,,,
2023/8/10 12:00,0,0,0,21.578,,,,,,,,,,,,,
2023/8/10 13:00,0,0,0,20.553,,,,,,,,,,,,,
2023/8/10 14:00,0,0,0,19.55,,,,,,,,,,,,,
2023/8/10 15:00,0,0,0,18.792,,,,,,,,,,,,,
2023/8/10 16:00,0,0,0,18.217,,,,,,,,,,,,,
2023/8/10 17:00,0,0,0,17.601,,,,,,,,,,,,,
2023/8/10 18:00,0,0,0,17.034,,,,,,,,,,,,,
2023/8/10 19:00,0,0,0,16.634,,,,,,,,,,,,,
2023/8/10 20:00,0,0,0,16.509,,,,,,,,,,,,,
2023/8/10 21:00,0.008,0,0.026,16.927,,,,,,,,,,,,,
2023/8/10 22:00,0.095,0.016,0.109,18.435,,,,,,,,,,,,,
2023/8/10 23:00,0.21,0.064,0.189,20.12,,,,,,,,,,,,,
2023/8/11 0:00,0.286,0.057,0.285,21.481,,,,,,,,,,,,,
2023/8/11 1:00,0.315,0.05,0.327,22.449,,,,,,,,,,,,,
2023/8/11 2:00,0.3,0.033,0.327,23.157,,,,,,,,,,,,,
2023/8/11 3:00,0.333,0.041,0.36,23.899,,,,,,,,,,,,,
2023/8/11 4:00,0.303,0.03,0.336,24.338,,,,,,,,,,,,,
2023/8/11 5:00,0.302,0.033,0.332,24.799,,,,,,,,,,,,,
2023/8/11 6:00,0.253,0.024,0.284,24.886,,,,,,,,,,,,,
2023/8/11 7:00,0.176,0.012,0.207,24.553,,,,,,,,,,,,,
2023/8/11 8:00,0.101,0.005,0.131,23.981,,,,,,,,,,,,,
2023/8/11 9:00,0.04,0.001,0.065,23.209,,,,,,,,,,,,,
2023/8/11 10:00,0.001,0,0.017,22.091,,,,,,,,,,,,,
2023/8/11 11:00,0,0,0,20.989,,,,,,,,,,,,,
2023/8/11 12:00,0,0,0,20.426,,,,,,,,,,,,,
2023/8/11 13:00,0,0,0,19.978,,,,,,,,,,,,,
2023/8/11 14:00,0,0,0,19.56,,,,,,,,,,,,,
2023/8/11 15:00,0,0,0,19.158,,,,,,,,,,,,,
2023/8/11 16:00,0,0,0,18.818,,,,,,,,,,,,,
2023/8/11 17:00,0,0,0,18.595,,,,,,,,,,,,,
2023/8/11 18:00,0,0,0,18.382,,,,,,,,,,,,,
2023/8/11 19:00,0,0,0,18.067,,,,,,,,,,,,,
2023/8/11 20:00,0,0,0,17.884,,,,,,,,,,,,,
2023/8/11 21:00,0,0,0.013,18.023,,,,,,,,,,,,,
2023/8/11 22:00,0.033,0.001,0.057,18.681,,,,,,,,,,,,,
2023/8/11 23:00,0.093,0.004,0.12,19.669,,,,,,,,,,,,,
2023/8/12 0:00,0.172,0.017,0.194,20.602,,,,,,,,,,,,,
2023/8/12 1:00,0.248,0.033,0.265,21.462,,,,,,,,,,,,,
2023/8/12 2:00,0.362,0.083,0.351,22.622,,,,,,,,,,,,,
2023/8/12 3:00,0.466,0.172,0.395,24.007,,,,,,,,,,,,,
2023/8/12 4:00,0.549,0.301,0.383,25.367,,,,,,,,,,,,,
2023/8/12 5:00,0.604,0.454,0.314,26.621,,,,,,,,,,,,,
2023/8/12 6:00,0.558,0.441,0.264,27.376,,,,,,,,,,,,,
2023/8/12 7:00,0.422,0.276,0.245,27.391,,,,,,,,,,,,,
2023/8/12 8:00,0.266,0.126,0.201,26.896,,,,,,,,,,,,,
2023/8/12 9:00,0.114,0.025,0.125,25.856,,,,,,,,,,,,,
2023/8/12 10:00,0.018,0,0.04,23.636,,,,,,,,,,,,,
2023/8/12 11:00,0,0,0,21.121,,,,,,,,,,,,,
2023/8/12 12:00,0,0,0,20.082,,,,,,,,,,,,,
2023/8/12 13:00,0,0,0,19.275,,,,,,,,,,,,,
2023/8/12 14:00,0,0,0,18.551,,,,,,,,,,,,,
2023/8/12 15:00,0,0,0,17.75,,,,,,,,,,,,,
2023/8/12 16:00,0,0,0,17.192,,,,,,,,,,,,,
2023/8/12 17:00,0,0,0,16.916,,,,,,,,,,,,,
2023/8/12 18:00,0,0,0,16.715,,,,,,,,,,,,,
2023/8/12 19:00,0,0,0,16.506,,,,,,,,,,,,,
2023/8/12 20:00,0,0,0,16.267,,,,,,,,,,,,,
2023/8/12 21:00,0.008,0,0.026,16.724,,,,,,,,,,,,,
2023/8/12 22:00,0.123,0.052,0.104,18.574,,,,,,,,,,,,,
2023/8/12 23:00,0.308,0.219,0.148,21.622,,,,,,,,,,,,,
2023/8/13 0:00,0.479,0.435,0.154,25.333,,,,,,,,,,,,,
2023/8/13 1:00,0.612,0.611,0.173,27.49,,,,,,,,,,,,,
2023/8/13 2:00,0.697,0.736,0.188,29.072,,,,,,,,,,,,,
2023/8/13 3:00,0.737,0.8,0.197,30.23,,,,,,,,,,,,,
2023/8/13 4:00,0.741,0.813,0.195,31.01,,,,,,,,,,,,,
2023/8/13 5:00,0.701,0.756,0.188,31.432,,,,,,,,,,,,,
2023/8/13 6:00,0.615,0.63,0.177,31.462,,,,,,,,,,,,,
2023/8/13 7:00,0.489,0.464,0.158,31.112,,,,,,,,,,,,,
2023/8/13 8:00,0.324,0.269,0.134,30.278,,,,,,,,,,,,,
2023/8/13 9:00,0.142,0.087,0.098,28.924,,,,,,,,,,,,,
2023/8/13 10:00,0.016,0,0.038,25.56,,,,,,,,,,,,,
2023/8/13 11:00,0,0,0,22.735,,,,,,,,,,,,,
2023/8/13 12:00,0,0,0,21.879,,,,,,,,,,,,,
2023/8/13 13:00,0,0,0,21.426,,,,,,,,,,,,,
2023/8/13 14:00,0,0,0,21.151,,,,,,,,,,,,,
2023/8/13 15:00,0,0,0,20.917,,,,,,,,,,,,,
2023/8/13 16:00,0,0,0,20.272,,,,,,,,,,,,,
2023/8/13 17:00,0,0,0,19.593,,,,,,,,,,,,,
2023/8/13 18:00,0,0,0,18.87,,,,,,,,,,,,,
2023/8/13 19:00,0,0,0,18.25,,,,,,,,,,,,,
2023/8/13 20:00,0,0,0,17.955,,,,,,,,,,,,,
2023/8/13 21:00,0.005,0,0.023,18.649,,,,,,,,,,,,,
2023/8/13 22:00,0.083,0.013,0.101,21.477,,,,,,,,,,,,,
2023/8/13 23:00,0.239,0.116,0.175,24.028,,,,,,,,,,,,,
2023/8/14 0:00,0.409,0.304,0.201,28.053,,,,,,,,,,,,,
2023/8/14 1:00,0.592,0.592,0.177,30.855,,,,,,,,,,,,,
2023/8/14 2:00,0.683,0.734,0.186,32.394,,,,,,,,,,,,,
2023/8/14 3:00,0.728,0.813,0.19,33.581,,,,,,,,,,,,,
2023/8/14 4:00,0.727,0.816,0.192,34.45,,,,,,,,,,,,,
2023/8/14 5:00,0.685,0.751,0.187,34.949,,,,,,,,,,,,,
2023/8/14 6:00,0.602,0.629,0.175,35.071,,,,,,,,,,,,,
2023/8/14 7:00,0.476,0.458,0.158,34.797,,,,,,,,,,,,,
2023/8/14 8:00,0.313,0.263,0.134,34.06,,,,,,,,,,,,,
2023/8/14 9:00,0.136,0.082,0.099,32.588,,,,,,,,,,,,,
2023/8/14 10:00,0.015,0,0.036,28.399,,,,,,,,,,,,,
2023/8/14 11:00,0,0,0,25.593,,,,,,,,,,,,,
2023/8/14 12:00,0,0,0,24.65,,,,,,,,,,,,,
2023/8/14 13:00,0,0,0,23.536,,,,,,,,,,,,,
2023/8/14 14:00,0,0,0,22.409,,,,,,,,,,,,,
2023/8/14 15:00,0,0,0,21.377,,,,,,,,,,,,,
2023/8/14 16:00,0,0,0,20.634,,,,,,,,,,,,,
2023/8/14 17:00,0,0,0,20.081,,,,,,,,,,,,,
2023/8/14 18:00,0,0,0,19.67,,,,,,,,,,,,,
2023/8/14 19:00,0,0,0,19.36,,,,,,,,,,,,,
2023/8/14 20:00,0,0,0,19.109,,,,,,,,,,,,,
2023/8/14 21:00,0.005,0,0.023,19.615,,,,,,,,,,,,,
2023/8/14 22:00,0.111,0.052,0.094,22.706,,,,,,,,,,,,,
2023/8/14 23:00,0.292,0.222,0.133,25.667,,,,,,,,,,,,,
2023/8/15 0:00,0.459,0.416,0.16,29.608,,,,,,,,,,,,,
2023/8/15 1:00,0.584,0.58,0.183,31.929,,,,,,,,,,,,,
2023/8/15 2:00,0.65,0.659,0.213,33.431,,,,,,,,,,,,,
2023/8/15 3:00,0.689,0.721,0.223,34.62,,,,,,,,,,,,,
2023/8/15 4:00,0.68,0.7,0.232,35.39,,,,,,,,,,,,,
2023/8/15 5:00,0.641,0.645,0.225,35.828,,,,,,,,,,,,,
2023/8/15 6:00,0.551,0.511,0.218,35.83,,,,,,,,,,,,,
2023/8/15 7:00,0.439,0.379,0.189,35.458,,,,,,,,,,,,,
2023/8/15 8:00,0.297,0.229,0.148,34.635,,,,,,,,,,,,,
2023/8/15 9:00,0.121,0.053,0.111,32.897,,,,,,,,,,,,,
2023/8/15 10:00,0.012,0,0.033,29.704,,,,,,,,,,,,,
2023/8/15 11:00,0,0,0,27.202,,,,,,,,,,,,,
2023/8/15 12:00,0,0,0,25.603,,,,,,,,,,,,,
2023/8/15 13:00,0,0,0,24.242,,,,,,,,,,,,,
2023/8/15 14:00,0,0,0,23.382,,,,,,,,,,,,,
2023/8/15 15:00,0,0,0,22.947,,,,,,,,,,,,,
2023/8/15 16:00,0,0,0,22.515,,,,,,,,,,,,,
2023/8/15 17:00,0,0,0,22.085,,,,,,,,,,,,,
2023/8/15 18:00,0,0,0,21.708,,,,,,,,,,,,,
2023/8/15 19:00,0,0,0,21.325,,,,,,,,,,,,,
2023/8/15 20:00,0,0,0,20.981,,,,,,,,,,,,,
2023/8/15 21:00,0.002,0,0.018,20.893,,,,,,,,,,,,,
2023/8/15 22:00,0.1,0.03,0.103,21.902,,,,,,,,,,,,,
2023/8/15 23:00,0.266,0.166,0.156,24.203,,,,,,,,,,,,,
2023/8/16 0:00,0.424,0.331,0.191,26.835,,,,,,,,,,,,,
2023/8/16 1:00,0.545,0.473,0.22,29.121,,,,,,,,,,,,,
2023/8/16 2:00,0.618,0.563,0.246,30.812,,,,,,,,,,,,,
2023/8/16 3:00,0.66,0.627,0.254,32.112,,,,,,,,,,,,,
2023/8/16 4:00,0.656,0.62,0.259,33.022,,,,,,,,,,,,,
2023/8/16 5:00,0.622,0.583,0.246,33.592,,,,,,,,,,,,,
2023/8/16 6:00,0.55,0.498,0.222,33.804,,,,,,,,,,,,,
2023/8/16 7:00,0.436,0.364,0.193,33.577,,,,,,,,,,,,,
2023/8/16 8:00,0.282,0.196,0.16,32.84,,,,,,,,,,,,,
2023/8/16 9:00,0.125,0.06,0.107,31.439,,,,,,,,,,,,,
2023/8/16 10:00,0.012,0,0.033,28.003,,,,,,,,,,,,,
2023/8/16 11:00,0,0,0,25.247,,,,,,,,,,,,,
2023/8/16 12:00,0,0,0,24.07,,,,,,,,,,,,,
2023/8/16 13:00,0,0,0,23.039,,,,,,,,,,,,,
2023/8/16 14:00,0,0,0,22.151,,,,,,,,,,,,,
2023/8/16 15:00,0,0,0,21.329,,,,,,,,,,,,,
2023/8/16 16:00,0,0,0,20.685,,,,,,,,,,,,,
2023/8/16 17:00,0,0,0,20.156,,,,,,,,,,,,,
2023/8/16 18:00,0,0,0,19.72,,,,,,,,,,,,,
2023/8/16 19:00,0,0,0,19.428,,,,,,,,,,,,,
2023/8/16 20:00,0,0,0,19.541,,,,,,,,,,,,,
2023/8/16 21:00,0.004,0,0.021,20.126,,,,,,,,,,,,,
2023/8/16 22:00,0.109,0.051,0.093,22.528,,,,,,,,,,,,,
2023/8/16 23:00,0.289,0.217,0.134,25.471,,,,,,,,,,,,,
2023/8/17 0:00,0.452,0.387,0.176,28.456,,,,,,,,,,,,,
2023/8/17 1:00,0.572,0.533,0.206,30.571,,,,,,,,,,,,,
2023/8/17 2:00,0.622,0.572,0.251,32.34,,,,,,,,,,,,,
2023/8/17 3:00,0.586,0.45,0.322,33.436,,,,,,,,,,,,,
2023/8/17 4:00,0.636,0.569,0.285,34.42,,,,,,,,,,,,,
2023/8/17 5:00,0.497,0.303,0.342,34.476,,,,,,,,,,,,,
2023/8/17 6:00,0.359,0.136,0.32,34.079,,,,,,,,,,,,,
2023/8/17 7:00,0.346,0.183,0.256,34.046,,,,,,,,,,,,,
2023/8/17 8:00,0.231,0.103,0.192,33.456,,,,,,,,,,,,,
2023/8/17 9:00,0.093,0.02,0.111,32.143,,,,,,,,,,,,,
2023/8/17 10:00,0.007,0,0.026,29.365,,,,,,,,,,,,,
2023/8/17 11:00,0,0,0,27.622,,,,,,,,,,,,,
2023/8/17 12:00,0,0,0,27.033,,,,,,,,,,,,,
2023/8/17 13:00,0,0,0,26.573,,,,,,,,,,,,,
2023/8/17 14:00,0,0,0,25.921,,,,,,,,,,,,,
2023/8/17 15:00,0,0,0,25.188,,,,,,,,,,,,,
2023/8/17 16:00,0,0,0,24.356,,,,,,,,,,,,,
2023/8/17 17:00,0,0,0,23.55,,,,,,,,,,,,,
2023/8/17 18:00,0,0,0,22.786,,,,,,,,,,,,,
2023/8/17 19:00,0,0,0,21.844,,,,,,,,,,,,,
2023/8/17 20:00,0,0,0,20.52,,,,,,,,,,,,,
2023/8/17 21:00,0.003,0,0.02,19.704,,,,,,,,,,,,,
2023/8/17 22:00,0.112,0.051,0.094,21.038,,,,,,,,,,,,,
2023/8/17 23:00,0.3,0.229,0.133,23.605,,,,,,,,,,,,,
2023/8/18 0:00,0.478,0.452,0.14,26.403,,,,,,,,,,,,,
2023/8/18 1:00,0.613,0.635,0.156,28.737,,,,,,,,,,,,,
2023/8/18 2:00,0.7,0.768,0.169,30.431,,,,,,,,,,,,,
2023/8/18 3:00,0.744,0.842,0.174,31.623,,,,,,,,,,,,,
2023/8/18 4:00,0.742,0.844,0.176,32.459,,,,,,,,,,,,,
2023/8/18 5:00,0.697,0.772,0.174,32.967,,,,,,,,,,,,,
2023/8/18 6:00,0.608,0.639,0.165,33.136,,,,,,,,,,,,,
2023/8/18 7:00,0.482,0.472,0.146,32.94,,,,,,,,,,,,,
2023/8/18 8:00,0.313,0.27,0.124,32.307,,,,,,,,,,,,,
2023/8/18 9:00,0.131,0.085,0.09,30.998,,,,,,,,,,,,,
2023/8/18 10:00,0.01,0,0.03,27.514,,,,,,,,,,,,,
2023/8/18 11:00,0,0,0,25.346,,,,,,,,,,,,,
2023/8/18 12:00,0,0,0,24.426,,,,,,,,,,,,,
2023/8/18 13:00,0,0,0,23.526,,,,,,,,,,,,,
2023/8/18 14:00,0,0,0,22.766,,,,,,,,,,,,,
2023/8/18 15:00,0,0,0,22.073,,,,,,,,,,,,,
2023/8/18 16:00,0,0,0,21.406,,,,,,,,,,,,,
2023/8/18 17:00,0,0,0,20.763,,,,,,,,,,,,,
2023/8/18 18:00,0,0,0,20.134,,,,,,,,,,,,,
2023/8/18 19:00,0,0,0,19.454,,,,,,,,,,,,,
2023/8/18 20:00,0,0,0,18.734,,,,,,,,,,,,,
2023/8/18 21:00,0.002,0,0.018,18.603,,,,,,,,,,,,,
2023/8/18 22:00,0.106,0.053,0.086,20.93,,,,,,,,,,,,,
2023/8/18 23:00,0.294,0.232,0.122,23.904,,,,,,,,,,,,,
2023/8/19 0:00,0.466,0.433,0.146,27.605,,,,,,,,,,,,,
2023/8/19 1:00,0.6,0.613,0.164,30,,,,,,,,,,,,,
2023/8/19 2:00,0.687,0.746,0.176,31.613,,,,,,,,,,,,,
2023/8/19 3:00,0.733,0.825,0.181,32.728,,,,,,,,,,,,,
2023/8/19 4:00,0.734,0.831,0.181,33.48,,,,,,,,,,,,,
2023/8/19 5:00,0.692,0.768,0.176,33.93,,,,,,,,,,,,,
2023/8/19 6:00,0.607,0.642,0.165,33.985,,,,,,,,,,,,,
2023/8/19 7:00,0.479,0.469,0.147,33.579,,,,,,,,,,,,,
2023/8/19 8:00,0.311,0.267,0.125,32.598,,,,,,,,,,,,,
2023/8/19 9:00,0.129,0.081,0.091,30.468,,,,,,,,,,,,,
2023/8/19 10:00,0.005,0,0.023,26.233,,,,,,,,,,,,,
2023/8/19 11:00,0,0,0,23.619,,,,,,,,,,,,,
2023/8/19 12:00,0,0,0,22.42,,,,,,,,,,,,,
2023/8/19 13:00,0,0,0,21.361,,,,,,,,,,,,,
2023/8/19 14:00,0,0,0,20.503,,,,,,,,,,,,,
2023/8/19 15:00,0,0,0,20.108,,,,,,,,,,,,,
2023/8/19 16:00,0,0,0,20.07,,,,,,,,,,,,,
2023/8/19 17:00,0,0,0,19.779,,,,,,,,,,,,,
2023/8/19 18:00,0,0,0,18.914,,,,,,,,,,,,,
2023/8/19 19:00,0,0,0,18.143,,,,,,,,,,,,,
2023/8/19 20:00,0,0,0,17.672,,,,,,,,,,,,,
2023/8/19 21:00,0.001,0,0.017,17.688,,,,,,,,,,,,,
2023/8/19 22:00,0.102,0.045,0.09,20.112,,,,,,,,,,,,,
2023/8/19 23:00,0.292,0.227,0.124,23.081,,,,,,,,,,,,,
2023/8/20 0:00,0.464,0.409,0.165,26.993,,,,,,,,,,,,,
2023/8/20 1:00,0.591,0.574,0.19,29.798,,,,,,,,,,,,,
2023/8/20 2:00,0.667,0.676,0.213,31.633,,,,,,,,,,,,,
2023/8/20 3:00,0.708,0.743,0.222,33.005,,,,,,,,,,,,,
2023/8/20 4:00,0.708,0.748,0.223,33.836,,,,,,,,,,,,,
2023/8/20 5:00,0.67,0.694,0.214,34.129,,,,,,,,,,,,,
2023/8/20 6:00,0.592,0.588,0.196,33.889,,,,,,,,,,,,,
2023/8/20 7:00,0.463,0.415,0.178,33.077,,,,,,,,,,,,,
2023/8/20 8:00,0.294,0.215,0.153,31.694,,,,,,,,,,,,,
2023/8/20 9:00,0.118,0.051,0.107,29.832,,,,,,,,,,,,,
2023/8/20 10:00,0.005,0,0.023,27.471,,,,,,,,,,,,,
2023/8/20 11:00,0,0,0,25.436,,,,,,,,,,,,,
2023/8/20 12:00,0,0,0,24.07,,,,,,,,,,,,,
2023/8/20 13:00,0,0,0,23.044,,,,,,,,,,,,,
2023/8/20 14:00,0,0,0,22.332,,,,,,,,,,,,,
2023/8/20 15:00,0,0,0,21.889,,,,,,,,,,,,,
2023/8/20 16:00,0,0,0,21.637,,,,,,,,,,,,,
2023/8/20 17:00,0,0,0,21.419,,,,,,,,,,,,,
2023/8/20 18:00,0,0,0,21.245,,,,,,,,,,,,,
2023/8/20 19:00,0,0,0,21.091,,,,,,,,,,,,,
2023/8/20 20:00,0,0,0,21.018,,,,,,,,,,,,,
2023/8/20 21:00,0,0,0.005,21.014,,,,,,,,,,,,,
2023/8/20 22:00,0.018,0.001,0.039,21.229,,,,,,,,,,,,,
2023/8/20 23:00,0.079,0.006,0.104,21.777,,,,,,,,,,,,,
2023/8/21 0:00,0.189,0.026,0.206,22.823,,,,,,,,,,,,,
2023/8/21 1:00,0.314,0.078,0.301,24.256,,,,,,,,,,,,,
2023/8/21 2:00,0.432,0.17,0.359,25.627,,,,,,,,,,,,,
2023/8/21 3:00,0.433,0.151,0.38,26.151,,,,,,,,,,,,,
2023/8/21 4:00,0.48,0.21,0.384,26.564,,,,,,,,,,,,,
2023/8/21 5:00,0.473,0.225,0.362,26.985,,,,,,,,,,,,,
2023/8/21 6:00,0.442,0.231,0.316,27.474,,,,,,,,,,,,,
2023/8/21 7:00,0.395,0.245,0.242,27.858,,,,,,,,,,,,,
2023/8/21 8:00,0.258,0.134,0.185,27.653,,,,,,,,,,,,,
2023/8/21 9:00,0.116,0.043,0.111,26.417,,,,,,,,,,,,,
2023/8/21 10:00,0.006,0,0.024,23.005,,,,,,,,,,,,,
2023/8/21 11:00,0,0,0,20.671,,,,,,,,,,,,,
2023/8/21 12:00,0,0,0,19.55,,,,,,,,,,,,,
2023/8/21 13:00,0,0,0,18.292,,,,,,,,,,,,,
2023/8/21 14:00,0,0,0,16.936,,,,,,,,,,,,,
2023/8/21 15:00,0,0,0,15.971,,,,,,,,,,,,,
2023/8/21 16:00,0,0,0,15.445,,,,,,,,,,,,,
2023/8/21 17:00,0,0,0,14.914,,,,,,,,,,,,,
2023/8/21 18:00,0,0,0,14.336,,,,,,,,,,,,,
2023/8/21 19:00,0,0,0,13.732,,,,,,,,,,,,,
2023/8/21 20:00,0,0,0,13.224,,,,,,,,,,,,,
2023/8/21 21:00,0.001,0,0.017,13.152,,,,,,,,,,,,,
2023/8/21 22:00,0.115,0.056,0.089,14.954,,,,,,,,,,,,,
2023/8/21 23:00,0.315,0.237,0.13,17.158,,,,,,,,,,,,,
2023/8/22 0:00,0.504,0.475,0.128,19.52,,,,,,,,,,,,,
2023/8/22 1:00,0.646,0.663,0.144,21.632,,,,,,,,,,,,,
2023/8/22 2:00,0.738,0.8,0.156,23.404,,,,,,,,,,,,,
2023/8/22 3:00,0.782,0.874,0.162,24.802,,,,,,,,,,,,,
2023/8/22 4:00,0.78,0.876,0.164,25.888,,,,,,,,,,,,,
2023/8/22 5:00,0.733,0.808,0.16,26.641,,,,,,,,,,,,,
2023/8/22 6:00,0.642,0.677,0.15,27.038,,,,,,,,,,,,,
2023/8/22 7:00,0.505,0.496,0.134,27.048,,,,,,,,,,,,,
2023/8/22 8:00,0.327,0.287,0.112,26.625,,,,,,,,,,,,,
2023/8/22 9:00,0.131,0.089,0.081,25.575,,,,,,,,,,,,,
2023/8/22 10:00,0.002,0,0.019,22.838,,,,,,,,,,,,,
2023/8/22 11:00,0,0,0,20.125,,,,,,,,,,,,,
2023/8/22 12:00,0,0,0,18.673,,,,,,,,,,,,,
2023/8/22 13:00,0,0,0,17.759,,,,,,,,,,,,,
2023/8/22 14:00,0,0,0,16.995,,,,,,,,,,,,,
2023/8/22 15:00,0,0,0,16.22,,,,,,,,,,,,,
2023/8/22 16:00,0,0,0,15.582,,,,,,,,,,,,,
2023/8/22 17:00,0,0,0,15.131,,,,,,,,,,,,,
2023/8/22 18:00,0,0,0,14.925,,,,,,,,,,,,,
2023/8/22 19:00,0,0,0,14.702,,,,,,,,,,,,,
2023/8/22 20:00,0,0,0,14.186,,,,,,,,,,,,,
2023/8/22 21:00,0,0,0.014,14.101,,,,,,,,,,,,,
2023/8/22 22:00,0.107,0.06,0.077,16.594,,,,,,,,,,,,,
2023/8/22 23:00,0.306,0.251,0.11,19.459,,,,,,,,,,,,,
2023/8/23 0:00,0.486,0.442,0.149,22.749,,,,,,,,,,,,,
2023/8/23 1:00,0.623,0.621,0.169,25.142,,,,,,,,,,,,,
2023/8/23 2:00,0.712,0.752,0.183,26.868,,,,,,,,,,,,,
2023/8/23 3:00,0.755,0.823,0.191,28.164,,,,,,,,,,,,,
2023/8/23 4:00,0.751,0.818,0.195,29.056,,,,,,,,,,,,,
2023/8/23 5:00,0.709,0.758,0.188,29.629,,,,,,,,,,,,,
2023/8/23 6:00,0.608,0.603,0.185,29.765,,,,,,,,,,,,,
2023/8/23 7:00,0.487,0.458,0.156,29.559,,,,,,,,,,,,,
2023/8/23 8:00,0.314,0.258,0.13,28.903,,,,,,,,,,,,,
2023/8/23 9:00,0.126,0.073,0.092,27.427,,,,,,,,,,,,,
2023/8/23 10:00,0.003,0,0.02,23.742,,,,,,,,,,,,,
2023/8/23 11:00,0,0,0,21.727,,,,,,,,,,,,,
2023/8/23 12:00,0,0,0,20.887,,,,,,,,,,,,,
2023/8/23 13:00,0,0,0,19.908,,,,,,,,,,,,,
2023/8/23 14:00,0,0,0,18.992,,,,,,,,,,,,,
2023/8/23 15:00,0,0,0,18.626,,,,,,,,,,,,,
2023/8/23 16:00,0,0,0,18.296,,,,,,,,,,,,,
2023/8/23 17:00,0,0,0,17.898,,,,,,,,,,,,,
2023/8/23 18:00,0,0,0,17.466,,,,,,,,,,,,,
2023/8/23 19:00,0,0,0,17.197,,,,,,,,,,,,,
2023/8/23 20:00,0,0,0,16.856,,,,,,,,,,,,,
2023/8/23 21:00,0,0,0.005,16.694,,,,,,,,,,,,,
2023/8/23 22:00,0.021,0.001,0.042,17.22,,,,,,,,,,,,,
2023/8/23 23:00,0.071,0.005,0.094,18.04,,,,,,,,,,,,,
2023/8/24 0:00,0.14,0.008,0.168,19.396,,,,,,,,,,,,,
2023/8/24 1:00,0.2,0.013,0.229,20.844,,,,,,,,,,,,,
2023/8/24 2:00,0.239,0.017,0.271,22.022,,,,,,,,,,,,,
2023/8/24 3:00,0.268,0.021,0.301,22.589,,,,,,,,,,,,,
2023/8/24 4:00,0.267,0.021,0.3,22.577,,,,,,,,,,,,,
2023/8/24 5:00,0.233,0.015,0.266,22.233,,,,,,,,,,,,,
2023/8/24 6:00,0.171,0.009,0.203,21.565,,,,,,,,,,,,,
2023/8/24 7:00,0.111,0.004,0.14,20.782,,,,,,,,,,,,,
2023/8/24 8:00,0.058,0.002,0.084,19.89,,,,,,,,,,,,,
2023/8/24 9:00,0.016,0,0.037,18.931,,,,,,,,,,,,,
2023/8/24 10:00,0,0,0.005,17.917,,,,,,,,,,,,,
2023/8/24 11:00,0,0,0,17.15,,,,,,,,,,,,,
2023/8/24 12:00,0,0,0,16.495,,,,,,,,,,,,,
2023/8/24 13:00,0,0,0,15.908,,,,,,,,,,,,,
2023/8/24 14:00,0,0,0,15.45,,,,,,,,,,,,,
2023/8/24 15:00,0,0,0,15.1,,,,,,,,,,,,,
2023/8/24 16:00,0,0,0,14.855,,,,,,,,,,,,,
2023/8/24 17:00,0,0,0,14.719,,,,,,,,,,,,,
2023/8/24 18:00,0,0,0,14.64,,,,,,,,,,,,,
2023/8/24 19:00,0,0,0,14.583,,,,,,,,,,,,,
2023/8/24 20:00,0,0,0,14.533,,,,,,,,,,,,,
2023/8/24 21:00,0,0,0.004,14.466,,,,,,,,,,,,,
2023/8/24 22:00,0.019,0.001,0.04,14.613,,,,,,,,,,,,,
2023/8/24 23:00,0.075,0.003,0.099,14.943,,,,,,,,,,,,,
2023/8/25 0:00,0.145,0.012,0.166,15.522,,,,,,,,,,,,,
2023/8/25 1:00,0.219,0.024,0.234,16.314,,,,,,,,,,,,,
2023/8/25 2:00,0.284,0.039,0.292,17.216,,,,,,,,,,,,,
2023/8/25 3:00,0.314,0.047,0.32,17.962,,,,,,,,,,,,,
2023/8/25 4:00,0.402,0.102,0.371,18.871,,,,,,,,,,,,,
2023/8/25 5:00,0.463,0.184,0.367,19.774,,,,,,,,,,,,,
2023/8/25 6:00,0.547,0.391,0.274,20.748,,,,,,,,,,,,,
2023/8/25 7:00,0.453,0.327,0.216,21.04,,,,,,,,,,,,,
2023/8/25 8:00,0.271,0.143,0.18,20.594,,,,,,,,,,,,,
2023/8/25 9:00,0.103,0.028,0.107,19.557,,,,,,,,,,,,,
2023/8/25 10:00,0.002,0,0.019,17.229,,,,,,,,,,,,,
2023/8/25 11:00,0,0,0,15.698,,,,,,,,,,,,,
2023/8/25 12:00,0,0,0,15.128,,,,,,,,,,,,,
2023/8/25 13:00,0,0,0,14.786,,,,,,,,,,,,,
2023/8/25 14:00,0,0,0,14.468,,,,,,,,,,,,,
2023/8/25 15:00,0,0,0,13.734,,,,,,,,,,,,,
2023/8/25 16:00,0,0,0,12.98,,,,,,,,,,,,,
2023/8/25 17:00,0,0,0,12.346,,,,,,,,,,,,,
2023/8/25 18:00,0,0,0,11.964,,,,,,,,,,,,,
2023/8/25 19:00,0,0,0,11.728,,,,,,,,,,,,,
2023/8/25 20:00,0,0,0,11.379,,,,,,,,,,,,,
2023/8/25 21:00,0,0,0.013,11.211,,,,,,,,,,,,,
2023/8/25 22:00,0.108,0.048,0.089,13.603,,,,,,,,,,,,,
2023/8/25 23:00,0.302,0.211,0.14,16.438,,,,,,,,,,,,,
2023/8/26 0:00,0.482,0.416,0.158,19.19,,,,,,,,,,,,,
2023/8/26 1:00,0.594,0.529,0.201,20.876,,,,,,,,,,,,,
2023/8/26 2:00,0.562,0.384,0.304,21.862,,,,,,,,,,,,,
2023/8/26 3:00,0.585,0.394,0.33,22.643,,,,,,,,,,,,,
2023/8/26 4:00,0.662,0.555,0.283,23.454,,,,,,,,,,,,,
2023/8/26 5:00,0.67,0.619,0.235,24.022,,,,,,,,,,,,,
2023/8/26 6:00,0.599,0.544,0.206,24.146,,,,,,,,,,,,,
2023/8/26 7:00,0.474,0.402,0.176,23.885,,,,,,,,,,,,,
2023/8/26 8:00,0.297,0.21,0.147,23.238,,,,,,,,,,,,,
2023/8/26 9:00,0.12,0.061,0.094,21.978,,,,,,,,,,,,,
2023/8/26 10:00,0.001,0,0.017,18.831,,,,,,,,,,,,,
2023/8/26 11:00,0,0,0,17.033,,,,,,,,,,,,,
2023/8/26 12:00,0,0,0,16.41,,,,,,,,,,,,,
2023/8/26 13:00,0,0,0,16.123,,,,,,,,,,,,,
2023/8/26 14:00,0,0,0,16.002,,,,,,,,,,,,,
2023/8/26 15:00,0,0,0,15.446,,,,,,,,,,,,,
2023/8/26 16:00,0,0,0,14.387,,,,,,,,,,,,,
2023/8/26 17:00,0,0,0,13.377,,,,,,,,,,,,,
2023/8/26 18:00,0,0,0,12.859,,,,,,,,,,,,,
2023/8/26 19:00,0,0,0,12.634,,,,,,,,,,,,,
2023/8/26 20:00,0,0,0,12.394,,,,,,,,,,,,,
2023/8/26 21:00,0,0,0.009,12.353,,,,,,,,,,,,,
2023/8/26 22:00,0.05,0.005,0.07,13.985,,,,,,,,,,,,,
2023/8/26 23:00,0.145,0.027,0.151,15.469,,,,,,,,,,,,,
2023/8/27 0:00,0.272,0.072,0.248,18.257,,,,,,,,,,,,,
2023/8/27 1:00,0.37,0.123,0.315,20.613,,,,,,,,,,,,,
2023/8/27 2:00,0.509,0.266,0.352,22.283,,,,,,,,,,,,,
2023/8/27 3:00,0.574,0.35,0.362,23.384,,,,,,,,,,,,,
2023/8/27 4:00,0.572,0.346,0.365,24.027,,,,,,,,,,,,,
2023/8/27 5:00,0.531,0.306,0.35,24.386,,,,,,,,,,,,,
2023/8/27 6:00,0.437,0.21,0.321,24.368,,,,,,,,,,,,,
2023/8/27 7:00,0.309,0.107,0.264,23.983,,,,,,,,,,,,,
2023/8/27 8:00,0.179,0.041,0.181,23.168,,,,,,,,,,,,,
2023/8/27 9:00,0.068,0.008,0.089,21.62,,,,,,,,,,,,,
2023/8/27 10:00,0,0,0.013,19.081,,,,,,,,,,,,,
2023/8/27 11:00,0,0,0,17.864,,,,,,,,,,,,,
2023/8/27 12:00,0,0,0,17.21,,,,,,,,,,,,,
2023/8/27 13:00,0,0,0,16.663,,,,,,,,,,,,,
2023/8/27 14:00,0,0,0,16.199,,,,,,,,,,,,,
2023/8/27 15:00,0,0,0,15.743,,,,,,,,,,,,,
2023/8/27 16:00,0,0,0,15.216,,,,,,,,,,,,,
2023/8/27 17:00,0,0,0,14.597,,,,,,,,,,,,,
2023/8/27 18:00,0,0,0,13.947,,,,,,,,,,,,,
2023/8/27 19:00,0,0,0,13.586,,,,,,,,,,,,,
2023/8/27 20:00,0,0,0,13.342,,,,,,,,,,,,,
2023/8/27 21:00,0,0,0.009,13.495,,,,,,,,,,,,,
2023/8/27 22:00,0.055,0.006,0.075,14.875,,,,,,,,,,,,,
2023/8/27 23:00,0.171,0.038,0.169,16.747,,,,,,,,,,,,,
2023/8/28 0:00,0.309,0.12,0.243,18.789,,,,,,,,,,,,,
2023/8/28 1:00,0.452,0.248,0.291,20.042,,,,,,,,,,,,,
2023/8/28 2:00,0.574,0.399,0.304,21.187,,,,,,,,,,,,,
2023/8/28 3:00,0.629,0.473,0.311,22.078,,,,,,,,,,,,,
2023/8/28 4:00,0.675,0.574,0.281,22.864,,,,,,,,,,,,,
2023/8/28 5:00,0.636,0.532,0.268,23.243,,,,,,,,,,,,,
2023/8/28 6:00,0.574,0.48,0.231,23.417,,,,,,,,,,,,,
2023/8/28 7:00,0.413,0.277,0.221,23.067,,,,,,,,,,,,,
2023/8/28 8:00,0.239,0.111,0.177,22.278,,,,,,,,,,,,,
2023/8/28 9:00,0.078,0.015,0.093,21.128,,,,,,,,,,,,,
2023/8/28 10:00,0,0,0.012,19.49,,,,,,,,,,,,,
2023/8/28 11:00,0,0,0,18.517,,,,,,,,,,,,,
2023/8/28 12:00,0,0,0,17.977,,,,,,,,,,,,,
2023/8/28 13:00,0,0,0,17.264,,,,,,,,,,,,,
2023/8/28 14:00,0,0,0,16.102,,,,,,,,,,,,,
2023/8/28 15:00,0,0,0,14.943,,,,,,,,,,,,,
2023/8/28 16:00,0,0,0,14.062,,,,,,,,,,,,,
2023/8/28 17:00,0,0,0,13.373,,,,,,,,,,,,,
2023/8/28 18:00,0,0,0,12.912,,,,,,,,,,,,,
2023/8/28 19:00,0,0,0,12.881,,,,,,,,,,,,,
2023/8/28 20:00,0,0,0,13.008,,,,,,,,,,,,,
2023/8/28 21:00,0,0,0.009,13.373,,,,,,,,,,,,,
2023/8/28 22:00,0.073,0.015,0.084,14.608,,,,,,,,,,,,,
2023/8/28 23:00,0.247,0.132,0.158,16.598,,,,,,,,,,,,,
2023/8/29 0:00,0.427,0.324,0.18,18.568,,,,,,,,,,,,,
2023/8/29 1:00,0.572,0.495,0.201,20.05,,,,,,,,,,,,,
2023/8/29 2:00,0.638,0.557,0.236,21.214,,,,,,,,,,,,,
2023/8/29 3:00,0.762,0.801,0.188,22.604,,,,,,,,,,,,,
2023/8/29 4:00,0.774,0.834,0.18,23.547,,,,,,,,,,,,,
2023/8/29 5:00,0.726,0.764,0.176,24.047,,,,,,,,,,,,,
2023/8/29 6:00,0.63,0.627,0.167,24.144,,,,,,,,,,,,,
2023/8/29 7:00,0.489,0.448,0.15,23.789,,,,,,,,,,,,,
2023/8/29 8:00,0.307,0.244,0.125,22.988,,,,,,,,,,,,,
2023/8/29 9:00,0.112,0.061,0.085,21.625,,,,,,,,,,,,,
2023/8/29 10:00,0,0,0.014,18.664,,,,,,,,,,,,,
2023/8/29 11:00,0,0,0,16.601,,,,,,,,,,,,,
2023/8/29 12:00,0,0,0,15.653,,,,,,,,,,,,,
2023/8/29 13:00,0,0,0,14.955,,,,,,,,,,,,,
2023/8/29 14:00,0,0,0,14.438,,,,,,,,,,,,,
2023/8/29 15:00,0,0,0,13.907,,,,,,,,,,,,,
2023/8/29 16:00,0,0,0,13.268,,,,,,,,,,,,,
2023/8/29 17:00,0,0,0,12.746,,,,,,,,,,,,,
2023/8/29 18:00,0,0,0,12.37,,,,,,,,,,,,,
2023/8/29 19:00,0,0,0,12.039,,,,,,,,,,,,,
2023/8/29 20:00,0,0,0,11.739,,,,,,,,,,,,,
2023/8/29 21:00,0,0,0.009,11.684,,,,,,,,,,,,,
2023/8/29 22:00,0.095,0.049,0.075,14.38,,,,,,,,,,,,,
2023/8/29 23:00,0.29,0.222,0.118,17.469,,,,,,,,,,,,,
2023/8/30 0:00,0.468,0.386,0.174,20.358,,,,,,,,,,,,,
2023/8/30 1:00,0.599,0.534,0.207,21.952,,,,,,,,,,,,,
2023/8/30 2:00,0.659,0.581,0.251,23.127,,,,,,,,,,,,,
2023/8/30 3:00,0.67,0.564,0.289,23.9,,,,,,,,,,,,,
2023/8/30 4:00,0.626,0.469,0.321,24.296,,,,,,,,,,,,,
2023/8/30 5:00,0.543,0.34,0.332,24.377,,,,,,,,,,,,,
2023/8/30 6:00,0.432,0.213,0.311,24.154,,,,,,,,,,,,,
2023/8/30 7:00,0.315,0.123,0.256,23.719,,,,,,,,,,,,,
2023/8/30 8:00,0.185,0.051,0.178,23.017,,,,,,,,,,,,,
2023/8/30 9:00,0.074,0.013,0.091,21.927,,,,,,,,,,,,,
2023/8/30 10:00,0,0,0.012,19.702,,,,,,,,,,,,,
2023/8/30 11:00,0,0,0,18.579,,,,,,,,,,,,,
2023/8/30 12:00,0,0,0,17.598,,,,,,,,,,,,,
2023/8/30 13:00,0,0,0,16.618,,,,,,,,,,,,,
2023/8/30 14:00,0,0,0,16.03,,,,,,,,,,,,,
2023/8/30 15:00,0,0,0,15.739,,,,,,,,,,,,,
2023/8/30 16:00,0,0,0,15.45,,,,,,,,,,,,,
2023/8/30 17:00,0,0,0,15.226,,,,,,,,,,,,,
2023/8/30 18:00,0,0,0,15.035,,,,,,,,,,,,,
2023/8/30 19:00,0,0,0,14.774,,,,,,,,,,,,,
2023/8/30 20:00,0,0,0,14.434,,,,,,,,,,,,,
2023/8/30 21:00,0,0,0.004,14.129,,,,,,,,,,,,,
2023/8/30 22:00,0.023,0.001,0.043,14.634,,,,,,,,,,,,,
2023/8/30 23:00,0.072,0.005,0.094,15.2,,,,,,,,,,,,,
2023/8/31 0:00,0.128,0.01,0.15,16.086,,,,,,,,,,,,,
2023/8/31 1:00,0.194,0.018,0.214,17.008,,,,,,,,,,,,,
2023/8/31 2:00,0.245,0.027,0.262,17.796,,,,,,,,,,,,,
2023/8/31 3:00,0.299,0.042,0.31,18.543,,,,,,,,,,,,,
2023/8/31 4:00,0.385,0.092,0.363,19.552,,,,,,,,,,,,,
2023/8/31 5:00,0.467,0.197,0.363,20.779,,,,,,,,,,,,,
2023/8/31 6:00,0.475,0.267,0.305,21.752,,,,,,,,,,,,,
2023/8/31 7:00,0.364,0.182,0.253,22.123,,,,,,,,,,,,,
2023/8/31 8:00,0.229,0.093,0.183,21.993,,,,,,,,,,,,,
2023/8/31 9:00,0.087,0.021,0.096,21.094,,,,,,,,,,,,,
2023/8/31 10:00,0,0,0.012,19.426,,,,,,,,,,,,,
2023/8/31 11:00,0,0,0,17.972,,,,,,,,,,,,,
2023/8/31 12:00,0,0,0,16.589,,,,,,,,,,,,,
2023/8/31 13:00,0,0,0,15.415,,,,,,,,,,,,,
2023/8/31 14:00,0,0,0,14.611,,,,,,,,,,,,,
2023/8/31 15:00,0,0,0,14.219,,,,,,,,,,,,,
2023/8/31 16:00,0,0,0,13.938,,,,,,,,,,,,,
2023/8/31 17:00,0,0,0,13.552,,,,,,,,,,,,,
2023/8/31 18:00,0,0,0,13.058,,,,,,,,,,,,,
2023/8/31 19:00,0,0,0,12.534,,,,,,,,,,,,,
2023/8/31 20:00,0,0,0,12.1,,,,,,,,,,,,,
2023/8/31 21:00,0,0,0.008,11.926,,,,,,,,,,,,,
2023/8/31 22:00,0.098,0.046,0.081,14.596,,,,,,,,,,,,,
2023/8/31 23:00,0.297,0.215,0.132,17.852,,,,,,,,,,,,,
2023/9/1 0:00,0.486,0.46,0.129,22.177,,,,,,,,,,,,,
2023/9/1 1:00,0.627,0.647,0.147,24.959,,,,,,,,,,,,,
2023/9/1 2:00,0.719,0.784,0.16,26.457,,,,,,,,,,,,,
2023/9/1 3:00,0.765,0.86,0.166,27.462,,,,,,,,,,,,,
2023/9/1 4:00,0.765,0.862,0.167,28.072,,,,,,,,,,,,,
2023/9/1 5:00,0.719,0.792,0.163,28.42,,,,,,,,,,,,,
2023/9/1 6:00,0.627,0.657,0.153,28.435,,,,,,,,,,,,,
2023/9/1 7:00,0.487,0.472,0.136,28.105,,,,,,,,,,,,,
2023/9/1 8:00,0.305,0.261,0.113,27.263,,,,,,,,,,,,,
2023/9/1 9:00,0.109,0.068,0.076,25.287,,,,,,,,,,,,,
2023/9/1 10:00,0,0,0.011,22.988,,,,,,,,,,,,,
2023/9/1 11:00,0,0,0,22.197,,,,,,,,,,,,,
2023/9/1 12:00,0,0,0,21.332,,,,,,,,,,,,,
2023/9/1 13:00,0,0,0,19.702,,,,,,,,,,,,,
2023/9/1 14:00,0,0,0,17.926,,,,,,,,,,,,,
2023/9/1 15:00,0,0,0,16.263,,,,,,,,,,,,,
2023/9/1 16:00,0,0,0,15.173,,,,,,,,,,,,,
2023/9/1 17:00,0,0,0,14.624,,,,,,,,,,,,,
2023/9/1 18:00,0,0,0,14.273,,,,,,,,,,,,,
2023/9/1 19:00,0,0,0,13.972,,,,,,,,,,,,,
2023/9/1 20:00,0,0,0,13.74,,,,,,,,,,,,,
2023/9/1 21:00,0,0,0.007,13.673,,,,,,,,,,,,,
2023/9/1 22:00,0.086,0.043,0.072,16.335,,,,,,,,,,,,,
2023/9/1 23:00,0.27,0.199,0.121,19.119,,,,,,,,,,,,,
2023/9/2 0:00,0.438,0.354,0.174,23.01,,,,,,,,,,,,,
2023/9/2 1:00,0.569,0.51,0.203,25.639,,,,,,,,,,,,,
2023/9/2 2:00,0.656,0.625,0.224,27.308,,,,,,,,,,,,,
2023/9/2 3:00,0.715,0.727,0.222,28.556,,,,,,,,,,,,,
2023/9/2 4:00,0.721,0.749,0.217,29.419,,,,,,,,,,,,,
2023/9/2 5:00,0.672,0.674,0.214,29.797,,,,,,,,,,,,,
2023/9/2 6:00,0.573,0.53,0.207,29.656,,,,,,,,,,,,,
2023/9/2 7:00,0.424,0.335,0.193,29.019,,,,,,,,,,,,,
2023/9/2 8:00,0.244,0.141,0.16,27.905,,,,,,,,,,,,,
2023/9/2 9:00,0.077,0.021,0.088,26.096,,,,,,,,,,,,,
2023/9/2 10:00,0,0,0.01,23.332,,,,,,,,,,,,,
2023/9/2 11:00,0,0,0,22.012,,,,,,,,,,,,,
2023/9/2 12:00,0,0,0,20.841,,,,,,,,,,,,,
2023/9/2 13:00,0,0,0,19.772,,,,,,,,,,,,,
2023/9/2 14:00,0,0,0,18.848,,,,,,,,,,,,,
2023/9/2 15:00,0,0,0,18.045,,,,,,,,,,,,,
2023/9/2 16:00,0,0,0,17.35,,,,,,,,,,,,,
2023/9/2 17:00,0,0,0,16.821,,,,,,,,,,,,,
2023/9/2 18:00,0,0,0,16.489,,,,,,,,,,,,,
2023/9/2 19:00,0,0,0,16.261,,,,,,,,,,,,,
2023/9/2 20:00,0,0,0,16.24,,,,,,,,,,,,,
2023/9/2 21:00,0,0,0.004,16.158,,,,,,,,,,,,,
2023/9/2 22:00,0.028,0.003,0.049,16.66,,,,,,,,,,,,,
2023/9/2 23:00,0.142,0.031,0.146,18.259,,,,,,,,,,,,,
2023/9/3 0:00,0.338,0.165,0.235,21.067,,,,,,,,,,,,,
2023/9/3 1:00,0.499,0.346,0.265,23.764,,,,,,,,,,,,,
2023/9/3 2:00,0.574,0.421,0.299,25.544,,,,,,,,,,,,,
2023/9/3 3:00,0.611,0.462,0.318,26.833,,,,,,,,,,,,,
2023/9/3 4:00,0.547,0.336,0.354,27.511,,,,,,,,,,,,,
2023/9/3 5:00,0.384,0.124,0.348,27.418,,,,,,,,,,,,,
2023/9/3 6:00,0.282,0.062,0.285,27.058,,,,,,,,,,,,,
2023/9/3 7:00,0.204,0.036,0.217,26.6,,,,,,,,,,,,,
2023/9/3 8:00,0.142,0.027,0.156,26.037,,,,,,,,,,,,,
2023/9/3 9:00,0.061,0.01,0.081,24.861,,,,,,,,,,,,,
2023/9/3 10:00,0,0,0.009,23.219,,,,,,,,,,,,,
2023/9/3 11:00,0,0,0,22.44,,,,,,,,,,,,,
2023/9/3 12:00,0,0,0,21.026,,,,,,,,,,,,,
2023/9/3 13:00,0,0,0,19.507,,,,,,,,,,,,,
2023/9/3 14:00,0,0,0,18.441,,,,,,,,,,,,,
2023/9/3 15:00,0,0,0,17.783,,,,,,,,,,,,,
2023/9/3 16:00,0,0,0,17.272,,,,,,,,,,,,,
2023/9/3 17:00,0,0,0,16.834,,,,,,,,,,,,,
2023/9/3 18:00,0,0,0,16.442,,,,,,,,,,,,,
2023/9/3 19:00,0,0,0,16.056,,,,,,,,,,,,,
2023/9/3 20:00,0,0,0,15.84,,,,,,,,,,,,,
2023/9/3 21:00,0,0,0.005,15.708,,,,,,,,,,,,,
2023/9/3 22:00,0.074,0.024,0.079,17.402,,,,,,,,,,,,,
2023/9/3 23:00,0.256,0.158,0.146,19.482,,,,,,,,,,,,,
2023/9/4 0:00,0.45,0.386,0.155,21.96,,,,,,,,,,,,,
2023/9/4 1:00,0.594,0.566,0.176,23.999,,,,,,,,,,,,,
2023/9/4 2:00,0.688,0.699,0.19,25.63,,,,,,,,,,,,,
2023/9/4 3:00,0.728,0.761,0.201,27.007,,,,,,,,,,,,,
2023/9/4 4:00,0.727,0.763,0.202,28.036,,,,,,,,,,,,,
2023/9/4 5:00,0.679,0.696,0.197,28.619,,,,,,,,,,,,,
2023/9/4 6:00,0.587,0.568,0.185,28.715,,,,,,,,,,,,,
2023/9/4 7:00,0.446,0.389,0.166,28.36,,,,,,,,,,,,,
2023/9/4 8:00,0.268,0.194,0.136,27.521,,,,,,,,,,,,,
2023/9/4 9:00,0.09,0.042,0.082,25.766,,,,,,,,,,,,,
2023/9/4 10:00,0,0,0.008,22.177,,,,,,,,,,,,,
2023/9/4 11:00,0,0,0,20.558,,,,,,,,,,,,,
2023/9/4 12:00,0,0,0,19.55,,,,,,,,,,,,,
2023/9/4 13:00,0,0,0,18.529,,,,,,,,,,,,,
2023/9/4 14:00,0,0,0,17.66,,,,,,,,,,,,,
2023/9/4 15:00,0,0,0,17.104,,,,,,,,,,,,,
2023/9/4 16:00,0,0,0,17.109,,,,,,,,,,,,,
2023/9/4 17:00,0,0,0,16.881,,,,,,,,,,,,,
2023/9/4 18:00,0,0,0,16.352,,,,,,,,,,,,,
2023/9/4 19:00,0,0,0,15.915,,,,,,,,,,,,,
2023/9/4 20:00,0,0,0,15.418,,,,,,,,,,,,,
2023/9/4 21:00,0,0,0.004,15.144,,,,,,,,,,,,,
2023/9/4 22:00,0.071,0.027,0.072,16.417,,,,,,,,,,,,,
2023/9/4 23:00,0.244,0.154,0.135,18.814,,,,,,,,,,,,,
2023/9/5 0:00,0.409,0.284,0.206,22.024,,,,,,,,,,,,,
2023/9/5 1:00,0.53,0.404,0.251,24.2,,,,,,,,,,,,,
2023/9/5 2:00,0.585,0.438,0.298,25.702,,,,,,,,,,,,,
2023/9/5 3:00,0.515,0.273,0.369,26.568,,,,,,,,,,,,,
2023/9/5 4:00,0.445,0.172,0.378,27.155,,,,,,,,,,,,,
2023/9/5 5:00,0.351,0.091,0.339,27.367,,,,,,,,,,,,,
2023/9/5 6:00,0.26,0.047,0.273,27.306,,,,,,,,,,,,,
2023/9/5 7:00,0.182,0.026,0.203,27.045,,,,,,,,,,,,,
2023/9/5 8:00,0.105,0.012,0.129,26.367,,,,,,,,,,,,,
2023/9/5 9:00,0.035,0.003,0.058,24.644,,,,,,,,,,,,,
2023/9/5 10:00,0,0,0.005,22.311,,,,,,,,,,,,,
2023/9/5 11:00,0,0,0,21.335,,,,,,,,,,,,,
2023/9/5 12:00,0,0,0,20.722,,,,,,,,,,,,,
2023/9/5 13:00,0,0,0,20.217,,,,,,,,,,,,,
2023/9/5 14:00,0,0,0,19.778,,,,,,,,,,,,,
2023/9/5 15:00,0,0,0,19.244,,,,,,,,,,,,,
2023/9/5 16:00,0,0,0,18.716,,,,,,,,,,,,,
2023/9/5 17:00,0,0,0,18.302,,,,,,,,,,,,,
2023/9/5 18:00,0,0,0,17.962,,,,,,,,,,,,,
2023/9/5 19:00,0,0,0,17.665,,,,,,,,,,,,,
2023/9/5 20:00,0,0,0,17.368,,,,,,,,,,,,,
2023/9/5 21:00,0,0,0.004,17.143,,,,,,,,,,,,,
2023/9/5 22:00,0.059,0.013,0.073,18.805,,,,,,,,,,,,,
2023/9/5 23:00,0.222,0.108,0.158,20.735,,,,,,,,,,,,,
2023/9/6 0:00,0.413,0.322,0.177,23.53,,,,,,,,,,,,,
2023/9/6 1:00,0.558,0.503,0.197,26.413,,,,,,,,,,,,,
2023/9/6 2:00,0.65,0.635,0.212,28.644,,,,,,,,,,,,,
2023/9/6 3:00,0.697,0.712,0.219,30.302,,,,,,,,,,,,,
2023/9/6 4:00,0.7,0.727,0.216,31.588,,,,,,,,,,,,,
2023/9/6 5:00,0.653,0.66,0.21,32.382,,,,,,,,,,,,,
2023/9/6 6:00,0.558,0.527,0.199,32.658,,,,,,,,,,,,,
2023/9/6 7:00,0.421,0.355,0.178,32.471,,,,,,,,,,,,,
2023/9/6 8:00,0.247,0.167,0.144,31.623,,,,,,,,,,,,,
2023/9/6 9:00,0.077,0.03,0.081,28.953,,,,,,,,,,,,,
2023/9/6 10:00,0,0,0.007,25.458,,,,,,,,,,,,,
2023/9/6 11:00,0,0,0,24.4,,,,,,,,,,,,,
2023/9/6 12:00,0,0,0,23.448,,,,,,,,,,,,,
2023/9/6 13:00,0,0,0,22.456,,,,,,,,,,,,,
2023/9/6 14:00,0,0,0,21.629,,,,,,,,,,,,,
2023/9/6 15:00,0,0,0,21.036,,,,,,,,,,,,,
2023/9/6 16:00,0,0,0,20.603,,,,,,,,,,,,,
2023/9/6 17:00,0,0,0,20.238,,,,,,,,,,,,,
2023/9/6 18:00,0,0,0,19.918,,,,,,,,,,,,,
2023/9/6 19:00,0,0,0,19.635,,,,,,,,,,,,,
2023/9/6 20:00,0,0,0,19.298,,,,,,,,,,,,,
2023/9/6 21:00,0,0,0.003,18.961,,,,,,,,,,,,,
2023/9/6 22:00,0.058,0.018,0.068,20.258,,,,,,,,,,,,,
2023/9/6 23:00,0.229,0.14,0.138,22.577,,,,,,,,,,,,,
2023/9/7 0:00,0.41,0.316,0.183,25.486,,,,,,,,,,,,,
2023/9/7 1:00,0.554,0.496,0.206,28.181,,,,,,,,,,,,,
2023/9/7 2:00,0.647,0.631,0.221,30.309,,,,,,,,,,,,,
2023/9/7 3:00,0.706,0.736,0.218,31.85,,,,,,,,,,,,,
2023/9/7 4:00,0.704,0.737,0.22,32.817,,,,,,,,,,,,,
2023/9/7 5:00,0.657,0.666,0.216,33.2,,,,,,,,,,,,,
2023/9/7 6:00,0.563,0.532,0.204,32.971,,,,,,,,,,,,,
2023/9/7 7:00,0.422,0.35,0.184,32.168,,,,,,,,,,,,,
2023/9/7 8:00,0.245,0.158,0.149,30.807,,,,,,,,,,,,,
2023/9/7 9:00,0.069,0.022,0.08,28.79,,,,,,,,,,,,,
2023/9/7 10:00,0,0,0.005,26.519,,,,,,,,,,,,,
2023/9/7 11:00,0,0,0,25.281,,,,,,,,,,,,,
2023/9/7 12:00,0,0,0,24.263,,,,,,,,,,,,,
2023/9/7 13:00,0,0,0,23.15,,,,,,,,,,,,,
2023/9/7 14:00,0,0,0,22.252,,,,,,,,,,,,,
2023/9/7 15:00,0,0,0,21.594,,,,,,,,,,,,,
2023/9/7 16:00,0,0,0,20.995,,,,,,,,,,,,,
2023/9/7 17:00,0,0,0,20.437,,,,,,,,,,,,,
2023/9/7 18:00,0,0,0,20.042,,,,,,,,,,,,,
2023/9/7 19:00,0,0,0,19.832,,,,,,,,,,,,,
2023/9/7 20:00,0,0,0,19.601,,,,,,,,,,,,,
2023/9/7 21:00,0,0,0.001,19.417,,,,,,,,,,,,,
2023/9/7 22:00,0.01,0.001,0.028,19.907,,,,,,,,,,,,,
2023/9/7 23:00,0.055,0.004,0.078,20.502,,,,,,,,,,,,,
2023/9/8 0:00,0.144,0.013,0.168,21.417,,,,,,,,,,,,,
2023/9/8 1:00,0.272,0.047,0.279,22.821,,,,,,,,,,,,,
2023/9/8 2:00,0.348,0.078,0.342,24.278,,,,,,,,,,,,,
2023/9/8 3:00,0.362,0.077,0.362,25.171,,,,,,,,,,,,,
2023/9/8 4:00,0.377,0.088,0.371,25.717,,,,,,,,,,,,,
2023/9/8 5:00,0.366,0.091,0.355,26.106,,,,,,,,,,,,,
2023/9/8 6:00,0.322,0.08,0.312,26.242,,,,,,,,,,,,,
2023/9/8 7:00,0.188,0.025,0.209,25.709,,,,,,,,,,,,,
2023/9/8 8:00,0.122,0.016,0.143,25.142,,,,,,,,,,,,,
2023/9/8 9:00,0.043,0.005,0.065,23.938,,,,,,,,,,,,,
2023/9/8 10:00,0,0,0.004,21.576,,,,,,,,,,,,,
2023/9/8 11:00,0,0,0,20.728,,,,,,,,,,,,,
2023/9/8 12:00,0,0,0,20.12,,,,,,,,,,,,,
2023/9/8 13:00,0,0,0,19.576,,,,,,,,,,,,,
2023/9/8 14:00,0,0,0,19.15,,,,,,,,,,,,,
2023/9/8 15:00,0,0,0,18.845,,,,,,,,,,,,,
2023/9/8 16:00,0,0,0,18.693,,,,,,,,,,,,,
2023/9/8 17:00,0,0,0,18.502,,,,,,,,,,,,,
2023/9/8 18:00,0,0,0,18.108,,,,,,,,,,,,,
2023/9/8 19:00,0,0,0,17.643,,,,,,,,,,,,,
2023/9/8 20:00,0,0,0,17.341,,,,,,,,,,,,,
2023/9/8 21:00,0,0,0.001,17.001,,,,,,,,,,,,,
2023/9/8 22:00,0.008,0.001,0.026,17.142,,,,,,,,,,,,,
2023/9/8 23:00,0.04,0.002,0.063,17.283,,,,,,,,,,,,,
2023/9/9 0:00,0.091,0.004,0.117,18.101,,,,,,,,,,,,,
2023/9/9 1:00,0.167,0.011,0.194,19.371,,,,,,,,,,,,,
2023/9/9 2:00,0.217,0.017,0.244,20.51,,,,,,,,,,,,,
2023/9/9 3:00,0.234,0.018,0.263,21.353,,,,,,,,,,,,,
2023/9/9 4:00,0.24,0.019,0.269,21.908,,,,,,,,,,,,,
2023/9/9 5:00,0.211,0.015,0.241,22.072,,,,,,,,,,,,,
2023/9/9 6:00,0.168,0.011,0.197,21.841,,,,,,,,,,,,,
2023/9/9 7:00,0.094,0.004,0.121,21.069,,,,,,,,,,,,,
2023/9/9 8:00,0.045,0.002,0.069,20.193,,,,,,,,,,,,,
2023/9/9 9:00,0.011,0.001,0.03,19.168,,,,,,,,,,,,,
2023/9/9 10:00,0,0,0.002,18.028,,,,,,,,,,,,,
2023/9/9 11:00,0,0,0,17.45,,,,,,,,,,,,,
2023/9/9 12:00,0,0,0,16.973,,,,,,,,,,,,,
2023/9/9 13:00,0,0,0,16.463,,,,,,,,,,,,,
2023/9/9 14:00,0,0,0,16.072,,,,,,,,,,,,,
2023/9/9 15:00,0,0,0,15.828,,,,,,,,,,,,,
2023/9/9 16:00,0,0,0,15.656,,,,,,,,,,,,,
2023/9/9 17:00,0,0,0,15.635,,,,,,,,,,,,,
2023/9/9 18:00,0,0,0,15.57,,,,,,,,,,,,,
2023/9/9 19:00,0,0,0,15.512,,,,,,,,,,,,,
2023/9/9 20:00,0,0,0,15.261,,,,,,,,,,,,,
2023/9/9 21:00,0,0,0.002,14.933,,,,,,,,,,,,,
2023/9/9 22:00,0.045,0.006,0.063,16.116,,,,,,,,,,,,,
2023/9/9 23:00,0.206,0.078,0.169,18.385,,,,,,,,,,,,,
2023/9/10 0:00,0.401,0.302,0.176,21.265,,,,,,,,,,,,,
2023/9/10 1:00,0.551,0.483,0.198,23.756,,,,,,,,,,,,,
2023/9/10 2:00,0.647,0.613,0.214,25.582,,,,,,,,,,,,,
2023/9/10 3:00,0.718,0.74,0.205,26.962,,,,,,,,,,,,,
2023/9/10 4:00,0.714,0.737,0.208,27.895,,,,,,,,,,,,,
2023/9/10 5:00,0.671,0.68,0.199,28.492,,,,,,,,,,,,,
2023/9/10 6:00,0.577,0.551,0.186,28.654,,,,,,,,,,,,,
2023/9/10 7:00,0.431,0.368,0.167,28.349,,,,,,,,,,,,,
2023/9/10 8:00,0.235,0.149,0.142,27.473,,,,,,,,,,,,,
2023/9/10 9:00,0.073,0.032,0.073,25.603,,,,,,,,,,,,,
2023/9/10 10:00,0,0,0.004,22.37,,,,,,,,,,,,,
2023/9/10 11:00,0,0,0,21.533,,,,,,,,,,,,,
2023/9/10 12:00,0,0,0,20.388,,,,,,,,,,,,,
2023/9/10 13:00,0,0,0,19.318,,,,,,,,,,,,,
2023/9/10 14:00,0,0,0,18.483,,,,,,,,,,,,,
2023/9/10 15:00,0,0,0,17.899,,,,,,,,,,,,,
2023/9/10 16:00,0,0,0,17.516,,,,,,,,,,,,,
2023/9/10 17:00,0,0,0,17.243,,,,,,,,,,,,,
2023/9/10 18:00,0,0,0,16.987,,,,,,,,,,,,,
2023/9/10 19:00,0,0,0,16.543,,,,,,,,,,,,,
2023/9/10 20:00,0,0,0,15.828,,,,,,,,,,,,,
2023/9/10 21:00,0,0,0.002,14.979,,,,,,,,,,,,,
2023/9/10 22:00,0.067,0.033,0.061,15.342,,,,,,,,,,,,,
2023/9/10 23:00,0.271,0.205,0.111,16.666,,,,,,,,,,,,,
2023/9/11 0:00,0.472,0.422,0.137,18.502,,,,,,,,,,,,,
2023/9/11 1:00,0.626,0.617,0.155,20.315,,,,,,,,,,,,,
2023/9/11 2:00,0.725,0.758,0.168,21.831,,,,,,,,,,,,,
2023/9/11 3:00,0.773,0.834,0.176,23.017,,,,,,,,,,,,,
2023/9/11 4:00,0.767,0.826,0.18,23.914,,,,,,,,,,,,,
2023/9/11 5:00,0.715,0.749,0.177,24.444,,,,,,,,,,,,,
2023/9/11 6:00,0.622,0.622,0.162,24.536,,,,,,,,,,,,,
2023/9/11 7:00,0.409,0.312,0.183,24.036,,,,,,,,,,,,,
2023/9/11 8:00,0.153,0.046,0.146,22.869,,,,,,,,,,,,,
2023/9/11 9:00,0.034,0.005,0.054,20.947,,,,,,,,,,,,,
2023/9/11 10:00,0,0,0.003,18.273,,,,,,,,,,,,,
2023/9/11 11:00,0,0,0,17.111,,,,,,,,,,,,,
2023/9/11 12:00,0,0,0,16.044,,,,,,,,,,,,,
2023/9/11 13:00,0,0,0,14.91,,,,,,,,,,,,,
2023/9/11 14:00,0,0,0,13.91,,,,,,,,,,,,,
2023/9/11 15:00,0,0,0,12.984,,,,,,,,,,,,,
2023/9/11 16:00,0,0,0,11.997,,,,,,,,,,,,,
2023/9/11 17:00,0,0,0,11.1,,,,,,,,,,,,,
2023/9/11 18:00,0,0,0,10.258,,,,,,,,,,,,,
2023/9/11 19:00,0,0,0,9.467,,,,,,,,,,,,,
2023/9/11 20:00,0,0,0,8.669,,,,,,,,,,,,,
2023/9/11 21:00,0,0,0.002,7.955,,,,,,,,,,,,,
2023/9/11 22:00,0.078,0.048,0.055,9.786,,,,,,,,,,,,,
2023/9/11 23:00,0.296,0.241,0.098,12.958,,,,,,,,,,,,,
2023/9/12 0:00,0.499,0.473,0.116,17.042,,,,,,,,,,,,,
2023/9/12 1:00,0.652,0.67,0.133,19.193,,,,,,,,,,,,,
2023/9/12 2:00,0.75,0.813,0.146,20.783,,,,,,,,,,,,,
2023/9/12 3:00,0.797,0.889,0.153,21.918,,,,,,,,,,,,,
2023/9/12 4:00,0.796,0.89,0.154,22.65,,,,,,,,,,,,,
2023/9/12 5:00,0.746,0.817,0.15,23.112,,,,,,,,,,,,,
2023/9/12 6:00,0.643,0.667,0.143,23.191,,,,,,,,,,,,,
2023/9/12 7:00,0.493,0.474,0.126,22.892,,,,,,,,,,,,,
2023/9/12 8:00,0.3,0.258,0.101,22.18,,,,,,,,,,,,,
2023/9/12 9:00,0.089,0.058,0.061,20.311,,,,,,,,,,,,,
2023/9/12 10:00,0,0,0.003,16.434,,,,,,,,,,,,,
2023/9/12 11:00,0,0,0,14.942,,,,,,,,,,,,,
2023/9/12 12:00,0,0,0,14.073,,,,,,,,,,,,,
2023/9/12 13:00,0,0,0,13.336,,,,,,,,,,,,,
2023/9/12 14:00,0,0,0,12.653,,,,,,,,,,,,,
2023/9/12 15:00,0,0,0,12.289,,,,,,,,,,,,,
2023/9/12 16:00,0,0,0,12.032,,,,,,,,,,,,,
2023/9/12 17:00,0,0,0,11.386,,,,,,,,,,,,,
2023/9/12 18:00,0,0,0,10.811,,,,,,,,,,,,,
2023/9/12 19:00,0,0,0,10.626,,,,,,,,,,,,,
2023/9/12 20:00,0,0,0,10.569,,,,,,,,,,,,,
2023/9/12 21:00,0,0,0.001,10.371,,,,,,,,,,,,,
2023/9/12 22:00,0.062,0.031,0.056,11.966,,,,,,,,,,,,,
2023/9/12 23:00,0.272,0.212,0.103,14.962,,,,,,,,,,,,,
2023/9/13 0:00,0.463,0.412,0.137,18.945,,,,,,,,,,,,,
2023/9/13 1:00,0.601,0.579,0.163,21.644,,,,,,,,,,,,,
2023/9/13 2:00,0.655,0.623,0.205,23.494,,,,,,,,,,,,,
2023/9/13 3:00,0.676,0.636,0.231,24.816,,,,,,,,,,,,,
2023/9/13 4:00,0.714,0.725,0.206,25.855,,,,,,,,,,,,,
2023/9/13 5:00,0.693,0.722,0.181,26.534,,,,,,,,,,,,,
2023/9/13 6:00,0.61,0.616,0.161,26.777,,,,,,,,,,,,,
2023/9/13 7:00,0.467,0.437,0.14,26.552,,,,,,,,,,,,,
2023/9/13 8:00,0.28,0.23,0.111,25.771,,,,,,,,,,,,,
2023/9/13 9:00,0.08,0.048,0.064,23.416,,,,,,,,,,,,,
2023/9/13 10:00,0,0,0.003,19.505,,,,,,,,,,,,,
2023/9/13 11:00,0,0,0,17.748,,,,,,,,,,,,,
2023/9/13 12:00,0,0,0,17.019,,,,,,,,,,,,,
2023/9/13 13:00,0,0,0,16.454,,,,,,,,,,,,,
2023/9/13 14:00,0,0,0,15.861,,,,,,,,,,,,,
2023/9/13 15:00,0,0,0,15.294,,,,,,,,,,,,,
2023/9/13 16:00,0,0,0,14.723,,,,,,,,,,,,,
2023/9/13 17:00,0,0,0,14.181,,,,,,,,,,,,,
2023/9/13 18:00,0,0,0,13.786,,,,,,,,,,,,,
2023/9/13 19:00,0,0,0,13.491,,,,,,,,,,,,,
2023/9/13 20:00,0,0,0,13.213,,,,,,,,,,,,,
2023/9/13 21:00,0,0,0.001,12.968,,,,,,,,,,,,,
2023/9/13 22:00,0.057,0.027,0.056,14.13,,,,,,,,,,,,,
2023/9/13 23:00,0.252,0.184,0.112,16.789,,,,,,,,,,,,,
2023/9/14 0:00,0.446,0.389,0.143,20.446,,,,,,,,,,,,,
2023/9/14 1:00,0.592,0.576,0.164,23.942,,,,,,,,,,,,,
2023/9/14 2:00,0.686,0.715,0.177,26.64,,,,,,,,,,,,,
2023/9/14 3:00,0.737,0.807,0.18,28.556,,,,,,,,,,,,,
2023/9/14 4:00,0.73,0.799,0.184,29.988,,,,,,,,,,,,,
2023/9/14 5:00,0.679,0.723,0.18,30.804,,,,,,,,,,,,,
2023/9/14 6:00,0.583,0.588,0.169,31.008,,,,,,,,,,,,,
2023/9/14 7:00,0.439,0.403,0.15,30.587,,,,,,,,,,,,,
2023/9/14 8:00,0.254,0.196,0.121,29.484,,,,,,,,,,,,,
2023/9/14 9:00,0.067,0.033,0.065,26.608,,,,,,,,,,,,,
2023/9/14 10:00,0,0,0.002,23.508,,,,,,,,,,,,,
2023/9/14 11:00,0,0,0,22.388,,,,,,,,,,,,,
2023/9/14 12:00,0,0,0,20.773,,,,,,,,,,,,,
2023/9/14 13:00,0,0,0,19.482,,,,,,,,,,,,,
2023/9/14 14:00,0,0,0,18.435,,,,,,,,,,,,,
2023/9/14 15:00,0,0,0,17.49,,,,,,,,,,,,,
2023/9/14 16:00,0,0,0,16.735,,,,,,,,,,,,,
2023/9/14 17:00,0,0,0,16.128,,,,,,,,,,,,,
2023/9/14 18:00,0,0,0,15.602,,,,,,,,,,,,,
2023/9/14 19:00,0,0,0,15.1,,,,,,,,,,,,,
2023/9/14 20:00,0,0,0,14.626,,,,,,,,,,,,,
2023/9/14 21:00,0,0,0.001,14.251,,,,,,,,,,,,,
2023/9/14 22:00,0.055,0.027,0.054,15.218,,,,,,,,,,,,,
2023/9/14 23:00,0.244,0.174,0.114,17.828,,,,,,,,,,,,,
2023/9/15 0:00,0.428,0.358,0.155,21.647,,,,,,,,,,,,,
2023/9/15 1:00,0.571,0.534,0.18,24.968,,,,,,,,,,,,,
2023/9/15 2:00,0.664,0.667,0.195,27.44,,,,,,,,,,,,,
2023/9/15 3:00,0.72,0.764,0.196,29.096,,,,,,,,,,,,,
2023/9/15 4:00,0.715,0.76,0.2,30.109,,,,,,,,,,,,,
2023/9/15 5:00,0.665,0.685,0.196,30.537,,,,,,,,,,,,,
2023/9/15 6:00,0.576,0.566,0.179,30.463,,,,,,,,,,,,,
2023/9/15 7:00,0.428,0.374,0.161,29.831,,,,,,,,,,,,,
2023/9/15 8:00,0.243,0.173,0.128,28.601,,,,,,,,,,,,,
2023/9/15 9:00,0.063,0.029,0.064,26.076,,,,,,,,,,,,,
2023/9/15 10:00,0,0,0.002,22.816,,,,,,,,,,,,,
2023/9/15 11:00,0,0,0,21.616,,,,,,,,,,,,,
2023/9/15 12:00,0,0,0,20.395,,,,,,,,,,,,,
2023/9/15 13:00,0,0,0,19.393,,,,,,,,,,,,,
2023/9/15 14:00,0,0,0,18.666,,,,,,,,,,,,,
2023/9/15 15:00,0,0,0,18.04,,,,,,,,,,,,,
2023/9/15 16:00,0,0,0,17.655,,,,,,,,,,,,,
2023/9/15 17:00,0,0,0,17.296,,,,,,,,,,,,,
2023/9/15 18:00,0,0,0,16.87,,,,,,,,,,,,,
2023/9/15 19:00,0,0,0,16.644,,,,,,,,,,,,,
2023/9/15 20:00,0,0,0,16.284,,,,,,,,,,,,,
2023/9/15 21:00,0,0,0,15.632,,,,,,,,,,,,,
2023/9/15 22:00,0.03,0.007,0.045,15.656,,,,,,,,,,,,,
2023/9/15 23:00,0.152,0.054,0.132,16.631,,,,,,,,,,,,,
2023/9/16 0:00,0.295,0.126,0.22,18.213,,,,,,,,,,,,,
2023/9/16 1:00,0.416,0.213,0.279,19.786,,,,,,,,,,,,,
2023/9/16 2:00,0.548,0.368,0.3,21.383,,,,,,,,,,,,,
2023/9/16 3:00,0.606,0.445,0.309,22.935,,,,,,,,,,,,,
2023/9/16 4:00,0.59,0.418,0.319,24.253,,,,,,,,,,,,,
2023/9/16 5:00,0.482,0.265,0.328,25.003,,,,,,,,,,,,,
2023/9/16 6:00,0.359,0.143,0.292,25.132,,,,,,,,,,,,,
2023/9/16 7:00,0.251,0.08,0.226,24.862,,,,,,,,,,,,,
2023/9/16 8:00,0.129,0.028,0.138,24.138,,,,,,,,,,,,,
2023/9/16 9:00,0.027,0.004,0.046,22.213,,,,,,,,,,,,,
2023/9/16 10:00,0,0,0.001,19.901,,,,,,,,,,,,,
2023/9/16 11:00,0,0,0,18.739,,,,,,,,,,,,,
2023/9/16 12:00,0,0,0,17.727,,,,,,,,,,,,,
2023/9/16 13:00,0,0,0,16.976,,,,,,,,,,,,,
2023/9/16 14:00,0,0,0,16.329,,,,,,,,,,,,,
2023/9/16 15:00,0,0,0,15.65,,,,,,,,,,,,,
2023/9/16 16:00,0,0,0,14.92,,,,,,,,,,,,,
2023/9/16 17:00,0,0,0,14.32,,,,,,,,,,,,,
2023/9/16 18:00,0,0,0,13.947,,,,,,,,,,,,,
2023/9/16 19:00,0,0,0,13.748,,,,,,,,,,,,,
2023/9/16 20:00,0,0,0,13.575,,,,,,,,,,,,,
2023/9/16 21:00,0,0,0,13.383,,,,,,,,,,,,,
2023/9/16 22:00,0.032,0.008,0.048,14.636,,,,,,,,,,,,,
2023/9/16 23:00,0.18,0.076,0.14,16.815,,,,,,,,,,,,,
2023/9/17 0:00,0.357,0.209,0.213,20.04,,,,,,,,,,,,,
2023/9/17 1:00,0.494,0.343,0.258,22.928,,,,,,,,,,,,,
2023/9/17 2:00,0.546,0.368,0.31,24.76,,,,,,,,,,,,,
2023/9/17 3:00,0.518,0.286,0.357,25.801,,,,,,,,,,,,,
2023/9/17 4:00,0.42,0.148,0.365,25.999,,,,,,,,,,,,,
2023/9/17 5:00,0.219,0.024,0.246,25.123,,,,,,,,,,,,,
2023/9/17 6:00,0.169,0.016,0.197,24.458,,,,,,,,,,,,,
2023/9/17 7:00,0.147,0.017,0.17,23.954,,,,,,,,,,,,,
2023/9/17 8:00,0.036,0.002,0.06,22.376,,,,,,,,,,,,,
2023/9/17 9:00,0,0,0.012,20.638,,,,,,,,,,,,,
2023/9/17 10:00,0,0,0,19.391,,,,,,,,,,,,,
2023/9/17 11:00,0,0,0,18.613,,,,,,,,,,,,,
2023/9/17 12:00,0,0,0,17.943,,,,,,,,,,,,,
2023/9/17 13:00,0,0,0,17.299,,,,,,,,,,,,,
2023/9/17 14:00,0,0,0,16.499,,,,,,,,,,,,,
2023/9/17 15:00,0,0,0,15.629,,,,,,,,,,,,,
2023/9/17 16:00,0,0,0,14.931,,,,,,,,,,,,,
2023/9/17 17:00,0,0,0,14.135,,,,,,,,,,,,,
2023/9/17 18:00,0,0,0,13.326,,,,,,,,,,,,,
2023/9/17 19:00,0,0,0,12.487,,,,,,,,,,,,,
2023/9/17 20:00,0,0,0,11.643,,,,,,,,,,,,,
2023/9/17 21:00,0,0,0,11.212,,,,,,,,,,,,,
2023/9/17 22:00,0.042,0.014,0.052,12.328,,,,,,,,,,,,,
2023/9/17 23:00,0.225,0.126,0.136,14.683,,,,,,,,,,,,,
2023/9/18 0:00,0.431,0.36,0.147,17.926,,,,,,,,,,,,,
2023/9/18 1:00,0.58,0.548,0.168,22.405,,,,,,,,,,,,,
2023/9/18 2:00,0.675,0.684,0.183,25.127,,,,,,,,,,,,,
2023/9/18 3:00,0.734,0.785,0.183,26.462,,,,,,,,,,,,,
2023/9/18 4:00,0.734,0.787,0.184,26.952,,,,,,,,,,,,,
2023/9/18 5:00,0.683,0.707,0.182,26.945,,,,,,,,,,,,,
2023/9/18 6:00,0.588,0.576,0.169,26.453,,,,,,,,,,,,,
2023/9/18 7:00,0.437,0.382,0.151,25.372,,,,,,,,,,,,,
2023/9/18 8:00,0.243,0.174,0.121,23.564,,,,,,,,,,,,,
2023/9/18 9:00,0.058,0.028,0.057,20.709,,,,,,,,,,,,,
2023/9/18 10:00,0,0,0.001,17.282,,,,,,,,,,,,,
2023/9/18 11:00,0,0,0,15.442,,,,,,,,,,,,,
2023/9/18 12:00,0,0,0,14.311,,,,,,,,,,,,,
2023/9/18 13:00,0,0,0,13.421,,,,,,,,,,,,,
2023/9/18 14:00,0,0,0,12.615,,,,,,,,,,,,,
2023/9/18 15:00,0,0,0,11.85,,,,,,,,,,,,,
2023/9/18 16:00,0,0,0,11.16,,,,,,,,,,,,,
2023/9/18 17:00,0,0,0,10.596,,,,,,,,,,,,,
2023/9/18 18:00,0,0,0,10.139,,,,,,,,,,,,,
2023/9/18 19:00,0,0,0,9.763,,,,,,,,,,,,,
2023/9/18 20:00,0,0,0,9.456,,,,,,,,,,,,,
2023/9/18 21:00,0,0,0,9.152,,,,,,,,,,,,,
2023/9/18 22:00,0.057,0.037,0.045,10.488,,,,,,,,,,,,,
2023/9/18 23:00,0.272,0.218,0.095,13.448,,,,,,,,,,,,,
2023/9/19 0:00,0.478,0.436,0.123,16.06,,,,,,,,,,,,,
2023/9/19 1:00,0.634,0.628,0.143,17.684,,,,,,,,,,,,,
2023/9/19 2:00,0.733,0.766,0.158,19.181,,,,,,,,,,,,,
2023/9/19 3:00,0.747,0.763,0.188,20.312,,,,,,,,,,,,,
2023/9/19 4:00,0.768,0.816,0.175,21.189,,,,,,,,,,,,,
2023/9/19 5:00,0.727,0.765,0.164,21.668,,,,,,,,,,,,,
2023/9/19 6:00,0.606,0.584,0.165,21.575,,,,,,,,,,,,,
2023/9/19 7:00,0.431,0.357,0.158,21.022,,,,,,,,,,,,,
2023/9/19 8:00,0.226,0.145,0.126,19.997,,,,,,,,,,,,,
2023/9/19 9:00,0.052,0.024,0.055,18.12,,,,,,,,,,,,,
2023/9/19 10:00,0,0,0.001,14.993,,,,,,,,,,,,,
2023/9/19 11:00,0,0,0,14.068,,,,,,,,,,,,,
2023/9/19 12:00,0,0,0,13.329,,,,,,,,,,,,,
2023/9/19 13:00,0,0,0,12.662,,,,,,,,,,,,,
2023/9/19 14:00,0,0,0,12.133,,,,,,,,,,,,,
2023/9/19 15:00,0,0,0,11.763,,,,,,,,,,,,,
2023/9/19 16:00,0,0,0,11.491,,,,,,,,,,,,,
2023/9/19 17:00,0,0,0,10.945,,,,,,,,,,,,,
2023/9/19 18:00,0,0,0,10.337,,,,,,,,,,,,,
2023/9/19 19:00,0,0,0,9.811,,,,,,,,,,,,,
2023/9/19 20:00,0,0,0,9.221,,,,,,,,,,,,,
2023/9/19 21:00,0,0,0,8.575,,,,,,,,,,,,,
2023/9/19 22:00,0.054,0.034,0.044,9.569,,,,,,,,,,,,,
2023/9/19 23:00,0.268,0.213,0.095,12.33,,,,,,,,,,,,,
2023/9/20 0:00,0.476,0.436,0.121,15.852,,,,,,,,,,,,,
2023/9/20 1:00,0.631,0.63,0.14,18.504,,,,,,,,,,,,,
2023/9/20 2:00,0.731,0.773,0.154,20.081,,,,,,,,,,,,,
2023/9/20 3:00,0.781,0.849,0.161,21.168,,,,,,,,,,,,,
2023/9/20 4:00,0.779,0.848,0.163,21.757,,,,,,,,,,,,,
2023/9/20 5:00,0.724,0.763,0.162,21.962,,,,,,,,,,,,,
2023/9/20 6:00,0.622,0.621,0.151,21.825,,,,,,,,,,,,,
2023/9/20 7:00,0.452,0.399,0.142,21.252,,,,,,,,,,,,,
2023/9/20 8:00,0.254,0.19,0.112,20.249,,,,,,,,,,,,,
2023/9/20 9:00,0.06,0.034,0.053,17.811,,,,,,,,,,,,,
2023/9/20 10:00,0,0,0.001,14.821,,,,,,,,,,,,,
2023/9/20 11:00,0,0,0,13.849,,,,,,,,,,,,,
2023/9/20 12:00,0,0,0,12.926,,,,,,,,,,,,,
2023/9/20 13:00,0,0,0,11.983,,,,,,,,,,,,,
2023/9/20 14:00,0,0,0,11.27,,,,,,,,,,,,,
2023/9/20 15:00,0,0,0,10.765,,,,,,,,,,,,,
2023/9/20 16:00,0,0,0,10.412,,,,,,,,,,,,,
2023/9/20 17:00,0,0,0,10.13,,,,,,,,,,,,,
2023/9/20 18:00,0,0,0,9.878,,,,,,,,,,,,,
2023/9/20 19:00,0,0,0,9.68,,,,,,,,,,,,,
2023/9/20 20:00,0,0,0,9.534,,,,,,,,,,,,,
2023/9/20 21:00,0,0,0,9.324,,,,,,,,,,,,,
2023/9/20 22:00,0.054,0.037,0.041,10.707,,,,,,,,,,,,,
2023/9/20 23:00,0.27,0.222,0.09,14.065,,,,,,,,,,,,,
2023/9/21 0:00,0.472,0.434,0.124,18.065,,,,,,,,,,,,,
2023/9/21 1:00,0.622,0.628,0.145,21.834,,,,,,,,,,,,,
2023/9/21 2:00,0.721,0.769,0.159,23.33,,,,,,,,,,,,,
2023/9/21 3:00,0.77,0.848,0.166,24.363,,,,,,,,,,,,,
2023/9/21 4:00,0.769,0.85,0.168,25.07,,,,,,,,,,,,,
2023/9/21 5:00,0.718,0.772,0.164,25.478,,,,,,,,,,,,,
2023/9/21 6:00,0.597,0.587,0.165,25.467,,,,,,,,,,,,,
2023/9/21 7:00,0.416,0.344,0.162,25.006,,,,,,,,,,,,,
2023/9/21 8:00,0.219,0.142,0.126,23.983,,,,,,,,,,,,,
2023/9/21 9:00,0.054,0.029,0.052,21.141,,,,,,,,,,,,,
2023/9/21 10:00,0,0,0,19.925,,,,,,,,,,,,,
2023/9/21 11:00,0,0,0,19.698,,,,,,,,,,,,,
2023/9/21 12:00,0,0,0,17.39,,,,,,,,,,,,,
2023/9/21 13:00,0,0,0,14.978,,,,,,,,,,,,,
2023/9/21 14:00,0,0,0,13.797,,,,,,,,,,,,,
2023/9/21 15:00,0,0,0,13.646,,,,,,,,,,,,,
2023/9/21 16:00,0,0,0,13.639,,,,,,,,,,,,,
2023/9/21 17:00,0,0,0,12.776,,,,,,,,,,,,,
2023/9/21 18:00,0,0,0,11.784,,,,,,,,,,,,,
2023/9/21 19:00,0,0,0,11.311,,,,,,,,,,,,,
2023/9/21 20:00,0,0,0,11.036,,,,,,,,,,,,,
2023/9/21 21:00,0,0,0,10.768,,,,,,,,,,,,,
2023/9/21 22:00,0.014,0.004,0.03,10.721,,,,,,,,,,,,,
2023/9/21 23:00,0.162,0.07,0.123,11.926,,,,,,,,,,,,,
2023/9/22 0:00,0.326,0.186,0.189,13.738,,,,,,,,,,,,,
2023/9/22 1:00,0.485,0.341,0.225,15.3,,,,,,,,,,,,,
2023/9/22 2:00,0.652,0.582,0.212,16.982,,,,,,,,,,,,,
2023/9/22 3:00,0.759,0.773,0.186,18.552,,,,,,,,,,,,,
2023/9/22 4:00,0.759,0.779,0.187,19.506,,,,,,,,,,,,,
2023/9/22 5:00,0.71,0.714,0.179,20.01,,,,,,,,,,,,,
2023/9/22 6:00,0.621,0.604,0.159,20.077,,,,,,,,,,,,,
2023/9/22 7:00,0.476,0.434,0.134,19.669,,,,,,,,,,,,,
2023/9/22 8:00,0.273,0.218,0.104,18.673,,,,,,,,,,,,,
2023/9/22 9:00,0.06,0.037,0.05,16.079,,,,,,,,,,,,,
2023/9/22 10:00,0,0,0,12.762,,,,,,,,,,,,,
2023/9/22 11:00,0,0,0,11.838,,,,,,,,,,,,,
2023/9/22 12:00,0,0,0,11.165,,,,,,,,,,,,,
2023/9/22 13:00,0,0,0,10.724,,,,,,,,,,,,,
2023/9/22 14:00,0,0,0,10.66,,,,,,,,,,,,,
2023/9/22 15:00,0,0,0,10.693,,,,,,,,,,,,,
2023/9/22 16:00,0,0,0,10.52,,,,,,,,,,,,,
2023/9/22 17:00,0,0,0,10.114,,,,,,,,,,,,,
2023/9/22 18:00,0,0,0,9.568,,,,,,,,,,,,,
2023/9/22 19:00,0,0,0,9.132,,,,,,,,,,,,,
2023/9/22 20:00,0,0,0,8.819,,,,,,,,,,,,,
2023/9/22 21:00,0,0,0,8.814,,,,,,,,,,,,,
2023/9/22 22:00,0.03,0.013,0.038,9.439,,,,,,,,,,,,,
2023/9/22 23:00,0.17,0.08,0.12,11.843,,,,,,,,,,,,,
2023/9/23 0:00,0.337,0.205,0.182,14.619,,,,,,,,,,,,,
2023/9/23 1:00,0.509,0.395,0.208,17.598,,,,,,,,,,,,,
2023/9/23 2:00,0.671,0.639,0.194,19.474,,,,,,,,,,,,,
2023/9/23 3:00,0.766,0.813,0.173,20.908,,,,,,,,,,,,,
2023/9/23 4:00,0.769,0.823,0.172,21.938,,,,,,,,,,,,,
2023/9/23 5:00,0.712,0.739,0.171,22.53,,,,,,,,,,,,,
2023/9/23 6:00,0.61,0.6,0.159,22.647,,,,,,,,,,,,,
2023/9/23 7:00,0.461,0.42,0.136,22.216,,,,,,,,,,,,,
2023/9/23 8:00,0.251,0.191,0.109,21.051,,,,,,,,,,,,,
2023/9/23 9:00,0.052,0.04,0.038,18.106,,,,,,,,,,,,,
2023/9/23 10:00,0,0,0,15.528,,,,,,,,,,,,,
2023/9/23 11:00,0,0,0,14.846,,,,,,,,,,,,,
2023/9/23 12:00,0,0,0,14.036,,,,,,,,,,,,,
2023/9/23 13:00,0,0,0,12.968,,,,,,,,,,,,,
2023/9/23 14:00,0,0,0,12.139,,,,,,,,,,,,,
2023/9/23 15:00,0,0,0,11.579,,,,,,,,,,,,,
2023/9/23 16:00,0,0,0,10.892,,,,,,,,,,,,,
2023/9/23 17:00,0,0,0,10.529,,,,,,,,,,,,,
2023/9/23 18:00,0,0,0,10.192,,,,,,,,,,,,,
2023/9/23 19:00,0,0,0,9.946,,,,,,,,,,,,,
2023/9/23 20:00,0,0,0,9.799,,,,,,,,,,,,,
2023/9/23 21:00,0,0,0,9.557,,,,,,,,,,,,,
2023/9/23 22:00,0.015,0.005,0.03,10.568,,,,,,,,,,,,,
2023/9/23 23:00,0.081,0.015,0.093,12.53,,,,,,,,,,,,,
2023/9/24 0:00,0.22,0.053,0.206,15.119,,,,,,,,,,,,,
2023/9/24 1:00,0.169,0.015,0.19,16.994,,,,,,,,,,,,,
2023/9/24 2:00,0.181,0.014,0.205,17.551,,,,,,,,,,,,,
2023/9/24 3:00,0.204,0.016,0.228,17.905,,,,,,,,,,,,,
2023/9/24 4:00,0.239,0.024,0.259,18.289,,,,,,,,,,,,,
2023/9/24 5:00,0.246,0.029,0.262,18.588,,,,,,,,,,,,,
2023/9/24 6:00,0.183,0.018,0.204,18.386,,,,,,,,,,,,,
2023/9/24 7:00,0.146,0.016,0.165,17.998,,,,,,,,,,,,,
2023/9/24 8:00,0.092,0.012,0.11,17.249,,,,,,,,,,,,,
2023/9/24 9:00,0.018,0.004,0.035,15.432,,,,,,,,,,,,,
2023/9/24 10:00,0,0,0,13.826,,,,,,,,,,,,,
2023/9/24 11:00,0,0,0,13.38,,,,,,,,,,,,,
2023/9/24 12:00,0,0,0,12.846,,,,,,,,,,,,,
2023/9/24 13:00,0,0,0,12.228,,,,,,,,,,,,,
2023/9/24 14:00,0,0,0,11.657,,,,,,,,,,,,,
2023/9/24 15:00,0,0,0,10.915,,,,,,,,,,,,,
2023/9/24 16:00,0,0,0,10.404,,,,,,,,,,,,,
2023/9/24 17:00,0,0,0,10.013,,,,,,,,,,,,,
2023/9/24 18:00,0,0,0,9.626,,,,,,,,,,,,,
2023/9/24 19:00,0,0,0,9.309,,,,,,,,,,,,,
2023/9/24 20:00,0,0,0,9.029,,,,,,,,,,,,,
2023/9/24 21:00,0,0,0,8.753,,,,,,,,,,,,,
2023/9/24 22:00,0.021,0.006,0.035,9.661,,,,,,,,,,,,,
2023/9/24 23:00,0.121,0.028,0.122,12.225,,,,,,,,,,,,,
2023/9/25 0:00,0.209,0.052,0.193,14.459,,,,,,,,,,,,,
2023/9/25 1:00,0.264,0.06,0.25,17.062,,,,,,,,,,,,,
2023/9/25 2:00,0.314,0.074,0.296,19.37,,,,,,,,,,,,,
2023/9/25 3:00,0.356,0.095,0.328,20.989,,,,,,,,,,,,,
2023/9/25 4:00,0.35,0.091,0.328,22.058,,,,,,,,,,,,,
2023/9/25 5:00,0.409,0.168,0.326,23.172,,,,,,,,,,,,,
2023/9/25 6:00,0.392,0.194,0.279,23.898,,,,,,,,,,,,,
2023/9/25 7:00,0.271,0.111,0.217,23.797,,,,,,,,,,,,,
2023/9/25 8:00,0.177,0.082,0.137,22.938,,,,,,,,,,,,,
2023/9/25 9:00,0.045,0.03,0.041,19.138,,,,,,,,,,,,,
2023/9/25 10:00,0,0,0,16.148,,,,,,,,,,,,,
2023/9/25 11:00,0,0,0,15.389,,,,,,,,,,,,,
2023/9/25 12:00,0,0,0,14.616,,,,,,,,,,,,,
2023/9/25 13:00,0,0,0,13.8,,,,,,,,,,,,,
2023/9/25 14:00,0,0,0,13.107,,,,,,,,,,,,,
2023/9/25 15:00,0,0,0,12.64,,,,,,,,,,,,,
2023/9/25 16:00,0,0,0,12.53,,,,,,,,,,,,,
2023/9/25 17:00,0,0,0,12.483,,,,,,,,,,,,,
2023/9/25 18:00,0,0,0,12.527,,,,,,,,,,,,,
2023/9/25 19:00,0,0,0,12.46,,,,,,,,,,,,,
2023/9/25 20:00,0,0,0,12.405,,,,,,,,,,,,,
2023/9/25 21:00,0,0,0,12.454,,,,,,,,,,,,,
2023/9/25 22:00,0.002,0.001,0.017,13.002,,,,,,,,,,,,,
2023/9/25 23:00,0.077,0.011,0.093,15.445,,,,,,,,,,,,,
2023/9/26 0:00,0.135,0.02,0.148,17.239,,,,,,,,,,,,,
2023/9/26 1:00,0.297,0.097,0.254,19.946,,,,,,,,,,,,,
2023/9/26 2:00,0.484,0.299,0.292,23.912,,,,,,,,,,,,,
2023/9/26 3:00,0.595,0.475,0.279,26.299,,,,,,,,,,,,,
2023/9/26 4:00,0.619,0.527,0.267,27.264,,,,,,,,,,,,,
2023/9/26 5:00,0.622,0.572,0.227,27.735,,,,,,,,,,,,,
2023/9/26 6:00,0.537,0.475,0.201,27.661,,,,,,,,,,,,,
2023/9/26 7:00,0.393,0.312,0.171,27.106,,,,,,,,,,,,,
2023/9/26 8:00,0.208,0.134,0.123,25.673,,,,,,,,,,,,,
2023/9/26 9:00,0.036,0.025,0.037,21.813,,,,,,,,,,,,,
2023/9/26 10:00,0,0,0,19.121,,,,,,,,,,,,,
2023/9/26 11:00,0,0,0,17.94,,,,,,,,,,,,,
2023/9/26 12:00,0,0,0,16.962,,,,,,,,,,,,,
2023/9/26 13:00,0,0,0,16.202,,,,,,,,,,,,,
2023/9/26 14:00,0,0,0,15.696,,,,,,,,,,,,,
2023/9/26 15:00,0,0,0,15.47,,,,,,,,,,,,,
2023/9/26 16:00,0,0,0,14.847,,,,,,,,,,,,,
2023/9/26 17:00,0,0,0,13.855,,,,,,,,,,,,,
2023/9/26 18:00,0,0,0,12.204,,,,,,,,,,,,,
2023/9/26 19:00,0,0,0,11.572,,,,,,,,,,,,,
2023/9/26 20:00,0,0,0,11.754,,,,,,,,,,,,,
2023/9/26 21:00,0,0,0,11.508,,,,,,,,,,,,,
2023/9/26 22:00,0.005,0.002,0.02,11.623,,,,,,,,,,,,,
2023/9/26 23:00,0.072,0.011,0.087,13.471,,,,,,,,,,,,,
2023/9/27 0:00,0.204,0.066,0.175,15.523,,,,,,,,,,,,,
2023/9/27 1:00,0.465,0.338,0.212,18.414,,,,,,,,,,,,,
2023/9/27 2:00,0.615,0.546,0.209,20.15,,,,,,,,,,,,,
2023/9/27 3:00,0.73,0.751,0.181,21.379,,,,,,,,,,,,,
2023/9/27 4:00,0.783,0.871,0.15,22.328,,,,,,,,,,,,,
2023/9/27 5:00,0.743,0.82,0.14,22.662,,,,,,,,,,,,,
2023/9/27 6:00,0.643,0.678,0.128,22.415,,,,,,,,,,,,,
2023/9/27 7:00,0.491,0.483,0.11,21.578,,,,,,,,,,,,,
2023/9/27 8:00,0.286,0.256,0.083,20.106,,,,,,,,,,,,,
2023/9/27 9:00,0.062,0.064,0.025,16.981,,,,,,,,,,,,,
2023/9/27 10:00,0,0,0,13.23,,,,,,,,,,,,,
2023/9/27 11:00,0,0,0,12.097,,,,,,,,,,,,,
2023/9/27 12:00,0,0,0,11.036,,,,,,,,,,,,,
2023/9/27 13:00,0,0,0,10.151,,,,,,,,,,,,,
2023/9/27 14:00,0,0,0,9.527,,,,,,,,,,,,,
2023/9/27 15:00,0,0,0,8.974,,,,,,,,,,,,,
2023/9/27 16:00,0,0,0,8.437,,,,,,,,,,,,,
2023/9/27 17:00,0,0,0,7.937,,,,,,,,,,,,,
2023/9/27 18:00,0,0,0,7.491,,,,,,,,,,,,,
2023/9/27 19:00,0,0,0,7.093,,,,,,,,,,,,,
2023/9/27 20:00,0,0,0,6.755,,,,,,,,,,,,,
2023/9/27 21:00,0,0,0,6.446,,,,,,,,,,,,,
2023/9/27 22:00,0.037,0.03,0.029,7.196,,,,,,,,,,,,,
2023/9/27 23:00,0.258,0.212,0.081,10.515,,,,,,,,,,,,,
2023/9/28 0:00,0.476,0.451,0.102,14.469,,,,,,,,,,,,,
2023/9/28 1:00,0.633,0.65,0.121,17.857,,,,,,,,,,,,,
2023/9/28 2:00,0.736,0.795,0.134,19.438,,,,,,,,,,,,,
2023/9/28 3:00,0.785,0.874,0.141,20.653,,,,,,,,,,,,,
2023/9/28 4:00,0.784,0.877,0.142,21.697,,,,,,,,,,,,,
2023/9/28 5:00,0.733,0.805,0.137,22.457,,,,,,,,,,,,,
2023/9/28 6:00,0.629,0.66,0.127,22.836,,,,,,,,,,,,,
2023/9/28 7:00,0.474,0.465,0.109,22.699,,,,,,,,,,,,,
2023/9/28 8:00,0.269,0.238,0.084,21.701,,,,,,,,,,,,,
2023/9/28 9:00,0.052,0.054,0.025,17.933,,,,,,,,,,,,,
2023/9/28 10:00,0,0,0,16.921,,,,,,,,,,,,,
2023/9/28 11:00,0,0,0,17.258,,,,,,,,,,,,,
2023/9/28 12:00,0,0,0,15.834,,,,,,,,,,,,,
2023/9/28 13:00,0,0,0,13.2,,,,,,,,,,,,,
2023/9/28 14:00,0,0,0,11.324,,,,,,,,,,,,,
2023/9/28 15:00,0,0,0,10.527,,,,,,,,,,,,,
2023/9/28 16:00,0,0,0,9.859,,,,,,,,,,,,,
2023/9/28 17:00,0,0,0,9.383,,,,,,,,,,,,,
2023/9/28 18:00,0,0,0,9.246,,,,,,,,,,,,,
2023/9/28 19:00,0,0,0,9.147,,,,,,,,,,,,,
2023/9/28 20:00,0,0,0,8.542,,,,,,,,,,,,,
2023/9/28 21:00,0,0,0,8.19,,,,,,,,,,,,,
2023/9/28 22:00,0.018,0.012,0.026,8.944,,,,,,,,,,,,,
2023/9/28 23:00,0.148,0.074,0.103,11.768,,,,,,,,,,,,,
2023/9/29 0:00,0.337,0.231,0.158,15.137,,,,,,,,,,,,,
2023/9/29 1:00,0.578,0.555,0.145,19.029,,,,,,,,,,,,,
2023/9/29 2:00,0.683,0.702,0.158,21.322,,,,,,,,,,,,,
2023/9/29 3:00,0.757,0.83,0.151,22.582,,,,,,,,,,,,,
2023/9/29 4:00,0.77,0.862,0.145,23.228,,,,,,,,,,,,,
2023/9/29 5:00,0.727,0.801,0.137,23.361,,,,,,,,,,,,,
2023/9/29 6:00,0.629,0.661,0.126,22.859,,,,,,,,,,,,,
2023/9/29 7:00,0.471,0.457,0.111,21.609,,,,,,,,,,,,,
2023/9/29 8:00,0.261,0.223,0.086,19.718,,,,,,,,,,,,,
2023/9/29 9:00,0.045,0.044,0.025,16.996,,,,,,,,,,,,,
2023/9/29 10:00,0,0,0,13.967,,,,,,,,,,,,,
2023/9/29 11:00,0,0,0,12.768,,,,,,,,,,,,,
2023/9/29 12:00,0,0,0,11.829,,,,,,,,,,,,,
2023/9/29 13:00,0,0,0,10.929,,,,,,,,,,,,,
2023/9/29 14:00,0,0,0,10.33,,,,,,,,,,,,,
2023/9/29 15:00,0,0,0,9.693,,,,,,,,,,,,,
2023/9/29 16:00,0,0,0,9.084,,,,,,,,,,,,,
2023/9/29 17:00,0,0,0,8.478,,,,,,,,,,,,,
2023/9/29 18:00,0,0,0,7.988,,,,,,,,,,,,,
2023/9/29 19:00,0,0,0,7.592,,,,,,,,,,,,,
2023/9/29 20:00,0,0,0,7.239,,,,,,,,,,,,,
2023/9/29 21:00,0,0,0,6.867,,,,,,,,,,,,,
2023/9/29 22:00,0.031,0.027,0.026,6.944,,,,,,,,,,,,,
2023/9/29 23:00,0.25,0.206,0.077,9.086,,,,,,,,,,,,,
2023/9/30 0:00,0.469,0.434,0.105,12.915,,,,,,,,,,,,,
2023/9/30 1:00,0.631,0.634,0.124,15.655,,,,,,,,,,,,,
2023/9/30 2:00,0.737,0.781,0.137,17.222,,,,,,,,,,,,,
2023/9/30 3:00,0.768,0.816,0.155,18.183,,,,,,,,,,,,,
2023/9/30 4:00,0.767,0.818,0.157,18.798,,,,,,,,,,,,,
2023/9/30 5:00,0.71,0.734,0.155,19.083,,,,,,,,,,,,,
2023/9/30 6:00,0.589,0.563,0.152,18.978,,,,,,,,,,,,,
2023/9/30 7:00,0.413,0.346,0.14,18.41,,,,,,,,,,,,,
2023/9/30 8:00,0.196,0.128,0.107,17.316,,,,,,,,,,,,,
2023/9/30 9:00,0.026,0.021,0.028,14.885,,,,,,,,,,,,,
2023/9/30 10:00,0,0,0,12.069,,,,,,,,,,,,,
2023/9/30 11:00,0,0,0,11.036,,,,,,,,,,,,,
2023/9/30 12:00,0,0,0,10.14,,,,,,,,,,,,,
2023/9/30 13:00,0,0,0,9.408,,,,,,,,,,,,,
2023/9/30 14:00,0,0,0,8.773,,,,,,,,,,,,,
2023/9/30 15:00,0,0,0,8.196,,,,,,,,,,,,,
2023/9/30 16:00,0,0,0,7.696,,,,,,,,,,,,,
2023/9/30 17:00,0,0,0,7.264,,,,,,,,,,,,,
2023/9/30 18:00,0,0,0,6.844,,,,,,,,,,,,,
2023/9/30 19:00,0,0,0,6.408,,,,,,,,,,,,,
2023/9/30 20:00,0,0,0,5.922,,,,,,,,,,,,,
2023/9/30 21:00,0,0,0,5.5,,,,,,,,,,,,,
2023/9/30 22:00,0.029,0.025,0.024,5.979,,,,,,,,,,,,,
2023/9/30 23:00,0.244,0.199,0.078,9.275,,,,,,,,,,,,,
2023/10/1 0:00,0.463,0.427,0.105,12.994,,,,,,,,,,,,,
2023/10/1 1:00,0.622,0.627,0.124,16.767,,,,,,,,,,,,,
2023/10/1 2:00,0.726,0.772,0.137,18.415,,,,,,,,,,,,,
2023/10/1 3:00,0.782,0.86,0.142,19.57,,,,,,,,,,,,,
2023/10/1 4:00,0.78,0.862,0.144,20.396,,,,,,,,,,,,,
2023/10/1 5:00,0.729,0.788,0.139,20.892,,,,,,,,,,,,,
2023/10/1 6:00,0.622,0.64,0.129,20.978,,,,,,,,,,,,,
2023/10/1 7:00,0.467,0.448,0.111,20.588,,,,,,,,,,,,,
2023/10/1 8:00,0.261,0.226,0.083,19.522,,,,,,,,,,,,,
2023/10/1 9:00,0.042,0.045,0.022,15.696,,,,,,,,,,,,,
2023/10/1 10:00,0,0,0,14.001,,,,,,,,,,,,,
2023/10/1 11:00,0,0,0,13.905,,,,,,,,,,,,,
2023/10/1 12:00,0,0,0,13.603,,,,,,,,,,,,,
2023/10/1 13:00,0,0,0,13.022,,,,,,,,,,,,,
2023/10/1 14:00,0,0,0,11.558,,,,,,,,,,,,,
2023/10/1 15:00,0,0,0,10.002,,,,,,,,,,,,,
2023/10/1 16:00,0,0,0,8.669,,,,,,,,,,,,,
2023/10/1 17:00,0,0,0,7.782,,,,,,,,,,,,,
2023/10/1 18:00,0,0,0,7.206,,,,,,,,,,,,,
2023/10/1 19:00,0,0,0,6.763,,,,,,,,,,,,,
2023/10/1 20:00,0,0,0,6.379,,,,,,,,,,,,,
2023/10/1 21:00,0,0,0,6.092,,,,,,,,,,,,,
2023/10/1 22:00,0.018,0.018,0.019,6.783,,,,,,,,,,,,,
2023/10/1 23:00,0.147,0.078,0.098,10.709,,,,,,,,,,,,,
2023/10/2 0:00,0.389,0.3,0.146,13.889,,,,,,,,,,,,,
2023/10/2 1:00,0.604,0.588,0.144,18.3,,,,,,,,,,,,,
2023/10/2 2:00,0.704,0.732,0.159,21.385,,,,,,,,,,,,,
2023/10/2 3:00,0.748,0.801,0.169,23.008,,,,,,,,,,,,,
2023/10/2 4:00,0.742,0.795,0.173,24.178,,,,,,,,,,,,,
2023/10/2 5:00,0.689,0.719,0.168,24.899,,,,,,,,,,,,,
2023/10/2 6:00,0.552,0.514,0.173,25.006,,,,,,,,,,,,,
2023/10/2 7:00,0.214,0.079,0.184,23.961,,,,,,,,,,,,,
2023/10/2 8:00,0.041,0.005,0.062,21.275,,,,,,,,,,,,,
2023/10/2 9:00,0.001,0.001,0.015,19.08,,,,,,,,,,,,,
2023/10/2 10:00,0,0,0,17.58,,,,,,,,,,,,,
2023/10/2 11:00,0,0,0,16.536,,,,,,,,,,,,,
2023/10/2 12:00,0,0,0,15.487,,,,,,,,,,,,,
2023/10/2 13:00,0,0,0,14.571,,,,,,,,,,,,,
2023/10/2 14:00,0,0,0,13.589,,,,,,,,,,,,,
2023/10/2 15:00,0,0,0,12.856,,,,,,,,,,,,,
2023/10/2 16:00,0,0,0,12.617,,,,,,,,,,,,,
2023/10/2 17:00,0,0,0,12.606,,,,,,,,,,,,,
2023/10/2 18:00,0,0,0,12.399,,,,,,,,,,,,,
2023/10/2 19:00,0,0,0,12.123,,,,,,,,,,,,,
2023/10/2 20:00,0,0,0,11.707,,,,,,,,,,,,,
2023/10/2 21:00,0,0,0,11.445,,,,,,,,,,,,,
2023/10/2 22:00,0.006,0.006,0.017,11.485,,,,,,,,,,,,,
2023/10/2 23:00,0.143,0.071,0.102,12.796,,,,,,,,,,,,,
2023/10/3 0:00,0.392,0.324,0.13,15.804,,,,,,,,,,,,,
2023/10/3 1:00,0.568,0.543,0.145,19.669,,,,,,,,,,,,,
2023/10/3 2:00,0.677,0.702,0.155,22.536,,,,,,,,,,,,,
2023/10/3 3:00,0.736,0.799,0.157,24.119,,,,,,,,,,,,,
2023/10/3 4:00,0.738,0.808,0.157,24.858,,,,,,,,,,,,,
2023/10/3 5:00,0.689,0.736,0.152,24.964,,,,,,,,,,,,,
2023/10/3 6:00,0.593,0.604,0.138,24.57,,,,,,,,,,,,,
2023/10/3 7:00,0.402,0.349,0.135,23.508,,,,,,,,,,,,,
2023/10/3 8:00,0.21,0.158,0.096,21.738,,,,,,,,,,,,,
2023/10/3 9:00,0.027,0.027,0.023,18.084,,,,,,,,,,,,,
2023/10/3 10:00,0,0,0,15.024,,,,,,,,,,,,,
2023/10/3 11:00,0,0,0,13.469,,,,,,,,,,,,,
2023/10/3 12:00,0,0,0,11.853,,,,,,,,,,,,,
2023/10/3 13:00,0,0,0,10.589,,,,,,,,,,,,,
2023/10/3 14:00,0,0,0,9.656,,,,,,,,,,,,,
2023/10/3 15:00,0,0,0,8.908,,,,,,,,,,,,,
2023/10/3 16:00,0,0,0,8.182,,,,,,,,,,,,,
2023/10/3 17:00,0,0,0,7.414,,,,,,,,,,,,,
2023/10/3 18:00,0,0,0,6.606,,,,,,,,,,,,,
2023/10/3 19:00,0,0,0,5.899,,,,,,,,,,,,,
2023/10/3 20:00,0,0,0,5.486,,,,,,,,,,,,,
2023/10/3 21:00,0,0,0,5.16,,,,,,,,,,,,,
2023/10/3 22:00,0.021,0.025,0.016,5.057,,,,,,,,,,,,,
2023/10/3 23:00,0.231,0.183,0.077,7.044,,,,,,,,,,,,,
2023/10/4 0:00,0.468,0.433,0.097,10.027,,,,,,,,,,,,,
2023/10/4 1:00,0.641,0.643,0.114,12.06,,,,,,,,,,,,,
2023/10/4 2:00,0.753,0.797,0.125,13.525,,,,,,,,,,,,,
2023/10/4 3:00,0.803,0.873,0.133,14.63,,,,,,,,,,,,,
2023/10/4 4:00,0.809,0.887,0.131,15.333,,,,,,,,,,,,,
2023/10/4 5:00,0.761,0.821,0.125,15.372,,,,,,,,,,,,,
2023/10/4 6:00,0.657,0.675,0.115,14.66,,,,,,,,,,,,,
2023/10/4 7:00,0.497,0.478,0.098,13.527,,,,,,,,,,,,,
2023/10/4 8:00,0.277,0.244,0.073,12.099,,,,,,,,,,,,,
2023/10/4 9:00,0.038,0.042,0.018,10.084,,,,,,,,,,,,,
2023/10/4 10:00,0,0,0,7.983,,,,,,,,,,,,,
2023/10/4 11:00,0,0,0,6.753,,,,,,,,,,,,,
2023/10/4 12:00,0,0,0,5.661,,,,,,,,,,,,,
2023/10/4 13:00,0,0,0,4.743,,,,,,,,,,,,,
2023/10/4 14:00,0,0,0,3.795,,,,,,,,,,,,,
2023/10/4 15:00,0,0,0,3.101,,,,,,,,,,,,,
2023/10/4 16:00,0,0,0,2.606,,,,,,,,,,,,,
2023/10/4 17:00,0,0,0,2.206,,,,,,,,,,,,,
2023/10/4 18:00,0,0,0,1.859,,,,,,,,,,,,,
2023/10/4 19:00,0,0,0,1.58,,,,,,,,,,,,,
2023/10/4 20:00,0,0,0,1.351,,,,,,,,,,,,,
2023/10/4 21:00,0,0,0,1.126,,,,,,,,,,,,,
2023/10/4 22:00,0.026,0.032,0.014,1.541,,,,,,,,,,,,,
2023/10/4 23:00,0.247,0.208,0.067,5.026,,,,,,,,,,,,,
2023/10/5 0:00,0.477,0.442,0.096,8.86,,,,,,,,,,,,,
2023/10/5 1:00,0.642,0.645,0.115,12.616,,,,,,,,,,,,,
2023/10/5 2:00,0.745,0.789,0.129,14.766,,,,,,,,,,,,,
2023/10/5 3:00,0.793,0.864,0.137,16.491,,,,,,,,,,,,,
2023/10/5 4:00,0.787,0.86,0.14,17.788,,,,,,,,,,,,,
2023/10/5 5:00,0.732,0.784,0.136,18.666,,,,,,,,,,,,,
2023/10/5 6:00,0.617,0.625,0.129,19.024,,,,,,,,,,,,,
2023/10/5 7:00,0.441,0.404,0.117,18.74,,,,,,,,,,,,,
2023/10/5 8:00,0.211,0.159,0.092,17.538,,,,,,,,,,,,,
2023/10/5 9:00,0.018,0.019,0.02,13.514,,,,,,,,,,,,,
2023/10/5 10:00,0,0,0,12.005,,,,,,,,,,,,,
2023/10/5 11:00,0,0,0,11.544,,,,,,,,,,,,,
2023/10/5 12:00,0,0,0,10.813,,,,,,,,,,,,,
2023/10/5 13:00,0,0,0,9.873,,,,,,,,,,,,,
2023/10/5 14:00,0,0,0,8.714,,,,,,,,,,,,,
2023/10/5 15:00,0,0,0,7.573,,,,,,,,,,,,,
2023/10/5 16:00,0,0,0,6.82,,,,,,,,,,,,,
2023/10/5 17:00,0,0,0,6.253,,,,,,,,,,,,,
2023/10/5 18:00,0,0,0,5.685,,,,,,,,,,,,,
2023/10/5 19:00,0,0,0,5.213,,,,,,,,,,,,,
2023/10/5 20:00,0,0,0,4.817,,,,,,,,,,,,,
2023/10/5 21:00,0,0,0,4.453,,,,,,,,,,,,,
2023/10/5 22:00,0.017,0.023,0.014,4.654,,,,,,,,,,,,,
2023/10/5 23:00,0.209,0.162,0.077,8.424,,,,,,,,,,,,,
2023/10/6 0:00,0.357,0.257,0.148,11.482,,,,,,,,,,,,,
2023/10/6 1:00,0.414,0.259,0.218,14.416,,,,,,,,,,,,,
2023/10/6 2:00,0.541,0.407,0.237,17.317,,,,,,,,,,,,,
2023/10/6 3:00,0.721,0.723,0.183,19.247,,,,,,,,,,,,,
2023/10/6 4:00,0.745,0.778,0.17,20.242,,,,,,,,,,,,,
2023/10/6 5:00,0.659,0.637,0.183,20.577,,,,,,,,,,,,,
2023/10/6 6:00,0.589,0.569,0.151,20.572,,,,,,,,,,,,,
2023/10/6 7:00,0.393,0.321,0.144,19.958,,,,,,,,,,,,,
2023/10/6 8:00,0.137,0.067,0.104,18.283,,,,,,,,,,,,,
2023/10/6 9:00,0.01,0.008,0.02,14.365,,,,,,,,,,,,,
2023/10/6 10:00,0,0,0,12.304,,,,,,,,,,,,,
2023/10/6 11:00,0,0,0,11.505,,,,,,,,,,,,,
2023/10/6 12:00,0,0,0,10.662,,,,,,,,,,,,,
2023/10/6 13:00,0,0,0,9.914,,,,,,,,,,,,,
2023/10/6 14:00,0,0,0,9.413,,,,,,,,,,,,,
2023/10/6 15:00,0,0,0,9.129,,,,,,,,,,,,,
2023/10/6 16:00,0,0,0,8.654,,,,,,,,,,,,,
2023/10/6 17:00,0,0,0,8.146,,,,,,,,,,,,,
2023/10/6 18:00,0,0,0,7.667,,,,,,,,,,,,,
2023/10/6 19:00,0,0,0,7.312,,,,,,,,,,,,,
2023/10/6 20:00,0,0,0,6.854,,,,,,,,,,,,,
2023/10/6 21:00,0,0,0,6.197,,,,,,,,,,,,,
2023/10/6 22:00,0.003,0.005,0.013,6.198,,,,,,,,,,,,,
2023/10/6 23:00,0.108,0.043,0.091,8.626,,,,,,,,,,,,,
2023/10/7 0:00,0.269,0.13,0.176,11.381,,,,,,,,,,,,,
2023/10/7 1:00,0.38,0.199,0.238,14.389,,,,,,,,,,,,,
2023/10/7 2:00,0.463,0.263,0.28,16.378,,,,,,,,,,,,,
2023/10/7 3:00,0.501,0.291,0.303,17.661,,,,,,,,,,,,,
2023/10/7 4:00,0.497,0.284,0.306,18.439,,,,,,,,,,,,,
2023/10/7 5:00,0.465,0.267,0.285,18.93,,,,,,,,,,,,,
2023/10/7 6:00,0.399,0.228,0.243,19.13,,,,,,,,,,,,,
2023/10/7 7:00,0.303,0.175,0.182,18.933,,,,,,,,,,,,,
2023/10/7 8:00,0.151,0.077,0.109,17.871,,,,,,,,,,,,,
2023/10/7 9:00,0.007,0.006,0.018,15.161,,,,,,,,,,,,,
2023/10/7 10:00,0,0,0,13.939,,,,,,,,,,,,,
2023/10/7 11:00,0,0,0,13.117,,,,,,,,,,,,,
2023/10/7 12:00,0,0,0,12.289,,,,,,,,,,,,,
2023/10/7 13:00,0,0,0,11.591,,,,,,,,,,,,,
2023/10/7 14:00,0,0,0,11.059,,,,,,,,,,,,,
2023/10/7 15:00,0,0,0,10.737,,,,,,,,,,,,,
2023/10/7 16:00,0,0,0,10.417,,,,,,,,,,,,,
2023/10/7 17:00,0,0,0,10.02,,,,,,,,,,,,,
2023/10/7 18:00,0,0,0,9.737,,,,,,,,,,,,,
2023/10/7 19:00,0,0,0,9.335,,,,,,,,,,,,,
2023/10/7 20:00,0,0,0,8.795,,,,,,,,,,,,,
2023/10/7 21:00,0,0,0,8.851,,,,,,,,,,,,,
2023/10/7 22:00,0,0.001,0.007,9.08,,,,,,,,,,,,,
2023/10/7 23:00,0.018,0.002,0.036,9.624,,,,,,,,,,,,,
2023/10/8 0:00,0.044,0.002,0.065,10.043,,,,,,,,,,,,,
2023/10/8 1:00,0.076,0.003,0.098,10.465,,,,,,,,,,,,,
2023/10/8 2:00,0.109,0.005,0.131,10.676,,,,,,,,,,,,,
2023/10/8 3:00,0.127,0.006,0.15,10.735,,,,,,,,,,,,,
2023/10/8 4:00,0.136,0.007,0.158,10.847,,,,,,,,,,,,,
2023/10/8 5:00,0.139,0.008,0.16,11.001,,,,,,,,,,,,,
2023/10/8 6:00,0.134,0.009,0.154,11.144,,,,,,,,,,,,,
2023/10/8 7:00,0.108,0.009,0.126,11.163,,,,,,,,,,,,,
2023/10/8 8:00,0.054,0.006,0.072,10.833,,,,,,,,,,,,,
2023/10/8 9:00,0.001,0.001,0.015,9.814,,,,,,,,,,,,,
2023/10/8 10:00,0,0,0,8.944,,,,,,,,,,,,,
2023/10/8 11:00,0,0,0,7.994,,,,,,,,,,,,,
2023/10/8 12:00,0,0,0,7.098,,,,,,,,,,,,,
2023/10/8 13:00,0,0,0,6.441,,,,,,,,,,,,,
2023/10/8 14:00,0,0,0,5.964,,,,,,,,,,,,,
2023/10/8 15:00,0,0,0,5.689,,,,,,,,,,,,,
2023/10/8 16:00,0,0,0,5.163,,,,,,,,,,,,,
2023/10/8 17:00,0,0,0,4.307,,,,,,,,,,,,,
2023/10/8 18:00,0,0,0,3.671,,,,,,,,,,,,,
2023/10/8 19:00,0,0,0,3.355,,,,,,,,,,,,,
2023/10/8 20:00,0,0,0,3.074,,,,,,,,,,,,,
2023/10/8 21:00,0,0,0,3.014,,,,,,,,,,,,,
2023/10/8 22:00,0.001,0.003,0.013,3.61,,,,,,,,,,,,,
2023/10/8 23:00,0.098,0.026,0.096,6.044,,,,,,,,,,,,,
2023/10/9 0:00,0.223,0.086,0.168,8.088,,,,,,,,,,,,,
2023/10/9 1:00,0.284,0.094,0.227,9.791,,,,,,,,,,,,,
2023/10/9 2:00,0.411,0.189,0.277,11.336,,,,,,,,,,,,,
2023/10/9 3:00,0.513,0.301,0.291,12.449,,,,,,,,,,,,,
2023/10/9 4:00,0.496,0.276,0.297,12.949,,,,,,,,,,,,,
2023/10/9 5:00,0.455,0.246,0.278,13.354,,,,,,,,,,,,,
2023/10/9 6:00,0.427,0.262,0.228,13.756,,,,,,,,,,,,,
2023/10/9 7:00,0.325,0.202,0.17,13.886,,,,,,,,,,,,,
2023/10/9 8:00,0.15,0.079,0.102,13.351,,,,,,,,,,,,,
2023/10/9 9:00,0.008,0.009,0.017,10.326,,,,,,,,,,,,,
2023/10/9 10:00,0,0,0,8.664,,,,,,,,,,,,,
2023/10/9 11:00,0,0,0,8.292,,,,,,,,,,,,,
2023/10/9 12:00,0,0,0,7.851,,,,,,,,,,,,,
2023/10/9 13:00,0,0,0,7.215,,,,,,,,,,,,,
2023/10/9 14:00,0,0,0,6.594,,,,,,,,,,,,,
2023/10/9 15:00,0,0,0,6.142,,,,,,,,,,,,,
2023/10/9 16:00,0,0,0,5.735,,,,,,,,,,,,,
2023/10/9 17:00,0,0,0,5.356,,,,,,,,,,,,,
2023/10/9 18:00,0,0,0,4.986,,,,,,,,,,,,,
2023/10/9 19:00,0,0,0,4.692,,,,,,,,,,,,,
2023/10/9 20:00,0,0,0,4.461,,,,,,,,,,,,,
2023/10/9 21:00,0,0,0,4.277,,,,,,,,,,,,,
2023/10/9 22:00,0.004,0.009,0.012,4.47,,,,,,,,,,,,,
2023/10/9 23:00,0.169,0.11,0.087,8.01,,,,,,,,,,,,,
2023/10/10 0:00,0.394,0.321,0.125,11.394,,,,,,,,,,,,,
2023/10/10 1:00,0.564,0.517,0.15,15.097,,,,,,,,,,,,,
2023/10/10 2:00,0.667,0.647,0.169,17.11,,,,,,,,,,,,,
2023/10/10 3:00,0.697,0.672,0.191,18.169,,,,,,,,,,,,,
2023/10/10 4:00,0.678,0.637,0.203,18.795,,,,,,,,,,,,,
2023/10/10 5:00,0.597,0.516,0.21,19.038,,,,,,,,,,,,,
2023/10/10 6:00,0.444,0.317,0.208,18.83,,,,,,,,,,,,,
2023/10/10 7:00,0.263,0.139,0.17,18.234,,,,,,,,,,,,,
2023/10/10 8:00,0.104,0.042,0.093,17.178,,,,,,,,,,,,,
2023/10/10 9:00,0.002,0.004,0.014,15.576,,,,,,,,,,,,,
2023/10/10 10:00,0,0,0,14.054,,,,,,,,,,,,,
2023/10/10 11:00,0,0,0,12.785,,,,,,,,,,,,,
2023/10/10 12:00,0,0,0,11.62,,,,,,,,,,,,,
2023/10/10 13:00,0,0,0,10.707,,,,,,,,,,,,,
2023/10/10 14:00,0,0,0,10.149,,,,,,,,,,,,,
2023/10/10 15:00,0,0,0,9.822,,,,,,,,,,,,,
2023/10/10 16:00,0,0,0,9.536,,,,,,,,,,,,,
2023/10/10 17:00,0,0,0,9.27,,,,,,,,,,,,,
2023/10/10 18:00,0,0,0,9.034,,,,,,,,,,,,,
2023/10/10 19:00,0,0,0,8.777,,,,,,,,,,,,,
2023/10/10 20:00,0,0,0,8.442,,,,,,,,,,,,,
2023/10/10 21:00,0,0,0,7.967,,,,,,,,,,,,,
2023/10/10 22:00,0.001,0.006,0.01,7.561,,,,,,,,,,,,,
2023/10/10 23:00,0.144,0.088,0.084,9.879,,,,,,,,,,,,,
2023/10/11 0:00,0.363,0.282,0.132,12.709,,,,,,,,,,,,,
2023/10/11 1:00,0.557,0.515,0.148,16.606,,,,,,,,,,,,,
2023/10/11 2:00,0.652,0.629,0.171,18.526,,,,,,,,,,,,,
2023/10/11 3:00,0.691,0.675,0.188,19.532,,,,,,,,,,,,,
2023/10/11 4:00,0.676,0.645,0.198,20.042,,,,,,,,,,,,,
2023/10/11 5:00,0.619,0.567,0.194,20.229,,,,,,,,,,,,,
2023/10/11 6:00,0.491,0.402,0.186,20.018,,,,,,,,,,,,,
2023/10/11 7:00,0.298,0.19,0.162,19.392,,,,,,,,,,,,,
2023/10/11 8:00,0.143,0.083,0.094,18.175,,,,,,,,,,,,,
2023/10/11 9:00,0.004,0.007,0.014,15.279,,,,,,,,,,,,,
2023/10/11 10:00,0,0,0,13.164,,,,,,,,,,,,,
2023/10/11 11:00,0,0,0,12.198,,,,,,,,,,,,,
2023/10/11 12:00,0,0,0,11.42,,,,,,,,,,,,,
2023/10/11 13:00,0,0,0,10.644,,,,,,,,,,,,,
2023/10/11 14:00,0,0,0,9.954,,,,,,,,,,,,,
2023/10/11 15:00,0,0,0,9.349,,,,,,,,,,,,,
2023/10/11 16:00,0,0,0,8.915,,,,,,,,,,,,,
2023/10/11 17:00,0,0,0,8.519,,,,,,,,,,,,,
2023/10/11 18:00,0,0,0,8.263,,,,,,,,,,,,,
2023/10/11 19:00,0,0,0,8.098,,,,,,,,,,,,,
2023/10/11 20:00,0,0,0,7.652,,,,,,,,,,,,,
2023/10/11 21:00,0,0,0,6.972,,,,,,,,,,,,,
2023/10/11 22:00,0,0.004,0.009,6.758,,,,,,,,,,,,,
2023/10/11 23:00,0.11,0.053,0.083,9.341,,,,,,,,,,,,,
2023/10/12 0:00,0.245,0.108,0.174,11.925,,,,,,,,,,,,,
2023/10/12 1:00,0.318,0.127,0.24,15.026,,,,,,,,,,,,,
2023/10/12 2:00,0.326,0.1,0.28,16.805,,,,,,,,,,,,,
2023/10/12 3:00,0.303,0.069,0.285,17.51,,,,,,,,,,,,,
2023/10/12 4:00,0.257,0.043,0.26,17.719,,,,,,,,,,,,,
2023/10/12 5:00,0.192,0.023,0.208,17.557,,,,,,,,,,,,,
2023/10/12 6:00,0.138,0.014,0.157,17.066,,,,,,,,,,,,,
2023/10/12 7:00,0.098,0.011,0.117,16.245,,,,,,,,,,,,,
2023/10/12 8:00,0.043,0.006,0.061,14.72,,,,,,,,,,,,,
2023/10/12 9:00,0,0.001,0.01,12.303,,,,,,,,,,,,,
2023/10/12 10:00,0,0,0,11.012,,,,,,,,,,,,,
2023/10/12 11:00,0,0,0,10.202,,,,,,,,,,,,,
2023/10/12 12:00,0,0,0,9.386,,,,,,,,,,,,,
2023/10/12 13:00,0,0,0,8.624,,,,,,,,,,,,,
2023/10/12 14:00,0,0,0,8.119,,,,,,,,,,,,,
2023/10/12 15:00,0,0,0,7.927,,,,,,,,,,,,,
2023/10/12 16:00,0,0,0,7.504,,,,,,,,,,,,,
2023/10/12 17:00,0,0,0,7.045,,,,,,,,,,,,,
2023/10/12 18:00,0,0,0,6.602,,,,,,,,,,,,,
2023/10/12 19:00,0,0,0,5.917,,,,,,,,,,,,,
2023/10/12 20:00,0,0,0,5.501,,,,,,,,,,,,,
2023/10/12 21:00,0,0,0,5.206,,,,,,,,,,,,,
2023/10/12 22:00,0,0.005,0.009,5.149,,,,,,,,,,,,,
2023/10/12 23:00,0.153,0.091,0.089,7.915,,,,,,,,,,,,,
2023/10/13 0:00,0.386,0.309,0.127,10.697,,,,,,,,,,,,,
2023/10/13 1:00,0.559,0.501,0.155,13.918,,,,,,,,,,,,,
2023/10/13 2:00,0.621,0.547,0.197,15.502,,,,,,,,,,,,,
2023/10/13 3:00,0.562,0.407,0.261,16.12,,,,,,,,,,,,,
2023/10/13 4:00,0.441,0.222,0.293,16.118,,,,,,,,,,,,,
2023/10/13 5:00,0.307,0.095,0.261,15.715,,,,,,,,,,,,,
2023/10/13 6:00,0.236,0.064,0.212,15.25,,,,,,,,,,,,,
2023/10/13 7:00,0.168,0.047,0.154,14.753,,,,,,,,,,,,,
2023/10/13 8:00,0.088,0.03,0.085,13.814,,,,,,,,,,,,,
2023/10/13 9:00,0.002,0.005,0.012,10.678,,,,,,,,,,,,,
2023/10/13 10:00,0,0,0,8.979,,,,,,,,,,,,,
2023/10/13 11:00,0,0,0,8.133,,,,,,,,,,,,,
2023/10/13 12:00,0,0,0,7.493,,,,,,,,,,,,,
2023/10/13 13:00,0,0,0,7.17,,,,,,,,,,,,,
2023/10/13 14:00,0,0,0,7.003,,,,,,,,,,,,,
2023/10/13 15:00,0,0,0,6.772,,,,,,,,,,,,,
2023/10/13 16:00,0,0,0,6.309,,,,,,,,,,,,,
2023/10/13 17:00,0,0,0,5.849,,,,,,,,,,,,,
2023/10/13 18:00,0,0,0,5.299,,,,,,,,,,,,,
2023/10/13 19:00,0,0,0,4.74,,,,,,,,,,,,,
2023/10/13 20:00,0,0,0,4.246,,,,,,,,,,,,,
2023/10/13 21:00,0,0,0,3.769,,,,,,,,,,,,,
2023/10/13 22:00,0.002,0.01,0.008,3.478,,,,,,,,,,,,,
2023/10/13 23:00,0.194,0.149,0.071,5.795,,,,,,,,,,,,,
2023/10/14 0:00,0.449,0.417,0.088,8.633,,,,,,,,,,,,,
2023/10/14 1:00,0.622,0.631,0.106,13.304,,,,,,,,,,,,,
2023/10/14 2:00,0.732,0.788,0.117,15.951,,,,,,,,,,,,,
2023/10/14 3:00,0.787,0.873,0.123,17.347,,,,,,,,,,,,,
2023/10/14 4:00,0.786,0.877,0.124,18.338,,,,,,,,,,,,,
2023/10/14 5:00,0.733,0.803,0.12,18.967,,,,,,,,,,,,,
2023/10/14 6:00,0.628,0.66,0.109,19.202,,,,,,,,,,,,,
2023/10/14 7:00,0.463,0.457,0.092,18.883,,,,,,,,,,,,,
2023/10/14 8:00,0.245,0.223,0.065,16.916,,,,,,,,,,,,,
2023/10/14 9:00,0.01,0.019,0.01,13.286,,,,,,,,,,,,,
2023/10/14 10:00,0,0,0,11.3,,,,,,,,,,,,,
2023/10/14 11:00,0,0,0,10.135,,,,,,,,,,,,,
2023/10/14 12:00,0,0,0,9.631,,,,,,,,,,,,,
2023/10/14 13:00,0,0,0,9.717,,,,,,,,,,,,,
2023/10/14 14:00,0,0,0,9.85,,,,,,,,,,,,,
2023/10/14 15:00,0,0,0,9.126,,,,,,,,,,,,,
2023/10/14 16:00,0,0,0,7.71,,,,,,,,,,,,,
2023/10/14 17:00,0,0,0,6.612,,,,,,,,,,,,,
2023/10/14 18:00,0,0,0,5.611,,,,,,,,,,,,,
2023/10/14 19:00,0,0,0,4.706,,,,,,,,,,,,,
2023/10/14 20:00,0,0,0,3.829,,,,,,,,,,,,,
2023/10/14 21:00,0,0,0,2.986,,,,,,,,,,,,,
2023/10/14 22:00,0.002,0.011,0.006,2.4,,,,,,,,,,,,,
2023/10/14 23:00,0.204,0.169,0.059,3.709,,,,,,,,,,,,,
2023/10/15 0:00,0.448,0.409,0.089,6.36,,,,,,,,,,,,,
2023/10/15 1:00,0.628,0.618,0.108,8.622,,,,,,,,,,,,,
2023/10/15 2:00,0.745,0.772,0.12,10.043,,,,,,,,,,,,,
2023/10/15 3:00,0.803,0.857,0.126,11.108,,,,,,,,,,,,,
2023/10/15 4:00,0.804,0.862,0.127,11.918,,,,,,,,,,,,,
2023/10/15 5:00,0.751,0.791,0.122,12.421,,,,,,,,,,,,,
2023/10/15 6:00,0.641,0.648,0.111,12.545,,,,,,,,,,,,,
2023/10/15 7:00,0.471,0.446,0.094,12.127,,,,,,,,,,,,,
2023/10/15 8:00,0.244,0.213,0.066,10.927,,,,,,,,,,,,,
2023/10/15 9:00,0.008,0.016,0.01,6.938,,,,,,,,,,,,,
2023/10/15 10:00,0,0,0,5.011,,,,,,,,,,,,,
2023/10/15 11:00,0,0,0,4.251,,,,,,,,,,,,,
2023/10/15 12:00,0,0,0,3.536,,,,,,,,,,,,,
2023/10/15 13:00,0,0,0,2.924,,,,,,,,,,,,,
2023/10/15 14:00,0,0,0,2.358,,,,,,,,,,,,,
2023/10/15 15:00,0,0,0,1.788,,,,,,,,,,,,,
2023/10/15 16:00,0,0,0,1.301,,,,,,,,,,,,,
2023/10/15 17:00,0,0,0,0.915,,,,,,,,,,,,,
2023/10/15 18:00,0,0,0,0.535,,,,,,,,,,,,,
2023/10/15 19:00,0,0,0,0.171,,,,,,,,,,,,,
2023/10/15 20:00,0,0,0,-0.142,,,,,,,,,,,,,
2023/10/15 21:00,0,0,0,-0.374,,,,,,,,,,,,,
2023/10/15 22:00,0,0.009,0.006,-0.388,,,,,,,,,,,,,
2023/10/15 23:00,0.198,0.163,0.059,2.991,,,,,,,,,,,,,
2023/10/16 0:00,0.443,0.403,0.089,6.669,,,,,,,,,,,,,
2023/10/16 1:00,0.62,0.614,0.108,10.319,,,,,,,,,,,,,
2023/10/16 2:00,0.733,0.767,0.121,12.523,,,,,,,,,,,,,
2023/10/16 3:00,0.79,0.853,0.127,14.047,,,,,,,,,,,,,
2023/10/16 4:00,0.788,0.856,0.129,15.095,,,,,,,,,,,,,
2023/10/16 5:00,0.733,0.78,0.124,15.8,,,,,,,,,,,,,
2023/10/16 6:00,0.623,0.636,0.113,16.116,,,,,,,,,,,,,
2023/10/16 7:00,0.453,0.432,0.096,15.856,,,,,,,,,,,,,
2023/10/16 8:00,0.229,0.199,0.067,14.274,,,,,,,,,,,,,
2023/10/16 9:00,0.005,0.013,0.009,10.146,,,,,,,,,,,,,
2023/10/16 10:00,0,0,0,7.972,,,,,,,,,,,,,
2023/10/16 11:00,0,0,0,7.163,,,,,,,,,,,,,
2023/10/16 12:00,0,0,0,6.708,,,,,,,,,,,,,
2023/10/16 13:00,0,0,0,6.299,,,,,,,,,,,,,
2023/10/16 14:00,0,0,0,5.91,,,,,,,,,,,,,
2023/10/16 15:00,0,0,0,5.568,,,,,,,,,,,,,
2023/10/16 16:00,0,0,0,5.213,,,,,,,,,,,,,
2023/10/16 17:00,0,0,0,4.84,,,,,,,,,,,,,
2023/10/16 18:00,0,0,0,4.527,,,,,,,,,,,,,
2023/10/16 19:00,0,0,0,4.344,,,,,,,,,,,,,
2023/10/16 20:00,0,0,0,4.243,,,,,,,,,,,,,
2023/10/16 21:00,0,0,0,4.156,,,,,,,,,,,,,
2023/10/16 22:00,0,0.006,0.005,4.198,,,,,,,,,,,,,
2023/10/16 23:00,0.163,0.126,0.064,6.547,,,,,,,,,,,,,
2023/10/17 0:00,0.385,0.314,0.119,9.629,,,,,,,,,,,,,
2023/10/17 1:00,0.557,0.507,0.146,13.935,,,,,,,,,,,,,
2023/10/17 2:00,0.659,0.644,0.166,18.436,,,,,,,,,,,,,
2023/10/17 3:00,0.707,0.723,0.174,21.742,,,,,,,,,,,,,
2023/10/17 4:00,0.627,0.57,0.216,23.283,,,,,,,,,,,,,
2023/10/17 5:00,0.484,0.346,0.244,23.54,,,,,,,,,,,,,
2023/10/17 6:00,0.379,0.241,0.215,23.208,,,,,,,,,,,,,
2023/10/17 7:00,0.269,0.164,0.158,22.181,,,,,,,,,,,,,
2023/10/17 8:00,0.052,0.014,0.065,18.573,,,,,,,,,,,,,
2023/10/17 9:00,0,0.001,0.005,16.24,,,,,,,,,,,,,
2023/10/17 10:00,0,0,0,15.566,,,,,,,,,,,,,
2023/10/17 11:00,0,0,0,14.816,,,,,,,,,,,,,
2023/10/17 12:00,0,0,0,13.97,,,,,,,,,,,,,
2023/10/17 13:00,0,0,0,13.105,,,,,,,,,,,,,
2023/10/17 14:00,0,0,0,12.379,,,,,,,,,,,,,
2023/10/17 15:00,0,0,0,11.457,,,,,,,,,,,,,
2023/10/17 16:00,0,0,0,10.69,,,,,,,,,,,,,
2023/10/17 17:00,0,0,0,10.114,,,,,,,,,,,,,
2023/10/17 18:00,0,0,0,9.483,,,,,,,,,,,,,
2023/10/17 19:00,0,0,0,8.789,,,,,,,,,,,,,
2023/10/17 20:00,0,0,0,7.906,,,,,,,,,,,,,
2023/10/17 21:00,0,0,0,7.002,,,,,,,,,,,,,
2023/10/17 22:00,0,0,0.002,6.283,,,,,,,,,,,,,
2023/10/17 23:00,0.036,0.008,0.05,6.798,,,,,,,,,,,,,
2023/10/18 0:00,0.216,0.107,0.139,8.944,,,,,,,,,,,,,
2023/10/18 1:00,0.591,0.576,0.116,12.25,,,,,,,,,,,,,
2023/10/18 2:00,0.719,0.758,0.122,14.886,,,,,,,,,,,,,
2023/10/18 3:00,0.779,0.852,0.126,16.355,,,,,,,,,,,,,
2023/10/18 4:00,0.782,0.861,0.126,17.144,,,,,,,,,,,,,
2023/10/18 5:00,0.73,0.788,0.121,17.477,,,,,,,,,,,,,
2023/10/18 6:00,0.617,0.633,0.113,17.227,,,,,,,,,,,,,
2023/10/18 7:00,0.453,0.435,0.094,16.371,,,,,,,,,,,,,
2023/10/18 8:00,0.232,0.207,0.064,14.709,,,,,,,,,,,,,
2023/10/18 9:00,0.003,0.012,0.007,10.204,,,,,,,,,,,,,
2023/10/18 10:00,0,0,0,8.372,,,,,,,,,,,,,
2023/10/18 11:00,0,0,0,7.595,,,,,,,,,,,,,
2023/10/18 12:00,0,0,0,6.967,,,,,,,,,,,,,
2023/10/18 13:00,0,0,0,6.513,,,,,,,,,,,,,
2023/10/18 14:00,0,0,0,5.907,,,,,,,,,,,,,
2023/10/18 15:00,0,0,0,4.983,,,,,,,,,,,,,
2023/10/18 16:00,0,0,0,3.993,,,,,,,,,,,,,
2023/10/18 17:00,0,0,0,3.128,,,,,,,,,,,,,
2023/10/18 18:00,0,0,0,2.364,,,,,,,,,,,,,
2023/10/18 19:00,0,0,0,1.723,,,,,,,,,,,,,
2023/10/18 20:00,0,0,0,1.157,,,,,,,,,,,,,
2023/10/18 21:00,0,0,0,0.752,,,,,,,,,,,,,
2023/10/18 22:00,0,0.006,0.004,0.596,,,,,,,,,,,,,
2023/10/18 23:00,0.188,0.156,0.055,2.981,,,,,,,,,,,,,
2023/10/19 0:00,0.438,0.396,0.089,6.09,,,,,,,,,,,,,
2023/10/19 1:00,0.62,0.607,0.109,9.13,,,,,,,,,,,,,
2023/10/19 2:00,0.737,0.759,0.123,10.315,,,,,,,,,,,,,
2023/10/19 3:00,0.783,0.815,0.137,10.723,,,,,,,,,,,,,
2023/10/19 4:00,0.752,0.75,0.154,10.532,,,,,,,,,,,,,
2023/10/19 5:00,0.652,0.592,0.17,9.837,,,,,,,,,,,,,
2023/10/19 6:00,0.484,0.372,0.175,8.648,,,,,,,,,,,,,
2023/10/19 7:00,0.315,0.211,0.14,7.32,,,,,,,,,,,,,
2023/10/19 8:00,0.134,0.083,0.077,5.943,,,,,,,,,,,,,
2023/10/19 9:00,0,0.004,0.007,4.67,,,,,,,,,,,,,
2023/10/19 10:00,0,0,0,4.147,,,,,,,,,,,,,
2023/10/19 11:00,0,0,0,3.883,,,,,,,,,,,,,
2023/10/19 12:00,0,0,0,3.489,,,,,,,,,,,,,
2023/10/19 13:00,0,0,0,2.895,,,,,,,,,,,,,
2023/10/19 14:00,0,0,0,2.332,,,,,,,,,,,,,
2023/10/19 15:00,0,0,0,1.733,,,,,,,,,,,,,
2023/10/19 16:00,0,0,0,0.805,,,,,,,,,,,,,
2023/10/19 17:00,0,0,0,0.057,,,,,,,,,,,,,
2023/10/19 18:00,0,0,0,-0.68,,,,,,,,,,,,,
2023/10/19 19:00,0,0,0,-1.286,,,,,,,,,,,,,
2023/10/19 20:00,0,0,0,-1.76,,,,,,,,,,,,,
2023/10/19 21:00,0,0,0,-2.023,,,,,,,,,,,,,
2023/10/19 22:00,0,0.005,0.004,-2.049,,,,,,,,,,,,,
2023/10/19 23:00,0.184,0.15,0.056,0.256,,,,,,,,,,,,,
2023/10/20 0:00,0.444,0.404,0.083,3.659,,,,,,,,,,,,,
2023/10/20 1:00,0.628,0.617,0.102,6.882,,,,,,,,,,,,,
2023/10/20 2:00,0.745,0.771,0.115,8.852,,,,,,,,,,,,,
2023/10/20 3:00,0.801,0.854,0.121,10.236,,,,,,,,,,,,,
2023/10/20 4:00,0.8,0.857,0.123,11.226,,,,,,,,,,,,,
2023/10/20 5:00,0.745,0.783,0.118,11.888,,,,,,,,,,,,,
2023/10/20 6:00,0.633,0.638,0.108,12.053,,,,,,,,,,,,,
2023/10/20 7:00,0.463,0.44,0.089,11.57,,,,,,,,,,,,,
2023/10/20 8:00,0.24,0.214,0.059,10.223,,,,,,,,,,,,,
2023/10/20 9:00,0.001,0.011,0.006,6.813,,,,,,,,,,,,,
2023/10/20 10:00,0,0,0,5.235,,,,,,,,,,,,,
2023/10/20 11:00,0,0,0,4.602,,,,,,,,,,,,,
2023/10/20 12:00,0,0,0,4.046,,,,,,,,,,,,,
2023/10/20 13:00,0,0,0,3.523,,,,,,,,,,,,,
2023/10/20 14:00,0,0,0,2.889,,,,,,,,,,,,,
2023/10/20 15:00,0,0,0,2.182,,,,,,,,,,,,,
2023/10/20 16:00,0,0,0,1.426,,,,,,,,,,,,,
2023/10/20 17:00,0,0,0,0.856,,,,,,,,,,,,,
2023/10/20 18:00,0,0,0,0.328,,,,,,,,,,,,,
2023/10/20 19:00,0,0,0,-0.061,,,,,,,,,,,,,
2023/10/20 20:00,0,0,0,-0.345,,,,,,,,,,,,,
2023/10/20 21:00,0,0,0,-0.531,,,,,,,,,,,,,
2023/10/20 22:00,0,0.004,0.003,-0.519,,,,,,,,,,,,,
2023/10/20 23:00,0.173,0.142,0.054,2.552,,,,,,,,,,,,,
2023/10/21 0:00,0.421,0.38,0.087,6.44,,,,,,,,,,,,,
2023/10/21 1:00,0.599,0.589,0.107,10.742,,,,,,,,,,,,,
2023/10/21 2:00,0.711,0.742,0.121,13.797,,,,,,,,,,,,,
2023/10/21 3:00,0.767,0.829,0.127,15.591,,,,,,,,,,,,,
2023/10/21 4:00,0.769,0.839,0.127,16.83,,,,,,,,,,,,,
2023/10/21 5:00,0.718,0.772,0.12,17.617,,,,,,,,,,,,,
2023/10/21 6:00,0.613,0.636,0.108,17.814,,,,,,,,,,,,,
2023/10/21 7:00,0.447,0.435,0.089,17.244,,,,,,,,,,,,,
2023/10/21 8:00,0.227,0.206,0.059,14.413,,,,,,,,,,,,,
2023/10/21 9:00,0,0.008,0.006,9.63,,,,,,,,,,,,,
2023/10/21 10:00,0,0,0,8.329,,,,,,,,,,,,,
2023/10/21 11:00,0,0,0,7.788,,,,,,,,,,,,,
2023/10/21 12:00,0,0,0,7.359,,,,,,,,,,,,,
2023/10/21 13:00,0,0,0,6.987,,,,,,,,,,,,,
2023/10/21 14:00,0,0,0,6.67,,,,,,,,,,,,,
2023/10/21 15:00,0,0,0,6.172,,,,,,,,,,,,,
2023/10/21 16:00,0,0,0,5.336,,,,,,,,,,,,,
2023/10/21 17:00,0,0,0,4.513,,,,,,,,,,,,,
2023/10/21 18:00,0,0,0,3.852,,,,,,,,,,,,,
2023/10/21 19:00,0,0,0,3.259,,,,,,,,,,,,,
2023/10/21 20:00,0,0,0,2.769,,,,,,,,,,,,,
2023/10/21 21:00,0,0,0,2.478,,,,,,,,,,,,,
2023/10/21 22:00,0,0.003,0.003,2.434,,,,,,,,,,,,,
2023/10/21 23:00,0.169,0.143,0.052,5.167,,,,,,,,,,,,,
2023/10/22 0:00,0.416,0.38,0.087,9.119,,,,,,,,,,,,,
2023/10/22 1:00,0.595,0.591,0.107,12.76,,,,,,,,,,,,,
2023/10/22 2:00,0.708,0.744,0.12,15.061,,,,,,,,,,,,,
2023/10/22 3:00,0.764,0.83,0.127,16.501,,,,,,,,,,,,,
2023/10/22 4:00,0.764,0.835,0.128,17.597,,,,,,,,,,,,,
2023/10/22 5:00,0.711,0.763,0.123,18.341,,,,,,,,,,,,,
2023/10/22 6:00,0.6,0.616,0.112,18.62,,,,,,,,,,,,,
2023/10/22 7:00,0.434,0.418,0.093,18.332,,,,,,,,,,,,,
2023/10/22 8:00,0.216,0.194,0.06,15.613,,,,,,,,,,,,,
2023/10/22 9:00,0,0.007,0.005,11.395,,,,,,,,,,,,,
2023/10/22 10:00,0,0,0,10.031,,,,,,,,,,,,,
2023/10/22 11:00,0,0,0,9.187,,,,,,,,,,,,,
2023/10/22 12:00,0,0,0,8.195,,,,,,,,,,,,,
2023/10/22 13:00,0,0,0,7.295,,,,,,,,,,,,,
2023/10/22 14:00,0,0,0,6.621,,,,,,,,,,,,,
2023/10/22 15:00,0,0,0,6.164,,,,,,,,,,,,,
2023/10/22 16:00,0,0,0,5.75,,,,,,,,,,,,,
2023/10/22 17:00,0,0,0,5.344,,,,,,,,,,,,,
2023/10/22 18:00,0,0,0,5.048,,,,,,,,,,,,,
2023/10/22 19:00,0,0,0,4.803,,,,,,,,,,,,,
2023/10/22 20:00,0,0,0,4.444,,,,,,,,,,,,,
2023/10/22 21:00,0,0,0,4.139,,,,,,,,,,,,,
2023/10/22 22:00,0,0.001,0.002,3.996,,,,,,,,,,,,,
2023/10/22 23:00,0.11,0.075,0.059,5.984,,,,,,,,,,,,,
2023/10/23 0:00,0.303,0.215,0.126,8.992,,,,,,,,,,,,,
2023/10/23 1:00,0.461,0.362,0.167,12.593,,,,,,,,,,,,,
2023/10/23 2:00,0.558,0.47,0.195,16.812,,,,,,,,,,,,,
2023/10/23 3:00,0.611,0.538,0.207,19.11,,,,,,,,,,,,,
2023/10/23 4:00,0.603,0.526,0.212,19.983,,,,,,,,,,,,,
2023/10/23 5:00,0.532,0.433,0.21,20.26,,,,,,,,,,,,,
2023/10/23 6:00,0.401,0.282,0.193,20.049,,,,,,,,,,,,,
2023/10/23 7:00,0.244,0.144,0.145,19.298,,,,,,,,,,,,,
2023/10/23 8:00,0.085,0.045,0.069,16.764,,,,,,,,,,,,,
2023/10/23 9:00,0,0.002,0.004,13.662,,,,,,,,,,,,,
2023/10/23 10:00,0,0,0,12.941,,,,,,,,,,,,,
2023/10/23 11:00,0,0,0,11.822,,,,,,,,,,,,,
2023/10/23 12:00,0,0,0,10.686,,,,,,,,,,,,,
2023/10/23 13:00,0,0,0,9.857,,,,,,,,,,,,,
2023/10/23 14:00,0,0,0,9.308,,,,,,,,,,,,,
2023/10/23 15:00,0,0,0,8.649,,,,,,,,,,,,,
2023/10/23 16:00,0,0,0,7.747,,,,,,,,,,,,,
2023/10/23 17:00,0,0,0,6.745,,,,,,,,,,,,,
2023/10/23 18:00,0,0,0,5.828,,,,,,,,,,,,,
2023/10/23 19:00,0,0,0,5.106,,,,,,,,,,,,,
2023/10/23 20:00,0,0,0,4.492,,,,,,,,,,,,,
2023/10/23 21:00,0,0,0,4.033,,,,,,,,,,,,,
2023/10/23 22:00,0,0.001,0.002,3.683,,,,,,,,,,,,,
2023/10/23 23:00,0.12,0.085,0.06,5.729,,,,,,,,,,,,,
2023/10/24 0:00,0.368,0.315,0.099,9.595,,,,,,,,,,,,,
2023/10/24 1:00,0.555,0.524,0.121,12.613,,,,,,,,,,,,,
2023/10/24 2:00,0.67,0.679,0.135,15.863,,,,,,,,,,,,,
2023/10/24 3:00,0.729,0.774,0.139,18.492,,,,,,,,,,,,,
2023/10/24 4:00,0.73,0.783,0.14,19.999,,,,,,,,,,,,,
2023/10/24 5:00,0.676,0.711,0.134,20.635,,,,,,,,,,,,,
2023/10/24 6:00,0.562,0.56,0.124,20.663,,,,,,,,,,,,,
2023/10/24 7:00,0.393,0.361,0.103,19.931,,,,,,,,,,,,,
2023/10/24 8:00,0.175,0.147,0.063,16.665,,,,,,,,,,,,,
2023/10/24 9:00,0,0.004,0.004,13.486,,,,,,,,,,,,,
2023/10/24 10:00,0,0,0,12.225,,,,,,,,,,,,,
2023/10/24 11:00,0,0,0,11.111,,,,,,,,,,,,,
2023/10/24 12:00,0,0,0,10.145,,,,,,,,,,,,,
2023/10/24 13:00,0,0,0,9.206,,,,,,,,,,,,,
2023/10/24 14:00,0,0,0,8.066,,,,,,,,,,,,,
2023/10/24 15:00,0,0,0,7.178,,,,,,,,,,,,,
2023/10/24 16:00,0,0,0,6.615,,,,,,,,,,,,,
2023/10/24 17:00,0,0,0,6.209,,,,,,,,,,,,,
2023/10/24 18:00,0,0,0,5.899,,,,,,,,,,,,,
2023/10/24 19:00,0,0,0,5.64,,,,,,,,,,,,,
2023/10/24 20:00,0,0,0,5.348,,,,,,,,,,,,,
2023/10/24 21:00,0,0,0,5.104,,,,,,,,,,,,,
2023/10/24 22:00,0,0.001,0.001,4.982,,,,,,,,,,,,,
2023/10/24 23:00,0.115,0.085,0.055,6.96,,,,,,,,,,,,,
2023/10/25 0:00,0.355,0.3,0.1,10.382,,,,,,,,,,,,,
2023/10/25 1:00,0.535,0.5,0.125,13.87,,,,,,,,,,,,,
2023/10/25 2:00,0.643,0.646,0.141,18.389,,,,,,,,,,,,,
2023/10/25 3:00,0.703,0.748,0.144,21.533,,,,,,,,,,,,,
2023/10/25 4:00,0.712,0.768,0.141,22.476,,,,,,,,,,,,,
2023/10/25 5:00,0.666,0.701,0.135,21.777,,,,,,,,,,,,,
2023/10/25 6:00,0.569,0.572,0.12,20.277,,,,,,,,,,,,,
2023/10/25 7:00,0.409,0.383,0.097,18.13,,,,,,,,,,,,,
2023/10/25 8:00,0.197,0.174,0.059,15.504,,,,,,,,,,,,,
2023/10/25 9:00,0,0.005,0.003,11.909,,,,,,,,,,,,,
2023/10/25 10:00,0,0,0,9.774,,,,,,,,,,,,,
2023/10/25 11:00,0,0,0,8.295,,,,,,,,,,,,,
2023/10/25 12:00,0,0,0,6.79,,,,,,,,,,,,,
2023/10/25 13:00,0,0,0,5.546,,,,,,,,,,,,,
2023/10/25 14:00,0,0,0,4.529,,,,,,,,,,,,,
2023/10/25 15:00,0,0,0,3.635,,,,,,,,,,,,,
2023/10/25 16:00,0,0,0,2.69,,,,,,,,,,,,,
2023/10/25 17:00,0,0,0,1.778,,,,,,,,,,,,,
2023/10/25 18:00,0,0,0,0.987,,,,,,,,,,,,,
2023/10/25 19:00,0,0,0,0.251,,,,,,,,,,,,,
2023/10/25 20:00,0,0,0,-0.377,,,,,,,,,,,,,
2023/10/25 21:00,0,0,0,-0.768,,,,,,,,,,,,,
2023/10/25 22:00,0,0.001,0.001,-0.783,,,,,,,,,,,,,
2023/10/25 23:00,0.106,0.074,0.054,1.64,,,,,,,,,,,,,
2023/10/26 0:00,0.198,0.095,0.128,4.864,,,,,,,,,,,,,
2023/10/26 1:00,0.242,0.089,0.183,7.512,,,,,,,,,,,,,
2023/10/26 2:00,0.622,0.564,0.162,10.603,,,,,,,,,,,,,
2023/10/26 3:00,0.757,0.79,0.136,13.117,,,,,,,,,,,,,
2023/10/26 4:00,0.758,0.798,0.137,14.464,,,,,,,,,,,,,
2023/10/26 5:00,0.703,0.728,0.131,15.287,,,,,,,,,,,,,
2023/10/26 6:00,0.584,0.574,0.121,15.44,,,,,,,,,,,,,
2023/10/26 7:00,0.416,0.383,0.098,14.897,,,,,,,,,,,,,
2023/10/26 8:00,0.197,0.171,0.059,12.031,,,,,,,,,,,,,
2023/10/26 9:00,0,0.005,0.003,8.54,,,,,,,,,,,,,
2023/10/26 10:00,0,0,0,8.506,,,,,,,,,,,,,
2023/10/26 11:00,0,0,0,8.427,,,,,,,,,,,,,
2023/10/26 12:00,0,0,0,8.079,,,,,,,,,,,,,
2023/10/26 13:00,0,0,0,7.526,,,,,,,,,,,,,
2023/10/26 14:00,0,0,0,6.555,,,,,,,,,,,,,
2023/10/26 15:00,0,0,0,5.214,,,,,,,,,,,,,
2023/10/26 16:00,0,0,0,4.141,,,,,,,,,,,,,
2023/10/26 17:00,0,0,0,3.351,,,,,,,,,,,,,
2023/10/26 18:00,0,0,0,2.924,,,,,,,,,,,,,
2023/10/26 19:00,0,0,0,2.509,,,,,,,,,,,,,
2023/10/26 20:00,0,0,0,2.203,,,,,,,,,,,,,
2023/10/26 21:00,0,0,0,2.076,,,,,,,,,,,,,
2023/10/26 22:00,0,0.001,0.001,1.821,,,,,,,,,,,,,
2023/10/26 23:00,0.128,0.1,0.051,3.826,,,,,,,,,,,,,
2023/10/27 0:00,0.38,0.332,0.091,7.874,,,,,,,,,,,,,
2023/10/27 1:00,0.566,0.541,0.114,11.23,,,,,,,,,,,,,
2023/10/27 2:00,0.678,0.69,0.129,14.455,,,,,,,,,,,,,
2023/10/27 3:00,0.727,0.76,0.14,16.563,,,,,,,,,,,,,
2023/10/27 4:00,0.704,0.721,0.151,17.611,,,,,,,,,,,,,
2023/10/27 5:00,0.619,0.592,0.159,17.974,,,,,,,,,,,,,
2023/10/27 6:00,0.518,0.476,0.139,17.784,,,,,,,,,,,,,
2023/10/27 7:00,0.366,0.317,0.108,16.799,,,,,,,,,,,,,
2023/10/27 8:00,0.158,0.129,0.06,13.446,,,,,,,,,,,,,
2023/10/27 9:00,0,0.004,0.002,9.506,,,,,,,,,,,,,
2023/10/27 10:00,0,0,0,8.13,,,,,,,,,,,,,
2023/10/27 11:00,0,0,0,7.006,,,,,,,,,,,,,
2023/10/27 12:00,0,0,0,5.971,,,,,,,,,,,,,
2023/10/27 13:00,0,0,0,5.225,,,,,,,,,,,,,
2023/10/27 14:00,0,0,0,4.627,,,,,,,,,,,,,
2023/10/27 15:00,0,0,0,4.176,,,,,,,,,,,,,
2023/10/27 16:00,0,0,0,3.875,,,,,,,,,,,,,
2023/10/27 17:00,0,0,0,3.661,,,,,,,,,,,,,
2023/10/27 18:00,0,0,0,3.417,,,,,,,,,,,,,
2023/10/27 19:00,0,0,0,3.141,,,,,,,,,,,,,
2023/10/27 20:00,0,0,0,2.887,,,,,,,,,,,,,
2023/10/27 21:00,0,0,0,2.624,,,,,,,,,,,,,
2023/10/27 22:00,0,0,0.001,2.368,,,,,,,,,,,,,
2023/10/27 23:00,0.107,0.08,0.05,3.733,,,,,,,,,,,,,
2023/10/28 0:00,0.352,0.294,0.098,7.594,,,,,,,,,,,,,
2023/10/28 1:00,0.543,0.503,0.122,10.913,,,,,,,,,,,,,
2023/10/28 2:00,0.662,0.657,0.137,14.079,,,,,,,,,,,,,
2023/10/28 3:00,0.727,0.762,0.14,16.757,,,,,,,,,,,,,
2023/10/28 4:00,0.723,0.765,0.141,18.718,,,,,,,,,,,,,
2023/10/28 5:00,0.666,0.691,0.136,19.898,,,,,,,,,,,,,
2023/10/28 6:00,0.563,0.563,0.12,20.277,,,,,,,,,,,,,
2023/10/28 7:00,0.391,0.362,0.099,19.482,,,,,,,,,,,,,
2023/10/28 8:00,0.169,0.146,0.058,15.718,,,,,,,,,,,,,
2023/10/28 9:00,0,0,0.002,12.173,,,,,,,,,,,,,
2023/10/28 10:00,0,0,0,11.364,,,,,,,,,,,,,
2023/10/28 11:00,0,0,0,10.73,,,,,,,,,,,,,
2023/10/28 12:00,0,0,0,10.033,,,,,,,,,,,,,
2023/10/28 13:00,0,0,0,9.432,,,,,,,,,,,,,
2023/10/28 14:00,0,0,0,8.837,,,,,,,,,,,,,
2023/10/28 15:00,0,0,0,8.352,,,,,,,,,,,,,
2023/10/28 16:00,0,0,0,7.891,,,,,,,,,,,,,
2023/10/28 17:00,0,0,0,7.592,,,,,,,,,,,,,
2023/10/28 18:00,0,0,0,7.66,,,,,,,,,,,,,
2023/10/28 19:00,0,0,0,7.616,,,,,,,,,,,,,
2023/10/28 20:00,0,0,0,7.563,,,,,,,,,,,,,
2023/10/28 21:00,0,0,0,7.379,,,,,,,,,,,,,
2023/10/28 22:00,0,0,0,6.953,,,,,,,,,,,,,
2023/10/28 23:00,0.028,0.01,0.038,7.425,,,,,,,,,,,,,
2023/10/29 0:00,0.284,0.206,0.114,9.596,,,,,,,,,,,,,
2023/10/29 1:00,0.486,0.42,0.141,13.19,,,,,,,,,,,,,
2023/10/29 2:00,0.61,0.579,0.156,16.974,,,,,,,,,,,,,
2023/10/29 3:00,0.649,0.63,0.172,19.639,,,,,,,,,,,,,
2023/10/29 4:00,0.655,0.647,0.17,21.054,,,,,,,,,,,,,
2023/10/29 5:00,0.605,0.586,0.162,21.59,,,,,,,,,,,,,
2023/10/29 6:00,0.457,0.39,0.159,21.277,,,,,,,,,,,,,
2023/10/29 7:00,0.28,0.206,0.126,19.956,,,,,,,,,,,,,
2023/10/29 8:00,0.09,0.06,0.058,16.04,,,,,,,,,,,,,
2023/10/29 9:00,0,0,0.001,12.837,,,,,,,,,,,,,
2023/10/29 10:00,0,0,0,12.067,,,,,,,,,,,,,
2023/10/29 11:00,0,0,0,11.215,,,,,,,,,,,,,
2023/10/29 12:00,0,0,0,10.509,,,,,,,,,,,,,
2023/10/29 13:00,0,0,0,9.602,,,,,,,,,,,,,
2023/10/29 14:00,0,0,0,8.785,,,,,,,,,,,,,
2023/10/29 15:00,0,0,0,7.968,,,,,,,,,,,,,
2023/10/29 16:00,0,0,0,6.273,,,,,,,,,,,,,
2023/10/29 17:00,0,0,0,5.181,,,,,,,,,,,,,
2023/10/29 18:00,0,0,0,4.419,,,,,,,,,,,,,
2023/10/29 19:00,0,0,0,3.641,,,,,,,,,,,,,
2023/10/29 20:00,0,0,0,2.874,,,,,,,,,,,,,
2023/10/29 21:00,0,0,0,2.269,,,,,,,,,,,,,
2023/10/29 22:00,0,0,0,1.857,,,,,,,,,,,,,
2023/10/29 23:00,0.108,0.083,0.048,2.683,,,,,,,,,,,,,
2023/10/30 0:00,0.365,0.307,0.094,4.988,,,,,,,,,,,,,
2023/10/30 1:00,0.563,0.52,0.118,7.551,,,,,,,,,,,,,
2023/10/30 2:00,0.687,0.677,0.133,9.824,,,,,,,,,,,,,
2023/10/30 3:00,0.751,0.769,0.139,11.414,,,,,,,,,,,,,
2023/10/30 4:00,0.745,0.762,0.143,12.422,,,,,,,,,,,,,
2023/10/30 5:00,0.671,0.657,0.145,13.019,,,,,,,,,,,,,
2023/10/30 6:00,0.49,0.412,0.153,13.136,,,,,,,,,,,,,
2023/10/30 7:00,0.223,0.127,0.131,12.633,,,,,,,,,,,,,
2023/10/30 8:00,0.079,0.049,0.055,10.66,,,,,,,,,,,,,
2023/10/30 9:00,0,0,0.001,7.487,,,,,,,,,,,,,
2023/10/30 10:00,0,0,0,6.721,,,,,,,,,,,,,
2023/10/30 11:00,0,0,0,6.529,,,,,,,,,,,,,
2023/10/30 12:00,0,0,0,6.726,,,,,,,,,,,,,
2023/10/30 13:00,0,0,0,6.5,,,,,,,,,,,,,
2023/10/30 14:00,0,0,0,5.721,,,,,,,,,,,,,
2023/10/30 15:00,0,0,0,5.389,,,,,,,,,,,,,
2023/10/30 16:00,0,0,0,5.061,,,,,,,,,,,,,
2023/10/30 17:00,0,0,0,5.08,,,,,,,,,,,,,
2023/10/30 18:00,0,0,0,5.142,,,,,,,,,,,,,
2023/10/30 19:00,0,0,0,5.032,,,,,,,,,,,,,
2023/10/30 20:00,0,0,0,5.101,,,,,,,,,,,,,
2023/10/30 21:00,0,0,0,5.528,,,,,,,,,,,,,
2023/10/30 22:00,0,0,0,6.051,,,,,,,,,,,,,
2023/10/30 23:00,0.017,0.006,0.031,6.639,,,,,,,,,,,,,
2023/10/31 0:00,0.184,0.095,0.118,8.4,,,,,,,,,,,,,
2023/10/31 1:00,0.531,0.491,0.119,11.286,,,,,,,,,,,,,
2023/10/31 2:00,0.673,0.68,0.126,13.4,,,,,,,,,,,,,
2023/10/31 3:00,0.735,0.771,0.133,14.821,,,,,,,,,,,,,
2023/10/31 4:00,0.744,0.79,0.131,15.62,,,,,,,,,,,,,
2023/10/31 5:00,0.696,0.728,0.123,15.949,,,,,,,,,,,,,
2023/10/31 6:00,0.571,0.561,0.116,15.689,,,,,,,,,,,,,
2023/10/31 7:00,0.405,0.376,0.092,14.763,,,,,,,,,,,,,
2023/10/31 8:00,0.232,0.232,0.035,11.583,,,,,,,,,,,,,
2023/10/31 9:00,0,0,0.001,7.581,,,,,,,,,,,,,
2023/10/31 10:00,0,0,0,6.013,,,,,,,,,,,,,
2023/10/31 11:00,0,0,0,4.911,,,,,,,,,,,,,
2023/10/31 12:00,0,0,0,4.352,,,,,,,,,,,,,
2023/10/31 13:00,0,0,0,3.672,,,,,,,,,,,,,
2023/10/31 14:00,0,0,0,4.064,,,,,,,,,,,,,
2023/10/31 15:00,0,0,0,4.099,,,,,,,,,,,,,
2023/10/31 16:00,0,0,0,3.944,,,,,,,,,,,,,
2023/10/31 17:00,0,0,0,4.133,,,,,,,,,,,,,
2023/10/31 18:00,0,0,0,4.439,,,,,,,,,,,,,
2023/10/31 19:00,0,0,0,4.603,,,,,,,,,,,,,
2023/10/31 20:00,0,0,0,4.306,,,,,,,,,,,,,
2023/10/31 21:00,0,0,0,3.502,,,,,,,,,,,,,
2023/10/31 22:00,0,0,0,2.343,,,,,,,,,,,,,
2023/10/31 23:00,0.083,0.061,0.044,2.927,,,,,,,,,,,,,
2023/11/1 0:00,0.327,0.259,0.099,4.59,,,,,,,,,,,,,
2023/11/1 1:00,0.549,0.497,0.12,6.205,,,,,,,,,,,,,
2023/11/1 2:00,0.679,0.658,0.134,8.076,,,,,,,,,,,,,
2023/11/1 3:00,0.735,0.733,0.144,9.988,,,,,,,,,,,,,
2023/11/1 4:00,0.728,0.729,0.147,11.751,,,,,,,,,,,,,
2023/11/1 5:00,0.642,0.612,0.151,13.324,,,,,,,,,,,,,
2023/11/1 6:00,0.476,0.4,0.152,14.353,,,,,,,,,,,,,
2023/11/1 7:00,0.234,0.146,0.126,14.293,,,,,,,,,,,,,
2023/11/1 8:00,0.108,0.09,0.046,11.902,,,,,,,,,,,,,
2023/11/1 9:00,0,0,0.001,9.069,,,,,,,,,,,,,
2023/11/1 10:00,0,0,0,8.166,,,,,,,,,,,,,
2023/11/1 11:00,0,0,0,7.417,,,,,,,,,,,,,
2023/11/1 12:00,0,0,0,6.984,,,,,,,,,,,,,
2023/11/1 13:00,0,0,0,6.634,,,,,,,,,,,,,
2023/11/1 14:00,0,0,0,6.35,,,,,,,,,,,,,
2023/11/1 15:00,0,0,0,6.224,,,,,,,,,,,,,
2023/11/1 16:00,0,0,0,6.344,,,,,,,,,,,,,
2023/11/1 17:00,0,0,0,6.636,,,,,,,,,,,,,
2023/11/1 18:00,0,0,0,6.979,,,,,,,,,,,,,
2023/11/1 19:00,0,0,0,7.345,,,,,,,,,,,,,
2023/11/1 20:00,0,0,0,7.642,,,,,,,,,,,,,
2023/11/1 21:00,0,0,0,7.978,,,,,,,,,,,,,
2023/11/1 22:00,0,0,0,8.149,,,,,,,,,,,,,
2023/11/1 23:00,0.036,0.019,0.039,8.736,,,,,,,,,,,,,
2023/11/2 0:00,0.202,0.115,0.119,10.773,,,,,,,,,,,,,
2023/11/2 1:00,0.393,0.288,0.164,14.082,,,,,,,,,,,,,
2023/11/2 2:00,0.529,0.447,0.183,17.754,,,,,,,,,,,,,
2023/11/2 3:00,0.613,0.567,0.184,19.778,,,,,,,,,,,,,
2023/11/2 4:00,0.616,0.573,0.185,20.214,,,,,,,,,,,,,
2023/11/2 5:00,0.481,0.369,0.205,19.551,,,,,,,,,,,,,
2023/11/2 6:00,0.334,0.207,0.184,18.148,,,,,,,,,,,,,
2023/11/2 7:00,0.262,0.182,0.124,16.419,,,,,,,,,,,,,
2023/11/2 8:00,0.131,0.118,0.044,13.976,,,,,,,,,,,,,
2023/11/2 9:00,0,0,0.001,10.775,,,,,,,,,,,,,
2023/11/2 10:00,0,0,0,8.402,,,,,,,,,,,,,
2023/11/2 11:00,0,0,0,6.423,,,,,,,,,,,,,
2023/11/2 12:00,0,0,0,4.782,,,,,,,,,,,,,
2023/11/2 13:00,0,0,0,3.478,,,,,,,,,,,,,
2023/11/2 14:00,0,0,0,2.518,,,,,,,,,,,,,
2023/11/2 15:00,0,0,0,1.546,,,,,,,,,,,,,
2023/11/2 16:00,0,0,0,0.591,,,,,,,,,,,,,
2023/11/2 17:00,0,0,0,-0.405,,,,,,,,,,,,,
2023/11/2 18:00,0,0,0,-1.429,,,,,,,,,,,,,
2023/11/2 19:00,0,0,0,-2.277,,,,,,,,,,,,,
2023/11/2 20:00,0,0,0,-3.017,,,,,,,,,,,,,
2023/11/2 21:00,0,0,0,-3.627,,,,,,,,,,,,,
2023/11/2 22:00,0,0,0,-3.898,,,,,,,,,,,,,
2023/11/2 23:00,0.1,0.079,0.041,-2.845,,,,,,,,,,,,,
2023/11/3 0:00,0.377,0.319,0.084,-0.543,,,,,,,,,,,,,
2023/11/3 1:00,0.571,0.517,0.111,1.531,,,,,,,,,,,,,
2023/11/3 2:00,0.661,0.608,0.14,3.552,,,,,,,,,,,,,
2023/11/3 3:00,0.723,0.69,0.149,5.484,,,,,,,,,,,,,
2023/11/3 4:00,0.751,0.748,0.139,7.178,,,,,,,,,,,,,
2023/11/3 5:00,0.673,0.645,0.14,8.359,,,,,,,,,,,,,
2023/11/3 6:00,0.492,0.411,0.145,8.839,,,,,,,,,,,,,
2023/11/3 7:00,0.333,0.264,0.108,8.673,,,,,,,,,,,,,
2023/11/3 8:00,0.126,0.111,0.04,7.308,,,,,,,,,,,,,
2023/11/3 9:00,0,0,0,5.497,,,,,,,,,,,,,
2023/11/3 10:00,0,0,0,4.606,,,,,,,,,,,,,
2023/11/3 11:00,0,0,0,4.04,,,,,,,,,,,,,
2023/11/3 12:00,0,0,0,3.336,,,,,,,,,,,,,
2023/11/3 13:00,0,0,0,2.282,,,,,,,,,,,,,
2023/11/3 14:00,0,0,0,1.471,,,,,,,,,,,,,
2023/11/3 15:00,0,0,0,0.967,,,,,,,,,,,,,
2023/11/3 16:00,0,0,0,0.552,,,,,,,,,,,,,
2023/11/3 17:00,0,0,0,0.117,,,,,,,,,,,,,
2023/11/3 18:00,0,0,0,-0.276,,,,,,,,,,,,,
2023/11/3 19:00,0,0,0,-0.664,,,,,,,,,,,,,
2023/11/3 20:00,0,0,0,-1.04,,,,,,,,,,,,,
2023/11/3 21:00,0,0,0,-1.357,,,,,,,,,,,,,
2023/11/3 22:00,0,0,0,-1.502,,,,,,,,,,,,,
2023/11/3 23:00,0.058,0.039,0.04,-0.376,,,,,,,,,,,,,
2023/11/4 0:00,0.267,0.179,0.113,2.734,,,,,,,,,,,,,
2023/11/4 1:00,0.473,0.375,0.149,5.856,,,,,,,,,,,,,
2023/11/4 2:00,0.594,0.51,0.173,8.978,,,,,,,,,,,,,
2023/11/4 3:00,0.685,0.644,0.17,11.605,,,,,,,,,,,,,
2023/11/4 4:00,0.673,0.631,0.176,13.4,,,,,,,,,,,,,
2023/11/4 5:00,0.571,0.488,0.185,14.334,,,,,,,,,,,,,
2023/11/4 6:00,0.361,0.23,0.185,14.411,,,,,,,,,,,,,
2023/11/4 7:00,0.105,0.028,0.105,13.107,,,,,,,,,,,,,
2023/11/4 8:00,0.016,0.007,0.028,9.987,,,,,,,,,,,,,
2023/11/4 9:00,0,0,0,7.85,,,,,,,,,,,,,
2023/11/4 10:00,0,0,0,6.763,,,,,,,,,,,,,
2023/11/4 11:00,0,0,0,5.84,,,,,,,,,,,,,
2023/11/4 12:00,0,0,0,5.142,,,,,,,,,,,,,
2023/11/4 13:00,0,0,0,4.419,,,,,,,,,,,,,
2023/11/4 14:00,0,0,0,3.624,,,,,,,,,,,,,
2023/11/4 15:00,0,0,0,3.003,,,,,,,,,,,,,
2023/11/4 16:00,0,0,0,2.468,,,,,,,,,,,,,
2023/11/4 17:00,0,0,0,2.014,,,,,,,,,,,,,
2023/11/4 18:00,0,0,0,1.601,,,,,,,,,,,,,
2023/11/4 19:00,0,0,0,1.235,,,,,,,,,,,,,
2023/11/4 20:00,0,0,0,0.917,,,,,,,,,,,,,
2023/11/4 21:00,0,0,0,0.722,,,,,,,,,,,,,
2023/11/4 22:00,0,0,0,0.705,,,,,,,,,,,,,
2023/11/4 23:00,0,0.001,0.011,0.86,,,,,,,,,,,,,
2023/11/5 0:00,0.028,0.002,0.046,1.373,,,,,,,,,,,,,
2023/11/5 1:00,0.066,0.003,0.085,2.195,,,,,,,,,,,,,
2023/11/5 2:00,0.09,0.004,0.108,2.998,,,,,,,,,,,,,
2023/11/5 3:00,0.089,0.004,0.109,3.518,,,,,,,,,,,,,
2023/11/5 4:00,0.071,0.002,0.092,3.6,,,,,,,,,,,,,
2023/11/5 5:00,0.053,0.002,0.073,3.382,,,,,,,,,,,,,
2023/11/5 6:00,0.035,0.001,0.054,2.908,,,,,,,,,,,,,
2023/11/5 7:00,0.013,0.001,0.031,2.253,,,,,,,,,,,,,
2023/11/5 8:00,0,0,0.009,1.391,,,,,,,,,,,,,
2023/11/5 9:00,0,0,0,0.415,,,,,,,,,,,,,
2023/11/5 10:00,0,0,0,-0.413,,,,,,,,,,,,,
2023/11/5 11:00,0,0,0,-1.223,,,,,,,,,,,,,
2023/11/5 12:00,0,0,0,-1.899,,,,,,,,,,,,,
2023/11/5 13:00,0,0,0,-2.541,,,,,,,,,,,,,
2023/11/5 14:00,0,0,0,-3.262,,,,,,,,,,,,,
2023/11/5 15:00,0,0,0,-3.99,,,,,,,,,,,,,
2023/11/5 16:00,0,0,0,-4.643,,,,,,,,,,,,,
2023/11/5 17:00,0,0,0,-5.243,,,,,,,,,,,,,
2023/11/5 18:00,0,0,0,-5.768,,,,,,,,,,,,,
2023/11/5 19:00,0,0,0,-6.186,,,,,,,,,,,,,
2023/11/5 20:00,0,0,0,-6.455,,,,,,,,,,,,,
2023/11/5 21:00,0,0,0,-6.512,,,,,,,,,,,,,
2023/11/5 22:00,0,0,0,-6.324,,,,,,,,,,,,,
2023/11/5 23:00,0,0,0.01,-5.93,,,,,,,,,,,,,
2023/11/6 0:00,0.019,0.001,0.036,-5.388,,,,,,,,,,,,,
2023/11/6 1:00,0.049,0.002,0.066,-4.968,,,,,,,,,,,,,
2023/11/6 2:00,0.081,0.004,0.096,-4.731,,,,,,,,,,,,,
2023/11/6 3:00,0.109,0.006,0.122,-4.746,,,,,,,,,,,,,
2023/11/6 4:00,0.117,0.006,0.129,-4.841,,,,,,,,,,,,,
2023/11/6 5:00,0.115,0.007,0.127,-4.748,,,,,,,,,,,,,
2023/11/6 6:00,0.111,0.01,0.12,-4.527,,,,,,,,,,,,,
2023/11/6 7:00,0.081,0.011,0.09,-4.354,,,,,,,,,,,,,
2023/11/6 8:00,0.019,0.007,0.03,-4.442,,,,,,,,,,,,,
2023/11/6 9:00,0,0,0,-4.805,,,,,,,,,,,,,
2023/11/6 10:00,0,0,0,-5.644,,,,,,,,,,,,,
2023/11/6 11:00,0,0,0,-7.238,,,,,,,,,,,,,
2023/11/6 12:00,0,0,0,-8.675,,,,,,,,,,,,,
2023/11/6 13:00,0,0,0,-9.501,,,,,,,,,,,,,
2023/11/6 14:00,0,0,0,-10.068,,,,,,,,,,,,,
2023/11/6 15:00,0,0,0,-10.574,,,,,,,,,,,,,
2023/11/6 16:00,0,0,0,-11.023,,,,,,,,,,,,,
2023/11/6 17:00,0,0,0,-11.488,,,,,,,,,,,,,
2023/11/6 18:00,0,0,0,-11.938,,,,,,,,,,,,,
2023/11/6 19:00,0,0,0,-12.227,,,,,,,,,,,,,
2023/11/6 20:00,0,0,0,-11.859,,,,,,,,,,,,,
2023/11/6 21:00,0,0,0,-11.173,,,,,,,,,,,,,
2023/11/6 22:00,0,0,0,-11.214,,,,,,,,,,,,,
2023/11/6 23:00,0.06,0.036,0.041,-12.215,,,,,,,,,,,,,
2023/11/7 0:00,0.366,0.293,0.081,-10.708,,,,,,,,,,,,,
2023/11/7 1:00,0.59,0.528,0.101,-5.278,,,,,,,,,,,,,
2023/11/7 2:00,0.724,0.693,0.114,-1.872,,,,,,,,,,,,,
2023/11/7 3:00,0.784,0.775,0.122,0.355,,,,,,,,,,,,,
2023/11/7 4:00,0.786,0.785,0.122,1.82,,,,,,,,,,,,,
2023/11/7 5:00,0.711,0.687,0.122,2.681,,,,,,,,,,,,,
2023/11/7 6:00,0.545,0.48,0.123,3.185,,,,,,,,,,,,,
2023/11/7 7:00,0.317,0.242,0.103,3.011,,,,,,,,,,,,,
2023/11/7 8:00,0.092,0.078,0.035,0.609,,,,,,,,,,,,,
2023/11/7 9:00,0,0,0,-1.987,,,,,,,,,,,,,
2023/11/7 10:00,0,0,0,-2.642,,,,,,,,,,,,,
2023/11/7 11:00,0,0,0,-3.139,,,,,,,,,,,,,
2023/11/7 12:00,0,0,0,-3.853,,,,,,,,,,,,,
2023/11/7 13:00,0,0,0,-4.691,,,,,,,,,,,,,
2023/11/7 14:00,0,0,0,-5.103,,,,,,,,,,,,,
2023/11/7 15:00,0,0,0,-4.758,,,,,,,,,,,,,
2023/11/7 16:00,0,0,0,-4.272,,,,,,,,,,,,,
2023/11/7 17:00,0,0,0,-4.046,,,,,,,,,,,,,
2023/11/7 18:00,0,0,0,-4.034,,,,,,,,,,,,,
2023/11/7 19:00,0,0,0,-4.083,,,,,,,,,,,,,
2023/11/7 20:00,0,0,0,-4.139,,,,,,,,,,,,,
2023/11/7 21:00,0,0,0,-4.291,,,,,,,,,,,,,
2023/11/7 22:00,0,0,0,-4.565,,,,,,,,,,,,,
2023/11/7 23:00,0.02,0.011,0.027,-4.774,,,,,,,,,,,,,
2023/11/8 0:00,0.165,0.074,0.109,-3.283,,,,,,,,,,,,,
2023/11/8 1:00,0.298,0.147,0.173,-0.833,,,,,,,,,,,,,
2023/11/8 2:00,0.328,0.136,0.217,0.544,,,,,,,,,,,,,
2023/11/8 3:00,0.383,0.171,0.242,1.101,,,,,,,,,,,,,
2023/11/8 4:00,0.453,0.252,0.24,1.341,,,,,,,,,,,,,
2023/11/8 5:00,0.444,0.266,0.216,1.498,,,,,,,,,,,,,
2023/11/8 6:00,0.408,0.273,0.169,1.513,,,,,,,,,,,,,
2023/11/8 7:00,0.24,0.144,0.118,1.059,,,,,,,,,,,,,
2023/11/8 8:00,0.066,0.05,0.036,-1.343,,,,,,,,,,,,,
2023/11/8 9:00,0,0,0,-4.28,,,,,,,,,,,,,
2023/11/8 10:00,0,0,0,-5.416,,,,,,,,,,,,,
2023/11/8 11:00,0,0,0,-5.962,,,,,,,,,,,,,
2023/11/8 12:00,0,0,0,-6.02,,,,,,,,,,,,,
2023/11/8 13:00,0,0,0,-5.841,,,,,,,,,,,,,
2023/11/8 14:00,0,0,0,-5.622,,,,,,,,,,,,,
2023/11/8 15:00,0,0,0,-5.316,,,,,,,,,,,,,
2023/11/8 16:00,0,0,0,-5.313,,,,,,,,,,,,,
2023/11/8 17:00,0,0,0,-5.827,,,,,,,,,,,,,
2023/11/8 18:00,0,0,0,-5.861,,,,,,,,,,,,,
2023/11/8 19:00,0,0,0,-5.863,,,,,,,,,,,,,
2023/11/8 20:00,0,0,0,-6.459,,,,,,,,,,,,,
2023/11/8 21:00,0,0,0,-7.566,,,,,,,,,,,,,
2023/11/8 22:00,0,0,0,-9.569,,,,,,,,,,,,,
2023/11/8 23:00,0.09,0.074,0.032,-10.782,,,,,,,,,,,,,
2023/11/9 0:00,0.413,0.364,0.063,-8.6,,,,,,,,,,,,,
2023/11/9 1:00,0.637,0.602,0.08,-6.273,,,,,,,,,,,,,
2023/11/9 2:00,0.777,0.768,0.091,-5.256,,,,,,,,,,,,,
2023/11/9 3:00,0.845,0.857,0.098,-4.481,,,,,,,,,,,,,
2023/11/9 4:00,0.848,0.863,0.099,-4.038,,,,,,,,,,,,,
2023/11/9 5:00,0.788,0.786,0.095,-3.86,,,,,,,,,,,,,
2023/11/9 6:00,0.656,0.625,0.088,-4.039,,,,,,,,,,,,,
2023/11/9 7:00,0.441,0.389,0.075,-4.774,,,,,,,,,,,,,
2023/11/9 8:00,0.172,0.162,0.025,-6.629,,,,,,,,,,,,,
2023/11/9 9:00,0,0,0,-9.251,,,,,,,,,,,,,
2023/11/9 10:00,0,0,0,-10.329,,,,,,,,,,,,,
2023/11/9 11:00,0,0,0,-10.884,,,,,,,,,,,,,
2023/11/9 12:00,0,0,0,-11.306,,,,,,,,,,,,,
2023/11/9 13:00,0,0,0,-11.62,,,,,,,,,,,,,
2023/11/9 14:00,0,0,0,-11.849,,,,,,,,,,,,,
2023/11/9 15:00,0,0,0,-12.144,,,,,,,,,,,,,
2023/11/9 16:00,0,0,0,-12.539,,,,,,,,,,,,,
2023/11/9 17:00,0,0,0,-12.915,,,,,,,,,,,,,
2023/11/9 18:00,0,0,0,-13.16,,,,,,,,,,,,,
2023/11/9 19:00,0,0,0,-13.163,,,,,,,,,,,,,
2023/11/9 20:00,0,0,0,-13.155,,,,,,,,,,,,,
2023/11/9 21:00,0,0,0,-13.148,,,,,,,,,,,,,
2023/11/9 22:00,0,0,0,-13.215,,,,,,,,,,,,,
2023/11/9 23:00,0.082,0.07,0.028,-12.929,,,,,,,,,,,,,
2023/11/10 0:00,0.38,0.319,0.07,-10.044,,,,,,,,,,,,,
2023/11/10 1:00,0.609,0.556,0.088,-7.385,,,,,,,,,,,,,
2023/11/10 2:00,0.752,0.723,0.1,-6.285,,,,,,,,,,,,,
2023/11/10 3:00,0.828,0.822,0.105,-5.467,,,,,,,,,,,,,
2023/11/10 4:00,0.832,0.83,0.106,-4.935,,,,,,,,,,,,,
2023/11/10 5:00,0.766,0.745,0.103,-4.694,,,,,,,,,,,,,
2023/11/10 6:00,0.618,0.565,0.099,-4.824,,,,,,,,,,,,,
2023/11/10 7:00,0.405,0.342,0.082,-5.497,,,,,,,,,,,,,
2023/11/10 8:00,0.15,0.139,0.026,-7.613,,,,,,,,,,,,,
2023/11/10 9:00,0,0,0,-10.473,,,,,,,,,,,,,
2023/11/10 10:00,0,0,0,-11.605,,,,,,,,,,,,,
2023/11/10 11:00,0,0,0,-12.025,,,,,,,,,,,,,
2023/11/10 12:00,0,0,0,-12.076,,,,,,,,,,,,,
2023/11/10 13:00,0,0,0,-12.175,,,,,,,,,,,,,
2023/11/10 14:00,0,0,0,-12.321,,,,,,,,,,,,,
2023/11/10 15:00,0,0,0,-12.559,,,,,,,,,,,,,
2023/11/10 16:00,0,0,0,-12.886,,,,,,,,,,,,,
2023/11/10 17:00,0,0,0,-13.209,,,,,,,,,,,,,
2023/11/10 18:00,0,0,0,-13.559,,,,,,,,,,,,,
2023/11/10 19:00,0,0,0,-13.904,,,,,,,,,,,,,
2023/11/10 20:00,0,0,0,-14.116,,,,,,,,,,,,,
2023/11/10 21:00,0,0,0,-14.189,,,,,,,,,,,,,
2023/11/10 22:00,0,0,0,-14.145,,,,,,,,,,,,,
2023/11/10 23:00,0.083,0.072,0.027,-13.831,,,,,,,,,,,,,
2023/11/11 0:00,0.387,0.328,0.067,-11.174,,,,,,,,,,,,,
2023/11/11 1:00,0.614,0.567,0.085,-7.27,,,,,,,,,,,,,
2023/11/11 2:00,0.758,0.737,0.096,-5.937,,,,,,,,,,,,,
2023/11/11 3:00,0.828,0.828,0.102,-4.962,,,,,,,,,,,,,
2023/11/11 4:00,0.833,0.837,0.102,-4.283,,,,,,,,,,,,,
2023/11/11 5:00,0.773,0.764,0.098,-3.906,,,,,,,,,,,,,
2023/11/11 6:00,0.647,0.614,0.088,-3.958,,,,,,,,,,,,,
2023/11/11 7:00,0.449,0.402,0.071,-4.661,,,,,,,,,,,,,
2023/11/11 8:00,0.172,0.165,0.022,-6.898,,,,,,,,,,,,,
2023/11/11 9:00,0,0,0,-9.842,,,,,,,,,,,,,
2023/11/11 10:00,0,0,0,-10.899,,,,,,,,,,,,,
2023/11/11 11:00,0,0,0,-11.616,,,,,,,,,,,,,
2023/11/11 12:00,0,0,0,-12.335,,,,,,,,,,,,,
2023/11/11 13:00,0,0,0,-12.875,,,,,,,,,,,,,
2023/11/11 14:00,0,0,0,-13.291,,,,,,,,,,,,,
2023/11/11 15:00,0,0,0,-13.656,,,,,,,,,,,,,
2023/11/11 16:00,0,0,0,-13.908,,,,,,,,,,,,,
2023/11/11 17:00,0,0,0,-13.923,,,,,,,,,,,,,
2023/11/11 18:00,0,0,0,-13.759,,,,,,,,,,,,,
2023/11/11 19:00,0,0,0,-13.786,,,,,,,,,,,,,
2023/11/11 20:00,0,0,0,-13.982,,,,,,,,,,,,,
2023/11/11 21:00,0,0,0,-14.093,,,,,,,,,,,,,
2023/11/11 22:00,0,0,0,-14.112,,,,,,,,,,,,,
2023/11/11 23:00,0.076,0.066,0.026,-13.471,,,,,,,,,,,,,
2023/11/12 0:00,0.335,0.265,0.078,-10.153,,,,,,,,,,,,,
2023/11/12 1:00,0.533,0.447,0.11,-7.857,,,,,,,,,,,,,
2023/11/12 2:00,0.605,0.492,0.149,-6.981,,,,,,,,,,,,,
2023/11/12 3:00,0.604,0.46,0.182,-6.394,,,,,,,,,,,,,
2023/11/12 4:00,0.59,0.439,0.188,-5.925,,,,,,,,,,,,,
2023/11/12 5:00,0.51,0.356,0.182,-5.603,,,,,,,,,,,,,
2023/11/12 6:00,0.407,0.274,0.152,-5.596,,,,,,,,,,,,,
2023/11/12 7:00,0.309,0.226,0.098,-5.94,,,,,,,,,,,,,
2023/11/12 8:00,0.121,0.112,0.027,-7.08,,,,,,,,,,,,,
2023/11/12 9:00,0,0,0,-9.326,,,,,,,,,,,,,
2023/11/12 10:00,0,0,0,-10.412,,,,,,,,,,,,,
2023/11/12 11:00,0,0,0,-10.727,,,,,,,,,,,,,
2023/11/12 12:00,0,0,0,-10.758,,,,,,,,,,,,,
2023/11/12 13:00,0,0,0,-10.875,,,,,,,,,,,,,
2023/11/12 14:00,0,0,0,-11.229,,,,,,,,,,,,,
2023/11/12 15:00,0,0,0,-11.287,,,,,,,,,,,,,
2023/11/12 16:00,0,0,0,-11.151,,,,,,,,,,,,,
2023/11/12 17:00,0,0,0,-11.053,,,,,,,,,,,,,
2023/11/12 18:00,0,0,0,-11.005,,,,,,,,,,,,,
2023/11/12 19:00,0,0,0,-10.963,,,,,,,,,,,,,
2023/11/12 20:00,0,0,0,-10.926,,,,,,,,,,,,,
2023/11/12 21:00,0,0,0,-10.874,,,,,,,,,,,,,
2023/11/12 22:00,0,0,0,-10.847,,,,,,,,,,,,,
2023/11/12 23:00,0.07,0.062,0.025,-10.409,,,,,,,,,,,,,
2023/11/13 0:00,0.367,0.316,0.065,-7.505,,,,,,,,,,,,,
2023/11/13 1:00,0.589,0.55,0.084,-3.846,,,,,,,,,,,,,
2023/11/13 2:00,0.723,0.716,0.095,-0.677,,,,,,,,,,,,,
2023/11/13 3:00,0.789,0.809,0.101,1.459,,,,,,,,,,,,,
2023/11/13 4:00,0.79,0.815,0.102,2.657,,,,,,,,,,,,,
2023/11/13 5:00,0.73,0.741,0.098,3.33,,,,,,,,,,,,,
2023/11/13 6:00,0.607,0.592,0.088,3.51,,,,,,,,,,,,,
2023/11/13 7:00,0.413,0.379,0.071,2.86,,,,,,,,,,,,,
2023/11/13 8:00,0.139,0.139,0.021,0.553,,,,,,,,,,,,,
2023/11/13 9:00,0,0,0,-1.053,,,,,,,,,,,,,
2023/11/13 10:00,0,0,0,-1.766,,,,,,,,,,,,,
2023/11/13 11:00,0,0,0,-2.349,,,,,,,,,,,,,
2023/11/13 12:00,0,0,0,-3.163,,,,,,,,,,,,,
2023/11/13 13:00,0,0,0,-3.819,,,,,,,,,,,,,
2023/11/13 14:00,0,0,0,-4.735,,,,,,,,,,,,,
2023/11/13 15:00,0,0,0,-5.885,,,,,,,,,,,,,
2023/11/13 16:00,0,0,0,-6.899,,,,,,,,,,,,,
2023/11/13 17:00,0,0,0,-7.652,,,,,,,,,,,,,
2023/11/13 18:00,0,0,0,-8.196,,,,,,,,,,,,,
2023/11/13 19:00,0,0,0,-8.65,,,,,,,,,,,,,
2023/11/13 20:00,0,0,0,-8.981,,,,,,,,,,,,,
2023/11/13 21:00,0,0,0,-9.212,,,,,,,,,,,,,
2023/11/13 22:00,0,0,0,-9.395,,,,,,,,,,,,,
2023/11/13 23:00,0.058,0.053,0.024,-9.055,,,,,,,,,,,,,
2023/11/14 0:00,0.338,0.284,0.069,-6.139,,,,,,,,,,,,,
2023/11/14 1:00,0.568,0.524,0.088,-2.873,,,,,,,,,,,,,
2023/11/14 2:00,0.705,0.692,0.1,0.056,,,,,,,,,,,,,
2023/11/14 3:00,0.772,0.784,0.105,1.989,,,,,,,,,,,,,
2023/11/14 4:00,0.778,0.797,0.105,2.974,,,,,,,,,,,,,
2023/11/14 5:00,0.717,0.721,0.101,3.656,,,,,,,,,,,,,
2023/11/14 6:00,0.591,0.57,0.091,3.98,,,,,,,,,,,,,
2023/11/14 7:00,0.407,0.374,0.071,3.507,,,,,,,,,,,,,
2023/11/14 8:00,0.134,0.136,0.021,1.823,,,,,,,,,,,,,
2023/11/14 9:00,0,0,0,0.094,,,,,,,,,,,,,
2023/11/14 10:00,0,0,0,-0.992,,,,,,,,,,,,,
2023/11/14 11:00,0,0,0,-1.991,,,,,,,,,,,,,
2023/11/14 12:00,0,0,0,-2.564,,,,,,,,,,,,,
2023/11/14 13:00,0,0,0,-2.915,,,,,,,,,,,,,
2023/11/14 14:00,0,0,0,-3.195,,,,,,,,,,,,,
2023/11/14 15:00,0,0,0,-3.722,,,,,,,,,,,,,
2023/11/14 16:00,0,0,0,-4.524,,,,,,,,,,,,,
2023/11/14 17:00,0,0,0,-5.324,,,,,,,,,,,,,
2023/11/14 18:00,0,0,0,-6.094,,,,,,,,,,,,,
2023/11/14 19:00,0,0,0,-6.755,,,,,,,,,,,,,
2023/11/14 20:00,0,0,0,-7.259,,,,,,,,,,,,,
2023/11/14 21:00,0,0,0,-7.531,,,,,,,,,,,,,
2023/11/14 22:00,0,0,0,-7.527,,,,,,,,,,,,,
2023/11/14 23:00,0.048,0.044,0.023,-6.976,,,,,,,,,,,,,
2023/11/15 0:00,0.268,0.192,0.093,-3.493,,,,,,,,,,,,,
2023/11/15 1:00,0.469,0.373,0.133,0.097,,,,,,,,,,,,,
2023/11/15 2:00,0.538,0.416,0.176,2.425,,,,,,,,,,,,,
2023/11/15 3:00,0.502,0.337,0.219,4.421,,,,,,,,,,,,,
2023/11/15 4:00,0.242,0.06,0.21,4.999,,,,,,,,,,,,,
2023/11/15 5:00,0.15,0.022,0.152,4.502,,,,,,,,,,,,,
2023/11/15 6:00,0.092,0.012,0.103,3.702,,,,,,,,,,,,,
2023/11/15 7:00,0.038,0.005,0.053,2.501,,,,,,,,,,,,,
2023/11/15 8:00,0,0.001,0.01,1.136,,,,,,,,,,,,,
2023/11/15 9:00,0,0,0,0.331,,,,,,,,,,,,,
2023/11/15 10:00,0,0,0,-0.041,,,,,,,,,,,,,
2023/11/15 11:00,0,0,0,-0.348,,,,,,,,,,,,,
2023/11/15 12:00,0,0,0,-0.47,,,,,,,,,,,,,
2023/11/15 13:00,0,0,0,-0.612,,,,,,,,,,,,,
2023/11/15 14:00,0,0,0,-0.878,,,,,,,,,,,,,
2023/11/15 15:00,0,0,0,-1.1,,,,,,,,,,,,,
2023/11/15 16:00,0,0,0,-1.558,,,,,,,,,,,,,
2023/11/15 17:00,0,0,0,-2.358,,,,,,,,,,,,,
2023/11/15 18:00,0,0,0,-3.573,,,,,,,,,,,,,
2023/11/15 19:00,0,0,0,-4.69,,,,,,,,,,,,,
2023/11/15 20:00,0,0,0,-5.379,,,,,,,,,,,,,
2023/11/15 21:00,0,0,0,-5.718,,,,,,,,,,,,,
2023/11/15 22:00,0,0,0,-5.884,,,,,,,,,,,,,
2023/11/15 23:00,0.043,0.038,0.025,-5.953,,,,,,,,,,,,,
2023/11/16 0:00,0.336,0.288,0.066,-4.511,,,,,,,,,,,,,
2023/11/16 1:00,0.586,0.552,0.081,-3.012,,,,,,,,,,,,,
2023/11/16 2:00,0.735,0.73,0.091,-2.067,,,,,,,,,,,,,
2023/11/16 3:00,0.809,0.826,0.096,-1.386,,,,,,,,,,,,,
2023/11/16 4:00,0.811,0.831,0.097,-0.945,,,,,,,,,,,,,
2023/11/16 5:00,0.732,0.723,0.099,-0.755,,,,,,,,,,,,,
2023/11/16 6:00,0.574,0.527,0.097,-0.995,,,,,,,,,,,,,
2023/11/16 7:00,0.37,0.317,0.077,-1.778,,,,,,,,,,,,,
2023/11/16 8:00,0.101,0.1,0.021,-3.502,,,,,,,,,,,,,
2023/11/16 9:00,0,0,0,-5.216,,,,,,,,,,,,,
2023/11/16 10:00,0,0,0,-5.821,,,,,,,,,,,,,
2023/11/16 11:00,0,0,0,-6.56,,,,,,,,,,,,,
2023/11/16 12:00,0,0,0,-7.424,,,,,,,,,,,,,
2023/11/16 13:00,0,0,0,-7.644,,,,,,,,,,,,,
2023/11/16 14:00,0,0,0,-7.714,,,,,,,,,,,,,
2023/11/16 15:00,0,0,0,-8.599,,,,,,,,,,,,,
2023/11/16 16:00,0,0,0,-9.498,,,,,,,,,,,,,
2023/11/16 17:00,0,0,0,-10.077,,,,,,,,,,,,,
2023/11/16 18:00,0,0,0,-10.338,,,,,,,,,,,,,
2023/11/16 19:00,0,0,0,-9.915,,,,,,,,,,,,,
2023/11/16 20:00,0,0,0,-9.456,,,,,,,,,,,,,
2023/11/16 21:00,0,0,0,-9.254,,,,,,,,,,,,,
2023/11/16 22:00,0,0,0,-9.277,,,,,,,,,,,,,
2023/11/16 23:00,0.034,0.032,0.02,-9.119,,,,,,,,,,,,,
2023/11/17 0:00,0.203,0.124,0.093,-7.928,,,,,,,,,,,,,
2023/11/17 1:00,0.348,0.213,0.149,-6.625,,,,,,,,,,,,,
2023/11/17 2:00,0.427,0.255,0.192,-5.695,,,,,,,,,,,,,
2023/11/17 3:00,0.469,0.28,0.214,-5.034,,,,,,,,,,,,,
2023/11/17 4:00,0.424,0.225,0.221,-4.564,,,,,,,,,,,,,
2023/11/17 5:00,0.377,0.195,0.202,-4.285,,,,,,,,,,,,,
2023/11/17 6:00,0.303,0.159,0.161,-4.265,,,,,,,,,,,,,
2023/11/17 7:00,0.182,0.098,0.101,-4.624,,,,,,,,,,,,,
2023/11/17 8:00,0.053,0.047,0.025,-5.489,,,,,,,,,,,,,
2023/11/17 9:00,0,0,0,-6.553,,,,,,,,,,,,,
2023/11/17 10:00,0,0,0,-7.353,,,,,,,,,,,,,
2023/11/17 11:00,0,0,0,-8.254,,,,,,,,,,,,,
2023/11/17 12:00,0,0,0,-9.06,,,,,,,,,,,,,
2023/11/17 13:00,0,0,0,-9.594,,,,,,,,,,,,,
2023/11/17 14:00,0,0,0,-9.937,,,,,,,,,,,,,
2023/11/17 15:00,0,0,0,-10.254,,,,,,,,,,,,,
2023/11/17 16:00,0,0,0,-10.493,,,,,,,,,,,,,
2023/11/17 17:00,0,0,0,-10.654,,,,,,,,,,,,,
2023/11/17 18:00,0,0,0,-10.747,,,,,,,,,,,,,
2023/11/17 19:00,0,0,0,-10.803,,,,,,,,,,,,,
2023/11/17 20:00,0,0,0,-10.773,,,,,,,,,,,,,
2023/11/17 21:00,0,0,0,-10.66,,,,,,,,,,,,,
2023/11/17 22:00,0,0,0,-10.474,,,,,,,,,,,,,
2023/11/17 23:00,0.052,0.049,0.021,-9.797,,,,,,,,,,,,,
2023/11/18 0:00,0.35,0.303,0.061,-6.426,,,,,,,,,,,,,
2023/11/18 1:00,0.575,0.537,0.081,-3.182,,,,,,,,,,,,,
2023/11/18 2:00,0.706,0.698,0.094,0.052,,,,,,,,,,,,,
2023/11/18 3:00,0.763,0.782,0.102,3.436,,,,,,,,,,,,,
2023/11/18 4:00,0.755,0.781,0.104,5.787,,,,,,,,,,,,,
2023/11/18 5:00,0.686,0.695,0.102,7.176,,,,,,,,,,,,,
2023/11/18 6:00,0.566,0.551,0.091,7.243,,,,,,,,,,,,,
2023/11/18 7:00,0.378,0.344,0.071,5.092,,,,,,,,,,,,,
2023/11/18 8:00,0.091,0.094,0.019,1.737,,,,,,,,,,,,,
2023/11/18 9:00,0,0,0,-0.224,,,,,,,,,,,,,
2023/11/18 10:00,0,0,0,-0.914,,,,,,,,,,,,,
2023/11/18 11:00,0,0,0,-1.559,,,,,,,,,,,,,
2023/11/18 12:00,0,0,0,-1.936,,,,,,,,,,,,,
2023/11/18 13:00,0,0,0,-1.973,,,,,,,,,,,,,
2023/11/18 14:00,0,0,0,-1.894,,,,,,,,,,,,,
2023/11/18 15:00,0,0,0,-1.823,,,,,,,,,,,,,
2023/11/18 16:00,0,0,0,-1.755,,,,,,,,,,,,,
2023/11/18 17:00,0,0,0,-1.748,,,,,,,,,,,,,
2023/11/18 18:00,0,0,0,-1.782,,,,,,,,,,,,,
2023/11/18 19:00,0,0,0,-1.948,,,,,,,,,,,,,
2023/11/18 20:00,0,0,0,-2.249,,,,,,,,,,,,,
2023/11/18 21:00,0,0,0,-2.65,,,,,,,,,,,,,
2023/11/18 22:00,0,0,0,-3.081,,,,,,,,,,,,,
2023/11/18 23:00,0.043,0.044,0.019,-3.063,,,,,,,,,,,,,
2023/11/19 0:00,0.312,0.269,0.065,-0.667,,,,,,,,,,,,,
2023/11/19 1:00,0.54,0.505,0.086,1.619,,,,,,,,,,,,,
2023/11/19 2:00,0.68,0.674,0.098,3.38,,,,,,,,,,,,,
2023/11/19 3:00,0.752,0.77,0.103,4.35,,,,,,,,,,,,,
2023/11/19 4:00,0.757,0.778,0.104,4.877,,,,,,,,,,,,,
2023/11/19 5:00,0.7,0.706,0.099,5.068,,,,,,,,,,,,,
2023/11/19 6:00,0.583,0.567,0.087,4.809,,,,,,,,,,,,,
2023/11/19 7:00,0.392,0.36,0.068,3.218,,,,,,,,,,,,,
2023/11/19 8:00,0.101,0.104,0.017,-0.233,,,,,,,,,,,,,
2023/11/19 9:00,0,0,0,-1.281,,,,,,,,,,,,,
2023/11/19 10:00,0,0,0,-1.281,,,,,,,,,,,,,
2023/11/19 11:00,0,0,0,-1.237,,,,,,,,,,,,,
2023/11/19 12:00,0,0,0,-1.217,,,,,,,,,,,,,
2023/11/19 13:00,0,0,0,-1.311,,,,,,,,,,,,,
2023/11/19 14:00,0,0,0,-1.449,,,,,,,,,,,,,
2023/11/19 15:00,0,0,0,-1.677,,,,,,,,,,,,,
2023/11/19 16:00,0,0,0,-2.02,,,,,,,,,,,,,
2023/11/19 17:00,0,0,0,-2.371,,,,,,,,,,,,,
2023/11/19 18:00,0,0,0,-2.728,,,,,,,,,,,,,
2023/11/19 19:00,0,0,0,-2.999,,,,,,,,,,,,,
2023/11/19 20:00,0,0,0,-3.18,,,,,,,,,,,,,
2023/11/19 21:00,0,0,0,-3.017,,,,,,,,,,,,,
2023/11/19 22:00,0,0,0,-2.808,,,,,,,,,,,,,
2023/11/19 23:00,0.025,0.027,0.018,-2.158,,,,,,,,,,,,,
2023/11/20 0:00,0.19,0.128,0.083,0.261,,,,,,,,,,,,,
2023/11/20 1:00,0.416,0.334,0.119,2.88,,,,,,,,,,,,,
2023/11/20 2:00,0.601,0.557,0.123,5.724,,,,,,,,,,,,,
2023/11/20 3:00,0.696,0.695,0.121,8.26,,,,,,,,,,,,,
2023/11/20 4:00,0.714,0.73,0.116,9.667,,,,,,,,,,,,,
2023/11/20 5:00,0.67,0.681,0.107,10.013,,,,,,,,,,,,,
2023/11/20 6:00,0.555,0.541,0.094,9.327,,,,,,,,,,,,,
2023/11/20 7:00,0.357,0.322,0.074,7.114,,,,,,,,,,,,,
2023/11/20 8:00,0.075,0.079,0.019,3.409,,,,,,,,,,,,,
2023/11/20 9:00,0,0,0,1.362,,,,,,,,,,,,,
2023/11/20 10:00,0,0,0,0.785,,,,,,,,,,,,,
2023/11/20 11:00,0,0,0,0.305,,,,,,,,,,,,,
2023/11/20 12:00,0,0,0,-0.004,,,,,,,,,,,,,
2023/11/20 13:00,0,0,0,-0.126,,,,,,,,,,,,,
2023/11/20 14:00,0,0,0,-0.191,,,,,,,,,,,,,
2023/11/20 15:00,0,0,0,-0.23,,,,,,,,,,,,,
2023/11/20 16:00,0,0,0,-0.417,,,,,,,,,,,,,
2023/11/20 17:00,0,0,0,-0.352,,,,,,,,,,,,,
2023/11/20 18:00,0,0,0,-0.057,,,,,,,,,,,,,
2023/11/20 19:00,0,0,0,-0.049,,,,,,,,,,,,,
2023/11/20 20:00,0,0,0,-0.416,,,,,,,,,,,,,
2023/11/20 21:00,0,0,0,-0.898,,,,,,,,,,,,,
2023/11/20 22:00,0,0,0,-0.852,,,,,,,,,,,,,
2023/11/20 23:00,0.009,0.011,0.015,-0.34,,,,,,,,,,,,,
2023/11/21 0:00,0.11,0.044,0.088,2.147,,,,,,,,,,,,,
2023/11/21 1:00,0.233,0.102,0.157,4.645,,,,,,,,,,,,,
2023/11/21 2:00,0.294,0.123,0.203,5.904,,,,,,,,,,,,,
2023/11/21 3:00,0.276,0.088,0.218,6.42,,,,,,,,,,,,,
2023/11/21 4:00,0.249,0.068,0.211,6.361,,,,,,,,,,,,,
2023/11/21 5:00,0.193,0.043,0.177,5.903,,,,,,,,,,,,,
2023/11/21 6:00,0.13,0.026,0.128,4.952,,,,,,,,,,,,,
2023/11/21 7:00,0.069,0.017,0.074,3.282,,,,,,,,,,,,,
2023/11/21 8:00,0.009,0.009,0.018,0.963,,,,,,,,,,,,,
2023/11/21 9:00,0,0,0,-0.829,,,,,,,,,,,,,
2023/11/21 10:00,0,0,0,-1.576,,,,,,,,,,,,,
2023/11/21 11:00,0,0,0,-1.897,,,,,,,,,,,,,
2023/11/21 12:00,0,0,0,-1.923,,,,,,,,,,,,,
2023/11/21 13:00,0,0,0,-1.847,,,,,,,,,,,,,
2023/11/21 14:00,0,0,0,-1.598,,,,,,,,,,,,,
2023/11/21 15:00,0,0,0,-1.418,,,,,,,,,,,,,
2023/11/21 16:00,0,0,0,-1.409,,,,,,,,,,,,,
2023/11/21 17:00,0,0,0,-1.507,,,,,,,,,,,,,
2023/11/21 18:00,0,0,0,-1.688,,,,,,,,,,,,,
2023/11/21 19:00,0,0,0,-1.841,,,,,,,,,,,,,
2023/11/21 20:00,0,0,0,-1.922,,,,,,,,,,,,,
2023/11/21 21:00,0,0,0,-1.858,,,,,,,,,,,,,
2023/11/21 22:00,0,0,0,-2.065,,,,,,,,,,,,,
2023/11/21 23:00,0.005,0.008,0.014,-2.078,,,,,,,,,,,,,
2023/11/22 0:00,0.188,0.127,0.082,-0.16,,,,,,,,,,,,,
2023/11/22 1:00,0.435,0.359,0.114,2.273,,,,,,,,,,,,,
2023/11/22 2:00,0.604,0.557,0.124,4.828,,,,,,,,,,,,,
2023/11/22 3:00,0.669,0.638,0.133,6.377,,,,,,,,,,,,,
2023/11/22 4:00,0.681,0.657,0.131,6.785,,,,,,,,,,,,,
2023/11/22 5:00,0.61,0.566,0.129,6.713,,,,,,,,,,,,,
2023/11/22 6:00,0.501,0.449,0.11,6.068,,,,,,,,,,,,,
2023/11/22 7:00,0.278,0.222,0.084,4.339,,,,,,,,,,,,,
2023/11/22 8:00,0.046,0.048,0.019,1.02,,,,,,,,,,,,,
2023/11/22 9:00,0,0,0,-1.119,,,,,,,,,,,,,
2023/11/22 10:00,0,0,0,-2.32,,,,,,,,,,,,,
2023/11/22 11:00,0,0,0,-3.121,,,,,,,,,,,,,
2023/11/22 12:00,0,0,0,-3.599,,,,,,,,,,,,,
2023/11/22 13:00,0,0,0,-3.926,,,,,,,,,,,,,
2023/11/22 14:00,0,0,0,-4.098,,,,,,,,,,,,,
2023/11/22 15:00,0,0,0,-3.962,,,,,,,,,,,,,
2023/11/22 16:00,0,0,0,-4.096,,,,,,,,,,,,,
2023/11/22 17:00,0,0,0,-4.333,,,,,,,,,,,,,
2023/11/22 18:00,0,0,0,-4.552,,,,,,,,,,,,,
2023/11/22 19:00,0,0,0,-4.724,,,,,,,,,,,,,
2023/11/22 20:00,0,0,0,-5.07,,,,,,,,,,,,,
2023/11/22 21:00,0,0,0,-5.706,,,,,,,,,,,,,
2023/11/22 22:00,0,0,0,-6.571,,,,,,,,,,,,,
2023/11/22 23:00,0,0.003,0.009,-7.579,,,,,,,,,,,,,
2023/11/23 0:00,0.086,0.031,0.073,-8.133,,,,,,,,,,,,,
2023/11/23 1:00,0.251,0.122,0.141,-7.972,,,,,,,,,,,,,
2023/11/23 2:00,0.453,0.3,0.171,-7.336,,,,,,,,,,,,,
2023/11/23 3:00,0.6,0.469,0.167,-6.891,,,,,,,,,,,,,
2023/11/23 4:00,0.65,0.54,0.155,-6.806,,,,,,,,,,,,,
2023/11/23 5:00,0.596,0.486,0.145,-6.93,,,,,,,,,,,,,
2023/11/23 6:00,0.53,0.445,0.11,-7.303,,,,,,,,,,,,,
2023/11/23 7:00,0.381,0.322,0.072,-8.216,,,,,,,,,,,,,
2023/11/23 8:00,0.086,0.087,0.016,-9.797,,,,,,,,,,,,,
2023/11/23 9:00,0,0,0,-11.105,,,,,,,,,,,,,
2023/11/23 10:00,0,0,0,-11.915,,,,,,,,,,,,,
2023/11/23 11:00,0,0,0,-12.523,,,,,,,,,,,,,
2023/11/23 12:00,0,0,0,-13.013,,,,,,,,,,,,,
2023/11/23 13:00,0,0,0,-13.433,,,,,,,,,,,,,
2023/11/23 14:00,0,0,0,-13.826,,,,,,,,,,,,,
2023/11/23 15:00,0,0,0,-14.238,,,,,,,,,,,,,
2023/11/23 16:00,0,0,0,-14.639,,,,,,,,,,,,,
2023/11/23 17:00,0,0,0,-15.001,,,,,,,,,,,,,
2023/11/23 18:00,0,0,0,-15.326,,,,,,,,,,,,,
2023/11/23 19:00,0,0,0,-15.616,,,,,,,,,,,,,
2023/11/23 20:00,0,0,0,-15.847,,,,,,,,,,,,,
2023/11/23 21:00,0,0,0,-16.013,,,,,,,,,,,,,
2023/11/23 22:00,0,0,0,-16.132,,,,,,,,,,,,,
2023/11/23 23:00,0.055,0.059,0.012,-16.071,,,,,,,,,,,,,
2023/11/24 0:00,0.361,0.309,0.053,-14.764,,,,,,,,,,,,,
2023/11/24 1:00,0.609,0.555,0.072,-13.137,,,,,,,,,,,,,
2023/11/24 2:00,0.759,0.726,0.083,-11.486,,,,,,,,,,,,,
2023/11/24 3:00,0.828,0.814,0.089,-10.007,,,,,,,,,,,,,
2023/11/24 4:00,0.83,0.821,0.09,-8.826,,,,,,,,,,,,,
2023/11/24 5:00,0.764,0.744,0.087,-8.02,,,,,,,,,,,,,
2023/11/24 6:00,0.627,0.588,0.078,-7.672,,,,,,,,,,,,,
2023/11/24 7:00,0.413,0.367,0.061,-7.954,,,,,,,,,,,,,
2023/11/24 8:00,0.083,0.087,0.014,-9.24,,,,,,,,,,,,,
2023/11/24 9:00,0,0,0,-10.81,,,,,,,,,,,,,
2023/11/24 10:00,0,0,0,-11.478,,,,,,,,,,,,,
2023/11/24 11:00,0,0,0,-11.842,,,,,,,,,,,,,
2023/11/24 12:00,0,0,0,-12.007,,,,,,,,,,,,,
2023/11/24 13:00,0,0,0,-12.206,,,,,,,,,,,,,
2023/11/24 14:00,0,0,0,-12.528,,,,,,,,,,,,,
2023/11/24 15:00,0,0,0,-12.715,,,,,,,,,,,,,
2023/11/24 16:00,0,0,0,-12.783,,,,,,,,,,,,,
2023/11/24 17:00,0,0,0,-12.762,,,,,,,,,,,,,
2023/11/24 18:00,0,0,0,-12.687,,,,,,,,,,,,,
2023/11/24 19:00,0,0,0,-12.621,,,,,,,,,,,,,
2023/11/24 20:00,0,0,0,-12.584,,,,,,,,,,,,,
2023/11/24 21:00,0,0,0,-12.653,,,,,,,,,,,,,
2023/11/24 22:00,0,0,0,-12.704,,,,,,,,,,,,,
2023/11/24 23:00,0.03,0.036,0.012,-12.397,,,,,,,,,,,,,
2023/11/25 0:00,0.269,0.206,0.072,-10.369,,,,,,,,,,,,,
2023/11/25 1:00,0.509,0.431,0.1,-7.728,,,,,,,,,,,,,
2023/11/25 2:00,0.653,0.588,0.117,-5.103,,,,,,,,,,,,,
2023/11/25 3:00,0.704,0.645,0.131,-3.083,,,,,,,,,,,,,
2023/11/25 4:00,0.683,0.614,0.14,-1.702,,,,,,,,,,,,,
2023/11/25 5:00,0.503,0.378,0.164,-1.081,,,,,,,,,,,,,
2023/11/25 6:00,0.298,0.173,0.146,-1.277,,,,,,,,,,,,,
2023/11/25 7:00,0.124,0.059,0.084,-1.969,,,,,,,,,,,,,
2023/11/25 8:00,0.007,0.01,0.014,-2.974,,,,,,,,,,,,,
2023/11/25 9:00,0,0,0,-4.13,,,,,,,,,,,,,
2023/11/25 10:00,0,0,0,-5.212,,,,,,,,,,,,,
2023/11/25 11:00,0,0,0,-6.171,,,,,,,,,,,,,
2023/11/25 12:00,0,0,0,-7.009,,,,,,,,,,,,,
2023/11/25 13:00,0,0,0,-7.665,,,,,,,,,,,,,
2023/11/25 14:00,0,0,0,-8.078,,,,,,,,,,,,,
2023/11/25 15:00,0,0,0,-8.371,,,,,,,,,,,,,
2023/11/25 16:00,0,0,0,-8.976,,,,,,,,,,,,,
2023/11/25 17:00,0,0,0,-9.601,,,,,,,,,,,,,
2023/11/25 18:00,0,0,0,-10.147,,,,,,,,,,,,,
2023/11/25 19:00,0,0,0,-10.689,,,,,,,,,,,,,
2023/11/25 20:00,0,0,0,-11.077,,,,,,,,,,,,,
2023/11/25 21:00,0,0,0,-11.023,,,,,,,,,,,,,
2023/11/25 22:00,0,0,0,-10.453,,,,,,,,,,,,,
2023/11/25 23:00,0,0.004,0.009,-9.83,,,,,,,,,,,,,
2023/11/26 0:00,0.075,0.021,0.072,-8.786,,,,,,,,,,,,,
2023/11/26 1:00,0.214,0.08,0.148,-7.435,,,,,,,,,,,,,
2023/11/26 2:00,0.285,0.104,0.195,-5.994,,,,,,,,,,,,,
2023/11/26 3:00,0.349,0.143,0.223,-4.84,,,,,,,,,,,,,
2023/11/26 4:00,0.375,0.17,0.226,-3.746,,,,,,,,,,,,,
2023/11/26 5:00,0.283,0.103,0.199,-2.782,,,,,,,,,,,,,
2023/11/26 6:00,0.112,0.019,0.113,-2.285,,,,,,,,,,,,,
2023/11/26 7:00,0.027,0.004,0.042,-2.27,,,,,,,,,,,,,
2023/11/26 8:00,0,0.001,0.006,-2.891,,,,,,,,,,,,,
2023/11/26 9:00,0,0,0,-3.631,,,,,,,,,,,,,
2023/11/26 10:00,0,0,0,-4.286,,,,,,,,,,,,,
2023/11/26 11:00,0,0,0,-4.745,,,,,,,,,,,,,
2023/11/26 12:00,0,0,0,-5.101,,,,,,,,,,,,,
2023/11/26 13:00,0,0,0,-5.332,,,,,,,,,,,,,
2023/11/26 14:00,0,0,0,-5.423,,,,,,,,,,,,,
2023/11/26 15:00,0,0,0,-5.498,,,,,,,,,,,,,
2023/11/26 16:00,0,0,0,-6.112,,,,,,,,,,,,,
2023/11/26 17:00,0,0,0,-6.749,,,,,,,,,,,,,
2023/11/26 18:00,0,0,0,-7.252,,,,,,,,,,,,,
2023/11/26 19:00,0,0,0,-7.648,,,,,,,,,,,,,
2023/11/26 20:00,0,0,0,-7.866,,,,,,,,,,,,,
2023/11/26 21:00,0,0,0,-8.128,,,,,,,,,,,,,
2023/11/26 22:00,0,0,0,-8.11,,,,,,,,,,,,,
2023/11/26 23:00,0,0.004,0.01,-7.855,,,,,,,,,,,,,
2023/11/27 0:00,0.107,0.048,0.077,-6.575,,,,,,,,,,,,,
2023/11/27 1:00,0.291,0.166,0.141,-4.879,,,,,,,,,,,,,
2023/11/27 2:00,0.409,0.251,0.18,-3.795,,,,,,,,,,,,,
2023/11/27 3:00,0.414,0.23,0.207,-3.303,,,,,,,,,,,,,
2023/11/27 4:00,0.381,0.191,0.211,-3.275,,,,,,,,,,,,,
2023/11/27 5:00,0.332,0.161,0.191,-3.439,,,,,,,,,,,,,
2023/11/27 6:00,0.252,0.121,0.149,-3.812,,,,,,,,,,,,,
2023/11/27 7:00,0.135,0.067,0.086,-4.607,,,,,,,,,,,,,
2023/11/27 8:00,0.023,0.025,0.016,-6.221,,,,,,,,,,,,,
2023/11/27 9:00,0,0,0,-7.919,,,,,,,,,,,,,
2023/11/27 10:00,0,0,0,-9.147,,,,,,,,,,,,,
2023/11/27 11:00,0,0,0,-10.002,,,,,,,,,,,,,
2023/11/27 12:00,0,0,0,-10.618,,,,,,,,,,,,,
2023/11/27 13:00,0,0,0,-11.103,,,,,,,,,,,,,
2023/11/27 14:00,0,0,0,-11.477,,,,,,,,,,,,,
2023/11/27 15:00,0,0,0,-11.907,,,,,,,,,,,,,
2023/11/27 16:00,0,0,0,-12.447,,,,,,,,,,,,,
2023/11/27 17:00,0,0,0,-12.998,,,,,,,,,,,,,
2023/11/27 18:00,0,0,0,-13.431,,,,,,,,,,,,,
2023/11/27 19:00,0,0,0,-13.792,,,,,,,,,,,,,
2023/11/27 20:00,0,0,0,-14.169,,,,,,,,,,,,,
2023/11/27 21:00,0,0,0,-14.468,,,,,,,,,,,,,
2023/11/27 22:00,0,0,0,-14.667,,,,,,,,,,,,,
2023/11/27 23:00,0.029,0.035,0.011,-14.65,,,,,,,,,,,,,
2023/11/28 0:00,0.314,0.26,0.06,-12.515,,,,,,,,,,,,,
2023/11/28 1:00,0.513,0.434,0.094,-10.31,,,,,,,,,,,,,
2023/11/28 2:00,0.626,0.541,0.12,-8.63,,,,,,,,,,,,,
2023/11/28 3:00,0.635,0.528,0.147,-7.536,,,,,,,,,,,,,
2023/11/28 4:00,0.66,0.565,0.143,-6.749,,,,,,,,,,,,,
2023/11/28 5:00,0.625,0.54,0.127,-6.211,,,,,,,,,,,,,
2023/11/28 6:00,0.462,0.368,0.116,-6.116,,,,,,,,,,,,,
2023/11/28 7:00,0.196,0.127,0.083,-6.6,,,,,,,,,,,,,
2023/11/28 8:00,0.009,0.013,0.013,-7.629,,,,,,,,,,,,,
2023/11/28 9:00,0,0,0,-8.534,,,,,,,,,,,,,
2023/11/28 10:00,0,0,0,-9.548,,,,,,,,,,,,,
2023/11/28 11:00,0,0,0,-10.6,,,,,,,,,,,,,
2023/11/28 12:00,0,0,0,-11.556,,,,,,,,,,,,,
2023/11/28 13:00,0,0,0,-12.426,,,,,,,,,,,,,
2023/11/28 14:00,0,0,0,-13.09,,,,,,,,,,,,,
2023/11/28 15:00,0,0,0,-13.417,,,,,,,,,,,,,
2023/11/28 16:00,0,0,0,-13.274,,,,,,,,,,,,,
2023/11/28 17:00,0,0,0,-13.449,,,,,,,,,,,,,
2023/11/28 18:00,0,0,0,-13.877,,,,,,,,,,,,,
2023/11/28 19:00,0,0,0,-14.191,,,,,,,,,,,,,
2023/11/28 20:00,0,0,0,-14.428,,,,,,,,,,,,,
2023/11/28 21:00,0,0,0,-14.624,,,,,,,,,,,,,
2023/11/28 22:00,0,0,0,-14.745,,,,,,,,,,,,,
2023/11/28 23:00,0.03,0.038,0.01,-14.644,,,,,,,,,,,,,
2023/11/29 0:00,0.323,0.273,0.055,-13.088,,,,,,,,,,,,,
2023/11/29 1:00,0.573,0.516,0.075,-11.43,,,,,,,,,,,,,
2023/11/29 2:00,0.725,0.685,0.087,-10.138,,,,,,,,,,,,,
2023/11/29 3:00,0.801,0.78,0.093,-9.128,,,,,,,,,,,,,
2023/11/29 4:00,0.798,0.777,0.096,-8.466,,,,,,,,,,,,,
2023/11/29 5:00,0.707,0.66,0.099,-8.18,,,,,,,,,,,,,
2023/11/29 6:00,0.551,0.484,0.092,-8.329,,,,,,,,,,,,,
2023/11/29 7:00,0.336,0.279,0.067,-8.973,,,,,,,,,,,,,
2023/11/29 8:00,0.051,0.056,0.013,-10.125,,,,,,,,,,,,,
2023/11/29 9:00,0,0,0,-11.13,,,,,,,,,,,,,
2023/11/29 10:00,0,0,0,-11.87,,,,,,,,,,,,,
2023/11/29 11:00,0,0,0,-12.484,,,,,,,,,,,,,
2023/11/29 12:00,0,0,0,-13.013,,,,,,,,,,,,,
2023/11/29 13:00,0,0,0,-13.482,,,,,,,,,,,,,
2023/11/29 14:00,0,0,0,-13.93,,,,,,,,,,,,,
2023/11/29 15:00,0,0,0,-14.218,,,,,,,,,,,,,
2023/11/29 16:00,0,0,0,-14.386,,,,,,,,,,,,,
2023/11/29 17:00,0,0,0,-14.558,,,,,,,,,,,,,
2023/11/29 18:00,0,0,0,-14.718,,,,,,,,,,,,,
2023/11/29 19:00,0,0,0,-14.858,,,,,,,,,,,,,
2023/11/29 20:00,0,0,0,-15.126,,,,,,,,,,,,,
2023/11/29 21:00,0,0,0,-15.307,,,,,,,,,,,,,
2023/11/29 22:00,0,0,0,-15.419,,,,,,,,,,,,,
2023/11/29 23:00,0.028,0.036,0.009,-15.338,,,,,,,,,,,,,
2023/11/30 0:00,0.313,0.262,0.055,-13.535,,,,,,,,,,,,,
2023/11/30 1:00,0.562,0.503,0.076,-11.282,,,,,,,,,,,,,
2023/11/30 2:00,0.711,0.671,0.089,-9.278,,,,,,,,,,,,,
2023/11/30 3:00,0.785,0.763,0.095,-7.81,,,,,,,,,,,,,
2023/11/30 4:00,0.787,0.77,0.096,-6.738,,,,,,,,,,,,,
2023/11/30 5:00,0.723,0.696,0.091,-6.135,,,,,,,,,,,,,
2023/11/30 6:00,0.586,0.541,0.081,-6.092,,,,,,,,,,,,,
2023/11/30 7:00,0.372,0.326,0.061,-6.71,,,,,,,,,,,,,
2023/11/30 8:00,0.054,0.06,0.012,-8.49,,,,,,,,,,,,,
2023/11/30 9:00,0,0,0,-10.157,,,,,,,,,,,,,
2023/11/30 10:00,0,0,0,-11.289,,,,,,,,,,,,,
2023/11/30 11:00,0,0,0,-11.972,,,,,,,,,,,,,
2023/11/30 12:00,0,0,0,-12.441,,,,,,,,,,,,,
2023/11/30 13:00,0,0,0,-12.82,,,,,,,,,,,,,
2023/11/30 14:00,0,0,0,-13.185,,,,,,,,,,,,,
2023/11/30 15:00,0,0,0,-13.58,,,,,,,,,,,,,
2023/11/30 16:00,0,0,0,-13.901,,,,,,,,,,,,,
2023/11/30 17:00,0,0,0,-14.18,,,,,,,,,,,,,
2023/11/30 18:00,0,0,0,-14.514,,,,,,,,,,,,,
2023/11/30 19:00,0,0,0,-14.841,,,,,,,,,,,,,
2023/11/30 20:00,0,0,0,-15.131,,,,,,,,,,,,,
2023/11/30 21:00,0,0,0,-15.402,,,,,,,,,,,,,
2023/11/30 22:00,0,0,0,-15.604,,,,,,,,,,,,,
2023/11/30 23:00,0.029,0.037,0.009,-15.543,,,,,,,,,,,,,
2023/12/1 0:00,0.323,0.274,0.053,-13.127,,,,,,,,,,,,,
2023/12/1 1:00,0.57,0.518,0.073,-10.419,,,,,,,,,,,,,
2023/12/1 2:00,0.713,0.685,0.086,-7.261,,,,,,,,,,,,,
2023/12/1 3:00,0.779,0.775,0.092,-4.409,,,,,,,,,,,,,
2023/12/1 4:00,0.776,0.779,0.093,-2.31,,,,,,,,,,,,,
2023/12/1 5:00,0.709,0.701,0.089,-0.946,,,,,,,,,,,,,
2023/12/1 6:00,0.574,0.547,0.079,-0.506,,,,,,,,,,,,,
2023/12/1 7:00,0.364,0.329,0.06,-1.639,,,,,,,,,,,,,
2023/12/1 8:00,0.05,0.058,0.011,-4.441,,,,,,,,,,,,,
2023/12/1 9:00,0,0,0,-6.273,,,,,,,,,,,,,
2023/12/1 10:00,0,0,0,-7.464,,,,,,,,,,,,,
2023/12/1 11:00,0,0,0,-8.121,,,,,,,,,,,,,
2023/12/1 12:00,0,0,0,-8.546,,,,,,,,,,,,,
2023/12/1 13:00,0,0,0,-8.744,,,,,,,,,,,,,
2023/12/1 14:00,0,0,0,-8.583,,,,,,,,,,,,,
2023/12/1 15:00,0,0,0,-8.444,,,,,,,,,,,,,
2023/12/1 16:00,0,0,0,-8.515,,,,,,,,,,,,,
2023/12/1 17:00,0,0,0,-8.628,,,,,,,,,,,,,
2023/12/1 18:00,0,0,0,-9.281,,,,,,,,,,,,,
2023/12/1 19:00,0,0,0,-10.367,,,,,,,,,,,,,
2023/12/1 20:00,0,0,0,-11.016,,,,,,,,,,,,,
2023/12/1 21:00,0,0,0,-11.359,,,,,,,,,,,,,
2023/12/1 22:00,0,0,0,-11.541,,,,,,,,,,,,,
2023/12/1 23:00,0.021,0.03,0.008,-11.491,,,,,,,,,,,,,
2023/12/2 0:00,0.294,0.248,0.056,-9.449,,,,,,,,,,,,,
2023/12/2 1:00,0.54,0.488,0.078,-7.365,,,,,,,,,,,,,
2023/12/2 2:00,0.688,0.656,0.091,-5.303,,,,,,,,,,,,,
2023/12/2 3:00,0.761,0.751,0.096,-3.524,,,,,,,,,,,,,
2023/12/2 4:00,0.761,0.755,0.098,-2.266,,,,,,,,,,,,,
2023/12/2 5:00,0.696,0.679,0.093,-1.538,,,,,,,,,,,,,
2023/12/2 6:00,0.566,0.532,0.082,-1.403,,,,,,,,,,,,,
2023/12/2 7:00,0.356,0.319,0.06,-2.033,,,,,,,,,,,,,
2023/12/2 8:00,0.046,0.055,0.011,-4.915,,,,,,,,,,,,,
2023/12/2 9:00,0,0,0,-6.844,,,,,,,,,,,,,
2023/12/2 10:00,0,0,0,-7.639,,,,,,,,,,,,,
2023/12/2 11:00,0,0,0,-8.226,,,,,,,,,,,,,
2023/12/2 12:00,0,0,0,-8.711,,,,,,,,,,,,,
2023/12/2 13:00,0,0,0,-9.127,,,,,,,,,,,,,
2023/12/2 14:00,0,0,0,-9.436,,,,,,,,,,,,,
2023/12/2 15:00,0,0,0,-9.85,,,,,,,,,,,,,
2023/12/2 16:00,0,0,0,-10.349,,,,,,,,,,,,,
2023/12/2 17:00,0,0,0,-10.745,,,,,,,,,,,,,
2023/12/2 18:00,0,0,0,-10.957,,,,,,,,,,,,,
2023/12/2 19:00,0,0,0,-10.988,,,,,,,,,,,,,
2023/12/2 20:00,0,0,0,-10.956,,,,,,,,,,,,,
2023/12/2 21:00,0,0,0,-10.912,,,,,,,,,,,,,
2023/12/2 22:00,0,0,0,-10.755,,,,,,,,,,,,,
2023/12/2 23:00,0.015,0.023,0.008,-10.382,,,,,,,,,,,,,
2023/12/3 0:00,0.266,0.219,0.059,-7.634,,,,,,,,,,,,,
2023/12/3 1:00,0.505,0.449,0.085,-4.545,,,,,,,,,,,,,
2023/12/3 2:00,0.642,0.605,0.101,-1.416,,,,,,,,,,,,,
2023/12/3 3:00,0.707,0.695,0.108,2.214,,,,,,,,,,,,,
2023/12/3 4:00,0.693,0.685,0.112,5.187,,,,,,,,,,,,,
2023/12/3 5:00,0.628,0.612,0.106,6.61,,,,,,,,,,,,,
2023/12/3 6:00,0.504,0.471,0.092,6.301,,,,,,,,,,,,,
2023/12/3 7:00,0.317,0.283,0.064,3.971,,,,,,,,,,,,,
2023/12/3 8:00,0.03,0.038,0.011,1.026,,,,,,,,,,,,,
2023/12/3 9:00,0,0,0,0.244,,,,,,,,,,,,,
2023/12/3 10:00,0,0,0,-0.081,,,,,,,,,,,,,
2023/12/3 11:00,0,0,0,-0.774,,,,,,,,,,,,,
2023/12/3 12:00,0,0,0,-1.527,,,,,,,,,,,,,
2023/12/3 13:00,0,0,0,-2.343,,,,,,,,,,,,,
2023/12/3 14:00,0,0,0,-3.152,,,,,,,,,,,,,
2023/12/3 15:00,0,0,0,-3.913,,,,,,,,,,,,,
2023/12/3 16:00,0,0,0,-4.647,,,,,,,,,,,,,
2023/12/3 17:00,0,0,0,-5.333,,,,,,,,,,,,,
2023/12/3 18:00,0,0,0,-5.925,,,,,,,,,,,,,
2023/12/3 19:00,0,0,0,-6.427,,,,,,,,,,,,,
2023/12/3 20:00,0,0,0,-6.883,,,,,,,,,,,,,
2023/12/3 21:00,0,0,0,-7.448,,,,,,,,,,,,,
2023/12/3 22:00,0,0,0,-7.935,,,,,,,,,,,,,
2023/12/3 23:00,0.009,0.017,0.008,-8.075,,,,,,,,,,,,,
2023/12/4 0:00,0.226,0.177,0.064,-5.845,,,,,,,,,,,,,
2023/12/4 1:00,0.447,0.376,0.098,-3.235,,,,,,,,,,,,,
2023/12/4 2:00,0.583,0.518,0.117,-0.758,,,,,,,,,,,,,
2023/12/4 3:00,0.677,0.64,0.119,1.108,,,,,,,,,,,,,
2023/12/4 4:00,0.696,0.674,0.114,2.128,,,,,,,,,,,,,
2023/12/4 5:00,0.639,0.609,0.107,2.547,,,,,,,,,,,,,
2023/12/4 6:00,0.512,0.469,0.093,2.434,,,,,,,,,,,,,
2023/12/4 7:00,0.303,0.262,0.066,1.285,,,,,,,,,,,,,
2023/12/4 8:00,0.029,0.038,0.011,-0.742,,,,,,,,,,,,,
2023/12/4 9:00,0,0,0,-1.265,,,,,,,,,,,,,
2023/12/4 10:00,0,0,0,-1.784,,,,,,,,,,,,,
2023/12/4 11:00,0,0,0,-2.915,,,,,,,,,,,,,
2023/12/4 12:00,0,0,0,-4.12,,,,,,,,,,,,,
2023/12/4 13:00,0,0,0,-4.91,,,,,,,,,,,,,
2023/12/4 14:00,0,0,0,-5.387,,,,,,,,,,,,,
2023/12/4 15:00,0,0,0,-5.791,,,,,,,,,,,,,
2023/12/4 16:00,0,0,0,-6.133,,,,,,,,,,,,,
2023/12/4 17:00,0,0,0,-6.359,,,,,,,,,,,,,
2023/12/4 18:00,0,0,0,-6.441,,,,,,,,,,,,,
2023/12/4 19:00,0,0,0,-6.422,,,,,,,,,,,,,
2023/12/4 20:00,0,0,0,-6.435,,,,,,,,,,,,,
2023/12/4 21:00,0,0,0,-6.376,,,,,,,,,,,,,
2023/12/4 22:00,0,0,0,-6.151,,,,,,,,,,,,,
2023/12/4 23:00,0.006,0.014,0.008,-5.778,,,,,,,,,,,,,
2023/12/5 0:00,0.217,0.169,0.065,-4.148,,,,,,,,,,,,,
2023/12/5 1:00,0.442,0.372,0.1,-1.627,,,,,,,,,,,,,
2023/12/5 2:00,0.581,0.522,0.118,1.508,,,,,,,,,,,,,
2023/12/5 3:00,0.631,0.581,0.132,4.444,,,,,,,,,,,,,
2023/12/5 4:00,0.616,0.564,0.137,6.312,,,,,,,,,,,,,
2023/12/5 5:00,0.517,0.442,0.139,7.043,,,,,,,,,,,,,
2023/12/5 6:00,0.387,0.311,0.118,6.535,,,,,,,,,,,,,
2023/12/5 7:00,0.211,0.161,0.075,4.131,,,,,,,,,,,,,
2023/12/5 8:00,0.011,0.018,0.011,1.05,,,,,,,,,,,,,
2023/12/5 9:00,0,0,0,0.166,,,,,,,,,,,,,
2023/12/5 10:00,0,0,0,-0.149,,,,,,,,,,,,,
2023/12/5 11:00,0,0,0,-0.486,,,,,,,,,,,,,
2023/12/5 12:00,0,0,0,-0.654,,,,,,,,,,,,,
2023/12/5 13:00,0,0,0,-0.495,,,,,,,,,,,,,
2023/12/5 14:00,0,0,0,-0.467,,,,,,,,,,,,,
2023/12/5 15:00,0,0,0,-0.676,,,,,,,,,,,,,
2023/12/5 16:00,0,0,0,-1.356,,,,,,,,,,,,,
2023/12/5 17:00,0,0,0,-2.632,,,,,,,,,,,,,
2023/12/5 18:00,0,0,0,-4.358,,,,,,,,,,,,,
2023/12/5 19:00,0,0,0,-5.523,,,,,,,,,,,,,
2023/12/5 20:00,0,0,0,-6.154,,,,,,,,,,,,,
2023/12/5 21:00,0,0,0,-6.665,,,,,,,,,,,,,
2023/12/5 22:00,0,0,0,-7.165,,,,,,,,,,,,,
2023/12/5 23:00,0.009,0.018,0.008,-7.596,,,,,,,,,,,,,
2023/12/6 0:00,0.26,0.215,0.059,-6.353,,,,,,,,,,,,,
2023/12/6 1:00,0.511,0.458,0.084,-4.558,,,,,,,,,,,,,
2023/12/6 2:00,0.668,0.635,0.096,-2.946,,,,,,,,,,,,,
2023/12/6 3:00,0.748,0.738,0.1,-1.748,,,,,,,,,,,,,
2023/12/6 4:00,0.75,0.745,0.101,-0.865,,,,,,,,,,,,,
2023/12/6 5:00,0.624,0.574,0.113,-0.366,,,,,,,,,,,,,
2023/12/6 6:00,0.437,0.36,0.109,-0.351,,,,,,,,,,,,,
2023/12/6 7:00,0.155,0.1,0.075,-0.935,,,,,,,,,,,,,
2023/12/6 8:00,0.001,0.007,0.009,-2.802,,,,,,,,,,,,,
2023/12/6 9:00,0,0,0,-3.623,,,,,,,,,,,,,
2023/12/6 10:00,0,0,0,-4.081,,,,,,,,,,,,,
2023/12/6 11:00,0,0,0,-4.602,,,,,,,,,,,,,
2023/12/6 12:00,0,0,0,-5.171,,,,,,,,,,,,,
2023/12/6 13:00,0,0,0,-6.165,,,,,,,,,,,,,
2023/12/6 14:00,0,0,0,-6.395,,,,,,,,,,,,,
2023/12/6 15:00,0,0,0,-6.098,,,,,,,,,,,,,
2023/12/6 16:00,0,0,0,-5.904,,,,,,,,,,,,,
2023/12/6 17:00,0,0,0,-5.812,,,,,,,,,,,,,
2023/12/6 18:00,0,0,0,-5.841,,,,,,,,,,,,,
2023/12/6 19:00,0,0,0,-6.119,,,,,,,,,,,,,
2023/12/6 20:00,0,0,0,-7.067,,,,,,,,,,,,,
2023/12/6 21:00,0,0,0,-7.89,,,,,,,,,,,,,
2023/12/6 22:00,0,0,0,-8.025,,,,,,,,,,,,,
2023/12/6 23:00,0.004,0.012,0.007,-7.747,,,,,,,,,,,,,
2023/12/7 0:00,0.202,0.151,0.067,-5.406,,,,,,,,,,,,,
2023/12/7 1:00,0.437,0.363,0.102,-2.079,,,,,,,,,,,,,
2023/12/7 2:00,0.577,0.512,0.122,0.922,,,,,,,,,,,,,
2023/12/7 3:00,0.644,0.597,0.131,4.076,,,,,,,,,,,,,
2023/12/7 4:00,0.635,0.59,0.135,6.061,,,,,,,,,,,,,
2023/12/7 5:00,0.477,0.382,0.151,6.864,,,,,,,,,,,,,
2023/12/7 6:00,0.247,0.142,0.135,6.286,,,,,,,,,,,,,
2023/12/7 7:00,0.113,0.062,0.074,4.506,,,,,,,,,,,,,
2023/12/7 8:00,0.001,0.008,0.009,2.243,,,,,,,,,,,,,
2023/12/7 9:00,0,0,0,1.049,,,,,,,,,,,,,
2023/12/7 10:00,0,0,0,0.213,,,,,,,,,,,,,
2023/12/7 11:00,0,0,0,-0.207,,,,,,,,,,,,,
2023/12/7 12:00,0,0,0,-0.407,,,,,,,,,,,,,
2023/12/7 13:00,0,0,0,-0.515,,,,,,,,,,,,,
2023/12/7 14:00,0,0,0,-0.508,,,,,,,,,,,,,
2023/12/7 15:00,0,0,0,-0.551,,,,,,,,,,,,,
2023/12/7 16:00,0,0,0,-0.672,,,,,,,,,,,,,
2023/12/7 17:00,0,0,0,-0.708,,,,,,,,,,,,,
2023/12/7 18:00,0,0,0,-0.712,,,,,,,,,,,,,
2023/12/7 19:00,0,0,0,-0.624,,,,,,,,,,,,,
2023/12/7 20:00,0,0,0,-0.361,,,,,,,,,,,,,
2023/12/7 21:00,0,0,0,-0.025,,,,,,,,,,,,,
2023/12/7 22:00,0,0,0,0.109,,,,,,,,,,,,,
2023/12/7 23:00,0,0.003,0.006,0.043,,,,,,,,,,,,,
2023/12/8 0:00,0.084,0.041,0.065,1.205,,,,,,,,,,,,,
2023/12/8 1:00,0.259,0.157,0.129,3.513,,,,,,,,,,,,,
2023/12/8 2:00,0.388,0.263,0.165,5.552,,,,,,,,,,,,,
2023/12/8 3:00,0.507,0.399,0.17,7.169,,,,,,,,,,,,,
2023/12/8 4:00,0.535,0.44,0.165,7.646,,,,,,,,,,,,,
2023/12/8 5:00,0.486,0.392,0.152,7.032,,,,,,,,,,,,,
2023/12/8 6:00,0.32,0.221,0.132,5.26,,,,,,,,,,,,,
2023/12/8 7:00,0.094,0.045,0.071,2.483,,,,,,,,,,,,,
2023/12/8 8:00,0.005,0.011,0.01,-0.377,,,,,,,,,,,,,
2023/12/8 9:00,0,0,0,-2.088,,,,,,,,,,,,,
2023/12/8 10:00,0,0,0,-3.219,,,,,,,,,,,,,
2023/12/8 11:00,0,0,0,-4.1,,,,,,,,,,,,,
2023/12/8 12:00,0,0,0,-4.722,,,,,,,,,,,,,
2023/12/8 13:00,0,0,0,-5.122,,,,,,,,,,,,,
2023/12/8 14:00,0,0,0,-5.432,,,,,,,,,,,,,
2023/12/8 15:00,0,0,0,-5.897,,,,,,,,,,,,,
2023/12/8 16:00,0,0,0,-6.514,,,,,,,,,,,,,
2023/12/8 17:00,0,0,0,-7.182,,,,,,,,,,,,,
2023/12/8 18:00,0,0,0,-8,,,,,,,,,,,,,
2023/12/8 19:00,0,0,0,-8.788,,,,,,,,,,,,,
2023/12/8 20:00,0,0,0,-9.549,,,,,,,,,,,,,
2023/12/8 21:00,0,0,0,-10.227,,,,,,,,,,,,,
2023/12/8 22:00,0,0,0,-10.822,,,,,,,,,,,,,
2023/12/8 23:00,0.005,0.013,0.007,-11.264,,,,,,,,,,,,,
2023/12/9 0:00,0.249,0.202,0.057,-10.025,,,,,,,,,,,,,
2023/12/9 1:00,0.467,0.393,0.091,-8.373,,,,,,,,,,,,,
2023/12/9 2:00,0.656,0.605,0.097,-6.904,,,,,,,,,,,,,
2023/12/9 3:00,0.756,0.734,0.097,-5.672,,,,,,,,,,,,,
2023/12/9 4:00,0.755,0.735,0.099,-4.788,,,,,,,,,,,,,
2023/12/9 5:00,0.688,0.656,0.094,-4.369,,,,,,,,,,,,,
2023/12/9 6:00,0.558,0.514,0.081,-4.5,,,,,,,,,,,,,
2023/12/9 7:00,0.33,0.287,0.059,-5.449,,,,,,,,,,,,,
2023/12/9 8:00,0.028,0.037,0.009,-7.578,,,,,,,,,,,,,
2023/12/9 9:00,0,0,0,-9.21,,,,,,,,,,,,,
2023/12/9 10:00,0,0,0,-10.159,,,,,,,,,,,,,
2023/12/9 11:00,0,0,0,-10.967,,,,,,,,,,,,,
2023/12/9 12:00,0,0,0,-11.672,,,,,,,,,,,,,
2023/12/9 13:00,0,0,0,-12.254,,,,,,,,,,,,,
2023/12/9 14:00,0,0,0,-12.741,,,,,,,,,,,,,
2023/12/9 15:00,0,0,0,-13.24,,,,,,,,,,,,,
2023/12/9 16:00,0,0,0,-13.68,,,,,,,,,,,,,
2023/12/9 17:00,0,0,0,-14.039,,,,,,,,,,,,,
2023/12/9 18:00,0,0,0,-14.436,,,,,,,,,,,,,
2023/12/9 19:00,0,0,0,-14.845,,,,,,,,,,,,,
2023/12/9 20:00,0,0,0,-15.143,,,,,,,,,,,,,
2023/12/9 21:00,0,0,0,-15.273,,,,,,,,,,,,,
2023/12/9 22:00,0,0,0,-15.341,,,,,,,,,,,,,
2023/12/9 23:00,0.001,0.009,0.006,-15.465,,,,,,,,,,,,,
2023/12/10 0:00,0.184,0.127,0.066,-14.346,,,,,,,,,,,,,
2023/12/10 1:00,0.456,0.362,0.101,-12.702,,,,,,,,,,,,,
2023/12/10 2:00,0.636,0.55,0.113,-11.148,,,,,,,,,,,,,
2023/12/10 3:00,0.695,0.61,0.127,-10.052,,,,,,,,,,,,,
2023/12/10 4:00,0.672,0.577,0.135,-9.452,,,,,,,,,,,,,
2023/12/10 5:00,0.512,0.382,0.149,-9.23,,,,,,,,,,,,,
2023/12/10 6:00,0.334,0.215,0.129,-9.441,,,,,,,,,,,,,
2023/12/10 7:00,0.159,0.097,0.075,-10.114,,,,,,,,,,,,,
2023/12/10 8:00,0.008,0.014,0.01,-11.4,,,,,,,,,,,,,
2023/12/10 9:00,0,0,0,-12.569,,,,,,,,,,,,,
2023/12/10 10:00,0,0,0,-12.634,,,,,,,,,,,,,
2023/12/10 11:00,0,0,0,-12.614,,,,,,,,,,,,,
2023/12/10 12:00,0,0,0,-12.528,,,,,,,,,,,,,
2023/12/10 13:00,0,0,0,-12.32,,,,,,,,,,,,,
2023/12/10 14:00,0,0,0,-12.236,,,,,,,,,,,,,
2023/12/10 15:00,0,0,0,-12.354,,,,,,,,,,,,,
2023/12/10 16:00,0,0,0,-12.639,,,,,,,,,,,,,
2023/12/10 17:00,0,0,0,-12.925,,,,,,,,,,,,,
2023/12/10 18:00,0,0,0,-13.326,,,,,,,,,,,,,
2023/12/10 19:00,0,0,0,-13.799,,,,,,,,,,,,,
2023/12/10 20:00,0,0,0,-14.269,,,,,,,,,,,,,
2023/12/10 21:00,0,0,0,-14.534,,,,,,,,,,,,,
2023/12/10 22:00,0,0,0,-14.615,,,,,,,,,,,,,
2023/12/10 23:00,0,0,0.002,-14.651,,,,,,,,,,,,,
2023/12/11 0:00,0.013,0.002,0.027,-14.512,,,,,,,,,,,,,
2023/12/11 1:00,0.066,0.008,0.074,-14.104,,,,,,,,,,,,,
2023/12/11 2:00,0.139,0.022,0.129,-13.452,,,,,,,,,,,,,
2023/12/11 3:00,0.288,0.097,0.196,-12.62,,,,,,,,,,,,,
2023/12/11 4:00,0.499,0.318,0.192,-11.819,,,,,,,,,,,,,
2023/12/11 5:00,0.452,0.288,0.174,-11.346,,,,,,,,,,,,,
2023/12/11 6:00,0.348,0.218,0.137,-11.348,,,,,,,,,,,,,
2023/12/11 7:00,0.174,0.106,0.079,-11.962,,,,,,,,,,,,,
2023/12/11 8:00,0.004,0.01,0.009,-13.027,,,,,,,,,,,,,
2023/12/11 9:00,0,0,0,-13.81,,,,,,,,,,,,,
2023/12/11 10:00,0,0,0,-14.45,,,,,,,,,,,,,
2023/12/11 11:00,0,0,0,-15.186,,,,,,,,,,,,,
2023/12/11 12:00,0,0,0,-15.888,,,,,,,,,,,,,
2023/12/11 13:00,0,0,0,-16.475,,,,,,,,,,,,,
2023/12/11 14:00,0,0,0,-16.906,,,,,,,,,,,,,
2023/12/11 15:00,0,0,0,-17.317,,,,,,,,,,,,,
2023/12/11 16:00,0,0,0,-17.708,,,,,,,,,,,,,
2023/12/11 17:00,0,0,0,-18.032,,,,,,,,,,,,,
2023/12/11 18:00,0,0,0,-18.243,,,,,,,,,,,,,
2023/12/11 19:00,0,0,0,-18.322,,,,,,,,,,,,,
2023/12/11 20:00,0,0,0,-18.319,,,,,,,,,,,,,
2023/12/11 21:00,0,0,0,-18.339,,,,,,,,,,,,,
2023/12/11 22:00,0,0,0,-18.552,,,,,,,,,,,,,
2023/12/11 23:00,0,0.005,0.006,-18.455,,,,,,,,,,,,,
2023/12/12 0:00,0.132,0.076,0.066,-17.253,,,,,,,,,,,,,
2023/12/12 1:00,0.399,0.288,0.111,-15.164,,,,,,,,,,,,,
2023/12/12 2:00,0.57,0.455,0.131,-12.329,,,,,,,,,,,,,
2023/12/12 3:00,0.605,0.482,0.151,-9.64,,,,,,,,,,,,,
2023/12/12 4:00,0.572,0.443,0.16,-7.369,,,,,,,,,,,,,
2023/12/12 5:00,0.502,0.379,0.149,-5.66,,,,,,,,,,,,,
2023/12/12 6:00,0.401,0.303,0.118,-4.682,,,,,,,,,,,,,
2023/12/12 7:00,0.179,0.121,0.074,-5.485,,,,,,,,,,,,,
2023/12/12 8:00,0.004,0.011,0.009,-8.182,,,,,,,,,,,,,
2023/12/12 9:00,0,0,0,-9.548,,,,,,,,,,,,,
2023/12/12 10:00,0,0,0,-10.896,,,,,,,,,,,,,
2023/12/12 11:00,0,0,0,-12.174,,,,,,,,,,,,,
2023/12/12 12:00,0,0,0,-13.361,,,,,,,,,,,,,
2023/12/12 13:00,0,0,0,-14.328,,,,,,,,,,,,,
2023/12/12 14:00,0,0,0,-15.1,,,,,,,,,,,,,
2023/12/12 15:00,0,0,0,-15.599,,,,,,,,,,,,,
2023/12/12 16:00,0,0,0,-15.874,,,,,,,,,,,,,
2023/12/12 17:00,0,0,0,-16.147,,,,,,,,,,,,,
2023/12/12 18:00,0,0,0,-16.325,,,,,,,,,,,,,
2023/12/12 19:00,0,0,0,-16.458,,,,,,,,,,,,,
2023/12/12 20:00,0,0,0,-16.454,,,,,,,,,,,,,
2023/12/12 21:00,0,0,0,-16.681,,,,,,,,,,,,,
2023/12/12 22:00,0,0,0,-17.014,,,,,,,,,,,,,
2023/12/12 23:00,0,0.001,0.003,-17.215,,,,,,,,,,,,,
2023/12/13 0:00,0.021,0.003,0.034,-17.042,,,,,,,,,,,,,
2023/12/13 1:00,0.059,0.005,0.07,-16.73,,,,,,,,,,,,,
2023/12/13 2:00,0.088,0.007,0.096,-16.309,,,,,,,,,,,,,
2023/12/13 3:00,0.106,0.008,0.112,-15.761,,,,,,,,,,,,,
2023/12/13 4:00,0.119,0.01,0.123,-15.072,,,,,,,,,,,,,
2023/12/13 5:00,0.108,0.01,0.112,-14.477,,,,,,,,,,,,,
2023/12/13 6:00,0.084,0.009,0.09,-14.1,,,,,,,,,,,,,
2023/12/13 7:00,0.043,0.008,0.052,-14.187,,,,,,,,,,,,,
2023/12/13 8:00,0,0.001,0.006,-14.693,,,,,,,,,,,,,
2023/12/13 9:00,0,0,0,-15.172,,,,,,,,,,,,,
2023/12/13 10:00,0,0,0,-15.571,,,,,,,,,,,,,
2023/12/13 11:00,0,0,0,-15.873,,,,,,,,,,,,,
2023/12/13 12:00,0,0,0,-16.074,,,,,,,,,,,,,
2023/12/13 13:00,0,0,0,-16.184,,,,,,,,,,,,,
2023/12/13 14:00,0,0,0,-16.357,,,,,,,,,,,,,
2023/12/13 15:00,0,0,0,-16.421,,,,,,,,,,,,,
2023/12/13 16:00,0,0,0,-16.375,,,,,,,,,,,,,
2023/12/13 17:00,0,0,0,-16.352,,,,,,,,,,,,,
2023/12/13 18:00,0,0,0,-16.345,,,,,,,,,,,,,
2023/12/13 19:00,0,0,0,-16.384,,,,,,,,,,,,,
2023/12/13 20:00,0,0,0,-16.434,,,,,,,,,,,,,
2023/12/13 21:00,0,0,0,-16.499,,,,,,,,,,,,,
2023/12/13 22:00,0,0,0,-16.568,,,,,,,,,,,,,
2023/12/13 23:00,0,0,0.003,-16.62,,,,,,,,,,,,,
2023/12/14 0:00,0.032,0.006,0.042,-16.406,,,,,,,,,,,,,
2023/12/14 1:00,0.111,0.02,0.104,-15.855,,,,,,,,,,,,,
2023/12/14 2:00,0.163,0.028,0.145,-15.126,,,,,,,,,,,,,
2023/12/14 3:00,0.216,0.043,0.18,-14.518,,,,,,,,,,,,,
2023/12/14 4:00,0.257,0.066,0.197,-14.001,,,,,,,,,,,,,
2023/12/14 5:00,0.192,0.04,0.161,-13.856,,,,,,,,,,,,,
2023/12/14 6:00,0.107,0.017,0.104,-14.076,,,,,,,,,,,,,
2023/12/14 7:00,0.028,0.005,0.041,-14.538,,,,,,,,,,,,,
2023/12/14 8:00,0,0,0.004,-15.104,,,,,,,,,,,,,
2023/12/14 9:00,0,0,0,-15.516,,,,,,,,,,,,,
2023/12/14 10:00,0,0,0,-15.821,,,,,,,,,,,,,
2023/12/14 11:00,0,0,0,-16.122,,,,,,,,,,,,,
2023/12/14 12:00,0,0,0,-16.414,,,,,,,,,,,,,
2023/12/14 13:00,0,0,0,-16.662,,,,,,,,,,,,,
2023/12/14 14:00,0,0,0,-16.9,,,,,,,,,,,,,
2023/12/14 15:00,0,0,0,-17.025,,,,,,,,,,,,,
2023/12/14 16:00,0,0,0,-17.077,,,,,,,,,,,,,
2023/12/14 17:00,0,0,0,-17.099,,,,,,,,,,,,,
2023/12/14 18:00,0,0,0,-17.116,,,,,,,,,,,,,
2023/12/14 19:00,0,0,0,-17.222,,,,,,,,,,,,,
2023/12/14 20:00,0,0,0,-17.379,,,,,,,,,,,,,
2023/12/14 21:00,0,0,0,-17.63,,,,,,,,,,,,,
2023/12/14 22:00,0,0,0,-17.886,,,,,,,,,,,,,
2023/12/14 23:00,0,0.001,0.003,-18.007,,,,,,,,,,,,,
2023/12/15 0:00,0.038,0.008,0.046,-17.73,,,,,,,,,,,,,
2023/12/15 1:00,0.09,0.013,0.091,-17.19,,,,,,,,,,,,,
2023/12/15 2:00,0.125,0.015,0.122,-16.54,,,,,,,,,,,,,
2023/12/15 3:00,0.162,0.022,0.15,-15.872,,,,,,,,,,,,,
2023/12/15 4:00,0.211,0.041,0.177,-15.242,,,,,,,,,,,,,
2023/12/15 5:00,0.215,0.052,0.169,-14.769,,,,,,,,,,,,,
2023/12/15 6:00,0.162,0.044,0.129,-14.629,,,,,,,,,,,,,
2023/12/15 7:00,0.033,0.006,0.044,-14.856,,,,,,,,,,,,,
2023/12/15 8:00,0,0.001,0.004,-15.19,,,,,,,,,,,,,
2023/12/15 9:00,0,0,0,-15.352,,,,,,,,,,,,,
2023/12/15 10:00,0,0,0,-15.386,,,,,,,,,,,,,
2023/12/15 11:00,0,0,0,-15.515,,,,,,,,,,,,,
2023/12/15 12:00,0,0,0,-15.813,,,,,,,,,,,,,
2023/12/15 13:00,0,0,0,-16.277,,,,,,,,,,,,,
2023/12/15 14:00,0,0,0,-16.875,,,,,,,,,,,,,
2023/12/15 15:00,0,0,0,-17.636,,,,,,,,,,,,,
2023/12/15 16:00,0,0,0,-18.416,,,,,,,,,,,,,
2023/12/15 17:00,0,0,0,-19.081,,,,,,,,,,,,,
2023/12/15 18:00,0,0,0,-19.646,,,,,,,,,,,,,
2023/12/15 19:00,0,0,0,-20.118,,,,,,,,,,,,,
2023/12/15 20:00,0,0,0,-20.512,,,,,,,,,,,,,
2023/12/15 21:00,0,0,0,-20.76,,,,,,,,,,,,,
2023/12/15 22:00,0,0,0,-21.025,,,,,,,,,,,,,
2023/12/15 23:00,0,0.006,0.006,-21.303,,,,,,,,,,,,,
2023/12/16 0:00,0.265,0.209,0.053,-20.468,,,,,,,,,,,,,
2023/12/16 1:00,0.541,0.459,0.077,-19.025,,,,,,,,,,,,,
2023/12/16 2:00,0.71,0.637,0.088,-17.863,,,,,,,,,,,,,
2023/12/16 3:00,0.794,0.735,0.093,-17.097,,,,,,,,,,,,,
2023/12/16 4:00,0.807,0.753,0.092,-16.761,,,,,,,,,,,,,
2023/12/16 5:00,0.746,0.687,0.085,-16.755,,,,,,,,,,,,,
2023/12/16 6:00,0.585,0.511,0.077,-17.12,,,,,,,,,,,,,
2023/12/16 7:00,0.333,0.274,0.056,-17.886,,,,,,,,,,,,,
2023/12/16 8:00,0.024,0.032,0.008,-19.208,,,,,,,,,,,,,
2023/12/16 9:00,0,0,0,-20.542,,,,,,,,,,,,,
2023/12/16 10:00,0,0,0,-21.334,,,,,,,,,,,,,
2023/12/16 11:00,0,0,0,-21.827,,,,,,,,,,,,,
2023/12/16 12:00,0,0,0,-22.137,,,,,,,,,,,,,
2023/12/16 13:00,0,0,0,-22.297,,,,,,,,,,,,,
2023/12/16 14:00,0,0,0,-22.494,,,,,,,,,,,,,
2023/12/16 15:00,0,0,0,-22.739,,,,,,,,,,,,,
2023/12/16 16:00,0,0,0,-22.953,,,,,,,,,,,,,
2023/12/16 17:00,0,0,0,-23.192,,,,,,,,,,,,,
2023/12/16 18:00,0,0,0,-23.464,,,,,,,,,,,,,
2023/12/16 19:00,0,0,0,-23.722,,,,,,,,,,,,,
2023/12/16 20:00,0,0,0,-23.905,,,,,,,,,,,,,
2023/12/16 21:00,0,0,0,-24.022,,,,,,,,,,,,,
2023/12/16 22:00,0,0,0,-24.07,,,,,,,,,,,,,
2023/12/16 23:00,0.007,0.017,0.005,-24.022,,,,,,,,,,,,,
2023/12/17 0:00,0.317,0.262,0.047,-22.446,,,,,,,,,,,,,
2023/12/17 1:00,0.583,0.512,0.068,-19.108,,,,,,,,,,,,,
2023/12/17 2:00,0.738,0.683,0.08,-16.766,,,,,,,,,,,,,
2023/12/17 3:00,0.812,0.772,0.086,-15.22,,,,,,,,,,,,,
2023/12/17 4:00,0.811,0.774,0.087,-14.177,,,,,,,,,,,,,
2023/12/17 5:00,0.739,0.693,0.083,-13.481,,,,,,,,,,,,,
2023/12/17 6:00,0.584,0.525,0.074,-13.264,,,,,,,,,,,,,
2023/12/17 7:00,0.338,0.287,0.054,-14.034,,,,,,,,,,,,,
2023/12/17 8:00,0.022,0.031,0.007,-16.59,,,,,,,,,,,,,
2023/12/17 9:00,0,0,0,-17.931,,,,,,,,,,,,,
2023/12/17 10:00,0,0,0,-18.316,,,,,,,,,,,,,
2023/12/17 11:00,0,0,0,-18.678,,,,,,,,,,,,,
2023/12/17 12:00,0,0,0,-19.144,,,,,,,,,,,,,
2023/12/17 13:00,0,0,0,-19.629,,,,,,,,,,,,,
2023/12/17 14:00,0,0,0,-19.985,,,,,,,,,,,,,
2023/12/17 15:00,0,0,0,-20.323,,,,,,,,,,,,,
2023/12/17 16:00,0,0,0,-20.667,,,,,,,,,,,,,
2023/12/17 17:00,0,0,0,-20.925,,,,,,,,,,,,,
2023/12/17 18:00,0,0,0,-21.142,,,,,,,,,,,,,
2023/12/17 19:00,0,0,0,-21.349,,,,,,,,,,,,,
2023/12/17 20:00,0,0,0,-21.521,,,,,,,,,,,,,
2023/12/17 21:00,0,0,0,-21.562,,,,,,,,,,,,,
2023/12/17 22:00,0,0,0,-21.439,,,,,,,,,,,,,
2023/12/17 23:00,0.003,0.012,0.005,-21.165,,,,,,,,,,,,,
2023/12/18 0:00,0.258,0.203,0.055,-19.323,,,,,,,,,,,,,
2023/12/18 1:00,0.512,0.429,0.084,-16.332,,,,,,,,,,,,,
2023/12/18 2:00,0.66,0.584,0.101,-13.215,,,,,,,,,,,,,
2023/12/18 3:00,0.727,0.661,0.109,-11.24,,,,,,,,,,,,,
2023/12/18 4:00,0.722,0.658,0.112,-9.936,,,,,,,,,,,,,
2023/12/18 5:00,0.644,0.573,0.108,-9.014,,,,,,,,,,,,,
2023/12/18 6:00,0.486,0.408,0.095,-8.704,,,,,,,,,,,,,
2023/12/18 7:00,0.238,0.183,0.066,-9.893,,,,,,,,,,,,,
2023/12/18 8:00,0.007,0.015,0.008,-13.164,,,,,,,,,,,,,
2023/12/18 9:00,0,0,0,-14.715,,,,,,,,,,,,,
2023/12/18 10:00,0,0,0,-15.451,,,,,,,,,,,,,
2023/12/18 11:00,0,0,0,-16.085,,,,,,,,,,,,,
2023/12/18 12:00,0,0,0,-16.636,,,,,,,,,,,,,
2023/12/18 13:00,0,0,0,-16.86,,,,,,,,,,,,,
2023/12/18 14:00,0,0,0,-16.621,,,,,,,,,,,,,
2023/12/18 15:00,0,0,0,-16.246,,,,,,,,,,,,,
2023/12/18 16:00,0,0,0,-16.037,,,,,,,,,,,,,
2023/12/18 17:00,0,0,0,-16.247,,,,,,,,,,,,,
2023/12/18 18:00,0,0,0,-17.035,,,,,,,,,,,,,
2023/12/18 19:00,0,0,0,-18.207,,,,,,,,,,,,,
2023/12/18 20:00,0,0,0,-19.114,,,,,,,,,,,,,
2023/12/18 21:00,0,0,0,-19.447,,,,,,,,,,,,,
2023/12/18 22:00,0,0,0,-19.077,,,,,,,,,,,,,
2023/12/18 23:00,0,0.003,0.004,-18.691,,,,,,,,,,,,,
2023/12/19 0:00,0.129,0.078,0.062,-18.352,,,,,,,,,,,,,
2023/12/19 1:00,0.331,0.214,0.114,-17.905,,,,,,,,,,,,,
2023/12/19 2:00,0.519,0.381,0.136,-17.476,,,,,,,,,,,,,
2023/12/19 3:00,0.662,0.542,0.132,-17.054,,,,,,,,,,,,,
2023/12/19 4:00,0.725,0.629,0.118,-16.77,,,,,,,,,,,,,
2023/12/19 5:00,0.691,0.606,0.102,-16.682,,,,,,,,,,,,,
2023/12/19 6:00,0.566,0.485,0.083,-16.865,,,,,,,,,,,,,
2023/12/19 7:00,0.33,0.27,0.058,-17.54,,,,,,,,,,,,,
2023/12/19 8:00,0.021,0.029,0.008,-19.124,,,,,,,,,,,,,
2023/12/19 9:00,0,0,0,-20.581,,,,,,,,,,,,,
2023/12/19 10:00,0,0,0,-21.161,,,,,,,,,,,,,
2023/12/19 11:00,0,0,0,-21.68,,,,,,,,,,,,,
2023/12/19 12:00,0,0,0,-22.106,,,,,,,,,,,,,
2023/12/19 13:00,0,0,0,-22.407,,,,,,,,,,,,,
2023/12/19 14:00,0,0,0,-22.535,,,,,,,,,,,,,
2023/12/19 15:00,0,0,0,-22.71,,,,,,,,,,,,,
2023/12/19 16:00,0,0,0,-23.054,,,,,,,,,,,,,
2023/12/19 17:00,0,0,0,-23.414,,,,,,,,,,,,,
2023/12/19 18:00,0,0,0,-23.722,,,,,,,,,,,,,
2023/12/19 19:00,0,0,0,-23.935,,,,,,,,,,,,,
2023/12/19 20:00,0,0,0,-24.181,,,,,,,,,,,,,
2023/12/19 21:00,0,0,0,-24.437,,,,,,,,,,,,,
2023/12/19 22:00,0,0,0,-24.672,,,,,,,,,,,,,
2023/12/19 23:00,0.005,0.014,0.005,-24.852,,,,,,,,,,,,,
2023/12/20 0:00,0.314,0.257,0.048,-23.559,,,,,,,,,,,,,
2023/12/20 1:00,0.584,0.505,0.07,-21.49,,,,,,,,,,,,,
2023/12/20 2:00,0.746,0.676,0.082,-20.274,,,,,,,,,,,,,
2023/12/20 3:00,0.822,0.765,0.088,-19.278,,,,,,,,,,,,,
2023/12/20 4:00,0.824,0.77,0.089,-18.598,,,,,,,,,,,,,
2023/12/20 5:00,0.749,0.684,0.085,-18.305,,,,,,,,,,,,,
2023/12/20 6:00,0.568,0.486,0.08,-18.517,,,,,,,,,,,,,
2023/12/20 7:00,0.27,0.207,0.062,-19.334,,,,,,,,,,,,,
2023/12/20 8:00,0.016,0.024,0.008,-20.74,,,,,,,,,,,,,
2023/12/20 9:00,0,0,0,-21.95,,,,,,,,,,,,,
2023/12/20 10:00,0,0,0,-22.771,,,,,,,,,,,,,
2023/12/20 11:00,0,0,0,-23.392,,,,,,,,,,,,,
2023/12/20 12:00,0,0,0,-23.78,,,,,,,,,,,,,
2023/12/20 13:00,0,0,0,-23.942,,,,,,,,,,,,,
2023/12/20 14:00,0,0,0,-24.026,,,,,,,,,,,,,
2023/12/20 15:00,0,0,0,-24.151,,,,,,,,,,,,,
2023/12/20 16:00,0,0,0,-24.216,,,,,,,,,,,,,
2023/12/20 17:00,0,0,0,-24.168,,,,,,,,,,,,,
2023/12/20 18:00,0,0,0,-24.022,,,,,,,,,,,,,
2023/12/20 19:00,0,0,0,-23.776,,,,,,,,,,,,,
2023/12/20 20:00,0,0,0,-23.427,,,,,,,,,,,,,
2023/12/20 21:00,0,0,0,-23.032,,,,,,,,,,,,,
2023/12/20 22:00,0,0,0,-22.751,,,,,,,,,,,,,
2023/12/20 23:00,0,0.008,0.005,-22.53,,,,,,,,,,,,,
2023/12/21 0:00,0.228,0.169,0.058,-21.548,,,,,,,,,,,,,
2023/12/21 1:00,0.525,0.435,0.083,-19.916,,,,,,,,,,,,,
2023/12/21 2:00,0.682,0.593,0.098,-18.299,,,,,,,,,,,,,
2023/12/21 3:00,0.754,0.673,0.107,-17.121,,,,,,,,,,,,,
2023/12/21 4:00,0.747,0.665,0.11,-16.472,,,,,,,,,,,,,
2023/12/21 5:00,0.626,0.52,0.116,-16.243,,,,,,,,,,,,,
2023/12/21 6:00,0.445,0.339,0.105,-16.424,,,,,,,,,,,,,
2023/12/21 7:00,0.224,0.161,0.067,-17.054,,,,,,,,,,,,,
2023/12/21 8:00,0.013,0.021,0.008,-18.388,,,,,,,,,,,,,
2023/12/21 9:00,0,0,0,-19.697,,,,,,,,,,,,,
2023/12/21 10:00,0,0,0,-20.387,,,,,,,,,,,,,
2023/12/21 11:00,0,0,0,-20.85,,,,,,,,,,,,,
2023/12/21 12:00,0,0,0,-21.025,,,,,,,,,,,,,
2023/12/21 13:00,0,0,0,-20.936,,,,,,,,,,,,,
2023/12/21 14:00,0,0,0,-20.838,,,,,,,,,,,,,
2023/12/21 15:00,0,0,0,-20.631,,,,,,,,,,,,,
2023/12/21 16:00,0,0,0,-20.403,,,,,,,,,,,,,
2023/12/21 17:00,0,0,0,-20.236,,,,,,,,,,,,,
2023/12/21 18:00,0,0,0,-20.332,,,,,,,,,,,,,
2023/12/21 19:00,0,0,0,-20.378,,,,,,,,,,,,,
2023/12/21 20:00,0,0,0,-20.375,,,,,,,,,,,,,
2023/12/21 21:00,0,0,0,-20.092,,,,,,,,,,,,,
2023/12/21 22:00,0,0,0,-19.397,,,,,,,,,,,,,
2023/12/21 23:00,0.003,0.012,0.005,-19.008,,,,,,,,,,,,,
2023/12/22 0:00,0.285,0.234,0.051,-17.398,,,,,,,,,,,,,
2023/12/22 1:00,0.542,0.474,0.075,-14.741,,,,,,,,,,,,,
2023/12/22 2:00,0.693,0.64,0.088,-11.933,,,,,,,,,,,,,
2023/12/22 3:00,0.763,0.728,0.094,-9.726,,,,,,,,,,,,,
2023/12/22 4:00,0.762,0.732,0.095,-8.442,,,,,,,,,,,,,
2023/12/22 5:00,0.692,0.653,0.09,-7.773,,,,,,,,,,,,,
2023/12/22 6:00,0.545,0.492,0.079,-7.809,,,,,,,,,,,,,
2023/12/22 7:00,0.307,0.261,0.056,-9.383,,,,,,,,,,,,,
2023/12/22 8:00,0.019,0.029,0.007,-12.897,,,,,,,,,,,,,
2023/12/22 9:00,0,0,0,-14.558,,,,,,,,,,,,,
2023/12/22 10:00,0,0,0,-15.603,,,,,,,,,,,,,
2023/12/22 11:00,0,0,0,-16.536,,,,,,,,,,,,,
2023/12/22 12:00,0,0,0,-17.373,,,,,,,,,,,,,
2023/12/22 13:00,0,0,0,-18.006,,,,,,,,,,,,,
2023/12/22 14:00,0,0,0,-18.482,,,,,,,,,,,,,
2023/12/22 15:00,0,0,0,-18.789,,,,,,,,,,,,,
2023/12/22 16:00,0,0,0,-18.97,,,,,,,,,,,,,
2023/12/22 17:00,0,0,0,-19.019,,,,,,,,,,,,,
2023/12/22 18:00,0,0,0,-18.998,,,,,,,,,,,,,
2023/12/22 19:00,0,0,0,-19.052,,,,,,,,,,,,,
2023/12/22 20:00,0,0,0,-19.193,,,,,,,,,,,,,
2023/12/22 21:00,0,0,0,-19.402,,,,,,,,,,,,,
2023/12/22 22:00,0,0,0,-19.607,,,,,,,,,,,,,
2023/12/22 23:00,0,0.008,0.005,-19.636,,,,,,,,,,,,,
2023/12/23 0:00,0.209,0.155,0.058,-17.601,,,,,,,,,,,,,
2023/12/23 1:00,0.463,0.374,0.091,-14.695,,,,,,,,,,,,,
2023/12/23 2:00,0.649,0.577,0.1,-11.862,,,,,,,,,,,,,
2023/12/23 3:00,0.731,0.679,0.104,-9.519,,,,,,,,,,,,,
2023/12/23 4:00,0.742,0.7,0.102,-8.357,,,,,,,,,,,,,
2023/12/23 5:00,0.678,0.629,0.095,-7.813,,,,,,,,,,,,,
2023/12/23 6:00,0.532,0.473,0.083,-7.854,,,,,,,,,,,,,
2023/12/23 7:00,0.293,0.244,0.059,-9.45,,,,,,,,,,,,,
2023/12/23 8:00,0.016,0.026,0.008,-13.154,,,,,,,,,,,,,
2023/12/23 9:00,0,0,0,-14.897,,,,,,,,,,,,,
2023/12/23 10:00,0,0,0,-15.801,,,,,,,,,,,,,
2023/12/23 11:00,0,0,0,-16.461,,,,,,,,,,,,,
2023/12/23 12:00,0,0,0,-17.098,,,,,,,,,,,,,
2023/12/23 13:00,0,0,0,-17.683,,,,,,,,,,,,,
2023/12/23 14:00,0,0,0,-18.091,,,,,,,,,,,,,
2023/12/23 15:00,0,0,0,-18.454,,,,,,,,,,,,,
2023/12/23 16:00,0,0,0,-18.878,,,,,,,,,,,,,
2023/12/23 17:00,0,0,0,-18.997,,,,,,,,,,,,,
2023/12/23 18:00,0,0,0,-19.367,,,,,,,,,,,,,
2023/12/23 19:00,0,0,0,-19.557,,,,,,,,,,,,,
2023/12/23 20:00,0,0,0,-19.779,,,,,,,,,,,,,
2023/12/23 21:00,0,0,0,-20.078,,,,,,,,,,,,,
2023/12/23 22:00,0,0,0,-20.099,,,,,,,,,,,,,
2023/12/23 23:00,0.004,0.013,0.005,-20.068,,,,,,,,,,,,,
2023/12/24 0:00,0.269,0.214,0.054,-18.114,,,,,,,,,,,,,
2023/12/24 1:00,0.505,0.424,0.086,-14.76,,,,,,,,,,,,,
2023/12/24 2:00,0.639,0.559,0.105,-11.856,,,,,,,,,,,,,
2023/12/24 3:00,0.68,0.601,0.121,-9.385,,,,,,,,,,,,,
2023/12/24 4:00,0.663,0.581,0.126,-7.966,,,,,,,,,,,,,
2023/12/24 5:00,0.558,0.459,0.127,-7.375,,,,,,,,,,,,,
2023/12/24 6:00,0.398,0.302,0.111,-7.372,,,,,,,,,,,,,
2023/12/24 7:00,0.208,0.154,0.067,-8.553,,,,,,,,,,,,,
2023/12/24 8:00,0.01,0.018,0.008,-11.819,,,,,,,,,,,,,
2023/12/24 9:00,0,0,0,-13.471,,,,,,,,,,,,,
2023/12/24 10:00,0,0,0,-14.476,,,,,,,,,,,,,
2023/12/24 11:00,0,0,0,-15.232,,,,,,,,,,,,,
2023/12/24 12:00,0,0,0,-15.761,,,,,,,,,,,,,
2023/12/24 13:00,0,0,0,-16.203,,,,,,,,,,,,,
2023/12/24 14:00,0,0,0,-16.597,,,,,,,,,,,,,
2023/12/24 15:00,0,0,0,-16.895,,,,,,,,,,,,,
2023/12/24 16:00,0,0,0,-17.131,,,,,,,,,,,,,
2023/12/24 17:00,0,0,0,-17.32,,,,,,,,,,,,,
2023/12/24 18:00,0,0,0,-17.433,,,,,,,,,,,,,
2023/12/24 19:00,0,0,0,-17.245,,,,,,,,,,,,,
2023/12/24 20:00,0,0,0,-17.219,,,,,,,,,,,,,
2023/12/24 21:00,0,0,0,-17.297,,,,,,,,,,,,,
2023/12/24 22:00,0,0,0,-17.224,,,,,,,,,,,,,
2023/12/24 23:00,0.002,0.012,0.005,-17.014,,,,,,,,,,,,,
2023/12/25 0:00,0.274,0.226,0.052,-14.436,,,,,,,,,,,,,
2023/12/25 1:00,0.52,0.456,0.078,-11.107,,,,,,,,,,,,,
2023/12/25 2:00,0.666,0.617,0.092,-8.263,,,,,,,,,,,,,
2023/12/25 3:00,0.729,0.699,0.1,-5.082,,,,,,,,,,,,,
2023/12/25 4:00,0.723,0.703,0.101,-2.237,,,,,,,,,,,,,
2023/12/25 5:00,0.652,0.625,0.095,-0.479,,,,,,,,,,,,,
2023/12/25 6:00,0.509,0.469,0.083,-0.02,,,,,,,,,,,,,
2023/12/25 7:00,0.282,0.244,0.058,-1.777,,,,,,,,,,,,,
2023/12/25 8:00,0.017,0.028,0.008,-4.746,,,,,,,,,,,,,
2023/12/25 9:00,0,0,0,-6.365,,,,,,,,,,,,,
2023/12/25 10:00,0,0,0,-7.627,,,,,,,,,,,,,
2023/12/25 11:00,0,0,0,-8.723,,,,,,,,,,,,,
2023/12/25 12:00,0,0,0,-9.581,,,,,,,,,,,,,
2023/12/25 13:00,0,0,0,-10.234,,,,,,,,,,,,,
2023/12/25 14:00,0,0,0,-10.625,,,,,,,,,,,,,
2023/12/25 15:00,0,0,0,-10.918,,,,,,,,,,,,,
2023/12/25 16:00,0,0,0,-11.333,,,,,,,,,,,,,
2023/12/25 17:00,0,0,0,-11.881,,,,,,,,,,,,,
2023/12/25 18:00,0,0,0,-12.398,,,,,,,,,,,,,
2023/12/25 19:00,0,0,0,-12.89,,,,,,,,,,,,,
2023/12/25 20:00,0,0,0,-13.381,,,,,,,,,,,,,
2023/12/25 21:00,0,0,0,-13.832,,,,,,,,,,,,,
2023/12/25 22:00,0,0,0,-14.133,,,,,,,,,,,,,
2023/12/25 23:00,0.005,0.015,0.005,-14.178,,,,,,,,,,,,,
2023/12/26 0:00,0.297,0.254,0.049,-11.823,,,,,,,,,,,,,
2023/12/26 1:00,0.541,0.491,0.073,-8.582,,,,,,,,,,,,,
2023/12/26 2:00,0.684,0.654,0.086,-5.947,,,,,,,,,,,,,
2023/12/26 3:00,0.744,0.729,0.094,-4.124,,,,,,,,,,,,,
2023/12/26 4:00,0.744,0.73,0.095,-3.421,,,,,,,,,,,,,
2023/12/26 5:00,0.676,0.65,0.09,-3.279,,,,,,,,,,,,,
2023/12/26 6:00,0.53,0.486,0.08,-3.684,,,,,,,,,,,,,
2023/12/26 7:00,0.29,0.248,0.057,-5.325,,,,,,,,,,,,,
2023/12/26 8:00,0.017,0.027,0.008,-9.166,,,,,,,,,,,,,
2023/12/26 9:00,0,0,0,-10.886,,,,,,,,,,,,,
2023/12/26 10:00,0,0,0,-11.698,,,,,,,,,,,,,
2023/12/26 11:00,0,0,0,-12.331,,,,,,,,,,,,,
2023/12/26 12:00,0,0,0,-12.877,,,,,,,,,,,,,
2023/12/26 13:00,0,0,0,-13.391,,,,,,,,,,,,,
2023/12/26 14:00,0,0,0,-13.838,,,,,,,,,,,,,
2023/12/26 15:00,0,0,0,-14.224,,,,,,,,,,,,,
2023/12/26 16:00,0,0,0,-14.584,,,,,,,,,,,,,
2023/12/26 17:00,0,0,0,-14.882,,,,,,,,,,,,,
2023/12/26 18:00,0,0,0,-15.092,,,,,,,,,,,,,
2023/12/26 19:00,0,0,0,-15.236,,,,,,,,,,,,,
2023/12/26 20:00,0,0,0,-15.324,,,,,,,,,,,,,
2023/12/26 21:00,0,0,0,-15.303,,,,,,,,,,,,,
2023/12/26 22:00,0,0,0,-15.283,,,,,,,,,,,,,
2023/12/26 23:00,0.003,0.012,0.005,-15.404,,,,,,,,,,,,,
2023/12/27 0:00,0.25,0.196,0.059,-13.768,,,,,,,,,,,,,
2023/12/27 1:00,0.48,0.398,0.095,-10.303,,,,,,,,,,,,,
2023/12/27 2:00,0.576,0.48,0.126,-7.745,,,,,,,,,,,,,
2023/12/27 3:00,0.564,0.442,0.158,-5.296,,,,,,,,,,,,,
2023/12/27 4:00,0.434,0.273,0.185,-3.767,,,,,,,,,,,,,
2023/12/27 5:00,0.292,0.139,0.171,-2.989,,,,,,,,,,,,,
2023/12/27 6:00,0.192,0.083,0.128,-2.925,,,,,,,,,,,,,
2023/12/27 7:00,0.083,0.037,0.066,-4.214,,,,,,,,,,,,,
2023/12/27 8:00,0,0.005,0.007,-6.469,,,,,,,,,,,,,
2023/12/27 9:00,0,0,0,-7.616,,,,,,,,,,,,,
2023/12/27 10:00,0,0,0,-8.519,,,,,,,,,,,,,
2023/12/27 11:00,0,0,0,-9.28,,,,,,,,,,,,,
2023/12/27 12:00,0,0,0,-9.854,,,,,,,,,,,,,
2023/12/27 13:00,0,0,0,-10.492,,,,,,,,,,,,,
2023/12/27 14:00,0,0,0,-11.38,,,,,,,,,,,,,
2023/12/27 15:00,0,0,0,-12.306,,,,,,,,,,,,,
2023/12/27 16:00,0,0,0,-13.104,,,,,,,,,,,,,
2023/12/27 17:00,0,0,0,-13.725,,,,,,,,,,,,,
2023/12/27 18:00,0,0,0,-14.135,,,,,,,,,,,,,
2023/12/27 19:00,0,0,0,-14.279,,,,,,,,,,,,,
2023/12/27 20:00,0,0,0,-14.229,,,,,,,,,,,,,
2023/12/27 21:00,0,0,0,-14.201,,,,,,,,,,,,,
2023/12/27 22:00,0,0,0,-14.265,,,,,,,,,,,,,
2023/12/27 23:00,0,0.009,0.005,-14.195,,,,,,,,,,,,,
2023/12/28 0:00,0.252,0.205,0.056,-11.864,,,,,,,,,,,,,
2023/12/28 1:00,0.5,0.435,0.084,-8.476,,,,,,,,,,,,,
2023/12/28 2:00,0.648,0.598,0.098,-5.831,,,,,,,,,,,,,
2023/12/28 3:00,0.708,0.671,0.107,-3.79,,,,,,,,,,,,,
2023/12/28 4:00,0.708,0.675,0.108,-2.807,,,,,,,,,,,,,
2023/12/28 5:00,0.639,0.596,0.102,-2.323,,,,,,,,,,,,,
2023/12/28 6:00,0.489,0.432,0.09,-2.309,,,,,,,,,,,,,
2023/12/28 7:00,0.256,0.21,0.063,-3.807,,,,,,,,,,,,,
2023/12/28 8:00,0.013,0.022,0.008,-5.762,,,,,,,,,,,,,
2023/12/28 9:00,0,0,0,-6.159,,,,,,,,,,,,,
2023/12/28 10:00,0,0,0,-6.941,,,,,,,,,,,,,
2023/12/28 11:00,0,0,0,-8.292,,,,,,,,,,,,,
2023/12/28 12:00,0,0,0,-9.439,,,,,,,,,,,,,
2023/12/28 13:00,0,0,0,-9.904,,,,,,,,,,,,,
2023/12/28 14:00,0,0,0,-10.058,,,,,,,,,,,,,
2023/12/28 15:00,0,0,0,-10.246,,,,,,,,,,,,,
2023/12/28 16:00,0,0,0,-10.51,,,,,,,,,,,,,
2023/12/28 17:00,0,0,0,-10.685,,,,,,,,,,,,,
2023/12/28 18:00,0,0,0,-10.698,,,,,,,,,,,,,
2023/12/28 19:00,0,0,0,-10.524,,,,,,,,,,,,,
2023/12/28 20:00,0,0,0,-10.257,,,,,,,,,,,,,
2023/12/28 21:00,0,0,0,-10,,,,,,,,,,,,,
2023/12/28 22:00,0,0,0,-9.842,,,,,,,,,,,,,
2023/12/28 23:00,0,0.007,0.005,-9.859,,,,,,,,,,,,,
2023/12/29 0:00,0.225,0.178,0.06,-7.984,,,,,,,,,,,,,
2023/12/29 1:00,0.472,0.407,0.091,-4.567,,,,,,,,,,,,,
2023/12/29 2:00,0.613,0.558,0.109,-2.163,,,,,,,,,,,,,
2023/12/29 3:00,0.675,0.633,0.118,-0.092,,,,,,,,,,,,,
2023/12/29 4:00,0.671,0.634,0.12,1.844,,,,,,,,,,,,,
2023/12/29 5:00,0.601,0.557,0.113,2.813,,,,,,,,,,,,,
2023/12/29 6:00,0.451,0.392,0.1,2.67,,,,,,,,,,,,,
2023/12/29 7:00,0.157,0.107,0.072,0.625,,,,,,,,,,,,,
2023/12/29 8:00,0,0.006,0.007,-1.392,,,,,,,,,,,,,
2023/12/29 9:00,0,0,0,-2.122,,,,,,,,,,,,,
2023/12/29 10:00,0,0,0,-2.135,,,,,,,,,,,,,
2023/12/29 11:00,0,0,0,-2.008,,,,,,,,,,,,,
2023/12/29 12:00,0,0,0,-2.065,,,,,,,,,,,,,
2023/12/29 13:00,0,0,0,-2.575,,,,,,,,,,,,,
2023/12/29 14:00,0,0,0,-3.652,,,,,,,,,,,,,
2023/12/29 15:00,0,0,0,-4.672,,,,,,,,,,,,,
2023/12/29 16:00,0,0,0,-5.411,,,,,,,,,,,,,
2023/12/29 17:00,0,0,0,-5.924,,,,,,,,,,,,,
2023/12/29 18:00,0,0,0,-6.652,,,,,,,,,,,,,
2023/12/29 19:00,0,0,0,-7.37,,,,,,,,,,,,,
2023/12/29 20:00,0,0,0,-8.167,,,,,,,,,,,,,
2023/12/29 21:00,0,0,0,-8.66,,,,,,,,,,,,,
2023/12/29 22:00,0,0,0,-8.911,,,,,,,,,,,,,
2023/12/29 23:00,0,0,0.002,-9.125,,,,,,,,,,,,,
2023/12/30 0:00,0.011,0.002,0.025,-8.941,,,,,,,,,,,,,
2023/12/30 1:00,0.044,0.004,0.059,-8.439,,,,,,,,,,,,,
2023/12/30 2:00,0.078,0.006,0.09,-7.804,,,,,,,,,,,,,
2023/12/30 3:00,0.104,0.008,0.113,-7.556,,,,,,,,,,,,,
2023/12/30 4:00,0.127,0.012,0.131,-7.531,,,,,,,,,,,,,
2023/12/30 5:00,0.131,0.016,0.132,-7.426,,,,,,,,,,,,,
2023/12/30 6:00,0.098,0.014,0.102,-7.519,,,,,,,,,,,,,
2023/12/30 7:00,0.039,0.007,0.05,-7.964,,,,,,,,,,,,,
2023/12/30 8:00,0,0.001,0.006,-8.975,,,,,,,,,,,,,
2023/12/30 9:00,0,0,0,-9.853,,,,,,,,,,,,,
2023/12/30 10:00,0,0,0,-10.406,,,,,,,,,,,,,
2023/12/30 11:00,0,0,0,-11.215,,,,,,,,,,,,,
2023/12/30 12:00,0,0,0,-12.158,,,,,,,,,,,,,
2023/12/30 13:00,0,0,0,-12.811,,,,,,,,,,,,,
2023/12/30 14:00,0,0,0,-13.031,,,,,,,,,,,,,
2023/12/30 15:00,0,0,0,-13.016,,,,,,,,,,,,,
2023/12/30 16:00,0,0,0,-13.013,,,,,,,,,,,,,
2023/12/30 17:00,0,0,0,-13.175,,,,,,,,,,,,,
2023/12/30 18:00,0,0,0,-13.387,,,,,,,,,,,,,
2023/12/30 19:00,0,0,0,-13.51,,,,,,,,,,,,,
2023/12/30 20:00,0,0,0,-13.584,,,,,,,,,,,,,
2023/12/30 21:00,0,0,0,-13.491,,,,,,,,,,,,,
2023/12/30 22:00,0,0,0,-13.456,,,,,,,,,,,,,
2023/12/30 23:00,0,0.003,0.005,-13.604,,,,,,,,,,,,,
2023/12/31 0:00,0.163,0.111,0.064,-12.712,,,,,,,,,,,,,
2023/12/31 1:00,0.423,0.329,0.103,-10.986,,,,,,,,,,,,,
2023/12/31 2:00,0.612,0.527,0.114,-9.543,,,,,,,,,,,,,
2023/12/31 3:00,0.695,0.623,0.12,-8.68,,,,,,,,,,,,,
2023/12/31 4:00,0.697,0.627,0.12,-8.223,,,,,,,,,,,,,
2023/12/31 5:00,0.624,0.547,0.114,-7.982,,,,,,,,,,,,,
2023/12/31 6:00,0.476,0.395,0.099,-8.088,,,,,,,,,,,,,
2023/12/31 7:00,0.238,0.183,0.067,-9.096,,,,,,,,,,,,,
2023/12/31 8:00,0.011,0.019,0.009,-11.633,,,,,,,,,,,,,
2023/12/31 9:00,0,0,0,-13.002,,,,,,,,,,,,,
2023/12/31 10:00,0,0,0,-13.404,,,,,,,,,,,,,
2023/12/31 11:00,0,0,0,-13.514,,,,,,,,,,,,,
2023/12/31 12:00,0,0,0,-13.753,,,,,,,,,,,,,
2023/12/31 13:00,0,0,0,-13.957,,,,,,,,,,,,,
2023/12/31 14:00,0,0,0,-13.826,,,,,,,,,,,,,
2023/12/31 15:00,0,0,0,-13.494,,,,,,,,,,,,,
2023/12/31 16:00,0,0,0,-12.725,,,,,,,,,,,,,
2023/12/31 17:00,0,0,0,-11.881,,,,,,,,,,,,,
2023/12/31 18:00,0,0,0,-11.675,,,,,,,,,,,,,
2023/12/31 19:00,0,0,0,-11.693,,,,,,,,,,,,,
2023/12/31 20:00,0,0,0,-11.626,,,,,,,,,,,,,
2023/12/31 21:00,0,0,0,-11.401,,,,,,,,,,,,,
2023/12/31 22:00,0,0,0,-10.937,,,,,,,,,,,,,
2023/12/31 23:00,0,0,0.005,-10.563,,,,,,,,,,,,,
