# Renewables.ninja Solar photovoltaic power (PV) (Point API) - 42.226, 119.219 - Version: 1.4 (gsee f9b6961) - License: https://creativecommons.org/licenses/by-nc/4.0/ - Reference: https://doi.org/10.1016/j.energy.2016.08.060
# Units: time in UTC, electricity in kW, irradiance_direct in unknown, irradiance_diffuse in unknown, temperature in ºC
# {"units": {"time": "UTC", "electricity": "kW", "irradiance_direct": "unknown", "irradiance_diffuse": "unknown", "temperature": "\u00baC"}, "params": {"lat": "42.2256437", "lon": "119.2190097", "date_from": "2024-01-01", "date_to": "2024-12-31", "dataset": "merra2", "header": "true", "local_time": "false", "capacity": "1", "system_loss": "0.1", "tracking": "0", "tilt": "35", "azim": "180", "raw": "true"}}
time,electricity,irradiance_direct,irradiance_diffuse,temperature
2024-01-01 00:00,0.080,0.036,0.062,-9.138
2024-01-01 01:00,0.197,0.084,0.127,-7.301
2024-01-01 02:00,0.326,0.167,0.175,-5.235
2024-01-01 03:00,0.428,0.261,0.193,-2.900
2024-01-01 04:00,0.430,0.265,0.195,-1.096
2024-01-01 05:00,0.347,0.193,0.179,-0.374
2024-01-01 06:00,0.223,0.107,0.137,-0.536
2024-01-01 07:00,0.078,0.031,0.067,-2.352
2024-01-01 08:00,0,0.003,0.006,-4.514
2024-01-01 09:00,0,0,0,-5.418
2024-01-01 10:00,0,0,0,-6.105
2024-01-01 11:00,0,0,0,-6.808
2024-01-01 12:00,0,0,0,-7.562
2024-01-01 13:00,0,0,0,-8.070
2024-01-01 14:00,0,0,0,-8.709
2024-01-01 15:00,0,0,0,-9.440
2024-01-01 16:00,0,0,0,-10.419
2024-01-01 17:00,0,0,0,-11.175
2024-01-01 18:00,0,0,0,-11.696
2024-01-01 19:00,0,0,0,-12.114
2024-01-01 20:00,0,0,0,-12.598
2024-01-01 21:00,0,0,0,-12.922
2024-01-01 22:00,0,0,0,-12.993
2024-01-01 23:00,0.001,0.009,0.006,-12.935
2024-01-02 00:00,0.260,0.211,0.057,-11.065
2024-01-02 01:00,0.502,0.438,0.086,-7.686
2024-01-02 02:00,0.646,0.597,0.100,-4.861
2024-01-02 03:00,0.703,0.665,0.110,-2.902
2024-01-02 04:00,0.702,0.668,0.111,-1.878
2024-01-02 05:00,0.631,0.586,0.106,-1.405
2024-01-02 06:00,0.470,0.408,0.095,-1.556
2024-01-02 07:00,0.215,0.165,0.068,-3.176
2024-01-02 08:00,0.009,0.017,0.009,-6.504
2024-01-02 09:00,0,0,0,-8.014
2024-01-02 10:00,0,0,0,-9.003
2024-01-02 11:00,0,0,0,-10.048
2024-01-02 12:00,0,0,0,-10.949
2024-01-02 13:00,0,0,0,-11.756
2024-01-02 14:00,0,0,0,-12.475
2024-01-02 15:00,0,0,0,-12.982
2024-01-02 16:00,0,0,0,-13.177
2024-01-02 17:00,0,0,0,-13.250
2024-01-02 18:00,0,0,0,-13.291
2024-01-02 19:00,0,0,0,-13.396
2024-01-02 20:00,0,0,0,-13.600
2024-01-02 21:00,0,0,0,-13.958
2024-01-02 22:00,0,0,0,-14.501
2024-01-02 23:00,0.007,0.016,0.006,-14.731
2024-01-03 00:00,0.304,0.257,0.053,-12.617
2024-01-03 01:00,0.548,0.492,0.076,-9.856
2024-01-03 02:00,0.691,0.655,0.089,-7.131
2024-01-03 03:00,0.754,0.741,0.095,-4.015
2024-01-03 04:00,0.748,0.742,0.096,-1.746
2024-01-03 05:00,0.677,0.661,0.091,-0.657
2024-01-03 06:00,0.533,0.498,0.080,-0.535
2024-01-03 07:00,0.298,0.260,0.058,-2.521
2024-01-03 08:00,0.026,0.036,0.009,-6.002
2024-01-03 09:00,0,0,0,-7.011
2024-01-03 10:00,0,0,0,-7.075
2024-01-03 11:00,0,0,0,-7.359
2024-01-03 12:00,0,0,0,-7.718
2024-01-03 13:00,0,0,0,-7.969
2024-01-03 14:00,0,0,0,-8.266
2024-01-03 15:00,0,0,0,-8.628
2024-01-03 16:00,0,0,0,-8.928
2024-01-03 17:00,0,0,0,-9.184
2024-01-03 18:00,0,0,0,-9.438
2024-01-03 19:00,0,0,0,-9.680
2024-01-03 20:00,0,0,0,-9.849
2024-01-03 21:00,0,0,0,-9.862
2024-01-03 22:00,0,0,0,-9.459
2024-01-03 23:00,0,0.006,0.006,-8.911
2024-01-04 00:00,0.128,0.079,0.065,-7.419
2024-01-04 01:00,0.338,0.238,0.117,-5.204
2024-01-04 02:00,0.592,0.524,0.117,-2.311
2024-01-04 03:00,0.704,0.680,0.111,0.447
2024-01-04 04:00,0.714,0.701,0.108,1.698
2024-01-04 05:00,0.645,0.618,0.103,1.767
2024-01-04 06:00,0.489,0.436,0.094,0.581
2024-01-04 07:00,0.245,0.197,0.068,-1.572
2024-01-04 08:00,0.015,0.023,0.009,-4.217
2024-01-04 09:00,0,0,0,-6.206
2024-01-04 10:00,0,0,0,-7.565
2024-01-04 11:00,0,0,0,-8.718
2024-01-04 12:00,0,0,0,-9.606
2024-01-04 13:00,0,0,0,-10.342
2024-01-04 14:00,0,0,0,-11.079
2024-01-04 15:00,0,0,0,-11.831
2024-01-04 16:00,0,0,0,-12.450
2024-01-04 17:00,0,0,0,-12.917
2024-01-04 18:00,0,0,0,-13.284
2024-01-04 19:00,0,0,0,-13.603
2024-01-04 20:00,0,0,0,-13.502
2024-01-04 21:00,0,0,0,-12.727
2024-01-04 22:00,0,0,0,-11.944
2024-01-04 23:00,0,0.002,0.004,-11.427
2024-01-05 00:00,0.049,0.014,0.053,-9.732
2024-01-05 01:00,0.130,0.031,0.115,-7.486
2024-01-05 02:00,0.194,0.047,0.162,-5.730
2024-01-05 03:00,0.228,0.056,0.188,-4.275
2024-01-05 04:00,0.198,0.040,0.176,-3.609
2024-01-05 05:00,0.155,0.027,0.146,-3.324
2024-01-05 06:00,0.120,0.025,0.115,-3.170
2024-01-05 07:00,0.063,0.018,0.065,-3.780
2024-01-05 08:00,0,0.003,0.008,-5.503
2024-01-05 09:00,0,0,0,-6.574
2024-01-05 10:00,0,0,0,-7.574
2024-01-05 11:00,0,0,0,-8.355
2024-01-05 12:00,0,0,0,-8.950
2024-01-05 13:00,0,0,0,-9.492
2024-01-05 14:00,0,0,0,-10.096
2024-01-05 15:00,0,0,0,-10.740
2024-01-05 16:00,0,0,0,-11.273
2024-01-05 17:00,0,0,0,-11.632
2024-01-05 18:00,0,0,0,-11.706
2024-01-05 19:00,0,0,0,-11.775
2024-01-05 20:00,0,0,0,-12.083
2024-01-05 21:00,0,0,0,-12.564
2024-01-05 22:00,0,0,0,-13.215
2024-01-05 23:00,0.001,0.008,0.007,-13.735
2024-01-06 00:00,0.282,0.230,0.058,-12.699
2024-01-06 01:00,0.537,0.473,0.082,-10.653
2024-01-06 02:00,0.690,0.641,0.094,-9.076
2024-01-06 03:00,0.764,0.732,0.099,-7.853
2024-01-06 04:00,0.751,0.715,0.103,-7.056
2024-01-06 05:00,0.668,0.616,0.101,-6.666
2024-01-06 06:00,0.500,0.431,0.093,-6.792
2024-01-06 07:00,0.195,0.137,0.072,-7.662
2024-01-06 08:00,0.011,0.018,0.010,-9.520
2024-01-06 09:00,0,0,0,-11.410
2024-01-06 10:00,0,0,0,-12.762
2024-01-06 11:00,0,0,0,-13.728
2024-01-06 12:00,0,0,0,-14.504
2024-01-06 13:00,0,0,0,-15.239
2024-01-06 14:00,0,0,0,-15.788
2024-01-06 15:00,0,0,0,-16.416
2024-01-06 16:00,0,0,0,-17.172
2024-01-06 17:00,0,0,0,-17.838
2024-01-06 18:00,0,0,0,-18.453
2024-01-06 19:00,0,0,0,-19.006
2024-01-06 20:00,0,0,0,-19.428
2024-01-06 21:00,0,0,0,-19.610
2024-01-06 22:00,0,0,0,-19.678
2024-01-06 23:00,0.018,0.027,0.007,-19.697
2024-01-07 00:00,0.369,0.317,0.048,-17.736
2024-01-07 01:00,0.609,0.555,0.068,-14.620
2024-01-07 02:00,0.749,0.716,0.080,-11.880
2024-01-07 03:00,0.811,0.794,0.086,-10.151
2024-01-07 04:00,0.805,0.790,0.088,-9.144
2024-01-07 05:00,0.731,0.703,0.084,-8.417
2024-01-07 06:00,0.578,0.533,0.074,-8.089
2024-01-07 07:00,0.332,0.287,0.056,-8.676
2024-01-07 08:00,0.039,0.048,0.009,-11.719
2024-01-07 09:00,0,0,0,-13.589
2024-01-07 10:00,0,0,0,-14.263
2024-01-07 11:00,0,0,0,-14.265
2024-01-07 12:00,0,0,0,-14.220
2024-01-07 13:00,0,0,0,-14.309
2024-01-07 14:00,0,0,0,-14.283
2024-01-07 15:00,0,0,0,-14.189
2024-01-07 16:00,0,0,0,-14.163
2024-01-07 17:00,0,0,0,-14.189
2024-01-07 18:00,0,0,0,-14.193
2024-01-07 19:00,0,0,0,-14.184
2024-01-07 20:00,0,0,0,-14.141
2024-01-07 21:00,0,0,0,-13.919
2024-01-07 22:00,0,0,0,-13.572
2024-01-07 23:00,0,0.006,0.006,-13.187
2024-01-08 00:00,0.079,0.032,0.064,-11.530
2024-01-08 01:00,0.160,0.051,0.123,-9.640
2024-01-08 02:00,0.314,0.147,0.180,-7.408
2024-01-08 03:00,0.397,0.213,0.203,-5.114
2024-01-08 04:00,0.366,0.181,0.206,-3.508
2024-01-08 05:00,0.312,0.146,0.185,-2.859
2024-01-08 06:00,0.231,0.107,0.142,-3.028
2024-01-08 07:00,0.109,0.050,0.078,-4.347
2024-01-08 08:00,0.006,0.011,0.011,-7.416
2024-01-08 09:00,0,0,0,-9.264
2024-01-08 10:00,0,0,0,-10.216
2024-01-08 11:00,0,0,0,-10.612
2024-01-08 12:00,0,0,0,-10.500
2024-01-08 13:00,0,0,0,-10.448
2024-01-08 14:00,0,0,0,-10.662
2024-01-08 15:00,0,0,0,-11.208
2024-01-08 16:00,0,0,0,-11.956
2024-01-08 17:00,0,0,0,-12.626
2024-01-08 18:00,0,0,0,-13.333
2024-01-08 19:00,0,0,0,-13.929
2024-01-08 20:00,0,0,0,-14.381
2024-01-08 21:00,0,0,0,-14.748
2024-01-08 22:00,0,0,0,-15.016
2024-01-08 23:00,0.008,0.016,0.008,-15.175
2024-01-09 00:00,0.315,0.264,0.055,-13.667
2024-01-09 01:00,0.563,0.505,0.077,-11.347
2024-01-09 02:00,0.713,0.675,0.087,-9.308
2024-01-09 03:00,0.784,0.765,0.092,-7.859
2024-01-09 04:00,0.781,0.764,0.093,-6.991
2024-01-09 05:00,0.709,0.679,0.089,-6.557
2024-01-09 06:00,0.563,0.516,0.078,-6.635
2024-01-09 07:00,0.324,0.279,0.058,-7.584
2024-01-09 08:00,0.043,0.052,0.010,-10.690
2024-01-09 09:00,0,0,0,-12.713
2024-01-09 10:00,0,0,0,-13.450
2024-01-09 11:00,0,0,0,-13.986
2024-01-09 12:00,0,0,0,-14.484
2024-01-09 13:00,0,0,0,-14.957
2024-01-09 14:00,0,0,0,-15.298
2024-01-09 15:00,0,0,0,-15.666
2024-01-09 16:00,0,0,0,-16.070
2024-01-09 17:00,0,0,0,-16.450
2024-01-09 18:00,0,0,0,-16.725
2024-01-09 19:00,0,0,0,-16.904
2024-01-09 20:00,0,0,0,-17.055
2024-01-09 21:00,0,0,0,-17.124
2024-01-09 22:00,0,0,0,-17.114
2024-01-09 23:00,0.024,0.033,0.007,-16.855
2024-01-10 00:00,0.368,0.320,0.051,-14.088
2024-01-10 01:00,0.602,0.556,0.070,-10.857
2024-01-10 02:00,0.732,0.709,0.083,-7.527
2024-01-10 03:00,0.738,0.713,0.104,-3.883
2024-01-10 04:00,0.659,0.603,0.125,-0.962
2024-01-10 05:00,0.613,0.565,0.111,0.587
2024-01-10 06:00,0.519,0.480,0.086,0.869
2024-01-10 07:00,0.285,0.244,0.064,-0.305
2024-01-10 08:00,0.032,0.041,0.011,-2.785
2024-01-10 09:00,0,0,0,-4.057
2024-01-10 10:00,0,0,0,-4.573
2024-01-10 11:00,0,0,0,-4.888
2024-01-10 12:00,0,0,0,-5.271
2024-01-10 13:00,0,0,0,-5.709
2024-01-10 14:00,0,0,0,-5.926
2024-01-10 15:00,0,0,0,-6.231
2024-01-10 16:00,0,0,0,-6.781
2024-01-10 17:00,0,0,0,-7.471
2024-01-10 18:00,0,0,0,-8.057
2024-01-10 19:00,0,0,0,-8.621
2024-01-10 20:00,0,0,0,-9.194
2024-01-10 21:00,0,0,0,-9.885
2024-01-10 22:00,0,0,0,-10.638
2024-01-10 23:00,0.016,0.025,0.008,-11.093
2024-01-11 00:00,0.326,0.282,0.055,-8.748
2024-01-11 01:00,0.560,0.517,0.076,-6.111
2024-01-11 02:00,0.702,0.680,0.088,-4.476
2024-01-11 03:00,0.771,0.768,0.093,-3.232
2024-01-11 04:00,0.769,0.768,0.094,-2.503
2024-01-11 05:00,0.699,0.684,0.089,-2.237
2024-01-11 06:00,0.561,0.527,0.078,-2.490
2024-01-11 07:00,0.326,0.286,0.058,-3.742
2024-01-11 08:00,0.049,0.057,0.010,-7.367
2024-01-11 09:00,0,0,0,-9.345
2024-01-11 10:00,0,0,0,-10.246
2024-01-11 11:00,0,0,0,-10.949
2024-01-11 12:00,0,0,0,-11.664
2024-01-11 13:00,0,0,0,-12.363
2024-01-11 14:00,0,0,0,-12.981
2024-01-11 15:00,0,0,0,-13.411
2024-01-11 16:00,0,0,0,-13.718
2024-01-11 17:00,0,0,0,-13.891
2024-01-11 18:00,0,0,0,-13.976
2024-01-11 19:00,0,0,0,-14.037
2024-01-11 20:00,0,0,0,-14.168
2024-01-11 21:00,0,0,0,-14.337
2024-01-11 22:00,0,0,0,-14.425
2024-01-11 23:00,0.018,0.027,0.008,-14.256
2024-01-12 00:00,0.311,0.259,0.060,-11.327
2024-01-12 01:00,0.526,0.463,0.088,-7.776
2024-01-12 02:00,0.646,0.590,0.107,-4.911
2024-01-12 03:00,0.717,0.683,0.112,-2.358
2024-01-12 04:00,0.717,0.686,0.112,-1.686
2024-01-12 05:00,0.650,0.607,0.106,-1.784
2024-01-12 06:00,0.513,0.458,0.092,-2.501
2024-01-12 07:00,0.287,0.238,0.067,-4.128
2024-01-12 08:00,0.039,0.046,0.012,-7.553
2024-01-12 09:00,0,0,0,-9.978
2024-01-12 10:00,0,0,0,-11.123
2024-01-12 11:00,0,0,0,-11.931
2024-01-12 12:00,0,0,0,-12.532
2024-01-12 13:00,0,0,0,-12.933
2024-01-12 14:00,0,0,0,-13.169
2024-01-12 15:00,0,0,0,-13.519
2024-01-12 16:00,0,0,0,-13.931
2024-01-12 17:00,0,0,0,-14.205
2024-01-12 18:00,0,0,0,-14.535
2024-01-12 19:00,0,0,0,-15.031
2024-01-12 20:00,0,0,0,-15.439
2024-01-12 21:00,0,0,0,-15.400
2024-01-12 22:00,0,0,0,-14.879
2024-01-12 23:00,0.009,0.016,0.009,-14.110
2024-01-13 00:00,0.251,0.185,0.074,-12.117
2024-01-13 01:00,0.473,0.375,0.113,-9.654
2024-01-13 02:00,0.571,0.458,0.145,-6.689
2024-01-13 03:00,0.536,0.387,0.184,-4.186
2024-01-13 04:00,0.432,0.255,0.204,-2.375
2024-01-13 05:00,0.209,0.059,0.170,-1.636
2024-01-13 06:00,0.103,0.019,0.105,-1.742
2024-01-13 07:00,0.037,0.007,0.050,-2.305
2024-01-13 08:00,0,0.001,0.007,-3.268
2024-01-13 09:00,0,0,0,-4.287
2024-01-13 10:00,0,0,0,-4.999
2024-01-13 11:00,0,0,0,-6.166
2024-01-13 12:00,0,0,0,-7.435
2024-01-13 13:00,0,0,0,-9.416
2024-01-13 14:00,0,0,0,-10.522
2024-01-13 15:00,0,0,0,-11.101
2024-01-13 16:00,0,0,0,-11.679
2024-01-13 17:00,0,0,0,-12.357
2024-01-13 18:00,0,0,0,-13.327
2024-01-13 19:00,0,0,0,-14.198
2024-01-13 20:00,0,0,0,-14.902
2024-01-13 21:00,0,0,0,-15.280
2024-01-13 22:00,0,0,0,-15.583
2024-01-13 23:00,0.030,0.037,0.010,-15.881
2024-01-14 00:00,0.399,0.352,0.049,-14.274
2024-01-14 01:00,0.626,0.583,0.067,-11.871
2024-01-14 02:00,0.762,0.742,0.078,-9.876
2024-01-14 03:00,0.824,0.822,0.084,-8.638
2024-01-14 04:00,0.820,0.818,0.086,-7.942
2024-01-14 05:00,0.748,0.730,0.082,-7.511
2024-01-14 06:00,0.601,0.563,0.072,-7.484
2024-01-14 07:00,0.362,0.320,0.055,-8.214
2024-01-14 08:00,0.071,0.078,0.011,-10.902
2024-01-14 09:00,0,0,0,-12.979
2024-01-14 10:00,0,0,0,-13.751
2024-01-14 11:00,0,0,0,-14.249
2024-01-14 12:00,0,0,0,-14.634
2024-01-14 13:00,0,0,0,-15.064
2024-01-14 14:00,0,0,0,-15.518
2024-01-14 15:00,0,0,0,-15.925
2024-01-14 16:00,0,0,0,-16.225
2024-01-14 17:00,0,0,0,-16.434
2024-01-14 18:00,0,0,0,-16.626
2024-01-14 19:00,0,0,0,-16.782
2024-01-14 20:00,0,0,0,-16.875
2024-01-14 21:00,0,0,0,-16.815
2024-01-14 22:00,0,0,0,-16.621
2024-01-14 23:00,0.030,0.037,0.009,-16.201
2024-01-15 00:00,0.349,0.296,0.057,-13.053
2024-01-15 01:00,0.574,0.520,0.080,-9.155
2024-01-15 02:00,0.711,0.679,0.092,-6.410
2024-01-15 03:00,0.769,0.760,0.098,-3.271
2024-01-15 04:00,0.758,0.755,0.100,-1.028
2024-01-15 05:00,0.684,0.667,0.096,-0.061
2024-01-15 06:00,0.540,0.502,0.085,-0.028
2024-01-15 07:00,0.295,0.248,0.067,-1.610
2024-01-15 08:00,0.042,0.048,0.013,-4.898
2024-01-15 09:00,0,0,0,-7.121
2024-01-15 10:00,0,0,0,-8.155
2024-01-15 11:00,0,0,0,-8.918
2024-01-15 12:00,0,0,0,-9.435
2024-01-15 13:00,0,0,0,-9.838
2024-01-15 14:00,0,0,0,-10.167
2024-01-15 15:00,0,0,0,-10.563
2024-01-15 16:00,0,0,0,-11.019
2024-01-15 17:00,0,0,0,-11.360
2024-01-15 18:00,0,0,0,-11.712
2024-01-15 19:00,0,0,0,-12.113
2024-01-15 20:00,0,0,0,-12.439
2024-01-15 21:00,0,0,0,-12.605
2024-01-15 22:00,0,0,0,-12.677
2024-01-15 23:00,0.022,0.029,0.010,-12.598
2024-01-16 00:00,0.302,0.245,0.066,-9.782
2024-01-16 01:00,0.529,0.463,0.093,-6.227
2024-01-16 02:00,0.667,0.620,0.108,-3.576
2024-01-16 03:00,0.717,0.684,0.118,-0.641
2024-01-16 04:00,0.694,0.659,0.124,1.485
2024-01-16 05:00,0.592,0.531,0.127,2.513
2024-01-16 06:00,0.414,0.331,0.120,2.314
2024-01-16 07:00,0.189,0.128,0.083,0.390
2024-01-16 08:00,0.023,0.027,0.015,-2.826
2024-01-16 09:00,0,0,0,-4.557
2024-01-16 10:00,0,0,0,-5.236
2024-01-16 11:00,0,0,0,-5.889
2024-01-16 12:00,0,0,0,-6.505
2024-01-16 13:00,0,0,0,-6.967
2024-01-16 14:00,0,0,0,-7.349
2024-01-16 15:00,0,0,0,-7.785
2024-01-16 16:00,0,0,0,-8.272
2024-01-16 17:00,0,0,0,-8.770
2024-01-16 18:00,0,0,0,-9.216
2024-01-16 19:00,0,0,0,-9.603
2024-01-16 20:00,0,0,0,-9.749
2024-01-16 21:00,0,0,0,-9.328
2024-01-16 22:00,0,0,0,-8.837
2024-01-16 23:00,0.002,0.007,0.010,-8.788
2024-01-17 00:00,0.097,0.038,0.077,-6.945
2024-01-17 01:00,0.238,0.105,0.149,-4.608
2024-01-17 02:00,0.333,0.156,0.197,-3.419
2024-01-17 03:00,0.321,0.122,0.218,-3.089
2024-01-17 04:00,0.239,0.058,0.198,-3.379
2024-01-17 05:00,0.171,0.031,0.158,-3.863
2024-01-17 06:00,0.109,0.017,0.110,-4.394
2024-01-17 07:00,0.051,0.009,0.061,-4.958
2024-01-17 08:00,0.001,0.004,0.012,-6.071
2024-01-17 09:00,0,0,0,-6.918
2024-01-17 10:00,0,0,0,-7.297
2024-01-17 11:00,0,0,0,-8.182
2024-01-17 12:00,0,0,0,-9.400
2024-01-17 13:00,0,0,0,-10.436
2024-01-17 14:00,0,0,0,-11.121
2024-01-17 15:00,0,0,0,-11.833
2024-01-17 16:00,0,0,0,-12.750
2024-01-17 17:00,0,0,0,-13.601
2024-01-17 18:00,0,0,0,-14.310
2024-01-17 19:00,0,0,0,-14.857
2024-01-17 20:00,0,0,0,-15.269
2024-01-17 21:00,0,0,0,-15.599
2024-01-17 22:00,0,0,0,-15.909
2024-01-17 23:00,0.021,0.024,0.013,-16.048
2024-01-18 00:00,0.327,0.264,0.065,-14.515
2024-01-18 01:00,0.558,0.482,0.090,-12.622
2024-01-18 02:00,0.691,0.621,0.107,-11.163
2024-01-18 03:00,0.767,0.715,0.111,-9.946
2024-01-18 04:00,0.758,0.704,0.114,-9.044
2024-01-18 05:00,0.684,0.620,0.109,-8.554
2024-01-18 06:00,0.522,0.444,0.100,-8.566
2024-01-18 07:00,0.282,0.217,0.075,-9.199
2024-01-18 08:00,0.046,0.049,0.015,-11.111
2024-01-18 09:00,0,0,0,-12.853
2024-01-18 10:00,0,0,0,-13.585
2024-01-18 11:00,0,0,0,-14.128
2024-01-18 12:00,0,0,0,-14.486
2024-01-18 13:00,0,0,0,-14.670
2024-01-18 14:00,0,0,0,-14.897
2024-01-18 15:00,0,0,0,-15.277
2024-01-18 16:00,0,0,0,-15.655
2024-01-18 17:00,0,0,0,-16.018
2024-01-18 18:00,0,0,0,-16.297
2024-01-18 19:00,0,0,0,-16.616
2024-01-18 20:00,0,0,0,-16.991
2024-01-18 21:00,0,0,0,-17.117
2024-01-18 22:00,0,0,0,-17.100
2024-01-18 23:00,0.014,0.018,0.012,-16.798
2024-01-19 00:00,0.167,0.091,0.085,-14.814
2024-01-19 01:00,0.308,0.165,0.148,-12.837
2024-01-19 02:00,0.392,0.206,0.193,-11.311
2024-01-19 03:00,0.449,0.246,0.215,-10.278
2024-01-19 04:00,0.466,0.265,0.215,-9.675
2024-01-19 05:00,0.358,0.169,0.199,-9.531
2024-01-19 06:00,0.193,0.060,0.145,-9.839
2024-01-19 07:00,0.076,0.019,0.074,-10.516
2024-01-19 08:00,0.001,0.004,0.011,-11.505
2024-01-19 09:00,0,0,0,-12.221
2024-01-19 10:00,0,0,0,-12.604
2024-01-19 11:00,0,0,0,-12.970
2024-01-19 12:00,0,0,0,-13.326
2024-01-19 13:00,0,0,0,-13.671
2024-01-19 14:00,0,0,0,-13.994
2024-01-19 15:00,0,0,0,-14.365
2024-01-19 16:00,0,0,0,-14.794
2024-01-19 17:00,0,0,0,-15.213
2024-01-19 18:00,0,0,0,-15.572
2024-01-19 19:00,0,0,0,-15.910
2024-01-19 20:00,0,0,0,-16.288
2024-01-19 21:00,0,0,0,-16.615
2024-01-19 22:00,0,0,0,-16.927
2024-01-19 23:00,0,0.004,0.010,-17.054
2024-01-20 00:00,0.069,0.017,0.068,-16.621
2024-01-20 01:00,0.154,0.033,0.131,-16.096
2024-01-20 02:00,0.210,0.042,0.174,-15.492
2024-01-20 03:00,0.227,0.041,0.192,-15.130
2024-01-20 04:00,0.188,0.025,0.171,-15.087
2024-01-20 05:00,0.140,0.015,0.136,-15.183
2024-01-20 06:00,0.136,0.022,0.125,-15.308
2024-01-20 07:00,0.087,0.020,0.081,-15.738
2024-01-20 08:00,0.008,0.006,0.017,-16.906
2024-01-20 09:00,0,0,0,-18.097
2024-01-20 10:00,0,0,0,-18.809
2024-01-20 11:00,0,0,0,-19.247
2024-01-20 12:00,0,0,0,-19.428
2024-01-20 13:00,0,0,0,-19.474
2024-01-20 14:00,0,0,0,-19.530
2024-01-20 15:00,0,0,0,-19.674
2024-01-20 16:00,0,0,0,-19.894
2024-01-20 17:00,0,0,0,-20.138
2024-01-20 18:00,0,0,0,-20.398
2024-01-20 19:00,0,0,0,-20.654
2024-01-20 20:00,0,0,0,-20.805
2024-01-20 21:00,0,0,0,-20.950
2024-01-20 22:00,0,0,0,-21.087
2024-01-20 23:00,0.005,0.007,0.013,-21.116
2024-01-21 00:00,0.155,0.077,0.085,-19.965
2024-01-21 01:00,0.306,0.155,0.148,-18.526
2024-01-21 02:00,0.375,0.179,0.193,-17.621
2024-01-21 03:00,0.451,0.234,0.214,-16.999
2024-01-21 04:00,0.479,0.265,0.213,-16.561
2024-01-21 05:00,0.449,0.256,0.192,-16.310
2024-01-21 06:00,0.283,0.128,0.156,-16.339
2024-01-21 07:00,0.116,0.041,0.088,-16.775
2024-01-21 08:00,0.008,0.006,0.017,-17.551
2024-01-21 09:00,0,0,0,-18.235
2024-01-21 10:00,0,0,0,-18.997
2024-01-21 11:00,0,0,0,-19.888
2024-01-21 12:00,0,0,0,-20.546
2024-01-21 13:00,0,0,0,-20.892
2024-01-21 14:00,0,0,0,-21.098
2024-01-21 15:00,0,0,0,-21.387
2024-01-21 16:00,0,0,0,-21.536
2024-01-21 17:00,0,0,0,-21.597
2024-01-21 18:00,0,0,0,-21.636
2024-01-21 19:00,0,0,0,-21.603
2024-01-21 20:00,0,0,0,-21.557
2024-01-21 21:00,0,0,0,-21.387
2024-01-21 22:00,0,0,0,-21.512
2024-01-21 23:00,0.052,0.053,0.015,-21.437
2024-01-22 00:00,0.413,0.348,0.057,-19.627
2024-01-22 01:00,0.645,0.578,0.075,-17.727
2024-01-22 02:00,0.789,0.738,0.086,-16.500
2024-01-22 03:00,0.854,0.817,0.092,-15.574
2024-01-22 04:00,0.851,0.815,0.093,-14.996
2024-01-22 05:00,0.777,0.728,0.089,-14.709
2024-01-22 06:00,0.622,0.556,0.080,-14.873
2024-01-22 07:00,0.382,0.319,0.062,-15.546
2024-01-22 08:00,0.069,0.063,0.021,-16.925
2024-01-22 09:00,0,0,0,-18.499
2024-01-22 10:00,0,0,0,-19.242
2024-01-22 11:00,0,0,0,-19.778
2024-01-22 12:00,0,0,0,-20.157
2024-01-22 13:00,0,0,0,-20.425
2024-01-22 14:00,0,0,0,-20.421
2024-01-22 15:00,0,0,0,-20.334
2024-01-22 16:00,0,0,0,-20.371
2024-01-22 17:00,0,0,0,-20.332
2024-01-22 18:00,0,0,0,-20.252
2024-01-22 19:00,0,0,0,-20.118
2024-01-22 20:00,0,0,0,-19.915
2024-01-22 21:00,0,0,0,-19.721
2024-01-22 22:00,0,0,0,-19.152
2024-01-22 23:00,0.062,0.064,0.013,-18.422
2024-01-23 00:00,0.393,0.330,0.061,-16.569
2024-01-23 01:00,0.615,0.548,0.082,-14.040
2024-01-23 02:00,0.749,0.701,0.095,-11.571
2024-01-23 03:00,0.808,0.777,0.103,-9.772
2024-01-23 04:00,0.786,0.746,0.109,-8.791
2024-01-23 05:00,0.687,0.622,0.112,-8.404
2024-01-23 06:00,0.524,0.442,0.104,-8.533
2024-01-23 07:00,0.315,0.249,0.075,-9.172
2024-01-23 08:00,0.050,0.044,0.023,-10.459
2024-01-23 09:00,0,0,0,-11.224
2024-01-23 10:00,0,0,0,-11.444
2024-01-23 11:00,0,0,0,-11.767
2024-01-23 12:00,0,0,0,-12.174
2024-01-23 13:00,0,0,0,-12.528
2024-01-23 14:00,0,0,0,-12.648
2024-01-23 15:00,0,0,0,-12.953
2024-01-23 16:00,0,0,0,-13.427
2024-01-23 17:00,0,0,0,-13.864
2024-01-23 18:00,0,0,0,-14.176
2024-01-23 19:00,0,0,0,-14.435
2024-01-23 20:00,0,0,0,-14.595
2024-01-23 21:00,0,0,0,-15.022
2024-01-23 22:00,0,0,0,-15.789
2024-01-23 23:00,0.058,0.059,0.015,-15.978
2024-01-24 00:00,0.375,0.314,0.064,-14.136
2024-01-24 01:00,0.597,0.533,0.085,-11.599
2024-01-24 02:00,0.732,0.687,0.098,-9.317
2024-01-24 03:00,0.798,0.774,0.103,-7.449
2024-01-24 04:00,0.791,0.771,0.104,-5.965
2024-01-24 05:00,0.719,0.688,0.099,-5.040
2024-01-24 06:00,0.576,0.526,0.089,-4.743
2024-01-24 07:00,0.351,0.300,0.068,-5.303
2024-01-24 08:00,0.069,0.063,0.024,-8.367
2024-01-24 09:00,0,0,0,-10.728
2024-01-24 10:00,0,0,0,-11.400
2024-01-24 11:00,0,0,0,-12.027
2024-01-24 12:00,0,0,0,-12.654
2024-01-24 13:00,0,0,0,-13.171
2024-01-24 14:00,0,0,0,-13.684
2024-01-24 15:00,0,0,0,-14.165
2024-01-24 16:00,0,0,0,-14.582
2024-01-24 17:00,0,0,0,-14.955
2024-01-24 18:00,0,0,0,-15.235
2024-01-24 19:00,0,0,0,-15.471
2024-01-24 20:00,0,0,0,-15.703
2024-01-24 21:00,0,0,0,-15.950
2024-01-24 22:00,0,0,0,-16.242
2024-01-24 23:00,0.069,0.070,0.015,-16.059
2024-01-25 00:00,0.389,0.330,0.064,-13.084
2024-01-25 01:00,0.595,0.533,0.087,-10.318
2024-01-25 02:00,0.719,0.676,0.102,-7.184
2024-01-25 03:00,0.782,0.763,0.107,-4.505
2024-01-25 04:00,0.764,0.743,0.112,-2.975
2024-01-25 05:00,0.681,0.640,0.110,-2.159
2024-01-25 06:00,0.527,0.464,0.102,-2.035
2024-01-25 07:00,0.312,0.255,0.077,-2.992
2024-01-25 08:00,0.059,0.053,0.025,-6.597
2024-01-25 09:00,0,0,0,-9.170
2024-01-25 10:00,0,0,0,-10.354
2024-01-25 11:00,0,0,0,-11.349
2024-01-25 12:00,0,0,0,-12.140
2024-01-25 13:00,0,0,0,-12.790
2024-01-25 14:00,0,0,0,-13.248
2024-01-25 15:00,0,0,0,-13.523
2024-01-25 16:00,0,0,0,-13.876
2024-01-25 17:00,0,0,0,-14.320
2024-01-25 18:00,0,0,0,-14.785
2024-01-25 19:00,0,0,0,-15.181
2024-01-25 20:00,0,0,0,-15.512
2024-01-25 21:00,0,0,0,-15.730
2024-01-25 22:00,0,0,0,-15.854
2024-01-25 23:00,0.079,0.080,0.015,-15.531
2024-01-26 00:00,0.414,0.360,0.059,-12.835
2024-01-26 01:00,0.630,0.582,0.078,-10.074
2024-01-26 02:00,0.759,0.739,0.089,-7.182
2024-01-26 03:00,0.814,0.812,0.096,-5.428
2024-01-26 04:00,0.809,0.809,0.098,-4.416
2024-01-26 05:00,0.739,0.723,0.093,-3.945
2024-01-26 06:00,0.597,0.558,0.084,-4.064
2024-01-26 07:00,0.373,0.325,0.066,-4.995
2024-01-26 08:00,0.081,0.074,0.025,-7.904
2024-01-26 09:00,0,0,0,-10.801
2024-01-26 10:00,0,0,0,-12.018
2024-01-26 11:00,0,0,0,-13.029
2024-01-26 12:00,0,0,0,-13.838
2024-01-26 13:00,0,0,0,-14.545
2024-01-26 14:00,0,0,0,-15.203
2024-01-26 15:00,0,0,0,-15.867
2024-01-26 16:00,0,0,0,-16.395
2024-01-26 17:00,0,0,0,-16.789
2024-01-26 18:00,0,0,0,-17.156
2024-01-26 19:00,0,0,0,-17.511
2024-01-26 20:00,0,0,0,-17.823
2024-01-26 21:00,0,0,0,-18.009
2024-01-26 22:00,0,0,0,-18.071
2024-01-26 23:00,0.093,0.092,0.015,-17.569
2024-01-27 00:00,0.428,0.371,0.059,-14.465
2024-01-27 01:00,0.641,0.591,0.077,-11.413
2024-01-27 02:00,0.769,0.746,0.089,-8.523
2024-01-27 03:00,0.827,0.823,0.095,-6.867
2024-01-27 04:00,0.822,0.820,0.096,-5.745
2024-01-27 05:00,0.751,0.736,0.092,-4.959
2024-01-27 06:00,0.607,0.568,0.083,-4.635
2024-01-27 07:00,0.382,0.335,0.065,-5.095
2024-01-27 08:00,0.087,0.078,0.026,-7.992
2024-01-27 09:00,0,0,0,-9.939
2024-01-27 10:00,0,0,0,-10.831
2024-01-27 11:00,0,0,0,-12.004
2024-01-27 12:00,0,0,0,-13.068
2024-01-27 13:00,0,0,0,-13.887
2024-01-27 14:00,0,0,0,-14.530
2024-01-27 15:00,0,0,0,-15.091
2024-01-27 16:00,0,0,0,-15.537
2024-01-27 17:00,0,0,0,-15.872
2024-01-27 18:00,0,0,0,-16.125
2024-01-27 19:00,0,0,0,-16.334
2024-01-27 20:00,0,0,0,-16.509
2024-01-27 21:00,0,0,0,-16.614
2024-01-27 22:00,0,0,0,-16.637
2024-01-27 23:00,0.083,0.082,0.017,-16.153
2024-01-28 00:00,0.400,0.340,0.065,-12.701
2024-01-28 01:00,0.616,0.561,0.084,-9.732
2024-01-28 02:00,0.745,0.718,0.096,-6.333
2024-01-28 03:00,0.804,0.800,0.102,-4.060
2024-01-28 04:00,0.797,0.795,0.104,-2.887
2024-01-28 05:00,0.723,0.704,0.100,-2.156
2024-01-28 06:00,0.575,0.530,0.092,-2.068
2024-01-28 07:00,0.346,0.292,0.074,-3.001
2024-01-28 08:00,0.072,0.062,0.028,-6.622
2024-01-28 09:00,0,0,0,-9.583
2024-01-28 10:00,0,0,0,-10.835
2024-01-28 11:00,0,0,0,-11.757
2024-01-28 12:00,0,0,0,-12.519
2024-01-28 13:00,0,0,0,-13.267
2024-01-28 14:00,0,0,0,-13.932
2024-01-28 15:00,0,0,0,-14.606
2024-01-28 16:00,0,0,0,-15.345
2024-01-28 17:00,0,0,0,-16.001
2024-01-28 18:00,0,0,0,-16.600
2024-01-28 19:00,0,0,0,-17.143
2024-01-28 20:00,0,0,0,-17.623
2024-01-28 21:00,0,0,0,-17.976
2024-01-28 22:00,0,0,0,-18.259
2024-01-28 23:00,0.082,0.078,0.018,-18.130
2024-01-29 00:00,0.397,0.327,0.069,-15.971
2024-01-29 01:00,0.619,0.546,0.090,-13.872
2024-01-29 02:00,0.756,0.699,0.103,-12.160
2024-01-29 03:00,0.813,0.770,0.112,-10.668
2024-01-29 04:00,0.803,0.761,0.114,-9.369
2024-01-29 05:00,0.723,0.667,0.112,-8.164
2024-01-29 06:00,0.571,0.501,0.101,-7.308
2024-01-29 07:00,0.335,0.266,0.082,-7.207
2024-01-29 08:00,0.061,0.048,0.030,-9.527
2024-01-29 09:00,0,0,0,-11.759
2024-01-29 10:00,0,0,0,-12.331
2024-01-29 11:00,0,0,0,-13.020
2024-01-29 12:00,0,0,0,-13.777
2024-01-29 13:00,0,0,0,-14.372
2024-01-29 14:00,0,0,0,-14.720
2024-01-29 15:00,0,0,0,-14.890
2024-01-29 16:00,0,0,0,-14.999
2024-01-29 17:00,0,0,0,-15.089
2024-01-29 18:00,0,0,0,-15.187
2024-01-29 19:00,0,0,0,-15.241
2024-01-29 20:00,0,0,0,-15.118
2024-01-29 21:00,0,0,0,-14.569
2024-01-29 22:00,0,0,0,-13.601
2024-01-29 23:00,0.010,0.009,0.017,-12.678
2024-01-30 00:00,0.088,0.018,0.086,-10.636
2024-01-30 01:00,0.154,0.026,0.143,-8.749
2024-01-30 02:00,0.153,0.016,0.153,-7.107
2024-01-30 03:00,0.136,0.010,0.143,-6.152
2024-01-30 04:00,0.089,0.004,0.103,-5.946
2024-01-30 05:00,0.061,0.003,0.077,-6.271
2024-01-30 06:00,0.037,0.002,0.054,-7.012
2024-01-30 07:00,0.013,0.001,0.029,-8.106
2024-01-30 08:00,0,0,0.007,-9.197
2024-01-30 09:00,0,0,0,-10.278
2024-01-30 10:00,0,0,0,-11.485
2024-01-30 11:00,0,0,0,-12.686
2024-01-30 12:00,0,0,0,-13.719
2024-01-30 13:00,0,0,0,-14.518
2024-01-30 14:00,0,0,0,-15.280
2024-01-30 15:00,0,0,0,-15.981
2024-01-30 16:00,0,0,0,-16.516
2024-01-30 17:00,0,0,0,-16.902
2024-01-30 18:00,0,0,0,-17.254
2024-01-30 19:00,0,0,0,-18.098
2024-01-30 20:00,0,0,0,-19.102
2024-01-30 21:00,0,0,0,-19.789
2024-01-30 22:00,0,0,0,-20.056
2024-01-30 23:00,0.065,0.053,0.027,-19.802
2024-01-31 00:00,0.411,0.339,0.068,-17.858
2024-01-31 01:00,0.661,0.596,0.081,-15.778
2024-01-31 02:00,0.799,0.758,0.091,-13.777
2024-01-31 03:00,0.864,0.843,0.096,-12.355
2024-01-31 04:00,0.861,0.843,0.097,-11.533
2024-01-31 05:00,0.791,0.759,0.092,-11.050
2024-01-31 06:00,0.647,0.595,0.083,-11.027
2024-01-31 07:00,0.417,0.357,0.067,-11.592
2024-01-31 08:00,0.098,0.082,0.031,-13.419
2024-01-31 09:00,0,0,0,-15.781
2024-01-31 10:00,0,0,0,-16.852
2024-01-31 11:00,0,0,0,-17.732
2024-01-31 12:00,0,0,0,-18.459
2024-01-31 13:00,0,0,0,-19.076
2024-01-31 14:00,0,0,0,-19.576
2024-01-31 15:00,0,0,0,-19.960
2024-01-31 16:00,0,0,0,-20.275
2024-01-31 17:00,0,0,0,-20.537
2024-01-31 18:00,0,0,0,-20.791
2024-01-31 19:00,0,0,0,-21.056
2024-01-31 20:00,0,0,0,-21.252
2024-01-31 21:00,0,0,0,-21.389
2024-01-31 22:00,0,0,0,-21.535
2024-01-31 23:00,0.077,0.069,0.022,-21.267
2024-02-01 00:00,0.314,0.219,0.091,-19.250
2024-02-01 01:00,0.562,0.446,0.118,-17.179
2024-02-01 02:00,0.747,0.658,0.121,-15.290
2024-02-01 03:00,0.788,0.699,0.136,-13.715
2024-02-01 04:00,0.739,0.629,0.153,-12.453
2024-02-01 05:00,0.647,0.523,0.152,-11.467
2024-02-01 06:00,0.472,0.341,0.142,-10.895
2024-02-01 07:00,0.221,0.123,0.108,-11.056
2024-02-01 08:00,0.034,0.019,0.032,-12.601
2024-02-01 09:00,0,0,0,-14.233
2024-02-01 10:00,0,0,0,-14.429
2024-02-01 11:00,0,0,0,-14.560
2024-02-01 12:00,0,0,0,-14.914
2024-02-01 13:00,0,0,0,-15.617
2024-02-01 14:00,0,0,0,-16.300
2024-02-01 15:00,0,0,0,-16.844
2024-02-01 16:00,0,0,0,-17.421
2024-02-01 17:00,0,0,0,-17.585
2024-02-01 18:00,0,0,0,-17.211
2024-02-01 19:00,0,0,0,-17.075
2024-02-01 20:00,0,0,0,-16.923
2024-02-01 21:00,0,0,0,-16.624
2024-02-01 22:00,0,0,0,-16.764
2024-02-01 23:00,0.102,0.092,0.023,-16.738
2024-02-02 00:00,0.409,0.339,0.073,-14.142
2024-02-02 01:00,0.629,0.564,0.092,-11.342
2024-02-02 02:00,0.766,0.725,0.103,-9.263
2024-02-02 03:00,0.831,0.810,0.108,-7.901
2024-02-02 04:00,0.829,0.811,0.109,-6.995
2024-02-02 05:00,0.760,0.729,0.104,-6.464
2024-02-02 06:00,0.619,0.567,0.093,-6.401
2024-02-02 07:00,0.394,0.334,0.076,-7.012
2024-02-02 08:00,0.099,0.081,0.035,-9.599
2024-02-02 09:00,0,0,0,-12.384
2024-02-02 10:00,0,0,0,-13.037
2024-02-02 11:00,0,0,0,-13.099
2024-02-02 12:00,0,0,0,-13.532
2024-02-02 13:00,0,0,0,-14.694
2024-02-02 14:00,0,0,0,-15.433
2024-02-02 15:00,0,0,0,-15.704
2024-02-02 16:00,0,0,0,-15.905
2024-02-02 17:00,0,0,0,-16.284
2024-02-02 18:00,0,0,0,-16.688
2024-02-02 19:00,0,0,0,-17.115
2024-02-02 20:00,0,0,0,-17.505
2024-02-02 21:00,0,0,0,-17.727
2024-02-02 22:00,0,0,0,-18.023
2024-02-02 23:00,0.111,0.100,0.023,-17.599
2024-02-03 00:00,0.420,0.350,0.072,-14.637
2024-02-03 01:00,0.637,0.572,0.091,-11.889
2024-02-03 02:00,0.771,0.730,0.102,-9.638
2024-02-03 03:00,0.832,0.812,0.108,-7.821
2024-02-03 04:00,0.829,0.814,0.109,-6.484
2024-02-03 05:00,0.762,0.735,0.103,-5.708
2024-02-03 06:00,0.624,0.577,0.092,-5.541
2024-02-03 07:00,0.405,0.349,0.074,-6.119
2024-02-03 08:00,0.110,0.092,0.035,-8.722
2024-02-03 09:00,0,0,0,-11.907
2024-02-03 10:00,0,0,0,-12.925
2024-02-03 11:00,0,0,0,-13.371
2024-02-03 12:00,0,0,0,-13.676
2024-02-03 13:00,0,0,0,-14.385
2024-02-03 14:00,0,0,0,-15.009
2024-02-03 15:00,0,0,0,-15.462
2024-02-03 16:00,0,0,0,-15.920
2024-02-03 17:00,0,0,0,-16.414
2024-02-03 18:00,0,0,0,-17.038
2024-02-03 19:00,0,0,0,-17.562
2024-02-03 20:00,0,0,0,-17.931
2024-02-03 21:00,0,0,0,-18.105
2024-02-03 22:00,0,0,0,-18.144
2024-02-03 23:00,0.140,0.128,0.022,-17.473
2024-02-04 00:00,0.433,0.361,0.075,-14.129
2024-02-04 01:00,0.650,0.585,0.095,-11.351
2024-02-04 02:00,0.781,0.740,0.108,-9.054
2024-02-04 03:00,0.838,0.816,0.116,-7.228
2024-02-04 04:00,0.826,0.804,0.119,-5.810
2024-02-04 05:00,0.741,0.696,0.119,-5.069
2024-02-04 06:00,0.554,0.468,0.121,-4.953
2024-02-04 07:00,0.247,0.151,0.111,-5.559
2024-02-04 08:00,0.026,0.012,0.033,-7.515
2024-02-04 09:00,0,0,0,-9.073
2024-02-04 10:00,0,0,0,-9.625
2024-02-04 11:00,0,0,0,-10.106
2024-02-04 12:00,0,0,0,-10.473
2024-02-04 13:00,0,0,0,-10.852
2024-02-04 14:00,0,0,0,-11.294
2024-02-04 15:00,0,0,0,-11.898
2024-02-04 16:00,0,0,0,-12.341
2024-02-04 17:00,0,0,0,-12.528
2024-02-04 18:00,0,0,0,-12.748
2024-02-04 19:00,0,0,0,-13.072
2024-02-04 20:00,0,0,0,-13.371
2024-02-04 21:00,0,0,0,-13.528
2024-02-04 22:00,0,0,0,-13.600
2024-02-04 23:00,0.002,0.003,0.014,-13.531
2024-02-05 00:00,0.042,0.004,0.056,-12.861
2024-02-05 01:00,0.090,0.007,0.099,-12.151
2024-02-05 02:00,0.130,0.009,0.135,-11.445
2024-02-05 03:00,0.159,0.012,0.160,-10.958
2024-02-05 04:00,0.175,0.015,0.172,-10.665
2024-02-05 05:00,0.160,0.014,0.159,-10.525
2024-02-05 06:00,0.117,0.010,0.122,-10.559
2024-02-05 07:00,0.057,0.005,0.070,-10.869
2024-02-05 08:00,0.005,0.001,0.019,-11.460
2024-02-05 09:00,0,0,0,-11.852
2024-02-05 10:00,0,0,0,-11.853
2024-02-05 11:00,0,0,0,-11.866
2024-02-05 12:00,0,0,0,-11.866
2024-02-05 13:00,0,0,0,-11.879
2024-02-05 14:00,0,0,0,-11.856
2024-02-05 15:00,0,0,0,-11.870
2024-02-05 16:00,0,0,0,-12.099
2024-02-05 17:00,0,0,0,-12.318
2024-02-05 18:00,0,0,0,-12.567
2024-02-05 19:00,0,0,0,-12.912
2024-02-05 20:00,0,0,0,-13.382
2024-02-05 21:00,0,0,0,-13.823
2024-02-05 22:00,0,0,0,-14.104
2024-02-05 23:00,0.049,0.031,0.035,-13.773
2024-02-06 00:00,0.281,0.186,0.104,-10.581
2024-02-06 01:00,0.505,0.390,0.136,-8.085
2024-02-06 02:00,0.655,0.553,0.151,-6.002
2024-02-06 03:00,0.732,0.650,0.155,-4.566
2024-02-06 04:00,0.738,0.664,0.153,-3.678
2024-02-06 05:00,0.677,0.598,0.144,-3.222
2024-02-06 06:00,0.544,0.455,0.128,-3.194
2024-02-06 07:00,0.353,0.276,0.096,-3.725
2024-02-06 08:00,0.090,0.065,0.044,-5.821
2024-02-06 09:00,0,0,0,-8.900
2024-02-06 10:00,0,0,0,-9.781
2024-02-06 11:00,0,0,0,-10.490
2024-02-06 12:00,0,0,0,-11.378
2024-02-06 13:00,0,0,0,-12.281
2024-02-06 14:00,0,0,0,-12.998
2024-02-06 15:00,0,0,0,-13.574
2024-02-06 16:00,0,0,0,-14.035
2024-02-06 17:00,0,0,0,-14.492
2024-02-06 18:00,0,0,0,-14.949
2024-02-06 19:00,0,0,0,-15.344
2024-02-06 20:00,0,0,0,-15.632
2024-02-06 21:00,0,0,0,-15.824
2024-02-06 22:00,0,-0,0,-15.964
2024-02-06 23:00,0.138,0.121,0.028,-15.218
2024-02-07 00:00,0.418,0.344,0.080,-12.450
2024-02-07 01:00,0.629,0.561,0.100,-9.443
2024-02-07 02:00,0.758,0.717,0.113,-6.600
2024-02-07 03:00,0.822,0.806,0.118,-4.560
2024-02-07 04:00,0.817,0.806,0.119,-3.067
2024-02-07 05:00,0.749,0.724,0.114,-2.076
2024-02-07 06:00,0.608,0.559,0.104,-1.730
2024-02-07 07:00,0.396,0.337,0.084,-2.177
2024-02-07 08:00,0.116,0.092,0.043,-4.743
2024-02-07 09:00,0,0,0,-8.118
2024-02-07 10:00,0,0,0,-9.343
2024-02-07 11:00,0,0,0,-10.404
2024-02-07 12:00,0,0,0,-11.360
2024-02-07 13:00,0,0,0,-12.153
2024-02-07 14:00,0,0,0,-12.706
2024-02-07 15:00,0,0,0,-13.170
2024-02-07 16:00,0,0,0,-13.597
2024-02-07 17:00,0,0,0,-13.923
2024-02-07 18:00,0,0,0,-14.275
2024-02-07 19:00,0,0,0,-14.621
2024-02-07 20:00,0,0,0,-14.948
2024-02-07 21:00,0,0,0,-15.221
2024-02-07 22:00,0,-0,0,-15.449
2024-02-07 23:00,0.164,0.147,0.027,-14.729
2024-02-08 00:00,0.433,0.360,0.080,-11.925
2024-02-08 01:00,0.643,0.579,0.101,-8.895
2024-02-08 02:00,0.768,0.728,0.115,-6.259
2024-02-08 03:00,0.810,0.780,0.128,-4.420
2024-02-08 04:00,0.769,0.717,0.143,-2.874
2024-02-08 05:00,0.660,0.575,0.151,-1.690
2024-02-08 06:00,0.498,0.392,0.144,-1.195
2024-02-08 07:00,0.285,0.192,0.113,-1.530
2024-02-08 08:00,0.063,0.036,0.047,-4.060
2024-02-08 09:00,0,0,0,-6.240
2024-02-08 10:00,0,0,0,-6.738
2024-02-08 11:00,0,0,0,-7.053
2024-02-08 12:00,0,0,0,-8.149
2024-02-08 13:00,0,0,0,-9.458
2024-02-08 14:00,0,0,0,-10.536
2024-02-08 15:00,0,0,0,-11.699
2024-02-08 16:00,0,0,0,-12.775
2024-02-08 17:00,0,0,0,-13.591
2024-02-08 18:00,0,0,0,-14.108
2024-02-08 19:00,0,0,0,-14.199
2024-02-08 20:00,0,0,0,-14.140
2024-02-08 21:00,0,0,0,-14.128
2024-02-08 22:00,0,-0,0,-14.207
2024-02-08 23:00,0.116,0.097,0.033,-13.305
2024-02-09 00:00,0.371,0.285,0.095,-9.678
2024-02-09 01:00,0.588,0.504,0.119,-6.515
2024-02-09 02:00,0.721,0.660,0.133,-4.333
2024-02-09 03:00,0.799,0.768,0.134,-2.882
2024-02-09 04:00,0.724,0.643,0.163,-2.038
2024-02-09 05:00,0.543,0.392,0.195,-1.705
2024-02-09 06:00,0.398,0.250,0.173,-1.844
2024-02-09 07:00,0.250,0.148,0.121,-2.543
2024-02-09 08:00,0.071,0.042,0.049,-4.229
2024-02-09 09:00,0,0,0,-6.780
2024-02-09 10:00,0,0,0,-8.364
2024-02-09 11:00,0,0,0,-9.859
2024-02-09 12:00,0,0,0,-11.194
2024-02-09 13:00,0,0,0,-12.259
2024-02-09 14:00,0,0,0,-13.034
2024-02-09 15:00,0,0,0,-13.606
2024-02-09 16:00,0,0,0,-14.172
2024-02-09 17:00,0,0,0,-14.642
2024-02-09 18:00,0,0,0,-14.999
2024-02-09 19:00,0,0,0,-15.274
2024-02-09 20:00,0,0,0,-15.545
2024-02-09 21:00,0,0,0,-15.751
2024-02-09 22:00,0,-0,0,-15.746
2024-02-09 23:00,0.194,0.174,0.029,-14.409
2024-02-10 00:00,0.460,0.397,0.074,-10.697
2024-02-10 01:00,0.661,0.613,0.093,-7.463
2024-02-10 02:00,0.783,0.768,0.105,-4.320
2024-02-10 03:00,0.839,0.849,0.111,-2.018
2024-02-10 04:00,0.832,0.849,0.112,-0.230
2024-02-10 05:00,0.765,0.767,0.107,0.892
2024-02-10 06:00,0.628,0.601,0.098,1.399
2024-02-10 07:00,0.418,0.370,0.081,0.984
2024-02-10 08:00,0.133,0.106,0.047,-2.107
2024-02-10 09:00,0,0,0.001,-5.539
2024-02-10 10:00,0,0,0,-7.095
2024-02-10 11:00,0,0,0,-8.258
2024-02-10 12:00,0,0,0,-9.174
2024-02-10 13:00,0,0,0,-9.917
2024-02-10 14:00,0,0,0,-10.447
2024-02-10 15:00,0,0,0,-10.838
2024-02-10 16:00,0,0,0,-11.152
2024-02-10 17:00,0,0,0,-11.201
2024-02-10 18:00,0,0,0,-10.998
2024-02-10 19:00,0,0,0,-10.961
2024-02-10 20:00,0,0,0,-11.044
2024-02-10 21:00,0,0,0,-10.959
2024-02-10 22:00,0,-0,0,-11.057
2024-02-10 23:00,0.183,0.165,0.030,-10.029
2024-02-11 00:00,0.429,0.365,0.081,-6.920
2024-02-11 01:00,0.628,0.578,0.101,-3.681
2024-02-11 02:00,0.748,0.730,0.115,-0.456
2024-02-11 03:00,0.807,0.814,0.121,1.570
2024-02-11 04:00,0.799,0.810,0.123,3.112
2024-02-11 05:00,0.732,0.727,0.118,4.235
2024-02-11 06:00,0.603,0.574,0.106,4.845
2024-02-11 07:00,0.404,0.357,0.086,4.514
2024-02-11 08:00,0.138,0.112,0.048,1.813
2024-02-11 09:00,0,0.001,0.001,-0.853
2024-02-11 10:00,0,0,0,-1.987
2024-02-11 11:00,0,0,0,-2.840
2024-02-11 12:00,0,0,0,-3.533
2024-02-11 13:00,0,0,0,-4.112
2024-02-11 14:00,0,0,0,-4.519
2024-02-11 15:00,0,0,0,-4.801
2024-02-11 16:00,0,0,0,-5.008
2024-02-11 17:00,0,0,0,-5.250
2024-02-11 18:00,0,0,0,-5.576
2024-02-11 19:00,0,0,0,-5.937
2024-02-11 20:00,0,0,0,-6.230
2024-02-11 21:00,0,0,0,-6.397
2024-02-11 22:00,0,-0,0,-6.454
2024-02-11 23:00,0.165,0.148,0.034,-5.637
2024-02-12 00:00,0.399,0.333,0.089,-3.091
2024-02-12 01:00,0.595,0.543,0.111,0.461
2024-02-12 02:00,0.711,0.693,0.125,4.425
2024-02-12 03:00,0.773,0.789,0.128,7.264
2024-02-12 04:00,0.769,0.792,0.129,8.908
2024-02-12 05:00,0.707,0.713,0.123,9.571
2024-02-12 06:00,0.576,0.547,0.114,9.368
2024-02-12 07:00,0.379,0.329,0.094,7.867
2024-02-12 08:00,0.122,0.094,0.052,4.229
2024-02-12 09:00,0,0.001,0.001,1.479
2024-02-12 10:00,0,0,0,1.178
2024-02-12 11:00,0,0,0,0.814
2024-02-12 12:00,0,0,0,0.438
2024-02-12 13:00,0,0,0,0.332
2024-02-12 14:00,0,0,0,0.253
2024-02-12 15:00,0,0,0,-0.148
2024-02-12 16:00,0,0,0,-0.516
2024-02-12 17:00,0,0,0,-0.889
2024-02-12 18:00,0,0,0,-1.158
2024-02-12 19:00,0,0,0,-1.322
2024-02-12 20:00,0,0,0,-1.439
2024-02-12 21:00,0,0,0,-1.454
2024-02-12 22:00,0,-0,0,-1.411
2024-02-12 23:00,0.169,0.154,0.035,-0.611
2024-02-13 00:00,0.384,0.320,0.095,1.721
2024-02-13 01:00,0.573,0.521,0.120,4.589
2024-02-13 02:00,0.689,0.669,0.136,8.008
2024-02-13 03:00,0.736,0.735,0.146,10.452
2024-02-13 04:00,0.731,0.731,0.149,11.439
2024-02-13 05:00,0.666,0.645,0.144,11.562
2024-02-13 06:00,0.532,0.475,0.135,10.692
2024-02-13 07:00,0.268,0.175,0.126,7.750
2024-02-13 08:00,0.049,0.020,0.051,3.380
2024-02-13 09:00,0,0,0.001,0.480
2024-02-13 10:00,0,0,0,-0.377
2024-02-13 11:00,0,0,0,-1.029
2024-02-13 12:00,0,0,0,-1.553
2024-02-13 13:00,0,0,0,-1.919
2024-02-13 14:00,0,0,0,-2.160
2024-02-13 15:00,0,0,0,-2.855
2024-02-13 16:00,0,0,0,-3.420
2024-02-13 17:00,0,0,0,-3.996
2024-02-13 18:00,0,0,0,-4.545
2024-02-13 19:00,0,0,0,-4.993
2024-02-13 20:00,0,0,0,-5.389
2024-02-13 21:00,0,0,0,-5.739
2024-02-13 22:00,0,-0,0,-6.071
2024-02-13 23:00,0.132,0.108,0.041,-5.863
2024-02-14 00:00,0.292,0.180,0.129,-4.871
2024-02-14 01:00,0.363,0.185,0.198,-3.892
2024-02-14 02:00,0.258,0.057,0.218,-3.590
2024-02-14 03:00,0.281,0.059,0.240,-3.470
2024-02-14 04:00,0.290,0.063,0.245,-3.213
2024-02-14 05:00,0.260,0.055,0.223,-2.949
2024-02-14 06:00,0.235,0.062,0.192,-2.734
2024-02-14 07:00,0.168,0.051,0.135,-2.861
2024-02-14 08:00,0.047,0.014,0.053,-3.633
2024-02-14 09:00,0,0,0.001,-4.758
2024-02-14 10:00,0,0,0,-5.643
2024-02-14 11:00,0,0,0,-6.496
2024-02-14 12:00,0,0,0,-7.327
2024-02-14 13:00,0,0,0,-8.185
2024-02-14 14:00,0,0,0,-8.969
2024-02-14 15:00,0,0,0,-9.347
2024-02-14 16:00,0,0,0,-9.982
2024-02-14 17:00,0,0,0,-10.800
2024-02-14 18:00,0,0,0,-11.252
2024-02-14 19:00,0,0,0,-11.522
2024-02-14 20:00,0,0,0,-11.709
2024-02-14 21:00,0,0,0,-11.831
2024-02-14 22:00,0,-0,0.001,-12.130
2024-02-14 23:00,0.225,0.196,0.038,-11.278
2024-02-15 00:00,0.477,0.418,0.075,-9.039
2024-02-15 01:00,0.675,0.631,0.094,-6.668
2024-02-15 02:00,0.798,0.783,0.107,-4.896
2024-02-15 03:00,0.857,0.864,0.113,-3.532
2024-02-15 04:00,0.852,0.862,0.114,-2.429
2024-02-15 05:00,0.787,0.781,0.109,-1.559
2024-02-15 06:00,0.656,0.625,0.099,-1.007
2024-02-15 07:00,0.452,0.403,0.081,-1.014
2024-02-15 08:00,0.174,0.143,0.050,-2.301
2024-02-15 09:00,0,0.002,0.002,-4.407
2024-02-15 10:00,0,0,0,-4.672
2024-02-15 11:00,0,0,0,-6.878
2024-02-15 12:00,0,0,0,-7.606
2024-02-15 13:00,0,0,0,-7.091
2024-02-15 14:00,0,0,0,-6.661
2024-02-15 15:00,0,0,0,-6.626
2024-02-15 16:00,0,0,0,-6.660
2024-02-15 17:00,0,0,0,-6.471
2024-02-15 18:00,0,0,0,-6.467
2024-02-15 19:00,0,0,0,-6.769
2024-02-15 20:00,0,0,0,-6.904
2024-02-15 21:00,0,0,0,-6.872
2024-02-15 22:00,0,-0,0.001,-6.718
2024-02-15 23:00,0.159,0.126,0.049,-5.877
2024-02-16 00:00,0.402,0.325,0.100,-3.531
2024-02-16 01:00,0.596,0.529,0.125,-0.308
2024-02-16 02:00,0.715,0.674,0.141,2.752
2024-02-16 03:00,0.792,0.794,0.139,5.040
2024-02-16 04:00,0.787,0.793,0.140,6.385
2024-02-16 05:00,0.720,0.705,0.137,6.974
2024-02-16 06:00,0.548,0.475,0.142,6.688
2024-02-16 07:00,0.275,0.171,0.133,5.464
2024-02-16 08:00,0.054,0.020,0.056,3.506
2024-02-16 09:00,0,0,0.002,1.853
2024-02-16 10:00,0,0,0,0.963
2024-02-16 11:00,0,0,0,0.243
2024-02-16 12:00,0,0,0,-0.661
2024-02-16 13:00,0,0,0,-1.106
2024-02-16 14:00,0,0,0,-1.221
2024-02-16 15:00,0,0,0,-1.395
2024-02-16 16:00,0,0,0,-1.556
2024-02-16 17:00,0,0,0,-1.644
2024-02-16 18:00,0,0,0,-1.694
2024-02-16 19:00,0,0,0,-1.720
2024-02-16 20:00,0,0,0,-1.709
2024-02-16 21:00,0,0,0,-1.721
2024-02-16 22:00,0,-0,0.001,-1.701
2024-02-16 23:00,0.031,0.012,0.039,-1.314
2024-02-17 00:00,0.164,0.060,0.125,0.128
2024-02-17 01:00,0.421,0.279,0.180,2.968
2024-02-17 02:00,0.650,0.579,0.167,6.403
2024-02-17 03:00,0.731,0.704,0.164,9.172
2024-02-17 04:00,0.685,0.627,0.184,10.751
2024-02-17 05:00,0.596,0.504,0.188,11.017
2024-02-17 06:00,0.539,0.472,0.146,10.590
2024-02-17 07:00,0.348,0.270,0.120,9.171
2024-02-17 08:00,0.117,0.076,0.066,6.385
2024-02-17 09:00,0,0.001,0.003,3.181
2024-02-17 10:00,0,0,0,1.845
2024-02-17 11:00,0,0,0,1.345
2024-02-17 12:00,0,0,0,1.130
2024-02-17 13:00,0,0,0,1.199
2024-02-17 14:00,0,0,0,1.287
2024-02-17 15:00,0,0,0,1.072
2024-02-17 16:00,0,0,0,0.613
2024-02-17 17:00,0,0,0,0.361
2024-02-17 18:00,0,0,0,0.083
2024-02-17 19:00,0,0,0,-0.287
2024-02-17 20:00,0,0,0,-0.550
2024-02-17 21:00,0,0,0,-0.566
2024-02-17 22:00,0,-0,0.001,-0.854
2024-02-17 23:00,0.039,0.015,0.045,-0.138
2024-02-18 00:00,0.165,0.051,0.137,1.346
2024-02-18 01:00,0.323,0.138,0.214,3.294
2024-02-18 02:00,0.461,0.252,0.258,5.371
2024-02-18 03:00,0.375,0.129,0.286,6.059
2024-02-18 04:00,0.257,0.044,0.242,5.283
2024-02-18 05:00,0.205,0.027,0.202,3.763
2024-02-18 06:00,0.144,0.016,0.150,1.488
2024-02-18 07:00,0.101,0.013,0.109,-0.973
2024-02-18 08:00,0.032,0.005,0.046,-3.145
2024-02-18 09:00,0,0,0.002,-4.687
2024-02-18 10:00,0,0,0,-5.516
2024-02-18 11:00,0,0,0,-6.005
2024-02-18 12:00,0,0,0,-6.374
2024-02-18 13:00,0,0,0,-6.773
2024-02-18 14:00,0,0,0,-7.186
2024-02-18 15:00,0,0,0,-7.949
2024-02-18 16:00,0,0,0,-9.276
2024-02-18 17:00,0,0,0,-10.457
2024-02-18 18:00,0,0,0,-11.244
2024-02-18 19:00,0,0,0,-11.672
2024-02-18 20:00,0,0,0,-12.096
2024-02-18 21:00,0,0,0,-12.515
2024-02-18 22:00,0,0.001,0.001,-12.806
2024-02-18 23:00,0.037,0.009,0.045,-12.917
2024-02-19 00:00,0.308,0.191,0.123,-12.389
2024-02-19 01:00,0.696,0.634,0.100,-11.000
2024-02-19 02:00,0.756,0.676,0.138,-9.503
2024-02-19 03:00,0.889,0.875,0.118,-8.432
2024-02-19 04:00,0.898,0.895,0.115,-7.807
2024-02-19 05:00,0.835,0.816,0.110,-7.520
2024-02-19 06:00,0.702,0.655,0.100,-7.695
2024-02-19 07:00,0.487,0.419,0.086,-8.452
2024-02-19 08:00,0.178,0.130,0.061,-9.862
2024-02-19 09:00,0,0.003,0.004,-11.320
2024-02-19 10:00,0,0,0,-12.037
2024-02-19 11:00,0,0,0,-12.941
2024-02-19 12:00,0,0,0,-13.909
2024-02-19 13:00,0,0,0,-14.734
2024-02-19 14:00,0,0,0,-15.486
2024-02-19 15:00,0,0,0,-16.347
2024-02-19 16:00,0,0,0,-17.246
2024-02-19 17:00,0,0,0,-18.073
2024-02-19 18:00,0,0,0,-18.839
2024-02-19 19:00,0,0,0,-19.486
2024-02-19 20:00,0,0,0,-20.012
2024-02-19 21:00,0,0,0,-20.019
2024-02-19 22:00,0,0.001,0.002,-19.575
2024-02-19 23:00,0.092,0.048,0.057,-18.797
2024-02-20 00:00,0.296,0.157,0.140,-17.236
2024-02-20 01:00,0.426,0.226,0.200,-15.413
2024-02-20 02:00,0.517,0.281,0.243,-13.703
2024-02-20 03:00,0.556,0.302,0.267,-12.764
2024-02-20 04:00,0.652,0.436,0.243,-12.233
2024-02-20 05:00,0.496,0.254,0.252,-12.150
2024-02-20 06:00,0.405,0.198,0.212,-12.330
2024-02-20 07:00,0.270,0.125,0.152,-12.829
2024-02-20 08:00,0.060,0.015,0.061,-13.769
2024-02-20 09:00,0,0.001,0.003,-14.442
2024-02-20 10:00,0,0,0,-14.589
2024-02-20 11:00,0,0,0,-14.847
2024-02-20 12:00,0,0,0,-15.240
2024-02-20 13:00,0,0,0,-15.627
2024-02-20 14:00,0,0,0,-15.969
2024-02-20 15:00,0,0,0,-16.420
2024-02-20 16:00,0,0,0,-16.577
2024-02-20 17:00,0,0,0,-16.788
2024-02-20 18:00,0,0,0,-17.136
2024-02-20 19:00,0,0,0,-17.546
2024-02-20 20:00,0,0,0,-17.878
2024-02-20 21:00,0,0,0,-18.078
2024-02-20 22:00,0,0.001,0.002,-18.172
2024-02-20 23:00,0.064,0.023,0.057,-17.691
2024-02-21 00:00,0.278,0.143,0.137,-16.392
2024-02-21 01:00,0.471,0.289,0.185,-14.695
2024-02-21 02:00,0.696,0.548,0.179,-12.837
2024-02-21 03:00,0.843,0.763,0.154,-11.120
2024-02-21 04:00,0.850,0.782,0.151,-9.868
2024-02-21 05:00,0.790,0.718,0.142,-8.950
2024-02-21 06:00,0.634,0.533,0.137,-8.527
2024-02-21 07:00,0.422,0.319,0.116,-8.645
2024-02-21 08:00,0.144,0.086,0.073,-9.417
2024-02-21 09:00,0,0.003,0.005,-10.991
2024-02-21 10:00,0,0,0,-12.477
2024-02-21 11:00,0,0,0,-13.227
2024-02-21 12:00,0,0,0,-13.854
2024-02-21 13:00,0,0,0,-14.425
2024-02-21 14:00,0,0,0,-14.696
2024-02-21 15:00,0,0,0,-15.332
2024-02-21 16:00,0,0,0,-15.940
2024-02-21 17:00,0,0,0,-16.555
2024-02-21 18:00,0,0,0,-17.047
2024-02-21 19:00,0,0,0,-17.526
2024-02-21 20:00,0,0,0,-17.727
2024-02-21 21:00,0,0,0,-17.327
2024-02-21 22:00,0,0,0.001,-16.708
2024-02-21 23:00,0.020,0.004,0.032,-15.963
2024-02-22 00:00,0.115,0.018,0.110,-14.755
2024-02-22 01:00,0.223,0.046,0.185,-13.324
2024-02-22 02:00,0.317,0.080,0.243,-11.766
2024-02-22 03:00,0.412,0.140,0.282,-10.325
2024-02-22 04:00,0.517,0.254,0.283,-8.969
2024-02-22 05:00,0.490,0.250,0.260,-7.915
2024-02-22 06:00,0.402,0.198,0.218,-7.399
2024-02-22 07:00,0.284,0.140,0.157,-7.421
2024-02-22 08:00,0.130,0.067,0.079,-8.156
2024-02-22 09:00,0,0.003,0.006,-10.377
2024-02-22 10:00,0,0,0,-11.832
2024-02-22 11:00,0,0,0,-12.487
2024-02-22 12:00,0,0,0,-13.025
2024-02-22 13:00,0,0,0,-13.572
2024-02-22 14:00,0,0,0,-14.031
2024-02-22 15:00,0,0,0,-14.512
2024-02-22 16:00,0,0,0,-15.050
2024-02-22 17:00,0,0,0,-15.632
2024-02-22 18:00,0,0,0,-16.136
2024-02-22 19:00,0,0,0,-16.539
2024-02-22 20:00,0,0,0,-16.869
2024-02-22 21:00,0,0,0,-17.113
2024-02-22 22:00,0,0.002,0.003,-17.246
2024-02-22 23:00,0.148,0.089,0.070,-15.577
2024-02-23 00:00,0.352,0.211,0.145,-13.054
2024-02-23 01:00,0.447,0.245,0.213,-10.398
2024-02-23 02:00,0.416,0.161,0.270,-8.071
2024-02-23 03:00,0.415,0.139,0.293,-6.570
2024-02-23 04:00,0.372,0.102,0.286,-5.821
2024-02-23 05:00,0.260,0.044,0.231,-5.585
2024-02-23 06:00,0.176,0.023,0.170,-5.579
2024-02-23 07:00,0.129,0.020,0.127,-5.666
2024-02-23 08:00,0.053,0.010,0.062,-6.224
2024-02-23 09:00,0,0.001,0.005,-8.109
2024-02-23 10:00,0,0,0,-9.295
2024-02-23 11:00,0,0,0,-9.931
2024-02-23 12:00,0,0,0,-10.441
2024-02-23 13:00,0,0,0,-11.049
2024-02-23 14:00,0,0,0,-11.397
2024-02-23 15:00,0,0,0,-11.580
2024-02-23 16:00,0,0,0,-11.952
2024-02-23 17:00,0,0,0,-12.715
2024-02-23 18:00,0,0,0,-13.196
2024-02-23 19:00,0,0,0,-13.429
2024-02-23 20:00,0,0,0,-13.595
2024-02-23 21:00,0,0,0,-13.365
2024-02-23 22:00,0,0.001,0.003,-13.052
2024-02-23 23:00,0.039,0.008,0.049,-11.941
2024-02-24 00:00,0.116,0.016,0.116,-9.817
2024-02-24 01:00,0.192,0.027,0.178,-8.156
2024-02-24 02:00,0.248,0.037,0.226,-6.290
2024-02-24 03:00,0.305,0.055,0.266,-4.917
2024-02-24 04:00,0.302,0.053,0.266,-3.846
2024-02-24 05:00,0.242,0.034,0.226,-3.326
2024-02-24 06:00,0.174,0.020,0.172,-3.084
2024-02-24 07:00,0.106,0.012,0.114,-3.189
2024-02-24 08:00,0.037,0.005,0.051,-4.188
2024-02-24 09:00,0,0,0.004,-5.775
2024-02-24 10:00,0,0,0,-6.178
2024-02-24 11:00,0,0,0,-6.416
2024-02-24 12:00,0,0,0,-7.380
2024-02-24 13:00,0,0,0,-8.473
2024-02-24 14:00,0,0,0,-9.371
2024-02-24 15:00,0,0,0,-10.332
2024-02-24 16:00,0,0,0,-11.217
2024-02-24 17:00,0,0,0,-11.938
2024-02-24 18:00,0,0,0,-12.577
2024-02-24 19:00,0,0,0,-13.094
2024-02-24 20:00,0,0,0,-13.442
2024-02-24 21:00,0,0,0,-13.666
2024-02-24 22:00,0,0.003,0.005,-13.779
2024-02-24 23:00,0.153,0.087,0.079,-12.193
2024-02-25 00:00,0.400,0.296,0.114,-9.901
2024-02-25 01:00,0.601,0.496,0.138,-7.941
2024-02-25 02:00,0.728,0.641,0.153,-6.041
2024-02-25 03:00,0.817,0.769,0.148,-4.561
2024-02-25 04:00,0.831,0.798,0.143,-3.577
2024-02-25 05:00,0.771,0.727,0.136,-2.976
2024-02-25 06:00,0.659,0.602,0.119,-2.778
2024-02-25 07:00,0.476,0.410,0.096,-3.078
2024-02-25 08:00,0.211,0.162,0.066,-4.061
2024-02-25 09:00,0.003,0.011,0.008,-6.764
2024-02-25 10:00,0,0,0,-8.375
2024-02-25 11:00,0,0,0,-9.142
2024-02-25 12:00,0,0,0,-9.885
2024-02-25 13:00,0,0,0,-10.884
2024-02-25 14:00,0,0,0,-12.010
2024-02-25 15:00,0,0,0,-12.991
2024-02-25 16:00,0,0,0,-13.866
2024-02-25 17:00,0,0,0,-14.492
2024-02-25 18:00,0,0,0,-14.986
2024-02-25 19:00,0,0,0,-15.414
2024-02-25 20:00,0,0,0,-15.806
2024-02-25 21:00,0,0,0,-16.102
2024-02-25 22:00,0,0.007,0.005,-16.218
2024-02-25 23:00,0.244,0.193,0.057,-14.029
2024-02-26 00:00,0.511,0.438,0.087,-10.910
2024-02-26 01:00,0.710,0.657,0.105,-8.296
2024-02-26 02:00,0.834,0.815,0.117,-6.304
2024-02-26 03:00,0.892,0.896,0.123,-4.802
2024-02-26 04:00,0.887,0.895,0.125,-3.455
2024-02-26 05:00,0.820,0.811,0.121,-2.358
2024-02-26 06:00,0.688,0.650,0.112,-1.601
2024-02-26 07:00,0.485,0.424,0.097,-1.454
2024-02-26 08:00,0.214,0.164,0.069,-2.291
2024-02-26 09:00,0.004,0.011,0.008,-5.524
2024-02-26 10:00,0,0,0,-6.873
2024-02-26 11:00,0,0,0,-7.562
2024-02-26 12:00,0,0,0,-8.265
2024-02-26 13:00,0,0,0,-8.554
2024-02-26 14:00,0,0,0,-8.354
2024-02-26 15:00,0,0,0,-8.132
2024-02-26 16:00,0,0,0,-8.049
2024-02-26 17:00,0,0,0,-7.977
2024-02-26 18:00,0,0,0,-7.888
2024-02-26 19:00,0,0,0,-7.803
2024-02-26 20:00,0,0,0,-7.728
2024-02-26 21:00,0,0,0,-7.584
2024-02-26 22:00,0,0,0.001,-7.388
2024-02-26 23:00,0.006,0.001,0.021,-6.942
2024-02-27 00:00,0.053,0.003,0.069,-5.972
2024-02-27 01:00,0.188,0.024,0.182,-3.910
2024-02-27 02:00,0.308,0.064,0.266,-1.355
2024-02-27 03:00,0.317,0.059,0.282,0.208
2024-02-27 04:00,0.213,0.020,0.215,0.509
2024-02-27 05:00,0.191,0.017,0.195,0.643
2024-02-27 06:00,0.170,0.017,0.174,0.739
2024-02-27 07:00,0.109,0.011,0.119,0.450
2024-02-27 08:00,0.032,0.003,0.049,-0.593
2024-02-27 09:00,0,0,0.004,-1.934
2024-02-27 10:00,0,0,0,-2.858
2024-02-27 11:00,0,0,0,-3.604
2024-02-27 12:00,0,0,0,-4.190
2024-02-27 13:00,0,0,0,-4.654
2024-02-27 14:00,0,0,0,-5.556
2024-02-27 15:00,0,0,0,-6.626
2024-02-27 16:00,0,0,0,-7.722
2024-02-27 17:00,0,0,0,-8.755
2024-02-27 18:00,0,0,0,-9.530
2024-02-27 19:00,0,0,0,-10.083
2024-02-27 20:00,0,0,0,-10.584
2024-02-27 21:00,0,0,0,-11.023
2024-02-27 22:00,0,0.001,0.005,-11.417
2024-02-27 23:00,0.098,0.032,0.082,-11.102
2024-02-28 00:00,0.424,0.323,0.113,-9.876
2024-02-28 01:00,0.676,0.606,0.116,-8.205
2024-02-28 02:00,0.813,0.779,0.123,-6.377
2024-02-28 03:00,0.852,0.824,0.139,-4.826
2024-02-28 04:00,0.828,0.788,0.149,-3.731
2024-02-28 05:00,0.765,0.711,0.144,-2.938
2024-02-28 06:00,0.645,0.575,0.129,-2.589
2024-02-28 07:00,0.448,0.365,0.111,-2.800
2024-02-28 08:00,0.189,0.129,0.078,-3.848
2024-02-28 09:00,0.005,0.011,0.010,-6.472
2024-02-28 10:00,0,0,0,-8.306
2024-02-28 11:00,0,0,0,-9.214
2024-02-28 12:00,0,0,0,-9.524
2024-02-28 13:00,0,0,0,-9.693
2024-02-28 14:00,0,0,0,-10.873
2024-02-28 15:00,0,0,0,-12.288
2024-02-28 16:00,0,0,0,-13.066
2024-02-28 17:00,0,0,0,-13.608
2024-02-28 18:00,0,0,0,-14.088
2024-02-28 19:00,0,0,0,-14.497
2024-02-28 20:00,0,0,0,-14.959
2024-02-28 21:00,0,0,0,-15.571
2024-02-28 22:00,0.004,0.012,0.006,-16.099
2024-02-28 23:00,0.271,0.220,0.056,-14.506
2024-02-29 00:00,0.546,0.484,0.076,-12.109
2024-02-29 01:00,0.743,0.704,0.092,-10.107
2024-02-29 02:00,0.861,0.850,0.105,-8.489
2024-02-29 03:00,0.888,0.874,0.124,-7.467
2024-02-29 04:00,0.877,0.856,0.130,-7.077
2024-02-29 05:00,0.794,0.739,0.134,-7.252
2024-02-29 06:00,0.685,0.616,0.117,-7.849
2024-02-29 07:00,0.515,0.443,0.092,-8.861
2024-02-29 08:00,0.262,0.209,0.063,-10.324
2024-02-29 09:00,0.017,0.024,0.010,-12.141
2024-02-29 10:00,0,0,0,-13.542
2024-02-29 11:00,0,0,0,-14.429
2024-02-29 12:00,0,0,0,-15.093
2024-02-29 13:00,0,0,0,-15.611
2024-02-29 14:00,0,0,0,-16.167
2024-02-29 15:00,0,0,0,-16.685
2024-02-29 16:00,0,0,0,-17.208
2024-02-29 17:00,0,0,0,-17.681
2024-02-29 18:00,0,0,0,-18.169
2024-02-29 19:00,0,0,0,-18.641
2024-02-29 20:00,0,0,0,-19.016
2024-02-29 21:00,0,0,0,-19.216
2024-02-29 22:00,0.005,0.013,0.007,-19.244
2024-02-29 23:00,0.271,0.216,0.057,-17.072
2024-03-01 00:00,0.537,0.460,0.087,-13.674
2024-03-01 01:00,0.735,0.678,0.104,-10.987
2024-03-01 02:00,0.829,0.783,0.127,-8.905
2024-03-01 03:00,0.873,0.840,0.140,-7.003
2024-03-01 04:00,0.818,0.750,0.164,-5.344
2024-03-01 05:00,0.709,0.601,0.178,-3.916
2024-03-01 06:00,0.544,0.407,0.177,-3.048
2024-03-01 07:00,0.323,0.189,0.154,-2.922
2024-03-01 08:00,0.123,0.054,0.088,-3.506
2024-03-01 09:00,0.002,0.006,0.011,-5.533
2024-03-01 10:00,0,0,0,-6.811
2024-03-01 11:00,0,0,0,-7.236
2024-03-01 12:00,0,0,0,-7.580
2024-03-01 13:00,0,0,0,-7.867
2024-03-01 14:00,0,0,0,-8.199
2024-03-01 15:00,0,0,0,-8.614
2024-03-01 16:00,0,0,0,-9.368
2024-03-01 17:00,0,0,0,-10.596
2024-03-01 18:00,0,0,0,-11.805
2024-03-01 19:00,0,0,0,-12.731
2024-03-01 20:00,0,0,0,-13.491
2024-03-01 21:00,0,0,0,-14.113
2024-03-01 22:00,0.005,0.012,0.008,-14.422
2024-03-01 23:00,0.254,0.197,0.064,-12.131
2024-03-02 00:00,0.512,0.437,0.094,-9.129
2024-03-02 01:00,0.683,0.616,0.120,-6.655
2024-03-02 02:00,0.822,0.796,0.127,-4.716
2024-03-02 03:00,0.890,0.898,0.129,-3.047
2024-03-02 04:00,0.884,0.894,0.131,-1.737
2024-03-02 05:00,0.796,0.771,0.137,-0.791
2024-03-02 06:00,0.552,0.425,0.175,-0.377
2024-03-02 07:00,0.273,0.131,0.164,-0.538
2024-03-02 08:00,0.071,0.017,0.075,-1.251
2024-03-02 09:00,0,0.002,0.009,-2.805
2024-03-02 10:00,0,0,0,-3.865
2024-03-02 11:00,0,0,0,-4.416
2024-03-02 12:00,0,0,0,-5.032
2024-03-02 13:00,0,0,0,-5.969
2024-03-02 14:00,0,0,0,-7.456
2024-03-02 15:00,0,0,0,-8.869
2024-03-02 16:00,0,0,0,-9.987
2024-03-02 17:00,0,0,0,-10.875
2024-03-02 18:00,0,0,0,-11.641
2024-03-02 19:00,0,0,0,-12.337
2024-03-02 20:00,0,0,0,-13.007
2024-03-02 21:00,0,0,0,-13.541
2024-03-02 22:00,0.008,0.015,0.009,-13.755
2024-03-02 23:00,0.266,0.212,0.063,-11.297
2024-03-03 00:00,0.532,0.473,0.083,-8.082
2024-03-03 01:00,0.722,0.691,0.099,-5.056
2024-03-03 02:00,0.842,0.848,0.111,-3.274
2024-03-03 03:00,0.900,0.934,0.116,-2.088
2024-03-03 04:00,0.899,0.933,0.118,-1.188
2024-03-03 05:00,0.836,0.850,0.114,-0.485
2024-03-03 06:00,0.709,0.689,0.106,-0.033
2024-03-03 07:00,0.502,0.446,0.097,-0.061
2024-03-03 08:00,0.231,0.176,0.076,-0.847
2024-03-03 09:00,0.014,0.018,0.014,-3.550
2024-03-03 10:00,0,0,0,-4.814
2024-03-03 11:00,0,0,0,-5.163
2024-03-03 12:00,0,0,0,-5.602
2024-03-03 13:00,0,0,0,-6.517
2024-03-03 14:00,0,0,0,-7.578
2024-03-03 15:00,0,0,0,-8.361
2024-03-03 16:00,0,0,0,-9.029
2024-03-03 17:00,0,0,0,-9.492
2024-03-03 18:00,0,0,0,-9.825
2024-03-03 19:00,0,0,0,-10.020
2024-03-03 20:00,0,0,0,-10.363
2024-03-03 21:00,0,0,0,-10.816
2024-03-03 22:00,0.001,0.006,0.010,-10.929
2024-03-03 23:00,0.159,0.092,0.081,-8.698
2024-03-04 00:00,0.273,0.111,0.176,-6.047
2024-03-04 01:00,0.347,0.125,0.242,-3.635
2024-03-04 02:00,0.431,0.168,0.291,-2.053
2024-03-04 03:00,0.481,0.200,0.317,-0.988
2024-03-04 04:00,0.453,0.168,0.319,-0.400
2024-03-04 05:00,0.368,0.106,0.288,-0.306
2024-03-04 06:00,0.274,0.063,0.232,-0.513
2024-03-04 07:00,0.233,0.071,0.182,-0.886
2024-03-04 08:00,0.085,0.017,0.088,-1.824
2024-03-04 09:00,0,0.002,0.012,-3.330
2024-03-04 10:00,0,0,0,-4.373
2024-03-04 11:00,0,0,0,-4.848
2024-03-04 12:00,0,0,0,-5.367
2024-03-04 13:00,0,0,0,-5.680
2024-03-04 14:00,0,0,0,-5.897
2024-03-04 15:00,0,0,0,-6.075
2024-03-04 16:00,0,0,0,-6.224
2024-03-04 17:00,0,0,0,-6.309
2024-03-04 18:00,0,0,0,-6.513
2024-03-04 19:00,0,0,0,-6.734
2024-03-04 20:00,0,0,0,-6.974
2024-03-04 21:00,0,0,0,-7.218
2024-03-04 22:00,0,0.001,0.007,-7.316
2024-03-04 23:00,0.049,0.007,0.061,-6.457
2024-03-05 00:00,0.123,0.016,0.125,-5.060
2024-03-05 01:00,0.242,0.047,0.212,-3.324
2024-03-05 02:00,0.349,0.094,0.277,-1.974
2024-03-05 03:00,0.400,0.119,0.308,-1.332
2024-03-05 04:00,0.480,0.198,0.318,-0.903
2024-03-05 05:00,0.454,0.192,0.296,-0.717
2024-03-05 06:00,0.294,0.077,0.239,-1.026
2024-03-05 07:00,0.179,0.036,0.163,-1.592
2024-03-05 08:00,0.099,0.024,0.095,-2.360
2024-03-05 09:00,0.004,0.004,0.015,-3.453
2024-03-05 10:00,0,0,0,-4.651
2024-03-05 11:00,0,0,0,-5.682
2024-03-05 12:00,0,0,0,-6.293
2024-03-05 13:00,0,0,0,-6.769
2024-03-05 14:00,0,0,0,-7.370
2024-03-05 15:00,0,0,0,-8.466
2024-03-05 16:00,0,0,0,-9.482
2024-03-05 17:00,0,0,0,-10.396
2024-03-05 18:00,0,0,0,-11.278
2024-03-05 19:00,0,0,0,-11.962
2024-03-05 20:00,0,0,0,-12.518
2024-03-05 21:00,0,0,0,-12.958
2024-03-05 22:00,0.011,0.014,0.013,-12.987
2024-03-05 23:00,0.250,0.177,0.083,-10.482
2024-03-06 00:00,0.529,0.469,0.086,-7.109
2024-03-06 01:00,0.719,0.689,0.101,-4.266
2024-03-06 02:00,0.840,0.848,0.112,-2.385
2024-03-06 03:00,0.895,0.929,0.119,-0.920
2024-03-06 04:00,0.893,0.932,0.120,0.208
2024-03-06 05:00,0.833,0.853,0.115,0.934
2024-03-06 06:00,0.708,0.692,0.107,1.240
2024-03-06 07:00,0.520,0.475,0.093,1.088
2024-03-06 08:00,0.267,0.219,0.071,0.221
2024-03-06 09:00,0.032,0.036,0.015,-2.084
2024-03-06 10:00,0,0,0,-2.629
2024-03-06 11:00,0,0,0,-3.192
2024-03-06 12:00,0,0,0,-4.574
2024-03-06 13:00,0,0,0,-5.908
2024-03-06 14:00,0,0,0,-6.837
2024-03-06 15:00,0,0,0,-7.493
2024-03-06 16:00,0,0,0,-8.149
2024-03-06 17:00,0,0,0,-8.808
2024-03-06 18:00,0,0,0,-9.187
2024-03-06 19:00,0,0,0,-9.384
2024-03-06 20:00,0,0,0,-9.689
2024-03-06 21:00,0,0,0,-10.086
2024-03-06 22:00,0.008,0.012,0.012,-10.128
2024-03-06 23:00,0.218,0.155,0.077,-7.446
2024-03-07 00:00,0.481,0.392,0.117,-4.433
2024-03-07 01:00,0.656,0.579,0.143,-1.568
2024-03-07 02:00,0.691,0.571,0.200,-0.487
2024-03-07 03:00,0.612,0.401,0.272,-0.167
2024-03-07 04:00,0.517,0.260,0.300,-0.273
2024-03-07 05:00,0.405,0.152,0.282,-0.581
2024-03-07 06:00,0.341,0.124,0.240,-0.915
2024-03-07 07:00,0.272,0.112,0.180,-1.400
2024-03-07 08:00,0.141,0.056,0.104,-2.389
2024-03-07 09:00,0.012,0.008,0.021,-3.737
2024-03-07 10:00,0,0,0,-4.963
2024-03-07 11:00,0,0,0,-5.939
2024-03-07 12:00,0,0,0,-6.795
2024-03-07 13:00,0,0,0,-7.465
2024-03-07 14:00,0,0,0,-8.201
2024-03-07 15:00,0,0,0,-8.860
2024-03-07 16:00,0,0,0,-9.398
2024-03-07 17:00,0,0,0,-9.944
2024-03-07 18:00,0,0,0,-10.284
2024-03-07 19:00,0,0,0,-10.589
2024-03-07 20:00,0,0,0,-10.957
2024-03-07 21:00,0,0,0,-11.328
2024-03-07 22:00,0.013,0.015,0.014,-11.415
2024-03-07 23:00,0.243,0.172,0.082,-9.468
2024-03-08 00:00,0.507,0.434,0.098,-6.479
2024-03-08 01:00,0.698,0.649,0.115,-4.158
2024-03-08 02:00,0.819,0.803,0.127,-2.513
2024-03-08 03:00,0.878,0.888,0.133,-1.151
2024-03-08 04:00,0.868,0.876,0.137,-0.054
2024-03-08 05:00,0.793,0.773,0.139,0.732
2024-03-08 06:00,0.643,0.574,0.141,1.084
2024-03-08 07:00,0.450,0.361,0.126,1.019
2024-03-08 08:00,0.221,0.152,0.090,0.299
2024-03-08 09:00,0.022,0.017,0.023,-2.237
2024-03-08 10:00,0,0,0,-3.853
2024-03-08 11:00,0,0,0,-4.411
2024-03-08 12:00,0,0,0,-5.140
2024-03-08 13:00,0,0,0,-6.173
2024-03-08 14:00,0,0,0,-6.998
2024-03-08 15:00,0,0,0,-7.586
2024-03-08 16:00,0,0,0,-8.023
2024-03-08 17:00,0,0,0,-8.359
2024-03-08 18:00,0,0,0,-8.660
2024-03-08 19:00,0,0,0,-8.957
2024-03-08 20:00,0,0,0,-9.261
2024-03-08 21:00,0,0,0,-9.559
2024-03-08 22:00,0.017,0.021,0.014,-9.461
2024-03-08 23:00,0.255,0.197,0.072,-6.000
2024-03-09 00:00,0.507,0.446,0.096,-2.687
2024-03-09 01:00,0.692,0.665,0.112,0.898
2024-03-09 02:00,0.802,0.820,0.123,4.454
2024-03-09 03:00,0.860,0.917,0.126,6.656
2024-03-09 04:00,0.856,0.917,0.128,7.874
2024-03-09 05:00,0.797,0.835,0.124,8.580
2024-03-09 06:00,0.672,0.665,0.119,8.644
2024-03-09 07:00,0.492,0.448,0.105,7.917
2024-03-09 08:00,0.254,0.201,0.081,4.911
2024-03-09 09:00,0.027,0.022,0.025,0.740
2024-03-09 10:00,0,0,0,-1.189
2024-03-09 11:00,0,0,0,-1.663
2024-03-09 12:00,0,0,0,-1.652
2024-03-09 13:00,0,0,0,-1.781
2024-03-09 14:00,0,0,0,-2.175
2024-03-09 15:00,0,0,0,-2.769
2024-03-09 16:00,0,0,0,-2.914
2024-03-09 17:00,0,0,0,-3.145
2024-03-09 18:00,0,0,0,-3.470
2024-03-09 19:00,0,0,0,-3.943
2024-03-09 20:00,0,0,0,-4.506
2024-03-09 21:00,0,0,0,-4.906
2024-03-09 22:00,0.012,0.013,0.016,-4.835
2024-03-09 23:00,0.168,0.095,0.092,-1.798
2024-03-10 00:00,0.322,0.175,0.173,1.059
2024-03-10 01:00,0.441,0.253,0.231,3.939
2024-03-10 02:00,0.579,0.408,0.250,7.330
2024-03-10 03:00,0.706,0.605,0.228,9.213
2024-03-10 04:00,0.747,0.690,0.206,10.393
2024-03-10 05:00,0.660,0.562,0.216,10.946
2024-03-10 06:00,0.463,0.295,0.232,10.719
2024-03-10 07:00,0.249,0.094,0.188,8.919
2024-03-10 08:00,0.083,0.016,0.090,5.916
2024-03-10 09:00,0.003,0.002,0.017,3.268
2024-03-10 10:00,0,0,0,1.117
2024-03-10 11:00,0,0,0,0.199
2024-03-10 12:00,0,0,0,-0.729
2024-03-10 13:00,0,0,0,-1.341
2024-03-10 14:00,0,0,0,-1.479
2024-03-10 15:00,0,0,0,-1.624
2024-03-10 16:00,0,0,0,-1.920
2024-03-10 17:00,0,0,0,-2.266
2024-03-10 18:00,0,0,0,-2.523
2024-03-10 19:00,0,0,0,-2.826
2024-03-10 20:00,0,0,0,-3.242
2024-03-10 21:00,0,0,0,-3.514
2024-03-10 22:00,0.010,0.009,0.018,-3.425
2024-03-10 23:00,0.168,0.084,0.103,-2.376
2024-03-11 00:00,0.368,0.241,0.153,-0.890
2024-03-11 01:00,0.485,0.320,0.206,0.802
2024-03-11 02:00,0.582,0.407,0.237,2.354
2024-03-11 03:00,0.704,0.583,0.221,3.497
2024-03-11 04:00,0.784,0.736,0.181,4.209
2024-03-11 05:00,0.785,0.774,0.146,4.506
2024-03-11 06:00,0.674,0.635,0.133,4.298
2024-03-11 07:00,0.497,0.431,0.116,3.634
2024-03-11 08:00,0.261,0.199,0.087,2.352
2024-03-11 09:00,0.034,0.025,0.029,-1.398
2024-03-11 10:00,0,0,0,-3.154
2024-03-11 11:00,0,0,0,-3.203
2024-03-11 12:00,0,0,0,-3.357
2024-03-11 13:00,0,0,0,-3.427
2024-03-11 14:00,0,0,0,-3.353
2024-03-11 15:00,0,0,0,-3.305
2024-03-11 16:00,0,0,0,-3.385
2024-03-11 17:00,0,0,0,-3.508
2024-03-11 18:00,0,0,0,-3.656
2024-03-11 19:00,0,0,0,-3.839
2024-03-11 20:00,0,0,0,-4.016
2024-03-11 21:00,0,0,0,-4.134
2024-03-11 22:00,0.023,0.024,0.017,-3.859
2024-03-11 23:00,0.257,0.198,0.078,-1.888
2024-03-12 00:00,0.505,0.451,0.100,1.391
2024-03-12 01:00,0.688,0.672,0.114,4.207
2024-03-12 02:00,0.808,0.837,0.124,5.874
2024-03-12 03:00,0.868,0.933,0.127,7.272
2024-03-12 04:00,0.868,0.939,0.127,8.439
2024-03-12 05:00,0.811,0.862,0.122,9.261
2024-03-12 06:00,0.686,0.690,0.117,9.577
2024-03-12 07:00,0.480,0.426,0.116,9.191
2024-03-12 08:00,0.142,0.059,0.108,5.699
2024-03-12 09:00,0.008,0.004,0.022,2.437
2024-03-12 10:00,0,0,0,1.024
2024-03-12 11:00,0,0,0,0.426
2024-03-12 12:00,0,0,0,-0.007
2024-03-12 13:00,0,0,0,-0.264
2024-03-12 14:00,0,0,0,-0.529
2024-03-12 15:00,0,0,0,-0.864
2024-03-12 16:00,0,0,0,-1.329
2024-03-12 17:00,0,0,0,-1.760
2024-03-12 18:00,0,0,0,-2.021
2024-03-12 19:00,0,0,0,-2.418
2024-03-12 20:00,0,0,0,-2.710
2024-03-12 21:00,0,0,0,-2.906
2024-03-12 22:00,0.025,0.027,0.018,-2.421
2024-03-12 23:00,0.260,0.206,0.077,0.379
2024-03-13 00:00,0.504,0.461,0.095,3.730
2024-03-13 01:00,0.685,0.681,0.109,6.148
2024-03-13 02:00,0.801,0.840,0.119,7.586
2024-03-13 03:00,0.859,0.931,0.124,8.660
2024-03-13 04:00,0.859,0.934,0.125,9.404
2024-03-13 05:00,0.804,0.857,0.120,9.823
2024-03-13 06:00,0.688,0.699,0.113,9.822
2024-03-13 07:00,0.515,0.488,0.098,9.351
2024-03-13 08:00,0.284,0.241,0.077,7.459
2024-03-13 09:00,0.045,0.036,0.030,2.631
2024-03-13 10:00,0,0,0,1.713
2024-03-13 11:00,0,0,0,2.351
2024-03-13 12:00,0,0,0,2.424
2024-03-13 13:00,0,0,0,1.295
2024-03-13 14:00,0,0,0,-0.198
2024-03-13 15:00,0,0,0,-1.242
2024-03-13 16:00,0,0,0,-1.831
2024-03-13 17:00,0,0,0,-2.102
2024-03-13 18:00,0,0,0,-2.269
2024-03-13 19:00,0,0,0,-2.400
2024-03-13 20:00,0,0,0,-2.526
2024-03-13 21:00,0,0,0,-2.629
2024-03-13 22:00,0.029,0.031,0.018,-2.012
2024-03-13 23:00,0.269,0.220,0.072,1.573
2024-03-14 00:00,0.507,0.465,0.097,4.706
2024-03-14 01:00,0.675,0.676,0.115,8.962
2024-03-14 02:00,0.774,0.820,0.129,12.511
2024-03-14 03:00,0.820,0.895,0.137,14.559
2024-03-14 04:00,0.813,0.887,0.141,15.788
2024-03-14 05:00,0.753,0.801,0.139,16.554
2024-03-14 06:00,0.635,0.637,0.133,16.800
2024-03-14 07:00,0.458,0.414,0.121,16.392
2024-03-14 08:00,0.232,0.172,0.097,13.658
2024-03-14 09:00,0.029,0.018,0.033,8.383
2024-03-14 10:00,0,0,0,6.141
2024-03-14 11:00,0,0,0,5.591
2024-03-14 12:00,0,0,0,5.107
2024-03-14 13:00,0,0,0,4.209
2024-03-14 14:00,0,0,0,3.021
2024-03-14 15:00,0,0,0,1.650
2024-03-14 16:00,0,0,0,0.198
2024-03-14 17:00,0,0,0,-1.080
2024-03-14 18:00,0,0,0,-1.786
2024-03-14 19:00,0,0,0,-2.074
2024-03-14 20:00,0,0,0,-2.213
2024-03-14 21:00,0,0,0,-2.321
2024-03-14 22:00,0.024,0.021,0.021,-1.707
2024-03-14 23:00,0.234,0.170,0.088,1.915
2024-03-15 00:00,0.459,0.379,0.128,4.716
2024-03-15 01:00,0.640,0.591,0.145,7.131
2024-03-15 02:00,0.757,0.748,0.156,9.122
2024-03-15 03:00,0.820,0.848,0.158,10.612
2024-03-15 04:00,0.818,0.851,0.159,11.706
2024-03-15 05:00,0.760,0.772,0.155,12.500
2024-03-15 06:00,0.634,0.600,0.151,12.861
2024-03-15 07:00,0.454,0.382,0.138,12.656
2024-03-15 08:00,0.224,0.149,0.109,11.355
2024-03-15 09:00,0.029,0.015,0.035,6.967
2024-03-15 10:00,0,0,0,4.419
2024-03-15 11:00,0,0,0,3.554
2024-03-15 12:00,0,0,0,2.747
2024-03-15 13:00,0,0,0,1.917
2024-03-15 14:00,0,0,0,1.284
2024-03-15 15:00,0,0,0,0.765
2024-03-15 16:00,0,0,0,0.381
2024-03-15 17:00,0,0,0,0.615
2024-03-15 18:00,0,0,0,0.685
2024-03-15 19:00,0,0,0,0.429
2024-03-15 20:00,0,0,0,0.468
2024-03-15 21:00,0,0,0,0.657
2024-03-15 22:00,0,0.001,0.012,1.225
2024-03-15 23:00,0.034,0.003,0.051,2.390
2024-03-16 00:00,0.082,0.006,0.099,3.997
2024-03-16 01:00,0.158,0.016,0.167,6.149
2024-03-16 02:00,0.260,0.043,0.251,8.928
2024-03-16 03:00,0.371,0.104,0.316,11.174
2024-03-16 04:00,0.547,0.316,0.319,12.253
2024-03-16 05:00,0.619,0.471,0.256,12.086
2024-03-16 06:00,0.448,0.249,0.257,10.212
2024-03-16 07:00,0.332,0.170,0.201,8.464
2024-03-16 08:00,0.269,0.193,0.106,6.720
2024-03-16 09:00,0.046,0.026,0.041,3.724
2024-03-16 10:00,0,0,0,1.379
2024-03-16 11:00,0,0,0,0.076
2024-03-16 12:00,0,0,0,-0.863
2024-03-16 13:00,0,0,0,-1.558
2024-03-16 14:00,0,0,0,-2.137
2024-03-16 15:00,0,0,0,-2.713
2024-03-16 16:00,0,0,0,-3.279
2024-03-16 17:00,0,0,0,-3.795
2024-03-16 18:00,0,0,0,-4.400
2024-03-16 19:00,0,0,0,-4.911
2024-03-16 20:00,0,0,0,-5.322
2024-03-16 21:00,0,0,0,-5.715
2024-03-16 22:00,0.040,0.035,0.024,-5.125
2024-03-16 23:00,0.277,0.204,0.092,-2.574
2024-03-17 00:00,0.516,0.444,0.115,0.006
2024-03-17 01:00,0.689,0.642,0.137,2.196
2024-03-17 02:00,0.798,0.783,0.153,3.906
2024-03-17 03:00,0.855,0.866,0.159,5.041
2024-03-17 04:00,0.851,0.862,0.163,5.867
2024-03-17 05:00,0.741,0.682,0.187,6.530
2024-03-17 06:00,0.508,0.340,0.230,6.861
2024-03-17 07:00,0.326,0.166,0.196,6.969
2024-03-17 08:00,0.106,0.023,0.108,6.138
2024-03-17 09:00,0.002,0.001,0.017,3.616
2024-03-17 10:00,0,0,0,2.463
2024-03-17 11:00,0,0,0,2.238
2024-03-17 12:00,0,0,0,1.755
2024-03-17 13:00,0,0,0,1.361
2024-03-17 14:00,0,0,0,1.069
2024-03-17 15:00,0,0,0,0.197
2024-03-17 16:00,0,0,0,-1.646
2024-03-17 17:00,0,0,0,-2.772
2024-03-17 18:00,0,0,0,-3.215
2024-03-17 19:00,0,0,0,-3.635
2024-03-17 20:00,0,0,0,-4.030
2024-03-17 21:00,0,0,0,-4.287
2024-03-17 22:00,0.041,0.036,0.024,-3.539
2024-03-17 23:00,0.279,0.213,0.087,-1.238
2024-03-18 00:00,0.517,0.445,0.118,0.663
2024-03-18 01:00,0.696,0.652,0.138,2.642
2024-03-18 02:00,0.801,0.787,0.156,4.498
2024-03-18 03:00,0.818,0.790,0.185,5.865
2024-03-18 04:00,0.728,0.613,0.238,6.753
2024-03-18 05:00,0.568,0.364,0.280,7.107
2024-03-18 06:00,0.399,0.179,0.264,7.013
2024-03-18 07:00,0.216,0.054,0.190,6.462
2024-03-18 08:00,0.086,0.013,0.097,5.469
2024-03-18 09:00,0.010,0.002,0.026,3.228
2024-03-18 10:00,0,0,0,1.467
2024-03-18 11:00,0,0,0,1.029
2024-03-18 12:00,0,0,0,0.660
2024-03-18 13:00,0,0,0,-0.315
2024-03-18 14:00,0,0,0,-0.736
2024-03-18 15:00,0,0,0,-1.523
2024-03-18 16:00,0,0,0,-2.826
2024-03-18 17:00,0,0,0,-3.811
2024-03-18 18:00,0,0,0,-4.488
2024-03-18 19:00,0,0,0,-5.012
2024-03-18 20:00,0,0,0,-5.434
2024-03-18 21:00,0,0,0,-5.690
2024-03-18 22:00,0.045,0.039,0.025,-4.851
2024-03-18 23:00,0.288,0.220,0.088,-2.208
2024-03-19 00:00,0.522,0.445,0.122,0.236
2024-03-19 01:00,0.595,0.458,0.199,1.303
2024-03-19 02:00,0.523,0.272,0.300,1.583
2024-03-19 03:00,0.472,0.180,0.333,1.739
2024-03-19 04:00,0.470,0.177,0.335,2.021
2024-03-19 05:00,0.420,0.144,0.312,2.155
2024-03-19 06:00,0.332,0.095,0.264,1.826
2024-03-19 07:00,0.257,0.076,0.204,1.115
2024-03-19 08:00,0.158,0.049,0.130,0.115
2024-03-19 09:00,0.041,0.016,0.045,-1.191
2024-03-19 10:00,0,0,0,-2.625
2024-03-19 11:00,0,0,0,-3.128
2024-03-19 12:00,0,0,0,-3.316
2024-03-19 13:00,0,0,0,-3.480
2024-03-19 14:00,0,0,0,-3.765
2024-03-19 15:00,0,0,0,-4.195
2024-03-19 16:00,0,0,0,-4.749
2024-03-19 17:00,0,0,0,-5.373
2024-03-19 18:00,0,0,0,-5.842
2024-03-19 19:00,0,0,0,-6.095
2024-03-19 20:00,0,0,0,-6.219
2024-03-19 21:00,0,0,0,-6.269
2024-03-19 22:00,0.049,0.041,0.027,-5.538
2024-03-19 23:00,0.291,0.218,0.092,-2.836
2024-03-20 00:00,0.534,0.477,0.104,0.081
2024-03-20 01:00,0.709,0.685,0.122,2.411
2024-03-20 02:00,0.818,0.833,0.135,4.521
2024-03-20 03:00,0.868,0.911,0.143,6.437
2024-03-20 04:00,0.846,0.876,0.154,7.986
2024-03-20 05:00,0.761,0.746,0.164,8.966
2024-03-20 06:00,0.604,0.520,0.177,9.265
2024-03-20 07:00,0.419,0.307,0.164,8.965
2024-03-20 08:00,0.220,0.129,0.120,7.990
2024-03-20 09:00,0.049,0.025,0.046,4.133
2024-03-20 10:00,0,0,0,1.075
2024-03-20 11:00,0,0,0,0.608
2024-03-20 12:00,0,0,0,0.225
2024-03-20 13:00,0,0,0,-0.300
2024-03-20 14:00,0,0,0,-0.846
2024-03-20 15:00,0,0,0,-1.266
2024-03-20 16:00,0,0,0,-1.494
2024-03-20 17:00,0,0,0,-1.576
2024-03-20 18:00,0,0,0,-1.490
2024-03-20 19:00,0,0,0,-1.321
2024-03-20 20:00,0,0,0,-1.316
2024-03-20 21:00,0,0,0,-1.524
2024-03-20 22:00,0.044,0.037,0.028,-1.081
2024-03-20 23:00,0.265,0.198,0.092,2.380
2024-03-21 00:00,0.483,0.397,0.139,5.444
2024-03-21 01:00,0.650,0.591,0.162,8.494
2024-03-21 02:00,0.745,0.707,0.186,10.222
2024-03-21 03:00,0.775,0.735,0.209,11.630
2024-03-21 04:00,0.722,0.630,0.243,12.621
2024-03-21 05:00,0.653,0.533,0.244,13.142
2024-03-21 06:00,0.514,0.354,0.241,12.985
2024-03-21 07:00,0.258,0.085,0.210,11.858
2024-03-21 08:00,0.084,0.011,0.099,10.030
2024-03-21 09:00,0.008,0.001,0.024,7.700
2024-03-21 10:00,0,0,0,5.187
2024-03-21 11:00,0,0,0,3.007
2024-03-21 12:00,0,0,0,1.591
2024-03-21 13:00,0,0,0,0.810
2024-03-21 14:00,0,0,0,0.427
2024-03-21 15:00,0,0,0,0.151
2024-03-21 16:00,0,0,0,-0.191
2024-03-21 17:00,0,0,0,-0.575
2024-03-21 18:00,0,0,0,-0.942
2024-03-21 19:00,0,0,0,-1.524
2024-03-21 20:00,0,0,0,-2.524
2024-03-21 21:00,0,0,0,-2.681
2024-03-21 22:00,0.033,0.019,0.034,-1.587
2024-03-21 23:00,0.241,0.150,0.115,1.672
2024-03-22 00:00,0.496,0.433,0.120,6.193
2024-03-22 01:00,0.669,0.652,0.134,10.104
2024-03-22 02:00,0.779,0.808,0.145,11.960
2024-03-22 03:00,0.831,0.885,0.153,12.958
2024-03-22 04:00,0.829,0.882,0.156,13.398
2024-03-22 05:00,0.775,0.802,0.153,13.470
2024-03-22 06:00,0.664,0.649,0.144,13.165
2024-03-22 07:00,0.514,0.473,0.120,12.423
2024-03-22 08:00,0.304,0.252,0.092,11.149
2024-03-22 09:00,0.072,0.049,0.047,8.326
2024-03-22 10:00,0,0,0,3.913
2024-03-22 11:00,0,0,0,2.364
2024-03-22 12:00,0,0,0,0.993
2024-03-22 13:00,0,0,0,-0.236
2024-03-22 14:00,0,0,0,-1.065
2024-03-22 15:00,0,0,0,-1.719
2024-03-22 16:00,0,0,0,-2.191
2024-03-22 17:00,0,0,0,-2.184
2024-03-22 18:00,0,0,0,-2.010
2024-03-22 19:00,0,0,0,-1.735
2024-03-22 20:00,0,0,0,-1.371
2024-03-22 21:00,0,0,0,-1.223
2024-03-22 22:00,0.037,0.023,0.034,0.038
2024-03-22 23:00,0.209,0.118,0.116,4.289
2024-03-23 00:00,0.343,0.173,0.207,6.973
2024-03-23 01:00,0.514,0.342,0.246,10.479
2024-03-23 02:00,0.625,0.474,0.267,13.506
2024-03-23 03:00,0.692,0.573,0.270,15.477
2024-03-23 04:00,0.689,0.571,0.273,16.468
2024-03-23 05:00,0.611,0.457,0.279,16.728
2024-03-23 06:00,0.408,0.188,0.286,16.269
2024-03-23 07:00,0.249,0.073,0.218,15.472
2024-03-23 08:00,0.112,0.020,0.122,13.619
2024-03-23 09:00,0.022,0.004,0.040,10.734
2024-03-23 10:00,0,0,0,8.494
2024-03-23 11:00,0,0,0,7.621
2024-03-23 12:00,0,0,0,6.180
2024-03-23 13:00,0,0,0,3.888
2024-03-23 14:00,0,0,0,1.737
2024-03-23 15:00,0,0,0,0.204
2024-03-23 16:00,0,0,0,-1.130
2024-03-23 17:00,0,0,0,-2.110
2024-03-23 18:00,0,0,0,-2.766
2024-03-23 19:00,0,0,0,-3.142
2024-03-23 20:00,0,0,0,-3.453
2024-03-23 21:00,0,0,0,-3.607
2024-03-23 22:00,0.011,0.002,0.027,-3.431
2024-03-23 23:00,0.083,0.009,0.094,-2.599
2024-03-24 00:00,0.215,0.033,0.202,-1.288
2024-03-24 01:00,0.327,0.067,0.284,0.134
2024-03-24 02:00,0.404,0.096,0.341,1.379
2024-03-24 03:00,0.397,0.078,0.353,2.252
2024-03-24 04:00,0.250,0.019,0.255,2.094
2024-03-24 05:00,0.165,0.008,0.180,1.566
2024-03-24 06:00,0.122,0.005,0.138,1.125
2024-03-24 07:00,0.074,0.003,0.093,0.613
2024-03-24 08:00,0.032,0.001,0.051,0.040
2024-03-24 09:00,0.001,0,0.016,-0.494
2024-03-24 10:00,0,0,0,-1.134
2024-03-24 11:00,0,0,0,-1.451
2024-03-24 12:00,0,0,0,-1.681
2024-03-24 13:00,0,0,0,-1.727
2024-03-24 14:00,0,0,0,-1.627
2024-03-24 15:00,0,0,0,-1.671
2024-03-24 16:00,0,0,0,-1.826
2024-03-24 17:00,0,0,0,-1.923
2024-03-24 18:00,0,0,0,-2.016
2024-03-24 19:00,0,0,0,-2.055
2024-03-24 20:00,0,0,0,-2.010
2024-03-24 21:00,0,0,0,-2.315
2024-03-24 22:00,0.025,0.003,0.041,-1.931
2024-03-24 23:00,0.167,0.043,0.145,-0.219
2024-03-25 00:00,0.339,0.155,0.212,1.688
2024-03-25 01:00,0.488,0.271,0.265,3.226
2024-03-25 02:00,0.534,0.276,0.317,4.347
2024-03-25 03:00,0.608,0.359,0.329,5.451
2024-03-25 04:00,0.479,0.178,0.354,5.867
2024-03-25 05:00,0.446,0.163,0.333,6.194
2024-03-25 06:00,0.362,0.114,0.286,6.166
2024-03-25 07:00,0.261,0.071,0.219,5.786
2024-03-25 08:00,0.143,0.031,0.137,4.986
2024-03-25 09:00,0.038,0.008,0.051,2.869
2024-03-25 10:00,0,0,0.001,-0.333
2024-03-25 11:00,0,0,0,-1.579
2024-03-25 12:00,0,0,0,-2.033
2024-03-25 13:00,0,0,0,-1.856
2024-03-25 14:00,0,0,0,-1.151
2024-03-25 15:00,0,0,0,-0.653
2024-03-25 16:00,0,0,0,-1.052
2024-03-25 17:00,0,0,0,-1.671
2024-03-25 18:00,0,0,0,-2.033
2024-03-25 19:00,0,0,0,-2.267
2024-03-25 20:00,0,0,0,-2.412
2024-03-25 21:00,0,0,0,-2.369
2024-03-25 22:00,0.045,0.015,0.050,-1.257
2024-03-25 23:00,0.247,0.144,0.127,1.789
2024-03-26 00:00,0.478,0.380,0.150,5.411
2024-03-26 01:00,0.599,0.490,0.198,8.587
2024-03-26 02:00,0.577,0.381,0.286,10.332
2024-03-26 03:00,0.718,0.612,0.250,11.863
2024-03-26 04:00,0.815,0.827,0.187,13.245
2024-03-26 05:00,0.736,0.702,0.198,14.041
2024-03-26 06:00,0.566,0.443,0.222,14.095
2024-03-26 07:00,0.321,0.148,0.220,13.378
2024-03-26 08:00,0.146,0.038,0.138,12.264
2024-03-26 09:00,0.039,0.009,0.053,9.794
2024-03-26 10:00,0,0,0.001,7.289
2024-03-26 11:00,0,0,0,6.140
2024-03-26 12:00,0,0,0,5.280
2024-03-26 13:00,0,0,0,4.375
2024-03-26 14:00,0,0,0,3.426
2024-03-26 15:00,0,0,0,2.863
2024-03-26 16:00,0,0,0,2.421
2024-03-26 17:00,0,0,0,2.197
2024-03-26 18:00,0,0,0,2.064
2024-03-26 19:00,0,0,0,1.911
2024-03-26 20:00,0,0,0,1.798
2024-03-26 21:00,0,0,0,2.152
2024-03-26 22:00,0.029,0.006,0.044,2.883
2024-03-26 23:00,0.208,0.101,0.133,5.355
2024-03-27 00:00,0.374,0.208,0.211,8.864
2024-03-27 01:00,0.405,0.172,0.289,12.020
2024-03-27 02:00,0.490,0.237,0.333,14.259
2024-03-27 03:00,0.578,0.345,0.342,15.800
2024-03-27 04:00,0.644,0.467,0.313,16.595
2024-03-27 05:00,0.416,0.142,0.341,15.436
2024-03-27 06:00,0.227,0.030,0.234,13.226
2024-03-27 07:00,0.091,0.005,0.112,11.253
2024-03-27 08:00,0.046,0.003,0.067,10.204
2024-03-27 09:00,0.009,0.001,0.026,9.333
2024-03-27 10:00,0,0,0.001,8.087
2024-03-27 11:00,0,0,0,6.650
2024-03-27 12:00,0,0,0,5.126
2024-03-27 13:00,0,0,0,4.710
2024-03-27 14:00,0,0,0,3.799
2024-03-27 15:00,0,0,0,2.734
2024-03-27 16:00,0,0,0,2.041
2024-03-27 17:00,0,0,0,1.137
2024-03-27 18:00,0,0,0,0.359
2024-03-27 19:00,0,0,0,-0.499
2024-03-27 20:00,0,0,0,-1.350
2024-03-27 21:00,0,0,0,-2.127
2024-03-27 22:00,0.071,0.038,0.054,-1.873
2024-03-27 23:00,0.314,0.231,0.106,-0.186
2024-03-28 00:00,0.552,0.501,0.106,1.720
2024-03-28 01:00,0.724,0.708,0.123,3.594
2024-03-28 02:00,0.835,0.863,0.134,5.181
2024-03-28 03:00,0.890,0.947,0.140,6.240
2024-03-28 04:00,0.899,0.968,0.136,6.769
2024-03-28 05:00,0.850,0.899,0.130,6.906
2024-03-28 06:00,0.740,0.747,0.121,6.733
2024-03-28 07:00,0.558,0.515,0.114,6.134
2024-03-28 08:00,0.276,0.183,0.121,4.949
2024-03-28 09:00,0.033,0.006,0.048,3.518
2024-03-28 10:00,0,0,0.001,2.462
2024-03-28 11:00,0,0,0,1.831
2024-03-28 12:00,0,0,0,1.040
2024-03-28 13:00,0,0,0,0.458
2024-03-28 14:00,0,0,0,0.075
2024-03-28 15:00,0,0,0,-0.168
2024-03-28 16:00,0,0,0,-0.465
2024-03-28 17:00,0,0,0,-1.033
2024-03-28 18:00,0,0,0,-2.161
2024-03-28 19:00,0,0,0,-3.020
2024-03-28 20:00,0,0,0,-3.616
2024-03-28 21:00,0,0,0.001,-4.134
2024-03-28 22:00,0.075,0.049,0.046,-2.894
2024-03-28 23:00,0.328,0.271,0.081,-0.372
2024-03-29 00:00,0.565,0.526,0.096,1.537
2024-03-29 01:00,0.737,0.736,0.111,3.323
2024-03-29 02:00,0.845,0.885,0.124,4.930
2024-03-29 03:00,0.896,0.964,0.130,6.019
2024-03-29 04:00,0.897,0.968,0.132,6.586
2024-03-29 05:00,0.844,0.893,0.127,6.865
2024-03-29 06:00,0.735,0.743,0.118,6.835
2024-03-29 07:00,0.569,0.538,0.104,6.392
2024-03-29 08:00,0.346,0.297,0.084,5.485
2024-03-29 09:00,0.100,0.071,0.052,4.124
2024-03-29 10:00,0,0,0.002,1.476
2024-03-29 11:00,0,0,0,-0.436
2024-03-29 12:00,0,0,0,-1.621
2024-03-29 13:00,0,0,0,-2.476
2024-03-29 14:00,0,0,0,-3.075
2024-03-29 15:00,0,0,0,-3.350
2024-03-29 16:00,0,0,0,-3.459
2024-03-29 17:00,0,0,0,-3.602
2024-03-29 18:00,0,0,0,-3.823
2024-03-29 19:00,0,0,0,-4.038
2024-03-29 20:00,0,0,0,-4.306
2024-03-29 21:00,0,0,0.001,-4.641
2024-03-29 22:00,0.080,0.055,0.044,-3.383
2024-03-29 23:00,0.336,0.284,0.075,-1.090
2024-03-30 00:00,0.569,0.526,0.098,0.611
2024-03-30 01:00,0.744,0.738,0.113,2.215
2024-03-30 02:00,0.855,0.895,0.124,3.893
2024-03-30 03:00,0.900,0.987,0.128,5.373
2024-03-30 04:00,0.900,0.991,0.129,6.505
2024-03-30 05:00,0.854,0.912,0.125,7.266
2024-03-30 06:00,0.743,0.759,0.117,7.515
2024-03-30 07:00,0.574,0.548,0.103,7.273
2024-03-30 08:00,0.348,0.300,0.086,6.458
2024-03-30 09:00,0.102,0.070,0.055,4.151
2024-03-30 10:00,0,0,0.003,-0.533
2024-03-30 11:00,0,0,0,-1.365
2024-03-30 12:00,0,0,0,-1.151
2024-03-30 13:00,0,0,0,-0.291
2024-03-30 14:00,0,0,0,0.428
2024-03-30 15:00,0,0,0,0.342
2024-03-30 16:00,0,0,0,-0.052
2024-03-30 17:00,0,0,0,-0.510
2024-03-30 18:00,0,0,0,-1.043
2024-03-30 19:00,0,0,0,-1.615
2024-03-30 20:00,0,0,0,-2.007
2024-03-30 21:00,0,0,0.001,-2.220
2024-03-30 22:00,0.059,0.024,0.055,-1.325
2024-03-30 23:00,0.275,0.191,0.108,1.243
2024-03-31 00:00,0.450,0.323,0.171,3.873
2024-03-31 01:00,0.601,0.479,0.203,6.104
2024-03-31 02:00,0.720,0.636,0.212,8.218
2024-03-31 03:00,0.706,0.573,0.262,9.607
2024-03-31 04:00,0.636,0.441,0.303,10.382
2024-03-31 05:00,0.615,0.439,0.278,10.975
2024-03-31 06:00,0.581,0.453,0.221,11.292
2024-03-31 07:00,0.490,0.400,0.160,11.171
2024-03-31 08:00,0.316,0.244,0.112,10.312
2024-03-31 09:00,0.093,0.052,0.066,7.908
2024-03-31 10:00,0,0,0.003,2.977
2024-03-31 11:00,0,0,0,0.850
2024-03-31 12:00,0,0,0,-0.767
2024-03-31 13:00,0,0,0,-1.858
2024-03-31 14:00,0,0,0,-2.221
2024-03-31 15:00,0,0,0,-1.924
2024-03-31 16:00,0,0,0,-1.661
2024-03-31 17:00,0,0,0,-1.585
2024-03-31 18:00,0,0,0,-1.560
2024-03-31 19:00,0,0,0,-1.503
2024-03-31 20:00,0,0,0,-1.379
2024-03-31 21:00,0,0,0.001,-1.236
2024-03-31 22:00,0.041,0.008,0.053,-0.297
2024-03-31 23:00,0.221,0.105,0.139,1.854
2024-04-01 00:00,0.421,0.271,0.194,5.380
2024-04-01 01:00,0.616,0.508,0.202,8.403
2024-04-01 02:00,0.732,0.664,0.212,10.594
2024-04-01 03:00,0.770,0.712,0.229,12.275
2024-04-01 04:00,0.539,0.273,0.352,12.611
2024-04-01 05:00,0.422,0.145,0.336,11.981
2024-04-01 06:00,0.375,0.130,0.294,11.136
2024-04-01 07:00,0.296,0.101,0.234,10.327
2024-04-01 08:00,0.201,0.073,0.159,9.558
2024-04-01 09:00,0.065,0.018,0.071,7.832
2024-04-01 10:00,0,0,0.003,5.022
2024-04-01 11:00,0,0,0,3.331
2024-04-01 12:00,0,0,0,2.296
2024-04-01 13:00,0,0,0,1.463
2024-04-01 14:00,0,0,0,0.953
2024-04-01 15:00,0,0,0,0.615
2024-04-01 16:00,0,0,0,0.098
2024-04-01 17:00,0,0,0,-0.650
2024-04-01 18:00,0,0,0,-1.328
2024-04-01 19:00,0,0,0,-1.729
2024-04-01 20:00,0,0,0,-1.987
2024-04-01 21:00,0,0,0.002,-2.138
2024-04-01 22:00,0.058,0.016,0.063,-0.324
2024-04-01 23:00,0.215,0.091,0.147,2.736
2024-04-02 00:00,0.345,0.157,0.223,6.123
2024-04-02 01:00,0.466,0.247,0.279,9.415
2024-04-02 02:00,0.525,0.281,0.325,11.963
2024-04-02 03:00,0.615,0.403,0.326,13.752
2024-04-02 04:00,0.696,0.567,0.280,15.102
2024-04-02 05:00,0.674,0.566,0.253,15.872
2024-04-02 06:00,0.558,0.418,0.244,15.978
2024-04-02 07:00,0.403,0.250,0.216,15.501
2024-04-02 08:00,0.284,0.189,0.139,14.558
2024-04-02 09:00,0.090,0.042,0.075,12.198
2024-04-02 10:00,0,0,0.004,7.992
2024-04-02 11:00,0,0,0,6.308
2024-04-02 12:00,0,0,0,4.422
2024-04-02 13:00,0,0,0,3.210
2024-04-02 14:00,0,0,0,2.780
2024-04-02 15:00,0,0,0,1.962
2024-04-02 16:00,0,0,0,0.914
2024-04-02 17:00,0,0,0,0.099
2024-04-02 18:00,0,0,0,-0.547
2024-04-02 19:00,0,0,0,-0.962
2024-04-02 20:00,0,0,0,-0.849
2024-04-02 21:00,0,0,0.001,-0.739
2024-04-02 22:00,0.014,0.001,0.031,0.142
2024-04-02 23:00,0.068,0.005,0.085,1.893
2024-04-03 00:00,0.143,0.015,0.151,3.475
2024-04-03 01:00,0.292,0.063,0.260,5.828
2024-04-03 02:00,0.568,0.345,0.302,8.136
2024-04-03 03:00,0.783,0.730,0.218,10.262
2024-04-03 04:00,0.850,0.889,0.172,11.907
2024-04-03 05:00,0.802,0.832,0.163,13.132
2024-04-03 06:00,0.694,0.685,0.153,13.880
2024-04-03 07:00,0.529,0.480,0.138,14.027
2024-04-03 08:00,0.314,0.240,0.119,13.326
2024-04-03 09:00,0.096,0.050,0.073,11.004
2024-04-03 10:00,0,0,0.005,7.146
2024-04-03 11:00,0,0,0,4.951
2024-04-03 12:00,0,0,0,3.015
2024-04-03 13:00,0,0,0,1.495
2024-04-03 14:00,0,0,0,0.258
2024-04-03 15:00,0,0,0,-0.809
2024-04-03 16:00,0,0,0,-1.696
2024-04-03 17:00,0,0,0,-2.541
2024-04-03 18:00,0,0,0,-3.354
2024-04-03 19:00,0,0,0,-4.070
2024-04-03 20:00,0,0,0,-4.576
2024-04-03 21:00,0,0,0.003,-4.724
2024-04-03 22:00,0.051,0.010,0.061,-2.851
2024-04-03 23:00,0.203,0.075,0.149,-0.670
2024-04-04 00:00,0.514,0.422,0.140,1.769
2024-04-04 01:00,0.682,0.619,0.158,3.924
2024-04-04 02:00,0.788,0.760,0.172,5.897
2024-04-04 03:00,0.831,0.822,0.184,7.620
2024-04-04 04:00,0.829,0.826,0.185,9.007
2024-04-04 05:00,0.774,0.753,0.180,9.998
2024-04-04 06:00,0.680,0.642,0.161,10.636
2024-04-04 07:00,0.520,0.453,0.143,10.798
2024-04-04 08:00,0.309,0.228,0.120,10.482
2024-04-04 09:00,0.093,0.044,0.074,9.064
2024-04-04 10:00,0,0,0.005,5.166
2024-04-04 11:00,0,0,0,4.012
2024-04-04 12:00,0,0,0,3.532
2024-04-04 13:00,0,0,0,2.954
2024-04-04 14:00,0,0,0,2.327
2024-04-04 15:00,0,0,0,1.743
2024-04-04 16:00,0,0,0,1.445
2024-04-04 17:00,0,0,0,1.889
2024-04-04 18:00,0,0,0,2.197
2024-04-04 19:00,0,0,0,1.918
2024-04-04 20:00,0,0,0,1.431
2024-04-04 21:00,0,0,0.001,1.107
2024-04-04 22:00,0.049,0.009,0.060,1.894
2024-04-04 23:00,0.246,0.138,0.136,4.550
2024-04-05 00:00,0.472,0.382,0.150,8.835
2024-04-05 01:00,0.650,0.613,0.156,11.956
2024-04-05 02:00,0.766,0.784,0.160,13.943
2024-04-05 03:00,0.819,0.869,0.165,15.314
2024-04-05 04:00,0.821,0.882,0.163,16.409
2024-04-05 05:00,0.772,0.816,0.157,17.265
2024-04-05 06:00,0.665,0.667,0.149,17.709
2024-04-05 07:00,0.514,0.478,0.132,17.713
2024-04-05 08:00,0.316,0.260,0.108,17.115
2024-04-05 09:00,0.103,0.063,0.069,14.642
2024-04-05 10:00,0,0,0.006,10.716
2024-04-05 11:00,0,0,0,8.479
2024-04-05 12:00,0,0,0,6.933
2024-04-05 13:00,0,0,0,5.986
2024-04-05 14:00,0,0,0,5.164
2024-04-05 15:00,0,0,0,4.481
2024-04-05 16:00,0,0,0,4.101
2024-04-05 17:00,0,0,0,3.888
2024-04-05 18:00,0,0,0,3.639
2024-04-05 19:00,0,0,0,3.351
2024-04-05 20:00,0,0,0,2.958
2024-04-05 21:00,0,0,0.003,2.515
2024-04-05 22:00,0.082,0.041,0.063,4.248
2024-04-05 23:00,0.283,0.201,0.115,7.321
2024-04-06 00:00,0.499,0.440,0.132,11.703
2024-04-06 01:00,0.655,0.641,0.148,15.006
2024-04-06 02:00,0.756,0.786,0.160,16.869
2024-04-06 03:00,0.808,0.871,0.165,18.268
2024-04-06 04:00,0.805,0.872,0.167,19.327
2024-04-06 05:00,0.755,0.800,0.162,19.888
2024-04-06 06:00,0.656,0.662,0.152,19.911
2024-04-06 07:00,0.500,0.459,0.139,19.418
2024-04-06 08:00,0.301,0.236,0.117,18.439
2024-04-06 09:00,0.099,0.055,0.073,16.231
2024-04-06 10:00,0,0,0.007,11.458
2024-04-06 11:00,0,0,0,9.738
2024-04-06 12:00,0,0,0,8.710
2024-04-06 13:00,0,0,0,7.650
2024-04-06 14:00,0,0,0,6.491
2024-04-06 15:00,0,0,0,5.362
2024-04-06 16:00,0,0,0,4.387
2024-04-06 17:00,0,0,0,3.591
2024-04-06 18:00,0,0,0,2.965
2024-04-06 19:00,0,0,0,2.460
2024-04-06 20:00,0,0,0,2.010
2024-04-06 21:00,0,0,0.004,1.665
2024-04-06 22:00,0.085,0.044,0.064,4.495
2024-04-06 23:00,0.303,0.235,0.104,8.680
2024-04-07 00:00,0.502,0.437,0.144,13.218
2024-04-07 01:00,0.650,0.628,0.165,17.292
2024-04-07 02:00,0.746,0.765,0.180,19.580
2024-04-07 03:00,0.788,0.830,0.191,20.872
2024-04-07 04:00,0.758,0.761,0.215,21.348
2024-04-07 05:00,0.653,0.563,0.251,21.189
2024-04-07 06:00,0.504,0.340,0.266,20.540
2024-04-07 07:00,0.334,0.155,0.238,19.538
2024-04-07 08:00,0.151,0.033,0.153,18.074
2024-04-07 09:00,0.033,0.003,0.053,16.054
2024-04-07 10:00,0,0,0.004,13.279
2024-04-07 11:00,0,0,0,11.934
2024-04-07 12:00,0,0,0,11.146
2024-04-07 13:00,0,0,0,10.350
2024-04-07 14:00,0,0,0,8.847
2024-04-07 15:00,0,0,0,6.683
2024-04-07 16:00,0,0,0,4.774
2024-04-07 17:00,0,0,0,3.396
2024-04-07 18:00,0,0,0,2.195
2024-04-07 19:00,0,0,0,1.104
2024-04-07 20:00,0,0,0,0.033
2024-04-07 21:00,0,0,0.005,-0.767
2024-04-07 22:00,0.079,0.026,0.074,-0.126
2024-04-07 23:00,0.237,0.107,0.153,1.358
2024-04-08 00:00,0.385,0.207,0.212,3.170
2024-04-08 01:00,0.528,0.337,0.252,5.134
2024-04-08 02:00,0.629,0.447,0.274,7.059
2024-04-08 03:00,0.735,0.618,0.252,8.510
2024-04-08 04:00,0.801,0.763,0.208,9.611
2024-04-08 05:00,0.791,0.786,0.175,10.277
2024-04-08 06:00,0.688,0.649,0.163,10.298
2024-04-08 07:00,0.535,0.468,0.143,9.731
2024-04-08 08:00,0.333,0.255,0.117,8.586
2024-04-08 09:00,0.114,0.063,0.076,6.921
2024-04-08 10:00,0,0,0.008,3.402
2024-04-08 11:00,0,0,0,1.395
2024-04-08 12:00,0,0,0,0.157
2024-04-08 13:00,0,0,0,-0.856
2024-04-08 14:00,0,0,0,-1.505
2024-04-08 15:00,0,0,0,-1.661
2024-04-08 16:00,0,0,0,-1.800
2024-04-08 17:00,0,0,0,-2.067
2024-04-08 18:00,0,0,0,-2.026
2024-04-08 19:00,0,0,0,-1.780
2024-04-08 20:00,0,0,0,-1.472
2024-04-08 21:00,0,0,0.005,-1.278
2024-04-08 22:00,0.069,0.017,0.073,0.339
2024-04-08 23:00,0.243,0.121,0.147,3.037
2024-04-09 00:00,0.468,0.335,0.186,6.434
2024-04-09 01:00,0.612,0.487,0.219,9.029
2024-04-09 02:00,0.687,0.560,0.255,10.975
2024-04-09 03:00,0.707,0.563,0.286,12.189
2024-04-09 04:00,0.594,0.345,0.351,12.419
2024-04-09 05:00,0.465,0.181,0.352,12.058
2024-04-09 06:00,0.422,0.172,0.309,11.934
2024-04-09 07:00,0.376,0.185,0.242,12.092
2024-04-09 08:00,0.208,0.067,0.174,11.751
2024-04-09 09:00,0.075,0.015,0.085,10.612
2024-04-09 10:00,0,0,0.009,7.419
2024-04-09 11:00,0,0,0,5.987
2024-04-09 12:00,0,0,0,5.243
2024-04-09 13:00,0,0,0,5.197
2024-04-09 14:00,0,0,0,4.575
2024-04-09 15:00,0,0,0,3.447
2024-04-09 16:00,0,0,0,2.673
2024-04-09 17:00,0,0,0,2.403
2024-04-09 18:00,0,0,0,2.141
2024-04-09 19:00,0,0,0,1.850
2024-04-09 20:00,0,0,0,1.160
2024-04-09 21:00,0,0,0.006,0.714
2024-04-09 22:00,0.059,0.009,0.071,2.663
2024-04-09 23:00,0.132,0.019,0.137,4.675
2024-04-10 00:00,0.191,0.020,0.198,6.974
2024-04-10 01:00,0.253,0.029,0.257,9.238
2024-04-10 02:00,0.324,0.048,0.320,11.711
2024-04-10 03:00,0.360,0.060,0.353,14.016
2024-04-10 04:00,0.346,0.053,0.347,15.447
2024-04-10 05:00,0.283,0.033,0.296,16.050
2024-04-10 06:00,0.220,0.020,0.239,16.179
2024-04-10 07:00,0.163,0.013,0.183,15.910
2024-04-10 08:00,0.129,0.014,0.147,15.281
2024-04-10 09:00,0.068,0.009,0.086,13.949
2024-04-10 10:00,0,0,0.009,11.022
2024-04-10 11:00,0,0,0,9.835
2024-04-10 12:00,0,0,0,9.344
2024-04-10 13:00,0,0,0,8.702
2024-04-10 14:00,0,0,0,8.019
2024-04-10 15:00,0,0,0,7.532
2024-04-10 16:00,0,0,0,6.413
2024-04-10 17:00,0,0,0,5.731
2024-04-10 18:00,0,0,0,5.271
2024-04-10 19:00,0,0,0,4.933
2024-04-10 20:00,0,0,0,4.813
2024-04-10 21:00,0,0,0.005,4.527
2024-04-10 22:00,0.053,0.005,0.071,5.460
2024-04-10 23:00,0.242,0.096,0.177,8.032
2024-04-11 00:00,0.486,0.403,0.156,12.340
2024-04-11 01:00,0.638,0.603,0.171,17.157
2024-04-11 02:00,0.729,0.741,0.185,20.671
2024-04-11 03:00,0.778,0.824,0.190,22.427
2024-04-11 04:00,0.777,0.832,0.189,23.825
2024-04-11 05:00,0.728,0.765,0.184,24.836
2024-04-11 06:00,0.631,0.629,0.173,25.412
2024-04-11 07:00,0.477,0.425,0.161,25.454
2024-04-11 08:00,0.289,0.213,0.137,24.733
2024-04-11 09:00,0.096,0.040,0.088,22.241
2024-04-11 10:00,0,0,0.010,18.525
2024-04-11 11:00,0,0,0,16.820
2024-04-11 12:00,0,0,0,15.622
2024-04-11 13:00,0,0,0,14.335
2024-04-11 14:00,0,0,0,13.480
2024-04-11 15:00,0,0,0,12.927
2024-04-11 16:00,0,0,0,12.356
2024-04-11 17:00,0,0,0,11.801
2024-04-11 18:00,0,0,0,11.137
2024-04-11 19:00,0,0,0,10.636
2024-04-11 20:00,0,0,0,10.352
2024-04-11 21:00,0,0,0.005,10.217
2024-04-11 22:00,0.048,0.006,0.065,11.058
2024-04-11 23:00,0.143,0.028,0.144,12.953
2024-04-12 00:00,0.229,0.049,0.220,15.495
2024-04-12 01:00,0.352,0.114,0.298,18.187
2024-04-12 02:00,0.532,0.320,0.325,20.820
2024-04-12 03:00,0.732,0.712,0.235,23.394
2024-04-12 04:00,0.744,0.752,0.224,25.135
2024-04-12 05:00,0.693,0.680,0.220,26.081
2024-04-12 06:00,0.593,0.539,0.211,26.382
2024-04-12 07:00,0.428,0.319,0.205,26.026
2024-04-12 08:00,0.244,0.128,0.170,24.974
2024-04-12 09:00,0.077,0.017,0.090,22.380
2024-04-12 10:00,0,0,0.010,18.961
2024-04-12 11:00,0,0,0,17.021
2024-04-12 12:00,0,0,0,16.054
2024-04-12 13:00,0,0,0,15.264
2024-04-12 14:00,0,0,0,14.376
2024-04-12 15:00,0,0,0,13.539
2024-04-12 16:00,0,0,0,12.643
2024-04-12 17:00,0,0,0,11.763
2024-04-12 18:00,0,0,0,11.121
2024-04-12 19:00,0,0,0,10.530
2024-04-12 20:00,0,0,0,10.009
2024-04-12 21:00,0,0,0.008,9.582
2024-04-12 22:00,0.069,0.014,0.080,10.881
2024-04-12 23:00,0.239,0.117,0.160,13.477
2024-04-13 00:00,0.427,0.287,0.214,17.735
2024-04-13 01:00,0.543,0.401,0.260,21.350
2024-04-13 02:00,0.565,0.373,0.327,23.448
2024-04-13 03:00,0.483,0.204,0.386,24.138
2024-04-13 04:00,0.362,0.079,0.358,23.997
2024-04-13 05:00,0.342,0.074,0.338,23.974
2024-04-13 06:00,0.316,0.074,0.306,24.009
2024-04-13 07:00,0.238,0.048,0.241,23.677
2024-04-13 08:00,0.147,0.024,0.162,22.987
2024-04-13 09:00,0.058,0.006,0.080,21.260
2024-04-13 10:00,0,0,0.012,18.353
2024-04-13 11:00,0,0,0,17.025
2024-04-13 12:00,0,0,0,15.834
2024-04-13 13:00,0,0,0,14.593
2024-04-13 14:00,0,0,0,13.349
2024-04-13 15:00,0,0,0,12.221
2024-04-13 16:00,0,0,0,11.225
2024-04-13 17:00,0,0,0,10.483
2024-04-13 18:00,0,0,0,9.777
2024-04-13 19:00,0,0,0,9.150
2024-04-13 20:00,0,0,0,8.656
2024-04-13 21:00,0,0,0.007,8.394
2024-04-13 22:00,0.071,0.012,0.084,9.385
2024-04-13 23:00,0.261,0.134,0.165,11.872
2024-04-14 00:00,0.425,0.273,0.219,14.830
2024-04-14 01:00,0.475,0.259,0.300,17.185
2024-04-14 02:00,0.510,0.255,0.354,18.568
2024-04-14 03:00,0.655,0.489,0.322,19.980
2024-04-14 04:00,0.689,0.567,0.300,21.033
2024-04-14 05:00,0.630,0.483,0.299,21.324
2024-04-14 06:00,0.378,0.124,0.322,20.191
2024-04-14 07:00,0.161,0.015,0.182,18.325
2024-04-14 08:00,0.068,0.004,0.092,16.737
2024-04-14 09:00,0.017,0.001,0.037,15.390
2024-04-14 10:00,0,0,0.004,13.948
2024-04-14 11:00,0,0,0,12.830
2024-04-14 12:00,0,0,0,11.989
2024-04-14 13:00,0,0,0,11.534
2024-04-14 14:00,0,0,0,11.115
2024-04-14 15:00,0,0,0,10.669
2024-04-14 16:00,0,0,0,10.158
2024-04-14 17:00,0,0,0,9.362
2024-04-14 18:00,0,0,0,8.410
2024-04-14 19:00,0,0,0,7.307
2024-04-14 20:00,0,0,0,5.853
2024-04-14 21:00,0,0,0.009,4.492
2024-04-14 22:00,0.096,0.029,0.091,5.975
2024-04-14 23:00,0.299,0.188,0.147,8.421
2024-04-15 00:00,0.511,0.448,0.139,11.584
2024-04-15 01:00,0.674,0.658,0.150,13.453
2024-04-15 02:00,0.779,0.812,0.158,14.850
2024-04-15 03:00,0.829,0.890,0.164,15.931
2024-04-15 04:00,0.821,0.875,0.171,16.649
2024-04-15 05:00,0.747,0.747,0.184,16.721
2024-04-15 06:00,0.581,0.470,0.221,15.841
2024-04-15 07:00,0.434,0.300,0.202,14.452
2024-04-15 08:00,0.266,0.145,0.160,13.004
2024-04-15 09:00,0.103,0.037,0.093,11.779
2024-04-15 10:00,0,0,0.014,10.246
2024-04-15 11:00,0,0,0,8.810
2024-04-15 12:00,0,0,0,7.868
2024-04-15 13:00,0,0,0,6.837
2024-04-15 14:00,0,0,0,5.943
2024-04-15 15:00,0,0,0,5.098
2024-04-15 16:00,0,0,0,4.340
2024-04-15 17:00,0,0,0,3.700
2024-04-15 18:00,0,0,0,2.939
2024-04-15 19:00,0,0,0,2.233
2024-04-15 20:00,0,0,0,1.769
2024-04-15 21:00,0,0,0.010,1.488
2024-04-15 22:00,0.116,0.075,0.065,4.230
2024-04-15 23:00,0.346,0.291,0.094,7.752
2024-04-16 00:00,0.547,0.517,0.116,11.778
2024-04-16 01:00,0.697,0.710,0.134,14.325
2024-04-16 02:00,0.791,0.850,0.147,16.406
2024-04-16 03:00,0.837,0.928,0.154,18.076
2024-04-16 04:00,0.831,0.925,0.157,19.338
2024-04-16 05:00,0.779,0.849,0.154,20.268
2024-04-16 06:00,0.679,0.705,0.145,20.765
2024-04-16 07:00,0.525,0.500,0.134,20.794
2024-04-16 08:00,0.300,0.219,0.137,20.232
2024-04-16 09:00,0.107,0.045,0.093,18.485
2024-04-16 10:00,0,0,0.016,14.411
2024-04-16 11:00,0,0,0,11.849
2024-04-16 12:00,0,0,0,10.543
2024-04-16 13:00,0,0,0,9.717
2024-04-16 14:00,0,0,0,9.043
2024-04-16 15:00,0,0,0,8.157
2024-04-16 16:00,0,0,0,7.571
2024-04-16 17:00,0,0,0,7.341
2024-04-16 18:00,0,0,0,7.051
2024-04-16 19:00,0,0,0,6.748
2024-04-16 20:00,0,0,0,6.486
2024-04-16 21:00,0,0,0.010,6.585
2024-04-16 22:00,0.073,0.016,0.083,9.263
2024-04-16 23:00,0.228,0.104,0.160,12.950
2024-04-17 00:00,0.473,0.406,0.150,16.892
2024-04-17 01:00,0.662,0.689,0.136,20.693
2024-04-17 02:00,0.756,0.834,0.147,22.801
2024-04-17 03:00,0.807,0.926,0.149,24.213
2024-04-17 04:00,0.807,0.932,0.149,25.150
2024-04-17 05:00,0.761,0.863,0.144,25.745
2024-04-17 06:00,0.662,0.714,0.138,25.919
2024-04-17 07:00,0.520,0.522,0.123,25.650
2024-04-17 08:00,0.333,0.299,0.103,24.840
2024-04-17 09:00,0.125,0.086,0.075,22.417
2024-04-17 10:00,0,0,0.015,19.230
2024-04-17 11:00,0,0,0,17.285
2024-04-17 12:00,0,0,0,15.004
2024-04-17 13:00,0,0,0,13.232
2024-04-17 14:00,0,0,0,12.231
2024-04-17 15:00,0,0,0,11.744
2024-04-17 16:00,0,0,0,10.874
2024-04-17 17:00,0,0,0,9.430
2024-04-17 18:00,0,0,0,8.141
2024-04-17 19:00,0,0,0,7.039
2024-04-17 20:00,0,0,0,6.076
2024-04-17 21:00,0,0,0.011,5.450
2024-04-17 22:00,0.113,0.069,0.070,6.995
2024-04-17 23:00,0.336,0.282,0.096,9.991
2024-04-18 00:00,0.530,0.481,0.135,13.038
2024-04-18 01:00,0.683,0.680,0.150,15.288
2024-04-18 02:00,0.780,0.821,0.163,17.082
2024-04-18 03:00,0.827,0.899,0.169,18.423
2024-04-18 04:00,0.823,0.895,0.173,19.393
2024-04-18 05:00,0.773,0.823,0.168,19.998
2024-04-18 06:00,0.678,0.689,0.157,20.172
2024-04-18 07:00,0.530,0.497,0.142,19.890
2024-04-18 08:00,0.335,0.272,0.122,19.086
2024-04-18 09:00,0.127,0.072,0.088,17.361
2024-04-18 10:00,0.002,0,0.018,12.793
2024-04-18 11:00,0,0,0,10.485
2024-04-18 12:00,0,0,0,9.361
2024-04-18 13:00,0,0,0,8.024
2024-04-18 14:00,0,0,0,6.915
2024-04-18 15:00,0,0,0,5.461
2024-04-18 16:00,0,0,0,4.525
2024-04-18 17:00,0,0,0,3.902
2024-04-18 18:00,0,0,0,3.476
2024-04-18 19:00,0,0,0,3.047
2024-04-18 20:00,0,0,0,2.716
2024-04-18 21:00,0,0,0.004,2.525
2024-04-18 22:00,0.013,0.001,0.031,2.489
2024-04-18 23:00,0.051,0.003,0.070,2.597
2024-04-19 00:00,0.129,0.005,0.147,3.252
2024-04-19 01:00,0.199,0.010,0.214,4.738
2024-04-19 02:00,0.244,0.014,0.259,6.050
2024-04-19 03:00,0.265,0.016,0.280,7.338
2024-04-19 04:00,0.245,0.013,0.263,7.815
2024-04-19 05:00,0.226,0.012,0.245,8.221
2024-04-19 06:00,0.172,0.007,0.193,8.397
2024-04-19 07:00,0.111,0.004,0.133,8.269
2024-04-19 08:00,0.058,0.002,0.080,7.872
2024-04-19 09:00,0.016,0,0.034,7.083
2024-04-19 10:00,0,0,0.006,6.002
2024-04-19 11:00,0,0,0,5.613
2024-04-19 12:00,0,0,0,5.635
2024-04-19 13:00,0,0,0,5.576
2024-04-19 14:00,0,0,0,5.102
2024-04-19 15:00,0,0,0,4.258
2024-04-19 16:00,0,0,0,3.734
2024-04-19 17:00,0,0,0,3.493
2024-04-19 18:00,0,0,0,2.972
2024-04-19 19:00,0,0,0,2.680
2024-04-19 20:00,0,0,0,2.768
2024-04-19 21:00,0,0,0.006,3.047
2024-04-19 22:00,0.024,0.001,0.043,3.439
2024-04-19 23:00,0.080,0.003,0.100,3.451
2024-04-20 00:00,0.156,0.014,0.167,4.016
2024-04-20 01:00,0.255,0.034,0.250,5.525
2024-04-20 02:00,0.392,0.098,0.340,8.126
2024-04-20 03:00,0.602,0.345,0.355,10.821
2024-04-20 04:00,0.705,0.560,0.293,13.368
2024-04-20 05:00,0.673,0.543,0.271,15.101
2024-04-20 06:00,0.604,0.489,0.234,16.145
2024-04-20 07:00,0.482,0.371,0.195,16.629
2024-04-20 08:00,0.313,0.210,0.154,16.497
2024-04-20 09:00,0.125,0.053,0.102,15.385
2024-04-20 10:00,0.004,0,0.021,11.648
2024-04-20 11:00,0,0,0,8.937
2024-04-20 12:00,0,0,0,7.921
2024-04-20 13:00,0,0,0,7.146
2024-04-20 14:00,0,0,0,6.406
2024-04-20 15:00,0,0,0,5.702
2024-04-20 16:00,0,0,0,5.339
2024-04-20 17:00,0,0,0,5.158
2024-04-20 18:00,0,0,0,4.853
2024-04-20 19:00,0,0,0,4.455
2024-04-20 20:00,0,0,0,3.995
2024-04-20 21:00,0,0,0.015,3.888
2024-04-20 22:00,0.119,0.056,0.088,6.294
2024-04-20 23:00,0.328,0.240,0.128,9.458
2024-04-21 00:00,0.520,0.469,0.138,14.146
2024-04-21 01:00,0.665,0.660,0.155,17.639
2024-04-21 02:00,0.759,0.800,0.167,19.845
2024-04-21 03:00,0.807,0.884,0.171,21.401
2024-04-21 04:00,0.803,0.884,0.173,22.474
2024-04-21 05:00,0.754,0.810,0.170,23.066
2024-04-21 06:00,0.656,0.666,0.162,23.159
2024-04-21 07:00,0.512,0.476,0.148,22.737
2024-04-21 08:00,0.325,0.259,0.128,21.817
2024-04-21 09:00,0.126,0.066,0.094,20.332
2024-04-21 10:00,0.004,0,0.021,16.856
2024-04-21 11:00,0,0,0,14.731
2024-04-21 12:00,0,0,0,13.618
2024-04-21 13:00,0,0,0,12.381
2024-04-21 14:00,0,0,0,11.425
2024-04-21 15:00,0,0,0,10.396
2024-04-21 16:00,0,0,0,9.314
2024-04-21 17:00,0,0,0,8.334
2024-04-21 18:00,0,0,0,7.748
2024-04-21 19:00,0,0,0,7.192
2024-04-21 20:00,0,0,0,6.639
2024-04-21 21:00,0,0,0.013,6.772
2024-04-21 22:00,0.063,0.008,0.080,8.445
2024-04-21 23:00,0.161,0.032,0.159,10.499
2024-04-22 00:00,0.331,0.101,0.278,13.406
2024-04-22 01:00,0.520,0.292,0.321,16.068
2024-04-22 02:00,0.551,0.278,0.380,17.621
2024-04-22 03:00,0.522,0.203,0.419,18.091
2024-04-22 04:00,0.444,0.113,0.409,17.670
2024-04-22 05:00,0.367,0.066,0.362,16.715
2024-04-22 06:00,0.251,0.025,0.268,15.373
2024-04-22 07:00,0.188,0.016,0.207,14.287
2024-04-22 08:00,0.135,0.011,0.154,13.517
2024-04-22 09:00,0.063,0.004,0.084,12.767
2024-04-22 10:00,0,0,0.015,11.299
2024-04-22 11:00,0,0,0,10.124
2024-04-22 12:00,0,0,0,9.310
2024-04-22 13:00,0,0,0,8.508
2024-04-22 14:00,0,0,0,8.237
2024-04-22 15:00,0,0,0,8.046
2024-04-22 16:00,0,0,0,7.798
2024-04-22 17:00,0,0,0,7.318
2024-04-22 18:00,0,0,0,6.988
2024-04-22 19:00,0,0,0,6.667
2024-04-22 20:00,0,0,0,6.096
2024-04-22 21:00,0,0,0.003,5.477
2024-04-22 22:00,0.005,0,0.022,4.536
2024-04-22 23:00,0.039,0.001,0.059,3.817
2024-04-23 00:00,0.092,0.003,0.112,3.248
2024-04-23 01:00,0.133,0.005,0.152,3.139
2024-04-23 02:00,0.154,0.005,0.172,3.513
2024-04-23 03:00,0.171,0.006,0.189,4.194
2024-04-23 04:00,0.212,0.010,0.229,5.113
2024-04-23 05:00,0.231,0.013,0.246,5.941
2024-04-23 06:00,0.242,0.018,0.253,6.687
2024-04-23 07:00,0.182,0.012,0.198,7.095
2024-04-23 08:00,0.090,0.004,0.111,7.107
2024-04-23 09:00,0.034,0.001,0.055,6.833
2024-04-23 10:00,0,0,0.014,5.841
2024-04-23 11:00,0,0,0,4.287
2024-04-23 12:00,0,0,0,3.242
2024-04-23 13:00,0,0,0,2.963
2024-04-23 14:00,0,0,0,2.829
2024-04-23 15:00,0,0,0,2.089
2024-04-23 16:00,0,0,0,1.648
2024-04-23 17:00,0,0,0,1.325
2024-04-23 18:00,0,0,0,1.252
2024-04-23 19:00,0,0,0,0.870
2024-04-23 20:00,0,0,0,0.634
2024-04-23 21:00,0.004,0,0.021,0.900
2024-04-23 22:00,0.135,0.050,0.109,4.362
2024-04-23 23:00,0.340,0.215,0.163,7.290
2024-04-24 00:00,0.534,0.485,0.131,11.281
2024-04-24 01:00,0.673,0.668,0.149,15.572
2024-04-24 02:00,0.759,0.800,0.162,18.927
2024-04-24 03:00,0.797,0.867,0.171,21.262
2024-04-24 04:00,0.795,0.870,0.172,22.560
2024-04-24 05:00,0.747,0.800,0.168,23.135
2024-04-24 06:00,0.645,0.647,0.165,23.000
2024-04-24 07:00,0.505,0.464,0.150,22.306
2024-04-24 08:00,0.323,0.254,0.129,21.200
2024-04-24 09:00,0.128,0.066,0.096,19.164
2024-04-24 10:00,0.006,0,0.023,15.615
2024-04-24 11:00,0,0,0,13.192
2024-04-24 12:00,0,0,0,12.253
2024-04-24 13:00,0,0,0,11.529
2024-04-24 14:00,0,0,0,11.019
2024-04-24 15:00,0,0,0,10.499
2024-04-24 16:00,0,0,0,9.819
2024-04-24 17:00,0,0,0,9.081
2024-04-24 18:00,0,0,0,8.121
2024-04-24 19:00,0,0,0,6.928
2024-04-24 20:00,0,0,0,5.816
2024-04-24 21:00,0.002,0,0.018,5.536
2024-04-24 22:00,0.117,0.054,0.089,8.602
2024-04-24 23:00,0.319,0.238,0.123,10.979
2024-04-25 00:00,0.512,0.434,0.159,13.231
2024-04-25 01:00,0.659,0.622,0.176,15.483
2024-04-25 02:00,0.754,0.759,0.188,17.727
2024-04-25 03:00,0.724,0.657,0.254,19.445
2024-04-25 04:00,0.690,0.588,0.280,20.938
2024-04-25 05:00,0.624,0.492,0.286,22.301
2024-04-25 06:00,0.566,0.458,0.243,23.607
2024-04-25 07:00,0.413,0.269,0.231,24.218
2024-04-25 08:00,0.248,0.112,0.189,23.859
2024-04-25 09:00,0.101,0.022,0.112,21.645
2024-04-25 10:00,0.007,0,0.025,17.873
2024-04-25 11:00,0,0,0,15.656
2024-04-25 12:00,0,0,0,13.029
2024-04-25 13:00,0,0,0,11.455
2024-04-25 14:00,0,0,0,10.323
2024-04-25 15:00,0,0,0,9.329
2024-04-25 16:00,0,0,0,8.728
2024-04-25 17:00,0,0,0,8.007
2024-04-25 18:00,0,0,0,6.707
2024-04-25 19:00,0,0,0,5.288
2024-04-25 20:00,0,0,0,4.207
2024-04-25 21:00,0.004,0,0.020,4.044
2024-04-25 22:00,0.092,0.016,0.100,6.061
2024-04-25 23:00,0.228,0.076,0.182,8.144
2024-04-26 00:00,0.374,0.144,0.278,10.522
2024-04-26 01:00,0.470,0.200,0.340,12.548
2024-04-26 02:00,0.540,0.249,0.384,14.327
2024-04-26 03:00,0.429,0.099,0.398,15.177
2024-04-26 04:00,0.313,0.036,0.327,15.718
2024-04-26 05:00,0.278,0.028,0.296,16.483
2024-04-26 06:00,0.234,0.021,0.255,17.083
2024-04-26 07:00,0.099,0.004,0.125,16.116
2024-04-26 08:00,0.057,0.002,0.081,14.859
2024-04-26 09:00,0.034,0.001,0.056,14.143
2024-04-26 10:00,0,0,0.015,12.861
2024-04-26 11:00,0,0,0,11.889
2024-04-26 12:00,0,0,0,11.454
2024-04-26 13:00,0,0,0,10.836
2024-04-26 14:00,0,0,0,9.729
2024-04-26 15:00,0,0,0,8.246
2024-04-26 16:00,0,0,0,6.900
2024-04-26 17:00,0,0,0,4.869
2024-04-26 18:00,0,0,0,3.634
2024-04-26 19:00,0,0,0,3.231
2024-04-26 20:00,0,0,0,2.843
2024-04-26 21:00,0.006,0,0.023,2.535
2024-04-26 22:00,0.132,0.043,0.112,3.746
2024-04-26 23:00,0.289,0.127,0.193,5.865
2024-04-27 00:00,0.465,0.303,0.218,8.132
2024-04-27 01:00,0.606,0.456,0.247,10.220
2024-04-27 02:00,0.748,0.682,0.226,12.228
2024-04-27 03:00,0.777,0.708,0.250,13.535
2024-04-27 04:00,0.642,0.414,0.352,13.762
2024-04-27 05:00,0.588,0.346,0.346,13.703
2024-04-27 06:00,0.587,0.425,0.268,13.998
2024-04-27 07:00,0.406,0.202,0.264,13.670
2024-04-27 08:00,0.248,0.082,0.203,12.760
2024-04-27 09:00,0.111,0.020,0.118,11.483
2024-04-27 10:00,0.007,0,0.025,9.600
2024-04-27 11:00,0,0,0,7.790
2024-04-27 12:00,0,0,0,6.926
2024-04-27 13:00,0,0,0,6.355
2024-04-27 14:00,0,0,0,5.974
2024-04-27 15:00,0,0,0,5.386
2024-04-27 16:00,0,0,0,4.267
2024-04-27 17:00,0,0,0,3.187
2024-04-27 18:00,0,0,0,2.160
2024-04-27 19:00,0,0,0,1.250
2024-04-27 20:00,0,0,0,0.920
2024-04-27 21:00,0,0,0.011,0.922
2024-04-27 22:00,0.025,0.001,0.044,0.926
2024-04-27 23:00,0.092,0.005,0.108,1.163
2024-04-28 00:00,0.246,0.029,0.241,1.921
2024-04-28 01:00,0.382,0.079,0.337,2.802
2024-04-28 02:00,0.474,0.125,0.395,3.667
2024-04-28 03:00,0.506,0.138,0.422,4.257
2024-04-28 04:00,0.476,0.111,0.415,4.555
2024-04-28 05:00,0.422,0.082,0.382,4.746
2024-04-28 06:00,0.363,0.063,0.335,4.868
2024-04-28 07:00,0.284,0.043,0.270,4.909
2024-04-28 08:00,0.173,0.017,0.180,4.741
2024-04-28 09:00,0.054,0.002,0.074,4.370
2024-04-28 10:00,0.001,0,0.016,3.750
2024-04-28 11:00,0,0,0,2.976
2024-04-28 12:00,0,0,0,2.194
2024-04-28 13:00,0,0,0,1.035
2024-04-28 14:00,0,0,0,0.969
2024-04-28 15:00,0,0,0,1.197
2024-04-28 16:00,0,0,0,1.260
2024-04-28 17:00,0,0,0,0.566
2024-04-28 18:00,0,0,0,0.843
2024-04-28 19:00,0,0,0,0.722
2024-04-28 20:00,0,0,0,0.464
2024-04-28 21:00,0,0,0.009,0.426
2024-04-28 22:00,0.023,0.001,0.042,0.874
2024-04-28 23:00,0.123,0.008,0.137,1.831
2024-04-29 00:00,0.283,0.060,0.250,3.120
2024-04-29 01:00,0.378,0.097,0.316,4.191
2024-04-29 02:00,0.438,0.123,0.361,4.984
2024-04-29 03:00,0.525,0.197,0.390,5.806
2024-04-29 04:00,0.606,0.315,0.375,6.767
2024-04-29 05:00,0.592,0.327,0.348,7.641
2024-04-29 06:00,0.595,0.414,0.269,8.479
2024-04-29 07:00,0.474,0.307,0.228,8.951
2024-04-29 08:00,0.324,0.190,0.173,9.030
2024-04-29 09:00,0.144,0.055,0.116,8.550
2024-04-29 10:00,0.018,0,0.038,6.012
2024-04-29 11:00,0,0,0,4.969
2024-04-29 12:00,0,0,0,4.389
2024-04-29 13:00,0,0,0,2.531
2024-04-29 14:00,0,0,0,1.227
2024-04-29 15:00,0,0,0,0.749
2024-04-29 16:00,0,0,0,0.411
2024-04-29 17:00,0,0,0,0.063
2024-04-29 18:00,0,0,0,-0.181
2024-04-29 19:00,0,0,0,-0.325
2024-04-29 20:00,0,0,0,-0.418
2024-04-29 21:00,0.012,0,0.030,0.391
2024-04-29 22:00,0.145,0.080,0.089,4.242
2024-04-29 23:00,0.361,0.280,0.121,7.119
2024-04-30 00:00,0.556,0.523,0.119,11.201
2024-04-30 01:00,0.699,0.715,0.134,14.493
2024-04-30 02:00,0.793,0.852,0.146,16.101
2024-04-30 03:00,0.838,0.925,0.153,17.249
2024-04-30 04:00,0.832,0.918,0.156,18.074
2024-04-30 05:00,0.783,0.845,0.153,18.723
2024-04-30 06:00,0.687,0.709,0.144,19.108
2024-04-30 07:00,0.542,0.520,0.131,19.136
2024-04-30 08:00,0.353,0.302,0.113,18.633
2024-04-30 09:00,0.146,0.093,0.087,16.968
2024-04-30 10:00,0.016,0,0.036,13.031
2024-04-30 11:00,0,0,0,10.756
2024-04-30 12:00,0,0,0,9.677
2024-04-30 13:00,0,0,0,8.234
2024-04-30 14:00,0,0,0,6.785
2024-04-30 15:00,0,0,0,5.922
2024-04-30 16:00,0,0,0,5.241
2024-04-30 17:00,0,0,0,4.640
2024-04-30 18:00,0,0,0,4.128
2024-04-30 19:00,0,0,0,3.705
2024-04-30 20:00,0,0,0,3.302
2024-04-30 21:00,0.011,0,0.029,3.947
2024-04-30 22:00,0.140,0.091,0.075,7.783
2024-04-30 23:00,0.357,0.304,0.100,11.202
2024-05-01 00:00,0.546,0.528,0.118,15.638
2024-05-01 01:00,0.682,0.721,0.132,20.454
2024-05-01 02:00,0.774,0.863,0.143,22.226
2024-05-01 03:00,0.820,0.942,0.148,23.137
2024-05-01 04:00,0.819,0.942,0.149,23.723
2024-05-01 05:00,0.772,0.868,0.146,24.087
2024-05-01 06:00,0.676,0.724,0.140,24.129
2024-05-01 07:00,0.535,0.531,0.127,23.783
2024-05-01 08:00,0.349,0.308,0.110,22.943
2024-05-01 09:00,0.144,0.095,0.086,20.890
2024-05-01 10:00,0.017,0,0.038,16.162
2024-05-01 11:00,0,0,0,13.162
2024-05-01 12:00,0,0,0,12.269
2024-05-01 13:00,0,0,0,11.558
2024-05-01 14:00,0,0,0,11.007
2024-05-01 15:00,0,0,0,10.399
2024-05-01 16:00,0,0,0,9.645
2024-05-01 17:00,0,0,0,8.909
2024-05-01 18:00,0,0,0,8.154
2024-05-01 19:00,0,0,0,7.483
2024-05-01 20:00,0,0,0,6.910
2024-05-01 21:00,0.012,0,0.030,7.192
2024-05-01 22:00,0.137,0.083,0.081,10.006
2024-05-01 23:00,0.345,0.288,0.107,13.377
2024-05-02 00:00,0.528,0.501,0.130,18.150
2024-05-02 01:00,0.659,0.687,0.146,23.281
2024-05-02 02:00,0.744,0.821,0.158,25.677
2024-05-02 03:00,0.787,0.896,0.164,27.054
2024-05-02 04:00,0.785,0.896,0.166,27.864
2024-05-02 05:00,0.739,0.825,0.163,28.268
2024-05-02 06:00,0.643,0.677,0.158,28.303
2024-05-02 07:00,0.506,0.490,0.145,27.997
2024-05-02 08:00,0.329,0.277,0.126,27.205
2024-05-02 09:00,0.139,0.080,0.098,24.948
2024-05-02 10:00,0.019,0,0.040,20.183
2024-05-02 11:00,0,0,0,17.380
2024-05-02 12:00,0,0,0,16.663
2024-05-02 13:00,0,0,0,15.966
2024-05-02 14:00,0,0,0,14.872
2024-05-02 15:00,0,0,0,13.739
2024-05-02 16:00,0,0,0,12.680
2024-05-02 17:00,0,0,0,11.687
2024-05-02 18:00,0,0,0,10.787
2024-05-02 19:00,0,0,0,9.857
2024-05-02 20:00,0,0,0,9.007
2024-05-02 21:00,0.013,0,0.032,9.108
2024-05-02 22:00,0.133,0.070,0.092,11.693
2024-05-02 23:00,0.331,0.260,0.121,14.941
2024-05-03 00:00,0.510,0.465,0.146,19.448
2024-05-03 01:00,0.645,0.649,0.162,22.993
2024-05-03 02:00,0.735,0.789,0.172,25.175
2024-05-03 03:00,0.788,0.888,0.170,26.568
2024-05-03 04:00,0.792,0.906,0.167,27.467
2024-05-03 05:00,0.749,0.841,0.161,27.875
2024-05-03 06:00,0.658,0.702,0.153,27.743
2024-05-03 07:00,0.520,0.509,0.141,27.062
2024-05-03 08:00,0.339,0.288,0.125,25.809
2024-05-03 09:00,0.143,0.083,0.099,23.797
2024-05-03 10:00,0.020,0,0.042,20.055
2024-05-03 11:00,0,0,0,16.967
2024-05-03 12:00,0,0,0,15.540
2024-05-03 13:00,0,0,0,14.373
2024-05-03 14:00,0,0,0,13.479
2024-05-03 15:00,0,0,0,12.568
2024-05-03 16:00,0,0,0,11.483
2024-05-03 17:00,0,0,0,10.512
2024-05-03 18:00,0,0,0,9.734
2024-05-03 19:00,0,0,0,9.078
2024-05-03 20:00,0,0,0,8.554
2024-05-03 21:00,0.013,0,0.032,8.809
2024-05-03 22:00,0.105,0.023,0.110,10.821
2024-05-03 23:00,0.231,0.082,0.186,13.760
2024-05-04 00:00,0.397,0.193,0.271,17.471
2024-05-04 01:00,0.509,0.293,0.319,20.094
2024-05-04 02:00,0.582,0.362,0.354,21.788
2024-05-04 03:00,0.667,0.510,0.336,23.403
2024-05-04 04:00,0.694,0.582,0.313,24.786
2024-05-04 05:00,0.643,0.510,0.311,25.488
2024-05-04 06:00,0.490,0.267,0.336,25.184
2024-05-04 07:00,0.313,0.086,0.291,23.843
2024-05-04 08:00,0.120,0.008,0.146,21.466
2024-05-04 09:00,0.033,0.001,0.056,19.168
2024-05-04 10:00,0,0,0.015,17.353
2024-05-04 11:00,0,0,0,16.021
2024-05-04 12:00,0,0,0,15.010
2024-05-04 13:00,0,0,0,14.084
2024-05-04 14:00,0,0,0,13.224
2024-05-04 15:00,0,0,0,12.563
2024-05-04 16:00,0,0,0,12.482
2024-05-04 17:00,0,0,0,12.308
2024-05-04 18:00,0,0,0,11.848
2024-05-04 19:00,0,0,0,11.613
2024-05-04 20:00,0,0,0,11.299
2024-05-04 21:00,0.010,0,0.029,11.816
2024-05-04 22:00,0.102,0.014,0.117,13.236
2024-05-04 23:00,0.204,0.040,0.199,14.107
2024-05-05 00:00,0.304,0.066,0.285,15.089
2024-05-05 01:00,0.361,0.076,0.342,16.051
2024-05-05 02:00,0.347,0.051,0.352,16.550
2024-05-05 03:00,0.349,0.046,0.360,16.952
2024-05-05 04:00,0.416,0.083,0.405,17.652
2024-05-05 05:00,0.418,0.095,0.396,18.167
2024-05-05 06:00,0.386,0.093,0.360,18.448
2024-05-05 07:00,0.279,0.046,0.281,18.273
2024-05-05 08:00,0.163,0.016,0.184,17.765
2024-05-05 09:00,0.065,0.003,0.089,16.916
2024-05-05 10:00,0.005,0,0.023,15.647
2024-05-05 11:00,0,0,0,14.312
2024-05-05 12:00,0,0,0,13.511
2024-05-05 13:00,0,0,0,12.793
2024-05-05 14:00,0,0,0,12.082
2024-05-05 15:00,0,0,0,11.187
2024-05-05 16:00,0,0,0,10.109
2024-05-05 17:00,0,0,0,9.090
2024-05-05 18:00,0,0,0,8.374
2024-05-05 19:00,0,0,0,7.821
2024-05-05 20:00,0,0,0,7.369
2024-05-05 21:00,0.014,0,0.033,7.451
2024-05-05 22:00,0.098,0.009,0.114,8.721
2024-05-05 23:00,0.210,0.036,0.206,10.588
2024-05-06 00:00,0.334,0.107,0.273,12.081
2024-05-06 01:00,0.455,0.195,0.329,13.414
2024-05-06 02:00,0.574,0.330,0.349,14.792
2024-05-06 03:00,0.657,0.458,0.339,16.319
2024-05-06 04:00,0.687,0.531,0.316,17.760
2024-05-06 05:00,0.657,0.513,0.295,18.757
2024-05-06 06:00,0.586,0.449,0.263,19.266
2024-05-06 07:00,0.460,0.313,0.234,19.142
2024-05-06 08:00,0.287,0.135,0.202,18.407
2024-05-06 09:00,0.126,0.026,0.132,17.260
2024-05-06 10:00,0.019,0,0.040,15.403
2024-05-06 11:00,0,0,0,12.978
2024-05-06 12:00,0,0,0,11.849
2024-05-06 13:00,0,0,0,10.941
2024-05-06 14:00,0,0,0,10.154
2024-05-06 15:00,0,0,0,9.373
2024-05-06 16:00,0,0,0,8.441
2024-05-06 17:00,0,0,0,7.625
2024-05-06 18:00,0,0,0,6.959
2024-05-06 19:00,0,0,0,6.423
2024-05-06 20:00,0,0,0,5.944
2024-05-06 21:00,0.018,0,0.037,6.428
2024-05-06 22:00,0.137,0.047,0.118,9.229
2024-05-06 23:00,0.324,0.209,0.160,12.356
2024-05-07 00:00,0.507,0.434,0.160,15.414
2024-05-07 01:00,0.650,0.619,0.173,17.456
2024-05-07 02:00,0.745,0.758,0.183,19.047
2024-05-07 03:00,0.797,0.849,0.183,20.334
2024-05-07 04:00,0.795,0.852,0.184,21.270
2024-05-07 05:00,0.750,0.788,0.179,21.857
2024-05-07 06:00,0.658,0.656,0.170,22.026
2024-05-07 07:00,0.521,0.480,0.153,21.839
2024-05-07 08:00,0.344,0.277,0.132,21.254
2024-05-07 09:00,0.150,0.084,0.102,20.186
2024-05-07 10:00,0.025,0,0.048,16.512
2024-05-07 11:00,0,0,0,13.246
2024-05-07 12:00,0,0,0,12.122
2024-05-07 13:00,0,0,0,11.274
2024-05-07 14:00,0,0,0,10.719
2024-05-07 15:00,0,0,0,10.436
2024-05-07 16:00,0,0,0,10.307
2024-05-07 17:00,0,0,0,9.917
2024-05-07 18:00,0,0,0,9.040
2024-05-07 19:00,0,0,0,7.911
2024-05-07 20:00,0,0,0,6.941
2024-05-07 21:00,0.019,0,0.039,7.525
2024-05-07 22:00,0.145,0.084,0.091,11.853
2024-05-07 23:00,0.345,0.280,0.119,15.133
2024-05-08 00:00,0.522,0.481,0.145,19.629
2024-05-08 01:00,0.654,0.660,0.163,22.563
2024-05-08 02:00,0.739,0.788,0.177,24.775
2024-05-08 03:00,0.783,0.870,0.180,26.596
2024-05-08 04:00,0.777,0.867,0.183,28.103
2024-05-08 05:00,0.722,0.781,0.185,29.268
2024-05-08 06:00,0.623,0.630,0.183,29.999
2024-05-08 07:00,0.490,0.452,0.168,30.305
2024-05-08 08:00,0.312,0.231,0.156,29.984
2024-05-08 09:00,0.126,0.037,0.129,27.803
2024-05-08 10:00,0.022,0,0.045,24.474
2024-05-08 11:00,0,0,0,20.977
2024-05-08 12:00,0,0,0,19.088
2024-05-08 13:00,0,0,0,17.780
2024-05-08 14:00,0,0,0,16.030
2024-05-08 15:00,0,0,0,14.257
2024-05-08 16:00,0,0,0,13.048
2024-05-08 17:00,0,0,0,12.323
2024-05-08 18:00,0,0,0,11.673
2024-05-08 19:00,0,0,0,11.100
2024-05-08 20:00,0,0,0,10.255
2024-05-08 21:00,0.020,0,0.040,10.107
2024-05-08 22:00,0.141,0.066,0.105,12.346
2024-05-08 23:00,0.302,0.183,0.165,14.386
2024-05-09 00:00,0.444,0.275,0.242,16.050
2024-05-09 01:00,0.571,0.410,0.275,17.778
2024-05-09 02:00,0.658,0.521,0.293,19.571
2024-05-09 03:00,0.730,0.656,0.276,21.448
2024-05-09 04:00,0.748,0.714,0.257,23.268
2024-05-09 05:00,0.714,0.690,0.237,24.915
2024-05-09 06:00,0.608,0.535,0.237,26.097
2024-05-09 07:00,0.433,0.278,0.254,26.451
2024-05-09 08:00,0.224,0.058,0.218,25.805
2024-05-09 09:00,0.091,0.008,0.116,24.380
2024-05-09 10:00,0.015,0,0.037,22.415
2024-05-09 11:00,0,0,0,20.680
2024-05-09 12:00,0,0,0,19.591
2024-05-09 13:00,0,0,0,18.590
2024-05-09 14:00,0,0,0,17.415
2024-05-09 15:00,0,0,0,16.280
2024-05-09 16:00,0,0,0,15.483
2024-05-09 17:00,0,0,0,14.978
2024-05-09 18:00,0,0,0,14.614
2024-05-09 19:00,0,0,0,14.442
2024-05-09 20:00,0,0,0,14.354
2024-05-09 21:00,0.002,0,0.018,14.538
2024-05-09 22:00,0.063,0.004,0.086,15.429
2024-05-09 23:00,0.178,0.027,0.188,17.166
2024-05-10 00:00,0.323,0.092,0.289,19.691
2024-05-10 01:00,0.506,0.289,0.328,22.653
2024-05-10 02:00,0.631,0.478,0.321,25.028
2024-05-10 03:00,0.612,0.399,0.380,26.355
2024-05-10 04:00,0.483,0.173,0.425,26.358
2024-05-10 05:00,0.256,0.023,0.287,24.671
2024-05-10 06:00,0.149,0.007,0.181,22.766
2024-05-10 07:00,0.112,0.005,0.141,20.699
2024-05-10 08:00,0.062,0.002,0.088,19.707
2024-05-10 09:00,0.054,0.002,0.079,19.216
2024-05-10 10:00,0.015,0,0.035,17.760
2024-05-10 11:00,0,0,0.001,15.007
2024-05-10 12:00,0,0,0,12.347
2024-05-10 13:00,0,0,0,10.632
2024-05-10 14:00,0,0,0,9.288
2024-05-10 15:00,0,0,0,8.476
2024-05-10 16:00,0,0,0,8.212
2024-05-10 17:00,0,0,0,7.739
2024-05-10 18:00,0,0,0,7.240
2024-05-10 19:00,0,0,0,6.842
2024-05-10 20:00,0,0,0,6.569
2024-05-10 21:00,0.027,0,0.048,6.767
2024-05-10 22:00,0.163,0.083,0.107,8.183
2024-05-10 23:00,0.364,0.261,0.149,9.827
2024-05-11 00:00,0.546,0.487,0.143,11.549
2024-05-11 01:00,0.660,0.606,0.182,13.298
2024-05-11 02:00,0.763,0.761,0.185,15.191
2024-05-11 03:00,0.799,0.813,0.198,16.640
2024-05-11 04:00,0.795,0.807,0.202,17.357
2024-05-11 05:00,0.744,0.729,0.202,17.635
2024-05-11 06:00,0.641,0.578,0.201,17.504
2024-05-11 07:00,0.480,0.359,0.206,16.861
2024-05-11 08:00,0.313,0.185,0.178,15.811
2024-05-11 09:00,0.145,0.048,0.129,14.612
2024-05-11 10:00,0.030,0,0.052,13.281
2024-05-11 11:00,0,0,0.001,11.545
2024-05-11 12:00,0,0,0,10.321
2024-05-11 13:00,0,0,0,9.231
2024-05-11 14:00,0,0,0,8.281
2024-05-11 15:00,0,0,0,7.538
2024-05-11 16:00,0,0,0,6.948
2024-05-11 17:00,0,0,0,6.533
2024-05-11 18:00,0,0,0,6.206
2024-05-11 19:00,0,0,0,5.900
2024-05-11 20:00,0,0,0,5.668
2024-05-11 21:00,0.024,0,0.045,6.606
2024-05-11 22:00,0.152,0.082,0.097,8.995
2024-05-11 23:00,0.352,0.276,0.125,12.514
2024-05-12 00:00,0.535,0.489,0.139,14.822
2024-05-12 01:00,0.680,0.679,0.152,16.452
2024-05-12 02:00,0.775,0.821,0.161,17.989
2024-05-12 03:00,0.822,0.902,0.164,19.368
2024-05-12 04:00,0.820,0.906,0.165,20.422
2024-05-12 05:00,0.773,0.838,0.161,21.090
2024-05-12 06:00,0.679,0.701,0.153,21.315
2024-05-12 07:00,0.540,0.517,0.140,21.168
2024-05-12 08:00,0.359,0.303,0.122,20.677
2024-05-12 09:00,0.157,0.097,0.097,19.823
2024-05-12 10:00,0.029,0,0.052,16.611
2024-05-12 11:00,0,0,0.001,12.854
2024-05-12 12:00,0,0,0,12.300
2024-05-12 13:00,0,0,0,12.492
2024-05-12 14:00,0,0,0,12.388
2024-05-12 15:00,0,0,0,11.439
2024-05-12 16:00,0,0,0,10.309
2024-05-12 17:00,0,0,0,9.270
2024-05-12 18:00,0,0,0,8.372
2024-05-12 19:00,0,0,0,7.924
2024-05-12 20:00,0,0,0,7.588
2024-05-12 21:00,0.024,0,0.044,8.438
2024-05-12 22:00,0.139,0.057,0.112,12.536
2024-05-12 23:00,0.318,0.220,0.148,15.562
2024-05-13 00:00,0.491,0.412,0.177,19.993
2024-05-13 01:00,0.621,0.592,0.191,24.404
2024-05-13 02:00,0.702,0.709,0.207,26.396
2024-05-13 03:00,0.748,0.791,0.209,27.973
2024-05-13 04:00,0.727,0.745,0.228,29.089
2024-05-13 05:00,0.678,0.669,0.227,29.821
2024-05-13 06:00,0.597,0.564,0.211,30.209
2024-05-13 07:00,0.477,0.414,0.187,30.150
2024-05-13 08:00,0.323,0.245,0.155,29.557
2024-05-13 09:00,0.145,0.063,0.125,27.828
2024-05-13 10:00,0.031,0,0.056,24.632
2024-05-13 11:00,0,0,0.001,21.787
2024-05-13 12:00,0,0,0,19.848
2024-05-13 13:00,0,0,0,17.612
2024-05-13 14:00,0,0,0,16.039
2024-05-13 15:00,0,0,0,14.951
2024-05-13 16:00,0,0,0,13.676
2024-05-13 17:00,0,0,0,13.211
2024-05-13 18:00,0,0,0,12.529
2024-05-13 19:00,0,0,0,11.680
2024-05-13 20:00,0,0,0,11.125
2024-05-13 21:00,0.026,0,0.047,11.681
2024-05-13 22:00,0.124,0.029,0.125,13.446
2024-05-13 23:00,0.210,0.049,0.197,14.461
2024-05-14 00:00,0.314,0.075,0.287,15.201
2024-05-14 01:00,0.399,0.115,0.352,17.278
2024-05-14 02:00,0.543,0.268,0.387,19.688
2024-05-14 03:00,0.506,0.186,0.423,20.537
2024-05-14 04:00,0.384,0.069,0.385,19.670
2024-05-14 05:00,0.284,0.029,0.305,18.308
2024-05-14 06:00,0.287,0.036,0.300,17.557
2024-05-14 07:00,0.224,0.024,0.241,16.801
2024-05-14 08:00,0.137,0.010,0.160,16.036
2024-05-14 09:00,0.075,0.003,0.099,15.288
2024-05-14 10:00,0.025,0,0.047,14.161
2024-05-14 11:00,0,0,0.002,12.066
2024-05-14 12:00,0,0,0,10.383
2024-05-14 13:00,0,0,0,9.326
2024-05-14 14:00,0,0,0,8.425
2024-05-14 15:00,0,0,0,7.425
2024-05-14 16:00,0,0,0,6.285
2024-05-14 17:00,0,0,0,5.310
2024-05-14 18:00,0,0,0,4.435
2024-05-14 19:00,0,0,0,3.812
2024-05-14 20:00,0,0,0.001,3.347
2024-05-14 21:00,0.032,0,0.052,4.511
2024-05-14 22:00,0.168,0.087,0.109,7.277
2024-05-14 23:00,0.369,0.274,0.144,11.606
2024-05-15 00:00,0.549,0.520,0.126,14.912
2024-05-15 01:00,0.686,0.701,0.142,17.146
2024-05-15 02:00,0.774,0.833,0.153,19.037
2024-05-15 03:00,0.817,0.908,0.158,20.535
2024-05-15 04:00,0.815,0.912,0.159,21.794
2024-05-15 05:00,0.768,0.847,0.154,22.884
2024-05-15 06:00,0.674,0.712,0.146,23.644
2024-05-15 07:00,0.538,0.533,0.131,23.996
2024-05-15 08:00,0.360,0.321,0.113,23.838
2024-05-15 09:00,0.158,0.108,0.090,22.894
2024-05-15 10:00,0.030,0,0.053,18.590
2024-05-15 11:00,0,0,0.002,15.375
2024-05-15 12:00,0,0,0,15.099
2024-05-15 13:00,0,0,0,14.407
2024-05-15 14:00,0,0,0,11.988
2024-05-15 15:00,0,0,0,9.942
2024-05-15 16:00,0,0,0,8.951
2024-05-15 17:00,0,0,0,7.999
2024-05-15 18:00,0,0,0,7.155
2024-05-15 19:00,0,0,0,6.430
2024-05-15 20:00,0,0,0.001,5.799
2024-05-15 21:00,0.025,0,0.046,7.077
2024-05-15 22:00,0.155,0.098,0.086,11.349
2024-05-15 23:00,0.356,0.300,0.111,14.849
2024-05-16 00:00,0.523,0.465,0.161,18.733
2024-05-16 01:00,0.554,0.411,0.266,21.652
2024-05-16 02:00,0.409,0.122,0.370,23.142
2024-05-16 03:00,0.467,0.173,0.398,24.574
2024-05-16 04:00,0.647,0.512,0.319,26.507
2024-05-16 05:00,0.651,0.576,0.269,27.703
2024-05-16 06:00,0.554,0.436,0.266,28.071
2024-05-16 07:00,0.420,0.266,0.253,27.874
2024-05-16 08:00,0.278,0.133,0.208,27.219
2024-05-16 09:00,0.147,0.051,0.137,25.417
2024-05-16 10:00,0.036,0,0.061,21.118
2024-05-16 11:00,0,0,0.002,17.933
2024-05-16 12:00,0,0,0,16.785
2024-05-16 13:00,0,0,0,15.456
2024-05-16 14:00,0,0,0,14.220
2024-05-16 15:00,0,0,0,13.260
2024-05-16 16:00,0,0,0,12.529
2024-05-16 17:00,0,0,0,11.788
2024-05-16 18:00,0,0,0,11.019
2024-05-16 19:00,0,0,0,10.336
2024-05-16 20:00,0,0,0.001,9.745
2024-05-16 21:00,0.030,0,0.052,10.875
2024-05-16 22:00,0.151,0.067,0.116,14.423
2024-05-16 23:00,0.334,0.242,0.149,17.798
2024-05-17 00:00,0.496,0.436,0.166,22.156
2024-05-17 01:00,0.625,0.613,0.181,25.591
2024-05-17 02:00,0.709,0.746,0.191,27.950
2024-05-17 03:00,0.758,0.839,0.190,29.724
2024-05-17 04:00,0.755,0.841,0.191,30.903
2024-05-17 05:00,0.711,0.776,0.186,31.649
2024-05-17 06:00,0.622,0.641,0.180,31.988
2024-05-17 07:00,0.493,0.466,0.165,31.985
2024-05-17 08:00,0.329,0.268,0.144,31.546
2024-05-17 09:00,0.152,0.084,0.113,30.218
2024-05-17 10:00,0.034,0,0.060,25.969
2024-05-17 11:00,0,0,0.002,22.729
2024-05-17 12:00,0,0,0,21.461
2024-05-17 13:00,0,0,0,20.480
2024-05-17 14:00,0,0,0,19.561
2024-05-17 15:00,0,0,0,18.916
2024-05-17 16:00,0,0,0,18.612
2024-05-17 17:00,0,0,0,18.229
2024-05-17 18:00,0,0,0,17.184
2024-05-17 19:00,0,0,0,16.060
2024-05-17 20:00,0,0,0.001,15.002
2024-05-17 21:00,0.024,0,0.046,14.847
2024-05-17 22:00,0.130,0.034,0.128,16.154
2024-05-17 23:00,0.264,0.114,0.197,17.875
2024-05-18 00:00,0.332,0.092,0.298,18.653
2024-05-18 01:00,0.345,0.067,0.338,18.553
2024-05-18 02:00,0.522,0.226,0.401,19.607
2024-05-18 03:00,0.727,0.623,0.303,21.467
2024-05-18 04:00,0.692,0.541,0.337,22.426
2024-05-18 05:00,0.542,0.264,0.400,22.620
2024-05-18 06:00,0.372,0.087,0.358,22.548
2024-05-18 07:00,0.344,0.101,0.310,22.644
2024-05-18 08:00,0.249,0.063,0.237,22.101
2024-05-18 09:00,0.123,0.014,0.144,21.106
2024-05-18 10:00,0.028,0,0.052,19.399
2024-05-18 11:00,0,0,0.001,17.396
2024-05-18 12:00,0,0,0,16.082
2024-05-18 13:00,0,0,0,14.876
2024-05-18 14:00,0,0,0,14.021
2024-05-18 15:00,0,0,0,13.227
2024-05-18 16:00,0,0,0,12.485
2024-05-18 17:00,0,0,0,11.807
2024-05-18 18:00,0,0,0,11.140
2024-05-18 19:00,0,0,0,10.331
2024-05-18 20:00,0,0,0,9.458
2024-05-18 21:00,0.006,0,0.023,8.758
2024-05-18 22:00,0.040,0.001,0.061,8.434
2024-05-18 23:00,0.125,0.007,0.144,8.764
2024-05-19 00:00,0.135,0.006,0.156,8.961
2024-05-19 01:00,0.113,0.003,0.136,8.674
2024-05-19 02:00,0.129,0.004,0.152,8.389
2024-05-19 03:00,0.153,0.005,0.175,8.113
2024-05-19 04:00,0.157,0.005,0.179,7.985
2024-05-19 05:00,0.182,0.007,0.203,8.131
2024-05-19 06:00,0.258,0.020,0.271,8.868
2024-05-19 07:00,0.294,0.044,0.289,9.790
2024-05-19 08:00,0.265,0.059,0.241,10.441
2024-05-19 09:00,0.160,0.031,0.159,10.618
2024-05-19 10:00,0.046,0,0.069,9.881
2024-05-19 11:00,0,0,0.003,7.399
2024-05-19 12:00,0,0,0,6.724
2024-05-19 13:00,0,0,0,6.781
2024-05-19 14:00,0,0,0,6.698
2024-05-19 15:00,0,0,0,5.861
2024-05-19 16:00,0,0,0,4.697
2024-05-19 17:00,0,0,0,4.173
2024-05-19 18:00,0,0,0,3.940
2024-05-19 19:00,0,0,0,3.806
2024-05-19 20:00,0,0,0.001,3.776
2024-05-19 21:00,0.039,0,0.061,5.733
2024-05-19 22:00,0.172,0.078,0.123,10.249
2024-05-19 23:00,0.363,0.253,0.163,13.852
2024-05-20 00:00,0.536,0.491,0.146,16.950
2024-05-20 01:00,0.669,0.666,0.163,19.451
2024-05-20 02:00,0.751,0.788,0.178,21.749
2024-05-20 03:00,0.784,0.845,0.188,23.942
2024-05-20 04:00,0.785,0.860,0.185,25.442
2024-05-20 05:00,0.740,0.797,0.180,26.276
2024-05-20 06:00,0.648,0.660,0.174,26.672
2024-05-20 07:00,0.421,0.268,0.248,26.189
2024-05-20 08:00,0.228,0.063,0.216,24.979
2024-05-20 09:00,0.140,0.036,0.142,23.489
2024-05-20 10:00,0.039,0,0.064,20.566
2024-05-20 11:00,0,0,0.003,17.654
2024-05-20 12:00,0,0,0,16.580
2024-05-20 13:00,0,0,0,15.543
2024-05-20 14:00,0,0,0,14.746
2024-05-20 15:00,0,0,0,14.223
2024-05-20 16:00,0,0,0,13.756
2024-05-20 17:00,0,0,0,13.217
2024-05-20 18:00,0,0,0,12.220
2024-05-20 19:00,0,0,0,11.456
2024-05-20 20:00,0,0,0.001,11.250
2024-05-20 21:00,0.030,0,0.052,12.053
2024-05-20 22:00,0.143,0.047,0.128,14.169
2024-05-20 23:00,0.315,0.203,0.165,17.529
2024-05-21 00:00,0.478,0.391,0.184,21.324
2024-05-21 01:00,0.607,0.564,0.198,24.317
2024-05-21 02:00,0.692,0.695,0.207,26.758
2024-05-21 03:00,0.748,0.808,0.198,28.722
2024-05-21 04:00,0.744,0.807,0.200,30.099
2024-05-21 05:00,0.699,0.741,0.197,30.947
2024-05-21 06:00,0.614,0.618,0.187,31.292
2024-05-21 07:00,0.489,0.451,0.171,31.152
2024-05-21 08:00,0.328,0.260,0.149,30.424
2024-05-21 09:00,0.154,0.078,0.121,28.878
2024-05-21 10:00,0.038,0,0.064,25.833
2024-05-21 11:00,0,0,0.003,22.815
2024-05-21 12:00,0,0,0,21.156
2024-05-21 13:00,0,0,0,19.719
2024-05-21 14:00,0,0,0,18.322
2024-05-21 15:00,0,0,0,17.109
2024-05-21 16:00,0,0,0,16.114
2024-05-21 17:00,0,0,0,15.334
2024-05-21 18:00,0,0,0,14.811
2024-05-21 19:00,0,0,0,14.643
2024-05-21 20:00,0,0,0.002,14.400
2024-05-21 21:00,0.032,0,0.055,14.931
2024-05-21 22:00,0.147,0.061,0.119,16.762
2024-05-21 23:00,0.321,0.229,0.151,20.544
2024-05-22 00:00,0.481,0.402,0.188,24.761
2024-05-22 01:00,0.602,0.565,0.208,28.419
2024-05-22 02:00,0.680,0.687,0.221,31.191
2024-05-22 03:00,0.719,0.760,0.226,33.268
2024-05-22 04:00,0.715,0.762,0.227,34.704
2024-05-22 05:00,0.671,0.693,0.225,35.452
2024-05-22 06:00,0.586,0.566,0.217,35.636
2024-05-22 07:00,0.462,0.396,0.203,35.251
2024-05-22 08:00,0.293,0.175,0.196,33.981
2024-05-22 09:00,0.130,0.026,0.147,31.425
2024-05-22 10:00,0.033,0,0.059,28.300
2024-05-22 11:00,0,0,0.003,25.454
2024-05-22 12:00,0,0,0,23.380
2024-05-22 13:00,0,0,0,21.898
2024-05-22 14:00,0,0,0,20.453
2024-05-22 15:00,0,0,0,18.793
2024-05-22 16:00,0,0,0,16.722
2024-05-22 17:00,0,0,0,14.308
2024-05-22 18:00,0,0,0,12.979
2024-05-22 19:00,0,0,0,12.044
2024-05-22 20:00,0,0,0.001,11.223
2024-05-22 21:00,0.017,0,0.036,10.755
2024-05-22 22:00,0.115,0.014,0.128,10.946
2024-05-22 23:00,0.250,0.074,0.213,11.761
2024-05-23 00:00,0.207,0.014,0.226,12.107
2024-05-23 01:00,0.147,0.005,0.172,11.885
2024-05-23 02:00,0.187,0.007,0.212,12.019
2024-05-23 03:00,0.275,0.017,0.297,12.502
2024-05-23 04:00,0.318,0.026,0.337,13.052
2024-05-23 05:00,0.313,0.027,0.331,13.518
2024-05-23 06:00,0.227,0.013,0.250,13.547
2024-05-23 07:00,0.151,0.006,0.176,13.395
2024-05-23 08:00,0.122,0.005,0.147,13.353
2024-05-23 09:00,0.080,0.003,0.104,13.220
2024-05-23 10:00,0.028,0,0.050,12.759
2024-05-23 11:00,0,0,0.003,11.477
2024-05-23 12:00,0,0,0,10.910
2024-05-23 13:00,0,0,0,10.694
2024-05-23 14:00,0,0,0,10.469
2024-05-23 15:00,0,0,0,9.877
2024-05-23 16:00,0,0,0,9.164
2024-05-23 17:00,0,0,0,8.712
2024-05-23 18:00,0,0,0,8.053
2024-05-23 19:00,0,0,0,7.755
2024-05-23 20:00,0,0,0.002,7.371
2024-05-23 21:00,0.030,0,0.052,8.581
2024-05-23 22:00,0.116,0.009,0.135,9.984
2024-05-23 23:00,0.238,0.040,0.233,12.200
2024-05-24 00:00,0.377,0.123,0.312,14.893
2024-05-24 01:00,0.470,0.180,0.373,17.112
2024-05-24 02:00,0.514,0.195,0.419,18.656
2024-05-24 03:00,0.526,0.188,0.444,19.662
2024-05-24 04:00,0.478,0.130,0.441,19.862
2024-05-24 05:00,0.386,0.066,0.389,19.211
2024-05-24 06:00,0.363,0.067,0.360,18.786
2024-05-24 07:00,0.259,0.030,0.274,18.050
2024-05-24 08:00,0.154,0.010,0.178,16.917
2024-05-24 09:00,0.054,0.001,0.078,15.348
2024-05-24 10:00,0.007,0,0.025,13.880
2024-05-24 11:00,0,0,0.002,12.692
2024-05-24 12:00,0,0,0,11.955
2024-05-24 13:00,0,0,0,11.189
2024-05-24 14:00,0,0,0,10.534
2024-05-24 15:00,0,0,0,10.011
2024-05-24 16:00,0,0,0,9.568
2024-05-24 17:00,0,0,0,9.326
2024-05-24 18:00,0,0,0,9.054
2024-05-24 19:00,0,0,0,8.857
2024-05-24 20:00,0,0,0.001,8.882
2024-05-24 21:00,0.014,0,0.033,9.781
2024-05-24 22:00,0.074,0.003,0.096,10.905
2024-05-24 23:00,0.143,0.009,0.164,12.404
2024-05-25 00:00,0.204,0.015,0.224,13.751
2024-05-25 01:00,0.206,0.011,0.231,14.614
2024-05-25 02:00,0.219,0.011,0.246,15.255
2024-05-25 03:00,0.212,0.010,0.240,15.510
2024-05-25 04:00,0.180,0.007,0.208,15.342
2024-05-25 05:00,0.165,0.006,0.193,15.191
2024-05-25 06:00,0.167,0.007,0.195,15.303
2024-05-25 07:00,0.175,0.009,0.201,15.675
2024-05-25 08:00,0.136,0.007,0.161,15.723
2024-05-25 09:00,0.093,0.004,0.117,15.285
2024-05-25 10:00,0.034,0,0.057,14.266
2024-05-25 11:00,0,0,0.004,12.668
2024-05-25 12:00,0,0,0,11.725
2024-05-25 13:00,0,0,0,11.148
2024-05-25 14:00,0,0,0,10.859
2024-05-25 15:00,0,0,0,10.948
2024-05-25 16:00,0,0,0,11.018
2024-05-25 17:00,0,0,0,10.822
2024-05-25 18:00,0,0,0,10.217
2024-05-25 19:00,0,0,0,9.344
2024-05-25 20:00,0,0,0.002,8.495
2024-05-25 21:00,0.041,0,0.064,8.488
2024-05-25 22:00,0.177,0.066,0.140,9.460
2024-05-25 23:00,0.367,0.232,0.182,10.778
2024-05-26 00:00,0.516,0.413,0.182,12.198
2024-05-26 01:00,0.533,0.320,0.299,13.038
2024-05-26 02:00,0.597,0.372,0.335,14.098
2024-05-26 03:00,0.763,0.712,0.240,16.128
2024-05-26 04:00,0.751,0.693,0.249,17.473
2024-05-26 05:00,0.643,0.483,0.302,17.794
2024-05-26 06:00,0.517,0.300,0.315,17.859
2024-05-26 07:00,0.420,0.223,0.270,17.861
2024-05-26 08:00,0.295,0.131,0.214,17.341
2024-05-26 09:00,0.145,0.029,0.149,16.454
2024-05-26 10:00,0.044,0,0.068,15.397
2024-05-26 11:00,0,0,0.004,13.809
2024-05-26 12:00,0,0,0,12.668
2024-05-26 13:00,0,0,0,11.718
2024-05-26 14:00,0,0,0,10.879
2024-05-26 15:00,0,0,0,10.103
2024-05-26 16:00,0,0,0,9.425
2024-05-26 17:00,0,0,0,8.732
2024-05-26 18:00,0,0,0,8.107
2024-05-26 19:00,0,0,0,7.808
2024-05-26 20:00,0,0,0.003,7.799
2024-05-26 21:00,0.038,0,0.061,9.244
2024-05-26 22:00,0.164,0.083,0.111,11.857
2024-05-26 23:00,0.351,0.266,0.140,15.804
2024-05-27 00:00,0.525,0.486,0.143,19.029
2024-05-27 01:00,0.658,0.665,0.157,21.199
2024-05-27 02:00,0.746,0.798,0.167,22.798
2024-05-27 03:00,0.788,0.868,0.172,23.936
2024-05-27 04:00,0.788,0.872,0.173,24.622
2024-05-27 05:00,0.744,0.807,0.169,24.969
2024-05-27 06:00,0.656,0.676,0.162,24.973
2024-05-27 07:00,0.518,0.484,0.155,24.605
2024-05-27 08:00,0.337,0.255,0.151,23.746
2024-05-27 09:00,0.157,0.063,0.133,22.373
2024-05-27 10:00,0.043,0,0.068,19.510
2024-05-27 11:00,0,0,0.005,16.199
2024-05-27 12:00,0,0,0,15.900
2024-05-27 13:00,0,0,0,16.274
2024-05-27 14:00,0,0,0,15.044
2024-05-27 15:00,0,0,0,12.983
2024-05-27 16:00,0,0,0,11.462
2024-05-27 17:00,0,0,0,10.594
2024-05-27 18:00,0,0,0,10.007
2024-05-27 19:00,0,0,0,9.439
2024-05-27 20:00,0,0,0.003,8.940
2024-05-27 21:00,0.035,0,0.057,10.918
2024-05-27 22:00,0.159,0.094,0.098,14.838
2024-05-27 23:00,0.348,0.285,0.123,18.304
2024-05-28 00:00,0.516,0.475,0.153,22.549
2024-05-28 01:00,0.645,0.649,0.170,24.501
2024-05-28 02:00,0.731,0.777,0.182,25.674
2024-05-28 03:00,0.776,0.853,0.186,26.537
2024-05-28 04:00,0.775,0.853,0.188,27.132
2024-05-28 05:00,0.731,0.786,0.184,27.544
2024-05-28 06:00,0.638,0.643,0.181,27.700
2024-05-28 07:00,0.510,0.471,0.167,27.620
2024-05-28 08:00,0.342,0.269,0.150,27.229
2024-05-28 09:00,0.162,0.077,0.128,26.309
2024-05-28 10:00,0.045,0,0.072,22.927
2024-05-28 11:00,0,0,0.005,19.568
2024-05-28 12:00,0,0,0,18.594
2024-05-28 13:00,0,0,0,17.680
2024-05-28 14:00,0,0,0,17.264
2024-05-28 15:00,0,0,0,16.777
2024-05-28 16:00,0,0,0,16.302
2024-05-28 17:00,0,0,0,15.637
2024-05-28 18:00,0,0,0,15.232
2024-05-28 19:00,0,0,0,15.232
2024-05-28 20:00,0,0,0.002,15.480
2024-05-28 21:00,0.020,0,0.041,16.149
2024-05-28 22:00,0.088,0.007,0.111,17.620
2024-05-28 23:00,0.221,0.056,0.209,20.354
2024-05-29 00:00,0.292,0.052,0.299,22.996
2024-05-29 01:00,0.267,0.027,0.297,24.166
2024-05-29 02:00,0.256,0.020,0.292,24.869
2024-05-29 03:00,0.297,0.027,0.334,25.685
2024-05-29 04:00,0.411,0.081,0.424,26.743
2024-05-29 05:00,0.515,0.215,0.430,27.208
2024-05-29 06:00,0.315,0.044,0.340,25.833
2024-05-29 07:00,0.105,0.003,0.136,23.209
2024-05-29 08:00,0.063,0.002,0.090,20.673
2024-05-29 09:00,0.034,0.001,0.057,18.341
2024-05-29 10:00,0.008,0,0.027,16.482
2024-05-29 11:00,0,0,0.002,15.020
2024-05-29 12:00,0,0,0,14.282
2024-05-29 13:00,0,0,0,14.002
2024-05-29 14:00,0,0,0,14.015
2024-05-29 15:00,0,0,0,13.946
2024-05-29 16:00,0,0,0,13.982
2024-05-29 17:00,0,0,0,14.185
2024-05-29 18:00,0,0,0,14.341
2024-05-29 19:00,0,0,0,14.313
2024-05-29 20:00,0,0,0.002,14.042
2024-05-29 21:00,0.030,0,0.052,14.340
2024-05-29 22:00,0.155,0.030,0.158,15.786
2024-05-29 23:00,0.344,0.210,0.194,19.052
2024-05-30 00:00,0.506,0.450,0.166,22.601
2024-05-30 01:00,0.632,0.618,0.183,25.130
2024-05-30 02:00,0.714,0.741,0.196,26.862
2024-05-30 03:00,0.757,0.816,0.201,28.038
2024-05-30 04:00,0.757,0.818,0.202,28.696
2024-05-30 05:00,0.703,0.721,0.210,28.735
2024-05-30 06:00,0.586,0.513,0.235,28.096
2024-05-30 07:00,0.436,0.292,0.245,26.941
2024-05-30 08:00,0.290,0.140,0.212,25.337
2024-05-30 09:00,0.153,0.043,0.150,23.053
2024-05-30 10:00,0.045,0,0.071,20.291
2024-05-30 11:00,0,0,0.005,17.240
2024-05-30 12:00,0,0,0,15.088
2024-05-30 13:00,0,0,0,13.542
2024-05-30 14:00,0,0,0,12.492
2024-05-30 15:00,0,0,0,11.916
2024-05-30 16:00,0,0,0,11.432
2024-05-30 17:00,0,0,0,10.928
2024-05-30 18:00,0,0,0,10.327
2024-05-30 19:00,0,0,0,9.648
2024-05-30 20:00,0,0,0.002,8.985
2024-05-30 21:00,0.030,0,0.052,8.832
2024-05-30 22:00,0.138,0.026,0.140,9.818
2024-05-30 23:00,0.321,0.183,0.181,11.580
2024-05-31 00:00,0.508,0.405,0.183,13.437
2024-05-31 01:00,0.649,0.588,0.193,15.331
2024-05-31 02:00,0.736,0.711,0.205,17.060
2024-05-31 03:00,0.749,0.705,0.239,18.373
2024-05-31 04:00,0.681,0.543,0.301,18.987
2024-05-31 05:00,0.587,0.378,0.335,19.242
2024-05-31 06:00,0.526,0.329,0.303,19.491
2024-05-31 07:00,0.440,0.271,0.252,19.721
2024-05-31 08:00,0.298,0.141,0.210,19.467
2024-05-31 09:00,0.154,0.039,0.150,18.692
2024-05-31 10:00,0.047,0,0.073,17.274
2024-05-31 11:00,0,0,0.006,14.239
2024-05-31 12:00,0,0,0,12.880
2024-05-31 13:00,0,0,0,12.087
2024-05-31 14:00,0,0,0,11.417
2024-05-31 15:00,0,0,0,10.808
2024-05-31 16:00,0,0,0,10.199
2024-05-31 17:00,0,0,0,9.636
2024-05-31 18:00,0,0,0,9.109
2024-05-31 19:00,0,0,0,8.648
2024-05-31 20:00,0,0,0.004,8.384
2024-05-31 21:00,0.039,0,0.062,10.236
2024-05-31 22:00,0.165,0.089,0.107,12.870
2024-05-31 23:00,0.350,0.270,0.137,16.676
2024-06-01 00:00,0.516,0.464,0.153,19.243
2024-06-01 01:00,0.632,0.599,0.183,20.602
2024-06-01 02:00,0.697,0.668,0.214,21.689
2024-06-01 03:00,0.722,0.689,0.237,22.588
2024-06-01 04:00,0.710,0.662,0.249,23.234
2024-06-01 05:00,0.662,0.591,0.250,23.711
2024-06-01 06:00,0.595,0.522,0.222,23.971
2024-06-01 07:00,0.494,0.419,0.184,23.851
2024-06-01 08:00,0.347,0.269,0.147,23.269
2024-06-01 09:00,0.170,0.096,0.114,22.259
2024-06-01 10:00,0.044,0,0.070,19.723
2024-06-01 11:00,0,0,0.007,15.760
2024-06-01 12:00,0,0,0,14.444
2024-06-01 13:00,0,0,0,13.896
2024-06-01 14:00,0,0,0,13.242
2024-06-01 15:00,0,0,0,11.914
2024-06-01 16:00,0,0,0,11.031
2024-06-01 17:00,0,0,0,10.666
2024-06-01 18:00,0,0,0,10.406
2024-06-01 19:00,0,0,0,10.050
2024-06-01 20:00,0,0,0.004,9.685
2024-06-01 21:00,0.039,0,0.062,11.169
2024-06-01 22:00,0.161,0.087,0.106,13.651
2024-06-01 23:00,0.348,0.275,0.131,16.888
2024-06-02 00:00,0.517,0.475,0.148,20.086
2024-06-02 01:00,0.646,0.647,0.164,22.295
2024-06-02 02:00,0.731,0.771,0.176,23.788
2024-06-02 03:00,0.772,0.839,0.182,24.908
2024-06-02 04:00,0.771,0.839,0.184,25.648
2024-06-02 05:00,0.728,0.775,0.180,26.064
2024-06-02 06:00,0.641,0.647,0.173,26.039
2024-06-02 07:00,0.515,0.482,0.157,25.603
2024-06-02 08:00,0.352,0.289,0.137,24.758
2024-06-02 09:00,0.170,0.102,0.110,23.534
2024-06-02 10:00,0.043,0,0.069,21.007
2024-06-02 11:00,0,0,0.007,17.369
2024-06-02 12:00,0,0,0,16.653
2024-06-02 13:00,0,0,0,16.730
2024-06-02 14:00,0,0,0,16.607
2024-06-02 15:00,0,0,0,15.855
2024-06-02 16:00,0,0,0,14.638
2024-06-02 17:00,0,0,0,13.570
2024-06-02 18:00,0,0,0,12.772
2024-06-02 19:00,0,0,0,12.211
2024-06-02 20:00,0,0,0.004,11.789
2024-06-02 21:00,0.040,0,0.064,13.144
2024-06-02 22:00,0.148,0.051,0.131,16.194
2024-06-02 23:00,0.298,0.171,0.180,18.994
2024-06-03 00:00,0.455,0.343,0.204,22.217
2024-06-03 01:00,0.594,0.537,0.207,24.325
2024-06-03 02:00,0.696,0.701,0.202,25.931
2024-06-03 03:00,0.746,0.792,0.200,27.167
2024-06-03 04:00,0.744,0.792,0.202,27.944
2024-06-03 05:00,0.701,0.727,0.199,28.324
2024-06-03 06:00,0.615,0.599,0.192,28.362
2024-06-03 07:00,0.491,0.436,0.178,28.065
2024-06-03 08:00,0.333,0.251,0.157,27.443
2024-06-03 09:00,0.164,0.082,0.126,26.460
2024-06-03 10:00,0.046,0,0.073,24.017
2024-06-03 11:00,0,0,0.007,20.682
2024-06-03 12:00,0,0,0,18.681
2024-06-03 13:00,0,0,0,17.443
2024-06-03 14:00,0,0,0,16.489
2024-06-03 15:00,0,0,0,15.644
2024-06-03 16:00,0,0,0,14.916
2024-06-03 17:00,0,0,0,14.323
2024-06-03 18:00,0,0,0,13.813
2024-06-03 19:00,0,0,0,13.362
2024-06-03 20:00,0,0,0.004,13.026
2024-06-03 21:00,0.040,0,0.064,15.004
2024-06-03 22:00,0.156,0.081,0.112,18.661
2024-06-03 23:00,0.333,0.256,0.140,21.786
2024-06-04 00:00,0.491,0.414,0.193,26.071
2024-06-04 01:00,0.612,0.573,0.214,28.080
2024-06-04 02:00,0.691,0.683,0.232,29.243
2024-06-04 03:00,0.729,0.741,0.242,30.153
2024-06-04 04:00,0.709,0.688,0.265,30.706
2024-06-04 05:00,0.625,0.513,0.306,30.798
2024-06-04 06:00,0.487,0.279,0.338,30.436
2024-06-04 07:00,0.317,0.088,0.305,29.666
2024-06-04 08:00,0.181,0.023,0.207,28.654
2024-06-04 09:00,0.095,0.006,0.124,27.126
2024-06-04 10:00,0.026,0,0.050,24.655
2024-06-04 11:00,0,0,0.004,22.470
2024-06-04 12:00,0,0,0,21.411
2024-06-04 13:00,0,0,0,20.420
2024-06-04 14:00,0,0,0,19.315
2024-06-04 15:00,0,0,0,18.276
2024-06-04 16:00,0,0,0,17.628
2024-06-04 17:00,0,0,0,17.138
2024-06-04 18:00,0,0,0,16.701
2024-06-04 19:00,0,0,0,16.376
2024-06-04 20:00,0,0,0.003,16.214
2024-06-04 21:00,0.025,0,0.047,16.922
2024-06-04 22:00,0.104,0.008,0.127,18.114
2024-06-04 23:00,0.212,0.039,0.216,20.061
2024-06-05 00:00,0.350,0.110,0.310,23.016
2024-06-05 01:00,0.464,0.205,0.364,25.197
2024-06-05 02:00,0.535,0.271,0.399,26.557
2024-06-05 03:00,0.526,0.225,0.434,27.326
2024-06-05 04:00,0.441,0.116,0.430,27.289
2024-06-05 05:00,0.320,0.042,0.350,26.714
2024-06-05 06:00,0.241,0.021,0.275,25.981
2024-06-05 07:00,0.175,0.011,0.208,25.114
2024-06-05 08:00,0.111,0.005,0.142,24.277
2024-06-05 09:00,0.059,0.002,0.086,23.462
2024-06-05 10:00,0.021,0,0.043,22.150
2024-06-05 11:00,0,0,0.005,20.325
2024-06-05 12:00,0,0,0,19.353
2024-06-05 13:00,0,0,0,18.782
2024-06-05 14:00,0,0,0,18.134
2024-06-05 15:00,0,0,0,17.228
2024-06-05 16:00,0,0,0,16.224
2024-06-05 17:00,0,0,0,15.337
2024-06-05 18:00,0,0,0,14.559
2024-06-05 19:00,0,0,0,13.956
2024-06-05 20:00,0,0,0.005,13.505
2024-06-05 21:00,0.047,0,0.072,14.361
2024-06-05 22:00,0.162,0.042,0.154,16.575
2024-06-05 23:00,0.308,0.144,0.220,20.057
2024-06-06 00:00,0.438,0.275,0.253,22.705
2024-06-06 01:00,0.556,0.411,0.280,24.591
2024-06-06 02:00,0.652,0.559,0.280,26.324
2024-06-06 03:00,0.726,0.713,0.252,27.971
2024-06-06 04:00,0.727,0.723,0.250,29.209
2024-06-06 05:00,0.680,0.651,0.250,29.980
2024-06-06 06:00,0.593,0.525,0.243,30.318
2024-06-06 07:00,0.457,0.333,0.241,30.130
2024-06-06 08:00,0.242,0.064,0.238,29.072
2024-06-06 09:00,0.135,0.020,0.156,27.898
2024-06-06 10:00,0.051,0,0.080,25.883
2024-06-06 11:00,0,0,0.008,22.976
2024-06-06 12:00,0,0,0,21.622
2024-06-06 13:00,0,0,0,20.883
2024-06-06 14:00,0,0,0,20.166
2024-06-06 15:00,0,0,0,19.573
2024-06-06 16:00,0,0,0,19.067
2024-06-06 17:00,0,0,0,18.510
2024-06-06 18:00,0,0,0,17.963
2024-06-06 19:00,0,0,0,17.376
2024-06-06 20:00,0,0,0.002,16.984
2024-06-06 21:00,0.006,0,0.024,16.652
2024-06-06 22:00,0.032,0.001,0.054,16.563
2024-06-06 23:00,0.065,0.002,0.090,16.783
2024-06-07 00:00,0.097,0.003,0.125,17.038
2024-06-07 01:00,0.134,0.004,0.163,17.261
2024-06-07 02:00,0.167,0.006,0.197,17.736
2024-06-07 03:00,0.191,0.007,0.222,18.000
2024-06-07 04:00,0.197,0.008,0.228,18.023
2024-06-07 05:00,0.191,0.008,0.222,18.029
2024-06-07 06:00,0.145,0.005,0.174,17.963
2024-06-07 07:00,0.092,0.002,0.120,17.832
2024-06-07 08:00,0.065,0.001,0.091,17.746
2024-06-07 09:00,0.033,0.001,0.056,17.421
2024-06-07 10:00,0.010,0,0.028,16.625
2024-06-07 11:00,0,0,0.005,15.215
2024-06-07 12:00,0,0,0,14.049
2024-06-07 13:00,0,0,0,13.372
2024-06-07 14:00,0,0,0,13.024
2024-06-07 15:00,0,0,0,12.583
2024-06-07 16:00,0,0,0,12.076
2024-06-07 17:00,0,0,0,11.544
2024-06-07 18:00,0,0,0,10.990
2024-06-07 19:00,0,0,0,10.495
2024-06-07 20:00,0,0,0.006,10.137
2024-06-07 21:00,0.055,0,0.079,11.729
2024-06-07 22:00,0.183,0.075,0.142,14.509
2024-06-07 23:00,0.362,0.238,0.186,18.484
2024-06-08 00:00,0.518,0.493,0.140,23.050
2024-06-08 01:00,0.644,0.665,0.156,25.170
2024-06-08 02:00,0.727,0.791,0.167,26.579
2024-06-08 03:00,0.768,0.858,0.174,27.759
2024-06-08 04:00,0.761,0.847,0.179,28.701
2024-06-08 05:00,0.710,0.763,0.183,29.392
2024-06-08 06:00,0.581,0.532,0.216,29.591
2024-06-08 07:00,0.448,0.346,0.214,29.395
2024-06-08 08:00,0.309,0.201,0.181,28.850
2024-06-08 09:00,0.161,0.070,0.135,27.835
2024-06-08 10:00,0.048,0,0.075,25.015
2024-06-08 11:00,0,0,0.009,21.379
2024-06-08 12:00,0,0,0,19.777
2024-06-08 13:00,0,0,0,18.657
2024-06-08 14:00,0,0,0,17.497
2024-06-08 15:00,0,0,0,16.131
2024-06-08 16:00,0,0,0,14.412
2024-06-08 17:00,0,0,0,13.058
2024-06-08 18:00,0,0,0,12.102
2024-06-08 19:00,0,0,0,11.292
2024-06-08 20:00,0,0,0.006,10.710
2024-06-08 21:00,0.037,0,0.061,12.542
2024-06-08 22:00,0.162,0.099,0.097,15.478
2024-06-08 23:00,0.352,0.293,0.120,19.128
2024-06-09 00:00,0.520,0.489,0.143,22.140
2024-06-09 01:00,0.646,0.659,0.160,24.412
2024-06-09 02:00,0.727,0.783,0.172,26.228
2024-06-09 03:00,0.767,0.852,0.178,27.640
2024-06-09 04:00,0.764,0.852,0.180,28.633
2024-06-09 05:00,0.721,0.786,0.177,29.265
2024-06-09 06:00,0.634,0.656,0.171,29.556
2024-06-09 07:00,0.508,0.485,0.158,29.542
2024-06-09 08:00,0.346,0.289,0.140,29.134
2024-06-09 09:00,0.170,0.106,0.111,28.214
2024-06-09 10:00,0.045,0,0.073,25.670
2024-06-09 11:00,0,0,0.009,21.439
2024-06-09 12:00,0,0,0,19.610
2024-06-09 13:00,0,0,0,19.135
2024-06-09 14:00,0,0,0,19.071
2024-06-09 15:00,0,0,0,18.712
2024-06-09 16:00,0,0,0,18.590
2024-06-09 17:00,0,0,0,18.272
2024-06-09 18:00,0,0,0,17.439
2024-06-09 19:00,0,0,0,16.923
2024-06-09 20:00,0,0,0.004,16.862
2024-06-09 21:00,0.033,0,0.057,16.950
2024-06-09 22:00,0.138,0.032,0.140,18.543
2024-06-09 23:00,0.304,0.190,0.173,22.323
2024-06-10 00:00,0.481,0.399,0.198,26.951
2024-06-10 01:00,0.602,0.575,0.211,31.155
2024-06-10 02:00,0.677,0.694,0.225,33.944
2024-06-10 03:00,0.703,0.725,0.246,35.402
2024-06-10 04:00,0.696,0.712,0.253,36.096
2024-06-10 05:00,0.656,0.646,0.251,36.095
2024-06-10 06:00,0.550,0.450,0.274,34.795
2024-06-10 07:00,0.225,0.028,0.253,29.130
2024-06-10 08:00,0.070,0.003,0.098,24.266
2024-06-10 09:00,0.034,0.001,0.058,22.724
2024-06-10 10:00,0.007,0,0.025,22.146
2024-06-10 11:00,0,0,0.004,21.258
2024-06-10 12:00,0,0,0,20.638
2024-06-10 13:00,0,0,0,20.272
2024-06-10 14:00,0,0,0,19.822
2024-06-10 15:00,0,0,0,19.549
2024-06-10 16:00,0,0,0,19.178
2024-06-10 17:00,0,0,0,18.436
2024-06-10 18:00,0,0,0,17.648
2024-06-10 19:00,0,0,0,17.115
2024-06-10 20:00,0,0,0.005,16.984
2024-06-10 21:00,0.045,0,0.070,17.901
2024-06-10 22:00,0.153,0.041,0.148,19.894
2024-06-10 23:00,0.320,0.203,0.182,23.402
2024-06-11 00:00,0.481,0.417,0.179,26.608
2024-06-11 01:00,0.604,0.583,0.195,29.006
2024-06-11 02:00,0.683,0.704,0.207,30.829
2024-06-11 03:00,0.726,0.780,0.210,32.210
2024-06-11 04:00,0.725,0.783,0.211,33.101
2024-06-11 05:00,0.682,0.717,0.209,33.607
2024-06-11 06:00,0.595,0.582,0.206,33.747
2024-06-11 07:00,0.463,0.388,0.205,33.512
2024-06-11 08:00,0.293,0.164,0.206,32.737
2024-06-11 09:00,0.130,0.021,0.152,31.025
2024-06-11 10:00,0.042,0,0.070,28.566
2024-06-11 11:00,0,0,0.009,25.878
2024-06-11 12:00,0,0,0,23.759
2024-06-11 13:00,0,0,0,22.557
2024-06-11 14:00,0,0,0,21.504
2024-06-11 15:00,0,0,0,20.604
2024-06-11 16:00,0,0,0,20.012
2024-06-11 17:00,0,0,0,18.795
2024-06-11 18:00,0,0,0,17.693
2024-06-11 19:00,0,0,0,16.914
2024-06-11 20:00,0,0,0.005,16.460
2024-06-11 21:00,0.040,0,0.065,17.134
2024-06-11 22:00,0.146,0.038,0.143,18.601
2024-06-11 23:00,0.321,0.215,0.167,20.876
2024-06-12 00:00,0.461,0.348,0.211,23.468
2024-06-12 01:00,0.569,0.470,0.243,25.635
2024-06-12 02:00,0.662,0.616,0.243,27.654
2024-06-12 03:00,0.697,0.671,0.254,29.263
2024-06-12 04:00,0.692,0.664,0.258,30.355
2024-06-12 05:00,0.645,0.592,0.260,31.065
2024-06-12 06:00,0.551,0.451,0.261,31.432
2024-06-12 07:00,0.382,0.195,0.283,31.175
2024-06-12 08:00,0.242,0.073,0.231,30.582
2024-06-12 09:00,0.141,0.028,0.157,29.757
2024-06-12 10:00,0.050,0,0.079,27.948
2024-06-12 11:00,0,0,0.009,25.202
2024-06-12 12:00,0,0,0,23.249
2024-06-12 13:00,0,0,0,21.685
2024-06-12 14:00,0,0,0,20.772
2024-06-12 15:00,0,0,0,20.374
2024-06-12 16:00,0,0,0,19.952
2024-06-12 17:00,0,0,0,19.421
2024-06-12 18:00,0,0,0,18.923
2024-06-12 19:00,0,0,0,18.610
2024-06-12 20:00,0,0,0.005,18.098
2024-06-12 21:00,0.045,0,0.070,18.965
2024-06-12 22:00,0.157,0.068,0.127,21.087
2024-06-12 23:00,0.323,0.227,0.162,23.948
2024-06-13 00:00,0.479,0.378,0.212,25.883
2024-06-13 01:00,0.598,0.526,0.236,27.296
2024-06-13 02:00,0.673,0.622,0.259,28.537
2024-06-13 03:00,0.681,0.599,0.301,29.553
2024-06-13 04:00,0.650,0.523,0.333,30.372
2024-06-13 05:00,0.525,0.279,0.391,30.498
2024-06-13 06:00,0.299,0.047,0.324,29.553
2024-06-13 07:00,0.115,0.005,0.148,27.761
2024-06-13 08:00,0.062,0.002,0.090,25.629
2024-06-13 09:00,0.031,0.001,0.055,23.033
2024-06-13 10:00,0.017,0,0.039,20.780
2024-06-13 11:00,0,0,0.004,19.156
2024-06-13 12:00,0,0,0,18.114
2024-06-13 13:00,0,0,0,17.727
2024-06-13 14:00,0,0,0,17.369
2024-06-13 15:00,0,0,0,16.915
2024-06-13 16:00,0,0,0,16.282
2024-06-13 17:00,0,0,0,15.337
2024-06-13 18:00,0,0,0,15.019
2024-06-13 19:00,0,0,0,14.532
2024-06-13 20:00,0,0,0.006,13.824
2024-06-13 21:00,0.050,0,0.075,15.086
2024-06-13 22:00,0.167,0.066,0.136,17.211
2024-06-13 23:00,0.342,0.236,0.168,20.111
2024-06-14 00:00,0.503,0.454,0.158,22.609
2024-06-14 01:00,0.628,0.618,0.175,24.475
2024-06-14 02:00,0.715,0.750,0.184,26.013
2024-06-14 03:00,0.757,0.822,0.189,27.073
2024-06-14 04:00,0.756,0.820,0.192,27.601
2024-06-14 05:00,0.702,0.724,0.200,27.716
2024-06-14 06:00,0.569,0.478,0.241,27.132
2024-06-14 07:00,0.435,0.295,0.239,26.145
2024-06-14 08:00,0.296,0.152,0.207,24.859
2024-06-14 09:00,0.162,0.055,0.148,23.630
2024-06-14 10:00,0.051,0,0.079,22.174
2024-06-14 11:00,0,0,0.009,19.183
2024-06-14 12:00,0,0,0,17.665
2024-06-14 13:00,0,0,0,16.787
2024-06-14 14:00,0,0,0,16.004
2024-06-14 15:00,0,0,0,15.315
2024-06-14 16:00,0,0,0,14.494
2024-06-14 17:00,0,0,0,13.766
2024-06-14 18:00,0,0,0,13.081
2024-06-14 19:00,0,0,0,12.447
2024-06-14 20:00,0,0,0.006,11.971
2024-06-14 21:00,0.041,0,0.065,13.078
2024-06-14 22:00,0.161,0.089,0.106,15.282
2024-06-14 23:00,0.347,0.271,0.134,17.504
2024-06-15 00:00,0.511,0.459,0.153,19.371
2024-06-15 01:00,0.628,0.598,0.179,21.079
2024-06-15 02:00,0.697,0.681,0.205,22.523
2024-06-15 03:00,0.732,0.731,0.217,23.620
2024-06-15 04:00,0.747,0.775,0.203,24.496
2024-06-15 05:00,0.718,0.746,0.188,25.150
2024-06-15 06:00,0.641,0.646,0.172,25.471
2024-06-15 07:00,0.518,0.487,0.154,25.377
2024-06-15 08:00,0.353,0.289,0.138,24.960
2024-06-15 09:00,0.174,0.104,0.113,24.257
2024-06-15 10:00,0.046,0,0.073,22.720
2024-06-15 11:00,0,0,0.010,21.242
2024-06-15 12:00,0,0,0,20.413
2024-06-15 13:00,0,0,0,18.546
2024-06-15 14:00,0,0,0,16.673
2024-06-15 15:00,0,0,0,15.381
2024-06-15 16:00,0,0,0,14.475
2024-06-15 17:00,0,0,0,13.810
2024-06-15 18:00,0,0,0,13.306
2024-06-15 19:00,0,0,0,12.902
2024-06-15 20:00,0,0,0.006,12.666
2024-06-15 21:00,0.041,0,0.065,14.914
2024-06-15 22:00,0.158,0.087,0.105,17.527
2024-06-15 23:00,0.337,0.271,0.131,21.594
2024-06-16 00:00,0.500,0.467,0.148,24.851
2024-06-16 01:00,0.626,0.638,0.163,26.701
2024-06-16 02:00,0.709,0.764,0.173,28.133
2024-06-16 03:00,0.751,0.839,0.177,29.429
2024-06-16 04:00,0.749,0.839,0.179,30.497
2024-06-16 05:00,0.706,0.775,0.176,31.291
2024-06-16 06:00,0.620,0.648,0.169,31.770
2024-06-16 07:00,0.498,0.481,0.156,31.914
2024-06-16 08:00,0.340,0.288,0.138,31.605
2024-06-16 09:00,0.169,0.105,0.112,30.691
2024-06-16 10:00,0.044,0,0.072,27.621
2024-06-16 11:00,0,0,0.010,23.569
2024-06-16 12:00,0,0,0,21.827
2024-06-16 13:00,0,0,0,21.180
2024-06-16 14:00,0,0,0,20.884
2024-06-16 15:00,0,0,0,20.434
2024-06-16 16:00,0,0,0,19.632
2024-06-16 17:00,0,0,0,18.737
2024-06-16 18:00,0,0,0,17.621
2024-06-16 19:00,0,0,0,16.641
2024-06-16 20:00,0,0,0.006,15.965
2024-06-16 21:00,0.039,0,0.063,17.542
2024-06-16 22:00,0.155,0.090,0.102,19.986
2024-06-16 23:00,0.334,0.274,0.128,23.836
2024-06-17 00:00,0.492,0.456,0.158,27.734
2024-06-17 01:00,0.611,0.622,0.176,30.699
2024-06-17 02:00,0.688,0.744,0.188,32.833
2024-06-17 03:00,0.727,0.811,0.194,34.214
2024-06-17 04:00,0.724,0.810,0.196,35.205
2024-06-17 05:00,0.674,0.723,0.202,35.872
2024-06-17 06:00,0.573,0.550,0.214,36.087
2024-06-17 07:00,0.431,0.332,0.226,35.815
2024-06-17 08:00,0.291,0.172,0.200,35.112
2024-06-17 09:00,0.148,0.043,0.154,33.823
2024-06-17 10:00,0.048,0,0.077,31.059
2024-06-17 11:00,0,0,0.009,28.281
2024-06-17 12:00,0,0,0,26.353
2024-06-17 13:00,0,0,0,25.046
2024-06-17 14:00,0,0,0,23.608
2024-06-17 15:00,0,0,0,23.210
2024-06-17 16:00,0,0,0,22.490
2024-06-17 17:00,0,0,0,20.549
2024-06-17 18:00,0,0,0,19.212
2024-06-17 19:00,0,0,0,18.047
2024-06-17 20:00,0,0,0.006,17.132
2024-06-17 21:00,0.044,0,0.070,18.407
2024-06-17 22:00,0.155,0.076,0.117,20.698
2024-06-17 23:00,0.327,0.247,0.146,23.643
2024-06-18 00:00,0.488,0.421,0.185,26.931
2024-06-18 01:00,0.603,0.576,0.207,30.156
2024-06-18 02:00,0.675,0.689,0.223,33.377
2024-06-18 03:00,0.713,0.761,0.228,35.388
2024-06-18 04:00,0.698,0.727,0.243,36.528
2024-06-18 05:00,0.623,0.570,0.277,36.997
2024-06-18 06:00,0.501,0.349,0.310,36.687
2024-06-18 07:00,0.268,0.055,0.287,34.957
2024-06-18 08:00,0.117,0.008,0.151,32.581
2024-06-18 09:00,0.066,0.003,0.096,30.577
2024-06-18 10:00,0.024,0,0.048,28.886
2024-06-18 11:00,0,0,0.005,26.873
2024-06-18 12:00,0,0,0,26.050
2024-06-18 13:00,0,0,0,26.088
2024-06-18 14:00,0,0,0,25.291
2024-06-18 15:00,0,0,0,24.141
2024-06-18 16:00,0,0,0,23.112
2024-06-18 17:00,0,0,0,22.199
2024-06-18 18:00,0,0,0,21.388
2024-06-18 19:00,0,0,0,20.564
2024-06-18 20:00,0,0,0.006,19.888
2024-06-18 21:00,0.046,0,0.072,20.967
2024-06-18 22:00,0.153,0.049,0.144,23.012
2024-06-18 23:00,0.306,0.186,0.188,26.467
2024-06-19 00:00,0.443,0.291,0.262,29.388
2024-06-19 01:00,0.508,0.309,0.338,30.833
2024-06-19 02:00,0.503,0.230,0.412,31.270
2024-06-19 03:00,0.451,0.132,0.437,31.155
2024-06-19 04:00,0.389,0.076,0.411,30.875
2024-06-19 05:00,0.370,0.070,0.392,30.936
2024-06-19 06:00,0.340,0.065,0.359,31.134
2024-06-19 07:00,0.293,0.057,0.309,31.176
2024-06-19 08:00,0.211,0.032,0.235,30.735
2024-06-19 09:00,0.110,0.008,0.142,29.591
2024-06-19 10:00,0.033,0,0.060,28.023
2024-06-19 11:00,0,0,0.007,26.144
2024-06-19 12:00,0,0,0,24.866
2024-06-19 13:00,0,0,0,23.991
2024-06-19 14:00,0,0,0,23.062
2024-06-19 15:00,0,0,0,22.092
2024-06-19 16:00,0,0,0,21.279
2024-06-19 17:00,0,0,0,20.752
2024-06-19 18:00,0,0,0,20.350
2024-06-19 19:00,0,0,0,20.032
2024-06-19 20:00,0,0,0.003,19.644
2024-06-19 21:00,0.023,0,0.046,19.863
2024-06-19 22:00,0.055,0.001,0.081,20.500
2024-06-19 23:00,0.098,0.004,0.127,21.546
2024-06-20 00:00,0.123,0.005,0.154,22.632
2024-06-20 01:00,0.186,0.010,0.220,24.028
2024-06-20 02:00,0.288,0.027,0.325,26.074
2024-06-20 03:00,0.361,0.052,0.393,27.894
2024-06-20 04:00,0.435,0.102,0.441,29.328
2024-06-20 05:00,0.464,0.150,0.436,30.448
2024-06-20 06:00,0.453,0.179,0.393,31.214
2024-06-20 07:00,0.322,0.074,0.328,30.938
2024-06-20 08:00,0.172,0.015,0.206,29.900
2024-06-20 09:00,0.080,0.003,0.112,28.446
2024-06-20 10:00,0.029,0,0.054,26.808
2024-06-20 11:00,0,0,0.008,24.776
2024-06-20 12:00,0,0,0,23.411
2024-06-20 13:00,0,0,0,22.544
2024-06-20 14:00,0,0,0,21.774
2024-06-20 15:00,0,0,0,21.293
2024-06-20 16:00,0,0,0,20.789
2024-06-20 17:00,0,0,0,20.176
2024-06-20 18:00,0,0,0,19.755
2024-06-20 19:00,0,0,0,19.457
2024-06-20 20:00,0,0,0.004,19.264
2024-06-20 21:00,0.013,0,0.033,19.782
2024-06-20 22:00,0.061,0.002,0.088,20.932
2024-06-20 23:00,0.165,0.013,0.193,23.074
2024-06-21 00:00,0.189,0.012,0.223,24.582
2024-06-21 01:00,0.184,0.009,0.221,24.975
2024-06-21 02:00,0.234,0.013,0.273,25.371
2024-06-21 03:00,0.231,0.012,0.271,25.367
2024-06-21 04:00,0.184,0.007,0.222,24.581
2024-06-21 05:00,0.170,0.006,0.206,23.557
2024-06-21 06:00,0.174,0.007,0.208,22.784
2024-06-21 07:00,0.170,0.008,0.202,22.338
2024-06-21 08:00,0.173,0.012,0.202,22.288
2024-06-21 09:00,0.091,0.003,0.119,21.783
2024-06-21 10:00,0.011,0,0.031,20.707
2024-06-21 11:00,0,0,0.006,19.665
2024-06-21 12:00,0,0,0,18.815
2024-06-21 13:00,0,0,0,18.108
2024-06-21 14:00,0,0,0,17.464
2024-06-21 15:00,0,0,0,16.981
2024-06-21 16:00,0,0,0,16.542
2024-06-21 17:00,0,0,0,16.000
2024-06-21 18:00,0,0,0,15.118
2024-06-21 19:00,0,0,0,14.160
2024-06-21 20:00,0,0,0.006,13.702
2024-06-21 21:00,0.045,0,0.070,15.140
2024-06-21 22:00,0.100,0.004,0.126,16.686
2024-06-21 23:00,0.185,0.015,0.208,18.783
2024-06-22 00:00,0.300,0.071,0.287,21.668
2024-06-22 01:00,0.481,0.260,0.329,24.503
2024-06-22 02:00,0.681,0.649,0.238,27.166
2024-06-22 03:00,0.711,0.690,0.255,28.690
2024-06-22 04:00,0.719,0.716,0.247,29.646
2024-06-22 05:00,0.660,0.606,0.263,30.049
2024-06-22 06:00,0.553,0.429,0.279,29.933
2024-06-22 07:00,0.423,0.256,0.271,29.308
2024-06-22 08:00,0.296,0.140,0.224,28.282
2024-06-22 09:00,0.167,0.054,0.158,26.770
2024-06-22 10:00,0.055,0,0.084,23.906
2024-06-22 11:00,0,0,0.010,19.834
2024-06-22 12:00,0,0,0,17.901
2024-06-22 13:00,0,0,0,16.873
2024-06-22 14:00,0,0,0,16.030
2024-06-22 15:00,0,0,0,14.935
2024-06-22 16:00,0,0,0,13.993
2024-06-22 17:00,0,0,0,13.271
2024-06-22 18:00,0,0,0,12.758
2024-06-22 19:00,0,0,0,12.668
2024-06-22 20:00,0,0,0.003,12.645
2024-06-22 21:00,0.022,0,0.043,12.947
2024-06-22 22:00,0.092,0.005,0.115,13.630
2024-06-22 23:00,0.225,0.044,0.219,14.820
2024-06-23 00:00,0.422,0.214,0.278,16.600
2024-06-23 01:00,0.475,0.213,0.349,17.923
2024-06-23 02:00,0.417,0.102,0.388,18.390
2024-06-23 03:00,0.402,0.080,0.392,18.556
2024-06-23 04:00,0.420,0.092,0.402,18.514
2024-06-23 05:00,0.390,0.078,0.379,18.339
2024-06-23 06:00,0.348,0.066,0.342,18.188
2024-06-23 07:00,0.326,0.077,0.305,18.181
2024-06-23 08:00,0.263,0.067,0.242,17.965
2024-06-23 09:00,0.159,0.029,0.165,17.499
2024-06-23 10:00,0.053,0,0.079,16.740
2024-06-23 11:00,0,0,0.011,14.629
2024-06-23 12:00,0,0,0,13.223
2024-06-23 13:00,0,0,0,12.495
2024-06-23 14:00,0,0,0,11.998
2024-06-23 15:00,0,0,0,11.611
2024-06-23 16:00,0,0,0,11.297
2024-06-23 17:00,0,0,0,11.039
2024-06-23 18:00,0,0,0,10.862
2024-06-23 19:00,0,0,0,10.832
2024-06-23 20:00,0,0,0.007,10.980
2024-06-23 21:00,0.049,0,0.073,12.847
2024-06-23 22:00,0.168,0.077,0.125,15.373
2024-06-23 23:00,0.346,0.246,0.160,18.590
2024-06-24 00:00,0.503,0.439,0.165,20.212
2024-06-24 01:00,0.623,0.582,0.190,21.522
2024-06-24 02:00,0.701,0.686,0.209,22.834
2024-06-24 03:00,0.733,0.727,0.224,23.950
2024-06-24 04:00,0.733,0.732,0.225,24.852
2024-06-24 05:00,0.693,0.679,0.218,25.487
2024-06-24 06:00,0.613,0.571,0.206,25.851
2024-06-24 07:00,0.497,0.432,0.183,25.889
2024-06-24 08:00,0.342,0.255,0.161,25.509
2024-06-24 09:00,0.174,0.085,0.132,24.547
2024-06-24 10:00,0.050,0,0.078,22.422
2024-06-24 11:00,0,0,0.010,19.248
2024-06-24 12:00,0,0,0,18.106
2024-06-24 13:00,0,0,0,17.351
2024-06-24 14:00,0,0,0,16.454
2024-06-24 15:00,0,0,0,15.647
2024-06-24 16:00,0,0,0,14.852
2024-06-24 17:00,0,0,0,14.115
2024-06-24 18:00,0,0,0,13.509
2024-06-24 19:00,0,0,0,13.039
2024-06-24 20:00,0,0,0.006,12.826
2024-06-24 21:00,0.042,0,0.066,14.624
2024-06-24 22:00,0.143,0.034,0.142,17.100
2024-06-24 23:00,0.299,0.169,0.185,20.030
2024-06-25 00:00,0.468,0.382,0.187,23.469
2024-06-25 01:00,0.607,0.577,0.190,25.423
2024-06-25 02:00,0.700,0.723,0.192,26.823
2024-06-25 03:00,0.747,0.807,0.192,27.980
2024-06-25 04:00,0.747,0.812,0.193,28.781
2024-06-25 05:00,0.705,0.748,0.190,29.306
2024-06-25 06:00,0.619,0.620,0.184,29.535
2024-06-25 07:00,0.491,0.443,0.176,29.443
2024-06-25 08:00,0.339,0.265,0.154,29.085
2024-06-25 09:00,0.170,0.086,0.130,28.297
2024-06-25 10:00,0.050,0,0.079,26.153
2024-06-25 11:00,0,0,0.010,22.496
2024-06-25 12:00,0,0,0,21.077
2024-06-25 13:00,0,0,0,20.111
2024-06-25 14:00,0,0,0,19.320
2024-06-25 15:00,0,0,0,18.767
2024-06-25 16:00,0,0,0,18.208
2024-06-25 17:00,0,0,0,17.693
2024-06-25 18:00,0,0,0,16.964
2024-06-25 19:00,0,0,0,16.310
2024-06-25 20:00,0,0,0.006,15.803
2024-06-25 21:00,0.043,0,0.068,17.030
2024-06-25 22:00,0.151,0.063,0.124,19.374
2024-06-25 23:00,0.314,0.218,0.159,23.203
2024-06-26 00:00,0.467,0.375,0.204,27.054
2024-06-26 01:00,0.581,0.522,0.227,29.898
2024-06-26 02:00,0.658,0.632,0.243,31.618
2024-06-26 03:00,0.702,0.708,0.246,32.730
2024-06-26 04:00,0.699,0.702,0.250,33.397
2024-06-26 05:00,0.640,0.590,0.267,33.652
2024-06-26 06:00,0.522,0.382,0.295,33.458
2024-06-26 07:00,0.398,0.223,0.281,32.975
2024-06-26 08:00,0.256,0.087,0.236,32.106
2024-06-26 09:00,0.135,0.022,0.157,30.771
2024-06-26 10:00,0.042,0,0.070,28.214
2024-06-26 11:00,0,0,0.008,25.429
2024-06-26 12:00,0,0,0,23.886
2024-06-26 13:00,0,0,0,23.188
2024-06-26 14:00,0,0,0,22.612
2024-06-26 15:00,0,0,0,21.519
2024-06-26 16:00,0,0,0,20.642
2024-06-26 17:00,0,0,0,20.185
2024-06-26 18:00,0,0,0,19.417
2024-06-26 19:00,0,0,0,18.936
2024-06-26 20:00,0,0,0.005,18.566
2024-06-26 21:00,0.032,0,0.056,19.351
2024-06-26 22:00,0.108,0.009,0.132,20.574
2024-06-26 23:00,0.233,0.059,0.223,23.126
2024-06-27 00:00,0.300,0.061,0.304,25.756
2024-06-27 01:00,0.392,0.108,0.373,27.109
2024-06-27 02:00,0.412,0.099,0.408,27.401
2024-06-27 03:00,0.460,0.131,0.440,27.519
2024-06-27 04:00,0.431,0.101,0.431,27.296
2024-06-27 05:00,0.407,0.090,0.409,26.625
2024-06-27 06:00,0.320,0.047,0.341,25.103
2024-06-27 07:00,0.213,0.018,0.243,23.932
2024-06-27 08:00,0.103,0.004,0.133,23.621
2024-06-27 09:00,0.063,0.002,0.091,23.578
2024-06-27 10:00,0.028,0,0.052,23.138
2024-06-27 11:00,0,0,0.007,21.900
2024-06-27 12:00,0,0,0,21.129
2024-06-27 13:00,0,0,0,20.497
2024-06-27 14:00,0,0,0,19.964
2024-06-27 15:00,0,0,0,19.500
2024-06-27 16:00,0,0,0,18.940
2024-06-27 17:00,0,0,0,18.403
2024-06-27 18:00,0,0,0,18.059
2024-06-27 19:00,0,0,0,17.912
2024-06-27 20:00,0,0,0.004,17.637
2024-06-27 21:00,0.041,0,0.066,18.124
2024-06-27 22:00,0.133,0.014,0.154,19.890
2024-06-27 23:00,0.262,0.072,0.243,22.439
2024-06-28 00:00,0.401,0.201,0.287,25.431
2024-06-28 01:00,0.551,0.414,0.285,28.623
2024-06-28 02:00,0.636,0.545,0.293,31.091
2024-06-28 03:00,0.636,0.504,0.342,32.486
2024-06-28 04:00,0.559,0.323,0.406,32.921
2024-06-28 05:00,0.452,0.165,0.411,32.747
2024-06-28 06:00,0.327,0.064,0.346,32.037
2024-06-28 07:00,0.246,0.035,0.274,31.200
2024-06-28 08:00,0.213,0.037,0.232,30.450
2024-06-28 09:00,0.142,0.022,0.163,29.543
2024-06-28 10:00,0.039,0,0.066,28.121
2024-06-28 11:00,0,0,0.007,26.436
2024-06-28 12:00,0,0,0,24.976
2024-06-28 13:00,0,0,0,24.339
2024-06-28 14:00,0,0,0,23.734
2024-06-28 15:00,0,0,0,22.820
2024-06-28 16:00,0,0,0,21.818
2024-06-28 17:00,0,0,0,20.851
2024-06-28 18:00,0,0,0,20.051
2024-06-28 19:00,0,0,0,19.539
2024-06-28 20:00,0,0,0.004,19.250
2024-06-28 21:00,0.025,0,0.048,19.664
2024-06-28 22:00,0.106,0.008,0.132,21.093
2024-06-28 23:00,0.184,0.023,0.205,23.232
2024-06-29 00:00,0.279,0.048,0.291,25.557
2024-06-29 01:00,0.395,0.116,0.371,27.959
2024-06-29 02:00,0.493,0.211,0.413,29.992
2024-06-29 03:00,0.570,0.326,0.414,31.614
2024-06-29 04:00,0.555,0.297,0.424,32.470
2024-06-29 05:00,0.418,0.114,0.415,32.286
2024-06-29 06:00,0.299,0.043,0.331,31.640
2024-06-29 07:00,0.235,0.028,0.268,31.041
2024-06-29 08:00,0.177,0.018,0.209,30.310
2024-06-29 09:00,0.099,0.006,0.130,29.071
2024-06-29 10:00,0.027,0,0.052,27.163
2024-06-29 11:00,0,0,0.005,25.272
2024-06-29 12:00,0,0,0,24.095
2024-06-29 13:00,0,0,0,22.902
2024-06-29 14:00,0,0,0,21.926
2024-06-29 15:00,0,0,0,21.051
2024-06-29 16:00,0,0,0,20.436
2024-06-29 17:00,0,0,0,20.028
2024-06-29 18:00,0,0,0,19.745
2024-06-29 19:00,0,0,0,19.480
2024-06-29 20:00,0,0,0.002,19.209
2024-06-29 21:00,0.028,0,0.051,19.628
2024-06-29 22:00,0.129,0.013,0.151,20.863
2024-06-29 23:00,0.241,0.054,0.238,22.681
2024-06-30 00:00,0.334,0.093,0.310,24.354
2024-06-30 01:00,0.408,0.128,0.370,25.677
2024-06-30 02:00,0.399,0.091,0.397,26.382
2024-06-30 03:00,0.288,0.028,0.324,26.153
2024-06-30 04:00,0.260,0.021,0.298,25.887
2024-06-30 05:00,0.402,0.091,0.402,26.577
2024-06-30 06:00,0.447,0.173,0.378,27.024
2024-06-30 07:00,0.386,0.154,0.319,26.875
2024-06-30 08:00,0.250,0.057,0.248,25.875
2024-06-30 09:00,0.094,0.005,0.123,24.335
2024-06-30 10:00,0.021,0,0.044,22.831
2024-06-30 11:00,0,0,0.006,20.991
2024-06-30 12:00,0,0,0,19.656
2024-06-30 13:00,0,0,0,18.549
2024-06-30 14:00,0,0,0,17.602
2024-06-30 15:00,0,0,0,16.841
2024-06-30 16:00,0,0,0,16.319
2024-06-30 17:00,0,0,0,15.918
2024-06-30 18:00,0,0,0,15.625
2024-06-30 19:00,0,0,0,15.417
2024-06-30 20:00,0,0,0.004,15.240
2024-06-30 21:00,0.040,0,0.064,15.758
2024-06-30 22:00,0.148,0.024,0.158,17.347
2024-06-30 23:00,0.306,0.139,0.221,19.477
2024-07-01 00:00,0.449,0.296,0.243,21.399
2024-07-01 01:00,0.553,0.398,0.283,23.026
2024-07-01 02:00,0.624,0.478,0.310,24.426
2024-07-01 03:00,0.657,0.516,0.327,25.565
2024-07-01 04:00,0.644,0.484,0.341,26.296
2024-07-01 05:00,0.608,0.445,0.330,26.759
2024-07-01 06:00,0.525,0.339,0.317,26.882
2024-07-01 07:00,0.390,0.179,0.299,26.566
2024-07-01 08:00,0.286,0.114,0.235,26.038
2024-07-01 09:00,0.165,0.046,0.162,25.146
2024-07-01 10:00,0.051,0,0.079,23.121
2024-07-01 11:00,0,0,0.008,19.970
2024-07-01 12:00,0,0,0,18.627
2024-07-01 13:00,0,0,0,17.970
2024-07-01 14:00,0,0,0,17.423
2024-07-01 15:00,0,0,0,16.831
2024-07-01 16:00,0,0,0,16.212
2024-07-01 17:00,0,0,0,15.588
2024-07-01 18:00,0,0,0,15.025
2024-07-01 19:00,0,0,0,14.550
2024-07-01 20:00,0,0,0.004,14.188
2024-07-01 21:00,0.021,0,0.042,14.975
2024-07-01 22:00,0.076,0.003,0.100,16.104
2024-07-01 23:00,0.150,0.013,0.172,17.566
2024-07-02 00:00,0.216,0.015,0.244,19.777
2024-07-02 01:00,0.249,0.017,0.280,20.792
2024-07-02 02:00,0.273,0.019,0.308,21.456
2024-07-02 03:00,0.288,0.020,0.324,21.947
2024-07-02 04:00,0.273,0.017,0.310,22.154
2024-07-02 05:00,0.249,0.014,0.285,22.134
2024-07-02 06:00,0.204,0.010,0.238,21.824
2024-07-02 07:00,0.153,0.006,0.185,21.275
2024-07-02 08:00,0.091,0.002,0.120,20.270
2024-07-02 09:00,0.035,0.001,0.059,18.996
2024-07-02 10:00,0.003,0,0.020,17.580
2024-07-02 11:00,0,0,0.002,16.357
2024-07-02 12:00,0,0,0,15.630
2024-07-02 13:00,0,0,0,15.167
2024-07-02 14:00,0,0,0,14.805
2024-07-02 15:00,0,0,0,14.305
2024-07-02 16:00,0,0,0,13.798
2024-07-02 17:00,0,0,0,13.451
2024-07-02 18:00,0,0,0,13.297
2024-07-02 19:00,0,0,0,13.143
2024-07-02 20:00,0,0,0.001,12.927
2024-07-02 21:00,0.008,0,0.026,13.027
2024-07-02 22:00,0.075,0.002,0.100,13.937
2024-07-02 23:00,0.193,0.016,0.213,16.061
2024-07-03 00:00,0.318,0.087,0.286,18.598
2024-07-03 01:00,0.418,0.154,0.344,20.406
2024-07-03 02:00,0.485,0.203,0.382,21.645
2024-07-03 03:00,0.634,0.457,0.339,22.965
2024-07-03 04:00,0.703,0.628,0.276,23.945
2024-07-03 05:00,0.641,0.520,0.292,24.312
2024-07-03 06:00,0.547,0.387,0.290,24.297
2024-07-03 07:00,0.459,0.317,0.242,24.196
2024-07-03 08:00,0.329,0.204,0.193,23.793
2024-07-03 09:00,0.176,0.073,0.145,23.063
2024-07-03 10:00,0.053,0,0.080,21.424
2024-07-03 11:00,0,0,0.007,18.850
2024-07-03 12:00,0,0,0,18.272
2024-07-03 13:00,0,0,0,18.528
2024-07-03 14:00,0,0,0,18.680
2024-07-03 15:00,0,0,0,17.935
2024-07-03 16:00,0,0,0,17.203
2024-07-03 17:00,0,0,0,16.730
2024-07-03 18:00,0,0,0,16.251
2024-07-03 19:00,0,0,0,15.771
2024-07-03 20:00,0,0,0.005,15.302
2024-07-03 21:00,0.045,0,0.070,16.299
2024-07-03 22:00,0.151,0.047,0.139,18.463
2024-07-03 23:00,0.319,0.210,0.170,21.676
2024-07-04 00:00,0.475,0.386,0.195,24.685
2024-07-04 01:00,0.597,0.542,0.216,26.473
2024-07-04 02:00,0.677,0.654,0.231,27.898
2024-07-04 03:00,0.718,0.719,0.238,29.025
2024-07-04 04:00,0.708,0.696,0.250,29.749
2024-07-04 05:00,0.639,0.562,0.275,30.073
2024-07-04 06:00,0.528,0.380,0.293,29.996
2024-07-04 07:00,0.357,0.145,0.297,29.327
2024-07-04 08:00,0.246,0.073,0.232,28.426
2024-07-04 09:00,0.110,0.011,0.136,27.055
2024-07-04 10:00,0.026,0,0.051,25.133
2024-07-04 11:00,0,0,0.005,23.077
2024-07-04 12:00,0,0,0,21.904
2024-07-04 13:00,0,0,0,21.091
2024-07-04 14:00,0,0,0,20.440
2024-07-04 15:00,0,0,0,19.864
2024-07-04 16:00,0,0,0,18.898
2024-07-04 17:00,0,0,0,18.156
2024-07-04 18:00,0,0,0,17.745
2024-07-04 19:00,0,0,0,16.994
2024-07-04 20:00,0,0,0.005,16.204
2024-07-04 21:00,0.044,0,0.069,17.322
2024-07-04 22:00,0.151,0.053,0.134,19.445
2024-07-04 23:00,0.313,0.199,0.175,22.696
2024-07-05 00:00,0.475,0.374,0.212,25.644
2024-07-05 01:00,0.599,0.536,0.230,27.883
2024-07-05 02:00,0.676,0.643,0.250,29.657
2024-07-05 03:00,0.721,0.724,0.251,31.153
2024-07-05 04:00,0.706,0.690,0.267,32.289
2024-07-05 05:00,0.631,0.541,0.298,32.923
2024-07-05 06:00,0.495,0.302,0.335,33.013
2024-07-05 07:00,0.242,0.035,0.270,32.074
2024-07-05 08:00,0.180,0.023,0.208,31.519
2024-07-05 09:00,0.140,0.024,0.161,30.783
2024-07-05 10:00,0.036,0,0.063,28.190
2024-07-05 11:00,0,0,0.007,25.377
2024-07-05 12:00,0,0,0,23.973
2024-07-05 13:00,0,0,0,23.162
2024-07-05 14:00,0,0,0,22.426
2024-07-05 15:00,0,0,0,22.062
2024-07-05 16:00,0,0,0,21.499
2024-07-05 17:00,0,0,0,20.440
2024-07-05 18:00,0,0,0,19.651
2024-07-05 19:00,0,0,0,18.932
2024-07-05 20:00,0,0,0.002,18.315
2024-07-05 21:00,0.007,0,0.025,18.471
2024-07-05 22:00,0.039,0.001,0.063,19.043
2024-07-05 23:00,0.105,0.005,0.132,20
2024-07-06 00:00,0.198,0.016,0.225,20.961
2024-07-06 01:00,0.265,0.028,0.290,21.719
2024-07-06 02:00,0.325,0.043,0.346,22.515
2024-07-06 03:00,0.386,0.069,0.396,23.494
2024-07-06 04:00,0.448,0.118,0.428,24.605
2024-07-06 05:00,0.490,0.188,0.417,25.648
2024-07-06 06:00,0.445,0.170,0.376,26.154
2024-07-06 07:00,0.348,0.105,0.319,26.046
2024-07-06 08:00,0.249,0.058,0.246,25.512
2024-07-06 09:00,0.138,0.018,0.159,24.445
2024-07-06 10:00,0.037,0,0.062,22.839
2024-07-06 11:00,0,0,0.005,20.757
2024-07-06 12:00,0,0,0,19.512
2024-07-06 13:00,0,0,0,18.774
2024-07-06 14:00,0,0,0,18.069
2024-07-06 15:00,0,0,0,17.495
2024-07-06 16:00,0,0,0,17.185
2024-07-06 17:00,0,0,0,17.002
2024-07-06 18:00,0,0,0,16.799
2024-07-06 19:00,0,0,0,16.564
2024-07-06 20:00,0,0,0.004,16.404
2024-07-06 21:00,0.036,0,0.060,17.490
2024-07-06 22:00,0.136,0.018,0.153,18.906
2024-07-06 23:00,0.299,0.135,0.220,21.033
2024-07-07 00:00,0.444,0.266,0.272,23.528
2024-07-07 01:00,0.544,0.361,0.318,25.731
2024-07-07 02:00,0.624,0.463,0.338,27.458
2024-07-07 03:00,0.654,0.493,0.359,28.672
2024-07-07 04:00,0.628,0.431,0.385,29.303
2024-07-07 05:00,0.537,0.273,0.410,29.340
2024-07-07 06:00,0.356,0.074,0.365,28.598
2024-07-07 07:00,0.210,0.018,0.243,27.545
2024-07-07 08:00,0.111,0.005,0.142,26.453
2024-07-07 09:00,0.048,0.001,0.075,25.386
2024-07-07 10:00,0.010,0,0.029,23.901
2024-07-07 11:00,0,0,0.003,22.641
2024-07-07 12:00,0,0,0,22.290
2024-07-07 13:00,0,0,0,22.153
2024-07-07 14:00,0,0,0,21.712
2024-07-07 15:00,0,0,0,21.143
2024-07-07 16:00,0,0,0,20.587
2024-07-07 17:00,0,0,0,20.017
2024-07-07 18:00,0,0,0,19.479
2024-07-07 19:00,0,0,0,19.049
2024-07-07 20:00,0,0,0.001,18.768
2024-07-07 21:00,0.002,0,0.018,18.878
2024-07-07 22:00,0.027,0,0.050,19.280
2024-07-07 23:00,0.076,0.002,0.103,20.146
2024-07-08 00:00,0.145,0.007,0.175,21.602
2024-07-08 01:00,0.223,0.016,0.255,23.000
2024-07-08 02:00,0.264,0.021,0.299,23.956
2024-07-08 03:00,0.299,0.028,0.334,24.604
2024-07-08 04:00,0.316,0.033,0.350,25.112
2024-07-08 05:00,0.308,0.033,0.341,25.407
2024-07-08 06:00,0.279,0.030,0.310,25.449
2024-07-08 07:00,0.222,0.020,0.253,25.159
2024-07-08 08:00,0.157,0.011,0.187,24.587
2024-07-08 09:00,0.093,0.005,0.122,23.797
2024-07-08 10:00,0.027,0,0.050,22.620
2024-07-08 11:00,0,0,0.004,20.982
2024-07-08 12:00,0,0,0,19.889
2024-07-08 13:00,0,0,0,19.324
2024-07-08 14:00,0,0,0,18.836
2024-07-08 15:00,0,0,0,18.605
2024-07-08 16:00,0,0,0,18.306
2024-07-08 17:00,0,0,0,17.717
2024-07-08 18:00,0,0,0,16.828
2024-07-08 19:00,0,0,0,15.839
2024-07-08 20:00,0,0,0.004,15.112
2024-07-08 21:00,0.046,0,0.071,16.502
2024-07-08 22:00,0.157,0.036,0.158,18.924
2024-07-08 23:00,0.313,0.155,0.218,21.801
2024-07-09 00:00,0.463,0.370,0.194,23.903
2024-07-09 01:00,0.589,0.532,0.210,25.653
2024-07-09 02:00,0.674,0.656,0.221,27.163
2024-07-09 03:00,0.716,0.724,0.227,28.374
2024-07-09 04:00,0.720,0.738,0.224,29.221
2024-07-09 05:00,0.682,0.687,0.217,29.696
2024-07-09 06:00,0.599,0.564,0.210,29.720
2024-07-09 07:00,0.479,0.409,0.194,29.367
2024-07-09 08:00,0.328,0.234,0.170,28.585
2024-07-09 09:00,0.168,0.077,0.135,27.280
2024-07-09 10:00,0.047,0,0.075,24.427
2024-07-09 11:00,0,0,0.007,20.889
2024-07-09 12:00,0,0,0,19.485
2024-07-09 13:00,0,0,0,18.717
2024-07-09 14:00,0,0,0,18.061
2024-07-09 15:00,0,0,0,17.424
2024-07-09 16:00,0,0,0,16.746
2024-07-09 17:00,0,0,0,16.039
2024-07-09 18:00,0,0,0,15.478
2024-07-09 19:00,0,0,0,15.078
2024-07-09 20:00,0,0,0.004,14.855
2024-07-09 21:00,0.040,0,0.064,16.630
2024-07-09 22:00,0.143,0.047,0.132,19.700
2024-07-09 23:00,0.302,0.190,0.172,22.725
2024-07-10 00:00,0.454,0.350,0.211,26.628
2024-07-10 01:00,0.574,0.500,0.233,28.649
2024-07-10 02:00,0.619,0.521,0.284,29.911
2024-07-10 03:00,0.566,0.358,0.371,30.497
2024-07-10 04:00,0.551,0.325,0.383,30.907
2024-07-10 05:00,0.528,0.312,0.364,31.171
2024-07-10 06:00,0.487,0.298,0.321,31.312
2024-07-10 07:00,0.438,0.309,0.244,31.380
2024-07-10 08:00,0.314,0.198,0.194,30.923
2024-07-10 09:00,0.163,0.062,0.148,29.818
2024-07-10 10:00,0.047,0,0.076,26.859
2024-07-10 11:00,0,0,0.007,23.411
2024-07-10 12:00,0,0,0,22.003
2024-07-10 13:00,0,0,0,21.078
2024-07-10 14:00,0,0,0,20.249
2024-07-10 15:00,0,0,0,19.524
2024-07-10 16:00,0,0,0,18.925
2024-07-10 17:00,0,0,0,18.476
2024-07-10 18:00,0,0,0,18.185
2024-07-10 19:00,0,0,0,18.048
2024-07-10 20:00,0,0,0.004,18.084
2024-07-10 21:00,0.037,0,0.062,19.667
2024-07-10 22:00,0.133,0.026,0.144,22.498
2024-07-10 23:00,0.259,0.101,0.214,24.828
2024-07-11 00:00,0.357,0.145,0.295,28.370
2024-07-11 01:00,0.445,0.211,0.348,30.270
2024-07-11 02:00,0.512,0.272,0.383,31.422
2024-07-11 03:00,0.556,0.327,0.397,32.382
2024-07-11 04:00,0.592,0.406,0.374,33.240
2024-07-11 05:00,0.540,0.331,0.374,33.587
2024-07-11 06:00,0.434,0.192,0.362,33.436
2024-07-11 07:00,0.335,0.114,0.309,33.036
2024-07-11 08:00,0.235,0.060,0.237,32.380
2024-07-11 09:00,0.129,0.019,0.154,31.205
2024-07-11 10:00,0.038,0,0.065,28.649
2024-07-11 11:00,0,0,0.005,26.014
2024-07-11 12:00,0,0,0,24.732
2024-07-11 13:00,0,0,0,23.743
2024-07-11 14:00,0,0,0,22.922
2024-07-11 15:00,0,0,0,22.207
2024-07-11 16:00,0,0,0,21.592
2024-07-11 17:00,0,0,0,21.113
2024-07-11 18:00,0,0,0,20.795
2024-07-11 19:00,0,0,0,20.485
2024-07-11 20:00,0,0,0.002,20.210
2024-07-11 21:00,0.027,0,0.051,20.872
2024-07-11 22:00,0.122,0.015,0.143,22.056
2024-07-11 23:00,0.246,0.073,0.227,24.738
2024-07-12 00:00,0.336,0.096,0.315,26.846
2024-07-12 01:00,0.342,0.066,0.354,27.799
2024-07-12 02:00,0.358,0.061,0.381,28.429
2024-07-12 03:00,0.400,0.080,0.417,29.065
2024-07-12 04:00,0.368,0.059,0.397,29.100
2024-07-12 05:00,0.293,0.030,0.331,28.604
2024-07-12 06:00,0.229,0.017,0.267,27.897
2024-07-12 07:00,0.152,0.008,0.187,26.986
2024-07-12 08:00,0.105,0.004,0.137,26.175
2024-07-12 09:00,0.065,0.002,0.094,25.392
2024-07-12 10:00,0.024,0,0.047,24.404
2024-07-12 11:00,0,0,0.005,22.627
2024-07-12 12:00,0,0,0,21.642
2024-07-12 13:00,0,0,0,20.993
2024-07-12 14:00,0,0,0,20.404
2024-07-12 15:00,0,0,0,19.806
2024-07-12 16:00,0,0,0,19.290
2024-07-12 17:00,0,0,0,18.863
2024-07-12 18:00,0,0,0,18.518
2024-07-12 19:00,0,0,0,18.317
2024-07-12 20:00,0,0,0.003,18.238
2024-07-12 21:00,0.032,0,0.056,18.803
2024-07-12 22:00,0.127,0.013,0.149,20.135
2024-07-12 23:00,0.259,0.071,0.240,22.299
2024-07-13 00:00,0.390,0.195,0.277,24.492
2024-07-13 01:00,0.467,0.240,0.335,26.024
2024-07-13 02:00,0.510,0.257,0.380,27.088
2024-07-13 03:00,0.560,0.319,0.392,28.089
2024-07-13 04:00,0.563,0.325,0.392,28.842
2024-07-13 05:00,0.526,0.287,0.380,29.236
2024-07-13 06:00,0.470,0.245,0.344,29.347
2024-07-13 07:00,0.378,0.172,0.297,29.127
2024-07-13 08:00,0.262,0.091,0.234,28.613
2024-07-13 09:00,0.137,0.024,0.154,27.734
2024-07-13 10:00,0.040,0,0.067,26.073
2024-07-13 11:00,0,0,0.005,23.378
2024-07-13 12:00,0,0,0,22.202
2024-07-13 13:00,0,0,0,21.388
2024-07-13 14:00,0,0,0,20.536
2024-07-13 15:00,0,0,0,19.703
2024-07-13 16:00,0,0,0,18.970
2024-07-13 17:00,0,0,0,18.338
2024-07-13 18:00,0,0,0,17.817
2024-07-13 19:00,0,0,0,17.362
2024-07-13 20:00,0,0,0.003,16.996
2024-07-13 21:00,0.036,0,0.061,18.392
2024-07-13 22:00,0.139,0.030,0.145,20.441
2024-07-13 23:00,0.285,0.137,0.206,23.442
2024-07-14 00:00,0.432,0.306,0.223,25.651
2024-07-14 01:00,0.557,0.462,0.242,27.494
2024-07-14 02:00,0.642,0.586,0.252,29.165
2024-07-14 03:00,0.698,0.691,0.244,30.654
2024-07-14 04:00,0.698,0.697,0.244,31.691
2024-07-14 05:00,0.658,0.640,0.239,32.316
2024-07-14 06:00,0.578,0.527,0.228,32.478
2024-07-14 07:00,0.456,0.365,0.215,32.178
2024-07-14 08:00,0.306,0.190,0.192,31.393
2024-07-14 09:00,0.158,0.060,0.144,30.120
2024-07-14 10:00,0.043,0,0.071,28.075
2024-07-14 11:00,0,0,0.005,25.293
2024-07-14 12:00,0,0,0,23.985
2024-07-14 13:00,0,0,0,23.132
2024-07-14 14:00,0,0,0,22.516
2024-07-14 15:00,0,0,0,22.062
2024-07-14 16:00,0,0,0,21.311
2024-07-14 17:00,0,0,0,20.440
2024-07-14 18:00,0,0,0,19.716
2024-07-14 19:00,0,0,0,19.057
2024-07-14 20:00,0,0,0.003,18.572
2024-07-14 21:00,0.035,0,0.060,19.644
2024-07-14 22:00,0.137,0.039,0.134,21.820
2024-07-14 23:00,0.291,0.170,0.182,24.674
2024-07-15 00:00,0.443,0.328,0.219,26.702
2024-07-15 01:00,0.567,0.485,0.238,28.490
2024-07-15 02:00,0.652,0.607,0.250,30.094
2024-07-15 03:00,0.700,0.694,0.248,31.503
2024-07-15 04:00,0.700,0.700,0.249,32.498
2024-07-15 05:00,0.659,0.641,0.244,33.098
2024-07-15 06:00,0.580,0.530,0.232,33.204
2024-07-15 07:00,0.460,0.370,0.217,32.862
2024-07-15 08:00,0.311,0.199,0.191,31.994
2024-07-15 09:00,0.158,0.058,0.147,30.425
2024-07-15 10:00,0.042,0,0.070,28.197
2024-07-15 11:00,0,0,0.005,25.682
2024-07-15 12:00,0,0,0,24.149
2024-07-15 13:00,0,0,0,23.163
2024-07-15 14:00,0,0,0,22.292
2024-07-15 15:00,0,0,0,21.595
2024-07-15 16:00,0,0,0,21.042
2024-07-15 17:00,0,0,0,20.432
2024-07-15 18:00,0,0,0,19.945
2024-07-15 19:00,0,0,0,19.739
2024-07-15 20:00,0,0,0.002,19.748
2024-07-15 21:00,0.021,0,0.043,20.307
2024-07-15 22:00,0.089,0.006,0.115,21.678
2024-07-15 23:00,0.156,0.018,0.178,23.173
2024-07-16 00:00,0.209,0.023,0.234,24.108
2024-07-16 01:00,0.363,0.094,0.347,25.523
2024-07-16 02:00,0.442,0.149,0.396,26.996
2024-07-16 03:00,0.556,0.305,0.401,28.476
2024-07-16 04:00,0.565,0.324,0.399,29.325
2024-07-16 05:00,0.535,0.301,0.382,29.987
2024-07-16 06:00,0.443,0.197,0.359,30.055
2024-07-16 07:00,0.312,0.083,0.303,29.445
2024-07-16 08:00,0.194,0.030,0.215,28.497
2024-07-16 09:00,0.113,0.012,0.139,27.436
2024-07-16 10:00,0.032,0,0.057,25.891
2024-07-16 11:00,0,0,0.004,23.942
2024-07-16 12:00,0,0,0,22.594
2024-07-16 13:00,0,0,0,21.411
2024-07-16 14:00,0,0,0,20.222
2024-07-16 15:00,0,0,0,19.188
2024-07-16 16:00,0,0,0,18.254
2024-07-16 17:00,0,0,0,17.417
2024-07-16 18:00,0,0,0,16.720
2024-07-16 19:00,0,0,0,16.132
2024-07-16 20:00,0,0,0.003,15.664
2024-07-16 21:00,0.040,0,0.064,16.611
2024-07-16 22:00,0.149,0.048,0.136,18.800
2024-07-16 23:00,0.317,0.199,0.179,22.088
2024-07-17 00:00,0.482,0.421,0.172,25.051
2024-07-17 01:00,0.609,0.591,0.188,27.469
2024-07-17 02:00,0.689,0.709,0.203,29.448
2024-07-17 03:00,0.726,0.771,0.212,30.992
2024-07-17 04:00,0.724,0.773,0.214,32.126
2024-07-17 05:00,0.681,0.708,0.211,32.911
2024-07-17 06:00,0.578,0.536,0.222,33.277
2024-07-17 07:00,0.407,0.264,0.252,33.046
2024-07-17 08:00,0.259,0.109,0.217,32.445
2024-07-17 09:00,0.122,0.022,0.142,31.254
2024-07-17 10:00,0.033,0,0.060,28.868
2024-07-17 11:00,0,0,0.004,26.176
2024-07-17 12:00,0,0,0,24.662
2024-07-17 13:00,0,0,0,23.392
2024-07-17 14:00,0,0,0,22.701
2024-07-17 15:00,0,0,0,22.320
2024-07-17 16:00,0,0,0,21.545
2024-07-17 17:00,0,0,0,20.387
2024-07-17 18:00,0,0,0,19.426
2024-07-17 19:00,0,0,0,18.672
2024-07-17 20:00,0,0,0.003,18.067
2024-07-17 21:00,0.035,0,0.059,19.233
2024-07-17 22:00,0.141,0.067,0.111,21.629
2024-07-17 23:00,0.318,0.240,0.145,24.814
2024-07-18 00:00,0.479,0.421,0.173,27.242
2024-07-18 01:00,0.603,0.584,0.193,29.050
2024-07-18 02:00,0.685,0.703,0.208,30.444
2024-07-18 03:00,0.725,0.768,0.216,31.500
2024-07-18 04:00,0.709,0.728,0.233,32.143
2024-07-18 05:00,0.648,0.614,0.249,32.523
2024-07-18 06:00,0.557,0.477,0.248,32.658
2024-07-18 07:00,0.367,0.182,0.280,32.145
2024-07-18 08:00,0.246,0.088,0.222,31.494
2024-07-18 09:00,0.132,0.029,0.147,30.662
2024-07-18 10:00,0.027,0,0.052,28.517
2024-07-18 11:00,0,0,0.003,26.367
2024-07-18 12:00,0,0,0,25.537
2024-07-18 13:00,0,0,0,24.834
2024-07-18 14:00,0,0,0,24.092
2024-07-18 15:00,0,0,0,23.653
2024-07-18 16:00,0,0,0,22.633
2024-07-18 17:00,0,0,0,21.471
2024-07-18 18:00,0,0,0,20.641
2024-07-18 19:00,0,0,0,19.865
2024-07-18 20:00,0,0,0.002,19.301
2024-07-18 21:00,0.035,0,0.059,20.397
2024-07-18 22:00,0.141,0.065,0.113,22.330
2024-07-18 23:00,0.316,0.237,0.147,25.817
2024-07-19 00:00,0.464,0.366,0.218,29.630
2024-07-19 01:00,0.543,0.422,0.283,32.403
2024-07-19 02:00,0.546,0.347,0.368,33.950
2024-07-19 03:00,0.512,0.248,0.421,34.905
2024-07-19 04:00,0.474,0.186,0.429,35.461
2024-07-19 05:00,0.447,0.169,0.410,35.916
2024-07-19 06:00,0.456,0.236,0.358,36.408
2024-07-19 07:00,0.304,0.082,0.307,35.778
2024-07-19 08:00,0.156,0.016,0.190,34.071
2024-07-19 09:00,0.067,0.003,0.097,31.836
2024-07-19 10:00,0.021,0,0.044,29.306
2024-07-19 11:00,0,0,0.003,27.208
2024-07-19 12:00,0,0,0,25.327
2024-07-19 13:00,0,0,0,23.640
2024-07-19 14:00,0,0,0,22.608
2024-07-19 15:00,0,0,0,21.876
2024-07-19 16:00,0,0,0,21.394
2024-07-19 17:00,0,0,0,20.891
2024-07-19 18:00,0,0,0,20.403
2024-07-19 19:00,0,0,0,20.116
2024-07-19 20:00,0,0,0.002,20.033
2024-07-19 21:00,0.012,0,0.032,20.391
2024-07-19 22:00,0.060,0.002,0.087,21.278
2024-07-19 23:00,0.155,0.015,0.180,23.204
2024-07-20 00:00,0.297,0.079,0.284,26.577
2024-07-20 01:00,0.424,0.186,0.343,29.462
2024-07-20 02:00,0.555,0.374,0.344,31.797
2024-07-20 03:00,0.660,0.596,0.294,33.789
2024-07-20 04:00,0.671,0.635,0.282,35.092
2024-07-20 05:00,0.637,0.594,0.270,35.834
2024-07-20 06:00,0.561,0.493,0.254,36.109
2024-07-20 07:00,0.436,0.323,0.242,35.916
2024-07-20 08:00,0.278,0.137,0.219,35.206
2024-07-20 09:00,0.146,0.043,0.151,34.048
2024-07-20 10:00,0.040,0,0.069,31.665
2024-07-20 11:00,0,0,0.004,28.817
2024-07-20 12:00,0,0,0,27.421
2024-07-20 13:00,0,0,0,26.261
2024-07-20 14:00,0,0,0,25.230
2024-07-20 15:00,0,0,0,24.474
2024-07-20 16:00,0,0,0,24.012
2024-07-20 17:00,0,0,0,23.541
2024-07-20 18:00,0,0,0,23.044
2024-07-20 19:00,0,0,0,22.482
2024-07-20 20:00,0,0,0.002,22.424
2024-07-20 21:00,0.018,0,0.040,23.404
2024-07-20 22:00,0.068,0.003,0.095,24.333
2024-07-20 23:00,0.114,0.008,0.143,25.104
2024-07-21 00:00,0.134,0.006,0.168,25.998
2024-07-21 01:00,0.155,0.006,0.191,26.861
2024-07-21 02:00,0.215,0.012,0.257,28.098
2024-07-21 03:00,0.258,0.018,0.303,29.550
2024-07-21 04:00,0.241,0.015,0.286,29.827
2024-07-21 05:00,0.244,0.017,0.287,29.183
2024-07-21 06:00,0.183,0.009,0.223,28.775
2024-07-21 07:00,0.201,0.015,0.238,29.090
2024-07-21 08:00,0.210,0.031,0.234,29.674
2024-07-21 09:00,0.137,0.019,0.161,29.727
2024-07-21 10:00,0.030,0,0.055,28.368
2024-07-21 11:00,0,0,0.003,26.614
2024-07-21 12:00,0,0,0,25.235
2024-07-21 13:00,0,0,0,23.911
2024-07-21 14:00,0,0,0,23.293
2024-07-21 15:00,0,0,0,22.871
2024-07-21 16:00,0,0,0,22.367
2024-07-21 17:00,0,0,0,22.169
2024-07-21 18:00,0,0,0,22.325
2024-07-21 19:00,0,0,0,22.704
2024-07-21 20:00,0,0,0.001,22.959
2024-07-21 21:00,0.010,0,0.030,23.159
2024-07-21 22:00,0.048,0.001,0.074,23.745
2024-07-21 23:00,0.120,0.006,0.151,24.939
2024-07-22 00:00,0.225,0.033,0.245,26.720
2024-07-22 01:00,0.401,0.153,0.344,28.748
2024-07-22 02:00,0.538,0.334,0.355,30.699
2024-07-22 03:00,0.499,0.232,0.405,31.541
2024-07-22 04:00,0.545,0.316,0.390,32.438
2024-07-22 05:00,0.571,0.413,0.336,33.313
2024-07-22 06:00,0.516,0.370,0.299,33.718
2024-07-22 07:00,0.422,0.282,0.256,33.674
2024-07-22 08:00,0.291,0.158,0.209,33.171
2024-07-22 09:00,0.141,0.036,0.150,31.887
2024-07-22 10:00,0.036,0,0.063,29.051
2024-07-22 11:00,0,0,0.003,26.310
2024-07-22 12:00,0,0,0,25.067
2024-07-22 13:00,0,0,0,23.993
2024-07-22 14:00,0,0,0,23.125
2024-07-22 15:00,0,0,0,22.547
2024-07-22 16:00,0,0,0,22.180
2024-07-22 17:00,0,0,0,21.809
2024-07-22 18:00,0,0,0,21.464
2024-07-22 19:00,0,0,0,21.191
2024-07-22 20:00,0,0,0.001,20.979
2024-07-22 21:00,0.030,0,0.054,21.517
2024-07-22 22:00,0.136,0.041,0.133,22.570
2024-07-22 23:00,0.305,0.196,0.173,24.783
2024-07-23 00:00,0.466,0.394,0.187,28.026
2024-07-23 01:00,0.591,0.566,0.203,30.951
2024-07-23 02:00,0.672,0.690,0.216,33.055
2024-07-23 03:00,0.712,0.760,0.222,34.651
2024-07-23 04:00,0.709,0.758,0.226,35.750
2024-07-23 05:00,0.665,0.689,0.224,36.369
2024-07-23 06:00,0.544,0.466,0.254,36.321
2024-07-23 07:00,0.400,0.257,0.257,35.682
2024-07-23 08:00,0.248,0.096,0.220,34.407
2024-07-23 09:00,0.122,0.023,0.141,32.455
2024-07-23 10:00,0.033,0,0.059,29.477
2024-07-23 11:00,0,0,0.003,26.904
2024-07-23 12:00,0,0,0,24.836
2024-07-23 13:00,0,0,0,23.279
2024-07-23 14:00,0,0,0,22.207
2024-07-23 15:00,0,0,0,21.569
2024-07-23 16:00,0,0,0,21.219
2024-07-23 17:00,0,0,0,20.997
2024-07-23 18:00,0,0,0,20.774
2024-07-23 19:00,0,0,0,20.545
2024-07-23 20:00,0,0,0.001,20.339
2024-07-23 21:00,0.022,0,0.045,20.718
2024-07-23 22:00,0.113,0.017,0.131,21.958
2024-07-23 23:00,0.272,0.135,0.194,24.165
2024-07-24 00:00,0.435,0.296,0.239,26.439
2024-07-24 01:00,0.578,0.495,0.245,28.625
2024-07-24 02:00,0.660,0.612,0.261,30.432
2024-07-24 03:00,0.688,0.642,0.282,31.716
2024-07-24 04:00,0.674,0.609,0.298,32.574
2024-07-24 05:00,0.631,0.545,0.294,33.120
2024-07-24 06:00,0.530,0.390,0.298,33.158
2024-07-24 07:00,0.409,0.245,0.274,32.770
2024-07-24 08:00,0.255,0.091,0.230,31.800
2024-07-24 09:00,0.110,0.013,0.136,30.139
2024-07-24 10:00,0.019,0,0.042,28.036
2024-07-24 11:00,0,0,0.001,26.019
2024-07-24 12:00,0,0,0,24.961
2024-07-24 13:00,0,0,0,24.023
2024-07-24 14:00,0,0,0,23.213
2024-07-24 15:00,0,0,0,22.731
2024-07-24 16:00,0,0,0,22.378
2024-07-24 17:00,0,0,0,22.220
2024-07-24 18:00,0,0,0,22.148
2024-07-24 19:00,0,0,0,22.115
2024-07-24 20:00,0,0,0,22.007
2024-07-24 21:00,0,0,0.016,22.136
2024-07-24 22:00,0.028,0.001,0.051,22.446
2024-07-24 23:00,0.086,0.004,0.114,22.994
2024-07-25 00:00,0.157,0.008,0.189,23.622
2024-07-25 01:00,0.291,0.035,0.317,24.372
2024-07-25 02:00,0.403,0.085,0.406,25.243
2024-07-25 03:00,0.465,0.127,0.445,25.883
2024-07-25 04:00,0.509,0.179,0.454,26.276
2024-07-25 05:00,0.441,0.116,0.425,26.113
2024-07-25 06:00,0.306,0.040,0.332,25.461
2024-07-25 07:00,0.185,0.012,0.217,24.534
2024-07-25 08:00,0.080,0.003,0.109,23.467
2024-07-25 09:00,0.035,0.001,0.060,22.842
2024-07-25 10:00,0.002,0,0.018,22.448
2024-07-25 11:00,0,0,0.001,22.123
2024-07-25 12:00,0,0,0,22.019
2024-07-25 13:00,0,0,0,21.823
2024-07-25 14:00,0,0,0,21.458
2024-07-25 15:00,0,0,0,21.074
2024-07-25 16:00,0,0,0,20.757
2024-07-25 17:00,0,0,0,20.562
2024-07-25 18:00,0,0,0,20.491
2024-07-25 19:00,0,0,0,20.455
2024-07-25 20:00,0,0,0,20.384
2024-07-25 21:00,0.004,0,0.021,20.554
2024-07-25 22:00,0.048,0.001,0.073,20.969
2024-07-25 23:00,0.115,0.006,0.143,21.575
2024-07-26 00:00,0.207,0.026,0.226,22.402
2024-07-26 01:00,0.315,0.065,0.314,23.430
2024-07-26 02:00,0.443,0.161,0.379,24.604
2024-07-26 03:00,0.497,0.213,0.400,25.504
2024-07-26 04:00,0.595,0.392,0.362,26.491
2024-07-26 05:00,0.660,0.591,0.266,27.453
2024-07-26 06:00,0.604,0.549,0.226,28.017
2024-07-26 07:00,0.485,0.404,0.202,28.150
2024-07-26 08:00,0.331,0.236,0.170,27.942
2024-07-26 09:00,0.163,0.078,0.130,27.217
2024-07-26 10:00,0.037,0,0.063,25.309
2024-07-26 11:00,0,0,0.002,22.371
2024-07-26 12:00,0,0,0,21.440
2024-07-26 13:00,0,0,0,20.944
2024-07-26 14:00,0,0,0,20.425
2024-07-26 15:00,0,0,0,19.915
2024-07-26 16:00,0,0,0,19.589
2024-07-26 17:00,0,0,0,19.348
2024-07-26 18:00,0,0,0,19.180
2024-07-26 19:00,0,0,0,18.965
2024-07-26 20:00,0,0,0.001,18.814
2024-07-26 21:00,0.027,0,0.050,19.663
2024-07-26 22:00,0.133,0.042,0.127,21.587
2024-07-26 23:00,0.299,0.190,0.171,24.336
2024-07-27 00:00,0.452,0.357,0.201,26.654
2024-07-27 01:00,0.525,0.391,0.270,28.182
2024-07-27 02:00,0.563,0.395,0.324,29.297
2024-07-27 03:00,0.681,0.639,0.267,30.645
2024-07-27 04:00,0.718,0.742,0.232,31.674
2024-07-27 05:00,0.677,0.681,0.227,32.248
2024-07-27 06:00,0.595,0.566,0.215,32.474
2024-07-27 07:00,0.475,0.413,0.195,32.341
2024-07-27 08:00,0.320,0.232,0.169,31.732
2024-07-27 09:00,0.156,0.073,0.129,30.431
2024-07-27 10:00,0.034,0,0.061,28.152
2024-07-27 11:00,0,0,0.002,26.065
2024-07-27 12:00,0,0,0,25.062
2024-07-27 13:00,0,0,0,24.111
2024-07-27 14:00,0,0,0,23.298
2024-07-27 15:00,0,0,0,22.690
2024-07-27 16:00,0,0,0,22.076
2024-07-27 17:00,0,0,0,21.513
2024-07-27 18:00,0,0,0,21.086
2024-07-27 19:00,0,0,0,20.790
2024-07-27 20:00,0,0,0.001,20.668
2024-07-27 21:00,0.014,0,0.034,21.488
2024-07-27 22:00,0.082,0.006,0.107,22.406
2024-07-27 23:00,0.200,0.046,0.201,23.772
2024-07-28 00:00,0.361,0.180,0.260,25.865
2024-07-28 01:00,0.469,0.283,0.300,27.497
2024-07-28 02:00,0.560,0.398,0.316,28.755
2024-07-28 03:00,0.724,0.756,0.218,30.202
2024-07-28 04:00,0.730,0.777,0.213,31.070
2024-07-28 05:00,0.693,0.725,0.205,31.481
2024-07-28 06:00,0.611,0.608,0.194,31.618
2024-07-28 07:00,0.486,0.442,0.178,31.473
2024-07-28 08:00,0.321,0.239,0.161,31.017
2024-07-28 09:00,0.151,0.069,0.128,30.205
2024-07-28 10:00,0.032,0,0.058,28.202
2024-07-28 11:00,0,0,0.002,25.530
2024-07-28 12:00,0,0,0,24.611
2024-07-28 13:00,0,0,0,24.143
2024-07-28 14:00,0,0,0,23.614
2024-07-28 15:00,0,0,0,22.828
2024-07-28 16:00,0,0,0,21.982
2024-07-28 17:00,0,0,0,21.039
2024-07-28 18:00,0,0,0,20.400
2024-07-28 19:00,0,0,0,19.770
2024-07-28 20:00,0,0,0.001,19.073
2024-07-28 21:00,0.026,0,0.049,19.621
2024-07-28 22:00,0.132,0.061,0.107,21.445
2024-07-28 23:00,0.313,0.235,0.142,23.992
2024-07-29 00:00,0.479,0.393,0.199,26.143
2024-07-29 01:00,0.604,0.550,0.225,27.953
2024-07-29 02:00,0.687,0.666,0.243,29.453
2024-07-29 03:00,0.721,0.715,0.258,30.626
2024-07-29 04:00,0.687,0.625,0.295,31.360
2024-07-29 05:00,0.547,0.334,0.371,31.412
2024-07-29 06:00,0.355,0.093,0.350,30.814
2024-07-29 07:00,0.246,0.040,0.268,30.146
2024-07-29 08:00,0.152,0.016,0.181,29.250
2024-07-29 09:00,0.064,0.003,0.092,27.849
2024-07-29 10:00,0.011,0,0.032,25.823
2024-07-29 11:00,0,0,0.001,24.099
2024-07-29 12:00,0,0,0,23.338
2024-07-29 13:00,0,0,0,22.579
2024-07-29 14:00,0,0,0,21.649
2024-07-29 15:00,0,0,0,21.154
2024-07-29 16:00,0,0,0,20.793
2024-07-29 17:00,0,0,0,20.544
2024-07-29 18:00,0,0,0,20.371
2024-07-29 19:00,0,0,0,20.273
2024-07-29 20:00,0,0,0,20.317
2024-07-29 21:00,0.010,0,0.029,21.122
2024-07-29 22:00,0.044,0.001,0.070,22.326
2024-07-29 23:00,0.131,0.011,0.157,23.609
2024-07-30 00:00,0.229,0.023,0.258,25.482
2024-07-30 01:00,0.173,0.008,0.209,25.690
2024-07-30 02:00,0.171,0.007,0.208,25.417
2024-07-30 03:00,0.203,0.009,0.242,25.138
2024-07-30 04:00,0.220,0.011,0.259,24.681
2024-07-30 05:00,0.234,0.013,0.272,24.281
2024-07-30 06:00,0.221,0.014,0.257,24.025
2024-07-30 07:00,0.129,0.005,0.162,23.529
2024-07-30 08:00,0.077,0.002,0.106,23.114
2024-07-30 09:00,0.046,0.001,0.072,22.965
2024-07-30 10:00,0.008,0,0.026,22.835
2024-07-30 11:00,0,0,0.001,22.607
2024-07-30 12:00,0,0,0,22.741
2024-07-30 13:00,0,0,0,22.913
2024-07-30 14:00,0,0,0,22.999
2024-07-30 15:00,0,0,0,22.848
2024-07-30 16:00,0,0,0,22.610
2024-07-30 17:00,0,0,0,22.373
2024-07-30 18:00,0,0,0,22.252
2024-07-30 19:00,0,0,0,22.238
2024-07-30 20:00,0,0,0,22.296
2024-07-30 21:00,0,0,0.016,22.533
2024-07-30 22:00,0.038,0.001,0.063,23.084
2024-07-30 23:00,0.159,0.013,0.187,24.117
2024-07-31 00:00,0.331,0.120,0.282,25.613
2024-07-31 01:00,0.455,0.233,0.330,26.951
2024-07-31 02:00,0.600,0.453,0.315,28.147
2024-07-31 03:00,0.689,0.629,0.283,29.183
2024-07-31 04:00,0.682,0.612,0.292,29.748
2024-07-31 05:00,0.566,0.378,0.348,29.677
2024-07-31 06:00,0.414,0.165,0.350,29.073
2024-07-31 07:00,0.404,0.229,0.272,28.849
2024-07-31 08:00,0.296,0.162,0.203,28.366
2024-07-31 09:00,0.146,0.047,0.141,27.260
2024-07-31 10:00,0.029,0,0.054,25.510
2024-07-31 11:00,0,0,0.001,23.897
2024-07-31 12:00,0,0,0,23.244
2024-07-31 13:00,0,0,0,22.589
2024-07-31 14:00,0,0,0,21.882
2024-07-31 15:00,0,0,0,21.276
2024-07-31 16:00,0,0,0,20.812
2024-07-31 17:00,0,0,0,20.330
2024-07-31 18:00,0,0,0,19.836
2024-07-31 19:00,0,0,0,19.342
2024-07-31 20:00,0,0,0,19.101
2024-07-31 21:00,0.007,0,0.026,19.497
2024-07-31 22:00,0.064,0.003,0.089,20.207
2024-07-31 23:00,0.173,0.026,0.188,21.731
2024-08-01 00:00,0.321,0.110,0.276,23.699
2024-08-01 01:00,0.488,0.294,0.306,25.359
2024-08-01 02:00,0.605,0.465,0.304,26.563
2024-08-01 03:00,0.676,0.590,0.291,27.456
2024-08-01 04:00,0.696,0.643,0.274,28.086
2024-08-01 05:00,0.645,0.560,0.277,28.412
2024-08-01 06:00,0.554,0.435,0.269,28.507
2024-08-01 07:00,0.403,0.234,0.264,28.299
2024-08-01 08:00,0.252,0.095,0.216,27.860
2024-08-01 09:00,0.124,0.027,0.137,27.210
2024-08-01 10:00,0.027,0,0.051,26.404
2024-08-01 11:00,0,0,0.001,24.998
2024-08-01 12:00,0,0,0,24.072
2024-08-01 13:00,0,0,0,23.234
2024-08-01 14:00,0,0,0,22.175
2024-08-01 15:00,0,0,0,21.453
2024-08-01 16:00,0,0,0,21.272
2024-08-01 17:00,0,0,0,20.544
2024-08-01 18:00,0,0,0,19.514
2024-08-01 19:00,0,0,0,19.087
2024-08-01 20:00,0,0,0,18.796
2024-08-01 21:00,0.019,0,0.041,19.426
2024-08-01 22:00,0.112,0.020,0.125,20.430
2024-08-01 23:00,0.258,0.111,0.198,21.789
2024-08-02 00:00,0.430,0.291,0.229,23.482
2024-08-02 01:00,0.561,0.447,0.253,25.112
2024-08-02 02:00,0.647,0.563,0.269,26.456
2024-08-02 03:00,0.708,0.672,0.261,27.524
2024-08-02 04:00,0.707,0.671,0.264,28.272
2024-08-02 05:00,0.660,0.599,0.263,28.705
2024-08-02 06:00,0.554,0.436,0.269,28.776
2024-08-02 07:00,0.389,0.209,0.272,28.491
2024-08-02 08:00,0.258,0.104,0.214,28.098
2024-08-02 09:00,0.123,0.026,0.136,27.195
2024-08-02 10:00,0.021,0,0.044,25.332
2024-08-02 11:00,0,0,0.001,23.495
2024-08-02 12:00,0,0,0,22.788
2024-08-02 13:00,0,0,0,22.273
2024-08-02 14:00,0,0,0,21.858
2024-08-02 15:00,0,0,0,21.545
2024-08-02 16:00,0,0,0,21.483
2024-08-02 17:00,0,0,0,21.518
2024-08-02 18:00,0,0,0,21.554
2024-08-02 19:00,0,0,0,21.532
2024-08-02 20:00,0,0,0,21.433
2024-08-02 21:00,0.010,0,0.030,21.620
2024-08-02 22:00,0.094,0.011,0.116,22.421
2024-08-02 23:00,0.230,0.076,0.204,23.693
2024-08-03 00:00,0.369,0.162,0.285,25.311
2024-08-03 01:00,0.481,0.261,0.334,26.718
2024-08-03 02:00,0.569,0.362,0.360,27.855
2024-08-03 03:00,0.608,0.408,0.376,28.865
2024-08-03 04:00,0.586,0.361,0.393,29.566
2024-08-03 05:00,0.473,0.192,0.403,29.704
2024-08-03 06:00,0.383,0.117,0.359,29.545
2024-08-03 07:00,0.309,0.085,0.298,29.297
2024-08-03 08:00,0.201,0.038,0.215,28.682
2024-08-03 09:00,0.082,0.006,0.110,27.558
2024-08-03 10:00,0.010,0,0.030,25.996
2024-08-03 11:00,0,0,0,24.866
2024-08-03 12:00,0,0,0,24.454
2024-08-03 13:00,0,0,0,24.079
2024-08-03 14:00,0,0,0,23.776
2024-08-03 15:00,0,0,0,23.518
2024-08-03 16:00,0,0,0,23.276
2024-08-03 17:00,0,0,0,23.047
2024-08-03 18:00,0,0,0,22.834
2024-08-03 19:00,0,0,0,22.618
2024-08-03 20:00,0,0,0,22.412
2024-08-03 21:00,0.003,0,0.020,22.275
2024-08-03 22:00,0.045,0.001,0.071,22.462
2024-08-03 23:00,0.098,0.005,0.126,22.891
2024-08-04 00:00,0.160,0.011,0.190,23.563
2024-08-04 01:00,0.235,0.022,0.264,24.469
2024-08-04 02:00,0.298,0.036,0.325,25.265
2024-08-04 03:00,0.368,0.064,0.384,26.115
2024-08-04 04:00,0.423,0.105,0.416,27.073
2024-08-04 05:00,0.445,0.144,0.408,27.902
2024-08-04 06:00,0.392,0.119,0.365,28.375
2024-08-04 07:00,0.295,0.068,0.296,28.404
2024-08-04 08:00,0.196,0.033,0.213,28.004
2024-08-04 09:00,0.105,0.012,0.130,27.110
2024-08-04 10:00,0.022,0,0.045,25.457
2024-08-04 11:00,0,0,0,23.828
2024-08-04 12:00,0,0,0,23.266
2024-08-04 13:00,0,0,0,22.789
2024-08-04 14:00,0,0,0,22.346
2024-08-04 15:00,0,0,0,21.962
2024-08-04 16:00,0,0,0,21.698
2024-08-04 17:00,0,0,0,21.404
2024-08-04 18:00,0,0,0,20.986
2024-08-04 19:00,0,0,0,20.601
2024-08-04 20:00,0,0,0,20.289
2024-08-04 21:00,0.007,0,0.026,20.396
2024-08-04 22:00,0.078,0.005,0.103,21.286
2024-08-04 23:00,0.213,0.047,0.213,22.495
2024-08-05 00:00,0.394,0.243,0.236,25.058
2024-08-05 01:00,0.535,0.420,0.251,27.195
2024-08-05 02:00,0.646,0.594,0.246,28.435
2024-08-05 03:00,0.723,0.744,0.224,29.285
2024-08-05 04:00,0.734,0.773,0.216,29.826
2024-08-05 05:00,0.687,0.696,0.217,30.036
2024-08-05 06:00,0.587,0.540,0.218,29.932
2024-08-05 07:00,0.447,0.348,0.212,29.583
2024-08-05 08:00,0.268,0.136,0.196,29.135
2024-08-05 09:00,0.130,0.042,0.129,28.551
2024-08-05 10:00,0.023,0,0.047,26.722
2024-08-05 11:00,0,0,0,25.552
2024-08-05 12:00,0,0,0,25.146
2024-08-05 13:00,0,0,0,23.913
2024-08-05 14:00,0,0,0,22.463
2024-08-05 15:00,0,0,0,21.042
2024-08-05 16:00,0,0,0,19.884
2024-08-05 17:00,0,0,0,18.974
2024-08-05 18:00,0,0,0,18.258
2024-08-05 19:00,0,0,0,17.662
2024-08-05 20:00,0,0,0,17.185
2024-08-05 21:00,0.012,0,0.031,17.709
2024-08-05 22:00,0.126,0.060,0.101,20.198
2024-08-05 23:00,0.313,0.237,0.137,21.910
2024-08-06 00:00,0.483,0.434,0.160,25.012
2024-08-06 01:00,0.613,0.605,0.180,27.224
2024-08-06 02:00,0.700,0.730,0.194,28.275
2024-08-06 03:00,0.743,0.798,0.202,29.117
2024-08-06 04:00,0.743,0.800,0.204,29.752
2024-08-06 05:00,0.701,0.736,0.199,30.096
2024-08-06 06:00,0.615,0.611,0.189,30.139
2024-08-06 07:00,0.461,0.384,0.195,29.900
2024-08-06 08:00,0.308,0.218,0.163,29.367
2024-08-06 09:00,0.135,0.053,0.124,28.376
2024-08-06 10:00,0.023,0,0.046,25.603
2024-08-06 11:00,0,0,0,22.941
2024-08-06 12:00,0,0,0,22.144
2024-08-06 13:00,0,0,0,21.779
2024-08-06 14:00,0,0,0,21.386
2024-08-06 15:00,0,0,0,20.868
2024-08-06 16:00,0,0,0,20.526
2024-08-06 17:00,0,0,0,20.207
2024-08-06 18:00,0,0,0,19.844
2024-08-06 19:00,0,0,0,19.400
2024-08-06 20:00,0,0,0,19.037
2024-08-06 21:00,0.011,0,0.031,19.677
2024-08-06 22:00,0.118,0.043,0.110,21.475
2024-08-06 23:00,0.290,0.195,0.154,23.685
2024-08-07 00:00,0.444,0.336,0.210,26.107
2024-08-07 01:00,0.522,0.379,0.276,27.901
2024-08-07 02:00,0.579,0.425,0.318,29.124
2024-08-07 03:00,0.597,0.425,0.348,30.026
2024-08-07 04:00,0.574,0.376,0.365,30.644
2024-08-07 05:00,0.535,0.334,0.353,30.999
2024-08-07 06:00,0.434,0.213,0.335,31.030
2024-08-07 07:00,0.283,0.077,0.277,30.647
2024-08-07 08:00,0.185,0.037,0.199,30.259
2024-08-07 09:00,0.102,0.016,0.123,29.384
2024-08-07 10:00,0.020,0,0.043,26.966
2024-08-07 11:00,0,0,0,24.570
2024-08-07 12:00,0,0,0,23.612
2024-08-07 13:00,0,0,0,22.883
2024-08-07 14:00,0,0,0,22.231
2024-08-07 15:00,0,0,0,21.618
2024-08-07 16:00,0,0,0,21.080
2024-08-07 17:00,0,0,0,20.482
2024-08-07 18:00,0,0,0,19.883
2024-08-07 19:00,0,0,0,19.203
2024-08-07 20:00,0,0,0,18.553
2024-08-07 21:00,0.012,0,0.031,18.876
2024-08-07 22:00,0.125,0.048,0.111,20.483
2024-08-07 23:00,0.305,0.211,0.154,22.761
2024-08-08 00:00,0.475,0.411,0.172,25.253
2024-08-08 01:00,0.603,0.573,0.196,27.143
2024-08-08 02:00,0.689,0.694,0.212,28.389
2024-08-08 03:00,0.721,0.735,0.229,29.392
2024-08-08 04:00,0.647,0.552,0.296,29.970
2024-08-08 05:00,0.573,0.425,0.314,30.239
2024-08-08 06:00,0.562,0.483,0.241,30.537
2024-08-08 07:00,0.477,0.417,0.186,30.527
2024-08-08 08:00,0.318,0.239,0.156,30.084
2024-08-08 09:00,0.145,0.075,0.114,29.299
2024-08-08 10:00,0.022,0,0.045,27.126
2024-08-08 11:00,0,0,0,24.489
2024-08-08 12:00,0,0,0,23.303
2024-08-08 13:00,0,0,0,22.540
2024-08-08 14:00,0,0,0,21.875
2024-08-08 15:00,0,0,0,21.410
2024-08-08 16:00,0,0,0,21.139
2024-08-08 17:00,0,0,0,20.734
2024-08-08 18:00,0,0,0,20.172
2024-08-08 19:00,0,0,0,19.604
2024-08-08 20:00,0,0,0,19.017
2024-08-08 21:00,0.009,0,0.029,19.506
2024-08-08 22:00,0.090,0.013,0.109,21.450
2024-08-08 23:00,0.192,0.047,0.188,22.858
2024-08-09 00:00,0.287,0.066,0.283,25.230
2024-08-09 01:00,0.351,0.084,0.345,26.774
2024-08-09 02:00,0.376,0.081,0.380,27.518
2024-08-09 03:00,0.432,0.117,0.419,28.137
2024-08-09 04:00,0.502,0.201,0.431,28.773
2024-08-09 05:00,0.508,0.238,0.404,29.176
2024-08-09 06:00,0.246,0.026,0.279,28.157
2024-08-09 07:00,0.153,0.010,0.186,27.177
2024-08-09 08:00,0.084,0.004,0.114,26.128
2024-08-09 09:00,0.033,0.001,0.058,24.961
2024-08-09 10:00,0.001,0,0.017,23.751
2024-08-09 11:00,0,0,0,22.680
2024-08-09 12:00,0,0,0,21.948
2024-08-09 13:00,0,0,0,21.311
2024-08-09 14:00,0,0,0,20.563
2024-08-09 15:00,0,0,0,20.103
2024-08-09 16:00,0,0,0,19.884
2024-08-09 17:00,0,0,0,19.831
2024-08-09 18:00,0,0,0,20.123
2024-08-09 19:00,0,0,0,20.511
2024-08-09 20:00,0,0,0,21.150
2024-08-09 21:00,0.002,0,0.018,21.842
2024-08-09 22:00,0.064,0.003,0.090,22.539
2024-08-09 23:00,0.178,0.027,0.193,23.305
2024-08-10 00:00,0.291,0.082,0.269,23.982
2024-08-10 01:00,0.351,0.098,0.326,24.401
2024-08-10 02:00,0.365,0.086,0.356,24.804
2024-08-10 03:00,0.362,0.074,0.366,25.539
2024-08-10 04:00,0.477,0.189,0.402,26.904
2024-08-10 05:00,0.594,0.437,0.323,28.044
2024-08-10 06:00,0.580,0.492,0.248,28.353
2024-08-10 07:00,0.467,0.368,0.214,28.019
2024-08-10 08:00,0.309,0.201,0.177,27.131
2024-08-10 09:00,0.140,0.056,0.125,25.651
2024-08-10 10:00,0.020,0,0.042,23.117
2024-08-10 11:00,0,0,0,20.958
2024-08-10 12:00,0,0,0,20.101
2024-08-10 13:00,0,0,0,19.362
2024-08-10 14:00,0,0,0,18.719
2024-08-10 15:00,0,0,0,18.210
2024-08-10 16:00,0,0,0,17.992
2024-08-10 17:00,0,0,0,17.928
2024-08-10 18:00,0,0,0,17.864
2024-08-10 19:00,0,0,0,17.962
2024-08-10 20:00,0,0,0,17.780
2024-08-10 21:00,0.007,0,0.025,17.913
2024-08-10 22:00,0.085,0.009,0.106,18.808
2024-08-10 23:00,0.181,0.034,0.186,20.352
2024-08-11 00:00,0.302,0.085,0.276,22.071
2024-08-11 01:00,0.427,0.178,0.339,23.580
2024-08-11 02:00,0.485,0.212,0.383,24.718
2024-08-11 03:00,0.528,0.253,0.404,25.753
2024-08-11 04:00,0.527,0.252,0.406,26.564
2024-08-11 05:00,0.503,0.241,0.385,27.010
2024-08-11 06:00,0.444,0.203,0.345,27.089
2024-08-11 07:00,0.369,0.167,0.285,26.926
2024-08-11 08:00,0.238,0.078,0.215,26.305
2024-08-11 09:00,0.103,0.015,0.122,24.954
2024-08-11 10:00,0.012,0,0.033,22.944
2024-08-11 11:00,0,0,0,21.319
2024-08-11 12:00,0,0,0,20.538
2024-08-11 13:00,0,0,0,19.796
2024-08-11 14:00,0,0,0,18.924
2024-08-11 15:00,0,0,0,18.067
2024-08-11 16:00,0,0,0,17.199
2024-08-11 17:00,0,0,0,16.401
2024-08-11 18:00,0,0,0,15.939
2024-08-11 19:00,0,0,0,15.799
2024-08-11 20:00,0,0,0,15.809
2024-08-11 21:00,0,0,0.015,15.934
2024-08-11 22:00,0.048,0.002,0.071,16.416
2024-08-11 23:00,0.123,0.010,0.145,17.104
2024-08-12 00:00,0.205,0.021,0.224,17.983
2024-08-12 01:00,0.299,0.045,0.307,19.052
2024-08-12 02:00,0.393,0.087,0.379,20.183
2024-08-12 03:00,0.458,0.131,0.419,21.233
2024-08-12 04:00,0.455,0.128,0.420,21.940
2024-08-12 05:00,0.441,0.130,0.401,22.444
2024-08-12 06:00,0.363,0.086,0.349,22.526
2024-08-12 07:00,0.264,0.045,0.272,22.188
2024-08-12 08:00,0.162,0.018,0.183,21.445
2024-08-12 09:00,0.072,0.005,0.097,20.326
2024-08-12 10:00,0.005,0,0.023,19.033
2024-08-12 11:00,0,0,0,18.073
2024-08-12 12:00,0,0,0,17.535
2024-08-12 13:00,0,0,0,17.136
2024-08-12 14:00,0,0,0,16.845
2024-08-12 15:00,0,0,0,16.644
2024-08-12 16:00,0,0,0,16.511
2024-08-12 17:00,0,0,0,16.423
2024-08-12 18:00,0,0,0,16.403
2024-08-12 19:00,0,0,0,16.442
2024-08-12 20:00,0,0,0,16.529
2024-08-12 21:00,0,0,0.015,16.765
2024-08-12 22:00,0.053,0.002,0.077,17.526
2024-08-12 23:00,0.125,0.010,0.149,18.502
2024-08-13 00:00,0.218,0.032,0.230,19.562
2024-08-13 01:00,0.385,0.128,0.331,21.055
2024-08-13 02:00,0.512,0.258,0.366,22.696
2024-08-13 03:00,0.651,0.499,0.327,24.184
2024-08-13 04:00,0.659,0.519,0.322,25.010
2024-08-13 05:00,0.630,0.498,0.302,25.430
2024-08-13 06:00,0.544,0.395,0.284,25.460
2024-08-13 07:00,0.418,0.256,0.253,25.114
2024-08-13 08:00,0.236,0.079,0.208,24.321
2024-08-13 09:00,0.101,0.017,0.119,23.235
2024-08-13 10:00,0.011,0,0.030,21.459
2024-08-13 11:00,0,0,0,19.901
2024-08-13 12:00,0,0,0,19.244
2024-08-13 13:00,0,0,0,18.651
2024-08-13 14:00,0,0,0,18.141
2024-08-13 15:00,0,0,0,17.691
2024-08-13 16:00,0,0,0,17.185
2024-08-13 17:00,0,0,0,16.708
2024-08-13 18:00,0,0,0,16.303
2024-08-13 19:00,0,0,0,16.249
2024-08-13 20:00,0,0,0,16.434
2024-08-13 21:00,0.001,0,0.017,16.901
2024-08-13 22:00,0.067,0.005,0.090,18.078
2024-08-13 23:00,0.168,0.028,0.177,19.204
2024-08-14 00:00,0.289,0.081,0.262,20.963
2024-08-14 01:00,0.446,0.218,0.319,22.494
2024-08-14 02:00,0.570,0.375,0.331,23.600
2024-08-14 03:00,0.625,0.451,0.338,24.319
2024-08-14 04:00,0.648,0.502,0.323,24.829
2024-08-14 05:00,0.600,0.437,0.318,25.120
2024-08-14 06:00,0.544,0.400,0.277,25.274
2024-08-14 07:00,0.412,0.251,0.250,25.084
2024-08-14 08:00,0.254,0.107,0.202,24.564
2024-08-14 09:00,0.108,0.023,0.120,23.684
2024-08-14 10:00,0.012,0,0.032,22.060
2024-08-14 11:00,0,0,0,20.313
2024-08-14 12:00,0,0,0,19.707
2024-08-14 13:00,0,0,0,19.457
2024-08-14 14:00,0,0,0,19.440
2024-08-14 15:00,0,0,0,19.557
2024-08-14 16:00,0,0,0,19.406
2024-08-14 17:00,0,0,0,18.908
2024-08-14 18:00,0,0,0,18.451
2024-08-14 19:00,0,0,0,18.056
2024-08-14 20:00,0,0,0,17.742
2024-08-14 21:00,0,0,0.015,17.790
2024-08-14 22:00,0.070,0.007,0.092,18.909
2024-08-14 23:00,0.213,0.066,0.191,20.608
2024-08-15 00:00,0.340,0.143,0.262,22.033
2024-08-15 01:00,0.438,0.211,0.319,23.164
2024-08-15 02:00,0.493,0.242,0.362,24.071
2024-08-15 03:00,0.507,0.237,0.388,24.767
2024-08-15 04:00,0.471,0.185,0.394,25.203
2024-08-15 05:00,0.444,0.171,0.374,25.578
2024-08-15 06:00,0.422,0.184,0.332,25.887
2024-08-15 07:00,0.356,0.163,0.271,25.916
2024-08-15 08:00,0.209,0.058,0.200,25.461
2024-08-15 09:00,0.101,0.019,0.117,24.866
2024-08-15 10:00,0.009,0,0.029,23.553
2024-08-15 11:00,0,0,0,22.231
2024-08-15 12:00,0,0,0,21.614
2024-08-15 13:00,0,0,0,21.138
2024-08-15 14:00,0,0,0,20.670
2024-08-15 15:00,0,0,0,19.999
2024-08-15 16:00,0,0,0,19.428
2024-08-15 17:00,0,0,0,18.787
2024-08-15 18:00,0,0,0,18.242
2024-08-15 19:00,0,0,0,17.739
2024-08-15 20:00,0,0,0,17.302
2024-08-15 21:00,0.005,0,0.022,17.575
2024-08-15 22:00,0.107,0.031,0.108,19.877
2024-08-15 23:00,0.269,0.151,0.172,21.965
2024-08-16 00:00,0.426,0.309,0.208,24.741
2024-08-16 01:00,0.574,0.503,0.220,26.452
2024-08-16 02:00,0.666,0.629,0.235,27.387
2024-08-16 03:00,0.705,0.681,0.249,27.976
2024-08-16 04:00,0.692,0.649,0.263,28.301
2024-08-16 05:00,0.636,0.557,0.268,28.455
2024-08-16 06:00,0.530,0.401,0.268,28.347
2024-08-16 07:00,0.383,0.221,0.251,27.958
2024-08-16 08:00,0.220,0.077,0.197,27.296
2024-08-16 09:00,0.082,0.012,0.104,26.423
2024-08-16 10:00,0.003,0,0.020,24.745
2024-08-16 11:00,0,0,0,23.447
2024-08-16 12:00,0,0,0,22.845
2024-08-16 13:00,0,0,0,22.288
2024-08-16 14:00,0,0,0,21.740
2024-08-16 15:00,0,0,0,21.301
2024-08-16 16:00,0,0,0,21.003
2024-08-16 17:00,0,0,0,20.694
2024-08-16 18:00,0,0,0,20.381
2024-08-16 19:00,0,0,0,20.123
2024-08-16 20:00,0,0,0,19.894
2024-08-16 21:00,0,0,0.015,20.034
2024-08-16 22:00,0.067,0.007,0.089,21.319
2024-08-16 23:00,0.197,0.059,0.183,22.673
2024-08-17 00:00,0.344,0.142,0.273,24.452
2024-08-17 01:00,0.470,0.255,0.323,25.580
2024-08-17 02:00,0.530,0.294,0.368,26.381
2024-08-17 03:00,0.592,0.378,0.375,27.187
2024-08-17 04:00,0.471,0.174,0.411,27.448
2024-08-17 05:00,0.378,0.092,0.373,27.442
2024-08-17 06:00,0.368,0.109,0.343,27.607
2024-08-17 07:00,0.310,0.096,0.284,27.577
2024-08-17 08:00,0.167,0.026,0.186,27.190
2024-08-17 09:00,0.046,0.002,0.072,25.805
2024-08-17 10:00,0,0,0.015,23.911
2024-08-17 11:00,0,0,0,22.704
2024-08-17 12:00,0,0,0,22.169
2024-08-17 13:00,0,0,0,21.724
2024-08-17 14:00,0,0,0,21.347
2024-08-17 15:00,0,0,0,21.066
2024-08-17 16:00,0,0,0,20.773
2024-08-17 17:00,0,0,0,20.478
2024-08-17 18:00,0,0,0,20.217
2024-08-17 19:00,0,0,0,20.054
2024-08-17 20:00,0,0,0,19.891
2024-08-17 21:00,0,0,0.006,19.838
2024-08-17 22:00,0.018,0.001,0.039,20.349
2024-08-17 23:00,0.071,0.003,0.097,21.345
2024-08-18 00:00,0.148,0.009,0.177,22.770
2024-08-18 01:00,0.210,0.016,0.242,23.809
2024-08-18 02:00,0.254,0.021,0.287,24.314
2024-08-18 03:00,0.258,0.020,0.293,24.431
2024-08-18 04:00,0.197,0.010,0.233,24.096
2024-08-18 05:00,0.195,0.010,0.230,24.009
2024-08-18 06:00,0.256,0.026,0.284,24.437
2024-08-18 07:00,0.252,0.038,0.268,24.834
2024-08-18 08:00,0.129,0.010,0.157,24.444
2024-08-18 09:00,0.033,0.001,0.057,23.378
2024-08-18 10:00,0,0,0.010,22.024
2024-08-18 11:00,0,0,0,21.222
2024-08-18 12:00,0,0,0,20.851
2024-08-18 13:00,0,0,0,20.468
2024-08-18 14:00,0,0,0,20.033
2024-08-18 15:00,0,0,0,19.753
2024-08-18 16:00,0,0,0,19.526
2024-08-18 17:00,0,0,0,19.207
2024-08-18 18:00,0,0,0,18.831
2024-08-18 19:00,0,0,0,18.481
2024-08-18 20:00,0,0,0,18.105
2024-08-18 21:00,0,0,0.010,18.149
2024-08-18 22:00,0.032,0.001,0.055,18.741
2024-08-18 23:00,0.089,0.004,0.115,19.177
2024-08-19 00:00,0.152,0.009,0.180,20.195
2024-08-19 01:00,0.206,0.014,0.236,21.291
2024-08-19 02:00,0.238,0.016,0.271,22.135
2024-08-19 03:00,0.256,0.018,0.290,22.683
2024-08-19 04:00,0.260,0.019,0.294,23.050
2024-08-19 05:00,0.252,0.019,0.286,23.258
2024-08-19 06:00,0.194,0.011,0.227,23.103
2024-08-19 07:00,0.118,0.005,0.149,22.601
2024-08-19 08:00,0.068,0.002,0.095,22.065
2024-08-19 09:00,0.022,0.001,0.044,21.412
2024-08-19 10:00,0,0,0.008,20.452
2024-08-19 11:00,0,0,0,19.911
2024-08-19 12:00,0,0,0,19.798
2024-08-19 13:00,0,0,0,19.790
2024-08-19 14:00,0,0,0,19.733
2024-08-19 15:00,0,0,0,19.608
2024-08-19 16:00,0,0,0,19.342
2024-08-19 17:00,0,0,0,19.066
2024-08-19 18:00,0,0,0,18.835
2024-08-19 19:00,0,0,0,18.643
2024-08-19 20:00,0,0,0,18.503
2024-08-19 21:00,0,0,0.006,18.411
2024-08-19 22:00,0.020,0,0.041,18.617
2024-08-19 23:00,0.064,0.002,0.090,19.046
2024-08-20 00:00,0.096,0.004,0.123,19.500
2024-08-20 01:00,0.137,0.006,0.167,20.020
2024-08-20 02:00,0.183,0.009,0.214,20.633
2024-08-20 03:00,0.215,0.013,0.248,21.245
2024-08-20 04:00,0.226,0.014,0.259,21.710
2024-08-20 05:00,0.227,0.016,0.259,21.971
2024-08-20 06:00,0.199,0.014,0.229,21.991
2024-08-20 07:00,0.164,0.011,0.192,21.889
2024-08-20 08:00,0.110,0.007,0.137,21.691
2024-08-20 09:00,0.046,0.002,0.070,21.320
2024-08-20 10:00,0,0,0.014,20.759
2024-08-20 11:00,0,0,0,20.323
2024-08-20 12:00,0,0,0,20.100
2024-08-20 13:00,0,0,0,19.910
2024-08-20 14:00,0,0,0,19.687
2024-08-20 15:00,0,0,0,19.443
2024-08-20 16:00,0,0,0,19.127
2024-08-20 17:00,0,0,0,18.750
2024-08-20 18:00,0,0,0,18.385
2024-08-20 19:00,0,0,0,17.987
2024-08-20 20:00,0,0,0,17.605
2024-08-20 21:00,0.001,0,0.016,17.552
2024-08-20 22:00,0.093,0.015,0.108,18.571
2024-08-20 23:00,0.273,0.135,0.189,19.903
2024-08-21 00:00,0.458,0.383,0.168,21.855
2024-08-21 01:00,0.594,0.550,0.190,23.722
2024-08-21 02:00,0.689,0.686,0.202,24.994
2024-08-21 03:00,0.734,0.755,0.209,25.898
2024-08-21 04:00,0.728,0.743,0.216,26.505
2024-08-21 05:00,0.676,0.661,0.217,26.774
2024-08-21 06:00,0.580,0.524,0.210,26.711
2024-08-21 07:00,0.444,0.355,0.192,26.394
2024-08-21 08:00,0.245,0.123,0.176,25.718
2024-08-21 09:00,0.107,0.037,0.105,24.724
2024-08-21 10:00,0.003,0,0.020,22.644
2024-08-21 11:00,0,0,0,21.135
2024-08-21 12:00,0,0,0,20.593
2024-08-21 13:00,0,0,0,20.144
2024-08-21 14:00,0,0,0,19.713
2024-08-21 15:00,0,0,0,19.269
2024-08-21 16:00,0,0,0,18.829
2024-08-21 17:00,0,0,0,18.349
2024-08-21 18:00,0,0,0,17.866
2024-08-21 19:00,0,0,0,17.307
2024-08-21 20:00,0,0,0,16.720
2024-08-21 21:00,0,0,0.015,16.447
2024-08-21 22:00,0.102,0.044,0.089,17.573
2024-08-21 23:00,0.289,0.209,0.132,19.410
2024-08-22 00:00,0.468,0.403,0.160,21.344
2024-08-22 01:00,0.608,0.576,0.180,22.800
2024-08-22 02:00,0.697,0.697,0.197,23.924
2024-08-22 03:00,0.719,0.711,0.223,24.682
2024-08-22 04:00,0.718,0.709,0.226,25.231
2024-08-22 05:00,0.671,0.641,0.222,25.591
2024-08-22 06:00,0.562,0.480,0.224,25.659
2024-08-22 07:00,0.416,0.298,0.210,25.408
2024-08-22 08:00,0.271,0.167,0.162,24.951
2024-08-22 09:00,0.116,0.052,0.100,23.981
2024-08-22 10:00,0.003,0,0.020,21.857
2024-08-22 11:00,0,0,0,20.858
2024-08-22 12:00,0,0,0,20.823
2024-08-22 13:00,0,0,0,20.071
2024-08-22 14:00,0,0,0,18.682
2024-08-22 15:00,0,0,0,17.705
2024-08-22 16:00,0,0,0,17.260
2024-08-22 17:00,0,0,0,16.954
2024-08-22 18:00,0,0,0,16.675
2024-08-22 19:00,0,0,0,16.431
2024-08-22 20:00,0,0,0,16.222
2024-08-22 21:00,0,0,0.014,16.304
2024-08-22 22:00,0.098,0.040,0.089,18.668
2024-08-22 23:00,0.261,0.163,0.148,20.387
2024-08-23 00:00,0.411,0.294,0.201,23.155
2024-08-23 01:00,0.543,0.446,0.229,24.916
2024-08-23 02:00,0.636,0.569,0.244,26.033
2024-08-23 03:00,0.691,0.655,0.246,26.879
2024-08-23 04:00,0.692,0.658,0.247,27.512
2024-08-23 05:00,0.636,0.572,0.250,27.834
2024-08-23 06:00,0.523,0.404,0.253,27.830
2024-08-23 07:00,0.382,0.239,0.231,27.607
2024-08-23 08:00,0.237,0.115,0.178,27.252
2024-08-23 09:00,0.101,0.033,0.103,26.494
2024-08-23 10:00,0.002,0,0.019,23.922
2024-08-23 11:00,0,0,0,21.897
2024-08-23 12:00,0,0,0,20.939
2024-08-23 13:00,0,0,0,20.225
2024-08-23 14:00,0,0,0,19.625
2024-08-23 15:00,0,0,0,19.154
2024-08-23 16:00,0,0,0,18.892
2024-08-23 17:00,0,0,0,18.791
2024-08-23 18:00,0,0,0,18.674
2024-08-23 19:00,0,0,0,18.402
2024-08-23 20:00,0,0,0,17.797
2024-08-23 21:00,0,0,0.013,17.651
2024-08-23 22:00,0.097,0.040,0.089,19.596
2024-08-23 23:00,0.282,0.200,0.136,21.311
2024-08-24 00:00,0.462,0.400,0.161,23.630
2024-08-24 01:00,0.598,0.573,0.182,25.796
2024-08-24 02:00,0.686,0.700,0.197,27.380
2024-08-24 03:00,0.729,0.767,0.206,28.531
2024-08-24 04:00,0.705,0.710,0.227,29.216
2024-08-24 05:00,0.652,0.627,0.228,29.577
2024-08-24 06:00,0.559,0.497,0.218,29.645
2024-08-24 07:00,0.411,0.303,0.208,29.315
2024-08-24 08:00,0.225,0.104,0.177,28.340
2024-08-24 09:00,0.100,0.035,0.101,26.609
2024-08-24 10:00,0.001,0,0.018,23.864
2024-08-24 11:00,0,0,0,22.233
2024-08-24 12:00,0,0,0,21.292
2024-08-24 13:00,0,0,0,20.344
2024-08-24 14:00,0,0,0,19.500
2024-08-24 15:00,0,0,0,18.732
2024-08-24 16:00,0,0,0,18.038
2024-08-24 17:00,0,0,0,17.424
2024-08-24 18:00,0,0,0,16.865
2024-08-24 19:00,0,0,0,16.381
2024-08-24 20:00,0,0,0,15.893
2024-08-24 21:00,0,0,0.012,15.690
2024-08-24 22:00,0.091,0.031,0.089,17.021
2024-08-24 23:00,0.255,0.151,0.151,18.799
2024-08-25 00:00,0.429,0.298,0.215,21.454
2024-08-25 01:00,0.580,0.487,0.234,23.479
2024-08-25 02:00,0.692,0.656,0.236,24.827
2024-08-25 03:00,0.708,0.649,0.271,25.519
2024-08-25 04:00,0.624,0.454,0.339,25.642
2024-08-25 05:00,0.549,0.341,0.345,25.670
2024-08-25 06:00,0.412,0.173,0.329,25.452
2024-08-25 07:00,0.259,0.060,0.255,24.982
2024-08-25 08:00,0.105,0.009,0.130,24.180
2024-08-25 09:00,0.034,0.002,0.057,23.254
2024-08-25 10:00,0,0,0.009,21.806
2024-08-25 11:00,0,0,0,21.099
2024-08-25 12:00,0,0,0,20.860
2024-08-25 13:00,0,0,0,20.178
2024-08-25 14:00,0,0,0,19.440
2024-08-25 15:00,0,0,0,18.998
2024-08-25 16:00,0,0,0,18.868
2024-08-25 17:00,0,0,0,18.775
2024-08-25 18:00,0,0,0,18.645
2024-08-25 19:00,0,0,0,18.227
2024-08-25 20:00,0,0,0,17.722
2024-08-25 21:00,0,0,0.004,17.316
2024-08-25 22:00,0.016,0.001,0.036,17.622
2024-08-25 23:00,0.076,0.005,0.100,17.866
2024-08-26 00:00,0.170,0.021,0.187,18.722
2024-08-26 01:00,0.265,0.048,0.268,20.368
2024-08-26 02:00,0.371,0.104,0.339,21.781
2024-08-26 03:00,0.480,0.208,0.374,22.828
2024-08-26 04:00,0.536,0.295,0.364,23.505
2024-08-26 05:00,0.523,0.304,0.339,23.891
2024-08-26 06:00,0.471,0.278,0.297,24.016
2024-08-26 07:00,0.388,0.230,0.238,23.903
2024-08-26 08:00,0.289,0.190,0.157,23.445
2024-08-26 09:00,0.122,0.064,0.093,22.102
2024-08-26 10:00,0.001,0,0.017,18.876
2024-08-26 11:00,0,0,0,17.006
2024-08-26 12:00,0,0,0,15.984
2024-08-26 13:00,0,0,0,15.160
2024-08-26 14:00,0,0,0,14.437
2024-08-26 15:00,0,0,0,13.757
2024-08-26 16:00,0,0,0,13.218
2024-08-26 17:00,0,0,0,12.784
2024-08-26 18:00,0,0,0,12.328
2024-08-26 19:00,0,0,0,11.843
2024-08-26 20:00,0,0,0,11.380
2024-08-26 21:00,0,0,0.011,11.265
2024-08-26 22:00,0.107,0.054,0.081,13.300
2024-08-26 23:00,0.311,0.237,0.123,15.674
2024-08-27 00:00,0.502,0.463,0.134,18.708
2024-08-27 01:00,0.644,0.648,0.153,21.112
2024-08-27 02:00,0.737,0.781,0.167,22.529
2024-08-27 03:00,0.782,0.853,0.175,23.464
2024-08-27 04:00,0.781,0.852,0.177,24.110
2024-08-27 05:00,0.728,0.770,0.177,24.478
2024-08-27 06:00,0.602,0.566,0.190,24.458
2024-08-27 07:00,0.407,0.284,0.208,24.038
2024-08-27 08:00,0.221,0.098,0.172,23.215
2024-08-27 09:00,0.086,0.024,0.094,21.996
2024-08-27 10:00,0,0,0.015,20.305
2024-08-27 11:00,0,0,0,20.038
2024-08-27 12:00,0,0,0,19.780
2024-08-27 13:00,0,0,0,18.824
2024-08-27 14:00,0,0,0,17.241
2024-08-27 15:00,0,0,0,15.948
2024-08-27 16:00,0,0,0,15.049
2024-08-27 17:00,0,0,0,14.296
2024-08-27 18:00,0,0,0,13.662
2024-08-27 19:00,0,0,0,13.201
2024-08-27 20:00,0,0,0,12.887
2024-08-27 21:00,0,0,0.010,12.818
2024-08-27 22:00,0.093,0.042,0.080,15.697
2024-08-27 23:00,0.278,0.197,0.129,18.365
2024-08-28 00:00,0.486,0.449,0.136,21.040
2024-08-28 01:00,0.625,0.634,0.154,24.196
2024-08-28 02:00,0.713,0.762,0.170,26.012
2024-08-28 03:00,0.754,0.824,0.180,27.017
2024-08-28 04:00,0.755,0.829,0.180,27.589
2024-08-28 05:00,0.714,0.770,0.173,27.853
2024-08-28 06:00,0.606,0.602,0.174,27.761
2024-08-28 07:00,0.416,0.319,0.193,27.273
2024-08-28 08:00,0.251,0.154,0.155,26.733
2024-08-28 09:00,0.113,0.067,0.083,25.629
2024-08-28 10:00,0,0,0.014,22.655
2024-08-28 11:00,0,0,0,20.545
2024-08-28 12:00,0,0,0,19.365
2024-08-28 13:00,0,0,0,18.358
2024-08-28 14:00,0,0,0,17.500
2024-08-28 15:00,0,0,0,16.801
2024-08-28 16:00,0,0,0,16.137
2024-08-28 17:00,0,0,0,15.558
2024-08-28 18:00,0,0,0,15.006
2024-08-28 19:00,0,0,0,14.516
2024-08-28 20:00,0,0,0,14.141
2024-08-28 21:00,0,0,0.009,14.106
2024-08-28 22:00,0.096,0.053,0.073,16.597
2024-08-28 23:00,0.297,0.239,0.111,18.998
2024-08-29 00:00,0.483,0.444,0.138,21.609
2024-08-29 01:00,0.619,0.621,0.160,24.704
2024-08-29 02:00,0.711,0.757,0.173,26.184
2024-08-29 03:00,0.764,0.847,0.175,27.201
2024-08-29 04:00,0.748,0.814,0.187,27.889
2024-08-29 05:00,0.679,0.690,0.200,28.257
2024-08-29 06:00,0.600,0.590,0.179,28.396
2024-08-29 07:00,0.463,0.417,0.160,28.124
2024-08-29 08:00,0.280,0.205,0.138,27.204
2024-08-29 09:00,0.096,0.039,0.091,25.082
2024-08-29 10:00,0,0,0.013,21.757
2024-08-29 11:00,0,0,0,20.472
2024-08-29 12:00,0,0,0,19.765
2024-08-29 13:00,0,0,0,18.851
2024-08-29 14:00,0,0,0,17.965
2024-08-29 15:00,0,0,0,17.293
2024-08-29 16:00,0,0,0,16.838
2024-08-29 17:00,0,0,0,16.490
2024-08-29 18:00,0,0,0,16.255
2024-08-29 19:00,0,0,0,16.092
2024-08-29 20:00,0,0,0,16.152
2024-08-29 21:00,0,0,0.008,16.382
2024-08-29 22:00,0.083,0.034,0.079,18.049
2024-08-29 23:00,0.265,0.184,0.131,20.231
2024-08-30 00:00,0.470,0.422,0.145,22.040
2024-08-30 01:00,0.616,0.607,0.164,23.348
2024-08-30 02:00,0.712,0.746,0.175,24.478
2024-08-30 03:00,0.760,0.822,0.182,25.331
2024-08-30 04:00,0.761,0.827,0.182,25.923
2024-08-30 05:00,0.714,0.755,0.179,26.238
2024-08-30 06:00,0.622,0.625,0.167,26.217
2024-08-30 07:00,0.485,0.451,0.148,25.831
2024-08-30 08:00,0.306,0.249,0.121,24.952
2024-08-30 09:00,0.112,0.066,0.080,23.083
2024-08-30 10:00,0,0,0.012,19.796
2024-08-30 11:00,0,0,0,18.229
2024-08-30 12:00,0,0,0,17.427
2024-08-30 13:00,0,0,0,17.028
2024-08-30 14:00,0,0,0,16.330
2024-08-30 15:00,0,0,0,16.244
2024-08-30 16:00,0,0,0,15.853
2024-08-30 17:00,0,0,0,14.919
2024-08-30 18:00,0,0,0,14.251
2024-08-30 19:00,0,0,0,13.877
2024-08-30 20:00,0,0,0,13.877
2024-08-30 21:00,0,0,0.007,14.213
2024-08-30 22:00,0.070,0.019,0.077,15.538
2024-08-30 23:00,0.213,0.100,0.153,17.179
2024-08-31 00:00,0.339,0.148,0.252,19.805
2024-08-31 01:00,0.387,0.143,0.319,21.678
2024-08-31 02:00,0.528,0.299,0.349,23.284
2024-08-31 03:00,0.511,0.241,0.388,24.404
2024-08-31 04:00,0.366,0.080,0.364,24.735
2024-08-31 05:00,0.301,0.048,0.316,24.869
2024-08-31 06:00,0.256,0.038,0.273,24.859
2024-08-31 07:00,0.173,0.019,0.197,24.404
2024-08-31 08:00,0.095,0.008,0.120,23.520
2024-08-31 09:00,0.037,0.003,0.060,22.391
2024-08-31 10:00,0,0,0.009,21.175
2024-08-31 11:00,0,0,0,20.418
2024-08-31 12:00,0,0,0,19.999
2024-08-31 13:00,0,0,0,19.600
2024-08-31 14:00,0,0,0,19.148
2024-08-31 15:00,0,0,0,18.715
2024-08-31 16:00,0,0,0,18.218
2024-08-31 17:00,0,0,0,17.824
2024-08-31 18:00,0,0,0,17.252
2024-08-31 19:00,0,0,0,16.632
2024-08-31 20:00,0,0,0,16.252
2024-08-31 21:00,0,0,0.007,15.946
2024-08-31 22:00,0.059,0.009,0.077,16.737
2024-08-31 23:00,0.176,0.044,0.169,17.574
2024-09-01 00:00,0.393,0.268,0.194,18.380
2024-09-01 01:00,0.574,0.497,0.197,19.093
2024-09-01 02:00,0.674,0.628,0.211,19.834
2024-09-01 03:00,0.731,0.715,0.213,20.663
2024-09-01 04:00,0.771,0.812,0.185,21.516
2024-09-01 05:00,0.708,0.709,0.191,21.852
2024-09-01 06:00,0.616,0.586,0.178,21.720
2024-09-01 07:00,0.491,0.444,0.148,21.316
2024-09-01 08:00,0.302,0.235,0.123,20.601
2024-09-01 09:00,0.108,0.061,0.079,19.218
2024-09-01 10:00,0,0,0.010,16.505
2024-09-01 11:00,0,0,0,14.814
2024-09-01 12:00,0,0,0,13.759
2024-09-01 13:00,0,0,0,12.889
2024-09-01 14:00,0,0,0,12.202
2024-09-01 15:00,0,0,0,11.677
2024-09-01 16:00,0,0,0,11.278
2024-09-01 17:00,0,0,0,10.961
2024-09-01 18:00,0,0,0,10.614
2024-09-01 19:00,0,0,0,10.267
2024-09-01 20:00,0,0,0,9.964
2024-09-01 21:00,0,0,0.006,9.805
2024-09-01 22:00,0.096,0.057,0.066,11.917
2024-09-01 23:00,0.307,0.250,0.103,14.532
2024-09-02 00:00,0.498,0.465,0.127,18.273
2024-09-02 01:00,0.643,0.650,0.147,20.643
2024-09-02 02:00,0.737,0.784,0.161,21.853
2024-09-02 03:00,0.783,0.857,0.169,22.754
2024-09-02 04:00,0.783,0.859,0.170,23.406
2024-09-02 05:00,0.736,0.790,0.165,23.803
2024-09-02 06:00,0.641,0.656,0.154,23.907
2024-09-02 07:00,0.498,0.473,0.137,23.708
2024-09-02 08:00,0.311,0.262,0.112,23.132
2024-09-02 09:00,0.108,0.068,0.074,21.955
2024-09-02 10:00,0,0,0.010,19.699
2024-09-02 11:00,0,0,0,17.822
2024-09-02 12:00,0,0,0,16.166
2024-09-02 13:00,0,0,0,14.980
2024-09-02 14:00,0,0,0,14.198
2024-09-02 15:00,0,0,0,13.630
2024-09-02 16:00,0,0,0,13.223
2024-09-02 17:00,0,0,0,13.008
2024-09-02 18:00,0,0,0,12.727
2024-09-02 19:00,0,0,0,12.380
2024-09-02 20:00,0,0,0,12.121
2024-09-02 21:00,0,0,0.005,12.095
2024-09-02 22:00,0.067,0.021,0.072,14.088
2024-09-02 23:00,0.220,0.115,0.145,16.072
2024-09-03 00:00,0.412,0.287,0.199,18.944
2024-09-03 01:00,0.575,0.491,0.214,21.176
2024-09-03 02:00,0.681,0.640,0.223,22.599
2024-09-03 03:00,0.722,0.695,0.237,23.716
2024-09-03 04:00,0.744,0.752,0.221,24.634
2024-09-03 05:00,0.690,0.671,0.219,25.147
2024-09-03 06:00,0.559,0.465,0.232,25.167
2024-09-03 07:00,0.430,0.325,0.199,24.817
2024-09-03 08:00,0.241,0.129,0.164,23.827
2024-09-03 09:00,0.072,0.017,0.085,22.074
2024-09-03 10:00,0,0,0.007,20.113
2024-09-03 11:00,0,0,0,19.334
2024-09-03 12:00,0,0,0,18.728
2024-09-03 13:00,0,0,0,18.246
2024-09-03 14:00,0,0,0,18.144
2024-09-03 15:00,0,0,0,17.915
2024-09-03 16:00,0,0,0,17.561
2024-09-03 17:00,0,0,0,17.262
2024-09-03 18:00,0,0,0,17.035
2024-09-03 19:00,0,0,0,16.859
2024-09-03 20:00,0,0,0,16.723
2024-09-03 21:00,0,0,0.002,16.651
2024-09-03 22:00,0.003,0,0.019,16.785
2024-09-03 23:00,0.031,0.002,0.052,17.120
2024-09-04 00:00,0.124,0.009,0.148,18.066
2024-09-04 01:00,0.279,0.050,0.280,19.773
2024-09-04 02:00,0.405,0.125,0.359,21.586
2024-09-04 03:00,0.424,0.127,0.382,22.630
2024-09-04 04:00,0.501,0.223,0.390,23.546
2024-09-04 05:00,0.368,0.091,0.352,23.596
2024-09-04 06:00,0.177,0.014,0.205,22.718
2024-09-04 07:00,0.108,0.006,0.136,21.974
2024-09-04 08:00,0.080,0.005,0.105,21.649
2024-09-04 09:00,0.026,0.002,0.048,21.003
2024-09-04 10:00,0,0,0.004,19.761
2024-09-04 11:00,0,0,0,19.274
2024-09-04 12:00,0,0,0,18.672
2024-09-04 13:00,0,0,0,17.586
2024-09-04 14:00,0,0,0,16.361
2024-09-04 15:00,0,0,0,15.413
2024-09-04 16:00,0,0,0,14.869
2024-09-04 17:00,0,0,0,14.423
2024-09-04 18:00,0,0,0,13.844
2024-09-04 19:00,0,0,0,13.109
2024-09-04 20:00,0,0,0,12.562
2024-09-04 21:00,0,0,0.005,12.232
2024-09-04 22:00,0.085,0.034,0.079,12.989
2024-09-04 23:00,0.290,0.197,0.138,15.050
2024-09-05 00:00,0.499,0.469,0.121,17.409
2024-09-05 01:00,0.653,0.667,0.137,19.042
2024-09-05 02:00,0.751,0.810,0.149,20.225
2024-09-05 03:00,0.801,0.888,0.154,21.069
2024-09-05 04:00,0.800,0.890,0.156,21.568
2024-09-05 05:00,0.753,0.818,0.152,21.844
2024-09-05 06:00,0.657,0.682,0.141,21.838
2024-09-05 07:00,0.508,0.490,0.126,21.517
2024-09-05 08:00,0.315,0.271,0.103,20.745
2024-09-05 09:00,0.104,0.068,0.068,18.926
2024-09-05 10:00,0,0,0.007,16.189
2024-09-05 11:00,0,0,0,15.636
2024-09-05 12:00,0,0,0,14.809
2024-09-05 13:00,0,0,0,13.640
2024-09-05 14:00,0,0,0,12.840
2024-09-05 15:00,0,0,0,12.725
2024-09-05 16:00,0,0,0,12.721
2024-09-05 17:00,0,0,0,12.332
2024-09-05 18:00,0,0,0,11.430
2024-09-05 19:00,0,0,0,10.812
2024-09-05 20:00,0,0,0,10.505
2024-09-05 21:00,0,0,0.004,10.148
2024-09-05 22:00,0.088,0.056,0.059,12.648
2024-09-05 23:00,0.279,0.216,0.108,15.740
2024-09-06 00:00,0.456,0.375,0.163,18.342
2024-09-06 01:00,0.585,0.523,0.196,21.628
2024-09-06 02:00,0.675,0.638,0.217,22.838
2024-09-06 03:00,0.732,0.728,0.220,23.690
2024-09-06 04:00,0.718,0.697,0.232,24.263
2024-09-06 05:00,0.556,0.389,0.300,24.263
2024-09-06 06:00,0.465,0.292,0.275,24.126
2024-09-06 07:00,0.345,0.186,0.230,23.758
2024-09-06 08:00,0.216,0.102,0.162,23.083
2024-09-06 09:00,0.070,0.020,0.080,21.561
2024-09-06 10:00,0,0,0.006,19.509
2024-09-06 11:00,0,0,0,18.703
2024-09-06 12:00,0,0,0,18.154
2024-09-06 13:00,0,0,0,17.546
2024-09-06 14:00,0,0,0,16.602
2024-09-06 15:00,0,0,0,15.676
2024-09-06 16:00,0,0,0,15.088
2024-09-06 17:00,0,0,0,14.569
2024-09-06 18:00,0,0,0,14.267
2024-09-06 19:00,0,0,0,14.008
2024-09-06 20:00,0,0,0,13.707
2024-09-06 21:00,0,0,0.002,13.460
2024-09-06 22:00,0.038,0.006,0.056,14.413
2024-09-06 23:00,0.202,0.090,0.150,16.313
2024-09-07 00:00,0.435,0.351,0.162,18.568
2024-09-07 01:00,0.595,0.552,0.176,20.139
2024-09-07 02:00,0.701,0.700,0.186,21.365
2024-09-07 03:00,0.764,0.810,0.182,22.449
2024-09-07 04:00,0.758,0.800,0.187,23.357
2024-09-07 05:00,0.697,0.704,0.191,23.933
2024-09-07 06:00,0.600,0.574,0.178,24.223
2024-09-07 07:00,0.431,0.350,0.174,24.097
2024-09-07 08:00,0.263,0.184,0.133,23.618
2024-09-07 09:00,0.084,0.041,0.075,22.193
2024-09-07 10:00,0,0,0.006,19.028
2024-09-07 11:00,0,0,0,17.451
2024-09-07 12:00,0,0,0,16.510
2024-09-07 13:00,0,0,0,15.745
2024-09-07 14:00,0,0,0,15.110
2024-09-07 15:00,0,0,0,14.517
2024-09-07 16:00,0,0,0,13.939
2024-09-07 17:00,0,0,0,13.397
2024-09-07 18:00,0,0,0,13.049
2024-09-07 19:00,0,0,0,12.708
2024-09-07 20:00,0,0,0,12.287
2024-09-07 21:00,0,0,0.003,11.833
2024-09-07 22:00,0.071,0.033,0.064,13.019
2024-09-07 23:00,0.294,0.239,0.101,15.335
2024-09-08 00:00,0.486,0.431,0.147,18.750
2024-09-08 01:00,0.625,0.604,0.173,21.978
2024-09-08 02:00,0.724,0.746,0.187,23.401
2024-09-08 03:00,0.737,0.739,0.220,24.306
2024-09-08 04:00,0.699,0.654,0.250,24.881
2024-09-08 05:00,0.607,0.493,0.274,25.128
2024-09-08 06:00,0.427,0.229,0.291,24.906
2024-09-08 07:00,0.256,0.078,0.233,24.339
2024-09-08 08:00,0.141,0.030,0.149,23.418
2024-09-08 09:00,0.054,0.010,0.071,21.794
2024-09-08 10:00,0,0,0.005,19.155
2024-09-08 11:00,0,0,0,18.410
2024-09-08 12:00,0,0,0,18.021
2024-09-08 13:00,0,0,0,17.571
2024-09-08 14:00,0,0,0,17.062
2024-09-08 15:00,0,0,0,16.641
2024-09-08 16:00,0,0,0,16.504
2024-09-08 17:00,0,0,0,16.609
2024-09-08 18:00,0,0,0,16.706
2024-09-08 19:00,0,0,0,16.812
2024-09-08 20:00,0,0,0,16.830
2024-09-08 21:00,0,0,0.001,16.875
2024-09-08 22:00,0.014,0.001,0.033,17.212
2024-09-08 23:00,0.082,0.009,0.102,18.085
2024-09-09 00:00,0.172,0.023,0.187,19.625
2024-09-09 01:00,0.351,0.116,0.302,21.876
2024-09-09 02:00,0.497,0.266,0.343,24.075
2024-09-09 03:00,0.517,0.269,0.371,25.322
2024-09-09 04:00,0.538,0.306,0.366,26.229
2024-09-09 05:00,0.415,0.153,0.356,26.387
2024-09-09 06:00,0.311,0.080,0.299,26.091
2024-09-09 07:00,0.168,0.021,0.190,24.849
2024-09-09 08:00,0.061,0.004,0.087,22.811
2024-09-09 09:00,0.014,0.001,0.034,21.206
2024-09-09 10:00,0,0,0.002,20.063
2024-09-09 11:00,0,0,0,19.792
2024-09-09 12:00,0,0,0,19.588
2024-09-09 13:00,0,0,0,19.104
2024-09-09 14:00,0,0,0,18.488
2024-09-09 15:00,0,0,0,17.744
2024-09-09 16:00,0,0,0,16.841
2024-09-09 17:00,0,0,0,15.956
2024-09-09 18:00,0,0,0,15.201
2024-09-09 19:00,0,0,0,14.362
2024-09-09 20:00,0,0,0,13.410
2024-09-09 21:00,0,0,0.002,12.510
2024-09-09 22:00,0.054,0.013,0.066,13.353
2024-09-09 23:00,0.171,0.050,0.155,14.818
2024-09-10 00:00,0.351,0.208,0.202,17.352
2024-09-10 01:00,0.567,0.492,0.195,19.645
2024-09-10 02:00,0.723,0.744,0.174,20.996
2024-09-10 03:00,0.783,0.846,0.174,21.876
2024-09-10 04:00,0.785,0.853,0.173,22.456
2024-09-10 05:00,0.737,0.782,0.168,22.785
2024-09-10 06:00,0.639,0.646,0.157,22.811
2024-09-10 07:00,0.492,0.459,0.138,22.506
2024-09-10 08:00,0.299,0.246,0.111,21.771
2024-09-10 09:00,0.086,0.048,0.069,20.263
2024-09-10 10:00,0,0,0.004,18.758
2024-09-10 11:00,0,0,0,18.297
2024-09-10 12:00,0,0,0,17.540
2024-09-10 13:00,0,0,0,16.789
2024-09-10 14:00,0,0,0,15.871
2024-09-10 15:00,0,0,0,15.027
2024-09-10 16:00,0,0,0,14.188
2024-09-10 17:00,0,0,0,13.522
2024-09-10 18:00,0,0,0,13.022
2024-09-10 19:00,0,0,0,12.717
2024-09-10 20:00,0,0,0,12.725
2024-09-10 21:00,0,0,0.001,12.791
2024-09-10 22:00,0.029,0.005,0.046,13.790
2024-09-10 23:00,0.182,0.077,0.140,16.098
2024-09-11 00:00,0.440,0.363,0.157,18.654
2024-09-11 01:00,0.559,0.487,0.197,21.816
2024-09-11 02:00,0.595,0.486,0.253,22.892
2024-09-11 03:00,0.571,0.402,0.305,23.373
2024-09-11 04:00,0.555,0.371,0.315,23.671
2024-09-11 05:00,0.579,0.452,0.269,23.967
2024-09-11 06:00,0.577,0.524,0.194,24.101
2024-09-11 07:00,0.473,0.430,0.147,23.808
2024-09-11 08:00,0.285,0.225,0.117,22.999
2024-09-11 09:00,0.083,0.046,0.068,21.233
2024-09-11 10:00,0,0,0.003,18.208
2024-09-11 11:00,0,0,0,16.732
2024-09-11 12:00,0,0,0,15.711
2024-09-11 13:00,0,0,0,14.439
2024-09-11 14:00,0,0,0,13.495
2024-09-11 15:00,0,0,0,12.881
2024-09-11 16:00,0,0,0,12.392
2024-09-11 17:00,0,0,0,11.972
2024-09-11 18:00,0,0,0,11.626
2024-09-11 19:00,0,0,0,11.310
2024-09-11 20:00,0,0,0,11.039
2024-09-11 21:00,0,0,0.001,10.844
2024-09-11 22:00,0.068,0.036,0.058,12.533
2024-09-11 23:00,0.271,0.206,0.109,15.866
2024-09-12 00:00,0.467,0.410,0.142,18.185
2024-09-12 01:00,0.610,0.587,0.167,21.523
2024-09-12 02:00,0.642,0.582,0.225,22.945
2024-09-12 03:00,0.511,0.295,0.331,23.336
2024-09-12 04:00,0.418,0.163,0.342,23.527
2024-09-12 05:00,0.473,0.261,0.316,23.996
2024-09-12 06:00,0.511,0.394,0.235,24.452
2024-09-12 07:00,0.438,0.364,0.168,24.401
2024-09-12 08:00,0.274,0.209,0.122,23.715
2024-09-12 09:00,0.077,0.040,0.068,21.761
2024-09-12 10:00,0,0,0.003,18.725
2024-09-12 11:00,0,0,0,17.621
2024-09-12 12:00,0,0,0,16.933
2024-09-12 13:00,0,0,0,16.618
2024-09-12 14:00,0,0,0,16.800
2024-09-12 15:00,0,0,0,17.130
2024-09-12 16:00,0,0,0,15.242
2024-09-12 17:00,0,0,0,13.244
2024-09-12 18:00,0,0,0,12.639
2024-09-12 19:00,0,0,0,11.741
2024-09-12 20:00,0,0,0,10.706
2024-09-12 21:00,0,0,0.001,9.979
2024-09-12 22:00,0.067,0.036,0.056,10.286
2024-09-12 23:00,0.274,0.203,0.110,11.765
2024-09-13 00:00,0.474,0.396,0.152,13.495
2024-09-13 01:00,0.627,0.574,0.177,15.329
2024-09-13 02:00,0.723,0.701,0.196,16.994
2024-09-13 03:00,0.758,0.742,0.215,18.239
2024-09-13 04:00,0.733,0.688,0.234,19.011
2024-09-13 05:00,0.680,0.617,0.229,19.393
2024-09-13 06:00,0.579,0.488,0.214,19.325
2024-09-13 07:00,0.384,0.242,0.210,18.575
2024-09-13 08:00,0.163,0.048,0.150,17.027
2024-09-13 09:00,0.028,0.004,0.047,14.474
2024-09-13 10:00,0,0,0.001,11.459
2024-09-13 11:00,0,0,0,8.975
2024-09-13 12:00,0,0,0,7.356
2024-09-13 13:00,0,0,0,6.598
2024-09-13 14:00,0,0,0,6.274
2024-09-13 15:00,0,0,0,6.123
2024-09-13 16:00,0,0,0,6.047
2024-09-13 17:00,0,0,0,5.944
2024-09-13 18:00,0,0,0,5.836
2024-09-13 19:00,0,0,0,5.716
2024-09-13 20:00,0,0,0,5.648
2024-09-13 21:00,0,0,0,5.603
2024-09-13 22:00,0.007,0.001,0.023,5.762
2024-09-13 23:00,0.057,0.005,0.075,6.259
2024-09-14 00:00,0.136,0.014,0.148,7.027
2024-09-14 01:00,0.220,0.029,0.221,7.957
2024-09-14 02:00,0.297,0.051,0.283,9.156
2024-09-14 03:00,0.380,0.093,0.336,10.642
2024-09-14 04:00,0.560,0.308,0.344,12.600
2024-09-14 05:00,0.675,0.567,0.248,14.421
2024-09-14 06:00,0.637,0.577,0.189,15.527
2024-09-14 07:00,0.490,0.414,0.160,15.822
2024-09-14 08:00,0.215,0.099,0.153,15.212
2024-09-14 09:00,0.035,0.005,0.052,13.177
2024-09-14 10:00,0,0,0.002,10.837
2024-09-14 11:00,0,0,0,10.235
2024-09-14 12:00,0,0,0,9.906
2024-09-14 13:00,0,0,0,9.619
2024-09-14 14:00,0,0,0,9.046
2024-09-14 15:00,0,0,0,8.464
2024-09-14 16:00,0,0,0,8.159
2024-09-14 17:00,0,0,0,7.812
2024-09-14 18:00,0,0,0,7.500
2024-09-14 19:00,0,0,0,6.953
2024-09-14 20:00,0,0,0,6.960
2024-09-14 21:00,0,0,0.001,6.462
2024-09-14 22:00,0.055,0.022,0.056,7.509
2024-09-14 23:00,0.278,0.201,0.114,10.641
2024-09-15 00:00,0.487,0.418,0.146,13.683
2024-09-15 01:00,0.641,0.609,0.170,16.822
2024-09-15 02:00,0.720,0.699,0.201,18.513
2024-09-15 03:00,0.690,0.596,0.265,19.554
2024-09-15 04:00,0.577,0.372,0.331,20.034
2024-09-15 05:00,0.476,0.238,0.332,20.268
2024-09-15 06:00,0.336,0.109,0.288,20.110
2024-09-15 07:00,0.230,0.058,0.217,19.671
2024-09-15 08:00,0.105,0.015,0.121,18.726
2024-09-15 09:00,0.025,0.003,0.044,16.629
2024-09-15 10:00,0,0,0.001,14.402
2024-09-15 11:00,0,0,0,13.587
2024-09-15 12:00,0,0,0,13.224
2024-09-15 13:00,0,0,0,13.013
2024-09-15 14:00,0,0,0,12.693
2024-09-15 15:00,0,0,0,12.353
2024-09-15 16:00,0,0,0,12.019
2024-09-15 17:00,0,0,0,11.831
2024-09-15 18:00,0,0,0,11.687
2024-09-15 19:00,0,0,0,11.808
2024-09-15 20:00,0,0,0,11.937
2024-09-15 21:00,0,0,0,11.955
2024-09-15 22:00,0.012,0.002,0.030,12.497
2024-09-15 23:00,0.100,0.015,0.112,13.755
2024-09-16 00:00,0.226,0.055,0.210,15.631
2024-09-16 01:00,0.306,0.081,0.277,18.113
2024-09-16 02:00,0.339,0.084,0.317,19.782
2024-09-16 03:00,0.349,0.079,0.334,20.641
2024-09-16 04:00,0.379,0.103,0.349,21.364
2024-09-16 05:00,0.358,0.099,0.329,21.846
2024-09-16 06:00,0.324,0.097,0.290,22.176
2024-09-16 07:00,0.252,0.075,0.228,22.255
2024-09-16 08:00,0.166,0.053,0.152,22.052
2024-09-16 09:00,0.042,0.009,0.059,20.960
2024-09-16 10:00,0,0,0.001,18.705
2024-09-16 11:00,0,0,0,16.863
2024-09-16 12:00,0,0,0,15.628
2024-09-16 13:00,0,0,0,15.224
2024-09-16 14:00,0,0,0,14.970
2024-09-16 15:00,0,0,0,14.661
2024-09-16 16:00,0,0,0,14.263
2024-09-16 17:00,0,0,0,13.662
2024-09-16 18:00,0,0,0,13.055
2024-09-16 19:00,0,0,0,12.242
2024-09-16 20:00,0,0,0,11.248
2024-09-16 21:00,0,0,0,10.546
2024-09-16 22:00,0.044,0.015,0.053,11.393
2024-09-16 23:00,0.191,0.084,0.141,13.381
2024-09-17 00:00,0.287,0.107,0.227,15.828
2024-09-17 01:00,0.332,0.100,0.289,17.955
2024-09-17 02:00,0.383,0.115,0.336,19.151
2024-09-17 03:00,0.409,0.123,0.361,20.042
2024-09-17 04:00,0.393,0.109,0.359,20.693
2024-09-17 05:00,0.336,0.076,0.323,20.903
2024-09-17 06:00,0.270,0.052,0.270,20.675
2024-09-17 07:00,0.186,0.029,0.198,20.144
2024-09-17 08:00,0.108,0.015,0.125,19.448
2024-09-17 09:00,0.025,0.003,0.045,18.101
2024-09-17 10:00,0,0,0.001,16.370
2024-09-17 11:00,0,0,0,15.437
2024-09-17 12:00,0,0,0,14.721
2024-09-17 13:00,0,0,0,14.250
2024-09-17 14:00,0,0,0,13.882
2024-09-17 15:00,0,0,0,13.499
2024-09-17 16:00,0,0,0,13.361
2024-09-17 17:00,0,0,0,13.324
2024-09-17 18:00,0,0,0,13.399
2024-09-17 19:00,0,0,0,13.329
2024-09-17 20:00,0,0,0,13.230
2024-09-17 21:00,0,0,0,13.063
2024-09-17 22:00,0.011,0.001,0.028,13.594
2024-09-17 23:00,0.098,0.014,0.113,15.180
2024-09-18 00:00,0.241,0.074,0.210,17.318
2024-09-18 01:00,0.356,0.140,0.279,19.310
2024-09-18 02:00,0.432,0.189,0.326,20.746
2024-09-18 03:00,0.515,0.282,0.343,21.821
2024-09-18 04:00,0.562,0.363,0.329,22.606
2024-09-18 05:00,0.540,0.359,0.304,23.061
2024-09-18 06:00,0.433,0.245,0.278,23.040
2024-09-18 07:00,0.298,0.132,0.225,22.623
2024-09-18 08:00,0.159,0.052,0.145,21.829
2024-09-18 09:00,0.036,0.009,0.053,20.397
2024-09-18 10:00,0,0,0.001,18.709
2024-09-18 11:00,0,0,0,17.932
2024-09-18 12:00,0,0,0,17.164
2024-09-18 13:00,0,0,0,16.554
2024-09-18 14:00,0,0,0,16.143
2024-09-18 15:00,0,0,0,15.922
2024-09-18 16:00,0,0,0,16.162
2024-09-18 17:00,0,0,0,16.410
2024-09-18 18:00,0,0,0,16.524
2024-09-18 19:00,0,0,0,16.642
2024-09-18 20:00,0,0,0,16.692
2024-09-18 21:00,0,0,0,16.626
2024-09-18 22:00,0.023,0.005,0.039,16.968
2024-09-18 23:00,0.177,0.079,0.135,18.313
2024-09-19 00:00,0.368,0.244,0.192,20.401
2024-09-19 01:00,0.505,0.382,0.233,22.936
2024-09-19 02:00,0.600,0.496,0.258,24.622
2024-09-19 03:00,0.627,0.511,0.284,25.354
2024-09-19 04:00,0.597,0.448,0.304,25.496
2024-09-19 05:00,0.548,0.390,0.294,25.348
2024-09-19 06:00,0.440,0.265,0.272,24.905
2024-09-19 07:00,0.340,0.196,0.214,24.181
2024-09-19 08:00,0.192,0.090,0.145,22.679
2024-09-19 09:00,0.038,0.010,0.052,19.985
2024-09-19 10:00,0,0,0,17.243
2024-09-19 11:00,0,0,0,15.270
2024-09-19 12:00,0,0,0,13.889
2024-09-19 13:00,0,0,0,12.640
2024-09-19 14:00,0,0,0,11.501
2024-09-19 15:00,0,0,0,10.555
2024-09-19 16:00,0,0,0,9.896
2024-09-19 17:00,0,0,0,9.449
2024-09-19 18:00,0,0,0,9.170
2024-09-19 19:00,0,0,0,8.821
2024-09-19 20:00,0,0,0,8.316
2024-09-19 21:00,0,0,0,7.725
2024-09-19 22:00,0.001,0.001,0.016,7.363
2024-09-19 23:00,0.032,0.002,0.052,7.305
2024-09-20 00:00,0.081,0.004,0.101,7.467
2024-09-20 01:00,0.131,0.007,0.151,7.805
2024-09-20 02:00,0.187,0.012,0.204,8.225
2024-09-20 03:00,0.252,0.023,0.262,8.659
2024-09-20 04:00,0.238,0.019,0.251,8.849
2024-09-20 05:00,0.186,0.012,0.203,8.762
2024-09-20 06:00,0.153,0.009,0.171,8.643
2024-09-20 07:00,0.127,0.009,0.145,8.666
2024-09-20 08:00,0.075,0.006,0.094,8.533
2024-09-20 09:00,0.012,0.001,0.029,8.213
2024-09-20 10:00,0,0,0,7.831
2024-09-20 11:00,0,0,0,7.478
2024-09-20 12:00,0,0,0,6.600
2024-09-20 13:00,0,0,0,5.736
2024-09-20 14:00,0,0,0,4.972
2024-09-20 15:00,0,0,0,4.385
2024-09-20 16:00,0,0,0,3.926
2024-09-20 17:00,0,0,0,3.703
2024-09-20 18:00,0,0,0,3.736
2024-09-20 19:00,0,0,0,3.706
2024-09-20 20:00,0,0,0,3.480
2024-09-20 21:00,0,0,0,3.256
2024-09-20 22:00,0.049,0.022,0.048,4.248
2024-09-20 23:00,0.258,0.162,0.126,6.787
2024-09-21 00:00,0.484,0.426,0.124,10.152
2024-09-21 01:00,0.630,0.592,0.153,12.631
2024-09-21 02:00,0.700,0.659,0.188,13.995
2024-09-21 03:00,0.712,0.647,0.221,14.613
2024-09-21 04:00,0.739,0.701,0.208,14.998
2024-09-21 05:00,0.676,0.611,0.208,15.109
2024-09-21 06:00,0.575,0.488,0.192,14.941
2024-09-21 07:00,0.420,0.318,0.167,14.512
2024-09-21 08:00,0.218,0.128,0.126,13.694
2024-09-21 09:00,0.054,0.028,0.050,11.563
2024-09-21 10:00,0,0,0,8.700
2024-09-21 11:00,0,0,0,7.829
2024-09-21 12:00,0,0,0,7.104
2024-09-21 13:00,0,0,0,6.489
2024-09-21 14:00,0,0,0,5.948
2024-09-21 15:00,0,0,0,5.539
2024-09-21 16:00,0,0,0,5.236
2024-09-21 17:00,0,0,0,4.880
2024-09-21 18:00,0,0,0,4.480
2024-09-21 19:00,0,0,0,4.179
2024-09-21 20:00,0,0,0,3.975
2024-09-21 21:00,0,0,0,3.733
2024-09-21 22:00,0.052,0.035,0.039,4.647
2024-09-21 23:00,0.278,0.221,0.089,7.278
2024-09-22 00:00,0.496,0.453,0.112,10.540
2024-09-22 01:00,0.654,0.651,0.132,14.017
2024-09-22 02:00,0.756,0.793,0.146,15.688
2024-09-22 03:00,0.808,0.874,0.152,16.728
2024-09-22 04:00,0.807,0.875,0.154,17.415
2024-09-22 05:00,0.755,0.801,0.149,17.794
2024-09-22 06:00,0.652,0.660,0.138,17.855
2024-09-22 07:00,0.494,0.464,0.120,17.529
2024-09-22 08:00,0.285,0.239,0.094,16.735
2024-09-22 09:00,0.064,0.045,0.046,15.157
2024-09-22 10:00,0,0,0,13.820
2024-09-22 11:00,0,0,0,12.457
2024-09-22 12:00,0,0,0,10.736
2024-09-22 13:00,0,0,0,9.307
2024-09-22 14:00,0,0,0,8.209
2024-09-22 15:00,0,0,0,7.310
2024-09-22 16:00,0,0,0,6.686
2024-09-22 17:00,0,0,0,6.241
2024-09-22 18:00,0,0,0,5.869
2024-09-22 19:00,0,0,0,5.533
2024-09-22 20:00,0,0,0,5.214
2024-09-22 21:00,0,0,0,5.078
2024-09-22 22:00,0.028,0.013,0.036,6.358
2024-09-22 23:00,0.217,0.142,0.106,9.615
2024-09-23 00:00,0.478,0.435,0.114,12.399
2024-09-23 01:00,0.635,0.633,0.133,16.137
2024-09-23 02:00,0.733,0.771,0.148,18.372
2024-09-23 03:00,0.787,0.858,0.152,19.701
2024-09-23 04:00,0.783,0.856,0.155,20.572
2024-09-23 05:00,0.731,0.780,0.151,21.086
2024-09-23 06:00,0.623,0.629,0.143,21.211
2024-09-23 07:00,0.468,0.436,0.125,20.887
2024-09-23 08:00,0.264,0.216,0.097,19.651
2024-09-23 09:00,0.060,0.054,0.033,16.403
2024-09-23 10:00,0,0,0,13.836
2024-09-23 11:00,0,0,0,13.196
2024-09-23 12:00,0,0,0,12.553
2024-09-23 13:00,0,0,0,11.968
2024-09-23 14:00,0,0,0,11.489
2024-09-23 15:00,0,0,0,10.941
2024-09-23 16:00,0,0,0,10.365
2024-09-23 17:00,0,0,0,9.896
2024-09-23 18:00,0,0,0,9.527
2024-09-23 19:00,0,0,0,9.156
2024-09-23 20:00,0,0,0,8.761
2024-09-23 21:00,0,0,0,8.337
2024-09-23 22:00,0.033,0.020,0.035,8.914
2024-09-23 23:00,0.235,0.175,0.095,11.280
2024-09-24 00:00,0.444,0.376,0.137,14.058
2024-09-24 01:00,0.590,0.544,0.166,17.581
2024-09-24 02:00,0.661,0.624,0.198,20.229
2024-09-24 03:00,0.689,0.650,0.220,21.842
2024-09-24 04:00,0.685,0.646,0.224,22.700
2024-09-24 05:00,0.649,0.609,0.208,22.955
2024-09-24 06:00,0.551,0.485,0.192,22.623
2024-09-24 07:00,0.381,0.281,0.174,21.736
2024-09-24 08:00,0.152,0.062,0.127,20.146
2024-09-24 09:00,0.013,0.005,0.029,17.838
2024-09-24 10:00,0,0,0,16.207
2024-09-24 11:00,0,0,0,15.192
2024-09-24 12:00,0,0,0,14.329
2024-09-24 13:00,0,0,0,13.806
2024-09-24 14:00,0,0,0,13.845
2024-09-24 15:00,0,0,0,13.640
2024-09-24 16:00,0,0,0,12.783
2024-09-24 17:00,0,0,0,11.653
2024-09-24 18:00,0,0,0,10.394
2024-09-24 19:00,0,0,0,9.632
2024-09-24 20:00,0,0,0,9.145
2024-09-24 21:00,0,0,0,8.951
2024-09-24 22:00,0.022,0.010,0.032,8.982
2024-09-24 23:00,0.226,0.155,0.103,10.335
2024-09-25 00:00,0.464,0.415,0.118,12.564
2024-09-25 01:00,0.627,0.612,0.137,14.779
2024-09-25 02:00,0.731,0.755,0.151,16.508
2024-09-25 03:00,0.783,0.834,0.158,17.611
2024-09-25 04:00,0.782,0.834,0.160,18.216
2024-09-25 05:00,0.727,0.755,0.157,18.502
2024-09-25 06:00,0.612,0.592,0.152,18.371
2024-09-25 07:00,0.444,0.385,0.137,17.893
2024-09-25 08:00,0.251,0.194,0.101,16.965
2024-09-25 09:00,0.047,0.039,0.033,14.441
2024-09-25 10:00,0,0,0,12.511
2024-09-25 11:00,0,0,0,12.260
2024-09-25 12:00,0,0,0,12.271
2024-09-25 13:00,0,0,0,12.517
2024-09-25 14:00,0,0,0,12.071
2024-09-25 15:00,0,0,0,10.889
2024-09-25 16:00,0,0,0,9.350
2024-09-25 17:00,0,0,0,8.054
2024-09-25 18:00,0,0,0,7.320
2024-09-25 19:00,0,0,0,6.910
2024-09-25 20:00,0,0,0,6.619
2024-09-25 21:00,0,0,0,6.386
2024-09-25 22:00,0.037,0.028,0.031,7.034
2024-09-25 23:00,0.252,0.203,0.085,10.724
2024-09-26 00:00,0.472,0.428,0.115,13.275
2024-09-26 01:00,0.628,0.623,0.137,16.847
2024-09-26 02:00,0.729,0.760,0.152,18.245
2024-09-26 03:00,0.778,0.832,0.161,19.092
2024-09-26 04:00,0.773,0.823,0.166,19.631
2024-09-26 05:00,0.721,0.748,0.161,19.889
2024-09-26 06:00,0.601,0.577,0.158,19.810
2024-09-26 07:00,0.436,0.375,0.142,19.422
2024-09-26 08:00,0.216,0.146,0.112,18.597
2024-09-26 09:00,0.037,0.028,0.033,16.228
2024-09-26 10:00,0,0,0,13.572
2024-09-26 11:00,0,0,0,12.298
2024-09-26 12:00,0,0,0,11.411
2024-09-26 13:00,0,0,0,10.684
2024-09-26 14:00,0,0,0,10.114
2024-09-26 15:00,0,0,0,9.704
2024-09-26 16:00,0,0,0,9.435
2024-09-26 17:00,0,0,0,9.151
2024-09-26 18:00,0,0,0,8.852
2024-09-26 19:00,0,0,0,8.606
2024-09-26 20:00,0,0,0,8.537
2024-09-26 21:00,0,0,0,8.597
2024-09-26 22:00,0.014,0.007,0.026,9.302
2024-09-26 23:00,0.149,0.069,0.110,11.812
2024-09-27 00:00,0.393,0.301,0.152,14.594
2024-09-27 01:00,0.559,0.492,0.176,17.480
2024-09-27 02:00,0.662,0.626,0.193,19.397
2024-09-27 03:00,0.743,0.765,0.183,20.841
2024-09-27 04:00,0.736,0.755,0.188,21.731
2024-09-27 05:00,0.676,0.665,0.188,22.109
2024-09-27 06:00,0.567,0.520,0.177,22.031
2024-09-27 07:00,0.400,0.318,0.159,21.513
2024-09-27 08:00,0.176,0.094,0.121,20.227
2024-09-27 09:00,0.023,0.014,0.032,17.577
2024-09-27 10:00,0,0,0,15.572
2024-09-27 11:00,0,0,0,14.846
2024-09-27 12:00,0,0,0,14.167
2024-09-27 13:00,0,0,0,13.511
2024-09-27 14:00,0,0,0,12.817
2024-09-27 15:00,0,0,0,12.186
2024-09-27 16:00,0,0,0,11.741
2024-09-27 17:00,0,0,0,11.435
2024-09-27 18:00,0,0,0,11.292
2024-09-27 19:00,0,0,0,11.175
2024-09-27 20:00,0,0,0,10.961
2024-09-27 21:00,0,0,0,10.729
2024-09-27 22:00,0.009,0.004,0.023,11.200
2024-09-27 23:00,0.120,0.042,0.107,13.086
2024-09-28 00:00,0.257,0.106,0.192,15.206
2024-09-28 01:00,0.385,0.196,0.253,17.368
2024-09-28 02:00,0.476,0.273,0.293,19.139
2024-09-28 03:00,0.528,0.327,0.311,20.350
2024-09-28 04:00,0.508,0.295,0.319,21.027
2024-09-28 05:00,0.452,0.238,0.304,21.318
2024-09-28 06:00,0.369,0.176,0.264,21.331
2024-09-28 07:00,0.253,0.101,0.201,20.911
2024-09-28 08:00,0.131,0.044,0.121,19.962
2024-09-28 09:00,0.019,0.010,0.031,17.827
2024-09-28 10:00,0,0,0,16.107
2024-09-28 11:00,0,0,0,15.587
2024-09-28 12:00,0,0,0,15.036
2024-09-28 13:00,0,0,0,14.647
2024-09-28 14:00,0,0,0,14.357
2024-09-28 15:00,0,0,0,14.227
2024-09-28 16:00,0,0,0,14.159
2024-09-28 17:00,0,0,0,14.096
2024-09-28 18:00,0,0,0,13.931
2024-09-28 19:00,0,0,0,13.571
2024-09-28 20:00,0,0,0,13.114
2024-09-28 21:00,0,0,0,12.788
2024-09-28 22:00,0.010,0.005,0.024,12.875
2024-09-28 23:00,0.098,0.025,0.101,14.216
2024-09-29 00:00,0.145,0.018,0.160,15.730
2024-09-29 01:00,0.163,0.014,0.184,17.087
2024-09-29 02:00,0.211,0.020,0.232,18.386
2024-09-29 03:00,0.217,0.019,0.240,19.174
2024-09-29 04:00,0.204,0.016,0.230,19.543
2024-09-29 05:00,0.176,0.012,0.202,19.568
2024-09-29 06:00,0.133,0.008,0.159,19.227
2024-09-29 07:00,0.089,0.005,0.114,18.723
2024-09-29 08:00,0.032,0.002,0.054,17.970
2024-09-29 09:00,0,0,0.011,17.196
2024-09-29 10:00,0,0,0,16.530
2024-09-29 11:00,0,0,0,15.759
2024-09-29 12:00,0,0,0,14.694
2024-09-29 13:00,0,0,0,13.106
2024-09-29 14:00,0,0,0,11.384
2024-09-29 15:00,0,0,0,10.183
2024-09-29 16:00,0,0,0,8.957
2024-09-29 17:00,0,0,0,7.821
2024-09-29 18:00,0,0,0,6.760
2024-09-29 19:00,0,0,0,5.895
2024-09-29 20:00,0,0,0,5.328
2024-09-29 21:00,0,0,0,5.036
2024-09-29 22:00,0,0.001,0.013,5.034
2024-09-29 23:00,0.055,0.005,0.072,5.486
2024-09-30 00:00,0.138,0.018,0.145,6.234
2024-09-30 01:00,0.244,0.047,0.228,7.412
2024-09-30 02:00,0.276,0.048,0.262,8.613
2024-09-30 03:00,0.272,0.040,0.267,9.391
2024-09-30 04:00,0.280,0.043,0.273,9.971
2024-09-30 05:00,0.360,0.104,0.303,10.755
2024-09-30 06:00,0.408,0.198,0.266,11.348
2024-09-30 07:00,0.339,0.186,0.198,11.305
2024-09-30 08:00,0.141,0.047,0.122,10.410
2024-09-30 09:00,0.012,0.005,0.025,8.485
2024-09-30 10:00,0,0,0,6.775
2024-09-30 11:00,0,0,0,6.043
2024-09-30 12:00,0,0,0,5.010
2024-09-30 13:00,0,0,0,4.226
2024-09-30 14:00,0,0,0,3.831
2024-09-30 15:00,0,0,0,3.511
2024-09-30 16:00,0,0,0,3.039
2024-09-30 17:00,0,0,0,2.689
2024-09-30 18:00,0,0,0,2.362
2024-09-30 19:00,0,0,0,2.053
2024-09-30 20:00,0,0,0,1.845
2024-09-30 21:00,0,0,0,1.614
2024-09-30 22:00,0.018,0.015,0.022,1.864
2024-09-30 23:00,0.179,0.092,0.111,3.909
2024-10-01 00:00,0.397,0.300,0.140,6.242
2024-10-01 01:00,0.592,0.524,0.153,8.131
2024-10-01 02:00,0.694,0.644,0.174,9.353
2024-10-01 03:00,0.739,0.696,0.188,10.085
2024-10-01 04:00,0.707,0.633,0.207,10.455
2024-10-01 05:00,0.660,0.579,0.197,10.672
2024-10-01 06:00,0.583,0.508,0.167,10.663
2024-10-01 07:00,0.442,0.367,0.133,10.285
2024-10-01 08:00,0.241,0.180,0.094,9.343
2024-10-01 09:00,0.035,0.033,0.024,6.530
2024-10-01 10:00,0,0,0,4.159
2024-10-01 11:00,0,0,0,3.434
2024-10-01 12:00,0,0,0,2.759
2024-10-01 13:00,0,0,0,2.297
2024-10-01 14:00,0,0,0,2.104
2024-10-01 15:00,0,0,0,2.037
2024-10-01 16:00,0,0,0,1.749
2024-10-01 17:00,0,0,0,1.443
2024-10-01 18:00,0,0,0,1.297
2024-10-01 19:00,0,0,0,1.052
2024-10-01 20:00,0,0,0,0.710
2024-10-01 21:00,0,0,0,0.354
2024-10-01 22:00,0.032,0.036,0.016,0.645
2024-10-01 23:00,0.254,0.206,0.074,3.421
2024-10-02 00:00,0.488,0.450,0.095,6.722
2024-10-02 01:00,0.655,0.654,0.113,9.895
2024-10-02 02:00,0.763,0.801,0.126,11.767
2024-10-02 03:00,0.815,0.882,0.132,13.129
2024-10-02 04:00,0.812,0.883,0.134,14.161
2024-10-02 05:00,0.758,0.808,0.129,14.833
2024-10-02 06:00,0.646,0.656,0.121,15.060
2024-10-02 07:00,0.481,0.455,0.105,14.799
2024-10-02 08:00,0.265,0.226,0.079,13.670
2024-10-02 09:00,0.038,0.040,0.020,10.410
2024-10-02 10:00,0,0,0,8.703
2024-10-02 11:00,0,0,0,7.501
2024-10-02 12:00,0,0,0,6.416
2024-10-02 13:00,0,0,0,5.746
2024-10-02 14:00,0,0,0,5.198
2024-10-02 15:00,0,0,0,4.587
2024-10-02 16:00,0,0,0,3.975
2024-10-02 17:00,0,0,0,3.448
2024-10-02 18:00,0,0,0,2.999
2024-10-02 19:00,0,0,0,2.600
2024-10-02 20:00,0,0,0,2.254
2024-10-02 21:00,0,0,0,2.007
2024-10-02 22:00,0.030,0.036,0.014,2.431
2024-10-02 23:00,0.252,0.213,0.068,6.343
2024-10-03 00:00,0.482,0.450,0.095,9.401
2024-10-03 01:00,0.645,0.654,0.114,13.189
2024-10-03 02:00,0.748,0.799,0.127,15.636
2024-10-03 03:00,0.801,0.881,0.134,16.710
2024-10-03 04:00,0.799,0.880,0.136,17.436
2024-10-03 05:00,0.745,0.802,0.132,17.886
2024-10-03 06:00,0.631,0.644,0.125,17.924
2024-10-03 07:00,0.469,0.445,0.108,17.458
2024-10-03 08:00,0.256,0.217,0.081,15.826
2024-10-03 09:00,0.033,0.036,0.020,11.882
2024-10-03 10:00,0,0,0,9.860
2024-10-03 11:00,0,0,0,9.450
2024-10-03 12:00,0,0,0,8.797
2024-10-03 13:00,0,0,0,8.186
2024-10-03 14:00,0,0,0,7.496
2024-10-03 15:00,0,0,0,6.687
2024-10-03 16:00,0,0,0,5.956
2024-10-03 17:00,0,0,0,5.336
2024-10-03 18:00,0,0,0,4.795
2024-10-03 19:00,0,0,0,4.297
2024-10-03 20:00,0,0,0,3.862
2024-10-03 21:00,0,0,0,3.587
2024-10-03 22:00,0.016,0.018,0.016,3.892
2024-10-03 23:00,0.146,0.079,0.092,6.303
2024-10-04 00:00,0.256,0.114,0.174,8.811
2024-10-04 01:00,0.425,0.261,0.224,12.149
2024-10-04 02:00,0.514,0.345,0.258,15.591
2024-10-04 03:00,0.643,0.550,0.236,18.183
2024-10-04 04:00,0.662,0.594,0.227,19.757
2024-10-04 05:00,0.568,0.451,0.239,20.197
2024-10-04 06:00,0.434,0.287,0.228,19.837
2024-10-04 07:00,0.297,0.169,0.180,18.837
2024-10-04 08:00,0.139,0.064,0.109,16.990
2024-10-04 09:00,0.018,0.015,0.023,13.830
2024-10-04 10:00,0,0,0,12.042
2024-10-04 11:00,0,0,0,11.579
2024-10-04 12:00,0,0,0,10.873
2024-10-04 13:00,0,0,0,10.373
2024-10-04 14:00,0,0,0,9.938
2024-10-04 15:00,0,0,0,9.376
2024-10-04 16:00,0,0,0,8.849
2024-10-04 17:00,0,0,0,8.422
2024-10-04 18:00,0,0,0,8.013
2024-10-04 19:00,0,0,0,7.525
2024-10-04 20:00,0,0,0,7.206
2024-10-04 21:00,0,0,0,6.896
2024-10-04 22:00,0.007,0.008,0.015,6.888
2024-10-04 23:00,0.151,0.082,0.097,8.745
2024-10-05 00:00,0.385,0.292,0.143,11.270
2024-10-05 01:00,0.563,0.494,0.167,13.756
2024-10-05 02:00,0.676,0.639,0.182,15.620
2024-10-05 03:00,0.731,0.719,0.190,17.051
2024-10-05 04:00,0.727,0.715,0.193,18.140
2024-10-05 05:00,0.668,0.636,0.189,18.789
2024-10-05 06:00,0.502,0.397,0.202,18.803
2024-10-05 07:00,0.325,0.208,0.173,18.316
2024-10-05 08:00,0.132,0.058,0.106,17.036
2024-10-05 09:00,0.003,0.003,0.016,14.316
2024-10-05 10:00,0,0,0,13.222
2024-10-05 11:00,0,0,0,12.834
2024-10-05 12:00,0,0,0,12.573
2024-10-05 13:00,0,0,0,12.305
2024-10-05 14:00,0,0,0,11.924
2024-10-05 15:00,0,0,0,11.241
2024-10-05 16:00,0,0,0,10.054
2024-10-05 17:00,0,0,0,8.694
2024-10-05 18:00,0,0,0,7.177
2024-10-05 19:00,0,0,0,5.887
2024-10-05 20:00,0,0,0,4.899
2024-10-05 21:00,0,0,0,4.232
2024-10-05 22:00,0,0,0.002,3.653
2024-10-05 23:00,0.016,0.002,0.034,3.709
2024-10-06 00:00,0.098,0.009,0.113,4.745
2024-10-06 01:00,0.202,0.028,0.201,6.409
2024-10-06 02:00,0.247,0.035,0.243,7.839
2024-10-06 03:00,0.230,0.025,0.236,8.538
2024-10-06 04:00,0.161,0.011,0.178,8.523
2024-10-06 05:00,0.165,0.012,0.181,8.615
2024-10-06 06:00,0.233,0.041,0.224,9.078
2024-10-06 07:00,0.214,0.057,0.187,9.226
2024-10-06 08:00,0.049,0.005,0.067,8.685
2024-10-06 09:00,0.003,0.002,0.017,7.424
2024-10-06 10:00,0,0,0,6.009
2024-10-06 11:00,0,0,0,5.386
2024-10-06 12:00,0,0,0,4.493
2024-10-06 13:00,0,0,0,3.443
2024-10-06 14:00,0,0,0,3.008
2024-10-06 15:00,0,0,0,2.649
2024-10-06 16:00,0,0,0,2.166
2024-10-06 17:00,0,0,0,1.418
2024-10-06 18:00,0,0,0,0.704
2024-10-06 19:00,0,0,0,0.220
2024-10-06 20:00,0,0,0,-0.096
2024-10-06 21:00,0,0,0,-0.308
2024-10-06 22:00,0.015,0.018,0.015,-0.021
2024-10-06 23:00,0.221,0.155,0.090,3.465
2024-10-07 00:00,0.478,0.442,0.091,6.450
2024-10-07 01:00,0.646,0.647,0.110,10.339
2024-10-07 02:00,0.753,0.792,0.123,12.303
2024-10-07 03:00,0.803,0.867,0.131,13.533
2024-10-07 04:00,0.802,0.869,0.133,14.346
2024-10-07 05:00,0.749,0.795,0.128,14.824
2024-10-07 06:00,0.640,0.650,0.118,14.932
2024-10-07 07:00,0.475,0.451,0.101,14.599
2024-10-07 08:00,0.256,0.221,0.074,13.223
2024-10-07 09:00,0.024,0.029,0.015,9.468
2024-10-07 10:00,0,0,0,7.792
2024-10-07 11:00,0,0,0,6.878
2024-10-07 12:00,0,0,0,6.163
2024-10-07 13:00,0,0,0,5.697
2024-10-07 14:00,0,0,0,5.328
2024-10-07 15:00,0,0,0,4.932
2024-10-07 16:00,0,0,0,4.482
2024-10-07 17:00,0,0,0,4.063
2024-10-07 18:00,0,0,0,3.698
2024-10-07 19:00,0,0,0,3.392
2024-10-07 20:00,0,0,0,3.093
2024-10-07 21:00,0,0,0,2.894
2024-10-07 22:00,0.014,0.022,0.011,3.136
2024-10-07 23:00,0.226,0.188,0.066,6.298
2024-10-08 00:00,0.457,0.417,0.099,9.242
2024-10-08 01:00,0.624,0.620,0.119,13.146
2024-10-08 02:00,0.730,0.767,0.133,15.795
2024-10-08 03:00,0.781,0.844,0.141,16.806
2024-10-08 04:00,0.782,0.847,0.142,17.433
2024-10-08 05:00,0.729,0.773,0.137,17.798
2024-10-08 06:00,0.619,0.624,0.127,17.801
2024-10-08 07:00,0.455,0.426,0.109,17.359
2024-10-08 08:00,0.239,0.201,0.079,15.807
2024-10-08 09:00,0.019,0.024,0.016,11.776
2024-10-08 10:00,0,0,0,9.691
2024-10-08 11:00,0,0,0,8.959
2024-10-08 12:00,0,0,0,8.416
2024-10-08 13:00,0,0,0,7.925
2024-10-08 14:00,0,0,0,7.485
2024-10-08 15:00,0,0,0,7.137
2024-10-08 16:00,0,0,0,6.808
2024-10-08 17:00,0,0,0,6.432
2024-10-08 18:00,0,0,0,6.151
2024-10-08 19:00,0,0,0,6.010
2024-10-08 20:00,0,0,0,6.004
2024-10-08 21:00,0,0,0,6.137
2024-10-08 22:00,0,0.003,0.010,6.506
2024-10-08 23:00,0.071,0.021,0.074,8.231
2024-10-09 00:00,0.171,0.043,0.158,10.084
2024-10-09 01:00,0.272,0.082,0.230,12.563
2024-10-09 02:00,0.368,0.140,0.285,15.035
2024-10-09 03:00,0.436,0.198,0.311,16.825
2024-10-09 04:00,0.499,0.287,0.305,17.956
2024-10-09 05:00,0.422,0.205,0.291,18.080
2024-10-09 06:00,0.263,0.074,0.234,17.299
2024-10-09 07:00,0.118,0.017,0.132,15.906
2024-10-09 08:00,0.035,0.004,0.055,14.273
2024-10-09 09:00,0,0.001,0.009,12.744
2024-10-09 10:00,0,0,0,11.852
2024-10-09 11:00,0,0,0,11.293
2024-10-09 12:00,0,0,0,10.921
2024-10-09 13:00,0,0,0,9.934
2024-10-09 14:00,0,0,0,8.149
2024-10-09 15:00,0,0,0,6.086
2024-10-09 16:00,0,0,0,4.512
2024-10-09 17:00,0,0,0,3.432
2024-10-09 18:00,0,0,0,2.465
2024-10-09 19:00,0,0,0,1.440
2024-10-09 20:00,0,0,0,0.369
2024-10-09 21:00,0,0,0,-0.476
2024-10-09 22:00,0.011,0.017,0.011,-0.637
2024-10-09 23:00,0.224,0.171,0.077,2.597
2024-10-10 00:00,0.483,0.451,0.085,5.836
2024-10-10 01:00,0.657,0.661,0.103,8.889
2024-10-10 02:00,0.764,0.807,0.117,10.960
2024-10-10 03:00,0.811,0.878,0.126,12.558
2024-10-10 04:00,0.804,0.872,0.130,13.776
2024-10-10 05:00,0.746,0.792,0.126,14.725
2024-10-10 06:00,0.631,0.639,0.118,15.302
2024-10-10 07:00,0.463,0.438,0.101,15.330
2024-10-10 08:00,0.243,0.209,0.073,13.731
2024-10-10 09:00,0.015,0.022,0.013,9.694
2024-10-10 10:00,0,0,0,8.215
2024-10-10 11:00,0,0,0,7.949
2024-10-10 12:00,0,0,0,7.751
2024-10-10 13:00,0,0,0,7.446
2024-10-10 14:00,0,0,0,7.039
2024-10-10 15:00,0,0,0,6.593
2024-10-10 16:00,0,0,0,6.238
2024-10-10 17:00,0,0,0,5.710
2024-10-10 18:00,0,0,0,5.391
2024-10-10 19:00,0,0,0,5.164
2024-10-10 20:00,0,0,0,4.922
2024-10-10 21:00,0,0,0,4.716
2024-10-10 22:00,0.003,0.010,0.009,4.680
2024-10-10 23:00,0.187,0.144,0.070,6.515
2024-10-11 00:00,0.426,0.376,0.103,9.328
2024-10-11 01:00,0.603,0.590,0.120,13.229
2024-10-11 02:00,0.711,0.745,0.132,16.569
2024-10-11 03:00,0.766,0.832,0.138,18.415
2024-10-11 04:00,0.764,0.834,0.139,19.408
2024-10-11 05:00,0.712,0.760,0.135,19.796
2024-10-11 06:00,0.601,0.607,0.126,19.609
2024-10-11 07:00,0.438,0.410,0.107,18.771
2024-10-11 08:00,0.223,0.187,0.076,16.574
2024-10-11 09:00,0.011,0.017,0.013,12.452
2024-10-11 10:00,0,0,0,10.373
2024-10-11 11:00,0,0,0,9.236
2024-10-11 12:00,0,0,0,8.221
2024-10-11 13:00,0,0,0,7.226
2024-10-11 14:00,0,0,0,6.184
2024-10-11 15:00,0,0,0,5.200
2024-10-11 16:00,0,0,0,4.396
2024-10-11 17:00,0,0,0,3.888
2024-10-11 18:00,0,0,0,3.586
2024-10-11 19:00,0,0,0,3.341
2024-10-11 20:00,0,0,0,3.184
2024-10-11 21:00,0,0,0,3.117
2024-10-11 22:00,0.003,0.010,0.008,2.924
2024-10-11 23:00,0.189,0.145,0.069,4.521
2024-10-12 00:00,0.422,0.360,0.109,6.717
2024-10-12 01:00,0.595,0.559,0.131,10.452
2024-10-12 02:00,0.703,0.703,0.147,13.434
2024-10-12 03:00,0.757,0.785,0.154,15.497
2024-10-12 04:00,0.753,0.786,0.155,17.078
2024-10-12 05:00,0.696,0.713,0.150,18.138
2024-10-12 06:00,0.581,0.562,0.140,18.583
2024-10-12 07:00,0.415,0.367,0.120,18.207
2024-10-12 08:00,0.199,0.154,0.082,16.087
2024-10-12 09:00,0.006,0.011,0.012,12.253
2024-10-12 10:00,0,0,0,10.918
2024-10-12 11:00,0,0,0,10.409
2024-10-12 12:00,0,0,0,9.936
2024-10-12 13:00,0,0,0,9.452
2024-10-12 14:00,0,0,0,9.022
2024-10-12 15:00,0,0,0,8.488
2024-10-12 16:00,0,0,0,7.955
2024-10-12 17:00,0,0,0,7.570
2024-10-12 18:00,0,0,0,7.302
2024-10-12 19:00,0,0,0,7.136
2024-10-12 20:00,0,0,0,7.156
2024-10-12 21:00,0,0,0,7.185
2024-10-12 22:00,0,0.002,0.006,7.579
2024-10-12 23:00,0.047,0.011,0.059,9.549
2024-10-13 00:00,0.114,0.015,0.127,11.371
2024-10-13 01:00,0.185,0.027,0.191,13.046
2024-10-13 02:00,0.245,0.041,0.244,14.884
2024-10-13 03:00,0.297,0.060,0.285,16.194
2024-10-13 04:00,0.335,0.086,0.304,17.023
2024-10-13 05:00,0.281,0.060,0.269,17.359
2024-10-13 06:00,0.128,0.011,0.149,16.545
2024-10-13 07:00,0.054,0.003,0.076,15.232
2024-10-13 08:00,0.015,0.001,0.033,13.893
2024-10-13 09:00,0,0,0.004,12.599
2024-10-13 10:00,0,0,0,12.015
2024-10-13 11:00,0,0,0,11.789
2024-10-13 12:00,0,0,0,11.660
2024-10-13 13:00,0,0,0,11.504
2024-10-13 14:00,0,0,0,11.487
2024-10-13 15:00,0,0,0,11.494
2024-10-13 16:00,0,0,0,11.193
2024-10-13 17:00,0,0,0,11.050
2024-10-13 18:00,0,0,0,11.009
2024-10-13 19:00,0,0,0,11.001
2024-10-13 20:00,0,0,0,10.976
2024-10-13 21:00,0,0,0,10.999
2024-10-13 22:00,0,0.001,0.006,10.973
2024-10-13 23:00,0.080,0.025,0.081,11.772
2024-10-14 00:00,0.310,0.216,0.139,13.491
2024-10-14 01:00,0.500,0.421,0.165,15.655
2024-10-14 02:00,0.621,0.572,0.180,17.561
2024-10-14 03:00,0.657,0.610,0.200,18.825
2024-10-14 04:00,0.655,0.609,0.202,19.653
2024-10-14 05:00,0.595,0.530,0.198,20.033
2024-10-14 06:00,0.462,0.362,0.189,19.908
2024-10-14 07:00,0.289,0.186,0.155,19.221
2024-10-14 08:00,0.113,0.058,0.086,17.399
2024-10-14 09:00,0,0.004,0.010,14.356
2024-10-14 10:00,0,0,0,12.349
2024-10-14 11:00,0,0,0,10.061
2024-10-14 12:00,0,0,0,7.976
2024-10-14 13:00,0,0,0,6.384
2024-10-14 14:00,0,0,0,4.957
2024-10-14 15:00,0,0,0,3.729
2024-10-14 16:00,0,0,0,2.871
2024-10-14 17:00,0,0,0,2.096
2024-10-14 18:00,0,0,0,1.407
2024-10-14 19:00,0,0,0,0.763
2024-10-14 20:00,0,0,0,0.221
2024-10-14 21:00,0,0,0,-0.189
2024-10-14 22:00,0,0.007,0.006,-0.441
2024-10-14 23:00,0.179,0.133,0.068,1.440
2024-10-15 00:00,0.436,0.382,0.096,3.847
2024-10-15 01:00,0.624,0.595,0.115,5.914
2024-10-15 02:00,0.741,0.746,0.129,7.748
2024-10-15 03:00,0.798,0.828,0.136,9.136
2024-10-15 04:00,0.797,0.831,0.137,10.122
2024-10-15 05:00,0.741,0.758,0.132,10.816
2024-10-15 06:00,0.617,0.596,0.125,11.117
2024-10-15 07:00,0.443,0.398,0.106,10.958
2024-10-15 08:00,0.216,0.176,0.072,9.826
2024-10-15 09:00,0.004,0.011,0.009,6.328
2024-10-15 10:00,0,0,0,4.544
2024-10-15 11:00,0,0,0,3.568
2024-10-15 12:00,0,0,0,2.836
2024-10-15 13:00,0,0,0,2.260
2024-10-15 14:00,0,0,0,1.819
2024-10-15 15:00,0,0,0,1.476
2024-10-15 16:00,0,0,0,1.174
2024-10-15 17:00,0,0,0,1.114
2024-10-15 18:00,0,0,0,1.246
2024-10-15 19:00,0,0,0,1.436
2024-10-15 20:00,0,0,0,1.593
2024-10-15 21:00,0,0,0,1.736
2024-10-15 22:00,0,0.003,0.005,1.957
2024-10-15 23:00,0.117,0.069,0.071,3.634
2024-10-16 00:00,0.312,0.201,0.144,6.239
2024-10-16 01:00,0.470,0.342,0.189,9.557
2024-10-16 02:00,0.533,0.383,0.233,12.136
2024-10-16 03:00,0.590,0.449,0.247,13.849
2024-10-16 04:00,0.641,0.543,0.226,14.965
2024-10-16 05:00,0.598,0.502,0.211,15.638
2024-10-16 06:00,0.415,0.269,0.213,15.809
2024-10-16 07:00,0.208,0.084,0.161,15.218
2024-10-16 08:00,0.065,0.019,0.072,13.630
2024-10-16 09:00,0,0.002,0.007,11.492
2024-10-16 10:00,0,0,0,10.235
2024-10-16 11:00,0,0,0,9.524
2024-10-16 12:00,0,0,0,9.153
2024-10-16 13:00,0,0,0,8.864
2024-10-16 14:00,0,0,0,8.625
2024-10-16 15:00,0,0,0,7.899
2024-10-16 16:00,0,0,0,6.803
2024-10-16 17:00,0,0,0,5.611
2024-10-16 18:00,0,0,0,4.835
2024-10-16 19:00,0,0,0,4.454
2024-10-16 20:00,0,0,0,4.232
2024-10-16 21:00,0,0,0,4.196
2024-10-16 22:00,0,0,0.003,4.194
2024-10-16 23:00,0.031,0.006,0.047,4.619
2024-10-17 00:00,0.106,0.012,0.119,5.527
2024-10-17 01:00,0.160,0.016,0.170,6.598
2024-10-17 02:00,0.188,0.017,0.199,7.696
2024-10-17 03:00,0.156,0.010,0.175,8.614
2024-10-17 04:00,0.120,0.006,0.142,9.470
2024-10-17 05:00,0.112,0.005,0.134,10.350
2024-10-17 06:00,0.082,0.004,0.104,10.968
2024-10-17 07:00,0.082,0.007,0.102,11.664
2024-10-17 08:00,0.029,0.003,0.048,11.201
2024-10-17 09:00,0,0,0.003,10.050
2024-10-17 10:00,0,0,0,10.005
2024-10-17 11:00,0,0,0,10.271
2024-10-17 12:00,0,0,0,10.414
2024-10-17 13:00,0,0,0,10.457
2024-10-17 14:00,0,0,0,10.492
2024-10-17 15:00,0,0,0,10.500
2024-10-17 16:00,0,0,0,10.412
2024-10-17 17:00,0,0,0,10.248
2024-10-17 18:00,0,0,0,10.083
2024-10-17 19:00,0,0,0,9.873
2024-10-17 20:00,0,0,0,9.475
2024-10-17 21:00,0,0,0,8.773
2024-10-17 22:00,0,0,0.001,7.386
2024-10-17 23:00,0.005,0.001,0.021,5.565
2024-10-18 00:00,0.049,0.004,0.067,4.661
2024-10-18 01:00,0.122,0.011,0.135,4.669
2024-10-18 02:00,0.166,0.016,0.175,5.229
2024-10-18 03:00,0.270,0.048,0.252,6.043
2024-10-18 04:00,0.334,0.087,0.283,6.556
2024-10-18 05:00,0.493,0.284,0.269,6.947
2024-10-18 06:00,0.301,0.104,0.229,6.115
2024-10-18 07:00,0.152,0.033,0.144,4.829
2024-10-18 08:00,0.055,0.013,0.065,3.414
2024-10-18 09:00,0,0.001,0.006,1.878
2024-10-18 10:00,0,0,0,0.744
2024-10-18 11:00,0,0,0,-0.272
2024-10-18 12:00,0,0,0,-1.318
2024-10-18 13:00,0,0,0,-2.372
2024-10-18 14:00,0,0,0,-3.251
2024-10-18 15:00,0,0,0,-4.007
2024-10-18 16:00,0,0,0,-4.696
2024-10-18 17:00,0,0,0,-5.264
2024-10-18 18:00,0,0,0,-5.679
2024-10-18 19:00,0,0,0,-5.945
2024-10-18 20:00,0,0,0,-6.121
2024-10-18 21:00,0,0,0,-6.319
2024-10-18 22:00,0,0.004,0.004,-6.471
2024-10-18 23:00,0.182,0.131,0.068,-5.538
2024-10-19 00:00,0.481,0.434,0.076,-3.642
2024-10-19 01:00,0.683,0.662,0.091,-2.098
2024-10-19 02:00,0.810,0.824,0.102,-0.798
2024-10-19 03:00,0.871,0.912,0.108,0.330
2024-10-19 04:00,0.871,0.915,0.109,1.227
2024-10-19 05:00,0.812,0.838,0.105,1.803
2024-10-19 06:00,0.695,0.689,0.096,1.850
2024-10-19 07:00,0.512,0.478,0.081,1.320
2024-10-19 08:00,0.267,0.233,0.056,-0.060
2024-10-19 09:00,0.002,0.012,0.006,-3.376
2024-10-19 10:00,0,0,0,-4.191
2024-10-19 11:00,0,0,0,-4.397
2024-10-19 12:00,0,0,0,-4.467
2024-10-19 13:00,0,0,0,-4.499
2024-10-19 14:00,0,0,0,-4.622
2024-10-19 15:00,0,0,0,-4.819
2024-10-19 16:00,0,0,0,-5.037
2024-10-19 17:00,0,0,0,-5.104
2024-10-19 18:00,0,0,0,-5.041
2024-10-19 19:00,0,0,0,-4.993
2024-10-19 20:00,0,0,0,-4.952
2024-10-19 21:00,0,0,0,-4.882
2024-10-19 22:00,0,0.004,0.003,-4.782
2024-10-19 23:00,0.163,0.126,0.056,-2.550
2024-10-20 00:00,0.379,0.288,0.118,-0.143
2024-10-20 01:00,0.492,0.363,0.175,2.379
2024-10-20 02:00,0.521,0.347,0.231,4.294
2024-10-20 03:00,0.638,0.503,0.225,6.003
2024-10-20 04:00,0.745,0.701,0.178,7.567
2024-10-20 05:00,0.666,0.596,0.180,8.427
2024-10-20 06:00,0.325,0.147,0.216,7.974
2024-10-20 07:00,0.139,0.033,0.131,6.529
2024-10-20 08:00,0.029,0.006,0.044,4.396
2024-10-20 09:00,0,0,0.002,2.730
2024-10-20 10:00,0,0,0,2.171
2024-10-20 11:00,0,0,0,1.762
2024-10-20 12:00,0,0,0,1.276
2024-10-20 13:00,0,0,0,0.759
2024-10-20 14:00,0,0,0,0.443
2024-10-20 15:00,0,0,0,-0.048
2024-10-20 16:00,0,0,0,-0.817
2024-10-20 17:00,0,0,0,-1.514
2024-10-20 18:00,0,0,0,-1.831
2024-10-20 19:00,0,0,0,-1.851
2024-10-20 20:00,0,0,0,-1.705
2024-10-20 21:00,0,0,0,-1.417
2024-10-20 22:00,0,0.001,0.003,-1.059
2024-10-20 23:00,0.108,0.063,0.067,0.318
2024-10-21 00:00,0.343,0.250,0.124,3.087
2024-10-21 01:00,0.538,0.454,0.152,6.805
2024-10-21 02:00,0.663,0.613,0.167,10.376
2024-10-21 03:00,0.722,0.699,0.174,12.683
2024-10-21 04:00,0.720,0.697,0.177,13.450
2024-10-21 05:00,0.666,0.626,0.171,13.344
2024-10-21 06:00,0.453,0.328,0.191,12.304
2024-10-21 07:00,0.127,0.029,0.125,10.216
2024-10-21 08:00,0.028,0.006,0.043,7.675
2024-10-21 09:00,0,0,0.003,5.270
2024-10-21 10:00,0,0,0,4.354
2024-10-21 11:00,0,0,0,3.910
2024-10-21 12:00,0,0,0,3.477
2024-10-21 13:00,0,0,0,3.058
2024-10-21 14:00,0,0,0,2.706
2024-10-21 15:00,0,0,0,2.392
2024-10-21 16:00,0,0,0,2.131
2024-10-21 17:00,0,0,0,1.970
2024-10-21 18:00,0,0,0,1.796
2024-10-21 19:00,0,0,0,1.541
2024-10-21 20:00,0,0,0,1.114
2024-10-21 21:00,0,0,0,0.673
2024-10-21 22:00,0,0,0.001,0.290
2024-10-21 23:00,0.026,0.006,0.040,1.172
2024-10-22 00:00,0.072,0.007,0.087,2.141
2024-10-22 01:00,0.119,0.010,0.132,2.630
2024-10-22 02:00,0.150,0.012,0.161,3.145
2024-10-22 03:00,0.207,0.023,0.210,3.883
2024-10-22 04:00,0.217,0.026,0.217,4.461
2024-10-22 05:00,0.204,0.025,0.204,4.809
2024-10-22 06:00,0.158,0.019,0.164,4.974
2024-10-22 07:00,0.117,0.018,0.122,5.018
2024-10-22 08:00,0.051,0.013,0.060,4.211
2024-10-22 09:00,0,0.001,0.004,2.243
2024-10-22 10:00,0,0,0,1.434
2024-10-22 11:00,0,0,0,1.111
2024-10-22 12:00,0,0,0,0.655
2024-10-22 13:00,0,0,0,-0.207
2024-10-22 14:00,0,0,0,-0.841
2024-10-22 15:00,0,0,0,-1.406
2024-10-22 16:00,0,0,0,-1.943
2024-10-22 17:00,0,0,0,-2.393
2024-10-22 18:00,0,0,0,-2.535
2024-10-22 19:00,0,0,0,-2.437
2024-10-22 20:00,0,0,0,-2.313
2024-10-22 21:00,0,0,0,-2.256
2024-10-22 22:00,0,0.001,0.002,-2.187
2024-10-22 23:00,0.124,0.077,0.068,0.247
2024-10-23 00:00,0.394,0.333,0.097,3.505
2024-10-23 01:00,0.580,0.536,0.121,6.607
2024-10-23 02:00,0.694,0.685,0.136,10.296
2024-10-23 03:00,0.749,0.767,0.144,12.700
2024-10-23 04:00,0.745,0.765,0.147,13.865
2024-10-23 05:00,0.680,0.675,0.146,14.373
2024-10-23 06:00,0.515,0.448,0.152,14.299
2024-10-23 07:00,0.276,0.181,0.137,13.435
2024-10-23 08:00,0.080,0.041,0.065,10.646
2024-10-23 09:00,0,0.002,0.004,7.695
2024-10-23 10:00,0,0,0,6.586
2024-10-23 11:00,0,0,0,5.748
2024-10-23 12:00,0,0,0,5.216
2024-10-23 13:00,0,0,0,4.743
2024-10-23 14:00,0,0,0,4.223
2024-10-23 15:00,0,0,0,3.619
2024-10-23 16:00,0,0,0,2.889
2024-10-23 17:00,0,0,0,2.194
2024-10-23 18:00,0,0,0,1.455
2024-10-23 19:00,0,0,0,0.775
2024-10-23 20:00,0,0,0,0.281
2024-10-23 21:00,0,0,0,-0.011
2024-10-23 22:00,0,0.001,0.002,-0.220
2024-10-23 23:00,0.137,0.105,0.054,1.892
2024-10-24 00:00,0.391,0.338,0.093,5.852
2024-10-24 01:00,0.579,0.550,0.115,9.008
2024-10-24 02:00,0.695,0.702,0.129,12.003
2024-10-24 03:00,0.752,0.785,0.137,13.626
2024-10-24 04:00,0.749,0.784,0.139,14.725
2024-10-24 05:00,0.693,0.710,0.134,15.362
2024-10-24 06:00,0.580,0.567,0.122,15.511
2024-10-24 07:00,0.406,0.367,0.102,14.884
2024-10-24 08:00,0.181,0.151,0.062,11.688
2024-10-24 09:00,0,0.003,0.003,8.223
2024-10-24 10:00,0,0,0,7.698
2024-10-24 11:00,0,0,0,7.135
2024-10-24 12:00,0,0,0,6.674
2024-10-24 13:00,0,0,0,6.280
2024-10-24 14:00,0,0,0,6.009
2024-10-24 15:00,0,0,0,5.749
2024-10-24 16:00,0,0,0,5.367
2024-10-24 17:00,0,0,0,4.990
2024-10-24 18:00,0,0,0,4.651
2024-10-24 19:00,0,0,0,4.302
2024-10-24 20:00,0,0,0,3.898
2024-10-24 21:00,0,0,0,3.540
2024-10-24 22:00,0,0,0.001,3.263
2024-10-24 23:00,0.075,0.043,0.055,4.674
2024-10-25 00:00,0.262,0.160,0.133,7.400
2024-10-25 01:00,0.433,0.311,0.179,10.394
2024-10-25 02:00,0.547,0.432,0.206,13.489
2024-10-25 03:00,0.657,0.596,0.196,15.095
2024-10-25 04:00,0.666,0.612,0.195,15.527
2024-10-25 05:00,0.616,0.551,0.185,15.322
2024-10-25 06:00,0.321,0.161,0.208,14.153
2024-10-25 07:00,0.086,0.014,0.099,12.274
2024-10-25 08:00,0.017,0.004,0.033,10.175
2024-10-25 09:00,0,0,0.002,8.432
2024-10-25 10:00,0,0,0,7.503
2024-10-25 11:00,0,0,0,6.425
2024-10-25 12:00,0,0,0,5.169
2024-10-25 13:00,0,0,0,4.249
2024-10-25 14:00,0,0,0,3.469
2024-10-25 15:00,0,0,0,2.635
2024-10-25 16:00,0,0,0,1.885
2024-10-25 17:00,0,0,0,1.247
2024-10-25 18:00,0,0,0,0.731
2024-10-25 19:00,0,0,0,0.332
2024-10-25 20:00,0,0,0,-0.184
2024-10-25 21:00,0,0,0,-0.601
2024-10-25 22:00,0,0,0.001,-0.893
2024-10-25 23:00,0.050,0.019,0.051,-0.174
2024-10-26 00:00,0.176,0.056,0.142,1.397
2024-10-26 01:00,0.237,0.060,0.202,3.139
2024-10-26 02:00,0.167,0.016,0.175,4.257
2024-10-26 03:00,0.110,0.006,0.128,4.650
2024-10-26 04:00,0.101,0.005,0.120,4.794
2024-10-26 05:00,0.102,0.006,0.121,4.991
2024-10-26 06:00,0.113,0.009,0.128,5.153
2024-10-26 07:00,0.064,0.006,0.081,4.655
2024-10-26 08:00,0.011,0.002,0.027,3.509
2024-10-26 09:00,0,0,0.001,2.518
2024-10-26 10:00,0,0,0,2.135
2024-10-26 11:00,0,0,0,1.700
2024-10-26 12:00,0,0,0,0.975
2024-10-26 13:00,0,0,0,0.592
2024-10-26 14:00,0,0,0,0.437
2024-10-26 15:00,0,0,0,0.233
2024-10-26 16:00,0,0,0,0.271
2024-10-26 17:00,0,0,0,-0.159
2024-10-26 18:00,0,0,0,-0.684
2024-10-26 19:00,0,0,0,-1.122
2024-10-26 20:00,0,0,0,-1.663
2024-10-26 21:00,0,0,0,-2.158
2024-10-26 22:00,0,0,0.001,-2.499
2024-10-26 23:00,0.108,0.068,0.061,-1.196
2024-10-27 00:00,0.397,0.344,0.085,1.507
2024-10-27 01:00,0.595,0.562,0.106,4.410
2024-10-27 02:00,0.718,0.718,0.119,6.657
2024-10-27 03:00,0.781,0.811,0.124,8.256
2024-10-27 04:00,0.782,0.817,0.125,9.433
2024-10-27 05:00,0.726,0.746,0.120,10.237
2024-10-27 06:00,0.611,0.602,0.108,10.570
2024-10-27 07:00,0.434,0.402,0.089,10.305
2024-10-27 08:00,0.206,0.182,0.054,8.251
2024-10-27 09:00,0.004,0.018,0.002,6.751
2024-10-27 10:00,0,0,0,6.658
2024-10-27 11:00,0,0,0,5.508
2024-10-27 12:00,0,0,0,3.797
2024-10-27 13:00,0,0,0,2.491
2024-10-27 14:00,0,0,0,1.766
2024-10-27 15:00,0,0,0,1.345
2024-10-27 16:00,0,0,0,1.021
2024-10-27 17:00,0,0,0,0.705
2024-10-27 18:00,0,0,0,0.397
2024-10-27 19:00,0,0,0,0.060
2024-10-27 20:00,0,0,0,-0.306
2024-10-27 21:00,0,0,0,-0.672
2024-10-27 22:00,0,0,0.001,-0.925
2024-10-27 23:00,0.134,0.111,0.045,0.911
2024-10-28 00:00,0.394,0.350,0.084,5.086
2024-10-28 01:00,0.585,0.561,0.106,7.974
2024-10-28 02:00,0.699,0.714,0.121,11.405
2024-10-28 03:00,0.754,0.792,0.129,12.984
2024-10-28 04:00,0.745,0.776,0.135,13.815
2024-10-28 05:00,0.674,0.675,0.136,14.246
2024-10-28 06:00,0.555,0.527,0.125,14.267
2024-10-28 07:00,0.391,0.349,0.099,13.546
2024-10-28 08:00,0.186,0.161,0.055,10.323
2024-10-28 09:00,0,-0,0.002,6.788
2024-10-28 10:00,0,0,0,6.010
2024-10-28 11:00,0,0,0,5.474
2024-10-28 12:00,0,0,0,4.967
2024-10-28 13:00,0,0,0,4.539
2024-10-28 14:00,0,0,0,4.307
2024-10-28 15:00,0,0,0,4.287
2024-10-28 16:00,0,0,0,4.163
2024-10-28 17:00,0,0,0,4.005
2024-10-28 18:00,0,0,0,3.672
2024-10-28 19:00,0,0,0,3.173
2024-10-28 20:00,0,0,0,2.784
2024-10-28 21:00,0,0,0,2.629
2024-10-28 22:00,0,0,0,2.610
2024-10-28 23:00,0.081,0.055,0.048,3.642
2024-10-29 00:00,0.325,0.257,0.102,6.020
2024-10-29 01:00,0.531,0.481,0.124,9.334
2024-10-29 02:00,0.659,0.649,0.136,12.827
2024-10-29 03:00,0.726,0.747,0.140,14.363
2024-10-29 04:00,0.731,0.757,0.140,14.992
2024-10-29 05:00,0.680,0.692,0.133,15.183
2024-10-29 06:00,0.559,0.536,0.124,14.773
2024-10-29 07:00,0.366,0.313,0.105,13.627
2024-10-29 08:00,0.148,0.121,0.056,11.224
2024-10-29 09:00,0,-0,0.001,7.733
2024-10-29 10:00,0,0,0,6.376
2024-10-29 11:00,0,0,0,5.286
2024-10-29 12:00,0,0,0,4.325
2024-10-29 13:00,0,0,0,3.504
2024-10-29 14:00,0,0,0,2.710
2024-10-29 15:00,0,0,0,1.981
2024-10-29 16:00,0,0,0,1.338
2024-10-29 17:00,0,0,0,0.769
2024-10-29 18:00,0,0,0,0.247
2024-10-29 19:00,0,0,0,-0.245
2024-10-29 20:00,0,0,0,-0.537
2024-10-29 21:00,0,0,0,-0.444
2024-10-29 22:00,0,0,0,0.282
2024-10-29 23:00,0.064,0.039,0.046,2.077
2024-10-30 00:00,0.210,0.108,0.128,4.576
2024-10-30 01:00,0.320,0.164,0.191,6.695
2024-10-30 02:00,0.464,0.301,0.224,9.349
2024-10-30 03:00,0.542,0.389,0.236,11.171
2024-10-30 04:00,0.533,0.376,0.240,12.392
2024-10-30 05:00,0.451,0.286,0.232,13.020
2024-10-30 06:00,0.336,0.186,0.197,13.070
2024-10-30 07:00,0.213,0.111,0.136,12.389
2024-10-30 08:00,0.083,0.059,0.050,9.902
2024-10-30 09:00,0,-0,0.001,7.177
2024-10-30 10:00,0,0,0,6.703
2024-10-30 11:00,0,0,0,6.427
2024-10-30 12:00,0,0,0,6.211
2024-10-30 13:00,0,0,0,5.964
2024-10-30 14:00,0,0,0,5.631
2024-10-30 15:00,0,0,0,5.279
2024-10-30 16:00,0,0,0,5.195
2024-10-30 17:00,0,0,0,5.114
2024-10-30 18:00,0,0,0,5.065
2024-10-30 19:00,0,0,0,5.049
2024-10-30 20:00,0,0,0,5.043
2024-10-30 21:00,0,0,0,5.118
2024-10-30 22:00,0,0,0,5.414
2024-10-30 23:00,0.015,0.005,0.030,6.546
2024-10-31 00:00,0.094,0.020,0.099,8.515
2024-10-31 01:00,0.213,0.066,0.179,10.450
2024-10-31 02:00,0.358,0.171,0.237,13.081
2024-10-31 03:00,0.596,0.501,0.211,16.153
2024-10-31 04:00,0.599,0.514,0.211,17.999
2024-10-31 05:00,0.438,0.284,0.232,18.174
2024-10-31 06:00,0.301,0.154,0.198,17.669
2024-10-31 07:00,0.168,0.072,0.132,16.201
2024-10-31 08:00,0.035,0.018,0.039,13.163
2024-10-31 09:00,0,-0,0.001,11.052
2024-10-31 10:00,0,0,0,10.313
2024-10-31 11:00,0,0,0,9.645
2024-10-31 12:00,0,0,0,9.016
2024-10-31 13:00,0,0,0,8.404
2024-10-31 14:00,0,0,0,7.773
2024-10-31 15:00,0,0,0,7.096
2024-10-31 16:00,0,0,0,6.238
2024-10-31 17:00,0,0,0,5.260
2024-10-31 18:00,0,0,0,4.161
2024-10-31 19:00,0,0,0,3.228
2024-10-31 20:00,0,0,0,2.493
2024-10-31 21:00,0,0,0,1.931
2024-10-31 22:00,0,0,0,1.515
2024-10-31 23:00,0.077,0.053,0.047,2.625
2024-11-01 00:00,0.326,0.262,0.097,5.469
2024-11-01 01:00,0.518,0.460,0.126,8.152
2024-11-01 02:00,0.641,0.607,0.143,10.278
2024-11-01 03:00,0.703,0.689,0.151,11.593
2024-11-01 04:00,0.707,0.698,0.152,12.364
2024-11-01 05:00,0.649,0.624,0.147,12.747
2024-11-01 06:00,0.530,0.481,0.133,12.687
2024-11-01 07:00,0.344,0.284,0.107,12.026
2024-11-01 08:00,0.144,0.130,0.041,9.439
2024-11-01 09:00,0,-0,0.001,6.548
2024-11-01 10:00,0,0,0,6.247
2024-11-01 11:00,0,0,0,6.208
2024-11-01 12:00,0,0,0,5.974
2024-11-01 13:00,0,0,0,5.742
2024-11-01 14:00,0,0,0,5.520
2024-11-01 15:00,0,0,0,5.099
2024-11-01 16:00,0,0,0,4.478
2024-11-01 17:00,0,0,0,3.905
2024-11-01 18:00,0,0,0,3.499
2024-11-01 19:00,0,0,0,3.195
2024-11-01 20:00,0,0,0,2.496
2024-11-01 21:00,0,0,0,2.151
2024-11-01 22:00,0,0,0,2.015
2024-11-01 23:00,0.053,0.033,0.041,2.622
2024-11-02 00:00,0.250,0.156,0.122,5.294
2024-11-02 01:00,0.364,0.220,0.185,7.881
2024-11-02 02:00,0.163,0.022,0.169,9.224
2024-11-02 03:00,0.188,0.026,0.192,9.929
2024-11-02 04:00,0.356,0.139,0.263,11.266
2024-11-02 05:00,0.356,0.162,0.243,12.129
2024-11-02 06:00,0.355,0.208,0.196,12.357
2024-11-02 07:00,0.234,0.135,0.134,11.814
2024-11-02 08:00,0.078,0.057,0.046,9.556
2024-11-02 09:00,0,-0,0,7.140
2024-11-02 10:00,0,0,0,6.748
2024-11-02 11:00,0,0,0,6.127
2024-11-02 12:00,0,0,0,5.517
2024-11-02 13:00,0,0,0,4.975
2024-11-02 14:00,0,0,0,4.477
2024-11-02 15:00,0,0,0,4.120
2024-11-02 16:00,0,0,0,4.237
2024-11-02 17:00,0,0,0,4.026
2024-11-02 18:00,0,0,0,3.774
2024-11-02 19:00,0,0,0,3.928
2024-11-02 20:00,0,0,0,3.895
2024-11-02 21:00,0,0,0,3.917
2024-11-02 22:00,0,0,0,3.580
2024-11-02 23:00,0.005,0.002,0.020,3.606
2024-11-03 00:00,0.088,0.021,0.091,4.686
2024-11-03 01:00,0.305,0.163,0.176,6.604
2024-11-03 02:00,0.583,0.503,0.168,9.281
2024-11-03 03:00,0.663,0.612,0.171,10.966
2024-11-03 04:00,0.609,0.517,0.194,11.642
2024-11-03 05:00,0.540,0.434,0.189,11.745
2024-11-03 06:00,0.475,0.390,0.152,11.266
2024-11-03 07:00,0.331,0.263,0.110,10.020
2024-11-03 08:00,0.160,0.149,0.038,7.772
2024-11-03 09:00,0,-0,0,4.982
2024-11-03 10:00,0,0,0,3.589
2024-11-03 11:00,0,0,0,2.340
2024-11-03 12:00,0,0,0,1.311
2024-11-03 13:00,0,0,0,0.365
2024-11-03 14:00,0,0,0,-0.331
2024-11-03 15:00,0,0,0,-0.975
2024-11-03 16:00,0,0,0,-1.669
2024-11-03 17:00,0,0,0,-2.062
2024-11-03 18:00,0,0,0,-2.248
2024-11-03 19:00,0,0,0,-2.447
2024-11-03 20:00,0,0,0,-2.773
2024-11-03 21:00,0,0,0,-3.207
2024-11-03 22:00,0,0,0,-3.660
2024-11-03 23:00,0.099,0.080,0.038,-3.467
2024-11-04 00:00,0.395,0.348,0.073,-1.646
2024-11-04 01:00,0.611,0.583,0.091,0.394
2024-11-04 02:00,0.746,0.752,0.102,2.173
2024-11-04 03:00,0.811,0.843,0.108,3.496
2024-11-04 04:00,0.812,0.847,0.110,4.309
2024-11-04 05:00,0.749,0.763,0.107,4.765
2024-11-04 06:00,0.621,0.604,0.099,4.812
2024-11-04 07:00,0.438,0.402,0.080,4.361
2024-11-04 08:00,0.215,0.210,0.028,2.257
2024-11-04 09:00,0,-0,0,1.062
2024-11-04 10:00,0,0,0,0.798
2024-11-04 11:00,0,0,0,-0.230
2024-11-04 12:00,0,0,0,-1.741
2024-11-04 13:00,0,0,0,-2.894
2024-11-04 14:00,0,0,0,-3.354
2024-11-04 15:00,0,0,0,-3.558
2024-11-04 16:00,0,0,0,-3.731
2024-11-04 17:00,0,0,0,-3.880
2024-11-04 18:00,0,0,0,-4.026
2024-11-04 19:00,0,0,0,-4.152
2024-11-04 20:00,0,0,0,-4.219
2024-11-04 21:00,0,0,0,-4.215
2024-11-04 22:00,0,0,0,-4.175
2024-11-04 23:00,0.101,0.088,0.034,-2.910
2024-11-05 00:00,0.382,0.336,0.074,-0.147
2024-11-05 01:00,0.589,0.559,0.095,2.662
2024-11-05 02:00,0.718,0.719,0.108,4.341
2024-11-05 03:00,0.784,0.807,0.115,4.981
2024-11-05 04:00,0.790,0.814,0.116,5.126
2024-11-05 05:00,0.736,0.743,0.111,4.912
2024-11-05 06:00,0.619,0.598,0.099,4.365
2024-11-05 07:00,0.436,0.397,0.080,3.350
2024-11-05 08:00,0.209,0.203,0.027,0.291
2024-11-05 09:00,0,-0,0,-2.625
2024-11-05 10:00,0,0,0,-2.416
2024-11-05 11:00,0,0,0,-1.741
2024-11-05 12:00,0,0,0,-1.516
2024-11-05 13:00,0,0,0,-2.055
2024-11-05 14:00,0,0,0,-2.634
2024-11-05 15:00,0,0,0,-2.952
2024-11-05 16:00,0,0,0,-3.124
2024-11-05 17:00,0,0,0,-3.320
2024-11-05 18:00,0,0,0,-3.576
2024-11-05 19:00,0,0,0,-3.789
2024-11-05 20:00,0,0,0,-3.844
2024-11-05 21:00,0,0,0,-3.752
2024-11-05 22:00,0,0,0,-3.589
2024-11-05 23:00,0.093,0.080,0.033,-2.709
2024-11-06 00:00,0.377,0.332,0.072,-0.161
2024-11-06 01:00,0.584,0.557,0.092,2.754
2024-11-06 02:00,0.712,0.717,0.105,5.190
2024-11-06 03:00,0.778,0.811,0.110,6.636
2024-11-06 04:00,0.779,0.817,0.112,7.578
2024-11-06 05:00,0.722,0.742,0.107,8.154
2024-11-06 06:00,0.600,0.591,0.098,8.249
2024-11-06 07:00,0.425,0.396,0.077,7.125
2024-11-06 08:00,0.199,0.198,0.026,3.413
2024-11-06 09:00,0,-0,0,0.522
2024-11-06 10:00,0,0,0,-0.299
2024-11-06 11:00,0,0,0,-0.641
2024-11-06 12:00,0,0,0,-0.731
2024-11-06 13:00,0,0,0,-0.684
2024-11-06 14:00,0,0,0,-0.641
2024-11-06 15:00,0,0,0,-0.553
2024-11-06 16:00,0,0,0,-0.598
2024-11-06 17:00,0,0,0,-0.773
2024-11-06 18:00,0,0,0,-0.942
2024-11-06 19:00,0,0,0,-1.315
2024-11-06 20:00,0,0,0,-1.517
2024-11-06 21:00,0,0,0,-1.617
2024-11-06 22:00,0,0,0,-1.624
2024-11-06 23:00,0.057,0.045,0.032,-0.694
2024-11-07 00:00,0.291,0.225,0.093,2.375
2024-11-07 01:00,0.499,0.432,0.122,4.926
2024-11-07 02:00,0.630,0.589,0.137,8.071
2024-11-07 03:00,0.704,0.697,0.140,10.723
2024-11-07 04:00,0.704,0.702,0.142,12.095
2024-11-07 05:00,0.645,0.629,0.136,12.667
2024-11-07 06:00,0.507,0.456,0.129,12.568
2024-11-07 07:00,0.323,0.266,0.100,11.365
2024-11-07 08:00,0.110,0.102,0.033,7.964
2024-11-07 09:00,0,-0,0,5.311
2024-11-07 10:00,0,0,0,4.132
2024-11-07 11:00,0,0,0,3.102
2024-11-07 12:00,0,0,0,2.208
2024-11-07 13:00,0,0,0,1.810
2024-11-07 14:00,0,0,0,1.636
2024-11-07 15:00,0,0,0,1.257
2024-11-07 16:00,0,0,0,0.853
2024-11-07 17:00,0,0,0,0.420
2024-11-07 18:00,0,0,0,0.162
2024-11-07 19:00,0,0,0,0.305
2024-11-07 20:00,0,0,0,0.429
2024-11-07 21:00,0,0,0,0.421
2024-11-07 22:00,0,0,0,0.363
2024-11-07 23:00,0.003,0.002,0.016,0.635
2024-11-08 00:00,0.062,0.010,0.074,2.019
2024-11-08 01:00,0.158,0.034,0.148,3.765
2024-11-08 02:00,0.300,0.111,0.222,6.343
2024-11-08 03:00,0.382,0.177,0.251,9.000
2024-11-08 04:00,0.371,0.167,0.252,10.871
2024-11-08 05:00,0.342,0.159,0.230,11.915
2024-11-08 06:00,0.283,0.137,0.186,12.165
2024-11-08 07:00,0.177,0.087,0.121,11.211
2024-11-08 08:00,0.043,0.030,0.035,8.270
2024-11-08 09:00,0,-0,0,6.311
2024-11-08 10:00,0,0,0,5.718
2024-11-08 11:00,0,0,0,5.163
2024-11-08 12:00,0,0,0,4.724
2024-11-08 13:00,0,0,0,4.197
2024-11-08 14:00,0,0,0,3.667
2024-11-08 15:00,0,0,0,3.214
2024-11-08 16:00,0,0,0,2.942
2024-11-08 17:00,0,0,0,2.918
2024-11-08 18:00,0,0,0,3.020
2024-11-08 19:00,0,0,0,3.074
2024-11-08 20:00,0,0,0,3.126
2024-11-08 21:00,0,0,0,3.375
2024-11-08 22:00,0,0,0,3.566
2024-11-08 23:00,0.005,0.003,0.019,3.933
2024-11-09 00:00,0.126,0.050,0.100,5.645
2024-11-09 01:00,0.345,0.224,0.161,7.891
2024-11-09 02:00,0.496,0.379,0.185,9.976
2024-11-09 03:00,0.601,0.518,0.183,11.584
2024-11-09 04:00,0.610,0.536,0.182,12.712
2024-11-09 05:00,0.546,0.461,0.175,13.164
2024-11-09 06:00,0.409,0.310,0.157,12.984
2024-11-09 07:00,0.193,0.112,0.114,11.947
2024-11-09 08:00,0.038,0.029,0.031,9.914
2024-11-09 09:00,0,-0,0,7.985
2024-11-09 10:00,0,0,0,7.321
2024-11-09 11:00,0,0,0,6.833
2024-11-09 12:00,0,0,0,6.516
2024-11-09 13:00,0,0,0,6.346
2024-11-09 14:00,0,0,0,6.591
2024-11-09 15:00,0,0,0,6.827
2024-11-09 16:00,0,0,0,6.852
2024-11-09 17:00,0,0,0,6.860
2024-11-09 18:00,0,0,0,6.772
2024-11-09 19:00,0,0,0,6.571
2024-11-09 20:00,0,0,0,6.212
2024-11-09 21:00,0,0,0,5.401
2024-11-09 22:00,0,0,0,4.287
2024-11-09 23:00,0.034,0.026,0.029,3.764
2024-11-10 00:00,0.303,0.252,0.081,4.819
2024-11-10 01:00,0.548,0.519,0.096,6.233
2024-11-10 02:00,0.683,0.686,0.109,7.793
2024-11-10 03:00,0.749,0.777,0.115,8.910
2024-11-10 04:00,0.753,0.785,0.116,9.549
2024-11-10 05:00,0.699,0.715,0.110,9.756
2024-11-10 06:00,0.582,0.571,0.099,9.470
2024-11-10 07:00,0.400,0.370,0.078,8.508
2024-11-10 08:00,0.153,0.154,0.024,5.216
2024-11-10 09:00,0,-0,0,2.311
2024-11-10 10:00,0,0,0,1.561
2024-11-10 11:00,0,0,0,1.021
2024-11-10 12:00,0,0,0,0.582
2024-11-10 13:00,0,0,0,0.153
2024-11-10 14:00,0,0,0,-0.442
2024-11-10 15:00,0,0,0,-1.061
2024-11-10 16:00,0,0,0,-1.511
2024-11-10 17:00,0,0,0,-1.638
2024-11-10 18:00,0,0,0,-1.496
2024-11-10 19:00,0,0,0,-1.799
2024-11-10 20:00,0,0,0,-1.881
2024-11-10 21:00,0,0,0,-1.500
2024-11-10 22:00,0,0,0,-0.684
2024-11-10 23:00,0.020,0.015,0.024,0.130
2024-11-11 00:00,0.120,0.044,0.099,1.848
2024-11-11 01:00,0.160,0.039,0.146,3.845
2024-11-11 02:00,0.160,0.026,0.160,5.629
2024-11-11 03:00,0.200,0.037,0.191,7.184
2024-11-11 04:00,0.261,0.073,0.222,9.014
2024-11-11 05:00,0.312,0.134,0.219,11.050
2024-11-11 06:00,0.420,0.321,0.159,12.434
2024-11-11 07:00,0.307,0.245,0.105,11.868
2024-11-11 08:00,0.092,0.086,0.031,8.174
2024-11-11 09:00,0,-0,0,5.180
2024-11-11 10:00,0,0,0,3.812
2024-11-11 11:00,0,0,0,2.547
2024-11-11 12:00,0,0,0,1.512
2024-11-11 13:00,0,0,0,0.670
2024-11-11 14:00,0,0,0,-0.063
2024-11-11 15:00,0,0,0,-0.746
2024-11-11 16:00,0,0,0,-1.335
2024-11-11 17:00,0,0,0,-1.809
2024-11-11 18:00,0,0,0,-2.197
2024-11-11 19:00,0,0,0,-2.472
2024-11-11 20:00,0,0,0,-2.597
2024-11-11 21:00,0,0,0,-2.545
2024-11-11 22:00,0,0,0,-2.355
2024-11-11 23:00,0.058,0.050,0.029,-1.372
2024-11-12 00:00,0.342,0.305,0.068,2.799
2024-11-12 01:00,0.552,0.531,0.089,5.752
2024-11-12 02:00,0.678,0.691,0.102,8.858
2024-11-12 03:00,0.742,0.782,0.108,10.592
2024-11-12 04:00,0.744,0.789,0.109,11.375
2024-11-12 05:00,0.687,0.715,0.105,11.838
2024-11-12 06:00,0.566,0.562,0.095,11.829
2024-11-12 07:00,0.380,0.353,0.076,10.549
2024-11-12 08:00,0.123,0.125,0.023,6.480
2024-11-12 09:00,0,0,0,3.994
2024-11-12 10:00,0,0,0,3.462
2024-11-12 11:00,0,0,0,2.963
2024-11-12 12:00,0,0,0,2.535
2024-11-12 13:00,0,0,0,2.113
2024-11-12 14:00,0,0,0,1.767
2024-11-12 15:00,0,0,0,1.488
2024-11-12 16:00,0,0,0,1.319
2024-11-12 17:00,0,0,0,1.247
2024-11-12 18:00,0,0,0,1.131
2024-11-12 19:00,0,0,0,1.087
2024-11-12 20:00,0,0,0,1.127
2024-11-12 21:00,0,0,0,1.064
2024-11-12 22:00,0,0,0,0.826
2024-11-12 23:00,0.025,0.022,0.023,1.119
2024-11-13 00:00,0.202,0.130,0.096,3.306
2024-11-13 01:00,0.405,0.309,0.138,5.780
2024-11-13 02:00,0.519,0.422,0.166,8.714
2024-11-13 03:00,0.482,0.342,0.207,10.671
2024-11-13 04:00,0.443,0.288,0.218,11.754
2024-11-13 05:00,0.517,0.425,0.172,12.532
2024-11-13 06:00,0.421,0.337,0.144,12.680
2024-11-13 07:00,0.247,0.181,0.102,11.595
2024-11-13 08:00,0.037,0.033,0.026,8.235
2024-11-13 09:00,0,0,0,6.786
2024-11-13 10:00,0,0,0,6.953
2024-11-13 11:00,0,0,0,6.806
2024-11-13 12:00,0,0,0,6.449
2024-11-13 13:00,0,0,0,6.321
2024-11-13 14:00,0,0,0,6.270
2024-11-13 15:00,0,0,0,5.987
2024-11-13 16:00,0,0,0,5.566
2024-11-13 17:00,0,0,0,5.185
2024-11-13 18:00,0,0,0,4.923
2024-11-13 19:00,0,0,0,4.713
2024-11-13 20:00,0,0,0,4.531
2024-11-13 21:00,0,0,0,4.134
2024-11-13 22:00,0,0,0,3.413
2024-11-13 23:00,0.015,0.012,0.021,3.260
2024-11-14 00:00,0.211,0.148,0.090,5.953
2024-11-14 01:00,0.428,0.355,0.123,7.996
2024-11-14 02:00,0.585,0.545,0.133,10.947
2024-11-14 03:00,0.654,0.642,0.139,13.329
2024-11-14 04:00,0.664,0.660,0.138,14.212
2024-11-14 05:00,0.624,0.619,0.126,14.610
2024-11-14 06:00,0.512,0.487,0.110,14.527
2024-11-14 07:00,0.330,0.294,0.084,13.668
2024-11-14 08:00,0.089,0.092,0.024,12.042
2024-11-14 09:00,0,0,0,10.587
2024-11-14 10:00,0,0,0,9.343
2024-11-14 11:00,0,0,0,8.199
2024-11-14 12:00,0,0,0,7.277
2024-11-14 13:00,0,0,0,6.460
2024-11-14 14:00,0,0,0,5.637
2024-11-14 15:00,0,0,0,4.530
2024-11-14 16:00,0,0,0,2.943
2024-11-14 17:00,0,0,0,1.524
2024-11-14 18:00,0,0,0,0.378
2024-11-14 19:00,0,0,0,0.041
2024-11-14 20:00,0,0,0,-0.231
2024-11-14 21:00,0,0,0,-0.726
2024-11-14 22:00,0,0,0,-1.162
2024-11-14 23:00,0.013,0.011,0.019,-1.080
2024-11-15 00:00,0.141,0.072,0.091,0.671
2024-11-15 01:00,0.326,0.209,0.146,2.947
2024-11-15 02:00,0.559,0.483,0.147,6.071
2024-11-15 03:00,0.670,0.646,0.139,9.475
2024-11-15 04:00,0.670,0.657,0.139,12.068
2024-11-15 05:00,0.607,0.584,0.133,13.414
2024-11-15 06:00,0.497,0.460,0.116,13.561
2024-11-15 07:00,0.304,0.258,0.089,12.175
2024-11-15 08:00,0.055,0.055,0.024,8.630
2024-11-15 09:00,0,0,0,7.074
2024-11-15 10:00,0,0,0,6.941
2024-11-15 11:00,0,0,0,6.524
2024-11-15 12:00,0,0,0,6.152
2024-11-15 13:00,0,0,0,5.720
2024-11-15 14:00,0,0,0,5.552
2024-11-15 15:00,0,0,0,5.440
2024-11-15 16:00,0,0,0,4.963
2024-11-15 17:00,0,0,0,4.272
2024-11-15 18:00,0,0,0,3.637
2024-11-15 19:00,0,0,0,2.804
2024-11-15 20:00,0,0,0,2.249
2024-11-15 21:00,0,0,0,1.228
2024-11-15 22:00,0,0,0,-0.518
2024-11-15 23:00,0.029,0.027,0.021,-1.694
2024-11-16 00:00,0.312,0.267,0.068,-0.878
2024-11-16 01:00,0.566,0.537,0.082,0.306
2024-11-16 02:00,0.712,0.715,0.092,1.430
2024-11-16 03:00,0.781,0.805,0.098,2.414
2024-11-16 04:00,0.784,0.812,0.099,3.220
2024-11-16 05:00,0.726,0.741,0.094,3.576
2024-11-16 06:00,0.603,0.590,0.084,3.457
2024-11-16 07:00,0.413,0.384,0.066,2.718
2024-11-16 08:00,0.123,0.127,0.018,0.277
2024-11-16 09:00,0,0,0,-2.390
2024-11-16 10:00,0,0,0,-3.566
2024-11-16 11:00,0,0,0,-4.589
2024-11-16 12:00,0,0,0,-5.273
2024-11-16 13:00,0,0,0,-5.416
2024-11-16 14:00,0,0,0,-5.404
2024-11-16 15:00,0,0,0,-5.425
2024-11-16 16:00,0,0,0,-5.487
2024-11-16 17:00,0,0,0,-5.431
2024-11-16 18:00,0,0,0,-5.280
2024-11-16 19:00,0,0,0,-5.056
2024-11-16 20:00,0,0,0,-4.885
2024-11-16 21:00,0,0,0,-5.002
2024-11-16 22:00,0,0,0,-5.533
2024-11-16 23:00,0.062,0.062,0.019,-5.344
2024-11-17 00:00,0.351,0.312,0.059,-3.359
2024-11-17 01:00,0.579,0.549,0.078,-1.862
2024-11-17 02:00,0.719,0.715,0.090,-0.591
2024-11-17 03:00,0.789,0.808,0.096,0.271
2024-11-17 04:00,0.792,0.813,0.097,0.725
2024-11-17 05:00,0.733,0.738,0.093,0.892
2024-11-17 06:00,0.606,0.584,0.084,0.621
2024-11-17 07:00,0.411,0.375,0.066,-0.285
2024-11-17 08:00,0.115,0.117,0.018,-2.970
2024-11-17 09:00,0,0,0,-5.038
2024-11-17 10:00,0,0,0,-5.500
2024-11-17 11:00,0,0,0,-5.916
2024-11-17 12:00,0,0,0,-6.222
2024-11-17 13:00,0,0,0,-6.400
2024-11-17 14:00,0,0,0,-6.432
2024-11-17 15:00,0,0,0,-6.466
2024-11-17 16:00,0,0,0,-6.583
2024-11-17 17:00,0,0,0,-6.703
2024-11-17 18:00,0,0,0,-6.876
2024-11-17 19:00,0,0,0,-7.079
2024-11-17 20:00,0,0,0,-7.262
2024-11-17 21:00,0,0,0,-7.324
2024-11-17 22:00,0,0,0,-7.349
2024-11-17 23:00,0.056,0.056,0.018,-7.291
2024-11-18 00:00,0.342,0.295,0.062,-6.312
2024-11-18 01:00,0.575,0.531,0.082,-4.917
2024-11-18 02:00,0.717,0.696,0.094,-3.522
2024-11-18 03:00,0.789,0.791,0.100,-2.221
2024-11-18 04:00,0.788,0.793,0.102,-1.223
2024-11-18 05:00,0.724,0.715,0.098,-0.423
2024-11-18 06:00,0.592,0.561,0.089,0.117
2024-11-18 07:00,0.391,0.351,0.069,-0.036
2024-11-18 08:00,0.098,0.100,0.018,-2.180
2024-11-18 09:00,0,0,0,-3.198
2024-11-18 10:00,0,0,0,-3.136
2024-11-18 11:00,0,0,0,-3.313
2024-11-18 12:00,0,0,0,-3.563
2024-11-18 13:00,0,0,0,-3.835
2024-11-18 14:00,0,0,0,-3.981
2024-11-18 15:00,0,0,0,-4.063
2024-11-18 16:00,0,0,0,-4.115
2024-11-18 17:00,0,0,0,-4.219
2024-11-18 18:00,0,0,0,-4.394
2024-11-18 19:00,0,0,0,-4.563
2024-11-18 20:00,0,0,0,-4.683
2024-11-18 21:00,0,0,0,-4.644
2024-11-18 22:00,0,0,0,-4.573
2024-11-18 23:00,0.019,0.020,0.017,-4.359
2024-11-19 00:00,0.216,0.150,0.084,-2.740
2024-11-19 01:00,0.433,0.344,0.121,-0.395
2024-11-19 02:00,0.541,0.447,0.150,2.530
2024-11-19 03:00,0.565,0.459,0.173,4.916
2024-11-19 04:00,0.559,0.451,0.177,6.013
2024-11-19 05:00,0.491,0.379,0.169,6.207
2024-11-19 06:00,0.352,0.242,0.146,5.646
2024-11-19 07:00,0.220,0.151,0.094,3.531
2024-11-19 08:00,0.046,0.045,0.021,1.684
2024-11-19 09:00,0,0,0,1.027
2024-11-19 10:00,0,0,0,0.354
2024-11-19 11:00,0,0,0,-0.385
2024-11-19 12:00,0,0,0,-1.017
2024-11-19 13:00,0,0,0,-1.397
2024-11-19 14:00,0,0,0,-1.654
2024-11-19 15:00,0,0,0,-2.008
2024-11-19 16:00,0,0,0,-2.477
2024-11-19 17:00,0,0,0,-2.911
2024-11-19 18:00,0,0,0,-3.365
2024-11-19 19:00,0,0,0,-3.899
2024-11-19 20:00,0,0,0,-4.552
2024-11-19 21:00,0,0,0,-5.162
2024-11-19 22:00,0,0,0,-5.600
2024-11-19 23:00,0.045,0.046,0.018,-5.566
2024-11-20 00:00,0.332,0.292,0.060,-2.934
2024-11-20 01:00,0.557,0.525,0.080,-0.452
2024-11-20 02:00,0.689,0.688,0.093,2.782
2024-11-20 03:00,0.749,0.771,0.101,4.806
2024-11-20 04:00,0.752,0.779,0.102,5.758
2024-11-20 05:00,0.695,0.707,0.097,6.210
2024-11-20 06:00,0.571,0.557,0.087,6.014
2024-11-20 07:00,0.383,0.352,0.066,3.823
2024-11-20 08:00,0.091,0.097,0.016,0.879
2024-11-20 09:00,0,0,0,-0.554
2024-11-20 10:00,0,0,0,-1.021
2024-11-20 11:00,0,0,0,-1.194
2024-11-20 12:00,0,0,0,-1.307
2024-11-20 13:00,0,0,0,-1.410
2024-11-20 14:00,0,0,0,-1.540
2024-11-20 15:00,0,0,0,-1.676
2024-11-20 16:00,0,0,0,-1.889
2024-11-20 17:00,0,0,0,-2.076
2024-11-20 18:00,0,0,0,-2.213
2024-11-20 19:00,0,0,0,-2.415
2024-11-20 20:00,0,0,0,-2.711
2024-11-20 21:00,0,0,0,-3.096
2024-11-20 22:00,0,0,0,-3.471
2024-11-20 23:00,0.049,0.055,0.013,-3.579
2024-11-21 00:00,0.293,0.248,0.065,-2.091
2024-11-21 01:00,0.517,0.471,0.090,0.128
2024-11-21 02:00,0.670,0.655,0.099,2.047
2024-11-21 03:00,0.747,0.755,0.104,2.832
2024-11-21 04:00,0.752,0.763,0.105,3.249
2024-11-21 05:00,0.695,0.693,0.100,3.427
2024-11-21 06:00,0.574,0.551,0.088,3.216
2024-11-21 07:00,0.376,0.340,0.068,2.203
2024-11-21 08:00,0.082,0.087,0.016,-0.770
2024-11-21 09:00,0,0,0,-2.030
2024-11-21 10:00,0,0,0,-2.075
2024-11-21 11:00,0,0,0,-2.182
2024-11-21 12:00,0,0,0,-2.284
2024-11-21 13:00,0,0,0,-2.419
2024-11-21 14:00,0,0,0,-2.576
2024-11-21 15:00,0,0,0,-2.771
2024-11-21 16:00,0,0,0,-3.036
2024-11-21 17:00,0,0,0,-3.468
2024-11-21 18:00,0,0,0,-3.993
2024-11-21 19:00,0,0,0,-4.493
2024-11-21 20:00,0,0,0,-5.000
2024-11-21 21:00,0,0,0,-5.525
2024-11-21 22:00,0,0,0,-6.082
2024-11-21 23:00,0.044,0.050,0.013,-6.395
2024-11-22 00:00,0.294,0.244,0.067,-4.551
2024-11-22 01:00,0.524,0.469,0.092,-2.785
2024-11-22 02:00,0.665,0.631,0.106,-0.642
2024-11-22 03:00,0.736,0.724,0.112,1.358
2024-11-22 04:00,0.722,0.703,0.119,2.136
2024-11-22 05:00,0.626,0.576,0.124,2.398
2024-11-22 06:00,0.421,0.332,0.126,2.221
2024-11-22 07:00,0.247,0.185,0.085,1.405
2024-11-22 08:00,0.049,0.051,0.018,-1.432
2024-11-22 09:00,0,0,0,-2.596
2024-11-22 10:00,0,0,0,-2.741
2024-11-22 11:00,0,0,0,-3.011
2024-11-22 12:00,0,0,0,-3.275
2024-11-22 13:00,0,0,0,-3.445
2024-11-22 14:00,0,0,0,-3.738
2024-11-22 15:00,0,0,0,-4.201
2024-11-22 16:00,0,0,0,-4.657
2024-11-22 17:00,0,0,0,-5.058
2024-11-22 18:00,0,0,0,-5.399
2024-11-22 19:00,0,0,0,-5.699
2024-11-22 20:00,0,0,0,-5.852
2024-11-22 21:00,0,0,0,-5.861
2024-11-22 22:00,0,0,0,-5.908
2024-11-22 23:00,0.018,0.023,0.013,-5.697
2024-11-23 00:00,0.216,0.156,0.078,-3.484
2024-11-23 01:00,0.438,0.356,0.113,-1.039
2024-11-23 02:00,0.579,0.508,0.132,1.898
2024-11-23 03:00,0.670,0.628,0.133,3.959
2024-11-23 04:00,0.667,0.625,0.136,4.941
2024-11-23 05:00,0.597,0.540,0.133,5.259
2024-11-23 06:00,0.439,0.361,0.123,4.849
2024-11-23 07:00,0.227,0.165,0.087,3.091
2024-11-23 08:00,0.023,0.025,0.017,0.416
2024-11-23 09:00,0,0,0,-0.210
2024-11-23 10:00,0,0,0,-0.343
2024-11-23 11:00,0,0,0,-0.546
2024-11-23 12:00,0,0,0,-0.860
2024-11-23 13:00,0,0,0,-1.081
2024-11-23 14:00,0,0,0,-1.108
2024-11-23 15:00,0,0,0,-1.169
2024-11-23 16:00,0,0,0,-1.287
2024-11-23 17:00,0,0,0,-1.438
2024-11-23 18:00,0,0,0,-1.583
2024-11-23 19:00,0,0,0,-1.774
2024-11-23 20:00,0,0,0,-2.057
2024-11-23 21:00,0,0,0,-2.367
2024-11-23 22:00,0,0,0,-2.612
2024-11-23 23:00,0.010,0.015,0.012,-2.641
2024-11-24 00:00,0.155,0.089,0.087,-0.774
2024-11-24 01:00,0.378,0.271,0.138,1.307
2024-11-24 02:00,0.508,0.393,0.168,3.793
2024-11-24 03:00,0.471,0.313,0.208,5.594
2024-11-24 04:00,0.334,0.148,0.222,6.336
2024-11-24 05:00,0.210,0.058,0.180,6.049
2024-11-24 06:00,0.121,0.025,0.120,4.682
2024-11-24 07:00,0.050,0.011,0.061,2.990
2024-11-24 08:00,0,0.003,0.011,1.353
2024-11-24 09:00,0,0,0,0.696
2024-11-24 10:00,0,0,0,0.552
2024-11-24 11:00,0,0,0,0.360
2024-11-24 12:00,0,0,0,0.136
2024-11-24 13:00,0,0,0,-0.038
2024-11-24 14:00,0,0,0,-0.037
2024-11-24 15:00,0,0,0,0.550
2024-11-24 16:00,0,0,0,0.752
2024-11-24 17:00,0,0,0,0.666
2024-11-24 18:00,0,0,0,0.509
2024-11-24 19:00,0,0,0,0.394
2024-11-24 20:00,0,0,0,0.448
2024-11-24 21:00,0,0,0,0.487
2024-11-24 22:00,0,0,0,0.449
2024-11-24 23:00,0,0,0.002,0.294
2024-11-25 00:00,0.005,0.001,0.021,0.528
2024-11-25 01:00,0.023,0.001,0.042,0.827
2024-11-25 02:00,0.038,0.002,0.057,0.873
2024-11-25 03:00,0.045,0.002,0.064,0.542
2024-11-25 04:00,0.050,0.002,0.069,0.032
2024-11-25 05:00,0.045,0.002,0.063,-0.591
2024-11-25 06:00,0.028,0.001,0.046,-1.186
2024-11-25 07:00,0.010,0.001,0.026,-1.706
2024-11-25 08:00,0,0,0.005,-2.283
2024-11-25 09:00,0,0,0,-2.693
2024-11-25 10:00,0,0,0,-2.978
2024-11-25 11:00,0,0,0,-3.407
2024-11-25 12:00,0,0,0,-4.377
2024-11-25 13:00,0,0,0,-5.735
2024-11-25 14:00,0,0,0,-7.041
2024-11-25 15:00,0,0,0,-8.033
2024-11-25 16:00,0,0,0,-8.673
2024-11-25 17:00,0,0,0,-9.175
2024-11-25 18:00,0,0,0,-9.659
2024-11-25 19:00,0,0,0,-10.107
2024-11-25 20:00,0,0,0,-10.574
2024-11-25 21:00,0,0,0,-11.062
2024-11-25 22:00,0,0,0,-11.462
2024-11-25 23:00,0.019,0.022,0.014,-11.689
2024-11-26 00:00,0.306,0.251,0.063,-10.540
2024-11-26 01:00,0.562,0.500,0.085,-9.334
2024-11-26 02:00,0.704,0.653,0.101,-8.445
2024-11-26 03:00,0.760,0.713,0.114,-7.780
2024-11-26 04:00,0.686,0.597,0.139,-7.466
2024-11-26 05:00,0.443,0.288,0.172,-7.571
2024-11-26 06:00,0.286,0.155,0.142,-7.928
2024-11-26 07:00,0.148,0.079,0.084,-8.558
2024-11-26 08:00,0.016,0.018,0.015,-9.478
2024-11-26 09:00,0,0,0,-10.355
2024-11-26 10:00,0,0,0,-11.111
2024-11-26 11:00,0,0,0,-11.560
2024-11-26 12:00,0,0,0,-11.820
2024-11-26 13:00,0,0,0,-11.884
2024-11-26 14:00,0,0,0,-11.821
2024-11-26 15:00,0,0,0,-11.865
2024-11-26 16:00,0,0,0,-12.073
2024-11-26 17:00,0,0,0,-12.322
2024-11-26 18:00,0,0,0,-12.483
2024-11-26 19:00,0,0,0,-12.596
2024-11-26 20:00,0,0,0,-12.635
2024-11-26 21:00,0,0,0,-12.646
2024-11-26 22:00,0,0,0,-12.586
2024-11-26 23:00,0.019,0.025,0.011,-12.413
2024-11-27 00:00,0.157,0.087,0.083,-11.443
2024-11-27 01:00,0.217,0.085,0.142,-10.388
2024-11-27 02:00,0.300,0.121,0.189,-9.425
2024-11-27 03:00,0.290,0.094,0.206,-8.827
2024-11-27 04:00,0.289,0.093,0.207,-8.471
2024-11-27 05:00,0.294,0.114,0.192,-8.086
2024-11-27 06:00,0.207,0.075,0.146,-8.095
2024-11-27 07:00,0.109,0.043,0.082,-8.510
2024-11-27 08:00,0.008,0.010,0.014,-9.219
2024-11-27 09:00,0,0,0,-9.512
2024-11-27 10:00,0,0,0,-9.404
2024-11-27 11:00,0,0,0,-9.289
2024-11-27 12:00,0,0,0,-9.213
2024-11-27 13:00,0,0,0,-9.110
2024-11-27 14:00,0,0,0,-8.965
2024-11-27 15:00,0,0,0,-8.943
2024-11-27 16:00,0,0,0,-9.032
2024-11-27 17:00,0,0,0,-9.050
2024-11-27 18:00,0,0,0,-9.016
2024-11-27 19:00,0,0,0,-8.970
2024-11-27 20:00,0,0,0,-8.961
2024-11-27 21:00,0,0,0,-8.869
2024-11-27 22:00,0,0,0,-8.732
2024-11-27 23:00,0.006,0.011,0.011,-8.676
2024-11-28 00:00,0.192,0.133,0.073,-8.018
2024-11-28 01:00,0.415,0.318,0.113,-6.958
2024-11-28 02:00,0.576,0.481,0.131,-5.832
2024-11-28 03:00,0.640,0.547,0.143,-4.998
2024-11-28 04:00,0.642,0.549,0.145,-4.498
2024-11-28 05:00,0.586,0.493,0.135,-4.192
2024-11-28 06:00,0.499,0.423,0.106,-4.100
2024-11-28 07:00,0.311,0.255,0.073,-4.471
2024-11-28 08:00,0.039,0.045,0.014,-5.731
2024-11-28 09:00,0,0,0,-7.073
2024-11-28 10:00,0,0,0,-7.753
2024-11-28 11:00,0,0,0,-8.218
2024-11-28 12:00,0,0,0,-8.362
2024-11-28 13:00,0,0,0,-8.363
2024-11-28 14:00,0,0,0,-8.245
2024-11-28 15:00,0,0,0,-7.783
2024-11-28 16:00,0,0,0,-7.752
2024-11-28 17:00,0,0,0,-7.630
2024-11-28 18:00,0,0,0,-7.161
2024-11-28 19:00,0,0,0,-6.818
2024-11-28 20:00,0,0,0,-6.780
2024-11-28 21:00,0,0,0,-6.711
2024-11-28 22:00,0,0,0,-5.618
2024-11-28 23:00,0.014,0.021,0.010,-3.942
2024-11-29 00:00,0.255,0.211,0.063,-2.028
2024-11-29 01:00,0.503,0.459,0.086,0.097
2024-11-29 02:00,0.650,0.629,0.098,1.770
2024-11-29 03:00,0.719,0.714,0.106,2.566
2024-11-29 04:00,0.726,0.724,0.106,2.866
2024-11-29 05:00,0.663,0.647,0.102,2.990
2024-11-29 06:00,0.533,0.497,0.090,2.785
2024-11-29 07:00,0.327,0.288,0.066,1.725
2024-11-29 08:00,0.042,0.049,0.013,-0.919
2024-11-29 09:00,0,0,0,-2.174
2024-11-29 10:00,0,0,0,-2.299
2024-11-29 11:00,0,0,0,-2.316
2024-11-29 12:00,0,0,0,-2.318
2024-11-29 13:00,0,0,0,-2.177
2024-11-29 14:00,0,0,0,-2.280
2024-11-29 15:00,0,0,0,-2.515
2024-11-29 16:00,0,0,0,-2.849
2024-11-29 17:00,0,0,0,-3.167
2024-11-29 18:00,0,0,0,-3.393
2024-11-29 19:00,0,0,0,-3.624
2024-11-29 20:00,0,0,0,-3.872
2024-11-29 21:00,0,0,0,-4.090
2024-11-29 22:00,0,0,0,-4.267
2024-11-29 23:00,0.016,0.025,0.009,-4.326
2024-11-30 00:00,0.257,0.214,0.062,-2.032
2024-11-30 01:00,0.490,0.444,0.088,0.616
2024-11-30 02:00,0.634,0.611,0.102,3.190
2024-11-30 03:00,0.710,0.711,0.107,4.525
2024-11-30 04:00,0.715,0.718,0.108,4.939
2024-11-30 05:00,0.655,0.645,0.102,5.091
2024-11-30 06:00,0.531,0.501,0.089,4.767
2024-11-30 07:00,0.329,0.292,0.065,2.877
2024-11-30 08:00,0.041,0.050,0.012,0.820
2024-11-30 09:00,0,0,0,0.090
2024-11-30 10:00,0,0,0,-0.250
2024-11-30 11:00,0,0,0,-0.799
2024-11-30 12:00,0,0,0,-1.511
2024-11-30 13:00,0,0,0,-2.065
2024-11-30 14:00,0,0,0,-2.334
2024-11-30 15:00,0,0,0,-2.424
2024-11-30 16:00,0,0,0,-2.569
2024-11-30 17:00,0,0,0,-2.723
2024-11-30 18:00,0,0,0,-2.800
2024-11-30 19:00,0,0,0,-2.754
2024-11-30 20:00,0,0,0,-2.893
2024-11-30 21:00,0,0,0,-3.056
2024-11-30 22:00,0,0,0,-3.128
2024-11-30 23:00,0,0.007,0.008,-3.171
2024-12-01 00:00,0.120,0.066,0.074,-2.058
2024-12-01 01:00,0.336,0.233,0.128,-0.244
2024-12-01 02:00,0.502,0.400,0.149,2.209
2024-12-01 03:00,0.571,0.477,0.161,4.367
2024-12-01 04:00,0.520,0.403,0.177,5.598
2024-12-01 05:00,0.409,0.277,0.174,5.894
2024-12-01 06:00,0.289,0.178,0.141,4.945
2024-12-01 07:00,0.085,0.036,0.072,2.478
2024-12-01 08:00,0,0.004,0.009,0.422
2024-12-01 09:00,0,0,0,-1.015
2024-12-01 10:00,0,0,0,-2.651
2024-12-01 11:00,0,0,0,-4.223
2024-12-01 12:00,0,0,0,-5.518
2024-12-01 13:00,0,0,0,-6.431
2024-12-01 14:00,0,0,0,-7.160
2024-12-01 15:00,0,0,0,-8.002
2024-12-01 16:00,0,0,0,-8.933
2024-12-01 17:00,0,0,0,-9.765
2024-12-01 18:00,0,0,0,-10.349
2024-12-01 19:00,0,0,0,-10.787
2024-12-01 20:00,0,0,0,-11.125
2024-12-01 21:00,0,0,0,-11.456
2024-12-01 22:00,0,0,0,-11.757
2024-12-01 23:00,0.021,0.029,0.009,-11.960
2024-12-02 00:00,0.321,0.278,0.051,-10.826
2024-12-02 01:00,0.572,0.526,0.070,-9.570
2024-12-02 02:00,0.722,0.694,0.082,-8.301
2024-12-02 03:00,0.794,0.784,0.089,-7.131
2024-12-02 04:00,0.796,0.790,0.090,-6.179
2024-12-02 05:00,0.732,0.716,0.085,-5.495
2024-12-02 06:00,0.599,0.566,0.075,-5.192
2024-12-02 07:00,0.386,0.348,0.056,-5.565
2024-12-02 08:00,0.053,0.061,0.010,-7.522
2024-12-02 09:00,0,0,0,-9.071
2024-12-02 10:00,0,0,0,-9.682
2024-12-02 11:00,0,0,0,-10.139
2024-12-02 12:00,0,0,0,-10.499
2024-12-02 13:00,0,0,0,-10.761
2024-12-02 14:00,0,0,0,-10.956
2024-12-02 15:00,0,0,0,-11.148
2024-12-02 16:00,0,0,0,-11.398
2024-12-02 17:00,0,0,0,-11.592
2024-12-02 18:00,0,0,0,-11.782
2024-12-02 19:00,0,0,0,-12.023
2024-12-02 20:00,0,0,0,-12.308
2024-12-02 21:00,0,0,0,-12.507
2024-12-02 22:00,0,0,0,-12.645
2024-12-02 23:00,0.019,0.028,0.008,-12.705
2024-12-03 00:00,0.306,0.261,0.052,-10.904
2024-12-03 01:00,0.560,0.514,0.072,-8.429
2024-12-03 02:00,0.711,0.688,0.083,-6.158
2024-12-03 03:00,0.781,0.778,0.090,-4.768
2024-12-03 04:00,0.782,0.783,0.091,-3.791
2024-12-03 05:00,0.717,0.705,0.087,-3.160
2024-12-03 06:00,0.575,0.540,0.078,-3.115
2024-12-03 07:00,0.360,0.321,0.058,-3.954
2024-12-03 08:00,0.043,0.052,0.010,-6.413
2024-12-03 09:00,0,0,0,-8.083
2024-12-03 10:00,0,0,0,-8.983
2024-12-03 11:00,0,0,0,-9.876
2024-12-03 12:00,0,0,0,-10.661
2024-12-03 13:00,0,0,0,-11.247
2024-12-03 14:00,0,0,0,-11.692
2024-12-03 15:00,0,0,0,-12.095
2024-12-03 16:00,0,0,0,-12.485
2024-12-03 17:00,0,0,0,-12.859
2024-12-03 18:00,0,0,0,-13.099
2024-12-03 19:00,0,0,0,-13.288
2024-12-03 20:00,0,0,0,-13.518
2024-12-03 21:00,0,0,0,-13.674
2024-12-03 22:00,0,0,0,-13.723
2024-12-03 23:00,0.019,0.029,0.007,-13.603
2024-12-04 00:00,0.311,0.268,0.051,-11.181
2024-12-04 01:00,0.561,0.516,0.071,-8.374
2024-12-04 02:00,0.706,0.686,0.083,-5.187
2024-12-04 03:00,0.770,0.772,0.090,-2.994
2024-12-04 04:00,0.772,0.778,0.091,-1.841
2024-12-04 05:00,0.709,0.703,0.087,-1.333
2024-12-04 06:00,0.579,0.553,0.076,-1.441
2024-12-04 07:00,0.368,0.334,0.056,-2.460
2024-12-04 08:00,0.045,0.055,0.010,-5.308
2024-12-04 09:00,0,0,0,-7.021
2024-12-04 10:00,0,0,0,-7.777
2024-12-04 11:00,0,0,0,-8.534
2024-12-04 12:00,0,0,0,-9.134
2024-12-04 13:00,0,0,0,-9.553
2024-12-04 14:00,0,0,0,-9.728
2024-12-04 15:00,0,0,0,-9.965
2024-12-04 16:00,0,0,0,-10.273
2024-12-04 17:00,0,0,0,-10.565
2024-12-04 18:00,0,0,0,-10.907
2024-12-04 19:00,0,0,0,-11.182
2024-12-04 20:00,0,0,0,-11.310
2024-12-04 21:00,0,0,0,-11.410
2024-12-04 22:00,0,0,0,-11.289
2024-12-04 23:00,0.010,0.019,0.007,-11.045
2024-12-05 00:00,0.274,0.230,0.055,-8.701
2024-12-05 01:00,0.532,0.485,0.076,-6.034
2024-12-05 02:00,0.685,0.659,0.088,-4.560
2024-12-05 03:00,0.761,0.753,0.093,-3.848
2024-12-05 04:00,0.766,0.760,0.094,-3.540
2024-12-05 05:00,0.707,0.688,0.089,-3.483
2024-12-05 06:00,0.574,0.538,0.078,-3.823
2024-12-05 07:00,0.359,0.320,0.057,-4.720
2024-12-05 08:00,0.039,0.049,0.009,-6.394
2024-12-05 09:00,0,0,0,-7.715
2024-12-05 10:00,0,0,0,-8.564
2024-12-05 11:00,0,0,0,-9.269
2024-12-05 12:00,0,0,0,-9.842
2024-12-05 13:00,0,0,0,-10.446
2024-12-05 14:00,0,0,0,-11.033
2024-12-05 15:00,0,0,0,-11.564
2024-12-05 16:00,0,0,0,-12.111
2024-12-05 17:00,0,0,0,-12.699
2024-12-05 18:00,0,0,0,-13.200
2024-12-05 19:00,0,0,0,-13.592
2024-12-05 20:00,0,0,0,-13.906
2024-12-05 21:00,0,0,0,-14.093
2024-12-05 22:00,0,0,0,-14.154
2024-12-05 23:00,0.014,0.023,0.007,-14.078
2024-12-06 00:00,0.292,0.244,0.055,-12.047
2024-12-06 01:00,0.543,0.484,0.079,-9.822
2024-12-06 02:00,0.692,0.648,0.092,-8.150
2024-12-06 03:00,0.756,0.723,0.102,-7.187
2024-12-06 04:00,0.729,0.681,0.112,-6.653
2024-12-06 05:00,0.636,0.566,0.114,-6.429
2024-12-06 06:00,0.412,0.315,0.115,-6.592
2024-12-06 07:00,0.154,0.096,0.074,-7.136
2024-12-06 08:00,0.006,0.013,0.010,-8.300
2024-12-06 09:00,0,0,0,-9.485
2024-12-06 10:00,0,0,0,-9.930
2024-12-06 11:00,0,0,0,-10.192
2024-12-06 12:00,0,0,0,-10.775
2024-12-06 13:00,0,0,0,-11.371
2024-12-06 14:00,0,0,0,-11.875
2024-12-06 15:00,0,0,0,-12.202
2024-12-06 16:00,0,0,0,-12.346
2024-12-06 17:00,0,0,0,-12.668
2024-12-06 18:00,0,0,0,-12.968
2024-12-06 19:00,0,0,0,-13.071
2024-12-06 20:00,0,0,0,-13.094
2024-12-06 21:00,0,0,0,-13.332
2024-12-06 22:00,0,0,0,-13.764
2024-12-06 23:00,0.010,0.019,0.007,-14.129
2024-12-07 00:00,0.286,0.238,0.053,-13.250
2024-12-07 01:00,0.543,0.483,0.076,-11.482
2024-12-07 02:00,0.697,0.655,0.088,-9.461
2024-12-07 03:00,0.774,0.752,0.093,-7.623
2024-12-07 04:00,0.775,0.760,0.093,-6.155
2024-12-07 05:00,0.709,0.685,0.088,-5.151
2024-12-07 06:00,0.571,0.531,0.078,-4.730
2024-12-07 07:00,0.349,0.308,0.057,-5.327
2024-12-07 08:00,0.034,0.044,0.009,-7.445
2024-12-07 09:00,0,0,0,-8.788
2024-12-07 10:00,0,0,0,-9.474
2024-12-07 11:00,0,0,0,-9.942
2024-12-07 12:00,0,0,0,-10.247
2024-12-07 13:00,0,0,0,-10.482
2024-12-07 14:00,0,0,0,-10.666
2024-12-07 15:00,0,0,0,-10.834
2024-12-07 16:00,0,0,0,-11.017
2024-12-07 17:00,0,0,0,-11.181
2024-12-07 18:00,0,0,0,-11.314
2024-12-07 19:00,0,0,0,-11.443
2024-12-07 20:00,0,0,0,-11.574
2024-12-07 21:00,0,0,0,-11.677
2024-12-07 22:00,0,0,0,-11.596
2024-12-07 23:00,0.009,0.019,0.006,-11.538
2024-12-08 00:00,0.274,0.230,0.054,-9.754
2024-12-08 01:00,0.520,0.466,0.078,-7.368
2024-12-08 02:00,0.666,0.630,0.092,-4.597
2024-12-08 03:00,0.736,0.722,0.098,-2.365
2024-12-08 04:00,0.736,0.727,0.099,-1.000
2024-12-08 05:00,0.672,0.653,0.094,-0.232
2024-12-08 06:00,0.537,0.501,0.082,-0.140
2024-12-08 07:00,0.324,0.287,0.059,-1.357
2024-12-08 08:00,0.029,0.039,0.009,-4.291
2024-12-08 09:00,0,0,0,-5.689
2024-12-08 10:00,0,0,0,-6.712
2024-12-08 11:00,0,0,0,-7.707
2024-12-08 12:00,0,0,0,-8.665
2024-12-08 13:00,0,0,0,-9.526
2024-12-08 14:00,0,0,0,-10.223
2024-12-08 15:00,0,0,0,-10.766
2024-12-08 16:00,0,0,0,-11.216
2024-12-08 17:00,0,0,0,-11.619
2024-12-08 18:00,0,0,0,-11.910
2024-12-08 19:00,0,0,0,-12.189
2024-12-08 20:00,0,0,0,-12.528
2024-12-08 21:00,0,0,0,-12.873
2024-12-08 22:00,0,0,0,-13.183
2024-12-08 23:00,0.012,0.022,0.006,-13.324
2024-12-09 00:00,0.306,0.264,0.049,-11.113
2024-12-09 01:00,0.557,0.513,0.070,-8.356
2024-12-09 02:00,0.703,0.682,0.082,-5.662
2024-12-09 03:00,0.769,0.773,0.088,-2.790
2024-12-09 04:00,0.763,0.773,0.090,-0.935
2024-12-09 05:00,0.696,0.692,0.086,-0.177
2024-12-09 06:00,0.557,0.531,0.076,-0.181
2024-12-09 07:00,0.335,0.301,0.056,-1.622
2024-12-09 08:00,0.028,0.039,0.009,-4.877
2024-12-09 09:00,0,0,0,-6.352
2024-12-09 10:00,0,0,0,-7.067
2024-12-09 11:00,0,0,0,-7.686
2024-12-09 12:00,0,0,0,-8.210
2024-12-09 13:00,0,0,0,-8.617
2024-12-09 14:00,0,0,0,-8.892
2024-12-09 15:00,0,0,0,-9.166
2024-12-09 16:00,0,0,0,-9.446
2024-12-09 17:00,0,0,0,-9.784
2024-12-09 18:00,0,0,0,-10.152
2024-12-09 19:00,0,0,0,-10.474
2024-12-09 20:00,0,0,0,-10.695
2024-12-09 21:00,0,0,0,-10.844
2024-12-09 22:00,0,0,0,-10.904
2024-12-09 23:00,0.005,0.014,0.006,-10.811
2024-12-10 00:00,0.242,0.196,0.058,-8.818
2024-12-10 01:00,0.483,0.418,0.087,-6.480
2024-12-10 02:00,0.621,0.565,0.105,-4.023
2024-12-10 03:00,0.676,0.625,0.118,-2.567
2024-12-10 04:00,0.669,0.614,0.122,-1.949
2024-12-10 05:00,0.599,0.536,0.116,-1.784
2024-12-10 06:00,0.486,0.424,0.095,-2.081
2024-12-10 07:00,0.277,0.231,0.065,-3.107
2024-12-10 08:00,0.017,0.026,0.009,-5.706
2024-12-10 09:00,0,0,0,-7.183
2024-12-10 10:00,0,0,0,-7.750
2024-12-10 11:00,0,0,0,-8.116
2024-12-10 12:00,0,0,0,-8.440
2024-12-10 13:00,0,0,0,-8.937
2024-12-10 14:00,0,0,0,-9.516
2024-12-10 15:00,0,0,0,-10.064
2024-12-10 16:00,0,0,0,-10.607
2024-12-10 17:00,0,0,0,-11.089
2024-12-10 18:00,0,0,0,-11.607
2024-12-10 19:00,0,0,0,-12.258
2024-12-10 20:00,0,0,0,-12.867
2024-12-10 21:00,0,0,0,-13.362
2024-12-10 22:00,0,0,0,-13.694
2024-12-10 23:00,0.002,0.011,0.006,-13.776
2024-12-11 00:00,0.211,0.158,0.062,-11.855
2024-12-11 01:00,0.451,0.366,0.098,-9.477
2024-12-11 02:00,0.579,0.486,0.123,-7.654
2024-12-11 03:00,0.629,0.533,0.139,-6.447
2024-12-11 04:00,0.630,0.535,0.140,-5.594
2024-12-11 05:00,0.551,0.450,0.135,-5.102
2024-12-11 06:00,0.386,0.286,0.118,-5.053
2024-12-11 07:00,0.168,0.111,0.073,-5.797
2024-12-11 08:00,0.006,0.013,0.009,-8.212
2024-12-11 09:00,0,0,0,-9.439
2024-12-11 10:00,0,0,0,-10.188
2024-12-11 11:00,0,0,0,-10.644
2024-12-11 12:00,0,0,0,-10.688
2024-12-11 13:00,0,0,0,-10.464
2024-12-11 14:00,0,0,0,-10.246
2024-12-11 15:00,0,0,0,-10.513
2024-12-11 16:00,0,0,0,-11.041
2024-12-11 17:00,0,0,0,-11.381
2024-12-11 18:00,0,0,0,-11.550
2024-12-11 19:00,0,0,0,-11.736
2024-12-11 20:00,0,0,0,-11.969
2024-12-11 21:00,0,0,0,-11.859
2024-12-11 22:00,0,0,0,-11.481
2024-12-11 23:00,0,0.004,0.005,-11.394
2024-12-12 00:00,0.131,0.079,0.066,-10.351
2024-12-12 01:00,0.340,0.233,0.119,-8.076
2024-12-12 02:00,0.491,0.369,0.146,-6.031
2024-12-12 03:00,0.603,0.499,0.149,-4.531
2024-12-12 04:00,0.595,0.488,0.152,-3.588
2024-12-12 05:00,0.428,0.290,0.163,-3.135
2024-12-12 06:00,0.264,0.149,0.133,-3.140
2024-12-12 07:00,0.114,0.062,0.072,-3.952
2024-12-12 08:00,0,0.007,0.008,-6.249
2024-12-12 09:00,0,0,0,-7.464
2024-12-12 10:00,0,0,0,-8.257
2024-12-12 11:00,0,0,0,-8.887
2024-12-12 12:00,0,0,0,-9.426
2024-12-12 13:00,0,0,0,-10.003
2024-12-12 14:00,0,0,0,-10.507
2024-12-12 15:00,0,0,0,-10.910
2024-12-12 16:00,0,0,0,-11.303
2024-12-12 17:00,0,0,0,-11.612
2024-12-12 18:00,0,0,0,-11.835
2024-12-12 19:00,0,0,0,-12.001
2024-12-12 20:00,0,0,0,-12.119
2024-12-12 21:00,0,0,0,-12.241
2024-12-12 22:00,0,0,0,-12.352
2024-12-12 23:00,0,0.008,0.006,-12.307
2024-12-13 00:00,0.194,0.146,0.060,-10.697
2024-12-13 01:00,0.485,0.416,0.085,-8.906
2024-12-13 02:00,0.669,0.624,0.092,-7.425
2024-12-13 03:00,0.745,0.715,0.098,-6.359
2024-12-13 04:00,0.751,0.726,0.098,-5.686
2024-12-13 05:00,0.686,0.652,0.093,-5.328
2024-12-13 06:00,0.544,0.496,0.081,-5.432
2024-12-13 07:00,0.319,0.276,0.058,-6.156
2024-12-13 08:00,0.023,0.033,0.008,-8.150
2024-12-13 09:00,0,0,0,-9.455
2024-12-13 10:00,0,0,0,-10.093
2024-12-13 11:00,0,0,0,-10.699
2024-12-13 12:00,0,0,0,-11.288
2024-12-13 13:00,0,0,0,-11.738
2024-12-13 14:00,0,0,0,-12.075
2024-12-13 15:00,0,0,0,-12.291
2024-12-13 16:00,0,0,0,-12.504
2024-12-13 17:00,0,0,0,-12.747
2024-12-13 18:00,0,0,0,-13.052
2024-12-13 19:00,0,0,0,-13.362
2024-12-13 20:00,0,0,0,-13.668
2024-12-13 21:00,0,0,0,-14.010
2024-12-13 22:00,0,0,0,-14.360
2024-12-13 23:00,0.006,0.015,0.005,-14.597
2024-12-14 00:00,0.289,0.245,0.050,-12.824
2024-12-14 01:00,0.546,0.493,0.072,-10.617
2024-12-14 02:00,0.698,0.664,0.084,-8.249
2024-12-14 03:00,0.765,0.749,0.091,-6.253
2024-12-14 04:00,0.766,0.756,0.091,-4.931
2024-12-14 05:00,0.699,0.679,0.086,-4.280
2024-12-14 06:00,0.557,0.518,0.076,-4.271
2024-12-14 07:00,0.325,0.286,0.055,-5.109
2024-12-14 08:00,0.023,0.033,0.008,-7.083
2024-12-14 09:00,0,0,0,-8.154
2024-12-14 10:00,0,0,0,-8.807
2024-12-14 11:00,0,0,0,-9.352
2024-12-14 12:00,0,0,0,-9.686
2024-12-14 13:00,0,0,0,-9.800
2024-12-14 14:00,0,0,0,-9.953
2024-12-14 15:00,0,0,0,-10.341
2024-12-14 16:00,0,0,0,-10.821
2024-12-14 17:00,0,0,0,-11.281
2024-12-14 18:00,0,0,0,-11.713
2024-12-14 19:00,0,0,0,-12.210
2024-12-14 20:00,0,0,0,-12.521
2024-12-14 21:00,0,0,0,-12.667
2024-12-14 22:00,0,0,0,-12.688
2024-12-14 23:00,0.005,0.015,0.005,-12.597
2024-12-15 00:00,0.277,0.235,0.051,-10.439
2024-12-15 01:00,0.522,0.469,0.076,-7.795
2024-12-15 02:00,0.667,0.631,0.090,-5.421
2024-12-15 03:00,0.728,0.702,0.100,-4.040
2024-12-15 04:00,0.724,0.698,0.102,-3.365
2024-12-15 05:00,0.669,0.639,0.094,-2.968
2024-12-15 06:00,0.532,0.488,0.081,-3.016
2024-12-15 07:00,0.305,0.265,0.058,-3.858
2024-12-15 08:00,0.020,0.030,0.008,-6.544
2024-12-15 09:00,0,0,0,-7.961
2024-12-15 10:00,0,0,0,-8.620
2024-12-15 11:00,0,0,0,-9.125
2024-12-15 12:00,0,0,0,-9.533
2024-12-15 13:00,0,0,0,-9.896
2024-12-15 14:00,0,0,0,-10.056
2024-12-15 15:00,0,0,0,-9.950
2024-12-15 16:00,0,0,0,-9.792
2024-12-15 17:00,0,0,0,-9.835
2024-12-15 18:00,0,0,0,-10.229
2024-12-15 19:00,0,0,0,-10.717
2024-12-15 20:00,0,0,0,-10.978
2024-12-15 21:00,0,0,0,-11.299
2024-12-15 22:00,0,0,0,-11.598
2024-12-15 23:00,0.003,0.012,0.005,-11.834
2024-12-16 00:00,0.246,0.201,0.055,-9.835
2024-12-16 01:00,0.498,0.440,0.081,-7.072
2024-12-16 02:00,0.650,0.609,0.095,-4.542
2024-12-16 03:00,0.724,0.699,0.101,-3.506
2024-12-16 04:00,0.722,0.694,0.103,-3.263
2024-12-16 05:00,0.635,0.586,0.104,-3.396
2024-12-16 06:00,0.466,0.397,0.096,-3.896
2024-12-16 07:00,0.274,0.229,0.061,-4.936
2024-12-16 08:00,0.019,0.028,0.008,-7.386
2024-12-16 09:00,0,0,0,-9.150
2024-12-16 10:00,0,0,0,-10.139
2024-12-16 11:00,0,0,0,-10.910
2024-12-16 12:00,0,0,0,-11.522
2024-12-16 13:00,0,0,0,-12.012
2024-12-16 14:00,0,0,0,-12.390
2024-12-16 15:00,0,0,0,-12.669
2024-12-16 16:00,0,0,0,-12.870
2024-12-16 17:00,0,0,0,-13.101
2024-12-16 18:00,0,0,0,-13.398
2024-12-16 19:00,0,0,0,-13.723
2024-12-16 20:00,0,0,0,-14.085
2024-12-16 21:00,0,0,0,-14.318
2024-12-16 22:00,0,0,0,-14.370
2024-12-16 23:00,0.005,0.015,0.005,-14.279
2024-12-17 00:00,0.288,0.244,0.050,-12.948
2024-12-17 01:00,0.541,0.485,0.073,-10.908
2024-12-17 02:00,0.691,0.651,0.086,-8.997
2024-12-17 03:00,0.768,0.745,0.091,-7.891
2024-12-17 04:00,0.769,0.747,0.092,-7.531
2024-12-17 05:00,0.703,0.669,0.088,-7.482
2024-12-17 06:00,0.543,0.488,0.080,-7.805
2024-12-17 07:00,0.314,0.268,0.056,-8.641
2024-12-17 08:00,0.021,0.031,0.007,-10.390
2024-12-17 09:00,0,0,0,-11.780
2024-12-17 10:00,0,0,0,-12.233
2024-12-17 11:00,0,0,0,-12.337
2024-12-17 12:00,0,0,0,-12.539
2024-12-17 13:00,0,0,0,-12.820
2024-12-17 14:00,0,0,0,-13.202
2024-12-17 15:00,0,0,0,-13.438
2024-12-17 16:00,0,0,0,-13.824
2024-12-17 17:00,0,0,0,-14.206
2024-12-17 18:00,0,0,0,-14.586
2024-12-17 19:00,0,0,0,-14.946
2024-12-17 20:00,0,0,0,-15.273
2024-12-17 21:00,0,0,0,-15.497
2024-12-17 22:00,0,0,0,-15.578
2024-12-17 23:00,0.004,0.014,0.005,-15.542
2024-12-18 00:00,0.283,0.237,0.050,-14.279
2024-12-18 01:00,0.540,0.481,0.074,-12.074
2024-12-18 02:00,0.694,0.651,0.086,-9.737
2024-12-18 03:00,0.762,0.736,0.093,-7.954
2024-12-18 04:00,0.765,0.744,0.093,-6.771
2024-12-18 05:00,0.699,0.670,0.087,-6.128
2024-12-18 06:00,0.556,0.512,0.076,-5.993
2024-12-18 07:00,0.323,0.282,0.055,-6.762
2024-12-18 08:00,0.022,0.033,0.007,-9.392
2024-12-18 09:00,0,0,0,-10.918
2024-12-18 10:00,0,0,0,-11.627
2024-12-18 11:00,0,0,0,-12.222
2024-12-18 12:00,0,0,0,-12.741
2024-12-18 13:00,0,0,0,-13.120
2024-12-18 14:00,0,0,0,-13.353
2024-12-18 15:00,0,0,0,-13.475
2024-12-18 16:00,0,0,0,-13.517
2024-12-18 17:00,0,0,0,-13.530
2024-12-18 18:00,0,0,0,-13.555
2024-12-18 19:00,0,0,0,-13.554
2024-12-18 20:00,0,0,0,-13.163
2024-12-18 21:00,0,0,0,-12.676
2024-12-18 22:00,0,0,0,-12.556
2024-12-18 23:00,0.002,0.011,0.005,-12.955
2024-12-19 00:00,0.160,0.103,0.069,-11.723
2024-12-19 01:00,0.245,0.123,0.133,-8.989
2024-12-19 02:00,0.276,0.112,0.177,-7.222
2024-12-19 03:00,0.272,0.091,0.196,-5.452
2024-12-19 04:00,0.244,0.071,0.190,-3.958
2024-12-19 05:00,0.191,0.049,0.161,-3.114
2024-12-19 06:00,0.108,0.022,0.106,-3.062
2024-12-19 07:00,0.030,0.006,0.042,-4.114
2024-12-19 08:00,0,0.001,0.004,-5.273
2024-12-19 09:00,0,0,0,-5.853
2024-12-19 10:00,0,0,0,-6.376
2024-12-19 11:00,0,0,0,-6.719
2024-12-19 12:00,0,0,0,-6.820
2024-12-19 13:00,0,0,0,-6.834
2024-12-19 14:00,0,0,0,-6.974
2024-12-19 15:00,0,0,0,-7.266
2024-12-19 16:00,0,0,0,-7.663
2024-12-19 17:00,0,0,0,-8.114
2024-12-19 18:00,0,0,0,-8.631
2024-12-19 19:00,0,0,0,-9.202
2024-12-19 20:00,0,0,0,-9.888
2024-12-19 21:00,0,0,0,-10.476
2024-12-19 22:00,0,0,0,-10.876
2024-12-19 23:00,0,0.001,0.003,-11.118
2024-12-20 00:00,0.039,0.010,0.047,-10.781
2024-12-20 01:00,0.124,0.029,0.111,-10.050
2024-12-20 02:00,0.205,0.054,0.163,-9.221
2024-12-20 03:00,0.259,0.076,0.194,-8.677
2024-12-20 04:00,0.255,0.073,0.194,-8.508
2024-12-20 05:00,0.177,0.037,0.154,-8.744
2024-12-20 06:00,0.092,0.014,0.095,-9.302
2024-12-20 07:00,0.029,0.005,0.042,-9.992
2024-12-20 08:00,0,0.001,0.004,-10.669
2024-12-20 09:00,0,0,0,-10.982
2024-12-20 10:00,0,0,0,-11.105
2024-12-20 11:00,0,0,0,-11.273
2024-12-20 12:00,0,0,0,-11.465
2024-12-20 13:00,0,0,0,-11.785
2024-12-20 14:00,0,0,0,-12.204
2024-12-20 15:00,0,0,0,-12.229
2024-12-20 16:00,0,0,0,-12.685
2024-12-20 17:00,0,0,0,-13.439
2024-12-20 18:00,0,0,0,-13.802
2024-12-20 19:00,0,0,0,-13.906
2024-12-20 20:00,0,0,0,-13.945
2024-12-20 21:00,0,0,0,-13.828
2024-12-20 22:00,0,0,0,-13.364
2024-12-20 23:00,0,0.007,0.006,-13.034
2024-12-21 00:00,0.214,0.166,0.058,-11.656
2024-12-21 01:00,0.413,0.325,0.099,-9.812
2024-12-21 02:00,0.600,0.523,0.109,-8.073
2024-12-21 03:00,0.719,0.675,0.105,-6.608
2024-12-21 04:00,0.738,0.708,0.101,-5.505
2024-12-21 05:00,0.671,0.633,0.095,-4.933
2024-12-21 06:00,0.527,0.475,0.083,-5.004
2024-12-21 07:00,0.296,0.253,0.058,-5.821
2024-12-21 08:00,0.018,0.028,0.007,-7.621
2024-12-21 09:00,0,0,0,-8.727
2024-12-21 10:00,0,0,0,-9.229
2024-12-21 11:00,0,0,0,-9.703
2024-12-21 12:00,0,0,0,-10.130
2024-12-21 13:00,0,0,0,-10.413
2024-12-21 14:00,0,0,0,-10.560
2024-12-21 15:00,0,0,0,-10.741
2024-12-21 16:00,0,0,0,-10.983
2024-12-21 17:00,0,0,0,-11.368
2024-12-21 18:00,0,0,0,-11.661
2024-12-21 19:00,0,0,0,-11.844
2024-12-21 20:00,0,0,0,-12.037
2024-12-21 21:00,0,0,0,-12.213
2024-12-21 22:00,0,0,0,-12.392
2024-12-21 23:00,0.004,0.014,0.005,-12.497
2024-12-22 00:00,0.294,0.253,0.049,-10.968
2024-12-22 01:00,0.544,0.496,0.071,-8.578
2024-12-22 02:00,0.689,0.663,0.084,-5.791
2024-12-22 03:00,0.753,0.750,0.090,-2.964
2024-12-22 04:00,0.746,0.749,0.092,-0.919
2024-12-22 05:00,0.674,0.664,0.088,0.102
2024-12-22 06:00,0.529,0.497,0.078,0.137
2024-12-22 07:00,0.298,0.263,0.056,-1.623
2024-12-22 08:00,0.019,0.029,0.007,-4.561
2024-12-22 09:00,0,0,0,-6.218
2024-12-22 10:00,0,0,0,-7.549
2024-12-22 11:00,0,0,0,-8.730
2024-12-22 12:00,0,0,0,-9.725
2024-12-22 13:00,0,0,0,-10.545
2024-12-22 14:00,0,0,0,-11.194
2024-12-22 15:00,0,0,0,-11.723
2024-12-22 16:00,0,0,0,-12.179
2024-12-22 17:00,0,0,0,-12.526
2024-12-22 18:00,0,0,0,-12.745
2024-12-22 19:00,0,0,0,-12.926
2024-12-22 20:00,0,0,0,-13.098
2024-12-22 21:00,0,0,0,-13.078
2024-12-22 22:00,0,0,0,-12.865
2024-12-22 23:00,0.003,0.014,0.005,-12.659
2024-12-23 00:00,0.279,0.236,0.051,-11.011
2024-12-23 01:00,0.526,0.472,0.076,-8.553
2024-12-23 02:00,0.673,0.636,0.089,-6.223
2024-12-23 03:00,0.738,0.716,0.097,-4.627
2024-12-23 04:00,0.743,0.727,0.096,-3.693
2024-12-23 05:00,0.680,0.655,0.090,-3.272
2024-12-23 06:00,0.538,0.496,0.079,-3.472
2024-12-23 07:00,0.306,0.268,0.056,-4.623
2024-12-23 08:00,0.021,0.031,0.007,-7.799
2024-12-23 09:00,0,0,0,-9.377
2024-12-23 10:00,0,0,0,-10.141
2024-12-23 11:00,0,0,0,-10.763
2024-12-23 12:00,0,0,0,-11.278
2024-12-23 13:00,0,0,0,-11.694
2024-12-23 14:00,0,0,0,-12.019
2024-12-23 15:00,0,0,0,-12.306
2024-12-23 16:00,0,0,0,-12.604
2024-12-23 17:00,0,0,0,-12.816
2024-12-23 18:00,0,0,0,-12.923
2024-12-23 19:00,0,0,0,-12.936
2024-12-23 20:00,0,0,0,-12.848
2024-12-23 21:00,0,0,0,-12.401
2024-12-23 22:00,0,0,0,-11.472
2024-12-23 23:00,0,0.005,0.005,-11.475
2024-12-24 00:00,0.184,0.131,0.065,-10.193
2024-12-24 01:00,0.310,0.198,0.124,-7.516
2024-12-24 02:00,0.307,0.151,0.171,-5.737
2024-12-24 03:00,0.245,0.079,0.183,-4.007
2024-12-24 04:00,0.290,0.116,0.193,-2.290
2024-12-24 05:00,0.336,0.184,0.175,-0.977
2024-12-24 06:00,0.290,0.179,0.133,-0.605
2024-12-24 07:00,0.118,0.066,0.073,-2.104
2024-12-24 08:00,0,0.006,0.007,-4.712
2024-12-24 09:00,0,0,0,-6.177
2024-12-24 10:00,0,0,0,-7.193
2024-12-24 11:00,0,0,0,-8.214
2024-12-24 12:00,0,0,0,-9.090
2024-12-24 13:00,0,0,0,-9.702
2024-12-24 14:00,0,0,0,-10.038
2024-12-24 15:00,0,0,0,-10.227
2024-12-24 16:00,0,0,0,-10.474
2024-12-24 17:00,0,0,0,-10.776
2024-12-24 18:00,0,0,0,-11.095
2024-12-24 19:00,0,0,0,-11.384
2024-12-24 20:00,0,0,0,-11.607
2024-12-24 21:00,0,0,0,-11.569
2024-12-24 22:00,0,0,0,-11.580
2024-12-24 23:00,0,0.005,0.005,-11.657
2024-12-25 00:00,0.207,0.159,0.059,-9.913
2024-12-25 01:00,0.461,0.389,0.091,-7.292
2024-12-25 02:00,0.620,0.557,0.106,-5.977
2024-12-25 03:00,0.693,0.639,0.114,-5.623
2024-12-25 04:00,0.685,0.624,0.118,-5.731
2024-12-25 05:00,0.608,0.533,0.114,-6.287
2024-12-25 06:00,0.452,0.370,0.100,-7.120
2024-12-25 07:00,0.219,0.165,0.067,-8.295
2024-12-25 08:00,0.008,0.017,0.008,-9.897
2024-12-25 09:00,0,0,0,-11.241
2024-12-25 10:00,0,0,0,-12.271
2024-12-25 11:00,0,0,0,-12.986
2024-12-25 12:00,0,0,0,-13.322
2024-12-25 13:00,0,0,0,-13.375
2024-12-25 14:00,0,0,0,-13.401
2024-12-25 15:00,0,0,0,-13.590
2024-12-25 16:00,0,0,0,-13.881
2024-12-25 17:00,0,0,0,-14.263
2024-12-25 18:00,0,0,0,-14.441
2024-12-25 19:00,0,0,0,-14.483
2024-12-25 20:00,0,0,0,-14.521
2024-12-25 21:00,0,0,0,-14.656
2024-12-25 22:00,0,0,0,-14.810
2024-12-25 23:00,0.004,0.014,0.005,-14.946
2024-12-26 00:00,0.285,0.239,0.051,-13.476
2024-12-26 01:00,0.536,0.476,0.076,-11.283
2024-12-26 02:00,0.685,0.641,0.089,-9.102
2024-12-26 03:00,0.754,0.725,0.095,-7.578
2024-12-26 04:00,0.752,0.725,0.097,-6.663
2024-12-26 05:00,0.681,0.642,0.092,-6.282
2024-12-26 06:00,0.530,0.476,0.081,-6.435
2024-12-26 07:00,0.288,0.243,0.058,-7.286
2024-12-26 08:00,0.017,0.027,0.008,-9.627
2024-12-26 09:00,0,0,0,-11.102
2024-12-26 10:00,0,0,0,-11.829
2024-12-26 11:00,0,0,0,-12.393
2024-12-26 12:00,0,0,0,-12.845
2024-12-26 13:00,0,0,0,-13.195
2024-12-26 14:00,0,0,0,-13.475
2024-12-26 15:00,0,0,0,-13.672
2024-12-26 16:00,0,0,0,-13.889
2024-12-26 17:00,0,0,0,-14.114
2024-12-26 18:00,0,0,0,-14.347
2024-12-26 19:00,0,0,0,-14.594
2024-12-26 20:00,0,0,0,-14.831
2024-12-26 21:00,0,0,0,-15.175
2024-12-26 22:00,0,0,0,-15.487
2024-12-26 23:00,0.004,0.013,0.005,-15.632
2024-12-27 00:00,0.291,0.244,0.051,-14.151
2024-12-27 01:00,0.543,0.482,0.075,-11.973
2024-12-27 02:00,0.692,0.646,0.088,-9.992
2024-12-27 03:00,0.769,0.742,0.092,-8.796
2024-12-27 04:00,0.766,0.738,0.094,-8.225
2024-12-27 05:00,0.693,0.651,0.091,-8.201
2024-12-27 06:00,0.538,0.480,0.081,-8.624
2024-12-27 07:00,0.298,0.251,0.057,-9.487
2024-12-27 08:00,0.021,0.030,0.008,-10.929
2024-12-27 09:00,0,0,0,-11.875
2024-12-27 10:00,0,0,0,-12.232
2024-12-27 11:00,0,0,0,-12.346
2024-12-27 12:00,0,0,0,-12.288
2024-12-27 13:00,0,0,0,-12.262
2024-12-27 14:00,0,0,0,-12.711
2024-12-27 15:00,0,0,0,-13.032
2024-12-27 16:00,0,0,0,-13.470
2024-12-27 17:00,0,0,0,-14.114
2024-12-27 18:00,0,0,0,-14.495
2024-12-27 19:00,0,0,0,-14.746
2024-12-27 20:00,0,0,0,-14.906
2024-12-27 21:00,0,0,0,-15.000
2024-12-27 22:00,0,0,0,-14.942
2024-12-27 23:00,0.002,0.011,0.005,-14.707
2024-12-28 00:00,0.234,0.185,0.058,-12.711
2024-12-28 01:00,0.471,0.393,0.090,-10.199
2024-12-28 02:00,0.623,0.555,0.106,-7.606
2024-12-28 03:00,0.708,0.661,0.109,-5.691
2024-12-28 04:00,0.714,0.675,0.108,-4.607
2024-12-28 05:00,0.652,0.607,0.100,-4.113
2024-12-28 06:00,0.507,0.451,0.087,-4.216
2024-12-28 07:00,0.270,0.224,0.061,-5.344
2024-12-28 08:00,0.015,0.024,0.008,-8.295
2024-12-28 09:00,0,0,0,-9.953
2024-12-28 10:00,0,0,0,-10.741
2024-12-28 11:00,0,0,0,-11.306
2024-12-28 12:00,0,0,0,-11.709
2024-12-28 13:00,0,0,0,-11.959
2024-12-28 14:00,0,0,0,-12.041
2024-12-28 15:00,0,0,0,-12.398
2024-12-28 16:00,0,0,0,-13.083
2024-12-28 17:00,0,0,0,-13.535
2024-12-28 18:00,0,0,0,-13.855
2024-12-28 19:00,0,0,0,-14.188
2024-12-28 20:00,0,0,0,-14.475
2024-12-28 21:00,0,0,0,-14.659
2024-12-28 22:00,0,0,0,-14.787
2024-12-28 23:00,0.002,0.010,0.005,-14.626
2024-12-29 00:00,0.186,0.133,0.063,-12.342
2024-12-29 01:00,0.337,0.230,0.116,-9.746
2024-12-29 02:00,0.399,0.256,0.158,-7.537
2024-12-29 03:00,0.448,0.293,0.178,-5.133
2024-12-29 04:00,0.534,0.410,0.161,-3.025
2024-12-29 05:00,0.615,0.557,0.114,-1.766
2024-12-29 06:00,0.492,0.435,0.093,-1.582
2024-12-29 07:00,0.254,0.206,0.065,-3.473
2024-12-29 08:00,0.013,0.021,0.008,-6.659
2024-12-29 09:00,0,0,0,-8.186
2024-12-29 10:00,0,0,0,-9.138
2024-12-29 11:00,0,0,0,-9.991
2024-12-29 12:00,0,0,0,-10.621
2024-12-29 13:00,0,0,0,-11.031
2024-12-29 14:00,0,0,0,-11.306
2024-12-29 15:00,0,0,0,-11.573
2024-12-29 16:00,0,0,0,-11.890
2024-12-29 17:00,0,0,0,-12.213
2024-12-29 18:00,0,0,0,-12.572
2024-12-29 19:00,0,0,0,-12.960
2024-12-29 20:00,0,0,0,-13.376
2024-12-29 21:00,0,0,0,-13.714
2024-12-29 22:00,0,0,0,-13.926
2024-12-29 23:00,0.001,0.010,0.006,-13.975
2024-12-30 00:00,0.272,0.225,0.054,-11.874
2024-12-30 01:00,0.520,0.460,0.080,-9.045
2024-12-30 02:00,0.664,0.619,0.094,-6.440
2024-12-30 03:00,0.736,0.711,0.099,-4.614
2024-12-30 04:00,0.735,0.713,0.100,-3.741
2024-12-30 05:00,0.667,0.634,0.094,-3.480
2024-12-30 06:00,0.535,0.491,0.080,-3.722
2024-12-30 07:00,0.301,0.260,0.057,-4.725
2024-12-30 08:00,0.022,0.033,0.008,-6.811
2024-12-30 09:00,0,0,0,-8.077
2024-12-30 10:00,0,0,0,-8.631
2024-12-30 11:00,0,0,0,-9.056
2024-12-30 12:00,0,0,0,-9.573
2024-12-30 13:00,0,0,0,-10.317
2024-12-30 14:00,0,0,0,-10.875
2024-12-30 15:00,0,0,0,-11.451
2024-12-30 16:00,0,0,0,-12.139
2024-12-30 17:00,0,0,0,-12.629
2024-12-30 18:00,0,0,0,-13.121
2024-12-30 19:00,0,0,0,-13.613
2024-12-30 20:00,0,0,0,-13.918
2024-12-30 21:00,0,0,0,-14.038
2024-12-30 22:00,0,0,0,-14.158
2024-12-30 23:00,0.003,0.012,0.006,-14.166
2024-12-31 00:00,0.242,0.190,0.060,-12.095
2024-12-31 01:00,0.427,0.337,0.102,-9.516
2024-12-31 02:00,0.493,0.376,0.140,-6.858
2024-12-31 03:00,0.530,0.406,0.159,-3.762
2024-12-31 04:00,0.707,0.676,0.111,-1.351
2024-12-31 05:00,0.634,0.596,0.105,0.028
2024-12-31 06:00,0.489,0.437,0.092,0.208
2024-12-31 07:00,0.265,0.222,0.063,-1.226
2024-12-31 08:00,0.019,0.028,0.009,-4.312
2024-12-31 09:00,0,0,0,-6.314
2024-12-31 10:00,0,0,0,-7.945
2024-12-31 11:00,0,0,0,-9.207
2024-12-31 12:00,0,0,0,-9.995
2024-12-31 13:00,0,0,0,-10.655
2024-12-31 14:00,0,0,0,-11.128
2024-12-31 15:00,0,0,0,-11.522
2024-12-31 16:00,0,0,0,-11.921
2024-12-31 17:00,0,0,0,-12.305
2024-12-31 18:00,0,0,0,-12.711
2024-12-31 19:00,0,0,0,-13.001
2024-12-31 20:00,0,0,0,-13.118
2024-12-31 21:00,0,0,0,-12.860
2024-12-31 22:00,0,0,0,-12.419
2024-12-31 23:00,0,-0,0.004,-11.649
