# Renewables.ninja Wind power (Point API) - 42.226, 119.219 - Version: 1.4 - License: https://creativecommons.org/licenses/by-nc/4.0/ - Reference: https://doi.org/10.1016/j.energy.2016.08.068
# Units: time in UTC, electricity in kW, wind_speed in m/s
# {"units": {"time": "UTC", "electricity": "kW", "wind_speed": "m/s"}, "params": {"lat": "42.2256437", "lon": "119.2190097", "date_from": "2024-01-01", "date_to": "2024-12-31", "dataset": "merra2", "header": "true", "local_time": "false", "capacity": "1", "height": "80", "turbine": "GE 5.5 158", "raw": "true"}}
time,electricity,wind_speed
2024-01-01 00:00,0.700,9.430
2024-01-01 01:00,0.534,8.101
2024-01-01 02:00,0.392,7.072
2024-01-01 03:00,0.410,7.207
2024-01-01 04:00,0.434,7.376
2024-01-01 05:00,0.390,7.059
2024-01-01 06:00,0.258,6.037
2024-01-01 07:00,0.155,5.053
2024-01-01 08:00,0.114,4.569
2024-01-01 09:00,0.117,4.601
2024-01-01 10:00,0.141,4.895
2024-01-01 11:00,0.164,5.160
2024-01-01 12:00,0.169,5.210
2024-01-01 13:00,0.158,5.095
2024-01-01 14:00,0.151,5.010
2024-01-01 15:00,0.149,4.990
2024-01-01 16:00,0.162,5.129
2024-01-01 17:00,0.178,5.293
2024-01-01 18:00,0.184,5.362
2024-01-01 19:00,0.181,5.328
2024-01-01 20:00,0.169,5.211
2024-01-01 21:00,0.165,5.166
2024-01-01 22:00,0.158,5.085
2024-01-01 23:00,0.141,4.896
2024-01-02 00:00,0.122,4.674
2024-01-02 01:00,0.059,3.697
2024-01-02 02:00,0.061,3.737
2024-01-02 03:00,0.069,3.880
2024-01-02 04:00,0.085,4.138
2024-01-02 05:00,0.125,4.704
2024-01-02 06:00,0.181,5.324
2024-01-02 07:00,0.192,5.441
2024-01-02 08:00,0.216,5.667
2024-01-02 09:00,0.224,5.743
2024-01-02 10:00,0.252,5.974
2024-01-02 11:00,0.317,6.513
2024-01-02 12:00,0.381,6.999
2024-01-02 13:00,0.418,7.270
2024-01-02 14:00,0.453,7.519
2024-01-02 15:00,0.565,8.331
2024-01-02 16:00,0.674,9.193
2024-01-02 17:00,0.725,9.654
2024-01-02 18:00,0.755,9.954
2024-01-02 19:00,0.748,9.883
2024-01-02 20:00,0.724,9.644
2024-01-02 21:00,0.659,9.072
2024-01-02 22:00,0.584,8.478
2024-01-02 23:00,0.565,8.332
2024-01-03 00:00,0.459,7.561
2024-01-03 01:00,0.252,5.978
2024-01-03 02:00,0.137,4.847
2024-01-03 03:00,0.133,4.795
2024-01-03 04:00,0.111,4.524
2024-01-03 05:00,0.130,4.764
2024-01-03 06:00,0.202,5.530
2024-01-03 07:00,0.330,6.614
2024-01-03 08:00,0.607,8.658
2024-01-03 09:00,0.798,10.416
2024-01-03 10:00,0.866,11.371
2024-01-03 11:00,0.884,11.667
2024-01-03 12:00,0.885,11.689
2024-01-03 13:00,0.889,11.757
2024-01-03 14:00,0.897,11.924
2024-01-03 15:00,0.904,12.068
2024-01-03 16:00,0.903,12.058
2024-01-03 17:00,0.896,11.910
2024-01-03 18:00,0.884,11.668
2024-01-03 19:00,0.869,11.415
2024-01-03 20:00,0.854,11.169
2024-01-03 21:00,0.845,11.035
2024-01-03 22:00,0.846,11.057
2024-01-03 23:00,0.842,10.999
2024-01-04 00:00,0.786,10.288
2024-01-04 01:00,0.671,9.180
2024-01-04 02:00,0.729,9.694
2024-01-04 03:00,0.890,11.786
2024-01-04 04:00,0.937,12.921
2024-01-04 05:00,0.974,14.514
2024-01-04 06:00,0.986,15.844
2024-01-04 07:00,0.985,15.628
2024-01-04 08:00,0.974,14.506
2024-01-04 09:00,0.951,13.388
2024-01-04 10:00,0.923,12.522
2024-01-04 11:00,0.881,11.618
2024-01-04 12:00,0.841,10.981
2024-01-04 13:00,0.798,10.417
2024-01-04 14:00,0.700,9.423
2024-01-04 15:00,0.628,8.823
2024-01-04 16:00,0.577,8.420
2024-01-04 17:00,0.536,8.117
2024-01-04 18:00,0.475,7.668
2024-01-04 19:00,0.441,7.429
2024-01-04 20:00,0.406,7.180
2024-01-04 21:00,0.332,6.622
2024-01-04 22:00,0.273,6.159
2024-01-04 23:00,0.241,5.887
2024-01-05 00:00,0.229,5.778
2024-01-05 01:00,0.142,4.907
2024-01-05 02:00,0.113,4.548
2024-01-05 03:00,0.127,4.736
2024-01-05 04:00,0.141,4.894
2024-01-05 05:00,0.155,5.053
2024-01-05 06:00,0.140,4.884
2024-01-05 07:00,0.079,4.063
2024-01-05 08:00,0.064,3.798
2024-01-05 09:00,0.113,4.541
2024-01-05 10:00,0.252,5.982
2024-01-05 11:00,0.438,7.402
2024-01-05 12:00,0.583,8.471
2024-01-05 13:00,0.614,8.705
2024-01-05 14:00,0.580,8.450
2024-01-05 15:00,0.537,8.131
2024-01-05 16:00,0.515,7.966
2024-01-05 17:00,0.507,7.900
2024-01-05 18:00,0.533,8.095
2024-01-05 19:00,0.528,8.061
2024-01-05 20:00,0.568,8.351
2024-01-05 21:00,0.561,8.308
2024-01-05 22:00,0.597,8.571
2024-01-05 23:00,0.626,8.806
2024-01-06 00:00,0.577,8.426
2024-01-06 01:00,0.750,9.897
2024-01-06 02:00,0.751,9.914
2024-01-06 03:00,0.708,9.494
2024-01-06 04:00,0.678,9.233
2024-01-06 05:00,0.676,9.217
2024-01-06 06:00,0.718,9.587
2024-01-06 07:00,0.741,9.816
2024-01-06 08:00,0.690,9.341
2024-01-06 09:00,0.698,9.413
2024-01-06 10:00,0.747,9.872
2024-01-06 11:00,0.790,10.325
2024-01-06 12:00,0.788,10.309
2024-01-06 13:00,0.756,9.962
2024-01-06 14:00,0.751,9.902
2024-01-06 15:00,0.710,9.519
2024-01-06 16:00,0.675,9.208
2024-01-06 17:00,0.647,8.974
2024-01-06 18:00,0.610,8.680
2024-01-06 19:00,0.606,8.646
2024-01-06 20:00,0.624,8.786
2024-01-06 21:00,0.631,8.848
2024-01-06 22:00,0.604,8.633
2024-01-06 23:00,0.557,8.272
2024-01-07 00:00,0.410,7.212
2024-01-07 01:00,0.339,6.671
2024-01-07 02:00,0.244,5.921
2024-01-07 03:00,0.086,4.163
2024-01-07 04:00,0.027,2.935
2024-01-07 05:00,0.012,2.372
2024-01-07 06:00,0.005,1.954
2024-01-07 07:00,0.007,2.089
2024-01-07 08:00,0.064,3.798
2024-01-07 09:00,0.210,5.616
2024-01-07 10:00,0.410,7.207
2024-01-07 11:00,0.604,8.637
2024-01-07 12:00,0.688,9.320
2024-01-07 13:00,0.728,9.683
2024-01-07 14:00,0.775,10.161
2024-01-07 15:00,0.813,10.598
2024-01-07 16:00,0.828,10.803
2024-01-07 17:00,0.836,10.898
2024-01-07 18:00,0.840,10.967
2024-01-07 19:00,0.836,10.903
2024-01-07 20:00,0.818,10.675
2024-01-07 21:00,0.805,10.506
2024-01-07 22:00,0.781,10.231
2024-01-07 23:00,0.744,9.845
2024-01-08 00:00,0.642,8.934
2024-01-08 01:00,0.469,7.632
2024-01-08 02:00,0.431,7.354
2024-01-08 03:00,0.400,7.132
2024-01-08 04:00,0.362,6.849
2024-01-08 05:00,0.339,6.675
2024-01-08 06:00,0.309,6.440
2024-01-08 07:00,0.258,6.036
2024-01-08 08:00,0.294,6.326
2024-01-08 09:00,0.334,6.643
2024-01-08 10:00,0.341,6.690
2024-01-08 11:00,0.368,6.900
2024-01-08 12:00,0.406,7.172
2024-01-08 13:00,0.445,7.465
2024-01-08 14:00,0.498,7.844
2024-01-08 15:00,0.577,8.421
2024-01-08 16:00,0.624,8.780
2024-01-08 17:00,0.645,8.957
2024-01-08 18:00,0.671,9.175
2024-01-08 19:00,0.698,9.406
2024-01-08 20:00,0.707,9.488
2024-01-08 21:00,0.708,9.498
2024-01-08 22:00,0.718,9.584
2024-01-08 23:00,0.729,9.696
2024-01-09 00:00,0.663,9.111
2024-01-09 01:00,0.783,10.253
2024-01-09 02:00,0.791,10.334
2024-01-09 03:00,0.716,9.573
2024-01-09 04:00,0.663,9.112
2024-01-09 05:00,0.655,9.042
2024-01-09 06:00,0.656,9.046
2024-01-09 07:00,0.592,8.536
2024-01-09 08:00,0.487,7.756
2024-01-09 09:00,0.409,7.196
2024-01-09 10:00,0.328,6.593
2024-01-09 11:00,0.280,6.220
2024-01-09 12:00,0.295,6.334
2024-01-09 13:00,0.384,7.016
2024-01-09 14:00,0.459,7.563
2024-01-09 15:00,0.437,7.392
2024-01-09 16:00,0.396,7.106
2024-01-09 17:00,0.404,7.161
2024-01-09 18:00,0.468,7.618
2024-01-09 19:00,0.493,7.812
2024-01-09 20:00,0.516,7.972
2024-01-09 21:00,0.512,7.943
2024-01-09 22:00,0.532,8.091
2024-01-09 23:00,0.579,8.436
2024-01-10 00:00,0.535,8.111
2024-01-10 01:00,0.377,6.962
2024-01-10 02:00,0.355,6.807
2024-01-10 03:00,0.619,8.748
2024-01-10 04:00,0.826,10.771
2024-01-10 05:00,0.875,11.521
2024-01-10 06:00,0.888,11.743
2024-01-10 07:00,0.907,12.136
2024-01-10 08:00,0.934,12.819
2024-01-10 09:00,0.944,13.160
2024-01-10 10:00,0.945,13.193
2024-01-10 11:00,0.945,13.170
2024-01-10 12:00,0.912,12.254
2024-01-10 13:00,0.889,11.767
2024-01-10 14:00,0.880,11.593
2024-01-10 15:00,0.871,11.445
2024-01-10 16:00,0.857,11.215
2024-01-10 17:00,0.829,10.820
2024-01-10 18:00,0.799,10.436
2024-01-10 19:00,0.772,10.133
2024-01-10 20:00,0.743,9.827
2024-01-10 21:00,0.698,9.401
2024-01-10 22:00,0.653,9.021
2024-01-10 23:00,0.672,9.181
2024-01-11 00:00,0.655,9.041
2024-01-11 01:00,0.736,9.764
2024-01-11 02:00,0.856,11.203
2024-01-11 03:00,0.831,10.830
2024-01-11 04:00,0.773,10.143
2024-01-11 05:00,0.683,9.278
2024-01-11 06:00,0.580,8.440
2024-01-11 07:00,0.381,6.999
2024-01-11 08:00,0.237,5.856
2024-01-11 09:00,0.232,5.807
2024-01-11 10:00,0.252,5.979
2024-01-11 11:00,0.261,6.067
2024-01-11 12:00,0.278,6.204
2024-01-11 13:00,0.304,6.411
2024-01-11 14:00,0.363,6.861
2024-01-11 15:00,0.444,7.455
2024-01-11 16:00,0.498,7.842
2024-01-11 17:00,0.532,8.092
2024-01-11 18:00,0.534,8.102
2024-01-11 19:00,0.528,8.063
2024-01-11 20:00,0.501,7.862
2024-01-11 21:00,0.456,7.537
2024-01-11 22:00,0.399,7.121
2024-01-11 23:00,0.377,6.959
2024-01-12 00:00,0.332,6.625
2024-01-12 01:00,0.129,4.759
2024-01-12 02:00,0.088,4.194
2024-01-12 03:00,0.287,6.277
2024-01-12 04:00,0.448,7.483
2024-01-12 05:00,0.556,8.261
2024-01-12 06:00,0.580,8.439
2024-01-12 07:00,0.528,8.067
2024-01-12 08:00,0.438,7.403
2024-01-12 09:00,0.403,7.153
2024-01-12 10:00,0.337,6.664
2024-01-12 11:00,0.270,6.136
2024-01-12 12:00,0.219,5.695
2024-01-12 13:00,0.162,5.131
2024-01-12 14:00,0.096,4.312
2024-01-12 15:00,0.060,3.716
2024-01-12 16:00,0.035,3.176
2024-01-12 17:00,0.020,2.702
2024-01-12 18:00,0.015,2.525
2024-01-12 19:00,0.024,2.831
2024-01-12 20:00,0.058,3.679
2024-01-12 21:00,0.188,5.399
2024-01-12 22:00,0.459,7.562
2024-01-12 23:00,0.662,9.100
2024-01-13 00:00,0.686,9.305
2024-01-13 01:00,0.795,10.388
2024-01-13 02:00,0.924,12.555
2024-01-13 03:00,0.954,13.505
2024-01-13 04:00,0.958,13.697
2024-01-13 05:00,0.945,13.176
2024-01-13 06:00,0.909,12.177
2024-01-13 07:00,0.875,11.507
2024-01-13 08:00,0.800,10.442
2024-01-13 09:00,0.579,8.437
2024-01-13 10:00,0.562,8.313
2024-01-13 11:00,0.686,9.309
2024-01-13 12:00,0.869,11.422
2024-01-13 13:00,0.901,12.009
2024-01-13 14:00,0.906,12.117
2024-01-13 15:00,0.923,12.531
2024-01-13 16:00,0.953,13.454
2024-01-13 17:00,0.967,14.096
2024-01-13 18:00,0.960,13.773
2024-01-13 19:00,0.948,13.293
2024-01-13 20:00,0.940,13.008
2024-01-13 21:00,0.925,12.575
2024-01-13 22:00,0.892,11.833
2024-01-13 23:00,0.857,11.215
2024-01-14 00:00,0.812,10.596
2024-01-14 01:00,0.895,11.889
2024-01-14 02:00,0.922,12.488
2024-01-14 03:00,0.908,12.150
2024-01-14 04:00,0.897,11.924
2024-01-14 05:00,0.880,11.605
2024-01-14 06:00,0.840,10.963
2024-01-14 07:00,0.729,9.690
2024-01-14 08:00,0.546,8.196
2024-01-14 09:00,0.456,7.532
2024-01-14 10:00,0.366,6.884
2024-01-14 11:00,0.252,5.979
2024-01-14 12:00,0.177,5.280
2024-01-14 13:00,0.174,5.263
2024-01-14 14:00,0.230,5.787
2024-01-14 15:00,0.316,6.509
2024-01-14 16:00,0.377,6.957
2024-01-14 17:00,0.375,6.940
2024-01-14 18:00,0.351,6.775
2024-01-14 19:00,0.347,6.735
2024-01-14 20:00,0.368,6.895
2024-01-14 21:00,0.406,7.168
2024-01-14 22:00,0.412,7.222
2024-01-14 23:00,0.377,6.968
2024-01-15 00:00,0.290,6.302
2024-01-15 01:00,0.115,4.577
2024-01-15 02:00,0.039,3.277
2024-01-15 03:00,0.015,2.493
2024-01-15 04:00,0.007,2.103
2024-01-15 05:00,0.003,1.662
2024-01-15 06:00,0,1.162
2024-01-15 07:00,0.003,1.754
2024-01-15 08:00,0.054,3.603
2024-01-15 09:00,0.113,4.557
2024-01-15 10:00,0.142,4.908
2024-01-15 11:00,0.151,5.016
2024-01-15 12:00,0.160,5.109
2024-01-15 13:00,0.159,5.101
2024-01-15 14:00,0.151,5.011
2024-01-15 15:00,0.145,4.945
2024-01-15 16:00,0.147,4.971
2024-01-15 17:00,0.154,5.041
2024-01-15 18:00,0.174,5.261
2024-01-15 19:00,0.213,5.636
2024-01-15 20:00,0.262,6.067
2024-01-15 21:00,0.321,6.542
2024-01-15 22:00,0.406,7.170
2024-01-15 23:00,0.526,8.045
2024-01-16 00:00,0.575,8.409
2024-01-16 01:00,0.428,7.330
2024-01-16 02:00,0.373,6.935
2024-01-16 03:00,0.628,8.822
2024-01-16 04:00,0.753,9.923
2024-01-16 05:00,0.772,10.136
2024-01-16 06:00,0.688,9.322
2024-01-16 07:00,0.682,9.275
2024-01-16 08:00,0.768,10.086
2024-01-16 09:00,0.829,10.815
2024-01-16 10:00,0.850,11.114
2024-01-16 11:00,0.848,11.086
2024-01-16 12:00,0.844,11.017
2024-01-16 13:00,0.846,11.052
2024-01-16 14:00,0.844,11.027
2024-01-16 15:00,0.826,10.780
2024-01-16 16:00,0.791,10.334
2024-01-16 17:00,0.735,9.753
2024-01-16 18:00,0.672,9.181
2024-01-16 19:00,0.594,8.553
2024-01-16 20:00,0.492,7.801
2024-01-16 21:00,0.350,6.763
2024-01-16 22:00,0.244,5.918
2024-01-16 23:00,0.238,5.861
2024-01-17 00:00,0.224,5.743
2024-01-17 01:00,0.211,5.619
2024-01-17 02:00,0.418,7.259
2024-01-17 03:00,0.441,7.426
2024-01-17 04:00,0.488,7.768
2024-01-17 05:00,0.594,8.553
2024-01-17 06:00,0.682,9.268
2024-01-17 07:00,0.672,9.181
2024-01-17 08:00,0.612,8.695
2024-01-17 09:00,0.657,9.055
2024-01-17 10:00,0.744,9.844
2024-01-17 11:00,0.787,10.299
2024-01-17 12:00,0.778,10.193
2024-01-17 13:00,0.762,10.029
2024-01-17 14:00,0.774,10.145
2024-01-17 15:00,0.793,10.364
2024-01-17 16:00,0.784,10.263
2024-01-17 17:00,0.753,9.932
2024-01-17 18:00,0.718,9.587
2024-01-17 19:00,0.687,9.314
2024-01-17 20:00,0.658,9.064
2024-01-17 21:00,0.610,8.678
2024-01-17 22:00,0.555,8.257
2024-01-17 23:00,0.498,7.842
2024-01-18 00:00,0.424,7.312
2024-01-18 01:00,0.322,6.553
2024-01-18 02:00,0.196,5.475
2024-01-18 03:00,0.149,4.990
2024-01-18 04:00,0.129,4.761
2024-01-18 05:00,0.112,4.529
2024-01-18 06:00,0.092,4.257
2024-01-18 07:00,0.088,4.201
2024-01-18 08:00,0.115,4.582
2024-01-18 09:00,0.170,5.214
2024-01-18 10:00,0.174,5.259
2024-01-18 11:00,0.143,4.925
2024-01-18 12:00,0.107,4.465
2024-01-18 13:00,0.084,4.121
2024-01-18 14:00,0.098,4.344
2024-01-18 15:00,0.154,5.042
2024-01-18 16:00,0.235,5.839
2024-01-18 17:00,0.318,6.519
2024-01-18 18:00,0.377,6.971
2024-01-18 19:00,0.389,7.057
2024-01-18 20:00,0.368,6.895
2024-01-18 21:00,0.338,6.668
2024-01-18 22:00,0.343,6.708
2024-01-18 23:00,0.355,6.802
2024-01-19 00:00,0.350,6.763
2024-01-19 01:00,0.465,7.607
2024-01-19 02:00,0.398,7.116
2024-01-19 03:00,0.350,6.761
2024-01-19 04:00,0.336,6.657
2024-01-19 05:00,0.337,6.662
2024-01-19 06:00,0.350,6.753
2024-01-19 07:00,0.370,6.913
2024-01-19 08:00,0.363,6.858
2024-01-19 09:00,0.286,6.271
2024-01-19 10:00,0.296,6.346
2024-01-19 11:00,0.370,6.913
2024-01-19 12:00,0.391,7.068
2024-01-19 13:00,0.409,7.201
2024-01-19 14:00,0.418,7.262
2024-01-19 15:00,0.406,7.178
2024-01-19 16:00,0.374,6.937
2024-01-19 17:00,0.344,6.710
2024-01-19 18:00,0.327,6.580
2024-01-19 19:00,0.321,6.545
2024-01-19 20:00,0.319,6.532
2024-01-19 21:00,0.311,6.461
2024-01-19 22:00,0.295,6.329
2024-01-19 23:00,0.280,6.222
2024-01-20 00:00,0.267,6.100
2024-01-20 01:00,0.239,5.871
2024-01-20 02:00,0.203,5.538
2024-01-20 03:00,0.164,5.155
2024-01-20 04:00,0.140,4.880
2024-01-20 05:00,0.133,4.799
2024-01-20 06:00,0.155,5.051
2024-01-20 07:00,0.191,5.433
2024-01-20 08:00,0.232,5.802
2024-01-20 09:00,0.278,6.195
2024-01-20 10:00,0.300,6.375
2024-01-20 11:00,0.300,6.383
2024-01-20 12:00,0.291,6.309
2024-01-20 13:00,0.268,6.121
2024-01-20 14:00,0.263,6.074
2024-01-20 15:00,0.233,5.825
2024-01-20 16:00,0.215,5.657
2024-01-20 17:00,0.226,5.758
2024-01-20 18:00,0.256,6.021
2024-01-20 19:00,0.305,6.415
2024-01-20 20:00,0.354,6.796
2024-01-20 21:00,0.385,7.030
2024-01-20 22:00,0.394,7.092
2024-01-20 23:00,0.392,7.073
2024-01-21 00:00,0.567,8.347
2024-01-21 01:00,0.770,10.111
2024-01-21 02:00,0.826,10.762
2024-01-21 03:00,0.827,10.787
2024-01-21 04:00,0.836,10.901
2024-01-21 05:00,0.857,11.216
2024-01-21 06:00,0.884,11.671
2024-01-21 07:00,0.908,12.156
2024-01-21 08:00,0.917,12.377
2024-01-21 09:00,0.913,12.292
2024-01-21 10:00,0.917,12.383
2024-01-21 11:00,0.899,11.978
2024-01-21 12:00,0.882,11.638
2024-01-21 13:00,0.872,11.466
2024-01-21 14:00,0.855,11.194
2024-01-21 15:00,0.817,10.658
2024-01-21 16:00,0.820,10.695
2024-01-21 17:00,0.818,10.670
2024-01-21 18:00,0.823,10.732
2024-01-21 19:00,0.828,10.797
2024-01-21 20:00,0.844,11.024
2024-01-21 21:00,0.848,11.089
2024-01-21 22:00,0.831,10.836
2024-01-21 23:00,0.813,10.603
2024-01-22 00:00,0.807,10.534
2024-01-22 01:00,0.934,12.838
2024-01-22 02:00,0.925,12.578
2024-01-22 03:00,0.904,12.087
2024-01-22 04:00,0.897,11.930
2024-01-22 05:00,0.898,11.960
2024-01-22 06:00,0.904,12.083
2024-01-22 07:00,0.909,12.173
2024-01-22 08:00,0.875,11.512
2024-01-22 09:00,0.820,10.699
2024-01-22 10:00,0.797,10.410
2024-01-22 11:00,0.763,10.035
2024-01-22 12:00,0.751,9.914
2024-01-22 13:00,0.738,9.781
2024-01-22 14:00,0.768,10.083
2024-01-22 15:00,0.805,10.510
2024-01-22 16:00,0.834,10.873
2024-01-22 17:00,0.849,11.091
2024-01-22 18:00,0.855,11.195
2024-01-22 19:00,0.862,11.307
2024-01-22 20:00,0.868,11.390
2024-01-22 21:00,0.869,11.412
2024-01-22 22:00,0.917,12.372
2024-01-22 23:00,0.922,12.492
2024-01-23 00:00,0.902,12.046
2024-01-23 01:00,0.942,13.074
2024-01-23 02:00,0.970,14.284
2024-01-23 03:00,0.978,14.846
2024-01-23 04:00,0.980,15.038
2024-01-23 05:00,0.977,14.772
2024-01-23 06:00,0.970,14.294
2024-01-23 07:00,0.957,13.625
2024-01-23 08:00,0.939,12.977
2024-01-23 09:00,0.940,13.030
2024-01-23 10:00,0.945,13.188
2024-01-23 11:00,0.948,13.277
2024-01-23 12:00,0.938,12.937
2024-01-23 13:00,0.935,12.865
2024-01-23 14:00,0.928,12.662
2024-01-23 15:00,0.916,12.346
2024-01-23 16:00,0.892,11.840
2024-01-23 17:00,0.876,11.529
2024-01-23 18:00,0.870,11.427
2024-01-23 19:00,0.875,11.504
2024-01-23 20:00,0.884,11.666
2024-01-23 21:00,0.836,10.917
2024-01-23 22:00,0.759,9.997
2024-01-23 23:00,0.714,9.558
2024-01-24 00:00,0.601,8.608
2024-01-24 01:00,0.722,9.632
2024-01-24 02:00,0.708,9.503
2024-01-24 03:00,0.659,9.075
2024-01-24 04:00,0.639,8.913
2024-01-24 05:00,0.628,8.820
2024-01-24 06:00,0.587,8.499
2024-01-24 07:00,0.468,7.625
2024-01-24 08:00,0.327,6.582
2024-01-24 09:00,0.297,6.348
2024-01-24 10:00,0.284,6.246
2024-01-24 11:00,0.323,6.560
2024-01-24 12:00,0.421,7.281
2024-01-24 13:00,0.503,7.882
2024-01-24 14:00,0.514,7.962
2024-01-24 15:00,0.533,8.095
2024-01-24 16:00,0.545,8.191
2024-01-24 17:00,0.528,8.053
2024-01-24 18:00,0.544,8.184
2024-01-24 19:00,0.541,8.158
2024-01-24 20:00,0.532,8.085
2024-01-24 21:00,0.486,7.753
2024-01-24 22:00,0.433,7.367
2024-01-24 23:00,0.415,7.236
2024-01-25 00:00,0.286,6.260
2024-01-25 01:00,0.203,5.538
2024-01-25 02:00,0.287,6.274
2024-01-25 03:00,0.361,6.844
2024-01-25 04:00,0.369,6.910
2024-01-25 05:00,0.389,7.053
2024-01-25 06:00,0.417,7.256
2024-01-25 07:00,0.392,7.073
2024-01-25 08:00,0.423,7.300
2024-01-25 09:00,0.509,7.916
2024-01-25 10:00,0.519,7.996
2024-01-25 11:00,0.522,8.008
2024-01-25 12:00,0.553,8.243
2024-01-25 13:00,0.578,8.431
2024-01-25 14:00,0.630,8.837
2024-01-25 15:00,0.684,9.288
2024-01-25 16:00,0.705,9.475
2024-01-25 17:00,0.686,9.310
2024-01-25 18:00,0.656,9.046
2024-01-25 19:00,0.635,8.879
2024-01-25 20:00,0.624,8.793
2024-01-25 21:00,0.612,8.697
2024-01-25 22:00,0.607,8.654
2024-01-25 23:00,0.596,8.565
2024-01-26 00:00,0.438,7.407
2024-01-26 01:00,0.375,6.950
2024-01-26 02:00,0.511,7.941
2024-01-26 03:00,0.485,7.752
2024-01-26 04:00,0.468,7.625
2024-01-26 05:00,0.459,7.565
2024-01-26 06:00,0.477,7.691
2024-01-26 07:00,0.500,7.850
2024-01-26 08:00,0.488,7.761
2024-01-26 09:00,0.510,7.930
2024-01-26 10:00,0.431,7.349
2024-01-26 11:00,0.311,6.461
2024-01-26 12:00,0.254,5.999
2024-01-26 13:00,0.250,5.964
2024-01-26 14:00,0.263,6.074
2024-01-26 15:00,0.332,6.630
2024-01-26 16:00,0.425,7.316
2024-01-26 17:00,0.475,7.680
2024-01-26 18:00,0.488,7.770
2024-01-26 19:00,0.486,7.754
2024-01-26 20:00,0.480,7.717
2024-01-26 21:00,0.480,7.712
2024-01-26 22:00,0.477,7.690
2024-01-26 23:00,0.450,7.488
2024-01-27 00:00,0.275,6.181
2024-01-27 01:00,0.242,5.904
2024-01-27 02:00,0.205,5.559
2024-01-27 03:00,0.113,4.539
2024-01-27 04:00,0.077,4.021
2024-01-27 05:00,0.070,3.890
2024-01-27 06:00,0.075,3.996
2024-01-27 07:00,0.088,4.199
2024-01-27 08:00,0.086,4.159
2024-01-27 09:00,0.081,4.091
2024-01-27 10:00,0.102,4.399
2024-01-27 11:00,0.184,5.364
2024-01-27 12:00,0.288,6.282
2024-01-27 13:00,0.361,6.843
2024-01-27 14:00,0.374,6.937
2024-01-27 15:00,0.384,7.012
2024-01-27 16:00,0.404,7.161
2024-01-27 17:00,0.416,7.248
2024-01-27 18:00,0.411,7.215
2024-01-27 19:00,0.397,7.111
2024-01-27 20:00,0.387,7.042
2024-01-27 21:00,0.352,6.780
2024-01-27 22:00,0.311,6.458
2024-01-27 23:00,0.269,6.130
2024-01-28 00:00,0.164,5.153
2024-01-28 01:00,0.071,3.929
2024-01-28 02:00,0.089,4.217
2024-01-28 03:00,0.087,4.174
2024-01-28 04:00,0.082,4.097
2024-01-28 05:00,0.086,4.173
2024-01-28 06:00,0.101,4.385
2024-01-28 07:00,0.136,4.840
2024-01-28 08:00,0.275,6.178
2024-01-28 09:00,0.399,7.130
2024-01-28 10:00,0.421,7.286
2024-01-28 11:00,0.455,7.528
2024-01-28 12:00,0.494,7.816
2024-01-28 13:00,0.498,7.843
2024-01-28 14:00,0.477,7.690
2024-01-28 15:00,0.422,7.295
2024-01-28 16:00,0.352,6.778
2024-01-28 17:00,0.316,6.509
2024-01-28 18:00,0.297,6.350
2024-01-28 19:00,0.285,6.255
2024-01-28 20:00,0.270,6.136
2024-01-28 21:00,0.250,5.963
2024-01-28 22:00,0.241,5.892
2024-01-28 23:00,0.200,5.518
2024-01-29 00:00,0.188,5.400
2024-01-29 01:00,0.125,4.702
2024-01-29 02:00,0.044,3.388
2024-01-29 03:00,0.010,2.253
2024-01-29 04:00,0.002,1.497
2024-01-29 05:00,0.012,2.346
2024-01-29 06:00,0.031,3.057
2024-01-29 07:00,0.066,3.838
2024-01-29 08:00,0.229,5.781
2024-01-29 09:00,0.502,7.865
2024-01-29 10:00,0.601,8.611
2024-01-29 11:00,0.612,8.699
2024-01-29 12:00,0.562,8.314
2024-01-29 13:00,0.534,8.106
2024-01-29 14:00,0.544,8.174
2024-01-29 15:00,0.568,8.357
2024-01-29 16:00,0.582,8.469
2024-01-29 17:00,0.588,8.507
2024-01-29 18:00,0.581,8.457
2024-01-29 19:00,0.565,8.327
2024-01-29 20:00,0.554,8.252
2024-01-29 21:00,0.560,8.296
2024-01-29 22:00,0.505,7.892
2024-01-29 23:00,0.409,7.191
2024-01-30 00:00,0.248,5.947
2024-01-30 01:00,0.138,4.859
2024-01-30 02:00,0.095,4.306
2024-01-30 03:00,0.072,3.934
2024-01-30 04:00,0.034,3.123
2024-01-30 05:00,0.047,3.447
2024-01-30 06:00,0.054,3.609
2024-01-30 07:00,0.057,3.657
2024-01-30 08:00,0.071,3.912
2024-01-30 09:00,0.135,4.832
2024-01-30 10:00,0.186,5.386
2024-01-30 11:00,0.207,5.570
2024-01-30 12:00,0.211,5.626
2024-01-30 13:00,0.202,5.527
2024-01-30 14:00,0.226,5.755
2024-01-30 15:00,0.274,6.167
2024-01-30 16:00,0.365,6.875
2024-01-30 17:00,0.468,7.623
2024-01-30 18:00,0.568,8.355
2024-01-30 19:00,0.602,8.622
2024-01-30 20:00,0.631,8.850
2024-01-30 21:00,0.630,8.828
2024-01-30 22:00,0.625,8.796
2024-01-30 23:00,0.598,8.586
2024-01-31 00:00,0.740,9.807
2024-01-31 01:00,0.735,9.759
2024-01-31 02:00,0.621,8.765
2024-01-31 03:00,0.516,7.979
2024-01-31 04:00,0.474,7.661
2024-01-31 05:00,0.480,7.714
2024-01-31 06:00,0.515,7.965
2024-01-31 07:00,0.566,8.341
2024-01-31 08:00,0.544,8.172
2024-01-31 09:00,0.525,8.034
2024-01-31 10:00,0.466,7.608
2024-01-31 11:00,0.438,7.410
2024-01-31 12:00,0.424,7.313
2024-01-31 13:00,0.416,7.243
2024-01-31 14:00,0.418,7.268
2024-01-31 15:00,0.441,7.427
2024-01-31 16:00,0.486,7.756
2024-01-31 17:00,0.532,8.084
2024-01-31 18:00,0.565,8.332
2024-01-31 19:00,0.584,8.480
2024-01-31 20:00,0.594,8.560
2024-01-31 21:00,0.605,8.640
2024-01-31 22:00,0.619,8.750
2024-01-31 23:00,0.598,8.577
2024-02-01 00:00,0.682,9.266
2024-02-01 01:00,0.675,9.214
2024-02-01 02:00,0.519,7.993
2024-02-01 03:00,0.380,6.986
2024-02-01 04:00,0.283,6.239
2024-02-01 05:00,0.251,5.972
2024-02-01 06:00,0.237,5.855
2024-02-01 07:00,0.206,5.564
2024-02-01 08:00,0.128,4.749
2024-02-01 09:00,0.067,3.845
2024-02-01 10:00,0.027,2.941
2024-02-01 11:00,0.009,2.232
2024-02-01 12:00,0.009,2.225
2024-02-01 13:00,0.024,2.837
2024-02-01 14:00,0.051,3.532
2024-02-01 15:00,0.070,3.897
2024-02-01 16:00,0.089,4.218
2024-02-01 17:00,0.092,4.265
2024-02-01 18:00,0.070,3.909
2024-02-01 19:00,0.048,3.467
2024-02-01 20:00,0.035,3.164
2024-02-01 21:00,0.024,2.834
2024-02-01 22:00,0.023,2.817
2024-02-01 23:00,0.034,3.134
2024-02-02 00:00,0.045,3.415
2024-02-02 01:00,0.056,3.639
2024-02-02 02:00,0.066,3.836
2024-02-02 03:00,0.069,3.874
2024-02-02 04:00,0.072,3.939
2024-02-02 05:00,0.087,4.184
2024-02-02 06:00,0.113,4.537
2024-02-02 07:00,0.133,4.790
2024-02-02 08:00,0.128,4.739
2024-02-02 09:00,0.114,4.566
2024-02-02 10:00,0.067,3.847
2024-02-02 11:00,0.029,2.994
2024-02-02 12:00,0.034,3.129
2024-02-02 13:00,0.119,4.625
2024-02-02 14:00,0.284,6.248
2024-02-02 15:00,0.394,7.093
2024-02-02 16:00,0.410,7.207
2024-02-02 17:00,0.378,6.973
2024-02-02 18:00,0.316,6.509
2024-02-02 19:00,0.254,6.002
2024-02-02 20:00,0.208,5.585
2024-02-02 21:00,0.172,5.242
2024-02-02 22:00,0.175,5.266
2024-02-02 23:00,0.195,5.456
2024-02-03 00:00,0.167,5.185
2024-02-03 01:00,0.189,5.411
2024-02-03 02:00,0.141,4.899
2024-02-03 03:00,0.130,4.770
2024-02-03 04:00,0.134,4.804
2024-02-03 05:00,0.126,4.723
2024-02-03 06:00,0.127,4.726
2024-02-03 07:00,0.146,4.960
2024-02-03 08:00,0.188,5.399
2024-02-03 09:00,0.226,5.759
2024-02-03 10:00,0.156,5.061
2024-02-03 11:00,0.081,4.088
2024-02-03 12:00,0.056,3.636
2024-02-03 13:00,0.075,3.991
2024-02-03 14:00,0.095,4.291
2024-02-03 15:00,0.088,4.202
2024-02-03 16:00,0.072,3.937
2024-02-03 17:00,0.071,3.916
2024-02-03 18:00,0.089,4.216
2024-02-03 19:00,0.113,4.554
2024-02-03 20:00,0.140,4.890
2024-02-03 21:00,0.160,5.115
2024-02-03 22:00,0.173,5.251
2024-02-03 23:00,0.187,5.395
2024-02-04 00:00,0.125,4.705
2024-02-04 01:00,0.079,4.048
2024-02-04 02:00,0.046,3.424
2024-02-04 03:00,0.029,2.993
2024-02-04 04:00,0.028,2.961
2024-02-04 05:00,0.046,3.425
2024-02-04 06:00,0.039,3.269
2024-02-04 07:00,0.025,2.895
2024-02-04 08:00,0.038,3.248
2024-02-04 09:00,0.064,3.801
2024-02-04 10:00,0.093,4.265
2024-02-04 11:00,0.102,4.391
2024-02-04 12:00,0.080,4.073
2024-02-04 13:00,0.074,3.967
2024-02-04 14:00,0.081,4.083
2024-02-04 15:00,0.086,4.153
2024-02-04 16:00,0.086,4.155
2024-02-04 17:00,0.097,4.337
2024-02-04 18:00,0.131,4.778
2024-02-04 19:00,0.166,5.176
2024-02-04 20:00,0.172,5.238
2024-02-04 21:00,0.158,5.090
2024-02-04 22:00,0.140,4.879
2024-02-04 23:00,0.131,4.772
2024-02-05 00:00,0.158,5.090
2024-02-05 01:00,0.153,5.027
2024-02-05 02:00,0.128,4.742
2024-02-05 03:00,0.105,4.440
2024-02-05 04:00,0.086,4.166
2024-02-05 05:00,0.075,3.984
2024-02-05 06:00,0.070,3.903
2024-02-05 07:00,0.068,3.861
2024-02-05 08:00,0.063,3.784
2024-02-05 09:00,0.052,3.550
2024-02-05 10:00,0.037,3.198
2024-02-05 11:00,0.022,2.776
2024-02-05 12:00,0.013,2.418
2024-02-05 13:00,0.007,2.099
2024-02-05 14:00,0.005,1.930
2024-02-05 15:00,0.007,2.044
2024-02-05 16:00,0.014,2.491
2024-02-05 17:00,0.024,2.834
2024-02-05 18:00,0.034,3.135
2024-02-05 19:00,0.052,3.558
2024-02-05 20:00,0.078,4.039
2024-02-05 21:00,0.103,4.420
2024-02-05 22:00,0.142,4.906
2024-02-05 23:00,0.252,5.974
2024-02-06 00:00,0.275,6.174
2024-02-06 01:00,0.396,7.107
2024-02-06 02:00,0.414,7.234
2024-02-06 03:00,0.421,7.289
2024-02-06 04:00,0.453,7.510
2024-02-06 05:00,0.472,7.646
2024-02-06 06:00,0.483,7.732
2024-02-06 07:00,0.492,7.798
2024-02-06 08:00,0.444,7.458
2024-02-06 09:00,0.499,7.847
2024-02-06 10:00,0.619,8.744
2024-02-06 11:00,0.664,9.114
2024-02-06 12:00,0.634,8.869
2024-02-06 13:00,0.612,8.694
2024-02-06 14:00,0.588,8.506
2024-02-06 15:00,0.584,8.480
2024-02-06 16:00,0.619,8.750
2024-02-06 17:00,0.635,8.880
2024-02-06 18:00,0.632,8.858
2024-02-06 19:00,0.622,8.773
2024-02-06 20:00,0.612,8.689
2024-02-06 21:00,0.606,8.643
2024-02-06 22:00,0.598,8.582
2024-02-06 23:00,0.548,8.212
2024-02-07 00:00,0.392,7.075
2024-02-07 01:00,0.482,7.731
2024-02-07 02:00,0.491,7.793
2024-02-07 03:00,0.410,7.209
2024-02-07 04:00,0.379,6.979
2024-02-07 05:00,0.396,7.099
2024-02-07 06:00,0.440,7.417
2024-02-07 07:00,0.468,7.628
2024-02-07 08:00,0.438,7.408
2024-02-07 09:00,0.525,8.042
2024-02-07 10:00,0.560,8.294
2024-02-07 11:00,0.556,8.258
2024-02-07 12:00,0.558,8.276
2024-02-07 13:00,0.591,8.526
2024-02-07 14:00,0.642,8.932
2024-02-07 15:00,0.663,9.108
2024-02-07 16:00,0.671,9.169
2024-02-07 17:00,0.671,9.177
2024-02-07 18:00,0.657,9.063
2024-02-07 19:00,0.641,8.929
2024-02-07 20:00,0.620,8.756
2024-02-07 21:00,0.602,8.622
2024-02-07 22:00,0.586,8.488
2024-02-07 23:00,0.532,8.091
2024-02-08 00:00,0.365,6.868
2024-02-08 01:00,0.417,7.256
2024-02-08 02:00,0.338,6.667
2024-02-08 03:00,0.218,5.685
2024-02-08 04:00,0.140,4.875
2024-02-08 05:00,0.091,4.236
2024-02-08 06:00,0.060,3.715
2024-02-08 07:00,0.037,3.217
2024-02-08 08:00,0.040,3.297
2024-02-08 09:00,0.042,3.338
2024-02-08 10:00,0.017,2.581
2024-02-08 11:00,0.003,1.675
2024-02-08 12:00,0.016,2.567
2024-02-08 13:00,0.057,3.657
2024-02-08 14:00,0.113,4.555
2024-02-08 15:00,0.191,5.434
2024-02-08 16:00,0.249,5.953
2024-02-08 17:00,0.253,5.998
2024-02-08 18:00,0.232,5.804
2024-02-08 19:00,0.219,5.691
2024-02-08 20:00,0.222,5.724
2024-02-08 21:00,0.217,5.675
2024-02-08 22:00,0.198,5.498
2024-02-08 23:00,0.169,5.200
2024-02-09 00:00,0.089,4.206
2024-02-09 01:00,0.158,5.094
2024-02-09 02:00,0.150,5.000
2024-02-09 03:00,0.147,4.963
2024-02-09 04:00,0.208,5.580
2024-02-09 05:00,0.311,6.458
2024-02-09 06:00,0.453,7.510
2024-02-09 07:00,0.598,8.583
2024-02-09 08:00,0.642,8.937
2024-02-09 09:00,0.643,8.941
2024-02-09 10:00,0.661,9.095
2024-02-09 11:00,0.653,9.024
2024-02-09 12:00,0.612,8.698
2024-02-09 13:00,0.568,8.357
2024-02-09 14:00,0.579,8.435
2024-02-09 15:00,0.598,8.579
2024-02-09 16:00,0.598,8.574
2024-02-09 17:00,0.587,8.493
2024-02-09 18:00,0.559,8.280
2024-02-09 19:00,0.505,7.893
2024-02-09 20:00,0.441,7.427
2024-02-09 21:00,0.399,7.130
2024-02-09 22:00,0.377,6.963
2024-02-09 23:00,0.313,6.478
2024-02-10 00:00,0.131,4.776
2024-02-10 01:00,0.052,3.563
2024-02-10 02:00,0.020,2.719
2024-02-10 03:00,0.016,2.554
2024-02-10 04:00,0.044,3.380
2024-02-10 05:00,0.082,4.105
2024-02-10 06:00,0.123,4.680
2024-02-10 07:00,0.160,5.115
2024-02-10 08:00,0.237,5.861
2024-02-10 09:00,0.453,7.517
2024-02-10 10:00,0.600,8.601
2024-02-10 11:00,0.624,8.791
2024-02-10 12:00,0.615,8.724
2024-02-10 13:00,0.606,8.645
2024-02-10 14:00,0.615,8.710
2024-02-10 15:00,0.615,8.709
2024-02-10 16:00,0.632,8.852
2024-02-10 17:00,0.728,9.684
2024-02-10 18:00,0.784,10.264
2024-02-10 19:00,0.793,10.365
2024-02-10 20:00,0.777,10.185
2024-02-10 21:00,0.786,10.289
2024-02-10 22:00,0.753,9.929
2024-02-10 23:00,0.658,9.067
2024-02-11 00:00,0.353,6.789
2024-02-11 01:00,0.258,6.039
2024-02-11 02:00,0.194,5.448
2024-02-11 03:00,0.102,4.392
2024-02-11 04:00,0.081,4.080
2024-02-11 05:00,0.064,3.789
2024-02-11 06:00,0.041,3.323
2024-02-11 07:00,0.010,2.276
2024-02-11 08:00,0.030,3.016
2024-02-11 09:00,0.118,4.615
2024-02-11 10:00,0.272,6.153
2024-02-11 11:00,0.430,7.349
2024-02-11 12:00,0.541,8.153
2024-02-11 13:00,0.634,8.875
2024-02-11 14:00,0.721,9.622
2024-02-11 15:00,0.797,10.402
2024-02-11 16:00,0.844,11.015
2024-02-11 17:00,0.860,11.264
2024-02-11 18:00,0.859,11.243
2024-02-11 19:00,0.850,11.100
2024-02-11 20:00,0.840,10.968
2024-02-11 21:00,0.840,10.969
2024-02-11 22:00,0.847,11.071
2024-02-11 23:00,0.836,10.896
2024-02-12 00:00,0.739,9.796
2024-02-12 01:00,0.714,9.560
2024-02-12 02:00,0.896,11.915
2024-02-12 03:00,0.944,13.157
2024-02-12 04:00,0.954,13.523
2024-02-12 05:00,0.946,13.229
2024-02-12 06:00,0.909,12.195
2024-02-12 07:00,0.861,11.283
2024-02-12 08:00,0.892,11.840
2024-02-12 09:00,0.922,12.491
2024-02-12 10:00,0.930,12.721
2024-02-12 11:00,0.919,12.422
2024-02-12 12:00,0.911,12.225
2024-02-12 13:00,0.913,12.280
2024-02-12 14:00,0.908,12.151
2024-02-12 15:00,0.894,11.867
2024-02-12 16:00,0.892,11.826
2024-02-12 17:00,0.887,11.734
2024-02-12 18:00,0.888,11.754
2024-02-12 19:00,0.890,11.798
2024-02-12 20:00,0.884,11.674
2024-02-12 21:00,0.870,11.431
2024-02-12 22:00,0.851,11.120
2024-02-12 23:00,0.791,10.344
2024-02-13 00:00,0.568,8.357
2024-02-13 01:00,0.280,6.210
2024-02-13 02:00,0.250,5.961
2024-02-13 03:00,0.300,6.379
2024-02-13 04:00,0.235,5.842
2024-02-13 05:00,0.156,5.058
2024-02-13 06:00,0.122,4.669
2024-02-13 07:00,0.280,6.218
2024-02-13 08:00,0.592,8.534
2024-02-13 09:00,0.693,9.364
2024-02-13 10:00,0.649,8.988
2024-02-13 11:00,0.561,8.301
2024-02-13 12:00,0.487,7.757
2024-02-13 13:00,0.446,7.472
2024-02-13 14:00,0.441,7.423
2024-02-13 15:00,0.493,7.808
2024-02-13 16:00,0.575,8.407
2024-02-13 17:00,0.583,8.471
2024-02-13 18:00,0.594,8.558
2024-02-13 19:00,0.670,9.162
2024-02-13 20:00,0.726,9.663
2024-02-13 21:00,0.782,10.240
2024-02-13 22:00,0.803,10.486
2024-02-13 23:00,0.836,10.914
2024-02-14 00:00,0.854,11.180
2024-02-14 01:00,0.854,11.178
2024-02-14 02:00,0.852,11.141
2024-02-14 03:00,0.837,10.928
2024-02-14 04:00,0.822,10.728
2024-02-14 05:00,0.817,10.649
2024-02-14 06:00,0.815,10.628
2024-02-14 07:00,0.813,10.598
2024-02-14 08:00,0.774,10.160
2024-02-14 09:00,0.660,9.088
2024-02-14 10:00,0.566,8.342
2024-02-14 11:00,0.465,7.604
2024-02-14 12:00,0.364,6.865
2024-02-14 13:00,0.234,5.832
2024-02-14 14:00,0.122,4.660
2024-02-14 15:00,0.058,3.674
2024-02-14 16:00,0.064,3.792
2024-02-14 17:00,0.140,4.872
2024-02-14 18:00,0.264,6.081
2024-02-14 19:00,0.424,7.308
2024-02-14 20:00,0.573,8.394
2024-02-14 21:00,0.654,9.029
2024-02-14 22:00,0.649,8.986
2024-02-14 23:00,0.548,8.210
2024-02-15 00:00,0.623,8.777
2024-02-15 01:00,0.729,9.701
2024-02-15 02:00,0.655,9.038
2024-02-15 03:00,0.565,8.337
2024-02-15 04:00,0.497,7.840
2024-02-15 05:00,0.444,7.456
2024-02-15 06:00,0.385,7.027
2024-02-15 07:00,0.306,6.420
2024-02-15 08:00,0.146,4.961
2024-02-15 09:00,0.027,2.934
2024-02-15 10:00,0.008,2.171
2024-02-15 11:00,0.177,5.280
2024-02-15 12:00,0.603,8.626
2024-02-15 13:00,0.844,11.010
2024-02-15 14:00,0.901,12.003
2024-02-15 15:00,0.912,12.262
2024-02-15 16:00,0.930,12.728
2024-02-15 17:00,0.950,13.336
2024-02-15 18:00,0.953,13.468
2024-02-15 19:00,0.948,13.303
2024-02-15 20:00,0.954,13.518
2024-02-15 21:00,0.960,13.786
2024-02-15 22:00,0.966,14.074
2024-02-15 23:00,0.965,14.001
2024-02-16 00:00,0.958,13.672
2024-02-16 01:00,0.983,15.300
2024-02-16 02:00,0.985,15.623
2024-02-16 03:00,0.986,15.830
2024-02-16 04:00,0.987,15.896
2024-02-16 05:00,0.986,15.742
2024-02-16 06:00,0.984,15.416
2024-02-16 07:00,0.981,15.092
2024-02-16 08:00,0.980,14.975
2024-02-16 09:00,0.976,14.663
2024-02-16 10:00,0.970,14.262
2024-02-16 11:00,0.968,14.140
2024-02-16 12:00,0.964,13.974
2024-02-16 13:00,0.962,13.827
2024-02-16 14:00,0.957,13.614
2024-02-16 15:00,0.952,13.422
2024-02-16 16:00,0.948,13.278
2024-02-16 17:00,0.940,13.018
2024-02-16 18:00,0.924,12.558
2024-02-16 19:00,0.893,11.858
2024-02-16 20:00,0.836,10.905
2024-02-16 21:00,0.774,10.147
2024-02-16 22:00,0.731,9.721
2024-02-16 23:00,0.694,9.379
2024-02-17 00:00,0.626,8.802
2024-02-17 01:00,0.702,9.451
2024-02-17 02:00,0.867,11.385
2024-02-17 03:00,0.942,13.085
2024-02-17 04:00,0.972,14.385
2024-02-17 05:00,0.981,15.131
2024-02-17 06:00,0.981,15.055
2024-02-17 07:00,0.971,14.361
2024-02-17 08:00,0.968,14.181
2024-02-17 09:00,0.956,13.607
2024-02-17 10:00,0.952,13.452
2024-02-17 11:00,0.951,13.394
2024-02-17 12:00,0.951,13.397
2024-02-17 13:00,0.951,13.393
2024-02-17 14:00,0.949,13.321
2024-02-17 15:00,0.948,13.302
2024-02-17 16:00,0.945,13.185
2024-02-17 17:00,0.926,12.592
2024-02-17 18:00,0.845,11.040
2024-02-17 19:00,0.601,8.610
2024-02-17 20:00,0.343,6.708
2024-02-17 21:00,0.172,5.242
2024-02-17 22:00,0.093,4.267
2024-02-17 23:00,0.055,3.617
2024-02-18 00:00,0.028,2.970
2024-02-18 01:00,0.016,2.555
2024-02-18 02:00,0.021,2.760
2024-02-18 03:00,0.031,3.050
2024-02-18 04:00,0.037,3.217
2024-02-18 05:00,0.306,6.424
2024-02-18 06:00,0.724,9.643
2024-02-18 07:00,0.898,11.955
2024-02-18 08:00,0.946,13.202
2024-02-18 09:00,0.939,12.974
2024-02-18 10:00,0.924,12.543
2024-02-18 11:00,0.920,12.451
2024-02-18 12:00,0.936,12.897
2024-02-18 13:00,0.959,13.730
2024-02-18 14:00,0.970,14.293
2024-02-18 15:00,0.976,14.662
2024-02-18 16:00,0.980,15.041
2024-02-18 17:00,0.981,15.088
2024-02-18 18:00,0.980,15.035
2024-02-18 19:00,0.981,15.097
2024-02-18 20:00,0.981,15.110
2024-02-18 21:00,0.976,14.644
2024-02-18 22:00,0.964,13.973
2024-02-18 23:00,0.952,13.442
2024-02-19 00:00,0.945,13.162
2024-02-19 01:00,0.942,13.069
2024-02-19 02:00,0.939,12.970
2024-02-19 03:00,0.935,12.859
2024-02-19 04:00,0.924,12.549
2024-02-19 05:00,0.910,12.201
2024-02-19 06:00,0.904,12.077
2024-02-19 07:00,0.892,11.841
2024-02-19 08:00,0.883,11.651
2024-02-19 09:00,0.805,10.515
2024-02-19 10:00,0.741,9.811
2024-02-19 11:00,0.729,9.689
2024-02-19 12:00,0.700,9.421
2024-02-19 13:00,0.685,9.301
2024-02-19 14:00,0.657,9.051
2024-02-19 15:00,0.620,8.756
2024-02-19 16:00,0.639,8.912
2024-02-19 17:00,0.647,8.977
2024-02-19 18:00,0.635,8.879
2024-02-19 19:00,0.676,9.218
2024-02-19 20:00,0.695,9.388
2024-02-19 21:00,0.655,9.042
2024-02-19 22:00,0.650,8.996
2024-02-19 23:00,0.683,9.277
2024-02-20 00:00,0.722,9.629
2024-02-20 01:00,0.682,9.268
2024-02-20 02:00,0.622,8.774
2024-02-20 03:00,0.569,8.367
2024-02-20 04:00,0.583,8.476
2024-02-20 05:00,0.594,8.558
2024-02-20 06:00,0.594,8.549
2024-02-20 07:00,0.644,8.955
2024-02-20 08:00,0.736,9.766
2024-02-20 09:00,0.771,10.126
2024-02-20 10:00,0.721,9.622
2024-02-20 11:00,0.611,8.684
2024-02-20 12:00,0.565,8.331
2024-02-20 13:00,0.541,8.158
2024-02-20 14:00,0.580,8.442
2024-02-20 15:00,0.697,9.395
2024-02-20 16:00,0.805,10.514
2024-02-20 17:00,0.853,11.162
2024-02-20 18:00,0.861,11.277
2024-02-20 19:00,0.866,11.368
2024-02-20 20:00,0.868,11.394
2024-02-20 21:00,0.871,11.455
2024-02-20 22:00,0.860,11.258
2024-02-20 23:00,0.880,11.607
2024-02-21 00:00,0.909,12.174
2024-02-21 01:00,0.918,12.394
2024-02-21 02:00,0.916,12.345
2024-02-21 03:00,0.902,12.033
2024-02-21 04:00,0.896,11.902
2024-02-21 05:00,0.907,12.135
2024-02-21 06:00,0.924,12.542
2024-02-21 07:00,0.921,12.479
2024-02-21 08:00,0.881,11.624
2024-02-21 09:00,0.718,9.584
2024-02-21 10:00,0.644,8.953
2024-02-21 11:00,0.691,9.346
2024-02-21 12:00,0.715,9.564
2024-02-21 13:00,0.698,9.408
2024-02-21 14:00,0.663,9.109
2024-02-21 15:00,0.719,9.608
2024-02-21 16:00,0.719,9.608
2024-02-21 17:00,0.757,9.972
2024-02-21 18:00,0.752,9.929
2024-02-21 19:00,0.700,9.419
2024-02-21 20:00,0.639,8.901
2024-02-21 21:00,0.644,8.950
2024-02-21 22:00,0.631,8.844
2024-02-21 23:00,0.658,9.069
2024-02-22 00:00,0.692,9.359
2024-02-22 01:00,0.626,8.800
2024-02-22 02:00,0.607,8.656
2024-02-22 03:00,0.627,8.819
2024-02-22 04:00,0.658,9.066
2024-02-22 05:00,0.688,9.322
2024-02-22 06:00,0.702,9.441
2024-02-22 07:00,0.702,9.451
2024-02-22 08:00,0.647,8.979
2024-02-22 09:00,0.497,7.837
2024-02-22 10:00,0.537,8.127
2024-02-22 11:00,0.601,8.609
2024-02-22 12:00,0.639,8.902
2024-02-22 13:00,0.630,8.841
2024-02-22 14:00,0.639,8.912
2024-02-22 15:00,0.634,8.871
2024-02-22 16:00,0.607,8.660
2024-02-22 17:00,0.558,8.278
2024-02-22 18:00,0.525,8.038
2024-02-22 19:00,0.507,7.907
2024-02-22 20:00,0.491,7.794
2024-02-22 21:00,0.475,7.676
2024-02-22 22:00,0.458,7.559
2024-02-22 23:00,0.334,6.648
2024-02-23 00:00,0.173,5.245
2024-02-23 01:00,0.128,4.743
2024-02-23 02:00,0.091,4.244
2024-02-23 03:00,0.056,3.624
2024-02-23 04:00,0.023,2.825
2024-02-23 05:00,0.015,2.506
2024-02-23 06:00,0.016,2.545
2024-02-23 07:00,0.012,2.365
2024-02-23 08:00,0.015,2.517
2024-02-23 09:00,0.035,3.168
2024-02-23 10:00,0.042,3.341
2024-02-23 11:00,0.023,2.800
2024-02-23 12:00,0.015,2.527
2024-02-23 13:00,0.016,2.535
2024-02-23 14:00,0.011,2.297
2024-02-23 15:00,0.004,1.784
2024-02-23 16:00,0.003,1.745
2024-02-23 17:00,0.017,2.588
2024-02-23 18:00,0.033,3.102
2024-02-23 19:00,0.037,3.211
2024-02-23 20:00,0.042,3.328
2024-02-23 21:00,0.047,3.453
2024-02-23 22:00,0.061,3.724
2024-02-23 23:00,0.070,3.903
2024-02-24 00:00,0.052,3.568
2024-02-24 01:00,0.021,2.732
2024-02-24 02:00,0.008,2.138
2024-02-24 03:00,0.007,2.060
2024-02-24 04:00,0.017,2.615
2024-02-24 05:00,0.033,3.111
2024-02-24 06:00,0.031,3.071
2024-02-24 07:00,0.027,2.940
2024-02-24 08:00,0.025,2.893
2024-02-24 09:00,0.024,2.842
2024-02-24 10:00,0.013,2.419
2024-02-24 11:00,0.012,2.398
2024-02-24 12:00,0.051,3.535
2024-02-24 13:00,0.178,5.293
2024-02-24 14:00,0.354,6.795
2024-02-24 15:00,0.490,7.788
2024-02-24 16:00,0.541,8.157
2024-02-24 17:00,0.534,8.108
2024-02-24 18:00,0.537,8.129
2024-02-24 19:00,0.565,8.340
2024-02-24 20:00,0.610,8.680
2024-02-24 21:00,0.632,8.858
2024-02-24 22:00,0.646,8.972
2024-02-24 23:00,0.594,8.558
2024-02-25 00:00,0.799,10.435
2024-02-25 01:00,0.786,10.283
2024-02-25 02:00,0.722,9.628
2024-02-25 03:00,0.710,9.519
2024-02-25 04:00,0.721,9.621
2024-02-25 05:00,0.718,9.598
2024-02-25 06:00,0.709,9.507
2024-02-25 07:00,0.708,9.494
2024-02-25 08:00,0.675,9.213
2024-02-25 09:00,0.602,8.619
2024-02-25 10:00,0.683,9.280
2024-02-25 11:00,0.749,9.890
2024-02-25 12:00,0.770,10.108
2024-02-25 13:00,0.720,9.617
2024-02-25 14:00,0.610,8.680
2024-02-25 15:00,0.479,7.706
2024-02-25 16:00,0.353,6.787
2024-02-25 17:00,0.300,6.374
2024-02-25 18:00,0.286,6.264
2024-02-25 19:00,0.280,6.220
2024-02-25 20:00,0.268,6.120
2024-02-25 21:00,0.242,5.897
2024-02-25 22:00,0.204,5.549
2024-02-25 23:00,0.124,4.691
2024-02-26 00:00,0.045,3.411
2024-02-26 01:00,0.016,2.557
2024-02-26 02:00,0.001,1.468
2024-02-26 03:00,0,0.945
2024-02-26 04:00,0,0.678
2024-02-26 05:00,0,1.189
2024-02-26 06:00,0.008,2.164
2024-02-26 07:00,0.038,3.239
2024-02-26 08:00,0.129,4.754
2024-02-26 09:00,0.441,7.420
2024-02-26 10:00,0.683,9.282
2024-02-26 11:00,0.721,9.623
2024-02-26 12:00,0.685,9.300
2024-02-26 13:00,0.652,9.010
2024-02-26 14:00,0.599,8.600
2024-02-26 15:00,0.553,8.242
2024-02-26 16:00,0.512,7.944
2024-02-26 17:00,0.474,7.659
2024-02-26 18:00,0.465,7.602
2024-02-26 19:00,0.463,7.589
2024-02-26 20:00,0.465,7.606
2024-02-26 21:00,0.478,7.702
2024-02-26 22:00,0.486,7.754
2024-02-26 23:00,0.463,7.583
2024-02-27 00:00,0.428,7.341
2024-02-27 01:00,0.511,7.942
2024-02-27 02:00,0.473,7.654
2024-02-27 03:00,0.351,6.774
2024-02-27 04:00,0.287,6.277
2024-02-27 05:00,0.205,5.558
2024-02-27 06:00,0.122,4.667
2024-02-27 07:00,0.066,3.832
2024-02-27 08:00,0.040,3.298
2024-02-27 09:00,0.029,3.008
2024-02-27 10:00,0.026,2.915
2024-02-27 11:00,0.039,3.265
2024-02-27 12:00,0.061,3.732
2024-02-27 13:00,0.163,5.143
2024-02-27 14:00,0.382,7.001
2024-02-27 15:00,0.570,8.372
2024-02-27 16:00,0.621,8.758
2024-02-27 17:00,0.592,8.534
2024-02-27 18:00,0.530,8.075
2024-02-27 19:00,0.496,7.826
2024-02-27 20:00,0.477,7.694
2024-02-27 21:00,0.446,7.470
2024-02-27 22:00,0.410,7.207
2024-02-27 23:00,0.406,7.171
2024-02-28 00:00,0.355,6.804
2024-02-28 01:00,0.268,6.125
2024-02-28 02:00,0.214,5.652
2024-02-28 03:00,0.195,5.472
2024-02-28 04:00,0.168,5.192
2024-02-28 05:00,0.118,4.616
2024-02-28 06:00,0.074,3.977
2024-02-28 07:00,0.058,3.677
2024-02-28 08:00,0.080,4.068
2024-02-28 09:00,0.160,5.109
2024-02-28 10:00,0.157,5.079
2024-02-28 11:00,0.069,3.873
2024-02-28 12:00,0.013,2.417
2024-02-28 13:00,0.003,1.766
2024-02-28 14:00,0.028,2.960
2024-02-28 15:00,0.135,4.833
2024-02-28 16:00,0.271,6.148
2024-02-28 17:00,0.375,6.950
2024-02-28 18:00,0.450,7.498
2024-02-28 19:00,0.520,8.003
2024-02-28 20:00,0.556,8.270
2024-02-28 21:00,0.549,8.216
2024-02-28 22:00,0.479,7.710
2024-02-28 23:00,0.390,7.060
2024-02-29 00:00,0.589,8.519
2024-02-29 01:00,0.677,9.229
2024-02-29 02:00,0.768,10.088
2024-02-29 03:00,0.848,11.085
2024-02-29 04:00,0.899,11.980
2024-02-29 05:00,0.929,12.699
2024-02-29 06:00,0.948,13.274
2024-02-29 07:00,0.958,13.655
2024-02-29 08:00,0.958,13.651
2024-02-29 09:00,0.922,12.488
2024-02-29 10:00,0.836,10.896
2024-02-29 11:00,0.780,10.215
2024-02-29 12:00,0.769,10.097
2024-02-29 13:00,0.788,10.315
2024-02-29 14:00,0.788,10.317
2024-02-29 15:00,0.794,10.384
2024-02-29 16:00,0.778,10.192
2024-02-29 17:00,0.745,9.859
2024-02-29 18:00,0.675,9.214
2024-02-29 19:00,0.589,8.516
2024-02-29 20:00,0.547,8.202
2024-02-29 21:00,0.516,7.977
2024-02-29 22:00,0.457,7.546
2024-02-29 23:00,0.287,6.278
2024-03-01 00:00,0.403,7.161
2024-03-01 01:00,0.406,7.175
2024-03-01 02:00,0.396,7.101
2024-03-01 03:00,0.427,7.328
2024-03-01 04:00,0.509,7.916
2024-03-01 05:00,0.592,8.539
2024-03-01 06:00,0.691,9.347
2024-03-01 07:00,0.768,10.079
2024-03-01 08:00,0.715,9.564
2024-03-01 09:00,0.582,8.465
2024-03-01 10:00,0.531,8.079
2024-03-01 11:00,0.468,7.621
2024-03-01 12:00,0.418,7.258
2024-03-01 13:00,0.388,7.050
2024-03-01 14:00,0.355,6.802
2024-03-01 15:00,0.332,6.621
2024-03-01 16:00,0.370,6.911
2024-03-01 17:00,0.438,7.409
2024-03-01 18:00,0.472,7.645
2024-03-01 19:00,0.463,7.585
2024-03-01 20:00,0.429,7.345
2024-03-01 21:00,0.403,7.149
2024-03-01 22:00,0.401,7.135
2024-03-01 23:00,0.290,6.298
2024-03-02 00:00,0.365,6.868
2024-03-02 01:00,0.378,6.976
2024-03-02 02:00,0.381,6.987
2024-03-02 03:00,0.384,7.017
2024-03-02 04:00,0.381,6.991
2024-03-02 05:00,0.372,6.927
2024-03-02 06:00,0.375,6.943
2024-03-02 07:00,0.403,7.152
2024-03-02 08:00,0.424,7.312
2024-03-02 09:00,0.480,7.711
2024-03-02 10:00,0.549,8.217
2024-03-02 11:00,0.593,8.545
2024-03-02 12:00,0.621,8.758
2024-03-02 13:00,0.594,8.556
2024-03-02 14:00,0.587,8.501
2024-03-02 15:00,0.553,8.243
2024-03-02 16:00,0.532,8.083
2024-03-02 17:00,0.509,7.916
2024-03-02 18:00,0.491,7.797
2024-03-02 19:00,0.460,7.570
2024-03-02 20:00,0.431,7.361
2024-03-02 21:00,0.435,7.384
2024-03-02 22:00,0.450,7.496
2024-03-02 23:00,0.316,6.510
2024-03-03 00:00,0.303,6.401
2024-03-03 01:00,0.428,7.338
2024-03-03 02:00,0.407,7.183
2024-03-03 03:00,0.344,6.713
2024-03-03 04:00,0.284,6.241
2024-03-03 05:00,0.245,5.925
2024-03-03 06:00,0.215,5.656
2024-03-03 07:00,0.168,5.193
2024-03-03 08:00,0.086,4.167
2024-03-03 09:00,0.052,3.564
2024-03-03 10:00,0.052,3.568
2024-03-03 11:00,0.050,3.519
2024-03-03 12:00,0.057,3.655
2024-03-03 13:00,0.094,4.285
2024-03-03 14:00,0.183,5.348
2024-03-03 15:00,0.289,6.296
2024-03-03 16:00,0.320,6.535
2024-03-03 17:00,0.291,6.305
2024-03-03 18:00,0.247,5.942
2024-03-03 19:00,0.195,5.466
2024-03-03 20:00,0.161,5.117
2024-03-03 21:00,0.125,4.704
2024-03-03 22:00,0.099,4.357
2024-03-03 23:00,0.055,3.617
2024-03-04 00:00,0.026,2.923
2024-03-04 01:00,0.049,3.496
2024-03-04 02:00,0.053,3.575
2024-03-04 03:00,0.045,3.408
2024-03-04 04:00,0.040,3.298
2024-03-04 05:00,0.032,3.089
2024-03-04 06:00,0.047,3.445
2024-03-04 07:00,0.066,3.828
2024-03-04 08:00,0.104,4.434
2024-03-04 09:00,0.198,5.495
2024-03-04 10:00,0.250,5.962
2024-03-04 11:00,0.225,5.751
2024-03-04 12:00,0.184,5.361
2024-03-04 13:00,0.141,4.896
2024-03-04 14:00,0.096,4.309
2024-03-04 15:00,0.067,3.842
2024-03-04 16:00,0.054,3.595
2024-03-04 17:00,0.053,3.585
2024-03-04 18:00,0.068,3.863
2024-03-04 19:00,0.093,4.270
2024-03-04 20:00,0.091,4.245
2024-03-04 21:00,0.091,4.237
2024-03-04 22:00,0.092,4.261
2024-03-04 23:00,0.057,3.666
2024-03-05 00:00,0.049,3.478
2024-03-05 01:00,0.050,3.511
2024-03-05 02:00,0.041,3.320
2024-03-05 03:00,0.029,3.006
2024-03-05 04:00,0.019,2.689
2024-03-05 05:00,0.018,2.618
2024-03-05 06:00,0.030,3.025
2024-03-05 07:00,0.050,3.521
2024-03-05 08:00,0.086,4.161
2024-03-05 09:00,0.116,4.596
2024-03-05 10:00,0.127,4.736
2024-03-05 11:00,0.160,5.107
2024-03-05 12:00,0.285,6.254
2024-03-05 13:00,0.500,7.857
2024-03-05 14:00,0.565,8.336
2024-03-05 15:00,0.479,7.707
2024-03-05 16:00,0.399,7.120
2024-03-05 17:00,0.385,7.024
2024-03-05 18:00,0.406,7.177
2024-03-05 19:00,0.426,7.321
2024-03-05 20:00,0.443,7.445
2024-03-05 21:00,0.450,7.498
2024-03-05 22:00,0.454,7.524
2024-03-05 23:00,0.300,6.371
2024-03-06 00:00,0.327,6.580
2024-03-06 01:00,0.327,6.583
2024-03-06 02:00,0.238,5.865
2024-03-06 03:00,0.166,5.174
2024-03-06 04:00,0.119,4.619
2024-03-06 05:00,0.090,4.225
2024-03-06 06:00,0.074,3.964
2024-03-06 07:00,0.058,3.687
2024-03-06 08:00,0.031,3.055
2024-03-06 09:00,0.011,2.293
2024-03-06 10:00,0.002,1.530
2024-03-06 11:00,0.002,1.610
2024-03-06 12:00,0.027,2.945
2024-03-06 13:00,0.081,4.080
2024-03-06 14:00,0.133,4.801
2024-03-06 15:00,0.161,5.118
2024-03-06 16:00,0.186,5.382
2024-03-06 17:00,0.223,5.731
2024-03-06 18:00,0.256,6.018
2024-03-06 19:00,0.275,6.179
2024-03-06 20:00,0.295,6.333
2024-03-06 21:00,0.327,6.580
2024-03-06 22:00,0.352,6.784
2024-03-06 23:00,0.276,6.183
2024-03-07 00:00,0.216,5.667
2024-03-07 01:00,0.341,6.700
2024-03-07 02:00,0.382,7.004
2024-03-07 03:00,0.469,7.634
2024-03-07 04:00,0.594,8.557
2024-03-07 05:00,0.716,9.571
2024-03-07 06:00,0.794,10.368
2024-03-07 07:00,0.843,11.008
2024-03-07 08:00,0.875,11.506
2024-03-07 09:00,0.811,10.575
2024-03-07 10:00,0.624,8.787
2024-03-07 11:00,0.533,8.094
2024-03-07 12:00,0.550,8.228
2024-03-07 13:00,0.582,8.468
2024-03-07 14:00,0.562,8.312
2024-03-07 15:00,0.562,8.314
2024-03-07 16:00,0.581,8.458
2024-03-07 17:00,0.597,8.574
2024-03-07 18:00,0.646,8.973
2024-03-07 19:00,0.674,9.189
2024-03-07 20:00,0.683,9.278
2024-03-07 21:00,0.664,9.118
2024-03-07 22:00,0.633,8.864
2024-03-07 23:00,0.500,7.856
2024-03-08 00:00,0.753,9.923
2024-03-08 01:00,0.790,10.326
2024-03-08 02:00,0.745,9.854
2024-03-08 03:00,0.671,9.172
2024-03-08 04:00,0.585,8.484
2024-03-08 05:00,0.491,7.796
2024-03-08 06:00,0.402,7.141
2024-03-08 07:00,0.311,6.461
2024-03-08 08:00,0.195,5.460
2024-03-08 09:00,0.110,4.518
2024-03-08 10:00,0.066,3.832
2024-03-08 11:00,0.029,3.013
2024-03-08 12:00,0.031,3.055
2024-03-08 13:00,0.089,4.206
2024-03-08 14:00,0.177,5.278
2024-03-08 15:00,0.241,5.888
2024-03-08 16:00,0.269,6.134
2024-03-08 17:00,0.279,6.204
2024-03-08 18:00,0.297,6.350
2024-03-08 19:00,0.342,6.703
2024-03-08 20:00,0.385,7.025
2024-03-08 21:00,0.395,7.093
2024-03-08 22:00,0.360,6.842
2024-03-08 23:00,0.239,5.870
2024-03-09 00:00,0.044,3.378
2024-03-09 01:00,0.028,2.961
2024-03-09 02:00,0.060,3.714
2024-03-09 03:00,0.056,3.645
2024-03-09 04:00,0.043,3.367
2024-03-09 05:00,0.023,2.827
2024-03-09 06:00,0.016,2.550
2024-03-09 07:00,0.038,3.246
2024-03-09 08:00,0.063,3.772
2024-03-09 09:00,0.154,5.032
2024-03-09 10:00,0.161,5.119
2024-03-09 11:00,0.115,4.584
2024-03-09 12:00,0.087,4.176
2024-03-09 13:00,0.099,4.360
2024-03-09 14:00,0.164,5.151
2024-03-09 15:00,0.355,6.806
2024-03-09 16:00,0.466,7.611
2024-03-09 17:00,0.500,7.848
2024-03-09 18:00,0.492,7.798
2024-03-09 19:00,0.468,7.627
2024-03-09 20:00,0.448,7.482
2024-03-09 21:00,0.434,7.379
2024-03-09 22:00,0.395,7.093
2024-03-09 23:00,0.235,5.836
2024-03-10 00:00,0.054,3.609
2024-03-10 01:00,0.030,3.016
2024-03-10 02:00,0.106,4.460
2024-03-10 03:00,0.166,5.172
2024-03-10 04:00,0.199,5.513
2024-03-10 05:00,0.194,5.455
2024-03-10 06:00,0.150,5.003
2024-03-10 07:00,0.103,4.403
2024-03-10 08:00,0.104,4.433
2024-03-10 09:00,0.100,4.364
2024-03-10 10:00,0.103,4.418
2024-03-10 11:00,0.154,5.039
2024-03-10 12:00,0.262,6.067
2024-03-10 13:00,0.403,7.150
2024-03-10 14:00,0.491,7.794
2024-03-10 15:00,0.536,8.115
2024-03-10 16:00,0.519,7.992
2024-03-10 17:00,0.462,7.577
2024-03-10 18:00,0.452,7.505
2024-03-10 19:00,0.471,7.642
2024-03-10 20:00,0.504,7.889
2024-03-10 21:00,0.549,8.219
2024-03-10 22:00,0.607,8.652
2024-03-10 23:00,0.744,9.844
2024-03-11 00:00,0.718,9.596
2024-03-11 01:00,0.682,9.275
2024-03-11 02:00,0.654,9.025
2024-03-11 03:00,0.621,8.765
2024-03-11 04:00,0.592,8.534
2024-03-11 05:00,0.568,8.355
2024-03-11 06:00,0.557,8.272
2024-03-11 07:00,0.556,8.259
2024-03-11 08:00,0.503,7.875
2024-03-11 09:00,0.365,6.874
2024-03-11 10:00,0.228,5.773
2024-03-11 11:00,0.161,5.128
2024-03-11 12:00,0.200,5.518
2024-03-11 13:00,0.333,6.638
2024-03-11 14:00,0.450,7.494
2024-03-11 15:00,0.528,8.057
2024-03-11 16:00,0.575,8.402
2024-03-11 17:00,0.599,8.597
2024-03-11 18:00,0.607,8.648
2024-03-11 19:00,0.595,8.564
2024-03-11 20:00,0.586,8.488
2024-03-11 21:00,0.584,8.478
2024-03-11 22:00,0.569,8.364
2024-03-11 23:00,0.386,7.035
2024-03-12 00:00,0.500,7.859
2024-03-12 01:00,0.589,8.511
2024-03-12 02:00,0.466,7.609
2024-03-12 03:00,0.362,6.851
2024-03-12 04:00,0.297,6.350
2024-03-12 05:00,0.263,6.075
2024-03-12 06:00,0.246,5.932
2024-03-12 07:00,0.223,5.734
2024-03-12 08:00,0.195,5.469
2024-03-12 09:00,0.254,6.000
2024-03-12 10:00,0.337,6.663
2024-03-12 11:00,0.368,6.891
2024-03-12 12:00,0.315,6.502
2024-03-12 13:00,0.278,6.195
2024-03-12 14:00,0.317,6.514
2024-03-12 15:00,0.406,7.178
2024-03-12 16:00,0.496,7.825
2024-03-12 17:00,0.573,8.393
2024-03-12 18:00,0.630,8.843
2024-03-12 19:00,0.651,9.005
2024-03-12 20:00,0.634,8.871
2024-03-12 21:00,0.594,8.550
2024-03-12 22:00,0.544,8.173
2024-03-12 23:00,0.321,6.546
2024-03-13 00:00,0.329,6.603
2024-03-13 01:00,0.365,6.868
2024-03-13 02:00,0.326,6.575
2024-03-13 03:00,0.309,6.448
2024-03-13 04:00,0.314,6.484
2024-03-13 05:00,0.322,6.556
2024-03-13 06:00,0.327,6.585
2024-03-13 07:00,0.306,6.423
2024-03-13 08:00,0.217,5.677
2024-03-13 09:00,0.143,4.921
2024-03-13 10:00,0.066,3.829
2024-03-13 11:00,0.017,2.603
2024-03-13 12:00,0.005,1.932
2024-03-13 13:00,0.028,2.968
2024-03-13 14:00,0.119,4.619
2024-03-13 15:00,0.245,5.929
2024-03-13 16:00,0.335,6.654
2024-03-13 17:00,0.384,7.013
2024-03-13 18:00,0.432,7.364
2024-03-13 19:00,0.480,7.714
2024-03-13 20:00,0.510,7.925
2024-03-13 21:00,0.538,8.136
2024-03-13 22:00,0.565,8.337
2024-03-13 23:00,0.422,7.296
2024-03-14 00:00,0.264,6.088
2024-03-14 01:00,0.470,7.637
2024-03-14 02:00,0.565,8.331
2024-03-14 03:00,0.602,8.622
2024-03-14 04:00,0.671,9.173
2024-03-14 05:00,0.753,9.933
2024-03-14 06:00,0.802,10.476
2024-03-14 07:00,0.804,10.497
2024-03-14 08:00,0.766,10.069
2024-03-14 09:00,0.861,11.273
2024-03-14 10:00,0.929,12.672
2024-03-14 11:00,0.951,13.375
2024-03-14 12:00,0.957,13.633
2024-03-14 13:00,0.947,13.247
2024-03-14 14:00,0.921,12.474
2024-03-14 15:00,0.869,11.416
2024-03-14 16:00,0.764,10.052
2024-03-14 17:00,0.634,8.868
2024-03-14 18:00,0.543,8.166
2024-03-14 19:00,0.479,7.709
2024-03-14 20:00,0.460,7.572
2024-03-14 21:00,0.456,7.538
2024-03-14 22:00,0.449,7.487
2024-03-14 23:00,0.297,6.347
2024-03-15 00:00,0.308,6.439
2024-03-15 01:00,0.234,5.829
2024-03-15 02:00,0.109,4.503
2024-03-15 03:00,0.049,3.495
2024-03-15 04:00,0.014,2.461
2024-03-15 05:00,0.007,2.065
2024-03-15 06:00,0.037,3.207
2024-03-15 07:00,0.091,4.250
2024-03-15 08:00,0.270,6.139
2024-03-15 09:00,0.662,9.099
2024-03-15 10:00,0.832,10.848
2024-03-15 11:00,0.850,11.100
2024-03-15 12:00,0.836,10.900
2024-03-15 13:00,0.794,10.375
2024-03-15 14:00,0.774,10.158
2024-03-15 15:00,0.773,10.144
2024-03-15 16:00,0.764,10.052
2024-03-15 17:00,0.745,9.855
2024-03-15 18:00,0.744,9.833
2024-03-15 19:00,0.753,9.933
2024-03-15 20:00,0.760,10.008
2024-03-15 21:00,0.758,9.989
2024-03-15 22:00,0.771,10.119
2024-03-15 23:00,0.746,9.868
2024-03-16 00:00,0.710,9.512
2024-03-16 01:00,0.714,9.557
2024-03-16 02:00,0.836,10.909
2024-03-16 03:00,0.936,12.892
2024-03-16 04:00,0.971,14.305
2024-03-16 05:00,0.987,15.914
2024-03-16 06:00,0.986,17.184
2024-03-16 07:00,0.981,17.751
2024-03-16 08:00,0.970,18.508
2024-03-16 09:00,0.973,18.317
2024-03-16 10:00,0.987,16.911
2024-03-16 11:00,0.986,17.195
2024-03-16 12:00,0.976,18.122
2024-03-16 13:00,0.959,19.008
2024-03-16 14:00,0.959,18.971
2024-03-16 15:00,0.984,17.396
2024-03-16 16:00,0.983,15.301
2024-03-16 17:00,0.943,13.130
2024-03-16 18:00,0.853,11.156
2024-03-16 19:00,0.778,10.197
2024-03-16 20:00,0.660,9.084
2024-03-16 21:00,0.526,8.045
2024-03-16 22:00,0.403,7.158
2024-03-16 23:00,0.390,7.064
2024-03-17 00:00,0.327,6.579
2024-03-17 01:00,0.208,5.586
2024-03-17 02:00,0.091,4.249
2024-03-17 03:00,0.029,3.004
2024-03-17 04:00,0.023,2.807
2024-03-17 05:00,0.050,3.510
2024-03-17 06:00,0.080,4.078
2024-03-17 07:00,0.071,3.923
2024-03-17 08:00,0.017,2.586
2024-03-17 09:00,0.045,3.418
2024-03-17 10:00,0.102,4.392
2024-03-17 11:00,0.077,4.019
2024-03-17 12:00,0.088,4.200
2024-03-17 13:00,0.137,4.854
2024-03-17 14:00,0.171,5.232
2024-03-17 15:00,0.218,5.682
2024-03-17 16:00,0.315,6.491
2024-03-17 17:00,0.421,7.283
2024-03-17 18:00,0.453,7.515
2024-03-17 19:00,0.420,7.276
2024-03-17 20:00,0.406,7.169
2024-03-17 21:00,0.400,7.135
2024-03-17 22:00,0.352,6.778
2024-03-17 23:00,0.344,6.718
2024-03-18 00:00,0.280,6.217
2024-03-18 01:00,0.150,5.001
2024-03-18 02:00,0.088,4.198
2024-03-18 03:00,0.062,3.750
2024-03-18 04:00,0.052,3.569
2024-03-18 05:00,0.059,3.696
2024-03-18 06:00,0.074,3.975
2024-03-18 07:00,0.092,4.259
2024-03-18 08:00,0.087,4.187
2024-03-18 09:00,0.072,3.933
2024-03-18 10:00,0.063,3.782
2024-03-18 11:00,0.056,3.627
2024-03-18 12:00,0.062,3.761
2024-03-18 13:00,0.194,5.448
2024-03-18 14:00,0.545,8.186
2024-03-18 15:00,0.799,10.437
2024-03-18 16:00,0.856,11.199
2024-03-18 17:00,0.857,11.214
2024-03-18 18:00,0.827,10.784
2024-03-18 19:00,0.751,9.905
2024-03-18 20:00,0.626,8.799
2024-03-18 21:00,0.519,7.996
2024-03-18 22:00,0.441,7.420
2024-03-18 23:00,0.663,9.111
2024-03-19 00:00,0.875,11.505
2024-03-19 01:00,0.856,11.199
2024-03-19 02:00,0.833,10.862
2024-03-19 03:00,0.820,10.698
2024-03-19 04:00,0.826,10.765
2024-03-19 05:00,0.846,11.060
2024-03-19 06:00,0.890,11.784
2024-03-19 07:00,0.933,12.801
2024-03-19 08:00,0.953,13.468
2024-03-19 09:00,0.937,12.932
2024-03-19 10:00,0.918,12.395
2024-03-19 11:00,0.919,12.422
2024-03-19 12:00,0.917,12.367
2024-03-19 13:00,0.916,12.347
2024-03-19 14:00,0.904,12.081
2024-03-19 15:00,0.880,11.609
2024-03-19 16:00,0.831,10.829
2024-03-19 17:00,0.734,9.738
2024-03-19 18:00,0.607,8.658
2024-03-19 19:00,0.501,7.864
2024-03-19 20:00,0.385,7.028
2024-03-19 21:00,0.310,6.454
2024-03-19 22:00,0.246,5.938
2024-03-19 23:00,0.332,6.618
2024-03-20 00:00,0.350,6.758
2024-03-20 01:00,0.271,6.148
2024-03-20 02:00,0.241,5.888
2024-03-20 03:00,0.252,5.976
2024-03-20 04:00,0.309,6.452
2024-03-20 05:00,0.409,7.200
2024-03-20 06:00,0.507,7.912
2024-03-20 07:00,0.559,8.280
2024-03-20 08:00,0.510,7.925
2024-03-20 09:00,0.406,7.177
2024-03-20 10:00,0.297,6.358
2024-03-20 11:00,0.208,5.590
2024-03-20 12:00,0.174,5.256
2024-03-20 13:00,0.185,5.376
2024-03-20 14:00,0.222,5.717
2024-03-20 15:00,0.253,5.997
2024-03-20 16:00,0.267,6.105
2024-03-20 17:00,0.261,6.061
2024-03-20 18:00,0.237,5.858
2024-03-20 19:00,0.208,5.595
2024-03-20 20:00,0.195,5.473
2024-03-20 21:00,0.185,5.372
2024-03-20 22:00,0.195,5.465
2024-03-20 23:00,0.135,4.826
2024-03-21 00:00,0.295,6.341
2024-03-21 01:00,0.504,7.890
2024-03-21 02:00,0.554,8.252
2024-03-21 03:00,0.630,8.843
2024-03-21 04:00,0.705,9.474
2024-03-21 05:00,0.780,10.219
2024-03-21 06:00,0.845,11.045
2024-03-21 07:00,0.893,11.853
2024-03-21 08:00,0.906,12.117
2024-03-21 09:00,0.896,11.906
2024-03-21 10:00,0.870,11.438
2024-03-21 11:00,0.817,10.660
2024-03-21 12:00,0.729,9.699
2024-03-21 13:00,0.684,9.292
2024-03-21 14:00,0.708,9.496
2024-03-21 15:00,0.705,9.475
2024-03-21 16:00,0.641,8.918
2024-03-21 17:00,0.540,8.145
2024-03-21 18:00,0.421,7.287
2024-03-21 19:00,0.336,6.656
2024-03-21 20:00,0.345,6.724
2024-03-21 21:00,0.428,7.330
2024-03-21 22:00,0.456,7.543
2024-03-21 23:00,0.375,6.947
2024-03-22 00:00,0.522,8.012
2024-03-22 01:00,0.808,10.553
2024-03-22 02:00,0.844,11.014
2024-03-22 03:00,0.869,11.421
2024-03-22 04:00,0.897,11.922
2024-03-22 05:00,0.910,12.205
2024-03-22 06:00,0.915,12.338
2024-03-22 07:00,0.920,12.458
2024-03-22 08:00,0.908,12.168
2024-03-22 09:00,0.832,10.859
2024-03-22 10:00,0.780,10.222
2024-03-22 11:00,0.725,9.653
2024-03-22 12:00,0.628,8.821
2024-03-22 13:00,0.456,7.541
2024-03-22 14:00,0.297,6.359
2024-03-22 15:00,0.258,6.034
2024-03-22 16:00,0.344,6.717
2024-03-22 17:00,0.421,7.292
2024-03-22 18:00,0.436,7.390
2024-03-22 19:00,0.403,7.157
2024-03-22 20:00,0.348,6.742
2024-03-22 21:00,0.332,6.630
2024-03-22 22:00,0.380,6.986
2024-03-22 23:00,0.298,6.363
2024-03-23 00:00,0.165,5.161
2024-03-23 01:00,0.271,6.143
2024-03-23 02:00,0.315,6.496
2024-03-23 03:00,0.347,6.734
2024-03-23 04:00,0.336,6.657
2024-03-23 05:00,0.295,6.335
2024-03-23 06:00,0.248,5.948
2024-03-23 07:00,0.166,5.173
2024-03-23 08:00,0.065,3.821
2024-03-23 09:00,0.063,3.778
2024-03-23 10:00,0.203,5.532
2024-03-23 11:00,0.599,8.595
2024-03-23 12:00,0.896,11.901
2024-03-23 13:00,0.914,12.317
2024-03-23 14:00,0.893,11.844
2024-03-23 15:00,0.865,11.343
2024-03-23 16:00,0.824,10.749
2024-03-23 17:00,0.746,9.868
2024-03-23 18:00,0.656,9.045
2024-03-23 19:00,0.544,8.180
2024-03-23 20:00,0.463,7.580
2024-03-23 21:00,0.370,6.913
2024-03-23 22:00,0.306,6.430
2024-03-23 23:00,0.336,6.660
2024-03-24 00:00,0.290,6.304
2024-03-24 01:00,0.224,5.741
2024-03-24 02:00,0.173,5.252
2024-03-24 03:00,0.126,4.721
2024-03-24 04:00,0.070,3.899
2024-03-24 05:00,0.037,3.214
2024-03-24 06:00,0.017,2.579
2024-03-24 07:00,0.008,2.126
2024-03-24 08:00,0.007,2.076
2024-03-24 09:00,0.010,2.273
2024-03-24 10:00,0.018,2.648
2024-03-24 11:00,0.021,2.760
2024-03-24 12:00,0.016,2.543
2024-03-24 13:00,0.007,2.055
2024-03-24 14:00,0.002,1.622
2024-03-24 15:00,0.002,1.624
2024-03-24 16:00,0.004,1.844
2024-03-24 17:00,0.006,1.978
2024-03-24 18:00,0.005,1.877
2024-03-24 19:00,0.003,1.707
2024-03-24 20:00,0.003,1.652
2024-03-24 21:00,0.008,2.145
2024-03-24 22:00,0.023,2.794
2024-03-24 23:00,0.038,3.225
2024-03-25 00:00,0.062,3.766
2024-03-25 01:00,0.075,3.990
2024-03-25 02:00,0.114,4.559
2024-03-25 03:00,0.122,4.659
2024-03-25 04:00,0.113,4.544
2024-03-25 05:00,0.113,4.547
2024-03-25 06:00,0.108,4.480
2024-03-25 07:00,0.120,4.636
2024-03-25 08:00,0.105,4.444
2024-03-25 09:00,0.125,4.709
2024-03-25 10:00,0.169,5.212
2024-03-25 11:00,0.162,5.135
2024-03-25 12:00,0.122,4.671
2024-03-25 13:00,0.068,3.866
2024-03-25 14:00,0.021,2.755
2024-03-25 15:00,0.002,1.559
2024-03-25 16:00,0.002,1.614
2024-03-25 17:00,0.010,2.254
2024-03-25 18:00,0.017,2.586
2024-03-25 19:00,0.023,2.801
2024-03-25 20:00,0.031,3.062
2024-03-25 21:00,0.038,3.243
2024-03-25 22:00,0.045,3.411
2024-03-25 23:00,0.041,3.321
2024-03-26 00:00,0.116,4.595
2024-03-26 01:00,0.208,5.582
2024-03-26 02:00,0.326,6.576
2024-03-26 03:00,0.442,7.434
2024-03-26 04:00,0.492,7.805
2024-03-26 05:00,0.559,8.288
2024-03-26 06:00,0.649,8.985
2024-03-26 07:00,0.695,9.388
2024-03-26 08:00,0.632,8.858
2024-03-26 09:00,0.642,8.936
2024-03-26 10:00,0.781,10.234
2024-03-26 11:00,0.849,11.096
2024-03-26 12:00,0.866,11.355
2024-03-26 13:00,0.855,11.195
2024-03-26 14:00,0.819,10.691
2024-03-26 15:00,0.831,10.844
2024-03-26 16:00,0.841,10.982
2024-03-26 17:00,0.832,10.854
2024-03-26 18:00,0.804,10.489
2024-03-26 19:00,0.780,10.224
2024-03-26 20:00,0.778,10.196
2024-03-26 21:00,0.804,10.500
2024-03-26 22:00,0.758,9.985
2024-03-26 23:00,0.698,9.408
2024-03-27 00:00,0.835,10.893
2024-03-27 01:00,0.919,12.418
2024-03-27 02:00,0.937,12.899
2024-03-27 03:00,0.950,13.358
2024-03-27 04:00,0.962,13.859
2024-03-27 05:00,0.970,14.276
2024-03-27 06:00,0.966,14.056
2024-03-27 07:00,0.946,13.199
2024-03-27 08:00,0.904,12.078
2024-03-27 09:00,0.865,11.336
2024-03-27 10:00,0.834,10.884
2024-03-27 11:00,0.794,10.369
2024-03-27 12:00,0.835,10.886
2024-03-27 13:00,0.922,12.499
2024-03-27 14:00,0.944,13.151
2024-03-27 15:00,0.966,14.052
2024-03-27 16:00,0.979,14.891
2024-03-27 17:00,0.980,15.017
2024-03-27 18:00,0.983,15.354
2024-03-27 19:00,0.982,15.159
2024-03-27 20:00,0.973,14.455
2024-03-27 21:00,0.950,13.357
2024-03-27 22:00,0.915,12.338
2024-03-27 23:00,0.944,13.143
2024-03-28 00:00,0.956,13.597
2024-03-28 01:00,0.950,13.340
2024-03-28 02:00,0.944,13.151
2024-03-28 03:00,0.953,13.459
2024-03-28 04:00,0.965,14.014
2024-03-28 05:00,0.971,14.337
2024-03-28 06:00,0.970,14.266
2024-03-28 07:00,0.965,14.009
2024-03-28 08:00,0.956,13.607
2024-03-28 09:00,0.926,12.618
2024-03-28 10:00,0.862,11.300
2024-03-28 11:00,0.759,9.993
2024-03-28 12:00,0.635,8.883
2024-03-28 13:00,0.591,8.527
2024-03-28 14:00,0.550,8.224
2024-03-28 15:00,0.544,8.172
2024-03-28 16:00,0.645,8.964
2024-03-28 17:00,0.768,10.081
2024-03-28 18:00,0.782,10.241
2024-03-28 19:00,0.792,10.354
2024-03-28 20:00,0.796,10.397
2024-03-28 21:00,0.787,10.299
2024-03-28 22:00,0.744,9.839
2024-03-28 23:00,0.901,12.010
2024-03-29 00:00,0.969,14.223
2024-03-29 01:00,0.983,15.322
2024-03-29 02:00,0.988,16.153
2024-03-29 03:00,0.987,16.873
2024-03-29 04:00,0.985,17.369
2024-03-29 05:00,0.981,17.775
2024-03-29 06:00,0.979,17.951
2024-03-29 07:00,0.981,17.734
2024-03-29 08:00,0.987,16.930
2024-03-29 09:00,0.974,14.509
2024-03-29 10:00,0.904,12.086
2024-03-29 11:00,0.845,11.041
2024-03-29 12:00,0.792,10.352
2024-03-29 13:00,0.751,9.912
2024-03-29 14:00,0.732,9.727
2024-03-29 15:00,0.747,9.873
2024-03-29 16:00,0.760,10.009
2024-03-29 17:00,0.765,10.058
2024-03-29 18:00,0.774,10.154
2024-03-29 19:00,0.789,10.318
2024-03-29 20:00,0.787,10.302
2024-03-29 21:00,0.780,10.219
2024-03-29 22:00,0.753,9.933
2024-03-29 23:00,0.901,12.006
2024-03-30 00:00,0.955,13.555
2024-03-30 01:00,0.949,13.317
2024-03-30 02:00,0.926,12.593
2024-03-30 03:00,0.907,12.147
2024-03-30 04:00,0.900,11.990
2024-03-30 05:00,0.902,12.045
2024-03-30 06:00,0.902,12.038
2024-03-30 07:00,0.889,11.757
2024-03-30 08:00,0.838,10.940
2024-03-30 09:00,0.630,8.836
2024-03-30 10:00,0.428,7.337
2024-03-30 11:00,0.260,6.046
2024-03-30 12:00,0.137,4.848
2024-03-30 13:00,0.070,3.901
2024-03-30 14:00,0.047,3.443
2024-03-30 15:00,0.050,3.524
2024-03-30 16:00,0.035,3.169
2024-03-30 17:00,0.013,2.412
2024-03-30 18:00,0.003,1.718
2024-03-30 19:00,0.004,1.829
2024-03-30 20:00,0.002,1.608
2024-03-30 21:00,0.001,1.462
2024-03-30 22:00,0.001,1.416
2024-03-30 23:00,0.001,1.420
2024-03-31 00:00,0,0.654
2024-03-31 01:00,0,1.138
2024-03-31 02:00,0.003,1.743
2024-03-31 03:00,0.022,2.787
2024-03-31 04:00,0.078,4.034
2024-03-31 05:00,0.174,5.255
2024-03-31 06:00,0.300,6.373
2024-03-31 07:00,0.419,7.273
2024-03-31 08:00,0.513,7.954
2024-03-31 09:00,0.516,7.972
2024-03-31 10:00,0.582,8.466
2024-03-31 11:00,0.514,7.959
2024-03-31 12:00,0.332,6.631
2024-03-31 13:00,0.171,5.233
2024-03-31 14:00,0.070,3.903
2024-03-31 15:00,0.022,2.780
2024-03-31 16:00,0.005,1.935
2024-03-31 17:00,0.003,1.774
2024-03-31 18:00,0.005,1.917
2024-03-31 19:00,0.004,1.860
2024-03-31 20:00,0.005,1.967
2024-03-31 21:00,0.007,2.093
2024-03-31 22:00,0.007,2.052
2024-03-31 23:00,0.004,1.844
2024-04-01 00:00,0,1.077
2024-04-01 01:00,0,0.858
2024-04-01 02:00,0.002,1.569
2024-04-01 03:00,0.018,2.645
2024-04-01 04:00,0.101,4.377
2024-04-01 05:00,0.324,6.564
2024-04-01 06:00,0.495,7.819
2024-04-01 07:00,0.522,8.011
2024-04-01 08:00,0.586,8.488
2024-04-01 09:00,0.693,9.367
2024-04-01 10:00,0.729,9.697
2024-04-01 11:00,0.676,9.222
2024-04-01 12:00,0.599,8.595
2024-04-01 13:00,0.522,8.010
2024-04-01 14:00,0.525,8.034
2024-04-01 15:00,0.560,8.295
2024-04-01 16:00,0.516,7.974
2024-04-01 17:00,0.412,7.223
2024-04-01 18:00,0.311,6.465
2024-04-01 19:00,0.222,5.711
2024-04-01 20:00,0.141,4.899
2024-04-01 21:00,0.163,5.140
2024-04-01 22:00,0.240,5.885
2024-04-01 23:00,0.145,4.950
2024-04-02 00:00,0.137,4.848
2024-04-02 01:00,0.182,5.337
2024-04-02 02:00,0.294,6.329
2024-04-02 03:00,0.418,7.264
2024-04-02 04:00,0.483,7.732
2024-04-02 05:00,0.480,7.713
2024-04-02 06:00,0.394,7.087
2024-04-02 07:00,0.381,6.993
2024-04-02 08:00,0.516,7.977
2024-04-02 09:00,0.637,8.893
2024-04-02 10:00,0.804,10.494
2024-04-02 11:00,0.847,11.070
2024-04-02 12:00,0.798,10.425
2024-04-02 13:00,0.693,9.372
2024-04-02 14:00,0.544,8.169
2024-04-02 15:00,0.431,7.359
2024-04-02 16:00,0.390,7.066
2024-04-02 17:00,0.356,6.809
2024-04-02 18:00,0.299,6.366
2024-04-02 19:00,0.238,5.863
2024-04-02 20:00,0.199,5.512
2024-04-02 21:00,0.174,5.255
2024-04-02 22:00,0.138,4.859
2024-04-02 23:00,0.057,3.657
2024-04-03 00:00,0.014,2.488
2024-04-03 01:00,0.029,3.005
2024-04-03 02:00,0.061,3.727
2024-04-03 03:00,0.093,4.274
2024-04-03 04:00,0.121,4.640
2024-04-03 05:00,0.172,5.238
2024-04-03 06:00,0.221,5.702
2024-04-03 07:00,0.286,6.258
2024-04-03 08:00,0.444,7.455
2024-04-03 09:00,0.699,9.417
2024-04-03 10:00,0.861,11.288
2024-04-03 11:00,0.853,11.149
2024-04-03 12:00,0.786,10.293
2024-04-03 13:00,0.702,9.447
2024-04-03 14:00,0.567,8.345
2024-04-03 15:00,0.463,7.587
2024-04-03 16:00,0.457,7.546
2024-04-03 17:00,0.453,7.515
2024-04-03 18:00,0.425,7.318
2024-04-03 19:00,0.384,7.020
2024-04-03 20:00,0.353,6.786
2024-04-03 21:00,0.339,6.681
2024-04-03 22:00,0.242,5.905
2024-04-03 23:00,0.194,5.450
2024-04-04 00:00,0.134,4.819
2024-04-04 01:00,0.081,4.085
2024-04-04 02:00,0.023,2.814
2024-04-04 03:00,0.001,1.216
2024-04-04 04:00,0,0.143
2024-04-04 05:00,0,1.147
2024-04-04 06:00,0.002,1.637
2024-04-04 07:00,0.005,1.893
2024-04-04 08:00,0.006,2.030
2024-04-04 09:00,0.025,2.876
2024-04-04 10:00,0.203,5.537
2024-04-04 11:00,0.444,7.457
2024-04-04 12:00,0.592,8.536
2024-04-04 13:00,0.645,8.957
2024-04-04 14:00,0.644,8.955
2024-04-04 15:00,0.576,8.415
2024-04-04 16:00,0.519,7.997
2024-04-04 17:00,0.501,7.863
2024-04-04 18:00,0.493,7.809
2024-04-04 19:00,0.450,7.497
2024-04-04 20:00,0.375,6.942
2024-04-04 21:00,0.367,6.887
2024-04-04 22:00,0.362,6.851
2024-04-04 23:00,0.217,5.675
2024-04-05 00:00,0.234,5.831
2024-04-05 01:00,0.199,5.510
2024-04-05 02:00,0.132,4.785
2024-04-05 03:00,0.098,4.340
2024-04-05 04:00,0.092,4.260
2024-04-05 05:00,0.098,4.351
2024-04-05 06:00,0.107,4.471
2024-04-05 07:00,0.131,4.774
2024-04-05 08:00,0.155,5.052
2024-04-05 09:00,0.141,4.899
2024-04-05 10:00,0.161,5.121
2024-04-05 11:00,0.302,6.393
2024-04-05 12:00,0.566,8.344
2024-04-05 13:00,0.746,9.863
2024-04-05 14:00,0.794,10.373
2024-04-05 15:00,0.816,10.645
2024-04-05 16:00,0.843,11.007
2024-04-05 17:00,0.861,11.288
2024-04-05 18:00,0.873,11.482
2024-04-05 19:00,0.877,11.555
2024-04-05 20:00,0.866,11.367
2024-04-05 21:00,0.843,11.003
2024-04-05 22:00,0.722,9.630
2024-04-05 23:00,0.403,7.154
2024-04-06 00:00,0.534,8.101
2024-04-06 01:00,0.635,8.883
2024-04-06 02:00,0.682,9.271
2024-04-06 03:00,0.702,9.442
2024-04-06 04:00,0.722,9.631
2024-04-06 05:00,0.753,9.932
2024-04-06 06:00,0.780,10.227
2024-04-06 07:00,0.792,10.346
2024-04-06 08:00,0.778,10.187
2024-04-06 09:00,0.693,9.368
2024-04-06 10:00,0.634,8.873
2024-04-06 11:00,0.654,9.028
2024-04-06 12:00,0.688,9.324
2024-04-06 13:00,0.704,9.456
2024-04-06 14:00,0.668,9.144
2024-04-06 15:00,0.616,8.725
2024-04-06 16:00,0.592,8.539
2024-04-06 17:00,0.598,8.582
2024-04-06 18:00,0.610,8.678
2024-04-06 19:00,0.610,8.673
2024-04-06 20:00,0.582,8.468
2024-04-06 21:00,0.537,8.128
2024-04-06 22:00,0.432,7.363
2024-04-06 23:00,0.160,5.117
2024-04-07 00:00,0.103,4.423
2024-04-07 01:00,0.295,6.336
2024-04-07 02:00,0.512,7.945
2024-04-07 03:00,0.682,9.272
2024-04-07 04:00,0.777,10.182
2024-04-07 05:00,0.822,10.719
2024-04-07 06:00,0.833,10.862
2024-04-07 07:00,0.831,10.838
2024-04-07 08:00,0.817,10.662
2024-04-07 09:00,0.702,9.438
2024-04-07 10:00,0.561,8.303
2024-04-07 11:00,0.465,7.601
2024-04-07 12:00,0.521,8.008
2024-04-07 13:00,0.696,9.390
2024-04-07 14:00,0.796,10.399
2024-04-07 15:00,0.842,10.986
2024-04-07 16:00,0.834,10.883
2024-04-07 17:00,0.804,10.504
2024-04-07 18:00,0.777,10.184
2024-04-07 19:00,0.742,9.825
2024-04-07 20:00,0.690,9.345
2024-04-07 21:00,0.601,8.611
2024-04-07 22:00,0.601,8.608
2024-04-07 23:00,0.619,8.740
2024-04-08 00:00,0.581,8.455
2024-04-08 01:00,0.534,8.102
2024-04-08 02:00,0.468,7.628
2024-04-08 03:00,0.413,7.232
2024-04-08 04:00,0.360,6.840
2024-04-08 05:00,0.320,6.534
2024-04-08 06:00,0.297,6.351
2024-04-08 07:00,0.286,6.272
2024-04-08 08:00,0.288,6.282
2024-04-08 09:00,0.315,6.497
2024-04-08 10:00,0.418,7.257
2024-04-08 11:00,0.441,7.433
2024-04-08 12:00,0.331,6.617
2024-04-08 13:00,0.210,5.612
2024-04-08 14:00,0.113,4.555
2024-04-08 15:00,0.052,3.570
2024-04-08 16:00,0.035,3.171
2024-04-08 17:00,0.040,3.302
2024-04-08 18:00,0.038,3.233
2024-04-08 19:00,0.032,3.081
2024-04-08 20:00,0.026,2.911
2024-04-08 21:00,0.024,2.831
2024-04-08 22:00,0.030,3.038
2024-04-08 23:00,0.039,3.266
2024-04-09 00:00,0.122,4.660
2024-04-09 01:00,0.205,5.559
2024-04-09 02:00,0.277,6.190
2024-04-09 03:00,0.332,6.625
2024-04-09 04:00,0.373,6.934
2024-04-09 05:00,0.379,6.978
2024-04-09 06:00,0.374,6.939
2024-04-09 07:00,0.388,7.046
2024-04-09 08:00,0.424,7.309
2024-04-09 09:00,0.468,7.618
2024-04-09 10:00,0.644,8.949
2024-04-09 11:00,0.724,9.645
2024-04-09 12:00,0.690,9.338
2024-04-09 13:00,0.627,8.815
2024-04-09 14:00,0.568,8.353
2024-04-09 15:00,0.580,8.452
2024-04-09 16:00,0.640,8.914
2024-04-09 17:00,0.672,9.184
2024-04-09 18:00,0.670,9.163
2024-04-09 19:00,0.630,8.832
2024-04-09 20:00,0.568,8.351
2024-04-09 21:00,0.515,7.967
2024-04-09 22:00,0.375,6.941
2024-04-09 23:00,0.181,5.324
2024-04-10 00:00,0.102,4.395
2024-04-10 01:00,0.052,3.565
2024-04-10 02:00,0.025,2.876
2024-04-10 03:00,0.038,3.228
2024-04-10 04:00,0.087,4.176
2024-04-10 05:00,0.203,5.541
2024-04-10 06:00,0.385,7.025
2024-04-10 07:00,0.559,8.292
2024-04-10 08:00,0.690,9.338
2024-04-10 09:00,0.725,9.655
2024-04-10 10:00,0.808,10.548
2024-04-10 11:00,0.851,11.134
2024-04-10 12:00,0.798,10.430
2024-04-10 13:00,0.652,9.015
2024-04-10 14:00,0.604,8.634
2024-04-10 15:00,0.671,9.178
2024-04-10 16:00,0.693,9.372
2024-04-10 17:00,0.714,9.561
2024-04-10 18:00,0.708,9.490
2024-04-10 19:00,0.661,9.089
2024-04-10 20:00,0.587,8.494
2024-04-10 21:00,0.514,7.959
2024-04-10 22:00,0.389,7.055
2024-04-10 23:00,0.222,5.709
2024-04-11 00:00,0.068,3.860
2024-04-11 01:00,0.024,2.832
2024-04-11 02:00,0.012,2.390
2024-04-11 03:00,0.020,2.699
2024-04-11 04:00,0.067,3.857
2024-04-11 05:00,0.165,5.166
2024-04-11 06:00,0.299,6.365
2024-04-11 07:00,0.443,7.450
2024-04-11 08:00,0.629,8.826
2024-04-11 09:00,0.805,10.511
2024-04-11 10:00,0.911,12.228
2024-04-11 11:00,0.938,12.959
2024-04-11 12:00,0.936,12.882
2024-04-11 13:00,0.918,12.397
2024-04-11 14:00,0.927,12.643
2024-04-11 15:00,0.932,12.764
2024-04-11 16:00,0.930,12.717
2024-04-11 17:00,0.926,12.606
2024-04-11 18:00,0.925,12.569
2024-04-11 19:00,0.922,12.495
2024-04-11 20:00,0.912,12.250
2024-04-11 21:00,0.883,11.650
2024-04-11 22:00,0.831,10.840
2024-04-11 23:00,0.730,9.706
2024-04-12 00:00,0.792,10.351
2024-04-12 01:00,0.861,11.277
2024-04-12 02:00,0.865,11.335
2024-04-12 03:00,0.860,11.258
2024-04-12 04:00,0.844,11.022
2024-04-12 05:00,0.808,10.551
2024-04-12 06:00,0.749,9.890
2024-04-12 07:00,0.687,9.316
2024-04-12 08:00,0.640,8.915
2024-04-12 09:00,0.602,8.617
2024-04-12 10:00,0.661,9.091
2024-04-12 11:00,0.740,9.805
2024-04-12 12:00,0.818,10.671
2024-04-12 13:00,0.858,11.235
2024-04-12 14:00,0.851,11.117
2024-04-12 15:00,0.832,10.845
2024-04-12 16:00,0.804,10.497
2024-04-12 17:00,0.813,10.605
2024-04-12 18:00,0.830,10.826
2024-04-12 19:00,0.842,10.994
2024-04-12 20:00,0.845,11.045
2024-04-12 21:00,0.820,10.702
2024-04-12 22:00,0.735,9.758
2024-04-12 23:00,0.646,8.970
2024-04-13 00:00,0.854,11.171
2024-04-13 01:00,0.834,10.877
2024-04-13 02:00,0.772,10.135
2024-04-13 03:00,0.702,9.441
2024-04-13 04:00,0.610,8.671
2024-04-13 05:00,0.443,7.443
2024-04-13 06:00,0.391,7.071
2024-04-13 07:00,0.569,8.364
2024-04-13 08:00,0.658,9.068
2024-04-13 09:00,0.667,9.143
2024-04-13 10:00,0.812,10.584
2024-04-13 11:00,0.866,11.365
2024-04-13 12:00,0.853,11.155
2024-04-13 13:00,0.872,11.467
2024-04-13 14:00,0.886,11.715
2024-04-13 15:00,0.882,11.637
2024-04-13 16:00,0.880,11.602
2024-04-13 17:00,0.871,11.444
2024-04-13 18:00,0.848,11.077
2024-04-13 19:00,0.820,10.698
2024-04-13 20:00,0.798,10.427
2024-04-13 21:00,0.782,10.241
2024-04-13 22:00,0.791,10.343
2024-04-13 23:00,0.848,11.076
2024-04-14 00:00,0.902,12.046
2024-04-14 01:00,0.934,12.833
2024-04-14 02:00,0.938,12.945
2024-04-14 03:00,0.939,12.988
2024-04-14 04:00,0.944,13.132
2024-04-14 05:00,0.952,13.422
2024-04-14 06:00,0.952,13.440
2024-04-14 07:00,0.929,12.675
2024-04-14 08:00,0.911,12.230
2024-04-14 09:00,0.844,11.028
2024-04-14 10:00,0.725,9.660
2024-04-14 11:00,0.682,9.259
2024-04-14 12:00,0.663,9.113
2024-04-14 13:00,0.712,9.541
2024-04-14 14:00,0.578,8.434
2024-04-14 15:00,0.422,7.297
2024-04-14 16:00,0.305,6.414
2024-04-14 17:00,0.196,5.480
2024-04-14 18:00,0.223,5.734
2024-04-14 19:00,0.306,6.422
2024-04-14 20:00,0.369,6.910
2024-04-14 21:00,0.437,7.393
2024-04-14 22:00,0.450,7.492
2024-04-14 23:00,0.626,8.801
2024-04-15 00:00,0.712,9.540
2024-04-15 01:00,0.592,8.540
2024-04-15 02:00,0.559,8.284
2024-04-15 03:00,0.547,8.201
2024-04-15 04:00,0.570,8.375
2024-04-15 05:00,0.690,9.344
2024-04-15 06:00,0.838,10.944
2024-04-15 07:00,0.911,12.245
2024-04-15 08:00,0.927,12.637
2024-04-15 09:00,0.912,12.249
2024-04-15 10:00,0.854,11.167
2024-04-15 11:00,0.848,11.087
2024-04-15 12:00,0.853,11.164
2024-04-15 13:00,0.824,10.745
2024-04-15 14:00,0.815,10.628
2024-04-15 15:00,0.795,10.390
2024-04-15 16:00,0.796,10.396
2024-04-15 17:00,0.807,10.533
2024-04-15 18:00,0.785,10.280
2024-04-15 19:00,0.783,10.257
2024-04-15 20:00,0.794,10.372
2024-04-15 21:00,0.774,10.150
2024-04-15 22:00,0.624,8.792
2024-04-15 23:00,0.569,8.368
2024-04-16 00:00,0.814,10.616
2024-04-16 01:00,0.773,10.141
2024-04-16 02:00,0.676,9.223
2024-04-16 03:00,0.545,8.188
2024-04-16 04:00,0.409,7.198
2024-04-16 05:00,0.273,6.159
2024-04-16 06:00,0.146,4.953
2024-04-16 07:00,0.056,3.649
2024-04-16 08:00,0.011,2.305
2024-04-16 09:00,0.003,1.767
2024-04-16 10:00,0.073,3.952
2024-04-16 11:00,0.205,5.557
2024-04-16 12:00,0.386,7.035
2024-04-16 13:00,0.561,8.297
2024-04-16 14:00,0.610,8.678
2024-04-16 15:00,0.559,8.282
2024-04-16 16:00,0.475,7.675
2024-04-16 17:00,0.390,7.065
2024-04-16 18:00,0.350,6.761
2024-04-16 19:00,0.368,6.903
2024-04-16 20:00,0.413,7.231
2024-04-16 21:00,0.450,7.488
2024-04-16 22:00,0.450,7.490
2024-04-16 23:00,0.256,6.019
2024-04-17 00:00,0.217,5.677
2024-04-17 01:00,0.224,5.740
2024-04-17 02:00,0.149,4.990
2024-04-17 03:00,0.110,4.509
2024-04-17 04:00,0.101,4.374
2024-04-17 05:00,0.116,4.587
2024-04-17 06:00,0.145,4.947
2024-04-17 07:00,0.180,5.316
2024-04-17 08:00,0.179,5.300
2024-04-17 09:00,0.061,3.732
2024-04-17 10:00,0.014,2.467
2024-04-17 11:00,0.022,2.769
2024-04-17 12:00,0.105,4.439
2024-04-17 13:00,0.332,6.623
2024-04-17 14:00,0.718,9.591
2024-04-17 15:00,0.915,12.320
2024-04-17 16:00,0.940,13.011
2024-04-17 17:00,0.914,12.296
2024-04-17 18:00,0.875,11.505
2024-04-17 19:00,0.859,11.254
2024-04-17 20:00,0.858,11.236
2024-04-17 21:00,0.851,11.126
2024-04-17 22:00,0.758,9.985
2024-04-17 23:00,0.846,11.047
2024-04-18 00:00,0.880,11.594
2024-04-18 01:00,0.835,10.892
2024-04-18 02:00,0.776,10.170
2024-04-18 03:00,0.712,9.538
2024-04-18 04:00,0.626,8.806
2024-04-18 05:00,0.503,7.872
2024-04-18 06:00,0.355,6.806
2024-04-18 07:00,0.245,5.930
2024-04-18 08:00,0.218,5.687
2024-04-18 09:00,0.303,6.402
2024-04-18 10:00,0.534,8.097
2024-04-18 11:00,0.703,9.454
2024-04-18 12:00,0.738,9.783
2024-04-18 13:00,0.749,9.891
2024-04-18 14:00,0.778,10.192
2024-04-18 15:00,0.756,9.960
2024-04-18 16:00,0.652,9.021
2024-04-18 17:00,0.565,8.325
2024-04-18 18:00,0.480,7.715
2024-04-18 19:00,0.421,7.288
2024-04-18 20:00,0.297,6.356
2024-04-18 21:00,0.159,5.102
2024-04-18 22:00,0.092,4.258
2024-04-18 23:00,0.055,3.615
2024-04-19 00:00,0.032,3.083
2024-04-19 01:00,0.029,3.002
2024-04-19 02:00,0.025,2.884
2024-04-19 03:00,0.026,2.907
2024-04-19 04:00,0.048,3.459
2024-04-19 05:00,0.056,3.629
2024-04-19 06:00,0.027,2.944
2024-04-19 07:00,0.027,2.932
2024-04-19 08:00,0.037,3.217
2024-04-19 09:00,0.038,3.254
2024-04-19 10:00,0.028,2.972
2024-04-19 11:00,0.012,2.388
2024-04-19 12:00,0.004,1.830
2024-04-19 13:00,0.001,1.469
2024-04-19 14:00,0.005,1.918
2024-04-19 15:00,0.024,2.848
2024-04-19 16:00,0.038,3.232
2024-04-19 17:00,0.038,3.231
2024-04-19 18:00,0.049,3.478
2024-04-19 19:00,0.060,3.712
2024-04-19 20:00,0.053,3.575
2024-04-19 21:00,0.042,3.346
2024-04-19 22:00,0.023,2.794
2024-04-19 23:00,0.015,2.507
2024-04-20 00:00,0.014,2.477
2024-04-20 01:00,0.012,2.398
2024-04-20 02:00,0.039,3.279
2024-04-20 03:00,0.058,3.683
2024-04-20 04:00,0.060,3.705
2024-04-20 05:00,0.049,3.486
2024-04-20 06:00,0.037,3.216
2024-04-20 07:00,0.022,2.766
2024-04-20 08:00,0.006,2.020
2024-04-20 09:00,0.001,1.191
2024-04-20 10:00,0.056,3.638
2024-04-20 11:00,0.256,6.019
2024-04-20 12:00,0.421,7.283
2024-04-20 13:00,0.528,8.062
2024-04-20 14:00,0.574,8.397
2024-04-20 15:00,0.598,8.581
2024-04-20 16:00,0.677,9.225
2024-04-20 17:00,0.745,9.854
2024-04-20 18:00,0.765,10.055
2024-04-20 19:00,0.770,10.108
2024-04-20 20:00,0.764,10.046
2024-04-20 21:00,0.741,9.816
2024-04-20 22:00,0.568,8.362
2024-04-20 23:00,0.387,7.040
2024-04-21 00:00,0.630,8.833
2024-04-21 01:00,0.547,8.203
2024-04-21 02:00,0.425,7.318
2024-04-21 03:00,0.380,6.986
2024-04-21 04:00,0.386,7.034
2024-04-21 05:00,0.443,7.449
2024-04-21 06:00,0.544,8.171
2024-04-21 07:00,0.657,9.060
2024-04-21 08:00,0.758,9.985
2024-04-21 09:00,0.800,10.439
2024-04-21 10:00,0.863,11.314
2024-04-21 11:00,0.901,12.009
2024-04-21 12:00,0.893,11.847
2024-04-21 13:00,0.875,11.511
2024-04-21 14:00,0.877,11.556
2024-04-21 15:00,0.860,11.272
2024-04-21 16:00,0.836,10.917
2024-04-21 17:00,0.816,10.643
2024-04-21 18:00,0.817,10.662
2024-04-21 19:00,0.746,9.865
2024-04-21 20:00,0.625,8.794
2024-04-21 21:00,0.503,7.871
2024-04-21 22:00,0.234,5.834
2024-04-21 23:00,0.093,4.271
2024-04-22 00:00,0.074,3.968
2024-04-22 01:00,0.045,3.417
2024-04-22 02:00,0.044,3.386
2024-04-22 03:00,0.085,4.149
2024-04-22 04:00,0.143,4.919
2024-04-22 05:00,0.180,5.311
2024-04-22 06:00,0.162,5.129
2024-04-22 07:00,0.104,4.428
2024-04-22 08:00,0.060,3.712
2024-04-22 09:00,0.028,2.966
2024-04-22 10:00,0.019,2.658
2024-04-22 11:00,0.014,2.476
2024-04-22 12:00,0.046,3.425
2024-04-22 13:00,0.100,4.371
2024-04-22 14:00,0.090,4.227
2024-04-22 15:00,0.134,4.806
2024-04-22 16:00,0.131,4.776
2024-04-22 17:00,0.022,2.788
2024-04-22 18:00,0.007,2.059
2024-04-22 19:00,0.010,2.260
2024-04-22 20:00,0.102,4.394
2024-04-22 21:00,0.259,6.041
2024-04-22 22:00,0.465,7.600
2024-04-22 23:00,0.582,8.467
2024-04-23 00:00,0.592,8.536
2024-04-23 01:00,0.628,8.821
2024-04-23 02:00,0.655,9.031
2024-04-23 03:00,0.681,9.257
2024-04-23 04:00,0.669,9.148
2024-04-23 05:00,0.626,8.810
2024-04-23 06:00,0.492,7.798
2024-04-23 07:00,0.383,7.005
2024-04-23 08:00,0.309,6.450
2024-04-23 09:00,0.221,5.708
2024-04-23 10:00,0.165,5.163
2024-04-23 11:00,0.132,4.781
2024-04-23 12:00,0.082,4.101
2024-04-23 13:00,0.023,2.806
2024-04-23 14:00,0.008,2.125
2024-04-23 15:00,0.050,3.507
2024-04-23 16:00,0.115,4.584
2024-04-23 17:00,0.189,5.413
2024-04-23 18:00,0.255,6.004
2024-04-23 19:00,0.334,6.643
2024-04-23 20:00,0.441,7.432
2024-04-23 21:00,0.553,8.243
2024-04-23 22:00,0.539,8.142
2024-04-23 23:00,0.425,7.315
2024-04-24 00:00,0.573,8.393
2024-04-24 01:00,0.786,10.290
2024-04-24 02:00,0.811,10.576
2024-04-24 03:00,0.834,10.875
2024-04-24 04:00,0.872,11.459
2024-04-24 05:00,0.905,12.095
2024-04-24 06:00,0.934,12.830
2024-04-24 07:00,0.955,13.541
2024-04-24 08:00,0.958,13.670
2024-04-24 09:00,0.939,12.978
2024-04-24 10:00,0.941,13.046
2024-04-24 11:00,0.946,13.207
2024-04-24 12:00,0.952,13.439
2024-04-24 13:00,0.961,13.788
2024-04-24 14:00,0.966,14.044
2024-04-24 15:00,0.965,14.012
2024-04-24 16:00,0.948,13.285
2024-04-24 17:00,0.897,11.930
2024-04-24 18:00,0.811,10.576
2024-04-24 19:00,0.693,9.366
2024-04-24 20:00,0.516,7.978
2024-04-24 21:00,0.339,6.681
2024-04-24 22:00,0.190,5.425
2024-04-24 23:00,0.195,5.459
2024-04-25 00:00,0.107,4.476
2024-04-25 01:00,0.032,3.082
2024-04-25 02:00,0.015,2.501
2024-04-25 03:00,0.052,3.556
2024-04-25 04:00,0.108,4.486
2024-04-25 05:00,0.208,5.594
2024-04-25 06:00,0.386,7.033
2024-04-25 07:00,0.547,8.201
2024-04-25 08:00,0.658,9.067
2024-04-25 09:00,0.715,9.570
2024-04-25 10:00,0.652,9.016
2024-04-25 11:00,0.544,8.171
2024-04-25 12:00,0.607,8.652
2024-04-25 13:00,0.709,9.508
2024-04-25 14:00,0.762,10.026
2024-04-25 15:00,0.722,9.631
2024-04-25 16:00,0.691,9.352
2024-04-25 17:00,0.655,9.032
2024-04-25 18:00,0.604,8.637
2024-04-25 19:00,0.447,7.474
2024-04-25 20:00,0.303,6.404
2024-04-25 21:00,0.207,5.577
2024-04-25 22:00,0.146,4.959
2024-04-25 23:00,0.232,5.802
2024-04-26 00:00,0.237,5.854
2024-04-26 01:00,0.165,5.166
2024-04-26 02:00,0.056,3.626
2024-04-26 03:00,0.011,2.290
2024-04-26 04:00,0.008,2.155
2024-04-26 05:00,0.025,2.876
2024-04-26 06:00,0.029,3.000
2024-04-26 07:00,0.027,2.928
2024-04-26 08:00,0.045,3.420
2024-04-26 09:00,0.152,5.021
2024-04-26 10:00,0.275,6.181
2024-04-26 11:00,0.428,7.331
2024-04-26 12:00,0.457,7.552
2024-04-26 13:00,0.245,5.925
2024-04-26 14:00,0.135,4.826
2024-04-26 15:00,0.309,6.440
2024-04-26 16:00,0.675,9.208
2024-04-26 17:00,0.729,9.697
2024-04-26 18:00,0.665,9.129
2024-04-26 19:00,0.721,9.622
2024-04-26 20:00,0.773,10.142
2024-04-26 21:00,0.772,10.137
2024-04-26 22:00,0.785,10.283
2024-04-26 23:00,0.819,10.691
2024-04-27 00:00,0.794,10.385
2024-04-27 01:00,0.756,9.969
2024-04-27 02:00,0.760,10.007
2024-04-27 03:00,0.769,10.096
2024-04-27 04:00,0.600,8.607
2024-04-27 05:00,0.343,6.706
2024-04-27 06:00,0.230,5.785
2024-04-27 07:00,0.264,6.081
2024-04-27 08:00,0.281,6.222
2024-04-27 09:00,0.314,6.481
2024-04-27 10:00,0.379,6.979
2024-04-27 11:00,0.413,7.229
2024-04-27 12:00,0.259,6.041
2024-04-27 13:00,0.114,4.562
2024-04-27 14:00,0.183,5.352
2024-04-27 15:00,0.217,5.679
2024-04-27 16:00,0.216,5.671
2024-04-27 17:00,0.110,4.511
2024-04-27 18:00,0.108,4.480
2024-04-27 19:00,0.140,4.879
2024-04-27 20:00,0.171,5.229
2024-04-27 21:00,0.262,6.070
2024-04-27 22:00,0.507,7.909
2024-04-27 23:00,0.519,7.991
2024-04-28 00:00,0.546,8.193
2024-04-28 01:00,0.559,8.292
2024-04-28 02:00,0.510,7.926
2024-04-28 03:00,0.436,7.389
2024-04-28 04:00,0.351,6.776
2024-04-28 05:00,0.252,5.981
2024-04-28 06:00,0.133,4.796
2024-04-28 07:00,0.087,4.186
2024-04-28 08:00,0.067,3.844
2024-04-28 09:00,0.030,3.039
2024-04-28 10:00,0.021,2.737
2024-04-28 11:00,0.008,2.172
2024-04-28 12:00,0.006,1.974
2024-04-28 13:00,0.021,2.756
2024-04-28 14:00,0.091,4.246
2024-04-28 15:00,0.076,4.002
2024-04-28 16:00,0.108,4.479
2024-04-28 17:00,0.145,4.948
2024-04-28 18:00,0.225,5.747
2024-04-28 19:00,0.154,5.042
2024-04-28 20:00,0.096,4.319
2024-04-28 21:00,0.090,4.234
2024-04-28 22:00,0.090,4.230
2024-04-28 23:00,0.087,4.181
2024-04-29 00:00,0.076,4.011
2024-04-29 01:00,0.066,3.830
2024-04-29 02:00,0.065,3.820
2024-04-29 03:00,0.096,4.317
2024-04-29 04:00,0.159,5.106
2024-04-29 05:00,0.256,6.009
2024-04-29 06:00,0.372,6.920
2024-04-29 07:00,0.483,7.732
2024-04-29 08:00,0.513,7.955
2024-04-29 09:00,0.349,6.750
2024-04-29 10:00,0.130,4.770
2024-04-29 11:00,0.038,3.223
2024-04-29 12:00,0.035,3.170
2024-04-29 13:00,0.135,4.825
2024-04-29 14:00,0.341,6.696
2024-04-29 15:00,0.507,7.901
2024-04-29 16:00,0.577,8.423
2024-04-29 17:00,0.598,8.587
2024-04-29 18:00,0.627,8.814
2024-04-29 19:00,0.650,8.993
2024-04-29 20:00,0.657,9.055
2024-04-29 21:00,0.663,9.111
2024-04-29 22:00,0.511,7.939
2024-04-29 23:00,0.256,6.010
2024-04-30 00:00,0.206,5.568
2024-04-30 01:00,0.251,5.966
2024-04-30 02:00,0.260,6.050
2024-04-30 03:00,0.242,5.904
2024-04-30 04:00,0.258,6.029
2024-04-30 05:00,0.303,6.401
2024-04-30 06:00,0.365,6.872
2024-04-30 07:00,0.418,7.264
2024-04-30 08:00,0.422,7.294
2024-04-30 09:00,0.291,6.311
2024-04-30 10:00,0.221,5.700
2024-04-30 11:00,0.256,6.014
2024-04-30 12:00,0.360,6.838
2024-04-30 13:00,0.520,8.001
2024-04-30 14:00,0.695,9.382
2024-04-30 15:00,0.794,10.374
2024-04-30 16:00,0.829,10.810
2024-04-30 17:00,0.836,10.908
2024-04-30 18:00,0.831,10.832
2024-04-30 19:00,0.820,10.703
2024-04-30 20:00,0.812,10.588
2024-04-30 21:00,0.808,10.547
2024-04-30 22:00,0.674,9.192
2024-04-30 23:00,0.379,6.982
2024-05-01 00:00,0.279,6.207
2024-05-01 01:00,0.402,7.140
2024-05-01 02:00,0.335,6.656
2024-05-01 03:00,0.347,6.731
2024-05-01 04:00,0.377,6.969
2024-05-01 05:00,0.411,7.213
2024-05-01 06:00,0.450,7.500
2024-05-01 07:00,0.485,7.742
2024-05-01 08:00,0.503,7.880
2024-05-01 09:00,0.510,7.934
2024-05-01 10:00,0.618,8.737
2024-05-01 11:00,0.735,9.759
2024-05-01 12:00,0.812,10.594
2024-05-01 13:00,0.865,11.336
2024-05-01 14:00,0.900,11.985
2024-05-01 15:00,0.911,12.231
2024-05-01 16:00,0.915,12.319
2024-05-01 17:00,0.913,12.287
2024-05-01 18:00,0.905,12.090
2024-05-01 19:00,0.895,11.889
2024-05-01 20:00,0.886,11.720
2024-05-01 21:00,0.869,11.407
2024-05-01 22:00,0.738,9.782
2024-05-01 23:00,0.500,7.857
2024-05-02 00:00,0.381,6.988
2024-05-02 01:00,0.399,7.120
2024-05-02 02:00,0.250,5.964
2024-05-02 03:00,0.116,4.592
2024-05-02 04:00,0.050,3.518
2024-05-02 05:00,0.026,2.904
2024-05-02 06:00,0.019,2.683
2024-05-02 07:00,0.023,2.830
2024-05-02 08:00,0.045,3.404
2024-05-02 09:00,0.129,4.751
2024-05-02 10:00,0.398,7.116
2024-05-02 11:00,0.736,9.766
2024-05-02 12:00,0.898,11.954
2024-05-02 13:00,0.940,13.011
2024-05-02 14:00,0.937,12.928
2024-05-02 15:00,0.921,12.478
2024-05-02 16:00,0.905,12.101
2024-05-02 17:00,0.882,11.636
2024-05-02 18:00,0.862,11.292
2024-05-02 19:00,0.829,10.814
2024-05-02 20:00,0.804,10.492
2024-05-02 21:00,0.768,10.089
2024-05-02 22:00,0.572,8.389
2024-05-02 23:00,0.350,6.758
2024-05-03 00:00,0.459,7.566
2024-05-03 01:00,0.378,6.977
2024-05-03 02:00,0.333,6.637
2024-05-03 03:00,0.364,6.864
2024-05-03 04:00,0.434,7.370
2024-05-03 05:00,0.511,7.941
2024-05-03 06:00,0.581,8.456
2024-05-03 07:00,0.666,9.134
2024-05-03 08:00,0.762,10.033
2024-05-03 09:00,0.810,10.573
2024-05-03 10:00,0.868,11.393
2024-05-03 11:00,0.904,12.076
2024-05-03 12:00,0.889,11.771
2024-05-03 13:00,0.867,11.380
2024-05-03 14:00,0.850,11.110
2024-05-03 15:00,0.852,11.138
2024-05-03 16:00,0.853,11.151
2024-05-03 17:00,0.852,11.143
2024-05-03 18:00,0.855,11.186
2024-05-03 19:00,0.854,11.169
2024-05-03 20:00,0.850,11.098
2024-05-03 21:00,0.785,10.273
2024-05-03 22:00,0.635,8.883
2024-05-03 23:00,0.693,9.372
2024-05-04 00:00,0.881,11.629
2024-05-04 01:00,0.884,11.666
2024-05-04 02:00,0.853,11.147
2024-05-04 03:00,0.821,10.715
2024-05-04 04:00,0.804,10.486
2024-05-04 05:00,0.813,10.609
2024-05-04 06:00,0.859,11.249
2024-05-04 07:00,0.912,12.270
2024-05-04 08:00,0.923,12.540
2024-05-04 09:00,0.859,11.239
2024-05-04 10:00,0.794,10.382
2024-05-04 11:00,0.770,10.104
2024-05-04 12:00,0.738,9.786
2024-05-04 13:00,0.700,9.432
2024-05-04 14:00,0.659,9.078
2024-05-04 15:00,0.630,8.841
2024-05-04 16:00,0.589,8.516
2024-05-04 17:00,0.488,7.764
2024-05-04 18:00,0.443,7.448
2024-05-04 19:00,0.441,7.427
2024-05-04 20:00,0.459,7.565
2024-05-04 21:00,0.598,8.578
2024-05-04 22:00,0.674,9.195
2024-05-04 23:00,0.773,10.140
2024-05-05 00:00,0.802,10.475
2024-05-05 01:00,0.808,10.545
2024-05-05 02:00,0.822,10.719
2024-05-05 03:00,0.833,10.863
2024-05-05 04:00,0.844,11.019
2024-05-05 05:00,0.853,11.156
2024-05-05 06:00,0.853,11.157
2024-05-05 07:00,0.845,11.041
2024-05-05 08:00,0.836,10.902
2024-05-05 09:00,0.800,10.447
2024-05-05 10:00,0.732,9.726
2024-05-05 11:00,0.711,9.527
2024-05-05 12:00,0.689,9.334
2024-05-05 13:00,0.630,8.830
2024-05-05 14:00,0.598,8.576
2024-05-05 15:00,0.565,8.340
2024-05-05 16:00,0.559,8.280
2024-05-05 17:00,0.603,8.625
2024-05-05 18:00,0.669,9.160
2024-05-05 19:00,0.712,9.541
2024-05-05 20:00,0.739,9.796
2024-05-05 21:00,0.731,9.712
2024-05-05 22:00,0.682,9.273
2024-05-05 23:00,0.873,11.475
2024-05-06 00:00,0.919,12.414
2024-05-06 01:00,0.936,12.879
2024-05-06 02:00,0.940,13.009
2024-05-06 03:00,0.935,12.852
2024-05-06 04:00,0.919,12.423
2024-05-06 05:00,0.892,11.831
2024-05-06 06:00,0.857,11.215
2024-05-06 07:00,0.819,10.690
2024-05-06 08:00,0.786,10.284
2024-05-06 09:00,0.734,9.743
2024-05-06 10:00,0.631,8.848
2024-05-06 11:00,0.591,8.528
2024-05-06 12:00,0.538,8.134
2024-05-06 13:00,0.491,7.797
2024-05-06 14:00,0.506,7.898
2024-05-06 15:00,0.515,7.967
2024-05-06 16:00,0.495,7.823
2024-05-06 17:00,0.491,7.797
2024-05-06 18:00,0.495,7.823
2024-05-06 19:00,0.503,7.881
2024-05-06 20:00,0.500,7.852
2024-05-06 21:00,0.468,7.628
2024-05-06 22:00,0.297,6.352
2024-05-06 23:00,0.292,6.318
2024-05-07 00:00,0.399,7.128
2024-05-07 01:00,0.436,7.388
2024-05-07 02:00,0.466,7.609
2024-05-07 03:00,0.444,7.458
2024-05-07 04:00,0.390,7.061
2024-05-07 05:00,0.332,6.618
2024-05-07 06:00,0.261,6.051
2024-05-07 07:00,0.185,5.375
2024-05-07 08:00,0.134,4.804
2024-05-07 09:00,0.116,4.593
2024-05-07 10:00,0.163,5.142
2024-05-07 11:00,0.231,5.796
2024-05-07 12:00,0.239,5.874
2024-05-07 13:00,0.200,5.516
2024-05-07 14:00,0.142,4.914
2024-05-07 15:00,0.086,4.156
2024-05-07 16:00,0.049,3.498
2024-05-07 17:00,0.041,3.325
2024-05-07 18:00,0.069,3.870
2024-05-07 19:00,0.137,4.858
2024-05-07 20:00,0.258,6.032
2024-05-07 21:00,0.392,7.072
2024-05-07 22:00,0.363,6.857
2024-05-07 23:00,0.208,5.595
2024-05-08 00:00,0.355,6.801
2024-05-08 01:00,0.327,6.592
2024-05-08 02:00,0.278,6.199
2024-05-08 03:00,0.226,5.762
2024-05-08 04:00,0.181,5.333
2024-05-08 05:00,0.145,4.945
2024-05-08 06:00,0.122,4.674
2024-05-08 07:00,0.120,4.633
2024-05-08 08:00,0.144,4.935
2024-05-08 09:00,0.217,5.679
2024-05-08 10:00,0.492,7.799
2024-05-08 11:00,0.747,9.876
2024-05-08 12:00,0.844,11.026
2024-05-08 13:00,0.873,11.479
2024-05-08 14:00,0.777,10.186
2024-05-08 15:00,0.655,9.036
2024-05-08 16:00,0.632,8.857
2024-05-08 17:00,0.643,8.944
2024-05-08 18:00,0.624,8.792
2024-05-08 19:00,0.605,8.639
2024-05-08 20:00,0.530,8.073
2024-05-08 21:00,0.398,7.114
2024-05-08 22:00,0.286,6.263
2024-05-08 23:00,0.345,6.726
2024-05-09 00:00,0.126,4.717
2024-05-09 01:00,0.051,3.536
2024-05-09 02:00,0.040,3.282
2024-05-09 03:00,0.082,4.105
2024-05-09 04:00,0.197,5.493
2024-05-09 05:00,0.414,7.235
2024-05-09 06:00,0.687,9.317
2024-05-09 07:00,0.871,11.444
2024-05-09 08:00,0.940,13.026
2024-05-09 09:00,0.942,13.065
2024-05-09 10:00,0.935,12.864
2024-05-09 11:00,0.936,12.880
2024-05-09 12:00,0.932,12.756
2024-05-09 13:00,0.937,12.926
2024-05-09 14:00,0.915,12.336
2024-05-09 15:00,0.894,11.874
2024-05-09 16:00,0.875,11.518
2024-05-09 17:00,0.847,11.072
2024-05-09 18:00,0.857,11.216
2024-05-09 19:00,0.879,11.588
2024-05-09 20:00,0.877,11.557
2024-05-09 21:00,0.874,11.487
2024-05-09 22:00,0.836,10.898
2024-05-09 23:00,0.859,11.246
2024-05-10 00:00,0.866,11.355
2024-05-10 01:00,0.865,11.331
2024-05-10 02:00,0.826,10.768
2024-05-10 03:00,0.804,10.503
2024-05-10 04:00,0.789,10.317
2024-05-10 05:00,0.702,9.448
2024-05-10 06:00,0.575,8.404
2024-05-10 07:00,0.765,10.063
2024-05-10 08:00,0.673,9.188
2024-05-10 09:00,0.710,9.514
2024-05-10 10:00,0.958,13.697
2024-05-10 11:00,0.988,16.272
2024-05-10 12:00,0.979,14.923
2024-05-10 13:00,0.972,14.376
2024-05-10 14:00,0.929,12.681
2024-05-10 15:00,0.924,12.563
2024-05-10 16:00,0.942,13.066
2024-05-10 17:00,0.942,13.078
2024-05-10 18:00,0.944,13.135
2024-05-10 19:00,0.956,13.607
2024-05-10 20:00,0.974,14.520
2024-05-10 21:00,0.977,14.748
2024-05-10 22:00,0.985,15.525
2024-05-10 23:00,0.987,16.908
2024-05-11 00:00,0.985,17.379
2024-05-11 01:00,0.983,17.524
2024-05-11 02:00,0.985,17.281
2024-05-11 03:00,0.987,16.990
2024-05-11 04:00,0.987,16.838
2024-05-11 05:00,0.988,16.592
2024-05-11 06:00,0.988,16.530
2024-05-11 07:00,0.988,16.379
2024-05-11 08:00,0.986,15.842
2024-05-11 09:00,0.977,14.708
2024-05-11 10:00,0.940,13.004
2024-05-11 11:00,0.862,11.292
2024-05-11 12:00,0.778,10.191
2024-05-11 13:00,0.688,9.325
2024-05-11 14:00,0.610,8.679
2024-05-11 15:00,0.561,8.306
2024-05-11 16:00,0.569,8.368
2024-05-11 17:00,0.619,8.752
2024-05-11 18:00,0.661,9.092
2024-05-11 19:00,0.688,9.321
2024-05-11 20:00,0.714,9.561
2024-05-11 21:00,0.674,9.200
2024-05-11 22:00,0.523,8.025
2024-05-11 23:00,0.813,10.612
2024-05-12 00:00,0.877,11.549
2024-05-12 01:00,0.896,11.912
2024-05-12 02:00,0.894,11.873
2024-05-12 03:00,0.890,11.792
2024-05-12 04:00,0.890,11.799
2024-05-12 05:00,0.888,11.746
2024-05-12 06:00,0.877,11.555
2024-05-12 07:00,0.860,11.269
2024-05-12 08:00,0.837,10.927
2024-05-12 09:00,0.749,9.893
2024-05-12 10:00,0.510,7.929
2024-05-12 11:00,0.325,6.574
2024-05-12 12:00,0.164,5.157
2024-05-12 13:00,0.070,3.885
2024-05-12 14:00,0.038,3.241
2024-05-12 15:00,0.065,3.821
2024-05-12 16:00,0.135,4.822
2024-05-12 17:00,0.208,5.592
2024-05-12 18:00,0.258,6.036
2024-05-12 19:00,0.298,6.361
2024-05-12 20:00,0.352,6.782
2024-05-12 21:00,0.440,7.418
2024-05-12 22:00,0.423,7.305
2024-05-12 23:00,0.223,5.728
2024-05-13 00:00,0.362,6.849
2024-05-13 01:00,0.544,8.173
2024-05-13 02:00,0.536,8.117
2024-05-13 03:00,0.578,8.433
2024-05-13 04:00,0.628,8.823
2024-05-13 05:00,0.685,9.297
2024-05-13 06:00,0.761,10.021
2024-05-13 07:00,0.834,10.869
2024-05-13 08:00,0.890,11.787
2024-05-13 09:00,0.911,12.232
2024-05-13 10:00,0.942,13.067
2024-05-13 11:00,0.973,14.436
2024-05-13 12:00,0.966,14.066
2024-05-13 13:00,0.875,11.518
2024-05-13 14:00,0.805,10.509
2024-05-13 15:00,0.745,9.859
2024-05-13 16:00,0.563,8.317
2024-05-13 17:00,0.602,8.622
2024-05-13 18:00,0.619,8.739
2024-05-13 19:00,0.646,8.966
2024-05-13 20:00,0.692,9.356
2024-05-13 21:00,0.711,9.528
2024-05-13 22:00,0.840,10.975
2024-05-13 23:00,0.952,13.443
2024-05-14 00:00,0.867,11.379
2024-05-14 01:00,0.785,10.276
2024-05-14 02:00,0.850,11.111
2024-05-14 03:00,0.932,12.788
2024-05-14 04:00,0.967,14.075
2024-05-14 05:00,0.968,14.181
2024-05-14 06:00,0.963,13.899
2024-05-14 07:00,0.951,13.411
2024-05-14 08:00,0.940,13.004
2024-05-14 09:00,0.933,12.791
2024-05-14 10:00,0.920,12.459
2024-05-14 11:00,0.914,12.307
2024-05-14 12:00,0.898,11.957
2024-05-14 13:00,0.894,11.862
2024-05-14 14:00,0.884,11.666
2024-05-14 15:00,0.856,11.204
2024-05-14 16:00,0.825,10.755
2024-05-14 17:00,0.800,10.446
2024-05-14 18:00,0.776,10.168
2024-05-14 19:00,0.771,10.125
2024-05-14 20:00,0.770,10.102
2024-05-14 21:00,0.732,9.725
2024-05-14 22:00,0.544,8.175
2024-05-14 23:00,0.702,9.444
2024-05-15 00:00,0.770,10.117
2024-05-15 01:00,0.762,10.027
2024-05-15 02:00,0.756,9.969
2024-05-15 03:00,0.744,9.844
2024-05-15 04:00,0.731,9.712
2024-05-15 05:00,0.731,9.710
2024-05-15 06:00,0.744,9.830
2024-05-15 07:00,0.764,10.052
2024-05-15 08:00,0.760,10.008
2024-05-15 09:00,0.619,8.743
2024-05-15 10:00,0.384,7.015
2024-05-15 11:00,0.207,5.575
2024-05-15 12:00,0.090,4.224
2024-05-15 13:00,0.101,4.373
2024-05-15 14:00,0.343,6.706
2024-05-15 15:00,0.620,8.757
2024-05-15 16:00,0.720,9.617
2024-05-15 17:00,0.736,9.769
2024-05-15 18:00,0.739,9.799
2024-05-15 19:00,0.728,9.684
2024-05-15 20:00,0.679,9.240
2024-05-15 21:00,0.553,8.238
2024-05-15 22:00,0.240,5.883
2024-05-15 23:00,0.033,3.110
2024-05-16 00:00,0.001,1.461
2024-05-16 01:00,0.006,2.041
2024-05-16 02:00,0.027,2.932
2024-05-16 03:00,0.061,3.742
2024-05-16 04:00,0.100,4.367
2024-05-16 05:00,0.127,4.729
2024-05-16 06:00,0.148,4.979
2024-05-16 07:00,0.165,5.171
2024-05-16 08:00,0.174,5.260
2024-05-16 09:00,0.248,5.947
2024-05-16 10:00,0.662,9.105
2024-05-16 11:00,0.880,11.598
2024-05-16 12:00,0.898,11.948
2024-05-16 13:00,0.865,11.344
2024-05-16 14:00,0.820,10.693
2024-05-16 15:00,0.780,10.224
2024-05-16 16:00,0.741,9.819
2024-05-16 17:00,0.690,9.338
2024-05-16 18:00,0.626,8.807
2024-05-16 19:00,0.553,8.247
2024-05-16 20:00,0.493,7.811
2024-05-16 21:00,0.427,7.325
2024-05-16 22:00,0.203,5.533
2024-05-16 23:00,0.071,3.929
2024-05-17 00:00,0.056,3.639
2024-05-17 01:00,0.052,3.564
2024-05-17 02:00,0.065,3.808
2024-05-17 03:00,0.080,4.066
2024-05-17 04:00,0.104,4.429
2024-05-17 05:00,0.126,4.716
2024-05-17 06:00,0.145,4.950
2024-05-17 07:00,0.155,5.052
2024-05-17 08:00,0.148,4.978
2024-05-17 09:00,0.156,5.059
2024-05-17 10:00,0.429,7.342
2024-05-17 11:00,0.791,10.330
2024-05-17 12:00,0.892,11.840
2024-05-17 13:00,0.919,12.419
2024-05-17 14:00,0.924,12.554
2024-05-17 15:00,0.917,12.364
2024-05-17 16:00,0.845,11.044
2024-05-17 17:00,0.800,10.444
2024-05-17 18:00,0.771,10.122
2024-05-17 19:00,0.665,9.129
2024-05-17 20:00,0.591,8.527
2024-05-17 21:00,0.482,7.726
2024-05-17 22:00,0.563,8.316
2024-05-17 23:00,0.688,9.323
2024-05-18 00:00,0.651,9.004
2024-05-18 01:00,0.562,8.311
2024-05-18 02:00,0.295,6.334
2024-05-18 03:00,0.122,4.665
2024-05-18 04:00,0.095,4.302
2024-05-18 05:00,0.130,4.770
2024-05-18 06:00,0.125,4.704
2024-05-18 07:00,0.199,5.508
2024-05-18 08:00,0.357,6.816
2024-05-18 09:00,0.448,7.482
2024-05-18 10:00,0.553,8.244
2024-05-18 11:00,0.652,9.011
2024-05-18 12:00,0.597,8.569
2024-05-18 13:00,0.492,7.799
2024-05-18 14:00,0.452,7.508
2024-05-18 15:00,0.409,7.202
2024-05-18 16:00,0.306,6.427
2024-05-18 17:00,0.169,5.203
2024-05-18 18:00,0.126,4.714
2024-05-18 19:00,0.149,4.995
2024-05-18 20:00,0.156,5.058
2024-05-18 21:00,0.216,5.667
2024-05-18 22:00,0.326,6.576
2024-05-18 23:00,0.302,6.397
2024-05-19 00:00,0.372,6.923
2024-05-19 01:00,0.555,8.258
2024-05-19 02:00,0.615,8.717
2024-05-19 03:00,0.657,9.052
2024-05-19 04:00,0.663,9.110
2024-05-19 05:00,0.540,8.146
2024-05-19 06:00,0.434,7.379
2024-05-19 07:00,0.381,6.995
2024-05-19 08:00,0.365,6.870
2024-05-19 09:00,0.343,6.707
2024-05-19 10:00,0.221,5.700
2024-05-19 11:00,0.106,4.452
2024-05-19 12:00,0.047,3.454
2024-05-19 13:00,0.016,2.549
2024-05-19 14:00,0.008,2.161
2024-05-19 15:00,0.028,2.962
2024-05-19 16:00,0.099,4.360
2024-05-19 17:00,0.167,5.183
2024-05-19 18:00,0.207,5.578
2024-05-19 19:00,0.222,5.722
2024-05-19 20:00,0.208,5.596
2024-05-19 21:00,0.192,5.440
2024-05-19 22:00,0.090,4.224
2024-05-19 23:00,0.015,2.509
2024-05-20 00:00,0.002,1.618
2024-05-20 01:00,0,1.102
2024-05-20 02:00,0,0.876
2024-05-20 03:00,0,0.655
2024-05-20 04:00,0,0.511
2024-05-20 05:00,0,0.327
2024-05-20 06:00,0,0.745
2024-05-20 07:00,0.029,3.015
2024-05-20 08:00,0.182,5.337
2024-05-20 09:00,0.485,7.745
2024-05-20 10:00,0.705,9.471
2024-05-20 11:00,0.840,10.962
2024-05-20 12:00,0.860,11.262
2024-05-20 13:00,0.822,10.729
2024-05-20 14:00,0.785,10.279
2024-05-20 15:00,0.741,9.810
2024-05-20 16:00,0.718,9.594
2024-05-20 17:00,0.700,9.430
2024-05-20 18:00,0.671,9.177
2024-05-20 19:00,0.632,8.852
2024-05-20 20:00,0.610,8.674
2024-05-20 21:00,0.558,8.277
2024-05-20 22:00,0.389,7.059
2024-05-20 23:00,0.531,8.077
2024-05-21 00:00,0.657,9.055
2024-05-21 01:00,0.533,8.096
2024-05-21 02:00,0.370,6.912
2024-05-21 03:00,0.248,5.945
2024-05-21 04:00,0.177,5.281
2024-05-21 05:00,0.138,4.861
2024-05-21 06:00,0.132,4.778
2024-05-21 07:00,0.170,5.217
2024-05-21 08:00,0.303,6.408
2024-05-21 09:00,0.558,8.279
2024-05-21 10:00,0.774,10.155
2024-05-21 11:00,0.867,11.378
2024-05-21 12:00,0.886,11.710
2024-05-21 13:00,0.884,11.685
2024-05-21 14:00,0.890,11.801
2024-05-21 15:00,0.889,11.770
2024-05-21 16:00,0.881,11.615
2024-05-21 17:00,0.869,11.418
2024-05-21 18:00,0.865,11.346
2024-05-21 19:00,0.888,11.751
2024-05-21 20:00,0.889,11.758
2024-05-21 21:00,0.862,11.306
2024-05-21 22:00,0.757,9.981
2024-05-21 23:00,0.773,10.140
2024-05-22 00:00,0.803,10.480
2024-05-22 01:00,0.744,9.832
2024-05-22 02:00,0.581,8.461
2024-05-22 03:00,0.401,7.138
2024-05-22 04:00,0.275,6.172
2024-05-22 05:00,0.243,5.905
2024-05-22 06:00,0.278,6.193
2024-05-22 07:00,0.365,6.873
2024-05-22 08:00,0.557,8.275
2024-05-22 09:00,0.729,9.693
2024-05-22 10:00,0.815,10.628
2024-05-22 11:00,0.842,10.995
2024-05-22 12:00,0.728,9.683
2024-05-22 13:00,0.409,7.190
2024-05-22 14:00,0.637,8.895
2024-05-22 15:00,0.866,11.370
2024-05-22 16:00,0.935,12.852
2024-05-22 17:00,0.924,12.544
2024-05-22 18:00,0.802,10.470
2024-05-22 19:00,0.796,10.397
2024-05-22 20:00,0.797,10.412
2024-05-22 21:00,0.824,10.737
2024-05-22 22:00,0.838,10.944
2024-05-22 23:00,0.748,9.884
2024-05-23 00:00,0.684,9.288
2024-05-23 01:00,0.605,8.643
2024-05-23 02:00,0.452,7.505
2024-05-23 03:00,0.278,6.200
2024-05-23 04:00,0.184,5.365
2024-05-23 05:00,0.181,5.334
2024-05-23 06:00,0.145,4.944
2024-05-23 07:00,0.113,4.558
2024-05-23 08:00,0.107,4.475
2024-05-23 09:00,0.101,4.375
2024-05-23 10:00,0.083,4.116
2024-05-23 11:00,0.045,3.413
2024-05-23 12:00,0.019,2.689
2024-05-23 13:00,0.006,1.991
2024-05-23 14:00,0.003,1.682
2024-05-23 15:00,0.008,2.154
2024-05-23 16:00,0.042,3.350
2024-05-23 17:00,0.060,3.717
2024-05-23 18:00,0.115,4.579
2024-05-23 19:00,0.118,4.617
2024-05-23 20:00,0.094,4.284
2024-05-23 21:00,0.097,4.324
2024-05-23 22:00,0.076,4.006
2024-05-23 23:00,0.053,3.583
2024-05-24 00:00,0.022,2.774
2024-05-24 01:00,0.011,2.337
2024-05-24 02:00,0.017,2.569
2024-05-24 03:00,0.020,2.716
2024-05-24 04:00,0.023,2.794
2024-05-24 05:00,0.075,3.990
2024-05-24 06:00,0.172,5.239
2024-05-24 07:00,0.225,5.752
2024-05-24 08:00,0.287,6.273
2024-05-24 09:00,0.262,6.073
2024-05-24 10:00,0.185,5.371
2024-05-24 11:00,0.143,4.927
2024-05-24 12:00,0.095,4.304
2024-05-24 13:00,0.063,3.780
2024-05-24 14:00,0.038,3.228
2024-05-24 15:00,0.034,3.126
2024-05-24 16:00,0.047,3.443
2024-05-24 17:00,0.087,4.185
2024-05-24 18:00,0.109,4.504
2024-05-24 19:00,0.129,4.750
2024-05-24 20:00,0.152,5.020
2024-05-24 21:00,0.181,5.331
2024-05-24 22:00,0.214,5.646
2024-05-24 23:00,0.346,6.729
2024-05-25 00:00,0.443,7.438
2024-05-25 01:00,0.532,8.089
2024-05-25 02:00,0.628,8.819
2024-05-25 03:00,0.738,9.786
2024-05-25 04:00,0.806,10.523
2024-05-25 05:00,0.836,10.904
2024-05-25 06:00,0.856,11.199
2024-05-25 07:00,0.874,11.502
2024-05-25 08:00,0.875,11.520
2024-05-25 09:00,0.845,11.043
2024-05-25 10:00,0.766,10.070
2024-05-25 11:00,0.744,9.830
2024-05-25 12:00,0.711,9.526
2024-05-25 13:00,0.704,9.469
2024-05-25 14:00,0.700,9.426
2024-05-25 15:00,0.659,9.079
2024-05-25 16:00,0.541,8.151
2024-05-25 17:00,0.391,7.068
2024-05-25 18:00,0.447,7.474
2024-05-25 19:00,0.728,9.683
2024-05-25 20:00,0.816,10.641
2024-05-25 21:00,0.875,11.508
2024-05-25 22:00,0.970,14.269
2024-05-25 23:00,0.987,16.820
2024-05-26 00:00,0.976,18.181
2024-05-26 01:00,0.971,18.441
2024-05-26 02:00,0.982,17.624
2024-05-26 03:00,0.987,16.990
2024-05-26 04:00,0.987,16.915
2024-05-26 05:00,0.987,16.917
2024-05-26 06:00,0.987,16.911
2024-05-26 07:00,0.987,16.843
2024-05-26 08:00,0.988,16.640
2024-05-26 09:00,0.987,15.924
2024-05-26 10:00,0.973,14.466
2024-05-26 11:00,0.935,12.873
2024-05-26 12:00,0.898,11.960
2024-05-26 13:00,0.865,11.332
2024-05-26 14:00,0.839,10.950
2024-05-26 15:00,0.825,10.757
2024-05-26 16:00,0.808,10.548
2024-05-26 17:00,0.781,10.228
2024-05-26 18:00,0.760,10.002
2024-05-26 19:00,0.778,10.188
2024-05-26 20:00,0.809,10.558
2024-05-26 21:00,0.768,10.080
2024-05-26 22:00,0.575,8.409
2024-05-26 23:00,0.787,10.305
2024-05-27 00:00,0.844,11.020
2024-05-27 01:00,0.774,10.156
2024-05-27 02:00,0.647,8.979
2024-05-27 03:00,0.528,8.053
2024-05-27 04:00,0.456,7.537
2024-05-27 05:00,0.411,7.215
2024-05-27 06:00,0.378,6.976
2024-05-27 07:00,0.367,6.889
2024-05-27 08:00,0.394,7.081
2024-05-27 09:00,0.391,7.069
2024-05-27 10:00,0.303,6.401
2024-05-27 11:00,0.169,5.203
2024-05-27 12:00,0.040,3.299
2024-05-27 13:00,0.003,1.713
2024-05-27 14:00,0.012,2.379
2024-05-27 15:00,0.101,4.385
2024-05-27 16:00,0.264,6.088
2024-05-27 17:00,0.435,7.385
2024-05-27 18:00,0.544,8.176
2024-05-27 19:00,0.587,8.492
2024-05-27 20:00,0.589,8.518
2024-05-27 21:00,0.580,8.439
2024-05-27 22:00,0.381,6.987
2024-05-27 23:00,0.197,5.488
2024-05-28 00:00,0.192,5.439
2024-05-28 01:00,0.128,4.738
2024-05-28 02:00,0.073,3.950
2024-05-28 03:00,0.037,3.219
2024-05-28 04:00,0.014,2.469
2024-05-28 05:00,0.005,1.941
2024-05-28 06:00,0.005,1.918
2024-05-28 07:00,0.011,2.323
2024-05-28 08:00,0.030,3.017
2024-05-28 09:00,0.064,3.795
2024-05-28 10:00,0.206,5.570
2024-05-28 11:00,0.561,8.301
2024-05-28 12:00,0.763,10.037
2024-05-28 13:00,0.819,10.688
2024-05-28 14:00,0.848,11.090
2024-05-28 15:00,0.866,11.359
2024-05-28 16:00,0.880,11.596
2024-05-28 17:00,0.827,10.786
2024-05-28 18:00,0.807,10.536
2024-05-28 19:00,0.821,10.714
2024-05-28 20:00,0.839,10.952
2024-05-28 21:00,0.840,10.971
2024-05-28 22:00,0.857,11.224
2024-05-28 23:00,0.944,13.131
2024-05-29 00:00,0.963,13.902
2024-05-29 01:00,0.899,11.979
2024-05-29 02:00,0.677,9.224
2024-05-29 03:00,0.381,6.992
2024-05-29 04:00,0.182,5.337
2024-05-29 05:00,0.078,4.034
2024-05-29 06:00,0.116,4.588
2024-05-29 07:00,0.140,4.887
2024-05-29 08:00,0.174,5.265
2024-05-29 09:00,0.188,5.398
2024-05-29 10:00,0.119,4.625
2024-05-29 11:00,0.061,3.734
2024-05-29 12:00,0.023,2.828
2024-05-29 13:00,0.009,2.238
2024-05-29 14:00,0.037,3.211
2024-05-29 15:00,0.080,4.077
2024-05-29 16:00,0.170,5.220
2024-05-29 17:00,0.373,6.935
2024-05-29 18:00,0.557,8.273
2024-05-29 19:00,0.671,9.177
2024-05-29 20:00,0.710,9.517
2024-05-29 21:00,0.690,9.339
2024-05-29 22:00,0.577,8.427
2024-05-29 23:00,0.669,9.160
2024-05-30 00:00,0.787,10.300
2024-05-30 01:00,0.837,10.928
2024-05-30 02:00,0.863,11.311
2024-05-30 03:00,0.874,11.497
2024-05-30 04:00,0.892,11.840
2024-05-30 05:00,0.914,12.296
2024-05-30 06:00,0.920,12.465
2024-05-30 07:00,0.914,12.316
2024-05-30 08:00,0.891,11.817
2024-05-30 09:00,0.836,10.903
2024-05-30 10:00,0.694,9.380
2024-05-30 11:00,0.536,8.117
2024-05-30 12:00,0.391,7.070
2024-05-30 13:00,0.288,6.285
2024-05-30 14:00,0.219,5.695
2024-05-30 15:00,0.208,5.580
2024-05-30 16:00,0.271,6.143
2024-05-30 17:00,0.390,7.062
2024-05-30 18:00,0.541,8.148
2024-05-30 19:00,0.630,8.829
2024-05-30 20:00,0.659,9.073
2024-05-30 21:00,0.665,9.127
2024-05-30 22:00,0.725,9.650
2024-05-30 23:00,0.757,9.977
2024-05-31 00:00,0.719,9.607
2024-05-31 01:00,0.616,8.730
2024-05-31 02:00,0.497,7.838
2024-05-31 03:00,0.463,7.583
2024-05-31 04:00,0.523,8.025
2024-05-31 05:00,0.603,8.627
2024-05-31 06:00,0.664,9.118
2024-05-31 07:00,0.713,9.545
2024-05-31 08:00,0.757,9.974
2024-05-31 09:00,0.747,9.871
2024-05-31 10:00,0.609,8.667
2024-05-31 11:00,0.486,7.753
2024-05-31 12:00,0.473,7.652
2024-05-31 13:00,0.513,7.957
2024-05-31 14:00,0.575,8.411
2024-05-31 15:00,0.620,8.754
2024-05-31 16:00,0.643,8.943
2024-05-31 17:00,0.665,9.125
2024-05-31 18:00,0.677,9.227
2024-05-31 19:00,0.682,9.270
2024-05-31 20:00,0.695,9.383
2024-05-31 21:00,0.605,8.642
2024-05-31 22:00,0.370,6.913
2024-05-31 23:00,0.504,7.891
2024-06-01 00:00,0.607,8.649
2024-06-01 01:00,0.583,8.470
2024-06-01 02:00,0.544,8.184
2024-06-01 03:00,0.537,8.121
2024-06-01 04:00,0.569,8.369
2024-06-01 05:00,0.620,8.756
2024-06-01 06:00,0.666,9.133
2024-06-01 07:00,0.698,9.401
2024-06-01 08:00,0.698,9.409
2024-06-01 09:00,0.619,8.746
2024-06-01 10:00,0.403,7.157
2024-06-01 11:00,0.295,6.335
2024-06-01 12:00,0.198,5.497
2024-06-01 13:00,0.122,4.661
2024-06-01 14:00,0.100,4.365
2024-06-01 15:00,0.190,5.423
2024-06-01 16:00,0.381,6.990
2024-06-01 17:00,0.556,8.260
2024-06-01 18:00,0.653,9.022
2024-06-01 19:00,0.687,9.317
2024-06-01 20:00,0.704,9.462
2024-06-01 21:00,0.621,8.767
2024-06-01 22:00,0.384,7.021
2024-06-01 23:00,0.369,6.906
2024-06-02 00:00,0.353,6.786
2024-06-02 01:00,0.376,6.956
2024-06-02 02:00,0.389,7.056
2024-06-02 03:00,0.401,7.137
2024-06-02 04:00,0.425,7.317
2024-06-02 05:00,0.475,7.676
2024-06-02 06:00,0.529,8.068
2024-06-02 07:00,0.547,8.200
2024-06-02 08:00,0.497,7.835
2024-06-02 09:00,0.371,6.918
2024-06-02 10:00,0.197,5.485
2024-06-02 11:00,0.103,4.408
2024-06-02 12:00,0.042,3.338
2024-06-02 13:00,0.007,2.060
2024-06-02 14:00,0,1.023
2024-06-02 15:00,0.001,1.365
2024-06-02 16:00,0.016,2.530
2024-06-02 17:00,0.042,3.338
2024-06-02 18:00,0.069,3.885
2024-06-02 19:00,0.088,4.204
2024-06-02 20:00,0.107,4.465
2024-06-02 21:00,0.129,4.754
2024-06-02 22:00,0.076,4.000
2024-06-02 23:00,0.023,2.799
2024-06-03 00:00,0.016,2.566
2024-06-03 01:00,0.024,2.834
2024-06-03 02:00,0.042,3.330
2024-06-03 03:00,0.061,3.725
2024-06-03 04:00,0.072,3.930
2024-06-03 05:00,0.073,3.948
2024-06-03 06:00,0.064,3.792
2024-06-03 07:00,0.046,3.435
2024-06-03 08:00,0.025,2.889
2024-06-03 09:00,0.011,2.301
2024-06-03 10:00,0.021,2.720
2024-06-03 11:00,0.079,4.061
2024-06-03 12:00,0.192,5.440
2024-06-03 13:00,0.315,6.498
2024-06-03 14:00,0.402,7.142
2024-06-03 15:00,0.434,7.379
2024-06-03 16:00,0.462,7.577
2024-06-03 17:00,0.498,7.844
2024-06-03 18:00,0.537,8.127
2024-06-03 19:00,0.571,8.383
2024-06-03 20:00,0.580,8.451
2024-06-03 21:00,0.495,7.822
2024-06-03 22:00,0.220,5.699
2024-06-03 23:00,0.065,3.818
2024-06-04 00:00,0.031,3.052
2024-06-04 01:00,0.005,1.915
2024-06-04 02:00,0.003,1.765
2024-06-04 03:00,0.009,2.229
2024-06-04 04:00,0.020,2.708
2024-06-04 05:00,0.034,3.129
2024-06-04 06:00,0.057,3.666
2024-06-04 07:00,0.098,4.343
2024-06-04 08:00,0.158,5.091
2024-06-04 09:00,0.238,5.866
2024-06-04 10:00,0.367,6.888
2024-06-04 11:00,0.525,8.034
2024-06-04 12:00,0.597,8.572
2024-06-04 13:00,0.568,8.356
2024-06-04 14:00,0.456,7.543
2024-06-04 15:00,0.357,6.818
2024-06-04 16:00,0.368,6.892
2024-06-04 17:00,0.434,7.370
2024-06-04 18:00,0.519,7.995
2024-06-04 19:00,0.573,8.395
2024-06-04 20:00,0.619,8.750
2024-06-04 21:00,0.545,8.188
2024-06-04 22:00,0.375,6.952
2024-06-04 23:00,0.309,6.443
2024-06-05 00:00,0.463,7.582
2024-06-05 01:00,0.522,8.020
2024-06-05 02:00,0.568,8.355
2024-06-05 03:00,0.614,8.706
2024-06-05 04:00,0.650,8.994
2024-06-05 05:00,0.652,9.021
2024-06-05 06:00,0.649,8.986
2024-06-05 07:00,0.630,8.829
2024-06-05 08:00,0.565,8.332
2024-06-05 09:00,0.436,7.389
2024-06-05 10:00,0.334,6.645
2024-06-05 11:00,0.361,6.846
2024-06-05 12:00,0.490,7.782
2024-06-05 13:00,0.650,9.001
2024-06-05 14:00,0.732,9.731
2024-06-05 15:00,0.736,9.763
2024-06-05 16:00,0.714,9.560
2024-06-05 17:00,0.702,9.448
2024-06-05 18:00,0.689,9.336
2024-06-05 19:00,0.687,9.317
2024-06-05 20:00,0.683,9.281
2024-06-05 21:00,0.598,8.579
2024-06-05 22:00,0.546,8.198
2024-06-05 23:00,0.868,11.397
2024-06-06 00:00,0.935,12.854
2024-06-06 01:00,0.923,12.524
2024-06-06 02:00,0.894,11.879
2024-06-06 03:00,0.875,11.510
2024-06-06 04:00,0.853,11.161
2024-06-06 05:00,0.818,10.672
2024-06-06 06:00,0.775,10.163
2024-06-06 07:00,0.737,9.777
2024-06-06 08:00,0.721,9.618
2024-06-06 09:00,0.722,9.634
2024-06-06 10:00,0.721,9.623
2024-06-06 11:00,0.780,10.215
2024-06-06 12:00,0.792,10.353
2024-06-06 13:00,0.727,9.674
2024-06-06 14:00,0.705,9.473
2024-06-06 15:00,0.702,9.447
2024-06-06 16:00,0.705,9.473
2024-06-06 17:00,0.674,9.198
2024-06-06 18:00,0.669,9.161
2024-06-06 19:00,0.639,8.911
2024-06-06 20:00,0.639,8.906
2024-06-06 21:00,0.510,7.931
2024-06-06 22:00,0.284,6.253
2024-06-06 23:00,0.142,4.908
2024-06-07 00:00,0.046,3.422
2024-06-07 01:00,0.013,2.420
2024-06-07 02:00,0.019,2.656
2024-06-07 03:00,0.038,3.251
2024-06-07 04:00,0.062,3.765
2024-06-07 05:00,0.060,3.710
2024-06-07 06:00,0.084,4.120
2024-06-07 07:00,0.076,4.004
2024-06-07 08:00,0.056,3.625
2024-06-07 09:00,0.040,3.280
2024-06-07 10:00,0.049,3.488
2024-06-07 11:00,0.121,4.649
2024-06-07 12:00,0.264,6.083
2024-06-07 13:00,0.439,7.413
2024-06-07 14:00,0.562,8.312
2024-06-07 15:00,0.607,8.657
2024-06-07 16:00,0.616,8.725
2024-06-07 17:00,0.613,8.703
2024-06-07 18:00,0.615,8.712
2024-06-07 19:00,0.619,8.745
2024-06-07 20:00,0.626,8.805
2024-06-07 21:00,0.536,8.116
2024-06-07 22:00,0.264,6.078
2024-06-07 23:00,0.122,4.664
2024-06-08 00:00,0.225,5.746
2024-06-08 01:00,0.195,5.470
2024-06-08 02:00,0.147,4.968
2024-06-08 03:00,0.124,4.689
2024-06-08 04:00,0.118,4.613
2024-06-08 05:00,0.129,4.760
2024-06-08 06:00,0.154,5.040
2024-06-08 07:00,0.178,5.294
2024-06-08 08:00,0.201,5.522
2024-06-08 09:00,0.207,5.576
2024-06-08 10:00,0.188,5.405
2024-06-08 11:00,0.221,5.705
2024-06-08 12:00,0.284,6.252
2024-06-08 13:00,0.411,7.213
2024-06-08 14:00,0.565,8.337
2024-06-08 15:00,0.630,8.829
2024-06-08 16:00,0.591,8.526
2024-06-08 17:00,0.538,8.135
2024-06-08 18:00,0.545,8.190
2024-06-08 19:00,0.553,8.244
2024-06-08 20:00,0.540,8.146
2024-06-08 21:00,0.405,7.165
2024-06-08 22:00,0.161,5.119
2024-06-08 23:00,0.170,5.218
2024-06-09 00:00,0.267,6.107
2024-06-09 01:00,0.332,6.628
2024-06-09 02:00,0.329,6.607
2024-06-09 03:00,0.323,6.560
2024-06-09 04:00,0.306,6.423
2024-06-09 05:00,0.258,6.027
2024-06-09 06:00,0.195,5.469
2024-06-09 07:00,0.133,4.794
2024-06-09 08:00,0.076,4.005
2024-06-09 09:00,0.021,2.751
2024-06-09 10:00,0.029,2.979
2024-06-09 11:00,0.232,5.811
2024-06-09 12:00,0.527,8.049
2024-06-09 13:00,0.756,9.962
2024-06-09 14:00,0.854,11.177
2024-06-09 15:00,0.807,10.533
2024-06-09 16:00,0.598,8.578
2024-06-09 17:00,0.561,8.309
2024-06-09 18:00,0.615,8.716
2024-06-09 19:00,0.669,9.158
2024-06-09 20:00,0.789,10.320
2024-06-09 21:00,0.710,9.522
2024-06-09 22:00,0.492,7.800
2024-06-09 23:00,0.599,8.595
2024-06-10 00:00,0.660,9.081
2024-06-10 01:00,0.721,9.622
2024-06-10 02:00,0.753,9.923
2024-06-10 03:00,0.753,9.923
2024-06-10 04:00,0.757,9.981
2024-06-10 05:00,0.784,10.265
2024-06-10 06:00,0.893,11.855
2024-06-10 07:00,0.987,16.075
2024-06-10 08:00,0.970,14.275
2024-06-10 09:00,0.791,10.339
2024-06-10 10:00,0.368,6.890
2024-06-10 11:00,0.336,6.657
2024-06-10 12:00,0.423,7.303
2024-06-10 13:00,0.541,8.156
2024-06-10 14:00,0.657,9.057
2024-06-10 15:00,0.721,9.619
2024-06-10 16:00,0.751,9.906
2024-06-10 17:00,0.762,10.033
2024-06-10 18:00,0.755,9.943
2024-06-10 19:00,0.767,10.075
2024-06-10 20:00,0.775,10.164
2024-06-10 21:00,0.720,9.610
2024-06-10 22:00,0.476,7.683
2024-06-10 23:00,0.534,8.098
2024-06-11 00:00,0.474,7.661
2024-06-11 01:00,0.247,5.940
2024-06-11 02:00,0.104,4.437
2024-06-11 03:00,0.062,3.753
2024-06-11 04:00,0.049,3.495
2024-06-11 05:00,0.040,3.296
2024-06-11 06:00,0.033,3.107
2024-06-11 07:00,0.039,3.257
2024-06-11 08:00,0.080,4.079
2024-06-11 09:00,0.099,4.357
2024-06-11 10:00,0.041,3.323
2024-06-11 11:00,0.048,3.461
2024-06-11 12:00,0.149,4.996
2024-06-11 13:00,0.190,5.417
2024-06-11 14:00,0.172,5.242
2024-06-11 15:00,0.130,4.764
2024-06-11 16:00,0.154,5.033
2024-06-11 17:00,0.278,6.198
2024-06-11 18:00,0.480,7.714
2024-06-11 19:00,0.458,7.557
2024-06-11 20:00,0.306,6.418
2024-06-11 21:00,0.169,5.207
2024-06-11 22:00,0.104,4.425
2024-06-11 23:00,0.069,3.870
2024-06-12 00:00,0.053,3.579
2024-06-12 01:00,0.049,3.490
2024-06-12 02:00,0.038,3.231
2024-06-12 03:00,0.032,3.078
2024-06-12 04:00,0.035,3.170
2024-06-12 05:00,0.047,3.455
2024-06-12 06:00,0.074,3.966
2024-06-12 07:00,0.127,4.734
2024-06-12 08:00,0.238,5.862
2024-06-12 09:00,0.441,7.429
2024-06-12 10:00,0.678,9.234
2024-06-12 11:00,0.832,10.854
2024-06-12 12:00,0.843,11.003
2024-06-12 13:00,0.818,10.668
2024-06-12 14:00,0.812,10.592
2024-06-12 15:00,0.822,10.718
2024-06-12 16:00,0.790,10.325
2024-06-12 17:00,0.720,9.612
2024-06-12 18:00,0.661,9.090
2024-06-12 19:00,0.639,8.909
2024-06-12 20:00,0.595,8.563
2024-06-12 21:00,0.412,7.225
2024-06-12 22:00,0.314,6.482
2024-06-12 23:00,0.496,7.826
2024-06-13 00:00,0.424,7.308
2024-06-13 01:00,0.276,6.185
2024-06-13 02:00,0.148,4.980
2024-06-13 03:00,0.052,3.554
2024-06-13 04:00,0.005,1.930
2024-06-13 05:00,0.002,1.511
2024-06-13 06:00,0.002,1.493
2024-06-13 07:00,0.059,3.701
2024-06-13 08:00,0.208,5.588
2024-06-13 09:00,0.284,6.243
2024-06-13 10:00,0.174,5.260
2024-06-13 11:00,0.058,3.690
2024-06-13 12:00,0.027,2.929
2024-06-13 13:00,0.018,2.640
2024-06-13 14:00,0.026,2.904
2024-06-13 15:00,0.039,3.270
2024-06-13 16:00,0.063,3.773
2024-06-13 17:00,0.124,4.690
2024-06-13 18:00,0.140,4.884
2024-06-13 19:00,0.103,4.414
2024-06-13 20:00,0.081,4.095
2024-06-13 21:00,0.063,3.785
2024-06-13 22:00,0.057,3.662
2024-06-13 23:00,0.138,4.862
2024-06-14 00:00,0.263,6.075
2024-06-14 01:00,0.322,6.551
2024-06-14 02:00,0.344,6.715
2024-06-14 03:00,0.353,6.785
2024-06-14 04:00,0.369,6.910
2024-06-14 05:00,0.416,7.242
2024-06-14 06:00,0.488,7.763
2024-06-14 07:00,0.553,8.242
2024-06-14 08:00,0.580,8.452
2024-06-14 09:00,0.569,8.370
2024-06-14 10:00,0.490,7.780
2024-06-14 11:00,0.391,7.070
2024-06-14 12:00,0.333,6.637
2024-06-14 13:00,0.286,6.272
2024-06-14 14:00,0.314,6.483
2024-06-14 15:00,0.414,7.233
2024-06-14 16:00,0.493,7.806
2024-06-14 17:00,0.504,7.888
2024-06-14 18:00,0.491,7.797
2024-06-14 19:00,0.490,7.779
2024-06-14 20:00,0.490,7.785
2024-06-14 21:00,0.355,6.806
2024-06-14 22:00,0.447,7.479
2024-06-14 23:00,0.418,7.269
2024-06-15 00:00,0.369,6.911
2024-06-15 01:00,0.303,6.407
2024-06-15 02:00,0.237,5.861
2024-06-15 03:00,0.195,5.471
2024-06-15 04:00,0.165,5.164
2024-06-15 05:00,0.148,4.984
2024-06-15 06:00,0.140,4.881
2024-06-15 07:00,0.126,4.722
2024-06-15 08:00,0.109,4.496
2024-06-15 09:00,0.074,3.969
2024-06-15 10:00,0.023,2.793
2024-06-15 11:00,0.001,1.328
2024-06-15 12:00,0.002,1.508
2024-06-15 13:00,0.032,3.088
2024-06-15 14:00,0.122,4.666
2024-06-15 15:00,0.214,5.650
2024-06-15 16:00,0.289,6.291
2024-06-15 17:00,0.350,6.760
2024-06-15 18:00,0.409,7.201
2024-06-15 19:00,0.468,7.628
2024-06-15 20:00,0.519,8.000
2024-06-15 21:00,0.446,7.473
2024-06-15 22:00,0.185,5.374
2024-06-15 23:00,0.222,5.725
2024-06-16 00:00,0.315,6.500
2024-06-16 01:00,0.304,6.412
2024-06-16 02:00,0.267,6.112
2024-06-16 03:00,0.268,6.122
2024-06-16 04:00,0.285,6.254
2024-06-16 05:00,0.297,6.347
2024-06-16 06:00,0.311,6.470
2024-06-16 07:00,0.341,6.699
2024-06-16 08:00,0.358,6.824
2024-06-16 09:00,0.339,6.671
2024-06-16 10:00,0.261,6.053
2024-06-16 11:00,0.344,6.713
2024-06-16 12:00,0.570,8.375
2024-06-16 13:00,0.782,10.247
2024-06-16 14:00,0.882,11.644
2024-06-16 15:00,0.904,12.074
2024-06-16 16:00,0.909,12.182
2024-06-16 17:00,0.885,11.690
2024-06-16 18:00,0.810,10.569
2024-06-16 19:00,0.751,9.909
2024-06-16 20:00,0.693,9.371
2024-06-16 21:00,0.497,7.839
2024-06-16 22:00,0.166,5.180
2024-06-16 23:00,0.064,3.795
2024-06-17 00:00,0.020,2.707
2024-06-17 01:00,0.010,2.248
2024-06-17 02:00,0.010,2.260
2024-06-17 03:00,0.012,2.378
2024-06-17 04:00,0.020,2.698
2024-06-17 05:00,0.036,3.183
2024-06-17 06:00,0.057,3.657
2024-06-17 07:00,0.086,4.150
2024-06-17 08:00,0.101,4.375
2024-06-17 09:00,0.066,3.840
2024-06-17 10:00,0.018,2.654
2024-06-17 11:00,0.017,2.587
2024-06-17 12:00,0.031,3.053
2024-06-17 13:00,0.087,4.182
2024-06-17 14:00,0.202,5.528
2024-06-17 15:00,0.270,6.141
2024-06-17 16:00,0.369,6.906
2024-06-17 17:00,0.471,7.640
2024-06-17 18:00,0.485,7.744
2024-06-17 19:00,0.399,7.123
2024-06-17 20:00,0.283,6.233
2024-06-17 21:00,0.153,5.025
2024-06-17 22:00,0.051,3.549
2024-06-17 23:00,0.020,2.691
2024-06-18 00:00,0.007,2.101
2024-06-18 01:00,0.005,1.892
2024-06-18 02:00,0.012,2.367
2024-06-18 03:00,0.009,2.231
2024-06-18 04:00,0.011,2.330
2024-06-18 05:00,0.020,2.708
2024-06-18 06:00,0.038,3.240
2024-06-18 07:00,0.090,4.222
2024-06-18 08:00,0.153,5.029
2024-06-18 09:00,0.157,5.066
2024-06-18 10:00,0.246,5.931
2024-06-18 11:00,0.438,7.408
2024-06-18 12:00,0.722,9.630
2024-06-18 13:00,0.855,11.185
2024-06-18 14:00,0.859,11.247
2024-06-18 15:00,0.776,10.167
2024-06-18 16:00,0.729,9.699
2024-06-18 17:00,0.698,9.412
2024-06-18 18:00,0.644,8.950
2024-06-18 19:00,0.591,8.527
2024-06-18 20:00,0.546,8.199
2024-06-18 21:00,0.385,7.026
2024-06-18 22:00,0.279,6.206
2024-06-18 23:00,0.549,8.216
2024-06-19 00:00,0.660,9.088
2024-06-19 01:00,0.712,9.536
2024-06-19 02:00,0.804,10.491
2024-06-19 03:00,0.868,11.390
2024-06-19 04:00,0.880,11.611
2024-06-19 05:00,0.840,10.962
2024-06-19 06:00,0.772,10.135
2024-06-19 07:00,0.719,9.600
2024-06-19 08:00,0.705,9.473
2024-06-19 09:00,0.769,10.096
2024-06-19 10:00,0.818,10.668
2024-06-19 11:00,0.822,10.718
2024-06-19 12:00,0.784,10.263
2024-06-19 13:00,0.752,9.917
2024-06-19 14:00,0.733,9.732
2024-06-19 15:00,0.732,9.727
2024-06-19 16:00,0.724,9.643
2024-06-19 17:00,0.679,9.237
2024-06-19 18:00,0.619,8.745
2024-06-19 19:00,0.591,8.529
2024-06-19 20:00,0.529,8.072
2024-06-19 21:00,0.575,8.402
2024-06-19 22:00,0.554,8.252
2024-06-19 23:00,0.416,7.241
2024-06-20 00:00,0.294,6.326
2024-06-20 01:00,0.204,5.544
2024-06-20 02:00,0.196,5.481
2024-06-20 03:00,0.158,5.091
2024-06-20 04:00,0.149,4.989
2024-06-20 05:00,0.178,5.294
2024-06-20 06:00,0.181,5.333
2024-06-20 07:00,0.177,5.283
2024-06-20 08:00,0.232,5.808
2024-06-20 09:00,0.252,5.985
2024-06-20 10:00,0.291,6.312
2024-06-20 11:00,0.495,7.823
2024-06-20 12:00,0.546,8.192
2024-06-20 13:00,0.504,7.889
2024-06-20 14:00,0.474,7.660
2024-06-20 15:00,0.503,7.876
2024-06-20 16:00,0.469,7.631
2024-06-20 17:00,0.435,7.384
2024-06-20 18:00,0.394,7.081
2024-06-20 19:00,0.348,6.743
2024-06-20 20:00,0.297,6.354
2024-06-20 21:00,0.222,5.726
2024-06-20 22:00,0.173,5.252
2024-06-20 23:00,0.210,5.614
2024-06-21 00:00,0.212,5.628
2024-06-21 01:00,0.149,4.996
2024-06-21 02:00,0.101,4.379
2024-06-21 03:00,0.074,3.958
2024-06-21 04:00,0.072,3.938
2024-06-21 05:00,0.080,4.078
2024-06-21 06:00,0.099,4.360
2024-06-21 07:00,0.156,5.056
2024-06-21 08:00,0.214,5.651
2024-06-21 09:00,0.230,5.788
2024-06-21 10:00,0.190,5.420
2024-06-21 11:00,0.272,6.151
2024-06-21 12:00,0.378,6.975
2024-06-21 13:00,0.441,7.426
2024-06-21 14:00,0.497,7.833
2024-06-21 15:00,0.556,8.261
2024-06-21 16:00,0.577,8.421
2024-06-21 17:00,0.605,8.643
2024-06-21 18:00,0.602,8.616
2024-06-21 19:00,0.474,7.661
2024-06-21 20:00,0.369,6.905
2024-06-21 21:00,0.195,5.468
2024-06-21 22:00,0.046,3.432
2024-06-21 23:00,0.034,3.135
2024-06-22 00:00,0.071,3.920
2024-06-22 01:00,0.231,5.792
2024-06-22 02:00,0.460,7.570
2024-06-22 03:00,0.587,8.495
2024-06-22 04:00,0.604,8.632
2024-06-22 05:00,0.547,8.204
2024-06-22 06:00,0.412,7.221
2024-06-22 07:00,0.232,5.804
2024-06-22 08:00,0.112,4.528
2024-06-22 09:00,0.103,4.406
2024-06-22 10:00,0.190,5.424
2024-06-22 11:00,0.360,6.838
2024-06-22 12:00,0.463,7.590
2024-06-22 13:00,0.485,7.743
2024-06-22 14:00,0.438,7.405
2024-06-22 15:00,0.349,6.750
2024-06-22 16:00,0.292,6.316
2024-06-22 17:00,0.287,6.274
2024-06-22 18:00,0.297,6.355
2024-06-22 19:00,0.280,6.211
2024-06-22 20:00,0.247,5.942
2024-06-22 21:00,0.221,5.705
2024-06-22 22:00,0.189,5.410
2024-06-22 23:00,0.164,5.150
2024-06-23 00:00,0.179,5.297
2024-06-23 01:00,0.247,5.941
2024-06-23 02:00,0.375,6.945
2024-06-23 03:00,0.544,8.170
2024-06-23 04:00,0.671,9.169
2024-06-23 05:00,0.707,9.487
2024-06-23 06:00,0.670,9.166
2024-06-23 07:00,0.615,8.711
2024-06-23 08:00,0.610,8.673
2024-06-23 09:00,0.624,8.787
2024-06-23 10:00,0.526,8.043
2024-06-23 11:00,0.403,7.153
2024-06-23 12:00,0.339,6.673
2024-06-23 13:00,0.256,6.014
2024-06-23 14:00,0.225,5.752
2024-06-23 15:00,0.270,6.136
2024-06-23 16:00,0.354,6.795
2024-06-23 17:00,0.421,7.289
2024-06-23 18:00,0.492,7.805
2024-06-23 19:00,0.575,8.401
2024-06-23 20:00,0.627,8.818
2024-06-23 21:00,0.512,7.947
2024-06-23 22:00,0.430,7.346
2024-06-23 23:00,0.726,9.666
2024-06-24 00:00,0.764,10.046
2024-06-24 01:00,0.733,9.735
2024-06-24 02:00,0.675,9.215
2024-06-24 03:00,0.612,8.690
2024-06-24 04:00,0.541,8.158
2024-06-24 05:00,0.471,7.639
2024-06-24 06:00,0.410,7.210
2024-06-24 07:00,0.363,6.855
2024-06-24 08:00,0.318,6.521
2024-06-24 09:00,0.231,5.794
2024-06-24 10:00,0.103,4.402
2024-06-24 11:00,0.052,3.565
2024-06-24 12:00,0.028,2.951
2024-06-24 13:00,0.009,2.224
2024-06-24 14:00,0.006,2.021
2024-06-24 15:00,0.014,2.446
2024-06-24 16:00,0.029,3.006
2024-06-24 17:00,0.057,3.664
2024-06-24 18:00,0.095,4.300
2024-06-24 19:00,0.137,4.849
2024-06-24 20:00,0.181,5.331
2024-06-24 21:00,0.207,5.572
2024-06-24 22:00,0.100,4.369
2024-06-24 23:00,0.030,3.022
2024-06-25 00:00,0.017,2.612
2024-06-25 01:00,0.011,2.319
2024-06-25 02:00,0.005,1.952
2024-06-25 03:00,0.002,1.576
2024-06-25 04:00,0.002,1.510
2024-06-25 05:00,0.003,1.721
2024-06-25 06:00,0.005,1.962
2024-06-25 07:00,0.007,2.057
2024-06-25 08:00,0.006,2.026
2024-06-25 09:00,0.002,1.571
2024-06-25 10:00,0.021,2.739
2024-06-25 11:00,0.206,5.568
2024-06-25 12:00,0.475,7.677
2024-06-25 13:00,0.627,8.813
2024-06-25 14:00,0.718,9.589
2024-06-25 15:00,0.744,9.848
2024-06-25 16:00,0.744,9.839
2024-06-25 17:00,0.718,9.586
2024-06-25 18:00,0.660,9.081
2024-06-25 19:00,0.616,8.728
2024-06-25 20:00,0.565,8.324
2024-06-25 21:00,0.424,7.310
2024-06-25 22:00,0.251,5.967
2024-06-25 23:00,0.315,6.494
2024-06-26 00:00,0.256,6.011
2024-06-26 01:00,0.137,4.851
2024-06-26 02:00,0.070,3.899
2024-06-26 03:00,0.041,3.317
2024-06-26 04:00,0.029,2.992
2024-06-26 05:00,0.023,2.797
2024-06-26 06:00,0.029,2.981
2024-06-26 07:00,0.060,3.716
2024-06-26 08:00,0.118,4.611
2024-06-26 09:00,0.181,5.321
2024-06-26 10:00,0.279,6.204
2024-06-26 11:00,0.482,7.729
2024-06-26 12:00,0.669,9.161
2024-06-26 13:00,0.800,10.447
2024-06-26 14:00,0.818,10.673
2024-06-26 15:00,0.785,10.276
2024-06-26 16:00,0.747,9.877
2024-06-26 17:00,0.695,9.385
2024-06-26 18:00,0.604,8.637
2024-06-26 19:00,0.559,8.286
2024-06-26 20:00,0.514,7.960
2024-06-26 21:00,0.368,6.901
2024-06-26 22:00,0.169,5.206
2024-06-26 23:00,0.331,6.618
2024-06-27 00:00,0.619,8.752
2024-06-27 01:00,0.700,9.425
2024-06-27 02:00,0.797,10.407
2024-06-27 03:00,0.859,11.252
2024-06-27 04:00,0.912,12.263
2024-06-27 05:00,0.951,13.397
2024-06-27 06:00,0.952,13.426
2024-06-27 07:00,0.923,12.512
2024-06-27 08:00,0.875,11.518
2024-06-27 09:00,0.785,10.279
2024-06-27 10:00,0.714,9.560
2024-06-27 11:00,0.744,9.835
2024-06-27 12:00,0.827,10.793
2024-06-27 13:00,0.812,10.593
2024-06-27 14:00,0.832,10.851
2024-06-27 15:00,0.845,11.036
2024-06-27 16:00,0.817,10.655
2024-06-27 17:00,0.800,10.439
2024-06-27 18:00,0.745,9.853
2024-06-27 19:00,0.712,9.537
2024-06-27 20:00,0.713,9.551
2024-06-27 21:00,0.680,9.251
2024-06-27 22:00,0.639,8.900
2024-06-27 23:00,0.750,9.897
2024-06-28 00:00,0.764,10.049
2024-06-28 01:00,0.691,9.354
2024-06-28 02:00,0.602,8.617
2024-06-28 03:00,0.604,8.634
2024-06-28 04:00,0.641,8.925
2024-06-28 05:00,0.676,9.218
2024-06-28 06:00,0.725,9.655
2024-06-28 07:00,0.781,10.237
2024-06-28 08:00,0.847,11.065
2024-06-28 09:00,0.890,11.787
2024-06-28 10:00,0.917,12.379
2024-06-28 11:00,0.897,11.917
2024-06-28 12:00,0.815,10.622
2024-06-28 13:00,0.792,10.353
2024-06-28 14:00,0.768,10.093
2024-06-28 15:00,0.723,9.642
2024-06-28 16:00,0.741,9.817
2024-06-28 17:00,0.780,10.217
2024-06-28 18:00,0.791,10.335
2024-06-28 19:00,0.737,9.779
2024-06-28 20:00,0.594,8.551
2024-06-28 21:00,0.457,7.552
2024-06-28 22:00,0.372,6.929
2024-06-28 23:00,0.490,7.777
2024-06-29 00:00,0.499,7.846
2024-06-29 01:00,0.410,7.207
2024-06-29 02:00,0.283,6.235
2024-06-29 03:00,0.241,5.892
2024-06-29 04:00,0.280,6.211
2024-06-29 05:00,0.296,6.344
2024-06-29 06:00,0.267,6.113
2024-06-29 07:00,0.259,6.043
2024-06-29 08:00,0.287,6.279
2024-06-29 09:00,0.288,6.288
2024-06-29 10:00,0.269,6.127
2024-06-29 11:00,0.261,6.056
2024-06-29 12:00,0.193,5.446
2024-06-29 13:00,0.103,4.410
2024-06-29 14:00,0.088,4.199
2024-06-29 15:00,0.080,4.075
2024-06-29 16:00,0.062,3.764
2024-06-29 17:00,0.048,3.474
2024-06-29 18:00,0.035,3.158
2024-06-29 19:00,0.021,2.751
2024-06-29 20:00,0.018,2.625
2024-06-29 21:00,0.013,2.412
2024-06-29 22:00,0.020,2.698
2024-06-29 23:00,0.050,3.512
2024-06-30 00:00,0.063,3.781
2024-06-30 01:00,0.063,3.777
2024-06-30 02:00,0.076,4.013
2024-06-30 03:00,0.102,4.390
2024-06-30 04:00,0.139,4.870
2024-06-30 05:00,0.180,5.317
2024-06-30 06:00,0.242,5.904
2024-06-30 07:00,0.309,6.451
2024-06-30 08:00,0.338,6.667
2024-06-30 09:00,0.377,6.966
2024-06-30 10:00,0.450,7.488
2024-06-30 11:00,0.561,8.305
2024-06-30 12:00,0.655,9.038
2024-06-30 13:00,0.619,8.740
2024-06-30 14:00,0.534,8.103
2024-06-30 15:00,0.468,7.629
2024-06-30 16:00,0.434,7.372
2024-06-30 17:00,0.344,6.719
2024-06-30 18:00,0.262,6.068
2024-06-30 19:00,0.223,5.730
2024-06-30 20:00,0.205,5.553
2024-06-30 21:00,0.177,5.280
2024-06-30 22:00,0.240,5.881
2024-06-30 23:00,0.324,6.565
2024-07-01 00:00,0.372,6.921
2024-07-01 01:00,0.403,7.146
2024-07-01 02:00,0.421,7.278
2024-07-01 03:00,0.405,7.166
2024-07-01 04:00,0.369,6.910
2024-07-01 05:00,0.351,6.768
2024-07-01 06:00,0.339,6.681
2024-07-01 07:00,0.302,6.397
2024-07-01 08:00,0.290,6.304
2024-07-01 09:00,0.278,6.198
2024-07-01 10:00,0.258,6.034
2024-07-01 11:00,0.247,5.942
2024-07-01 12:00,0.250,5.960
2024-07-01 13:00,0.194,5.452
2024-07-01 14:00,0.122,4.668
2024-07-01 15:00,0.104,4.427
2024-07-01 16:00,0.097,4.327
2024-07-01 17:00,0.097,4.326
2024-07-01 18:00,0.095,4.296
2024-07-01 19:00,0.073,3.948
2024-07-01 20:00,0.067,3.847
2024-07-01 21:00,0.108,4.488
2024-07-01 22:00,0.092,4.259
2024-07-01 23:00,0.073,3.949
2024-07-02 00:00,0.188,5.398
2024-07-02 01:00,0.283,6.235
2024-07-02 02:00,0.342,6.702
2024-07-02 03:00,0.391,7.070
2024-07-02 04:00,0.421,7.289
2024-07-02 05:00,0.450,7.491
2024-07-02 06:00,0.509,7.919
2024-07-02 07:00,0.548,8.210
2024-07-02 08:00,0.548,8.211
2024-07-02 09:00,0.444,7.452
2024-07-02 10:00,0.344,6.713
2024-07-02 11:00,0.349,6.748
2024-07-02 12:00,0.403,7.148
2024-07-02 13:00,0.541,8.154
2024-07-02 14:00,0.652,9.015
2024-07-02 15:00,0.682,9.267
2024-07-02 16:00,0.643,8.946
2024-07-02 17:00,0.575,8.399
2024-07-02 18:00,0.607,8.660
2024-07-02 19:00,0.635,8.879
2024-07-02 20:00,0.674,9.195
2024-07-02 21:00,0.642,8.938
2024-07-02 22:00,0.529,8.068
2024-07-02 23:00,0.565,8.338
2024-07-03 00:00,0.710,9.509
2024-07-03 01:00,0.744,9.842
2024-07-03 02:00,0.680,9.240
2024-07-03 03:00,0.573,8.392
2024-07-03 04:00,0.483,7.733
2024-07-03 05:00,0.435,7.384
2024-07-03 06:00,0.405,7.168
2024-07-03 07:00,0.406,7.172
2024-07-03 08:00,0.429,7.345
2024-07-03 09:00,0.384,7.017
2024-07-03 10:00,0.225,5.749
2024-07-03 11:00,0.131,4.777
2024-07-03 12:00,0.054,3.594
2024-07-03 13:00,0.005,1.947
2024-07-03 14:00,0.001,1.208
2024-07-03 15:00,0.017,2.597
2024-07-03 16:00,0.042,3.349
2024-07-03 17:00,0.056,3.641
2024-07-03 18:00,0.049,3.497
2024-07-03 19:00,0.046,3.431
2024-07-03 20:00,0.052,3.568
2024-07-03 21:00,0.064,3.787
2024-07-03 22:00,0.020,2.716
2024-07-03 23:00,0,1.042
2024-07-04 00:00,0,0.802
2024-07-04 01:00,0,0.925
2024-07-04 02:00,0.001,1.371
2024-07-04 03:00,0.001,1.317
2024-07-04 04:00,0,0.975
2024-07-04 05:00,0,0.887
2024-07-04 06:00,0,1.053
2024-07-04 07:00,0.001,1.362
2024-07-04 08:00,0.008,2.124
2024-07-04 09:00,0.053,3.583
2024-07-04 10:00,0.128,4.747
2024-07-04 11:00,0.156,5.062
2024-07-04 12:00,0.117,4.609
2024-07-04 13:00,0.072,3.936
2024-07-04 14:00,0.038,3.227
2024-07-04 15:00,0.025,2.881
2024-07-04 16:00,0.097,4.330
2024-07-04 17:00,0.306,6.424
2024-07-04 18:00,0.407,7.182
2024-07-04 19:00,0.363,6.856
2024-07-04 20:00,0.371,6.916
2024-07-04 21:00,0.251,5.972
2024-07-04 22:00,0.121,4.653
2024-07-04 23:00,0.075,3.986
2024-07-05 00:00,0.035,3.166
2024-07-05 01:00,0.012,2.384
2024-07-05 02:00,0.004,1.828
2024-07-05 03:00,0.004,1.801
2024-07-05 04:00,0.008,2.174
2024-07-05 05:00,0.017,2.582
2024-07-05 06:00,0.017,2.582
2024-07-05 07:00,0.014,2.476
2024-07-05 08:00,0.019,2.662
2024-07-05 09:00,0.037,3.200
2024-07-05 10:00,0.107,4.466
2024-07-05 11:00,0.239,5.873
2024-07-05 12:00,0.297,6.359
2024-07-05 13:00,0.252,5.987
2024-07-05 14:00,0.153,5.026
2024-07-05 15:00,0.059,3.701
2024-07-05 16:00,0.097,4.327
2024-07-05 17:00,0.203,5.536
2024-07-05 18:00,0.247,5.942
2024-07-05 19:00,0.270,6.136
2024-07-05 20:00,0.296,6.343
2024-07-05 21:00,0.249,5.952
2024-07-05 22:00,0.203,5.536
2024-07-05 23:00,0.218,5.682
2024-07-06 00:00,0.154,5.031
2024-07-06 01:00,0.101,4.378
2024-07-06 02:00,0.094,4.285
2024-07-06 03:00,0.106,4.463
2024-07-06 04:00,0.105,4.439
2024-07-06 05:00,0.094,4.280
2024-07-06 06:00,0.090,4.222
2024-07-06 07:00,0.100,4.366
2024-07-06 08:00,0.115,4.581
2024-07-06 09:00,0.118,4.612
2024-07-06 10:00,0.122,4.666
2024-07-06 11:00,0.134,4.801
2024-07-06 12:00,0.135,4.833
2024-07-06 13:00,0.120,4.632
2024-07-06 14:00,0.144,4.933
2024-07-06 15:00,0.196,5.475
2024-07-06 16:00,0.248,5.944
2024-07-06 17:00,0.295,6.335
2024-07-06 18:00,0.290,6.304
2024-07-06 19:00,0.256,6.022
2024-07-06 20:00,0.227,5.765
2024-07-06 21:00,0.147,4.968
2024-07-06 22:00,0.101,4.372
2024-07-06 23:00,0.106,4.460
2024-07-07 00:00,0.112,4.533
2024-07-07 01:00,0.094,4.279
2024-07-07 02:00,0.113,4.550
2024-07-07 03:00,0.147,4.971
2024-07-07 04:00,0.149,4.993
2024-07-07 05:00,0.134,4.817
2024-07-07 06:00,0.129,4.757
2024-07-07 07:00,0.130,4.771
2024-07-07 08:00,0.114,4.562
2024-07-07 09:00,0.074,3.978
2024-07-07 10:00,0.042,3.344
2024-07-07 11:00,0.022,2.787
2024-07-07 12:00,0.006,2.029
2024-07-07 13:00,0.001,1.347
2024-07-07 14:00,0.001,1.402
2024-07-07 15:00,0.005,1.930
2024-07-07 16:00,0.011,2.333
2024-07-07 17:00,0.029,3.009
2024-07-07 18:00,0.079,4.057
2024-07-07 19:00,0.180,5.314
2024-07-07 20:00,0.276,6.182
2024-07-07 21:00,0.254,6.000
2024-07-07 22:00,0.178,5.287
2024-07-07 23:00,0.132,4.783
2024-07-08 00:00,0.190,5.420
2024-07-08 01:00,0.236,5.846
2024-07-08 02:00,0.250,5.963
2024-07-08 03:00,0.229,5.777
2024-07-08 04:00,0.208,5.594
2024-07-08 05:00,0.226,5.757
2024-07-08 06:00,0.285,6.257
2024-07-08 07:00,0.366,6.884
2024-07-08 08:00,0.442,7.434
2024-07-08 09:00,0.454,7.525
2024-07-08 10:00,0.376,6.955
2024-07-08 11:00,0.309,6.444
2024-07-08 12:00,0.274,6.164
2024-07-08 13:00,0.208,5.583
2024-07-08 14:00,0.156,5.059
2024-07-08 15:00,0.140,4.888
2024-07-08 16:00,0.140,4.893
2024-07-08 17:00,0.142,4.909
2024-07-08 18:00,0.146,4.954
2024-07-08 19:00,0.141,4.896
2024-07-08 20:00,0.120,4.630
2024-07-08 21:00,0.089,4.207
2024-07-08 22:00,0.033,3.113
2024-07-08 23:00,0.069,3.869
2024-07-09 00:00,0.121,4.642
2024-07-09 01:00,0.155,5.049
2024-07-09 02:00,0.167,5.186
2024-07-09 03:00,0.173,5.251
2024-07-09 04:00,0.171,5.229
2024-07-09 05:00,0.158,5.088
2024-07-09 06:00,0.142,4.907
2024-07-09 07:00,0.131,4.775
2024-07-09 08:00,0.123,4.687
2024-07-09 09:00,0.116,4.586
2024-07-09 10:00,0.131,4.774
2024-07-09 11:00,0.155,5.051
2024-07-09 12:00,0.140,4.880
2024-07-09 13:00,0.109,4.496
2024-07-09 14:00,0.092,4.260
2024-07-09 15:00,0.089,4.208
2024-07-09 16:00,0.107,4.470
2024-07-09 17:00,0.152,5.019
2024-07-09 18:00,0.207,5.573
2024-07-09 19:00,0.245,5.925
2024-07-09 20:00,0.264,6.091
2024-07-09 21:00,0.237,5.860
2024-07-09 22:00,0.086,4.159
2024-07-09 23:00,0.010,2.255
2024-07-10 00:00,0.010,2.277
2024-07-10 01:00,0.023,2.827
2024-07-10 02:00,0.035,3.177
2024-07-10 03:00,0.045,3.418
2024-07-10 04:00,0.044,3.392
2024-07-10 05:00,0.035,3.171
2024-07-10 06:00,0.023,2.813
2024-07-10 07:00,0.014,2.453
2024-07-10 08:00,0.010,2.263
2024-07-10 09:00,0.021,2.757
2024-07-10 10:00,0.125,4.712
2024-07-10 11:00,0.295,6.335
2024-07-10 12:00,0.381,7.000
2024-07-10 13:00,0.421,7.278
2024-07-10 14:00,0.431,7.349
2024-07-10 15:00,0.416,7.249
2024-07-10 16:00,0.380,6.983
2024-07-10 17:00,0.321,6.543
2024-07-10 18:00,0.258,6.035
2024-07-10 19:00,0.203,5.533
2024-07-10 20:00,0.153,5.026
2024-07-10 21:00,0.121,4.650
2024-07-10 22:00,0.050,3.518
2024-07-10 23:00,0.003,1.679
2024-07-11 00:00,0,1.136
2024-07-11 01:00,0,1.109
2024-07-11 02:00,0.001,1.350
2024-07-11 03:00,0.008,2.140
2024-07-11 04:00,0.023,2.805
2024-07-11 05:00,0.028,2.976
2024-07-11 06:00,0.034,3.121
2024-07-11 07:00,0.041,3.310
2024-07-11 08:00,0.053,3.589
2024-07-11 09:00,0.088,4.192
2024-07-11 10:00,0.183,5.354
2024-07-11 11:00,0.332,6.633
2024-07-11 12:00,0.374,6.938
2024-07-11 13:00,0.360,6.832
2024-07-11 14:00,0.363,6.856
2024-07-11 15:00,0.348,6.741
2024-07-11 16:00,0.303,6.406
2024-07-11 17:00,0.261,6.054
2024-07-11 18:00,0.222,5.711
2024-07-11 19:00,0.157,5.068
2024-07-11 20:00,0.082,4.097
2024-07-11 21:00,0.021,2.737
2024-07-11 22:00,0.005,1.921
2024-07-11 23:00,0.004,1.814
2024-07-12 00:00,0.004,1.847
2024-07-12 01:00,0.013,2.419
2024-07-12 02:00,0.031,3.072
2024-07-12 03:00,0.046,3.420
2024-07-12 04:00,0.040,3.281
2024-07-12 05:00,0.032,3.072
2024-07-12 06:00,0.033,3.114
2024-07-12 07:00,0.034,3.142
2024-07-12 08:00,0.028,2.970
2024-07-12 09:00,0.023,2.792
2024-07-12 10:00,0.023,2.791
2024-07-12 11:00,0.033,3.112
2024-07-12 12:00,0.041,3.324
2024-07-12 13:00,0.049,3.494
2024-07-12 14:00,0.054,3.593
2024-07-12 15:00,0.065,3.821
2024-07-12 16:00,0.073,3.952
2024-07-12 17:00,0.064,3.788
2024-07-12 18:00,0.040,3.290
2024-07-12 19:00,0.017,2.600
2024-07-12 20:00,0.006,2.000
2024-07-12 21:00,0.002,1.549
2024-07-12 22:00,0.001,1.357
2024-07-12 23:00,0.001,1.368
2024-07-13 00:00,0.001,1.303
2024-07-13 01:00,0.004,1.841
2024-07-13 02:00,0.015,2.514
2024-07-13 03:00,0.033,3.117
2024-07-13 04:00,0.058,3.685
2024-07-13 05:00,0.083,4.118
2024-07-13 06:00,0.103,4.404
2024-07-13 07:00,0.104,4.433
2024-07-13 08:00,0.094,4.283
2024-07-13 09:00,0.095,4.298
2024-07-13 10:00,0.126,4.722
2024-07-13 11:00,0.218,5.683
2024-07-13 12:00,0.311,6.469
2024-07-13 13:00,0.354,6.793
2024-07-13 14:00,0.329,6.605
2024-07-13 15:00,0.269,6.131
2024-07-13 16:00,0.206,5.568
2024-07-13 17:00,0.149,4.986
2024-07-13 18:00,0.112,4.532
2024-07-13 19:00,0.108,4.480
2024-07-13 20:00,0.122,4.671
2024-07-13 21:00,0.093,4.266
2024-07-13 22:00,0.022,2.765
2024-07-13 23:00,0.014,2.449
2024-07-14 00:00,0.032,3.088
2024-07-14 01:00,0.052,3.551
2024-07-14 02:00,0.074,3.956
2024-07-14 03:00,0.092,4.262
2024-07-14 04:00,0.110,4.508
2024-07-14 05:00,0.138,4.858
2024-07-14 06:00,0.180,5.307
2024-07-14 07:00,0.234,5.830
2024-07-14 08:00,0.306,6.428
2024-07-14 09:00,0.389,7.053
2024-07-14 10:00,0.456,7.543
2024-07-14 11:00,0.575,8.403
2024-07-14 12:00,0.590,8.525
2024-07-14 13:00,0.520,8.002
2024-07-14 14:00,0.422,7.299
2024-07-14 15:00,0.308,6.436
2024-07-14 16:00,0.261,6.060
2024-07-14 17:00,0.269,6.127
2024-07-14 18:00,0.271,6.148
2024-07-14 19:00,0.262,6.067
2024-07-14 20:00,0.251,5.966
2024-07-14 21:00,0.168,5.194
2024-07-14 22:00,0.171,5.233
2024-07-14 23:00,0.372,6.929
2024-07-15 00:00,0.513,7.951
2024-07-15 01:00,0.612,8.698
2024-07-15 02:00,0.687,9.314
2024-07-15 03:00,0.739,9.793
2024-07-15 04:00,0.797,10.406
2024-07-15 05:00,0.851,11.117
2024-07-15 06:00,0.881,11.616
2024-07-15 07:00,0.889,11.764
2024-07-15 08:00,0.886,11.717
2024-07-15 09:00,0.879,11.584
2024-07-15 10:00,0.837,10.932
2024-07-15 11:00,0.771,10.129
2024-07-15 12:00,0.725,9.649
2024-07-15 13:00,0.730,9.705
2024-07-15 14:00,0.705,9.476
2024-07-15 15:00,0.662,9.101
2024-07-15 16:00,0.641,8.922
2024-07-15 17:00,0.641,8.922
2024-07-15 18:00,0.639,8.912
2024-07-15 19:00,0.610,8.679
2024-07-15 20:00,0.566,8.341
2024-07-15 21:00,0.510,7.935
2024-07-15 22:00,0.690,9.344
2024-07-15 23:00,0.808,10.544
2024-07-16 00:00,0.819,10.687
2024-07-16 01:00,0.819,10.682
2024-07-16 02:00,0.859,11.244
2024-07-16 03:00,0.902,12.029
2024-07-16 04:00,0.926,12.612
2024-07-16 05:00,0.924,12.544
2024-07-16 06:00,0.906,12.115
2024-07-16 07:00,0.875,11.515
2024-07-16 08:00,0.816,10.643
2024-07-16 09:00,0.702,9.445
2024-07-16 10:00,0.553,8.246
2024-07-16 11:00,0.561,8.310
2024-07-16 12:00,0.603,8.626
2024-07-16 13:00,0.571,8.384
2024-07-16 14:00,0.528,8.058
2024-07-16 15:00,0.493,7.812
2024-07-16 16:00,0.434,7.373
2024-07-16 17:00,0.390,7.062
2024-07-16 18:00,0.401,7.135
2024-07-16 19:00,0.427,7.325
2024-07-16 20:00,0.465,7.602
2024-07-16 21:00,0.403,7.154
2024-07-16 22:00,0.432,7.365
2024-07-16 23:00,0.580,8.451
2024-07-17 00:00,0.541,8.161
2024-07-17 01:00,0.443,7.440
2024-07-17 02:00,0.317,6.513
2024-07-17 03:00,0.231,5.797
2024-07-17 04:00,0.175,5.265
2024-07-17 05:00,0.145,4.945
2024-07-17 06:00,0.138,4.860
2024-07-17 07:00,0.143,4.924
2024-07-17 08:00,0.181,5.336
2024-07-17 09:00,0.197,5.484
2024-07-17 10:00,0.159,5.106
2024-07-17 11:00,0.128,4.746
2024-07-17 12:00,0.129,4.755
2024-07-17 13:00,0.252,5.991
2024-07-17 14:00,0.456,7.542
2024-07-17 15:00,0.597,8.573
2024-07-17 16:00,0.637,8.894
2024-07-17 17:00,0.596,8.566
2024-07-17 18:00,0.585,8.485
2024-07-17 19:00,0.571,8.380
2024-07-17 20:00,0.511,7.940
2024-07-17 21:00,0.352,6.780
2024-07-17 22:00,0.194,5.451
2024-07-17 23:00,0.324,6.568
2024-07-18 00:00,0.388,7.048
2024-07-18 01:00,0.361,6.846
2024-07-18 02:00,0.288,6.281
2024-07-18 03:00,0.234,5.827
2024-07-18 04:00,0.202,5.531
2024-07-18 05:00,0.174,5.258
2024-07-18 06:00,0.164,5.155
2024-07-18 07:00,0.185,5.369
2024-07-18 08:00,0.214,5.646
2024-07-18 09:00,0.232,5.815
2024-07-18 10:00,0.196,5.483
2024-07-18 11:00,0.180,5.314
2024-07-18 12:00,0.185,5.367
2024-07-18 13:00,0.240,5.883
2024-07-18 14:00,0.402,7.143
2024-07-18 15:00,0.522,8.013
2024-07-18 16:00,0.541,8.155
2024-07-18 17:00,0.557,8.274
2024-07-18 18:00,0.547,8.200
2024-07-18 19:00,0.494,7.815
2024-07-18 20:00,0.491,7.795
2024-07-18 21:00,0.412,7.224
2024-07-18 22:00,0.198,5.496
2024-07-18 23:00,0.172,5.237
2024-07-19 00:00,0.226,5.758
2024-07-19 01:00,0.246,5.934
2024-07-19 02:00,0.237,5.856
2024-07-19 03:00,0.181,5.322
2024-07-19 04:00,0.099,4.359
2024-07-19 05:00,0.047,3.453
2024-07-19 06:00,0.058,3.682
2024-07-19 07:00,0.176,5.276
2024-07-19 08:00,0.414,7.235
2024-07-19 09:00,0.409,7.196
2024-07-19 10:00,0.103,4.405
2024-07-19 11:00,0.016,2.537
2024-07-19 12:00,0.095,4.297
2024-07-19 13:00,0.306,6.421
2024-07-19 14:00,0.441,7.422
2024-07-19 15:00,0.525,8.039
2024-07-19 16:00,0.503,7.884
2024-07-19 17:00,0.399,7.120
2024-07-19 18:00,0.348,6.738
2024-07-19 19:00,0.357,6.817
2024-07-19 20:00,0.397,7.111
2024-07-19 21:00,0.351,6.775
2024-07-19 22:00,0.193,5.445
2024-07-19 23:00,0.104,4.431
2024-07-20 00:00,0.082,4.110
2024-07-20 01:00,0.031,3.057
2024-07-20 02:00,0.005,1.909
2024-07-20 03:00,0,1.050
2024-07-20 04:00,0,0.657
2024-07-20 05:00,0,0.625
2024-07-20 06:00,0,0.949
2024-07-20 07:00,0.006,2.000
2024-07-20 08:00,0.028,2.971
2024-07-20 09:00,0.091,4.241
2024-07-20 10:00,0.249,5.950
2024-07-20 11:00,0.463,7.580
2024-07-20 12:00,0.511,7.938
2024-07-20 13:00,0.465,7.602
2024-07-20 14:00,0.395,7.096
2024-07-20 15:00,0.442,7.436
2024-07-20 16:00,0.558,8.276
2024-07-20 17:00,0.652,9.018
2024-07-20 18:00,0.650,8.998
2024-07-20 19:00,0.580,8.448
2024-07-20 20:00,0.507,7.907
2024-07-20 21:00,0.348,6.745
2024-07-20 22:00,0.178,5.296
2024-07-20 23:00,0.154,5.042
2024-07-21 00:00,0.216,5.666
2024-07-21 01:00,0.271,6.143
2024-07-21 02:00,0.271,6.150
2024-07-21 03:00,0.264,6.088
2024-07-21 04:00,0.275,6.169
2024-07-21 05:00,0.297,6.347
2024-07-21 06:00,0.206,5.567
2024-07-21 07:00,0.326,6.579
2024-07-21 08:00,0.500,7.853
2024-07-21 09:00,0.589,8.514
2024-07-21 10:00,0.644,8.952
2024-07-21 11:00,0.745,9.851
2024-07-21 12:00,0.565,8.329
2024-07-21 13:00,0.231,5.797
2024-07-21 14:00,0.348,6.743
2024-07-21 15:00,0.447,7.478
2024-07-21 16:00,0.365,6.879
2024-07-21 17:00,0.457,7.546
2024-07-21 18:00,0.537,8.121
2024-07-21 19:00,0.594,8.549
2024-07-21 20:00,0.659,9.075
2024-07-21 21:00,0.577,8.423
2024-07-21 22:00,0.465,7.608
2024-07-21 23:00,0.465,7.607
2024-07-22 00:00,0.519,7.988
2024-07-22 01:00,0.341,6.692
2024-07-22 02:00,0.195,5.462
2024-07-22 03:00,0.109,4.496
2024-07-22 04:00,0.064,3.797
2024-07-22 05:00,0.044,3.380
2024-07-22 06:00,0.034,3.150
2024-07-22 07:00,0.028,2.972
2024-07-22 08:00,0.025,2.882
2024-07-22 09:00,0.047,3.453
2024-07-22 10:00,0.231,5.793
2024-07-22 11:00,0.515,7.966
2024-07-22 12:00,0.582,8.465
2024-07-22 13:00,0.523,8.024
2024-07-22 14:00,0.467,7.616
2024-07-22 15:00,0.418,7.267
2024-07-22 16:00,0.376,6.956
2024-07-22 17:00,0.341,6.690
2024-07-22 18:00,0.303,6.403
2024-07-22 19:00,0.271,6.144
2024-07-22 20:00,0.253,5.996
2024-07-22 21:00,0.220,5.696
2024-07-22 22:00,0.154,5.032
2024-07-22 23:00,0.108,4.490
2024-07-23 00:00,0.074,3.956
2024-07-23 01:00,0.062,3.761
2024-07-23 02:00,0.045,3.411
2024-07-23 03:00,0.034,3.147
2024-07-23 04:00,0.023,2.801
2024-07-23 05:00,0.027,2.937
2024-07-23 06:00,0.038,3.222
2024-07-23 07:00,0.114,4.559
2024-07-23 08:00,0.164,5.158
2024-07-23 09:00,0.165,5.166
2024-07-23 10:00,0.232,5.806
2024-07-23 11:00,0.298,6.361
2024-07-23 12:00,0.265,6.095
2024-07-23 13:00,0.200,5.520
2024-07-23 14:00,0.161,5.127
2024-07-23 15:00,0.132,4.786
2024-07-23 16:00,0.098,4.348
2024-07-23 17:00,0.063,3.783
2024-07-23 18:00,0.044,3.374
2024-07-23 19:00,0.034,3.145
2024-07-23 20:00,0.033,3.112
2024-07-23 21:00,0.032,3.083
2024-07-23 22:00,0.017,2.604
2024-07-23 23:00,0.006,1.980
2024-07-24 00:00,0.003,1.700
2024-07-24 01:00,0.001,1.318
2024-07-24 02:00,0,0.069
2024-07-24 03:00,0,0
2024-07-24 04:00,0,0
2024-07-24 05:00,0,0.163
2024-07-24 06:00,0,0.645
2024-07-24 07:00,0.007,2.086
2024-07-24 08:00,0.028,2.963
2024-07-24 09:00,0.064,3.797
2024-07-24 10:00,0.117,4.610
2024-07-24 11:00,0.173,5.244
2024-07-24 12:00,0.221,5.701
2024-07-24 13:00,0.256,6.015
2024-07-24 14:00,0.178,5.291
2024-07-24 15:00,0.140,4.891
2024-07-24 16:00,0.113,4.556
2024-07-24 17:00,0.118,4.610
2024-07-24 18:00,0.132,4.778
2024-07-24 19:00,0.120,4.639
2024-07-24 20:00,0.100,4.366
2024-07-24 21:00,0.063,3.774
2024-07-24 22:00,0.018,2.630
2024-07-24 23:00,0.005,1.889
2024-07-25 00:00,0.003,1.665
2024-07-25 01:00,0.003,1.756
2024-07-25 02:00,0.016,2.536
2024-07-25 03:00,0.062,3.764
2024-07-25 04:00,0.133,4.796
2024-07-25 05:00,0.224,5.739
2024-07-25 06:00,0.303,6.406
2024-07-25 07:00,0.335,6.654
2024-07-25 08:00,0.267,6.107
2024-07-25 09:00,0.160,5.110
2024-07-25 10:00,0.113,4.550
2024-07-25 11:00,0.125,4.707
2024-07-25 12:00,0.211,5.622
2024-07-25 13:00,0.210,5.610
2024-07-25 14:00,0.206,5.564
2024-07-25 15:00,0.275,6.172
2024-07-25 16:00,0.336,6.658
2024-07-25 17:00,0.327,6.581
2024-07-25 18:00,0.286,6.272
2024-07-25 19:00,0.241,5.895
2024-07-25 20:00,0.152,5.020
2024-07-25 21:00,0.086,4.155
2024-07-25 22:00,0.068,3.868
2024-07-25 23:00,0.113,4.558
2024-07-26 00:00,0.146,4.960
2024-07-26 01:00,0.130,4.766
2024-07-26 02:00,0.061,3.737
2024-07-26 03:00,0.038,3.244
2024-07-26 04:00,0.027,2.941
2024-07-26 05:00,0.007,2.049
2024-07-26 06:00,0,1.048
2024-07-26 07:00,0,0.519
2024-07-26 08:00,0,0.304
2024-07-26 09:00,0.001,1.470
2024-07-26 10:00,0.051,3.535
2024-07-26 11:00,0.236,5.845
2024-07-26 12:00,0.431,7.359
2024-07-26 13:00,0.553,8.238
2024-07-26 14:00,0.566,8.342
2024-07-26 15:00,0.528,8.057
2024-07-26 16:00,0.483,7.734
2024-07-26 17:00,0.453,7.518
2024-07-26 18:00,0.423,7.306
2024-07-26 19:00,0.386,7.032
2024-07-26 20:00,0.365,6.879
2024-07-26 21:00,0.306,6.430
2024-07-26 22:00,0.261,6.050
2024-07-26 23:00,0.422,7.299
2024-07-27 00:00,0.466,7.608
2024-07-27 01:00,0.462,7.577
2024-07-27 02:00,0.456,7.534
2024-07-27 03:00,0.463,7.589
2024-07-27 04:00,0.441,7.428
2024-07-27 05:00,0.406,7.171
2024-07-27 06:00,0.378,6.975
2024-07-27 07:00,0.365,6.872
2024-07-27 08:00,0.351,6.767
2024-07-27 09:00,0.348,6.739
2024-07-27 10:00,0.476,7.688
2024-07-27 11:00,0.663,9.114
2024-07-27 12:00,0.711,9.527
2024-07-27 13:00,0.684,9.285
2024-07-27 14:00,0.618,8.736
2024-07-27 15:00,0.517,7.982
2024-07-27 16:00,0.394,7.084
2024-07-27 17:00,0.319,6.526
2024-07-27 18:00,0.250,5.964
2024-07-27 19:00,0.181,5.323
2024-07-27 20:00,0.129,4.758
2024-07-27 21:00,0.089,4.219
2024-07-27 22:00,0.046,3.429
2024-07-27 23:00,0.060,3.706
2024-07-28 00:00,0.098,4.340
2024-07-28 01:00,0.133,4.793
2024-07-28 02:00,0.163,5.142
2024-07-28 03:00,0.159,5.096
2024-07-28 04:00,0.124,4.689
2024-07-28 05:00,0.081,4.090
2024-07-28 06:00,0.046,3.425
2024-07-28 07:00,0.018,2.623
2024-07-28 08:00,0.004,1.863
2024-07-28 09:00,0.002,1.637
2024-07-28 10:00,0.014,2.472
2024-07-28 11:00,0.057,3.671
2024-07-28 12:00,0.063,3.780
2024-07-28 13:00,0.041,3.326
2024-07-28 14:00,0.029,2.985
2024-07-28 15:00,0.028,2.975
2024-07-28 16:00,0.102,4.388
2024-07-28 17:00,0.287,6.279
2024-07-28 18:00,0.441,7.426
2024-07-28 19:00,0.434,7.375
2024-07-28 20:00,0.384,7.009
2024-07-28 21:00,0.280,6.218
2024-07-28 22:00,0.185,5.370
2024-07-28 23:00,0.286,6.268
2024-07-29 00:00,0.261,6.051
2024-07-29 01:00,0.220,5.697
2024-07-29 02:00,0.178,5.292
2024-07-29 03:00,0.144,4.935
2024-07-29 04:00,0.122,4.668
2024-07-29 05:00,0.104,4.423
2024-07-29 06:00,0.095,4.292
2024-07-29 07:00,0.084,4.125
2024-07-29 08:00,0.061,3.739
2024-07-29 09:00,0.056,3.627
2024-07-29 10:00,0.074,3.959
2024-07-29 11:00,0.130,4.765
2024-07-29 12:00,0.183,5.353
2024-07-29 13:00,0.178,5.293
2024-07-29 14:00,0.200,5.518
2024-07-29 15:00,0.221,5.706
2024-07-29 16:00,0.209,5.603
2024-07-29 17:00,0.195,5.462
2024-07-29 18:00,0.173,5.246
2024-07-29 19:00,0.131,4.772
2024-07-29 20:00,0.078,4.042
2024-07-29 21:00,0.046,3.439
2024-07-29 22:00,0.032,3.085
2024-07-29 23:00,0.038,3.238
2024-07-30 00:00,0.047,3.451
2024-07-30 01:00,0.027,2.939
2024-07-30 02:00,0.022,2.779
2024-07-30 03:00,0.017,2.604
2024-07-30 04:00,0.017,2.577
2024-07-30 05:00,0.047,3.449
2024-07-30 06:00,0.148,4.976
2024-07-30 07:00,0.207,5.573
2024-07-30 08:00,0.233,5.824
2024-07-30 09:00,0.244,5.917
2024-07-30 10:00,0.282,6.230
2024-07-30 11:00,0.363,6.854
2024-07-30 12:00,0.480,7.711
2024-07-30 13:00,0.553,8.248
2024-07-30 14:00,0.657,9.051
2024-07-30 15:00,0.707,9.487
2024-07-30 16:00,0.753,9.921
2024-07-30 17:00,0.729,9.689
2024-07-30 18:00,0.683,9.277
2024-07-30 19:00,0.598,8.580
2024-07-30 20:00,0.556,8.270
2024-07-30 21:00,0.525,8.036
2024-07-30 22:00,0.474,7.660
2024-07-30 23:00,0.568,8.358
2024-07-31 00:00,0.732,9.726
2024-07-31 01:00,0.785,10.277
2024-07-31 02:00,0.853,11.154
2024-07-31 03:00,0.880,11.601
2024-07-31 04:00,0.847,11.072
2024-07-31 05:00,0.804,10.496
2024-07-31 06:00,0.778,10.195
2024-07-31 07:00,0.731,9.722
2024-07-31 08:00,0.652,9.021
2024-07-31 09:00,0.553,8.241
2024-07-31 10:00,0.503,7.879
2024-07-31 11:00,0.488,7.760
2024-07-31 12:00,0.418,7.265
2024-07-31 13:00,0.311,6.468
2024-07-31 14:00,0.211,5.626
2024-07-31 15:00,0.181,5.326
2024-07-31 16:00,0.207,5.571
2024-07-31 17:00,0.216,5.668
2024-07-31 18:00,0.180,5.309
2024-07-31 19:00,0.119,4.618
2024-07-31 20:00,0.069,3.874
2024-07-31 21:00,0.038,3.253
2024-07-31 22:00,0.020,2.695
2024-07-31 23:00,0.026,2.902
2024-08-01 00:00,0.031,3.047
2024-08-01 01:00,0.022,2.776
2024-08-01 02:00,0.012,2.352
2024-08-01 03:00,0.006,2.027
2024-08-01 04:00,0.003,1.780
2024-08-01 05:00,0.002,1.633
2024-08-01 06:00,0.001,1.450
2024-08-01 07:00,0,1.139
2024-08-01 08:00,0,0.848
2024-08-01 09:00,0,0.555
2024-08-01 10:00,0,0.645
2024-08-01 11:00,0.001,1.488
2024-08-01 12:00,0.005,1.962
2024-08-01 13:00,0.007,2.118
2024-08-01 14:00,0.026,2.907
2024-08-01 15:00,0.061,3.728
2024-08-01 16:00,0.015,2.506
2024-08-01 17:00,0.017,2.601
2024-08-01 18:00,0.084,4.132
2024-08-01 19:00,0.136,4.841
2024-08-01 20:00,0.141,4.895
2024-08-01 21:00,0.103,4.417
2024-08-01 22:00,0.048,3.466
2024-08-01 23:00,0.020,2.710
2024-08-02 00:00,0.005,1.942
2024-08-02 01:00,0.002,1.515
2024-08-02 02:00,0,0.879
2024-08-02 03:00,0,0.613
2024-08-02 04:00,0,0.591
2024-08-02 05:00,0,0.625
2024-08-02 06:00,0,0.843
2024-08-02 07:00,0.001,1.403
2024-08-02 08:00,0.019,2.659
2024-08-02 09:00,0.063,3.785
2024-08-02 10:00,0.145,4.941
2024-08-02 11:00,0.267,6.112
2024-08-02 12:00,0.338,6.669
2024-08-02 13:00,0.339,6.674
2024-08-02 14:00,0.314,6.483
2024-08-02 15:00,0.275,6.174
2024-08-02 16:00,0.262,6.070
2024-08-02 17:00,0.268,6.124
2024-08-02 18:00,0.291,6.307
2024-08-02 19:00,0.303,6.406
2024-08-02 20:00,0.319,6.527
2024-08-02 21:00,0.322,6.551
2024-08-02 22:00,0.309,6.444
2024-08-02 23:00,0.344,6.719
2024-08-03 00:00,0.366,6.881
2024-08-03 01:00,0.360,6.839
2024-08-03 02:00,0.315,6.491
2024-08-03 03:00,0.222,5.718
2024-08-03 04:00,0.180,5.312
2024-08-03 05:00,0.231,5.795
2024-08-03 06:00,0.307,6.435
2024-08-03 07:00,0.343,6.707
2024-08-03 08:00,0.301,6.389
2024-08-03 09:00,0.229,5.781
2024-08-03 10:00,0.269,6.133
2024-08-03 11:00,0.418,7.269
2024-08-03 12:00,0.498,7.844
2024-08-03 13:00,0.510,7.935
2024-08-03 14:00,0.497,7.829
2024-08-03 15:00,0.501,7.864
2024-08-03 16:00,0.509,7.916
2024-08-03 17:00,0.507,7.901
2024-08-03 18:00,0.491,7.795
2024-08-03 19:00,0.476,7.682
2024-08-03 20:00,0.468,7.621
2024-08-03 21:00,0.374,6.937
2024-08-03 22:00,0.256,6.010
2024-08-03 23:00,0.246,5.937
2024-08-04 00:00,0.244,5.916
2024-08-04 01:00,0.245,5.928
2024-08-04 02:00,0.222,5.709
2024-08-04 03:00,0.224,5.744
2024-08-04 04:00,0.252,5.991
2024-08-04 05:00,0.273,6.160
2024-08-04 06:00,0.289,6.290
2024-08-04 07:00,0.284,6.251
2024-08-04 08:00,0.251,5.968
2024-08-04 09:00,0.257,6.026
2024-08-04 10:00,0.332,6.626
2024-08-04 11:00,0.456,7.532
2024-08-04 12:00,0.525,8.039
2024-08-04 13:00,0.571,8.381
2024-08-04 14:00,0.598,8.581
2024-08-04 15:00,0.626,8.802
2024-08-04 16:00,0.625,8.796
2024-08-04 17:00,0.561,8.308
2024-08-04 18:00,0.479,7.705
2024-08-04 19:00,0.418,7.260
2024-08-04 20:00,0.391,7.071
2024-08-04 21:00,0.349,6.747
2024-08-04 22:00,0.223,5.734
2024-08-04 23:00,0.098,4.342
2024-08-05 00:00,0.087,4.187
2024-08-05 01:00,0.081,4.092
2024-08-05 02:00,0.050,3.528
2024-08-05 03:00,0.028,2.956
2024-08-05 04:00,0.015,2.527
2024-08-05 05:00,0.012,2.369
2024-08-05 06:00,0.013,2.408
2024-08-05 07:00,0.014,2.475
2024-08-05 08:00,0.012,2.381
2024-08-05 09:00,0.010,2.277
2024-08-05 10:00,0.008,2.149
2024-08-05 11:00,0.002,1.615
2024-08-05 12:00,0,1.055
2024-08-05 13:00,0.002,1.576
2024-08-05 14:00,0.017,2.606
2024-08-05 15:00,0.050,3.526
2024-08-05 16:00,0.092,4.261
2024-08-05 17:00,0.123,4.681
2024-08-05 18:00,0.140,4.882
2024-08-05 19:00,0.143,4.918
2024-08-05 20:00,0.127,4.734
2024-08-05 21:00,0.098,4.349
2024-08-05 22:00,0.043,3.361
2024-08-05 23:00,0.006,2.025
2024-08-06 00:00,0.001,1.328
2024-08-06 01:00,0.001,1.421
2024-08-06 02:00,0.002,1.628
2024-08-06 03:00,0.004,1.848
2024-08-06 04:00,0.007,2.061
2024-08-06 05:00,0.009,2.204
2024-08-06 06:00,0.011,2.326
2024-08-06 07:00,0.015,2.510
2024-08-06 08:00,0.026,2.920
2024-08-06 09:00,0.052,3.566
2024-08-06 10:00,0.142,4.915
2024-08-06 11:00,0.362,6.848
2024-08-06 12:00,0.532,8.081
2024-08-06 13:00,0.588,8.506
2024-08-06 14:00,0.571,8.384
2024-08-06 15:00,0.561,8.301
2024-08-06 16:00,0.556,8.260
2024-08-06 17:00,0.528,8.065
2024-08-06 18:00,0.485,7.751
2024-08-06 19:00,0.425,7.319
2024-08-06 20:00,0.385,7.023
2024-08-06 21:00,0.315,6.490
2024-08-06 22:00,0.144,4.937
2024-08-06 23:00,0.137,4.854
2024-08-07 00:00,0.116,4.586
2024-08-07 01:00,0.074,3.970
2024-08-07 02:00,0.061,3.738
2024-08-07 03:00,0.054,3.609
2024-08-07 04:00,0.042,3.350
2024-08-07 05:00,0.032,3.086
2024-08-07 06:00,0.025,2.866
2024-08-07 07:00,0.019,2.672
2024-08-07 08:00,0.017,2.606
2024-08-07 09:00,0.023,2.795
2024-08-07 10:00,0.065,3.819
2024-08-07 11:00,0.181,5.331
2024-08-07 12:00,0.295,6.339
2024-08-07 13:00,0.368,6.896
2024-08-07 14:00,0.384,7.022
2024-08-07 15:00,0.356,6.812
2024-08-07 16:00,0.316,6.503
2024-08-07 17:00,0.319,6.529
2024-08-07 18:00,0.382,7.002
2024-08-07 19:00,0.347,6.731
2024-08-07 20:00,0.286,6.261
2024-08-07 21:00,0.211,5.624
2024-08-07 22:00,0.067,3.858
2024-08-07 23:00,0.037,3.213
2024-08-08 00:00,0.026,2.922
2024-08-08 01:00,0.010,2.245
2024-08-08 02:00,0.002,1.520
2024-08-08 03:00,0,1.038
2024-08-08 04:00,0,1.109
2024-08-08 05:00,0.001,1.415
2024-08-08 06:00,0.001,1.256
2024-08-08 07:00,0,1.179
2024-08-08 08:00,0.001,1.481
2024-08-08 09:00,0.007,2.045
2024-08-08 10:00,0.024,2.845
2024-08-08 11:00,0.094,4.279
2024-08-08 12:00,0.213,5.644
2024-08-08 13:00,0.297,6.351
2024-08-08 14:00,0.308,6.436
2024-08-08 15:00,0.282,6.230
2024-08-08 16:00,0.269,6.129
2024-08-08 17:00,0.251,5.966
2024-08-08 18:00,0.222,5.712
2024-08-08 19:00,0.186,5.376
2024-08-08 20:00,0.174,5.262
2024-08-08 21:00,0.139,4.865
2024-08-08 22:00,0.064,3.794
2024-08-08 23:00,0.019,2.674
2024-08-09 00:00,0.070,3.888
2024-08-09 01:00,0.158,5.094
2024-08-09 02:00,0.261,6.055
2024-08-09 03:00,0.317,6.516
2024-08-09 04:00,0.350,6.764
2024-08-09 05:00,0.406,7.170
2024-08-09 06:00,0.453,7.513
2024-08-09 07:00,0.456,7.539
2024-08-09 08:00,0.441,7.425
2024-08-09 09:00,0.482,7.727
2024-08-09 10:00,0.544,8.169
2024-08-09 11:00,0.515,7.966
2024-08-09 12:00,0.459,7.565
2024-08-09 13:00,0.472,7.648
2024-08-09 14:00,0.377,6.957
2024-08-09 15:00,0.213,5.640
2024-08-09 16:00,0.216,5.668
2024-08-09 17:00,0.474,7.664
2024-08-09 18:00,0.851,11.130
2024-08-09 19:00,0.940,13.022
2024-08-09 20:00,0.973,14.454
2024-08-09 21:00,0.977,14.763
2024-08-09 22:00,0.935,12.858
2024-08-09 23:00,0.794,10.379
2024-08-10 00:00,0.613,8.702
2024-08-10 01:00,0.419,7.272
2024-08-10 02:00,0.266,6.098
2024-08-10 03:00,0.209,5.601
2024-08-10 04:00,0.231,5.791
2024-08-10 05:00,0.372,6.923
2024-08-10 06:00,0.436,7.388
2024-08-10 07:00,0.399,7.128
2024-08-10 08:00,0.333,6.640
2024-08-10 09:00,0.284,6.242
2024-08-10 10:00,0.293,6.323
2024-08-10 11:00,0.363,6.863
2024-08-10 12:00,0.368,6.897
2024-08-10 13:00,0.320,6.535
2024-08-10 14:00,0.235,5.837
2024-08-10 15:00,0.133,4.794
2024-08-10 16:00,0.053,3.589
2024-08-10 17:00,0.018,2.619
2024-08-10 18:00,0.005,1.882
2024-08-10 19:00,0.001,1.435
2024-08-10 20:00,0.002,1.592
2024-08-10 21:00,0.007,2.096
2024-08-10 22:00,0.009,2.225
2024-08-10 23:00,0.019,2.682
2024-08-11 00:00,0.032,3.096
2024-08-11 01:00,0.050,3.510
2024-08-11 02:00,0.076,4.004
2024-08-11 03:00,0.095,4.298
2024-08-11 04:00,0.096,4.321
2024-08-11 05:00,0.103,4.414
2024-08-11 06:00,0.116,4.587
2024-08-11 07:00,0.132,4.786
2024-08-11 08:00,0.158,5.085
2024-08-11 09:00,0.185,5.371
2024-08-11 10:00,0.222,5.727
2024-08-11 11:00,0.347,6.737
2024-08-11 12:00,0.490,7.777
2024-08-11 13:00,0.580,8.453
2024-08-11 14:00,0.686,9.302
2024-08-11 15:00,0.715,9.570
2024-08-11 16:00,0.688,9.326
2024-08-11 17:00,0.643,8.941
2024-08-11 18:00,0.617,8.732
2024-08-11 19:00,0.582,8.464
2024-08-11 20:00,0.526,8.043
2024-08-11 21:00,0.479,7.707
2024-08-11 22:00,0.509,7.916
2024-08-11 23:00,0.649,8.986
2024-08-12 00:00,0.731,9.707
2024-08-12 01:00,0.731,9.717
2024-08-12 02:00,0.699,9.415
2024-08-12 03:00,0.652,9.017
2024-08-12 04:00,0.607,8.655
2024-08-12 05:00,0.559,8.290
2024-08-12 06:00,0.534,8.099
2024-08-12 07:00,0.556,8.259
2024-08-12 08:00,0.599,8.592
2024-08-12 09:00,0.592,8.539
2024-08-12 10:00,0.585,8.485
2024-08-12 11:00,0.608,8.662
2024-08-12 12:00,0.581,8.459
2024-08-12 13:00,0.539,8.143
2024-08-12 14:00,0.483,7.732
2024-08-12 15:00,0.451,7.502
2024-08-12 16:00,0.453,7.509
2024-08-12 17:00,0.463,7.584
2024-08-12 18:00,0.417,7.257
2024-08-12 19:00,0.355,6.805
2024-08-12 20:00,0.321,6.548
2024-08-12 21:00,0.277,6.187
2024-08-12 22:00,0.194,5.449
2024-08-12 23:00,0.232,5.809
2024-08-13 00:00,0.302,6.394
2024-08-13 01:00,0.318,6.523
2024-08-13 02:00,0.309,6.451
2024-08-13 03:00,0.289,6.293
2024-08-13 04:00,0.271,6.142
2024-08-13 05:00,0.239,5.878
2024-08-13 06:00,0.208,5.591
2024-08-13 07:00,0.189,5.409
2024-08-13 08:00,0.175,5.271
2024-08-13 09:00,0.169,5.203
2024-08-13 10:00,0.179,5.305
2024-08-13 11:00,0.181,5.326
2024-08-13 12:00,0.148,4.984
2024-08-13 13:00,0.118,4.611
2024-08-13 14:00,0.101,4.381
2024-08-13 15:00,0.080,4.065
2024-08-13 16:00,0.066,3.830
2024-08-13 17:00,0.073,3.945
2024-08-13 18:00,0.094,4.275
2024-08-13 19:00,0.120,4.639
2024-08-13 20:00,0.138,4.860
2024-08-13 21:00,0.134,4.805
2024-08-13 22:00,0.079,4.058
2024-08-13 23:00,0.053,3.587
2024-08-14 00:00,0.097,4.328
2024-08-14 01:00,0.101,4.379
2024-08-14 02:00,0.067,3.849
2024-08-14 03:00,0.044,3.387
2024-08-14 04:00,0.030,3.033
2024-08-14 05:00,0.021,2.735
2024-08-14 06:00,0.017,2.604
2024-08-14 07:00,0.021,2.741
2024-08-14 08:00,0.026,2.910
2024-08-14 09:00,0.032,3.074
2024-08-14 10:00,0.045,3.403
2024-08-14 11:00,0.056,3.630
2024-08-14 12:00,0.045,3.415
2024-08-14 13:00,0.024,2.857
2024-08-14 14:00,0.007,2.087
2024-08-14 15:00,0,1.149
2024-08-14 16:00,0,0.829
2024-08-14 17:00,0.001,1.203
2024-08-14 18:00,0.002,1.625
2024-08-14 19:00,0.005,1.957
2024-08-14 20:00,0.008,2.183
2024-08-14 21:00,0.010,2.248
2024-08-14 22:00,0.004,1.817
2024-08-14 23:00,0.001,1.477
2024-08-15 00:00,0.001,1.345
2024-08-15 01:00,0.001,1.254
2024-08-15 02:00,0,1.103
2024-08-15 03:00,0,0.899
2024-08-15 04:00,0,0.579
2024-08-15 05:00,0,0.587
2024-08-15 06:00,0,0.241
2024-08-15 07:00,0,0.255
2024-08-15 08:00,0,0.807
2024-08-15 09:00,0,1.184
2024-08-15 10:00,0.003,1.656
2024-08-15 11:00,0.009,2.187
2024-08-15 12:00,0.011,2.338
2024-08-15 13:00,0.010,2.263
2024-08-15 14:00,0.009,2.227
2024-08-15 15:00,0.012,2.379
2024-08-15 16:00,0.023,2.819
2024-08-15 17:00,0.044,3.389
2024-08-15 18:00,0.063,3.771
2024-08-15 19:00,0.078,4.033
2024-08-15 20:00,0.086,4.165
2024-08-15 21:00,0.083,4.115
2024-08-15 22:00,0.041,3.312
2024-08-15 23:00,0.002,1.591
2024-08-16 00:00,0,0.399
2024-08-16 01:00,0,0.680
2024-08-16 02:00,0,1.068
2024-08-16 03:00,0,1.158
2024-08-16 04:00,0,1.153
2024-08-16 05:00,0,1.141
2024-08-16 06:00,0.001,1.273
2024-08-16 07:00,0.002,1.543
2024-08-16 08:00,0.006,2.031
2024-08-16 09:00,0.016,2.549
2024-08-16 10:00,0.031,3.066
2024-08-16 11:00,0.060,3.718
2024-08-16 12:00,0.081,4.089
2024-08-16 13:00,0.091,4.237
2024-08-16 14:00,0.095,4.291
2024-08-16 15:00,0.100,4.372
2024-08-16 16:00,0.098,4.343
2024-08-16 17:00,0.090,4.227
2024-08-16 18:00,0.082,4.105
2024-08-16 19:00,0.075,3.991
2024-08-16 20:00,0.067,3.849
2024-08-16 21:00,0.060,3.702
2024-08-16 22:00,0.029,3.012
2024-08-16 23:00,0.007,2.104
2024-08-17 00:00,0.003,1.671
2024-08-17 01:00,0.001,1.207
2024-08-17 02:00,0,0.830
2024-08-17 03:00,0,1.103
2024-08-17 04:00,0.002,1.601
2024-08-17 05:00,0.009,2.226
2024-08-17 06:00,0.019,2.690
2024-08-17 07:00,0.029,3.001
2024-08-17 08:00,0.040,3.288
2024-08-17 09:00,0.057,3.669
2024-08-17 10:00,0.111,4.522
2024-08-17 11:00,0.183,5.354
2024-08-17 12:00,0.234,5.828
2024-08-17 13:00,0.249,5.949
2024-08-17 14:00,0.254,6.003
2024-08-17 15:00,0.232,5.815
2024-08-17 16:00,0.160,5.116
2024-08-17 17:00,0.092,4.250
2024-08-17 18:00,0.048,3.469
2024-08-17 19:00,0.018,2.636
2024-08-17 20:00,0.016,2.543
2024-08-17 21:00,0.023,2.810
2024-08-17 22:00,0.016,2.567
2024-08-17 23:00,0.011,2.290
2024-08-18 00:00,0.007,2.119
2024-08-18 01:00,0.014,2.476
2024-08-18 02:00,0.047,3.454
2024-08-18 03:00,0.107,4.478
2024-08-18 04:00,0.154,5.039
2024-08-18 05:00,0.183,5.353
2024-08-18 06:00,0.196,5.477
2024-08-18 07:00,0.195,5.472
2024-08-18 08:00,0.158,5.091
2024-08-18 09:00,0.106,4.461
2024-08-18 10:00,0.113,4.558
2024-08-18 11:00,0.136,4.846
2024-08-18 12:00,0.145,4.942
2024-08-18 13:00,0.137,4.852
2024-08-18 14:00,0.122,4.669
2024-08-18 15:00,0.146,4.951
2024-08-18 16:00,0.171,5.224
2024-08-18 17:00,0.148,4.983
2024-08-18 18:00,0.096,4.317
2024-08-18 19:00,0.070,3.899
2024-08-18 20:00,0.077,4.016
2024-08-18 21:00,0.104,4.432
2024-08-18 22:00,0.097,4.330
2024-08-18 23:00,0.041,3.320
2024-08-19 00:00,0.013,2.403
2024-08-19 01:00,0.007,2.051
2024-08-19 02:00,0.007,2.108
2024-08-19 03:00,0.009,2.222
2024-08-19 04:00,0.008,2.177
2024-08-19 05:00,0.008,2.177
2024-08-19 06:00,0.013,2.418
2024-08-19 07:00,0.023,2.810
2024-08-19 08:00,0.034,3.130
2024-08-19 09:00,0.040,3.284
2024-08-19 10:00,0.040,3.282
2024-08-19 11:00,0.051,3.534
2024-08-19 12:00,0.079,4.054
2024-08-19 13:00,0.127,4.728
2024-08-19 14:00,0.189,5.408
2024-08-19 15:00,0.239,5.875
2024-08-19 16:00,0.242,5.897
2024-08-19 17:00,0.232,5.806
2024-08-19 18:00,0.224,5.738
2024-08-19 19:00,0.219,5.693
2024-08-19 20:00,0.221,5.705
2024-08-19 21:00,0.209,5.602
2024-08-19 22:00,0.161,5.120
2024-08-19 23:00,0.154,5.035
2024-08-20 00:00,0.201,5.526
2024-08-20 01:00,0.200,5.515
2024-08-20 02:00,0.175,5.270
2024-08-20 03:00,0.167,5.190
2024-08-20 04:00,0.206,5.568
2024-08-20 05:00,0.301,6.386
2024-08-20 06:00,0.456,7.537
2024-08-20 07:00,0.584,8.478
2024-08-20 08:00,0.598,8.581
2024-08-20 09:00,0.486,7.754
2024-08-20 10:00,0.434,7.374
2024-08-20 11:00,0.476,7.684
2024-08-20 12:00,0.443,7.445
2024-08-20 13:00,0.378,6.978
2024-08-20 14:00,0.317,6.512
2024-08-20 15:00,0.267,6.108
2024-08-20 16:00,0.190,5.418
2024-08-20 17:00,0.140,4.884
2024-08-20 18:00,0.123,4.687
2024-08-20 19:00,0.124,4.690
2024-08-20 20:00,0.143,4.920
2024-08-20 21:00,0.118,4.611
2024-08-20 22:00,0.060,3.719
2024-08-20 23:00,0.052,3.568
2024-08-21 00:00,0.050,3.516
2024-08-21 01:00,0.041,3.321
2024-08-21 02:00,0.038,3.245
2024-08-21 03:00,0.048,3.457
2024-08-21 04:00,0.061,3.725
2024-08-21 05:00,0.074,3.979
2024-08-21 06:00,0.089,4.219
2024-08-21 07:00,0.097,4.325
2024-08-21 08:00,0.092,4.251
2024-08-21 09:00,0.094,4.277
2024-08-21 10:00,0.099,4.358
2024-08-21 11:00,0.134,4.813
2024-08-21 12:00,0.143,4.916
2024-08-21 13:00,0.119,4.619
2024-08-21 14:00,0.087,4.183
2024-08-21 15:00,0.103,4.419
2024-08-21 16:00,0.198,5.503
2024-08-21 17:00,0.332,6.623
2024-08-21 18:00,0.394,7.081
2024-08-21 19:00,0.372,6.931
2024-08-21 20:00,0.351,6.771
2024-08-21 21:00,0.318,6.520
2024-08-21 22:00,0.194,5.451
2024-08-21 23:00,0.278,6.198
2024-08-22 00:00,0.374,6.938
2024-08-22 01:00,0.337,6.665
2024-08-22 02:00,0.267,6.102
2024-08-22 03:00,0.200,5.517
2024-08-22 04:00,0.163,5.142
2024-08-22 05:00,0.155,5.051
2024-08-22 06:00,0.157,5.067
2024-08-22 07:00,0.158,5.086
2024-08-22 08:00,0.140,4.889
2024-08-22 09:00,0.106,4.459
2024-08-22 10:00,0.061,3.735
2024-08-22 11:00,0.019,2.655
2024-08-22 12:00,0.002,1.522
2024-08-22 13:00,0.003,1.772
2024-08-22 14:00,0.035,3.158
2024-08-22 15:00,0.117,4.604
2024-08-22 16:00,0.220,5.695
2024-08-22 17:00,0.295,6.335
2024-08-22 18:00,0.322,6.556
2024-08-22 19:00,0.321,6.547
2024-08-22 20:00,0.312,6.474
2024-08-22 21:00,0.284,6.242
2024-08-22 22:00,0.171,5.225
2024-08-22 23:00,0.044,3.388
2024-08-23 00:00,0.010,2.268
2024-08-23 01:00,0.002,1.615
2024-08-23 02:00,0.003,1.678
2024-08-23 03:00,0.003,1.671
2024-08-23 04:00,0.002,1.507
2024-08-23 05:00,0.001,1.485
2024-08-23 06:00,0.002,1.492
2024-08-23 07:00,0.001,1.463
2024-08-23 08:00,0.002,1.647
2024-08-23 09:00,0.007,2.086
2024-08-23 10:00,0.029,3.006
2024-08-23 11:00,0.104,4.428
2024-08-23 12:00,0.196,5.480
2024-08-23 13:00,0.251,5.967
2024-08-23 14:00,0.261,6.050
2024-08-23 15:00,0.240,5.881
2024-08-23 16:00,0.211,5.620
2024-08-23 17:00,0.183,5.348
2024-08-23 18:00,0.161,5.125
2024-08-23 19:00,0.149,4.995
2024-08-23 20:00,0.147,4.967
2024-08-23 21:00,0.148,4.984
2024-08-23 22:00,0.106,4.454
2024-08-23 23:00,0.071,3.922
2024-08-24 00:00,0.062,3.761
2024-08-24 01:00,0.049,3.487
2024-08-24 02:00,0.032,3.095
2024-08-24 03:00,0.031,3.056
2024-08-24 04:00,0.048,3.475
2024-08-24 05:00,0.078,4.046
2024-08-24 06:00,0.096,4.310
2024-08-24 07:00,0.134,4.812
2024-08-24 08:00,0.231,5.794
2024-08-24 09:00,0.241,5.888
2024-08-24 10:00,0.295,6.336
2024-08-24 11:00,0.387,7.040
2024-08-24 12:00,0.423,7.300
2024-08-24 13:00,0.385,7.028
2024-08-24 14:00,0.327,6.589
2024-08-24 15:00,0.272,6.153
2024-08-24 16:00,0.253,5.992
2024-08-24 17:00,0.269,6.130
2024-08-24 18:00,0.302,6.398
2024-08-24 19:00,0.300,6.375
2024-08-24 20:00,0.278,6.194
2024-08-24 21:00,0.252,5.979
2024-08-24 22:00,0.179,5.306
2024-08-24 23:00,0.122,4.674
2024-08-25 00:00,0.139,4.865
2024-08-25 01:00,0.137,4.850
2024-08-25 02:00,0.102,4.400
2024-08-25 03:00,0.074,3.961
2024-08-25 04:00,0.056,3.647
2024-08-25 05:00,0.034,3.144
2024-08-25 06:00,0.021,2.726
2024-08-25 07:00,0.013,2.425
2024-08-25 08:00,0.012,2.342
2024-08-25 09:00,0.005,1.934
2024-08-25 10:00,0.007,2.048
2024-08-25 11:00,0.010,2.248
2024-08-25 12:00,0.007,2.103
2024-08-25 13:00,0.014,2.458
2024-08-25 14:00,0.029,3.006
2024-08-25 15:00,0.032,3.075
2024-08-25 16:00,0.017,2.600
2024-08-25 17:00,0.007,2.100
2024-08-25 18:00,0.002,1.509
2024-08-25 19:00,0.002,1.544
2024-08-25 20:00,0.006,2.020
2024-08-25 21:00,0.017,2.585
2024-08-25 22:00,0.035,3.169
2024-08-25 23:00,0.053,3.586
2024-08-26 00:00,0.041,3.316
2024-08-26 01:00,0.040,3.289
2024-08-26 02:00,0.053,3.588
2024-08-26 03:00,0.074,3.963
2024-08-26 04:00,0.091,4.250
2024-08-26 05:00,0.113,4.549
2024-08-26 06:00,0.120,4.633
2024-08-26 07:00,0.103,4.400
2024-08-26 08:00,0.093,4.274
2024-08-26 09:00,0.103,4.411
2024-08-26 10:00,0.120,4.630
2024-08-26 11:00,0.167,5.189
2024-08-26 12:00,0.209,5.603
2024-08-26 13:00,0.205,5.553
2024-08-26 14:00,0.199,5.513
2024-08-26 15:00,0.256,6.018
2024-08-26 16:00,0.378,6.974
2024-08-26 17:00,0.497,7.837
2024-08-26 18:00,0.565,8.330
2024-08-26 19:00,0.582,8.467
2024-08-26 20:00,0.575,8.401
2024-08-26 21:00,0.580,8.439
2024-08-26 22:00,0.450,7.498
2024-08-26 23:00,0.241,5.894
2024-08-27 00:00,0.287,6.273
2024-08-27 01:00,0.316,6.508
2024-08-27 02:00,0.247,5.941
2024-08-27 03:00,0.183,5.352
2024-08-27 04:00,0.143,4.926
2024-08-27 05:00,0.117,4.603
2024-08-27 06:00,0.102,4.386
2024-08-27 07:00,0.093,4.265
2024-08-27 08:00,0.080,4.069
2024-08-27 09:00,0.046,3.428
2024-08-27 10:00,0.012,2.367
2024-08-27 11:00,0.002,1.522
2024-08-27 12:00,0,1.076
2024-08-27 13:00,0.001,1.347
2024-08-27 14:00,0.020,2.701
2024-08-27 15:00,0.067,3.854
2024-08-27 16:00,0.113,4.544
2024-08-27 17:00,0.160,5.116
2024-08-27 18:00,0.215,5.663
2024-08-27 19:00,0.250,5.961
2024-08-27 20:00,0.241,5.893
2024-08-27 21:00,0.219,5.695
2024-08-27 22:00,0.189,5.415
2024-08-27 23:00,0.082,4.108
2024-08-28 00:00,0.044,3.395
2024-08-28 01:00,0.029,2.979
2024-08-28 02:00,0.010,2.265
2024-08-28 03:00,0.004,1.834
2024-08-28 04:00,0.002,1.532
2024-08-28 05:00,0.002,1.501
2024-08-28 06:00,0.003,1.672
2024-08-28 07:00,0.005,1.915
2024-08-28 08:00,0.008,2.157
2024-08-28 09:00,0.008,2.174
2024-08-28 10:00,0.025,2.888
2024-08-28 11:00,0.074,3.957
2024-08-28 12:00,0.140,4.879
2024-08-28 13:00,0.198,5.495
2024-08-28 14:00,0.238,5.865
2024-08-28 15:00,0.289,6.290
2024-08-28 16:00,0.352,6.778
2024-08-28 17:00,0.381,6.998
2024-08-28 18:00,0.375,6.947
2024-08-28 19:00,0.334,6.647
2024-08-28 20:00,0.282,6.227
2024-08-28 21:00,0.233,5.818
2024-08-28 22:00,0.166,5.172
2024-08-28 23:00,0.051,3.532
2024-08-29 00:00,0.015,2.523
2024-08-29 01:00,0.037,3.199
2024-08-29 02:00,0.050,3.528
2024-08-29 03:00,0.067,3.853
2024-08-29 04:00,0.084,4.122
2024-08-29 05:00,0.106,4.452
2024-08-29 06:00,0.130,4.768
2024-08-29 07:00,0.148,4.983
2024-08-29 08:00,0.181,5.318
2024-08-29 09:00,0.275,6.181
2024-08-29 10:00,0.522,8.019
2024-08-29 11:00,0.693,9.364
2024-08-29 12:00,0.738,9.781
2024-08-29 13:00,0.727,9.671
2024-08-29 14:00,0.703,9.455
2024-08-29 15:00,0.686,9.303
2024-08-29 16:00,0.662,9.098
2024-08-29 17:00,0.630,8.842
2024-08-29 18:00,0.606,8.646
2024-08-29 19:00,0.614,8.707
2024-08-29 20:00,0.639,8.902
2024-08-29 21:00,0.627,8.814
2024-08-29 22:00,0.568,8.350
2024-08-29 23:00,0.655,9.039
2024-08-30 00:00,0.831,10.838
2024-08-30 01:00,0.866,11.354
2024-08-30 02:00,0.853,11.164
2024-08-30 03:00,0.800,10.441
2024-08-30 04:00,0.721,9.621
2024-08-30 05:00,0.618,8.739
2024-08-30 06:00,0.503,7.876
2024-08-30 07:00,0.421,7.281
2024-08-30 08:00,0.344,6.713
2024-08-30 09:00,0.238,5.864
2024-08-30 10:00,0.229,5.779
2024-08-30 11:00,0.198,5.503
2024-08-30 12:00,0.158,5.088
2024-08-30 13:00,0.125,4.709
2024-08-30 14:00,0.091,4.237
2024-08-30 15:00,0.063,3.779
2024-08-30 16:00,0.066,3.832
2024-08-30 17:00,0.085,4.140
2024-08-30 18:00,0.073,3.945
2024-08-30 19:00,0.050,3.526
2024-08-30 20:00,0.026,2.899
2024-08-30 21:00,0.005,1.907
2024-08-30 22:00,0.002,1.499
2024-08-30 23:00,0.004,1.802
2024-08-31 00:00,0.060,3.722
2024-08-31 01:00,0.222,5.715
2024-08-31 02:00,0.372,6.927
2024-08-31 03:00,0.470,7.637
2024-08-31 04:00,0.507,7.903
2024-08-31 05:00,0.548,8.210
2024-08-31 06:00,0.619,8.744
2024-08-31 07:00,0.659,9.073
2024-08-31 08:00,0.718,9.592
2024-08-31 09:00,0.794,10.383
2024-08-31 10:00,0.845,11.043
2024-08-31 11:00,0.839,10.950
2024-08-31 12:00,0.846,11.049
2024-08-31 13:00,0.845,11.040
2024-08-31 14:00,0.789,10.322
2024-08-31 15:00,0.740,9.809
2024-08-31 16:00,0.599,8.594
2024-08-31 17:00,0.453,7.515
2024-08-31 18:00,0.338,6.669
2024-08-31 19:00,0.355,6.802
2024-08-31 20:00,0.476,7.682
2024-08-31 21:00,0.482,7.731
2024-08-31 22:00,0.431,7.359
2024-08-31 23:00,0.601,8.609
2024-09-01 00:00,0.826,10.772
2024-09-01 01:00,0.886,11.719
2024-09-01 02:00,0.900,11.992
2024-09-01 03:00,0.907,12.141
2024-09-01 04:00,0.918,12.392
2024-09-01 05:00,0.927,12.633
2024-09-01 06:00,0.929,12.686
2024-09-01 07:00,0.918,12.401
2024-09-01 08:00,0.881,11.631
2024-09-01 09:00,0.780,10.224
2024-09-01 10:00,0.681,9.255
2024-09-01 11:00,0.589,8.517
2024-09-01 12:00,0.450,7.497
2024-09-01 13:00,0.306,6.424
2024-09-01 14:00,0.247,5.940
2024-09-01 15:00,0.287,6.279
2024-09-01 16:00,0.399,7.125
2024-09-01 17:00,0.508,7.914
2024-09-01 18:00,0.565,8.337
2024-09-01 19:00,0.592,8.534
2024-09-01 20:00,0.598,8.586
2024-09-01 21:00,0.583,8.477
2024-09-01 22:00,0.438,7.410
2024-09-01 23:00,0.188,5.400
2024-09-02 00:00,0.222,5.720
2024-09-02 01:00,0.208,5.589
2024-09-02 02:00,0.108,4.480
2024-09-02 03:00,0.039,3.278
2024-09-02 04:00,0.008,2.124
2024-09-02 05:00,0.001,1.249
2024-09-02 06:00,0,0.772
2024-09-02 07:00,0,0.757
2024-09-02 08:00,0,1.081
2024-09-02 09:00,0.001,1.451
2024-09-02 10:00,0.007,2.053
2024-09-02 11:00,0.034,3.148
2024-09-02 12:00,0.093,4.266
2024-09-02 13:00,0.169,5.211
2024-09-02 14:00,0.235,5.835
2024-09-02 15:00,0.287,6.275
2024-09-02 16:00,0.327,6.589
2024-09-02 17:00,0.330,6.611
2024-09-02 18:00,0.311,6.464
2024-09-02 19:00,0.287,6.277
2024-09-02 20:00,0.256,6.022
2024-09-02 21:00,0.250,5.959
2024-09-02 22:00,0.219,5.695
2024-09-02 23:00,0.102,4.387
2024-09-03 00:00,0.221,5.704
2024-09-03 01:00,0.295,6.341
2024-09-03 02:00,0.290,6.301
2024-09-03 03:00,0.238,5.868
2024-09-03 04:00,0.177,5.282
2024-09-03 05:00,0.197,5.492
2024-09-03 06:00,0.233,5.823
2024-09-03 07:00,0.216,5.664
2024-09-03 08:00,0.238,5.868
2024-09-03 09:00,0.348,6.739
2024-09-03 10:00,0.550,8.224
2024-09-03 11:00,0.565,8.333
2024-09-03 12:00,0.509,7.916
2024-09-03 13:00,0.523,8.023
2024-09-03 14:00,0.553,8.247
2024-09-03 15:00,0.572,8.391
2024-09-03 16:00,0.562,8.312
2024-09-03 17:00,0.576,8.414
2024-09-03 18:00,0.559,8.285
2024-09-03 19:00,0.612,8.687
2024-09-03 20:00,0.617,8.731
2024-09-03 21:00,0.545,8.191
2024-09-03 22:00,0.474,7.664
2024-09-03 23:00,0.418,7.270
2024-09-04 00:00,0.496,7.825
2024-09-04 01:00,0.603,8.623
2024-09-04 02:00,0.604,8.635
2024-09-04 03:00,0.605,8.641
2024-09-04 04:00,0.604,8.632
2024-09-04 05:00,0.568,8.362
2024-09-04 06:00,0.441,7.432
2024-09-04 07:00,0.222,5.727
2024-09-04 08:00,0.090,4.222
2024-09-04 09:00,0.071,3.919
2024-09-04 10:00,0.149,4.985
2024-09-04 11:00,0.391,7.068
2024-09-04 12:00,0.655,9.040
2024-09-04 13:00,0.753,9.934
2024-09-04 14:00,0.760,10.009
2024-09-04 15:00,0.713,9.547
2024-09-04 16:00,0.713,9.551
2024-09-04 17:00,0.738,9.782
2024-09-04 18:00,0.761,10.021
2024-09-04 19:00,0.773,10.145
2024-09-04 20:00,0.772,10.129
2024-09-04 21:00,0.715,9.565
2024-09-04 22:00,0.624,8.783
2024-09-04 23:00,0.693,9.368
2024-09-05 00:00,0.908,12.153
2024-09-05 01:00,0.929,12.672
2024-09-05 02:00,0.888,11.751
2024-09-05 03:00,0.821,10.705
2024-09-05 04:00,0.751,9.902
2024-09-05 05:00,0.687,9.312
2024-09-05 06:00,0.612,8.687
2024-09-05 07:00,0.506,7.896
2024-09-05 08:00,0.372,6.925
2024-09-05 09:00,0.182,5.342
2024-09-05 10:00,0.085,4.139
2024-09-05 11:00,0.050,3.525
2024-09-05 12:00,0.070,3.898
2024-09-05 13:00,0.135,4.833
2024-09-05 14:00,0.226,5.762
2024-09-05 15:00,0.300,6.384
2024-09-05 16:00,0.332,6.631
2024-09-05 17:00,0.329,6.609
2024-09-05 18:00,0.328,6.594
2024-09-05 19:00,0.316,6.508
2024-09-05 20:00,0.295,6.334
2024-09-05 21:00,0.295,6.335
2024-09-05 22:00,0.261,6.050
2024-09-05 23:00,0.123,4.687
2024-09-06 00:00,0.043,3.357
2024-09-06 01:00,0.030,3.032
2024-09-06 02:00,0.032,3.088
2024-09-06 03:00,0.035,3.177
2024-09-06 04:00,0.035,3.162
2024-09-06 05:00,0.026,2.907
2024-09-06 06:00,0.017,2.610
2024-09-06 07:00,0.014,2.491
2024-09-06 08:00,0.012,2.376
2024-09-06 09:00,0.012,2.391
2024-09-06 10:00,0.011,2.340
2024-09-06 11:00,0.011,2.331
2024-09-06 12:00,0.012,2.390
2024-09-06 13:00,0.020,2.694
2024-09-06 14:00,0.057,3.652
2024-09-06 15:00,0.111,4.521
2024-09-06 16:00,0.165,5.161
2024-09-06 17:00,0.249,5.950
2024-09-06 18:00,0.315,6.490
2024-09-06 19:00,0.315,6.501
2024-09-06 20:00,0.252,5.981
2024-09-06 21:00,0.199,5.504
2024-09-06 22:00,0.181,5.330
2024-09-06 23:00,0.122,4.664
2024-09-07 00:00,0.157,5.074
2024-09-07 01:00,0.181,5.332
2024-09-07 02:00,0.172,5.242
2024-09-07 03:00,0.148,4.978
2024-09-07 04:00,0.122,4.662
2024-09-07 05:00,0.096,4.323
2024-09-07 06:00,0.068,3.866
2024-09-07 07:00,0.037,3.218
2024-09-07 08:00,0.018,2.646
2024-09-07 09:00,0.025,2.875
2024-09-07 10:00,0.086,4.171
2024-09-07 11:00,0.197,5.491
2024-09-07 12:00,0.306,6.422
2024-09-07 13:00,0.378,6.978
2024-09-07 14:00,0.406,7.181
2024-09-07 15:00,0.412,7.223
2024-09-07 16:00,0.409,7.205
2024-09-07 17:00,0.406,7.170
2024-09-07 18:00,0.398,7.114
2024-09-07 19:00,0.377,6.962
2024-09-07 20:00,0.334,6.646
2024-09-07 21:00,0.279,6.206
2024-09-07 22:00,0.167,5.184
2024-09-07 23:00,0.044,3.374
2024-09-08 00:00,0.001,1.289
2024-09-08 01:00,0.001,1.207
2024-09-08 02:00,0.006,2.030
2024-09-08 03:00,0.018,2.626
2024-09-08 04:00,0.029,3.009
2024-09-08 05:00,0.041,3.310
2024-09-08 06:00,0.052,3.557
2024-09-08 07:00,0.067,3.850
2024-09-08 08:00,0.102,4.396
2024-09-08 09:00,0.162,5.133
2024-09-08 10:00,0.309,6.441
2024-09-08 11:00,0.431,7.355
2024-09-08 12:00,0.468,7.629
2024-09-08 13:00,0.465,7.598
2024-09-08 14:00,0.447,7.477
2024-09-08 15:00,0.452,7.508
2024-09-08 16:00,0.465,7.600
2024-09-08 17:00,0.472,7.649
2024-09-08 18:00,0.488,7.770
2024-09-08 19:00,0.522,8.016
2024-09-08 20:00,0.561,8.310
2024-09-08 21:00,0.583,8.470
2024-09-08 22:00,0.572,8.390
2024-09-08 23:00,0.507,7.903
2024-09-09 00:00,0.598,8.582
2024-09-09 01:00,0.694,9.375
2024-09-09 02:00,0.674,9.193
2024-09-09 03:00,0.624,8.784
2024-09-09 04:00,0.592,8.532
2024-09-09 05:00,0.541,8.149
2024-09-09 06:00,0.481,7.721
2024-09-09 07:00,0.475,7.668
2024-09-09 08:00,0.419,7.271
2024-09-09 09:00,0.314,6.480
2024-09-09 10:00,0.333,6.634
2024-09-09 11:00,0.484,7.737
2024-09-09 12:00,0.641,8.919
2024-09-09 13:00,0.669,9.155
2024-09-09 14:00,0.666,9.132
2024-09-09 15:00,0.639,8.901
2024-09-09 16:00,0.523,8.023
2024-09-09 17:00,0.422,7.297
2024-09-09 18:00,0.425,7.318
2024-09-09 19:00,0.467,7.615
2024-09-09 20:00,0.488,7.766
2024-09-09 21:00,0.441,7.423
2024-09-09 22:00,0.311,6.467
2024-09-09 23:00,0.140,4.881
2024-09-10 00:00,0.166,5.171
2024-09-10 01:00,0.221,5.702
2024-09-10 02:00,0.168,5.194
2024-09-10 03:00,0.117,4.607
2024-09-10 04:00,0.090,4.223
2024-09-10 05:00,0.075,3.989
2024-09-10 06:00,0.058,3.673
2024-09-10 07:00,0.039,3.271
2024-09-10 08:00,0.020,2.703
2024-09-10 09:00,0.004,1.848
2024-09-10 10:00,0.001,1.394
2024-09-10 11:00,0.001,1.404
2024-09-10 12:00,0.002,1.552
2024-09-10 13:00,0.006,2.023
2024-09-10 14:00,0.021,2.753
2024-09-10 15:00,0.056,3.645
2024-09-10 16:00,0.102,4.387
2024-09-10 17:00,0.133,4.794
2024-09-10 18:00,0.135,4.828
2024-09-10 19:00,0.114,4.568
2024-09-10 20:00,0.082,4.103
2024-09-10 21:00,0.057,3.655
2024-09-10 22:00,0.042,3.333
2024-09-10 23:00,0.019,2.672
2024-09-11 00:00,0,1.102
2024-09-11 01:00,0.003,1.715
2024-09-11 02:00,0.002,1.630
2024-09-11 03:00,0.001,1.414
2024-09-11 04:00,0.001,1.311
2024-09-11 05:00,0.001,1.267
2024-09-11 06:00,0.001,1.273
2024-09-11 07:00,0.001,1.350
2024-09-11 08:00,0.002,1.627
2024-09-11 09:00,0.010,2.265
2024-09-11 10:00,0.061,3.742
2024-09-11 11:00,0.165,5.165
2024-09-11 12:00,0.236,5.846
2024-09-11 13:00,0.258,6.035
2024-09-11 14:00,0.280,6.217
2024-09-11 15:00,0.271,6.144
2024-09-11 16:00,0.256,6.011
2024-09-11 17:00,0.254,6.002
2024-09-11 18:00,0.243,5.912
2024-09-11 19:00,0.245,5.925
2024-09-11 20:00,0.235,5.841
2024-09-11 21:00,0.210,5.615
2024-09-11 22:00,0.180,5.309
2024-09-11 23:00,0.070,3.904
2024-09-12 00:00,0.003,1.716
2024-09-12 01:00,0.001,1.405
2024-09-12 02:00,0.012,2.379
2024-09-12 03:00,0.009,2.232
2024-09-12 04:00,0.002,1.644
2024-09-12 05:00,0,0.943
2024-09-12 06:00,0,0.627
2024-09-12 07:00,0.001,1.208
2024-09-12 08:00,0.005,1.971
2024-09-12 09:00,0.025,2.872
2024-09-12 10:00,0.069,3.869
2024-09-12 11:00,0.091,4.236
2024-09-12 12:00,0.084,4.123
2024-09-12 13:00,0.050,3.508
2024-09-12 14:00,0.014,2.483
2024-09-12 15:00,0,1.145
2024-09-12 16:00,0.030,3.025
2024-09-12 17:00,0.421,7.290
2024-09-12 18:00,0.751,9.903
2024-09-12 19:00,0.747,9.878
2024-09-12 20:00,0.700,9.419
2024-09-12 21:00,0.678,9.233
2024-09-12 22:00,0.610,8.669
2024-09-12 23:00,0.803,10.485
2024-09-13 00:00,0.816,10.644
2024-09-13 01:00,0.769,10.096
2024-09-13 02:00,0.675,9.209
2024-09-13 03:00,0.572,8.391
2024-09-13 04:00,0.472,7.648
2024-09-13 05:00,0.394,7.086
2024-09-13 06:00,0.368,6.896
2024-09-13 07:00,0.423,7.304
2024-09-13 08:00,0.574,8.399
2024-09-13 09:00,0.721,9.623
2024-09-13 10:00,0.786,10.285
2024-09-13 11:00,0.784,10.270
2024-09-13 12:00,0.630,8.835
2024-09-13 13:00,0.422,7.297
2024-09-13 14:00,0.264,6.080
2024-09-13 15:00,0.163,5.149
2024-09-13 16:00,0.115,4.573
2024-09-13 17:00,0.095,4.296
2024-09-13 18:00,0.086,4.173
2024-09-13 19:00,0.081,4.093
2024-09-13 20:00,0.082,4.099
2024-09-13 21:00,0.101,4.378
2024-09-13 22:00,0.142,4.914
2024-09-13 23:00,0.208,5.594
2024-09-14 00:00,0.311,6.470
2024-09-14 01:00,0.416,7.241
2024-09-14 02:00,0.497,7.832
2024-09-14 03:00,0.532,8.084
2024-09-14 04:00,0.512,7.945
2024-09-14 05:00,0.514,7.960
2024-09-14 06:00,0.545,8.187
2024-09-14 07:00,0.568,8.357
2024-09-14 08:00,0.489,7.776
2024-09-14 09:00,0.339,6.675
2024-09-14 10:00,0.255,6.007
2024-09-14 11:00,0.179,5.304
2024-09-14 12:00,0.116,4.586
2024-09-14 13:00,0.074,3.963
2024-09-14 14:00,0.075,3.986
2024-09-14 15:00,0.117,4.604
2024-09-14 16:00,0.161,5.126
2024-09-14 17:00,0.220,5.698
2024-09-14 18:00,0.264,6.082
2024-09-14 19:00,0.322,6.555
2024-09-14 20:00,0.370,6.913
2024-09-14 21:00,0.354,6.797
2024-09-14 22:00,0.255,6.007
2024-09-14 23:00,0.074,3.977
2024-09-15 00:00,0.007,2.090
2024-09-15 01:00,0.007,2.119
2024-09-15 02:00,0.008,2.151
2024-09-15 03:00,0.008,2.140
2024-09-15 04:00,0.017,2.573
2024-09-15 05:00,0.025,2.878
2024-09-15 06:00,0.027,2.942
2024-09-15 07:00,0.025,2.870
2024-09-15 08:00,0.025,2.881
2024-09-15 09:00,0.058,3.679
2024-09-15 10:00,0.149,4.989
2024-09-15 11:00,0.265,6.093
2024-09-15 12:00,0.372,6.920
2024-09-15 13:00,0.424,7.308
2024-09-15 14:00,0.417,7.254
2024-09-15 15:00,0.384,7.015
2024-09-15 16:00,0.338,6.669
2024-09-15 17:00,0.295,6.333
2024-09-15 18:00,0.251,5.967
2024-09-15 19:00,0.220,5.696
2024-09-15 20:00,0.233,5.818
2024-09-15 21:00,0.264,6.081
2024-09-15 22:00,0.275,6.177
2024-09-15 23:00,0.183,5.352
2024-09-16 00:00,0.113,4.543
2024-09-16 01:00,0.121,4.641
2024-09-16 02:00,0.095,4.296
2024-09-16 03:00,0.056,3.639
2024-09-16 04:00,0.035,3.169
2024-09-16 05:00,0.025,2.870
2024-09-16 06:00,0.019,2.675
2024-09-16 07:00,0.011,2.338
2024-09-16 08:00,0.003,1.662
2024-09-16 09:00,0,0.989
2024-09-16 10:00,0.012,2.392
2024-09-16 11:00,0.061,3.744
2024-09-16 12:00,0.111,4.526
2024-09-16 13:00,0.125,4.710
2024-09-16 14:00,0.122,4.654
2024-09-16 15:00,0.134,4.805
2024-09-16 16:00,0.213,5.639
2024-09-16 17:00,0.290,6.304
2024-09-16 18:00,0.341,6.694
2024-09-16 19:00,0.333,6.634
2024-09-16 20:00,0.286,6.267
2024-09-16 21:00,0.232,5.802
2024-09-16 22:00,0.179,5.302
2024-09-16 23:00,0.064,3.786
2024-09-17 00:00,0.012,2.381
2024-09-17 01:00,0.004,1.864
2024-09-17 02:00,0.003,1.742
2024-09-17 03:00,0.002,1.531
2024-09-17 04:00,0.001,1.366
2024-09-17 05:00,0.002,1.492
2024-09-17 06:00,0.002,1.580
2024-09-17 07:00,0.003,1.703
2024-09-17 08:00,0.005,1.919
2024-09-17 09:00,0.012,2.395
2024-09-17 10:00,0.034,3.134
2024-09-17 11:00,0.054,3.595
2024-09-17 12:00,0.065,3.819
2024-09-17 13:00,0.085,4.134
2024-09-17 14:00,0.109,4.500
2024-09-17 15:00,0.153,5.030
2024-09-17 16:00,0.185,5.373
2024-09-17 17:00,0.189,5.413
2024-09-17 18:00,0.177,5.285
2024-09-17 19:00,0.176,5.274
2024-09-17 20:00,0.177,5.285
2024-09-17 21:00,0.129,4.759
2024-09-17 22:00,0.065,3.808
2024-09-17 23:00,0.014,2.459
2024-09-18 00:00,0.003,1.736
2024-09-18 01:00,0.005,1.881
2024-09-18 02:00,0.005,1.883
2024-09-18 03:00,0.003,1.726
2024-09-18 04:00,0.002,1.590
2024-09-18 05:00,0.001,1.280
2024-09-18 06:00,0,0.804
2024-09-18 07:00,0,0.893
2024-09-18 08:00,0.001,1.311
2024-09-18 09:00,0.005,1.949
2024-09-18 10:00,0.018,2.629
2024-09-18 11:00,0.037,3.198
2024-09-18 12:00,0.068,3.867
2024-09-18 13:00,0.107,4.467
2024-09-18 14:00,0.146,4.955
2024-09-18 15:00,0.206,5.570
2024-09-18 16:00,0.284,6.240
2024-09-18 17:00,0.340,6.687
2024-09-18 18:00,0.350,6.763
2024-09-18 19:00,0.368,6.893
2024-09-18 20:00,0.431,7.358
2024-09-18 21:00,0.510,7.922
2024-09-18 22:00,0.553,8.245
2024-09-18 23:00,0.399,7.131
2024-09-19 00:00,0.403,7.150
2024-09-19 01:00,0.381,6.999
2024-09-19 02:00,0.329,6.608
2024-09-19 03:00,0.341,6.695
2024-09-19 04:00,0.396,7.101
2024-09-19 05:00,0.431,7.356
2024-09-19 06:00,0.503,7.869
2024-09-19 07:00,0.619,8.745
2024-09-19 08:00,0.705,9.477
2024-09-19 09:00,0.855,11.197
2024-09-19 10:00,0.875,11.514
2024-09-19 11:00,0.824,10.746
2024-09-19 12:00,0.804,10.491
2024-09-19 13:00,0.772,10.137
2024-09-19 14:00,0.744,9.843
2024-09-19 15:00,0.689,9.333
2024-09-19 16:00,0.637,8.894
2024-09-19 17:00,0.634,8.874
2024-09-19 18:00,0.696,9.392
2024-09-19 19:00,0.731,9.714
2024-09-19 20:00,0.744,9.833
2024-09-19 21:00,0.755,9.950
2024-09-19 22:00,0.745,9.853
2024-09-19 23:00,0.739,9.796
2024-09-20 00:00,0.734,9.748
2024-09-20 01:00,0.764,10.044
2024-09-20 02:00,0.796,10.396
2024-09-20 03:00,0.791,10.330
2024-09-20 04:00,0.753,9.928
2024-09-20 05:00,0.720,9.616
2024-09-20 06:00,0.706,9.484
2024-09-20 07:00,0.710,9.510
2024-09-20 08:00,0.704,9.464
2024-09-20 09:00,0.556,8.266
2024-09-20 10:00,0.403,7.155
2024-09-20 11:00,0.386,7.033
2024-09-20 12:00,0.396,7.106
2024-09-20 13:00,0.332,6.619
2024-09-20 14:00,0.260,6.047
2024-09-20 15:00,0.232,5.801
2024-09-20 16:00,0.267,6.110
2024-09-20 17:00,0.394,7.086
2024-09-20 18:00,0.546,8.196
2024-09-20 19:00,0.614,8.704
2024-09-20 20:00,0.616,8.727
2024-09-20 21:00,0.601,8.609
2024-09-20 22:00,0.552,8.235
2024-09-20 23:00,0.336,6.657
2024-09-21 00:00,0.569,8.364
2024-09-21 01:00,0.674,9.194
2024-09-21 02:00,0.682,9.273
2024-09-21 03:00,0.686,9.303
2024-09-21 04:00,0.685,9.298
2024-09-21 05:00,0.676,9.219
2024-09-21 06:00,0.654,9.028
2024-09-21 07:00,0.613,8.703
2024-09-21 08:00,0.515,7.970
2024-09-21 09:00,0.339,6.681
2024-09-21 10:00,0.252,5.990
2024-09-21 11:00,0.223,5.727
2024-09-21 12:00,0.258,6.034
2024-09-21 13:00,0.346,6.730
2024-09-21 14:00,0.453,7.515
2024-09-21 15:00,0.553,8.239
2024-09-21 16:00,0.604,8.635
2024-09-21 17:00,0.621,8.767
2024-09-21 18:00,0.615,8.716
2024-09-21 19:00,0.624,8.791
2024-09-21 20:00,0.634,8.869
2024-09-21 21:00,0.624,8.789
2024-09-21 22:00,0.558,8.278
2024-09-21 23:00,0.278,6.190
2024-09-22 00:00,0.179,5.299
2024-09-22 01:00,0.271,6.143
2024-09-22 02:00,0.200,5.516
2024-09-22 03:00,0.121,4.649
2024-09-22 04:00,0.066,3.833
2024-09-22 05:00,0.040,3.295
2024-09-22 06:00,0.031,3.062
2024-09-22 07:00,0.024,2.855
2024-09-22 08:00,0.010,2.272
2024-09-22 09:00,0.001,1.249
2024-09-22 10:00,0,1.036
2024-09-22 11:00,0.004,1.877
2024-09-22 12:00,0.031,3.072
2024-09-22 13:00,0.090,4.222
2024-09-22 14:00,0.163,5.142
2024-09-22 15:00,0.252,5.983
2024-09-22 16:00,0.343,6.708
2024-09-22 17:00,0.409,7.202
2024-09-22 18:00,0.453,7.512
2024-09-22 19:00,0.469,7.632
2024-09-22 20:00,0.473,7.654
2024-09-22 21:00,0.492,7.805
2024-09-22 22:00,0.487,7.757
2024-09-22 23:00,0.291,6.308
2024-09-23 00:00,0.141,4.904
2024-09-23 01:00,0.377,6.967
2024-09-23 02:00,0.413,7.231
2024-09-23 03:00,0.398,7.116
2024-09-23 04:00,0.369,6.904
2024-09-23 05:00,0.348,6.745
2024-09-23 06:00,0.323,6.563
2024-09-23 07:00,0.283,6.237
2024-09-23 08:00,0.229,5.777
2024-09-23 09:00,0.379,6.979
2024-09-23 10:00,0.596,8.567
2024-09-23 11:00,0.678,9.234
2024-09-23 12:00,0.702,9.445
2024-09-23 13:00,0.711,9.533
2024-09-23 14:00,0.718,9.598
2024-09-23 15:00,0.690,9.338
2024-09-23 16:00,0.658,9.068
2024-09-23 17:00,0.638,8.896
2024-09-23 18:00,0.631,8.848
2024-09-23 19:00,0.612,8.695
2024-09-23 20:00,0.575,8.413
2024-09-23 21:00,0.520,8.002
2024-09-23 22:00,0.427,7.327
2024-09-23 23:00,0.230,5.789
2024-09-24 00:00,0.139,4.871
2024-09-24 01:00,0.251,5.966
2024-09-24 02:00,0.422,7.297
2024-09-24 03:00,0.545,8.187
2024-09-24 04:00,0.627,8.813
2024-09-24 05:00,0.698,9.401
2024-09-24 06:00,0.740,9.801
2024-09-24 07:00,0.739,9.792
2024-09-24 08:00,0.682,9.271
2024-09-24 09:00,0.639,8.900
2024-09-24 10:00,0.662,9.102
2024-09-24 11:00,0.591,8.527
2024-09-24 12:00,0.503,7.871
2024-09-24 13:00,0.453,7.511
2024-09-24 14:00,0.468,7.626
2024-09-24 15:00,0.545,8.185
2024-09-24 16:00,0.680,9.241
2024-09-24 17:00,0.741,9.818
2024-09-24 18:00,0.715,9.570
2024-09-24 19:00,0.673,9.187
2024-09-24 20:00,0.624,8.786
2024-09-24 21:00,0.575,8.412
2024-09-24 22:00,0.525,8.038
2024-09-24 23:00,0.494,7.813
2024-09-25 00:00,0.553,8.244
2024-09-25 01:00,0.485,7.746
2024-09-25 02:00,0.368,6.893
2024-09-25 03:00,0.313,6.476
2024-09-25 04:00,0.268,6.123
2024-09-25 05:00,0.224,5.743
2024-09-25 06:00,0.171,5.228
2024-09-25 07:00,0.113,4.543
2024-09-25 08:00,0.085,4.141
2024-09-25 09:00,0.075,3.985
2024-09-25 10:00,0.066,3.827
2024-09-25 11:00,0.042,3.333
2024-09-25 12:00,0.016,2.529
2024-09-25 13:00,0.003,1.667
2024-09-25 14:00,0.002,1.503
2024-09-25 15:00,0.012,2.356
2024-09-25 16:00,0.059,3.699
2024-09-25 17:00,0.146,4.951
2024-09-25 18:00,0.231,5.791
2024-09-25 19:00,0.267,6.115
2024-09-25 20:00,0.253,5.992
2024-09-25 21:00,0.203,5.538
2024-09-25 22:00,0.150,5.000
2024-09-25 23:00,0.073,3.946
2024-09-26 00:00,0.010,2.276
2024-09-26 01:00,0.001,1.212
2024-09-26 02:00,0.001,1.238
2024-09-26 03:00,0.001,1.300
2024-09-26 04:00,0.001,1.408
2024-09-26 05:00,0.002,1.554
2024-09-26 06:00,0.003,1.687
2024-09-26 07:00,0.003,1.758
2024-09-26 08:00,0.005,1.932
2024-09-26 09:00,0.027,2.938
2024-09-26 10:00,0.112,4.533
2024-09-26 11:00,0.218,5.685
2024-09-26 12:00,0.284,6.245
2024-09-26 13:00,0.310,6.456
2024-09-26 14:00,0.329,6.605
2024-09-26 15:00,0.350,6.763
2024-09-26 16:00,0.364,6.867
2024-09-26 17:00,0.369,6.907
2024-09-26 18:00,0.368,6.892
2024-09-26 19:00,0.354,6.799
2024-09-26 20:00,0.314,6.481
2024-09-26 21:00,0.267,6.107
2024-09-26 22:00,0.212,5.635
2024-09-26 23:00,0.102,4.396
2024-09-27 00:00,0.069,3.883
2024-09-27 01:00,0.065,3.816
2024-09-27 02:00,0.080,4.077
2024-09-27 03:00,0.114,4.561
2024-09-27 04:00,0.145,4.948
2024-09-27 05:00,0.179,5.303
2024-09-27 06:00,0.218,5.685
2024-09-27 07:00,0.267,6.111
2024-09-27 08:00,0.290,6.304
2024-09-27 09:00,0.419,7.271
2024-09-27 10:00,0.587,8.499
2024-09-27 11:00,0.603,8.630
2024-09-27 12:00,0.565,8.325
2024-09-27 13:00,0.491,7.793
2024-09-27 14:00,0.433,7.369
2024-09-27 15:00,0.406,7.172
2024-09-27 16:00,0.406,7.178
2024-09-27 17:00,0.416,7.250
2024-09-27 18:00,0.422,7.294
2024-09-27 19:00,0.412,7.223
2024-09-27 20:00,0.403,7.153
2024-09-27 21:00,0.397,7.111
2024-09-27 22:00,0.409,7.190
2024-09-27 23:00,0.365,6.877
2024-09-28 00:00,0.382,7.001
2024-09-28 01:00,0.445,7.466
2024-09-28 02:00,0.471,7.641
2024-09-28 03:00,0.514,7.959
2024-09-28 04:00,0.571,8.382
2024-09-28 05:00,0.602,8.622
2024-09-28 06:00,0.615,8.713
2024-09-28 07:00,0.608,8.664
2024-09-28 08:00,0.510,7.921
2024-09-28 09:00,0.490,7.781
2024-09-28 10:00,0.602,8.618
2024-09-28 11:00,0.618,8.737
2024-09-28 12:00,0.607,8.660
2024-09-28 13:00,0.598,8.583
2024-09-28 14:00,0.569,8.365
2024-09-28 15:00,0.579,8.436
2024-09-28 16:00,0.611,8.685
2024-09-28 17:00,0.641,8.925
2024-09-28 18:00,0.658,9.066
2024-09-28 19:00,0.654,9.028
2024-09-28 20:00,0.642,8.938
2024-09-28 21:00,0.649,8.987
2024-09-28 22:00,0.669,9.149
2024-09-28 23:00,0.591,8.525
2024-09-29 00:00,0.627,8.818
2024-09-29 01:00,0.840,10.966
2024-09-29 02:00,0.943,13.106
2024-09-29 03:00,0.968,14.180
2024-09-29 04:00,0.971,14.320
2024-09-29 05:00,0.969,14.233
2024-09-29 06:00,0.968,14.166
2024-09-29 07:00,0.961,13.825
2024-09-29 08:00,0.943,13.103
2024-09-29 09:00,0.880,11.604
2024-09-29 10:00,0.713,9.546
2024-09-29 11:00,0.484,7.736
2024-09-29 12:00,0.532,8.086
2024-09-29 13:00,0.612,8.695
2024-09-29 14:00,0.559,8.285
2024-09-29 15:00,0.559,8.293
2024-09-29 16:00,0.658,9.071
2024-09-29 17:00,0.731,9.706
2024-09-29 18:00,0.754,9.945
2024-09-29 19:00,0.737,9.780
2024-09-29 20:00,0.731,9.722
2024-09-29 21:00,0.755,9.951
2024-09-29 22:00,0.808,10.550
2024-09-29 23:00,0.860,11.272
2024-09-30 00:00,0.898,11.954
2024-09-30 01:00,0.891,11.813
2024-09-30 02:00,0.843,11.002
2024-09-30 03:00,0.741,9.818
2024-09-30 04:00,0.620,8.756
2024-09-30 05:00,0.539,8.141
2024-09-30 06:00,0.510,7.923
2024-09-30 07:00,0.494,7.819
2024-09-30 08:00,0.432,7.363
2024-09-30 09:00,0.386,7.034
2024-09-30 10:00,0.387,7.041
2024-09-30 11:00,0.330,6.612
2024-09-30 12:00,0.251,5.969
2024-09-30 13:00,0.184,5.362
2024-09-30 14:00,0.143,4.925
2024-09-30 15:00,0.151,5.012
2024-09-30 16:00,0.196,5.480
2024-09-30 17:00,0.254,6.004
2024-09-30 18:00,0.311,6.466
2024-09-30 19:00,0.344,6.716
2024-09-30 20:00,0.361,6.842
2024-09-30 21:00,0.377,6.970
2024-09-30 22:00,0.385,7.023
2024-09-30 23:00,0.287,6.277
2024-10-01 00:00,0.397,7.111
2024-10-01 01:00,0.423,7.302
2024-10-01 02:00,0.394,7.080
2024-10-01 03:00,0.396,7.107
2024-10-01 04:00,0.434,7.371
2024-10-01 05:00,0.503,7.872
2024-10-01 06:00,0.580,8.445
2024-10-01 07:00,0.630,8.840
2024-10-01 08:00,0.578,8.432
2024-10-01 09:00,0.433,7.367
2024-10-01 10:00,0.456,7.533
2024-10-01 11:00,0.491,7.793
2024-10-01 12:00,0.537,8.119
2024-10-01 13:00,0.616,8.726
2024-10-01 14:00,0.690,9.345
2024-10-01 15:00,0.721,9.627
2024-10-01 16:00,0.695,9.388
2024-10-01 17:00,0.686,9.303
2024-10-01 18:00,0.695,9.389
2024-10-01 19:00,0.690,9.345
2024-10-01 20:00,0.690,9.342
2024-10-01 21:00,0.676,9.223
2024-10-01 22:00,0.643,8.946
2024-10-01 23:00,0.403,7.148
2024-10-02 00:00,0.429,7.343
2024-10-02 01:00,0.476,7.683
2024-10-02 02:00,0.373,6.934
2024-10-02 03:00,0.311,6.469
2024-10-02 04:00,0.283,6.238
2024-10-02 05:00,0.269,6.133
2024-10-02 06:00,0.267,6.104
2024-10-02 07:00,0.268,6.117
2024-10-02 08:00,0.183,5.353
2024-10-02 09:00,0.103,4.410
2024-10-02 10:00,0.104,4.423
2024-10-02 11:00,0.198,5.501
2024-10-02 12:00,0.377,6.969
2024-10-02 13:00,0.544,8.176
2024-10-02 14:00,0.621,8.771
2024-10-02 15:00,0.629,8.824
2024-10-02 16:00,0.601,8.614
2024-10-02 17:00,0.567,8.348
2024-10-02 18:00,0.541,8.149
2024-10-02 19:00,0.527,8.047
2024-10-02 20:00,0.528,8.054
2024-10-02 21:00,0.544,8.172
2024-10-02 22:00,0.544,8.179
2024-10-02 23:00,0.388,7.045
2024-10-03 00:00,0.129,4.757
2024-10-03 01:00,0.167,5.188
2024-10-03 02:00,0.208,5.582
2024-10-03 03:00,0.245,5.930
2024-10-03 04:00,0.301,6.392
2024-10-03 05:00,0.336,6.660
2024-10-03 06:00,0.343,6.708
2024-10-03 07:00,0.334,6.645
2024-10-03 08:00,0.300,6.372
2024-10-03 09:00,0.490,7.784
2024-10-03 10:00,0.719,9.604
2024-10-03 11:00,0.797,10.408
2024-10-03 12:00,0.808,10.552
2024-10-03 13:00,0.815,10.633
2024-10-03 14:00,0.783,10.252
2024-10-03 15:00,0.753,9.931
2024-10-03 16:00,0.730,9.703
2024-10-03 17:00,0.711,9.534
2024-10-03 18:00,0.693,9.364
2024-10-03 19:00,0.671,9.181
2024-10-03 20:00,0.652,9.008
2024-10-03 21:00,0.650,8.995
2024-10-03 22:00,0.640,8.914
2024-10-03 23:00,0.453,7.512
2024-10-04 00:00,0.264,6.079
2024-10-04 01:00,0.284,6.245
2024-10-04 02:00,0.480,7.712
2024-10-04 03:00,0.529,8.069
2024-10-04 04:00,0.543,8.167
2024-10-04 05:00,0.585,8.483
2024-10-04 06:00,0.626,8.801
2024-10-04 07:00,0.634,8.875
2024-10-04 08:00,0.624,8.780
2024-10-04 09:00,0.700,9.426
2024-10-04 10:00,0.803,10.484
2024-10-04 11:00,0.826,10.772
2024-10-04 12:00,0.809,10.564
2024-10-04 13:00,0.823,10.733
2024-10-04 14:00,0.812,10.592
2024-10-04 15:00,0.792,10.351
2024-10-04 16:00,0.777,10.186
2024-10-04 17:00,0.756,9.964
2024-10-04 18:00,0.718,9.584
2024-10-04 19:00,0.655,9.040
2024-10-04 20:00,0.572,8.390
2024-10-04 21:00,0.490,7.788
2024-10-04 22:00,0.409,7.205
2024-10-04 23:00,0.268,6.119
2024-10-05 00:00,0.226,5.761
2024-10-05 01:00,0.204,5.543
2024-10-05 02:00,0.136,4.841
2024-10-05 03:00,0.088,4.196
2024-10-05 04:00,0.052,3.555
2024-10-05 05:00,0.029,2.998
2024-10-05 06:00,0.021,2.722
2024-10-05 07:00,0.023,2.804
2024-10-05 08:00,0.043,3.366
2024-10-05 09:00,0.120,4.639
2024-10-05 10:00,0.215,5.657
2024-10-05 11:00,0.252,5.977
2024-10-05 12:00,0.251,5.972
2024-10-05 13:00,0.225,5.746
2024-10-05 14:00,0.188,5.404
2024-10-05 15:00,0.185,5.370
2024-10-05 16:00,0.306,6.421
2024-10-05 17:00,0.513,7.951
2024-10-05 18:00,0.599,8.593
2024-10-05 19:00,0.614,8.708
2024-10-05 20:00,0.597,8.573
2024-10-05 21:00,0.579,8.437
2024-10-05 22:00,0.489,7.775
2024-10-05 23:00,0.359,6.825
2024-10-06 00:00,0.359,6.826
2024-10-06 01:00,0.416,7.246
2024-10-06 02:00,0.416,7.247
2024-10-06 03:00,0.394,7.080
2024-10-06 04:00,0.350,6.764
2024-10-06 05:00,0.311,6.464
2024-10-06 06:00,0.288,6.284
2024-10-06 07:00,0.253,5.991
2024-10-06 08:00,0.181,5.335
2024-10-06 09:00,0.079,4.058
2024-10-06 10:00,0.035,3.156
2024-10-06 11:00,0.027,2.948
2024-10-06 12:00,0.070,3.886
2024-10-06 13:00,0.213,5.645
2024-10-06 14:00,0.418,7.264
2024-10-06 15:00,0.562,8.311
2024-10-06 16:00,0.630,8.839
2024-10-06 17:00,0.624,8.786
2024-10-06 18:00,0.606,8.645
2024-10-06 19:00,0.594,8.550
2024-10-06 20:00,0.580,8.442
2024-10-06 21:00,0.568,8.362
2024-10-06 22:00,0.566,8.344
2024-10-06 23:00,0.409,7.198
2024-10-07 00:00,0.181,5.334
2024-10-07 01:00,0.377,6.968
2024-10-07 02:00,0.399,7.122
2024-10-07 03:00,0.392,7.075
2024-10-07 04:00,0.409,7.193
2024-10-07 05:00,0.425,7.318
2024-10-07 06:00,0.422,7.293
2024-10-07 07:00,0.387,7.044
2024-10-07 08:00,0.250,5.962
2024-10-07 09:00,0.169,5.210
2024-10-07 10:00,0.187,5.386
2024-10-07 11:00,0.299,6.368
2024-10-07 12:00,0.468,7.619
2024-10-07 13:00,0.613,8.703
2024-10-07 14:00,0.690,9.344
2024-10-07 15:00,0.713,9.550
2024-10-07 16:00,0.706,9.482
2024-10-07 17:00,0.692,9.357
2024-10-07 18:00,0.678,9.235
2024-10-07 19:00,0.665,9.127
2024-10-07 20:00,0.647,8.973
2024-10-07 21:00,0.644,8.953
2024-10-07 22:00,0.636,8.887
2024-10-07 23:00,0.449,7.487
2024-10-08 00:00,0.150,5.006
2024-10-08 01:00,0.114,4.566
2024-10-08 02:00,0.064,3.794
2024-10-08 03:00,0.031,3.045
2024-10-08 04:00,0.024,2.856
2024-10-08 05:00,0.027,2.945
2024-10-08 06:00,0.032,3.089
2024-10-08 07:00,0.039,3.267
2024-10-08 08:00,0.053,3.590
2024-10-08 09:00,0.142,4.911
2024-10-08 10:00,0.336,6.660
2024-10-08 11:00,0.531,8.076
2024-10-08 12:00,0.646,8.972
2024-10-08 13:00,0.708,9.495
2024-10-08 14:00,0.747,9.871
2024-10-08 15:00,0.784,10.269
2024-10-08 16:00,0.804,10.491
2024-10-08 17:00,0.804,10.491
2024-10-08 18:00,0.798,10.415
2024-10-08 19:00,0.785,10.280
2024-10-08 20:00,0.772,10.131
2024-10-08 21:00,0.753,9.928
2024-10-08 22:00,0.735,9.755
2024-10-08 23:00,0.642,8.937
2024-10-09 00:00,0.458,7.553
2024-10-09 01:00,0.628,8.823
2024-10-09 02:00,0.738,9.784
2024-10-09 03:00,0.723,9.642
2024-10-09 04:00,0.730,9.702
2024-10-09 05:00,0.768,10.082
2024-10-09 06:00,0.817,10.648
2024-10-09 07:00,0.815,10.633
2024-10-09 08:00,0.763,10.035
2024-10-09 09:00,0.728,9.683
2024-10-09 10:00,0.685,9.294
2024-10-09 11:00,0.698,9.411
2024-10-09 12:00,0.754,9.938
2024-10-09 13:00,0.813,10.612
2024-10-09 14:00,0.847,11.068
2024-10-09 15:00,0.761,10.020
2024-10-09 16:00,0.698,9.406
2024-10-09 17:00,0.672,9.185
2024-10-09 18:00,0.647,8.973
2024-10-09 19:00,0.600,8.602
2024-10-09 20:00,0.530,8.073
2024-10-09 21:00,0.434,7.376
2024-10-09 22:00,0.335,6.654
2024-10-09 23:00,0.197,5.487
2024-10-10 00:00,0.183,5.347
2024-10-10 01:00,0.255,6.006
2024-10-10 02:00,0.197,5.486
2024-10-10 03:00,0.183,5.349
2024-10-10 04:00,0.216,5.668
2024-10-10 05:00,0.261,6.057
2024-10-10 06:00,0.309,6.450
2024-10-10 07:00,0.333,6.635
2024-10-10 08:00,0.295,6.338
2024-10-10 09:00,0.490,7.787
2024-10-10 10:00,0.700,9.423
2024-10-10 11:00,0.817,10.653
2024-10-10 12:00,0.863,11.312
2024-10-10 13:00,0.876,11.539
2024-10-10 14:00,0.880,11.604
2024-10-10 15:00,0.875,11.513
2024-10-10 16:00,0.869,11.398
2024-10-10 17:00,0.827,10.794
2024-10-10 18:00,0.821,10.711
2024-10-10 19:00,0.809,10.557
2024-10-10 20:00,0.791,10.334
2024-10-10 21:00,0.778,10.192
2024-10-10 22:00,0.759,10.001
2024-10-10 23:00,0.595,8.563
2024-10-11 00:00,0.319,6.527
2024-10-11 01:00,0.311,6.458
2024-10-11 02:00,0.362,6.848
2024-10-11 03:00,0.323,6.563
2024-10-11 04:00,0.301,6.390
2024-10-11 05:00,0.266,6.096
2024-10-11 06:00,0.222,5.721
2024-10-11 07:00,0.183,5.355
2024-10-11 08:00,0.180,5.316
2024-10-11 09:00,0.288,6.281
2024-10-11 10:00,0.380,6.983
2024-10-11 11:00,0.384,7.022
2024-10-11 12:00,0.356,6.812
2024-10-11 13:00,0.323,6.559
2024-10-11 14:00,0.284,6.248
2024-10-11 15:00,0.214,5.646
2024-10-11 16:00,0.122,4.671
2024-10-11 17:00,0.060,3.715
2024-10-11 18:00,0.030,3.035
2024-10-11 19:00,0.017,2.579
2024-10-11 20:00,0.008,2.123
2024-10-11 21:00,0.003,1.693
2024-10-11 22:00,0.002,1.546
2024-10-11 23:00,0.001,1.280
2024-10-12 00:00,0,1.038
2024-10-12 01:00,0.029,3.006
2024-10-12 02:00,0.099,4.353
2024-10-12 03:00,0.167,5.188
2024-10-12 04:00,0.223,5.736
2024-10-12 05:00,0.266,6.096
2024-10-12 06:00,0.297,6.350
2024-10-12 07:00,0.310,6.453
2024-10-12 08:00,0.386,7.030
2024-10-12 09:00,0.607,8.650
2024-10-12 10:00,0.727,9.680
2024-10-12 11:00,0.753,9.932
2024-10-12 12:00,0.753,9.920
2024-10-12 13:00,0.741,9.812
2024-10-12 14:00,0.725,9.654
2024-10-12 15:00,0.694,9.373
2024-10-12 16:00,0.674,9.205
2024-10-12 17:00,0.669,9.148
2024-10-12 18:00,0.660,9.086
2024-10-12 19:00,0.642,8.936
2024-10-12 20:00,0.620,8.753
2024-10-12 21:00,0.607,8.651
2024-10-12 22:00,0.587,8.500
2024-10-12 23:00,0.481,7.718
2024-10-13 00:00,0.327,6.588
2024-10-13 01:00,0.278,6.194
2024-10-13 02:00,0.481,7.724
2024-10-13 03:00,0.612,8.689
2024-10-13 04:00,0.659,9.076
2024-10-13 05:00,0.686,9.305
2024-10-13 06:00,0.683,9.281
2024-10-13 07:00,0.683,9.283
2024-10-13 08:00,0.645,8.960
2024-10-13 09:00,0.581,8.460
2024-10-13 10:00,0.577,8.426
2024-10-13 11:00,0.618,8.738
2024-10-13 12:00,0.673,9.189
2024-10-13 13:00,0.696,9.391
2024-10-13 14:00,0.739,9.794
2024-10-13 15:00,0.780,10.212
2024-10-13 16:00,0.762,10.023
2024-10-13 17:00,0.746,9.861
2024-10-13 18:00,0.768,10.081
2024-10-13 19:00,0.791,10.337
2024-10-13 20:00,0.802,10.469
2024-10-13 21:00,0.783,10.258
2024-10-13 22:00,0.783,10.251
2024-10-13 23:00,0.767,10.074
2024-10-14 00:00,0.815,10.633
2024-10-14 01:00,0.917,12.378
2024-10-14 02:00,0.933,12.804
2024-10-14 03:00,0.930,12.719
2024-10-14 04:00,0.929,12.697
2024-10-14 05:00,0.919,12.434
2024-10-14 06:00,0.886,11.708
2024-10-14 07:00,0.772,10.137
2024-10-14 08:00,0.630,8.836
2024-10-14 09:00,0.687,9.315
2024-10-14 10:00,0.756,9.960
2024-10-14 11:00,0.735,9.752
2024-10-14 12:00,0.605,8.641
2024-10-14 13:00,0.603,8.628
2024-10-14 14:00,0.657,9.063
2024-10-14 15:00,0.575,8.405
2024-10-14 16:00,0.537,8.122
2024-10-14 17:00,0.510,7.925
2024-10-14 18:00,0.491,7.792
2024-10-14 19:00,0.479,7.709
2024-10-14 20:00,0.493,7.810
2024-10-14 21:00,0.492,7.800
2024-10-14 22:00,0.438,7.403
2024-10-14 23:00,0.284,6.250
2024-10-15 00:00,0.470,7.635
2024-10-15 01:00,0.412,7.220
2024-10-15 02:00,0.300,6.375
2024-10-15 03:00,0.224,5.744
2024-10-15 04:00,0.168,5.196
2024-10-15 05:00,0.114,4.571
2024-10-15 06:00,0.065,3.822
2024-10-15 07:00,0.030,3.033
2024-10-15 08:00,0.023,2.821
2024-10-15 09:00,0.104,4.436
2024-10-15 10:00,0.192,5.437
2024-10-15 11:00,0.264,6.080
2024-10-15 12:00,0.333,6.636
2024-10-15 13:00,0.403,7.153
2024-10-15 14:00,0.482,7.729
2024-10-15 15:00,0.526,8.043
2024-10-15 16:00,0.541,8.155
2024-10-15 17:00,0.577,8.426
2024-10-15 18:00,0.619,8.742
2024-10-15 19:00,0.651,9.003
2024-10-15 20:00,0.671,9.175
2024-10-15 21:00,0.674,9.201
2024-10-15 22:00,0.664,9.120
2024-10-15 23:00,0.561,8.303
2024-10-16 00:00,0.527,8.050
2024-10-16 01:00,0.803,10.482
2024-10-16 02:00,0.884,11.684
2024-10-16 03:00,0.904,12.077
2024-10-16 04:00,0.903,12.056
2024-10-16 05:00,0.888,11.747
2024-10-16 06:00,0.857,11.214
2024-10-16 07:00,0.755,9.942
2024-10-16 08:00,0.669,9.155
2024-10-16 09:00,0.703,9.452
2024-10-16 10:00,0.694,9.378
2024-10-16 11:00,0.646,8.970
2024-10-16 12:00,0.571,8.383
2024-10-16 13:00,0.477,7.692
2024-10-16 14:00,0.459,7.561
2024-10-16 15:00,0.490,7.779
2024-10-16 16:00,0.542,8.164
2024-10-16 17:00,0.418,7.269
2024-10-16 18:00,0.235,5.840
2024-10-16 19:00,0.124,4.697
2024-10-16 20:00,0.093,4.272
2024-10-16 21:00,0.079,4.059
2024-10-16 22:00,0.054,3.593
2024-10-16 23:00,0.023,2.791
2024-10-17 00:00,0.004,1.854
2024-10-17 01:00,0.001,1.303
2024-10-17 02:00,0.003,1.658
2024-10-17 03:00,0.013,2.414
2024-10-17 04:00,0.042,3.344
2024-10-17 05:00,0.074,3.979
2024-10-17 06:00,0.096,4.321
2024-10-17 07:00,0.151,5.016
2024-10-17 08:00,0.251,5.967
2024-10-17 09:00,0.358,6.823
2024-10-17 10:00,0.422,7.292
2024-10-17 11:00,0.470,7.637
2024-10-17 12:00,0.465,7.607
2024-10-17 13:00,0.463,7.580
2024-10-17 14:00,0.443,7.449
2024-10-17 15:00,0.421,7.280
2024-10-17 16:00,0.335,6.654
2024-10-17 17:00,0.246,5.931
2024-10-17 18:00,0.215,5.655
2024-10-17 19:00,0.267,6.105
2024-10-17 20:00,0.463,7.584
2024-10-17 21:00,0.727,9.678
2024-10-17 22:00,0.906,12.126
2024-10-17 23:00,0.940,13.028
2024-10-18 00:00,0.931,12.738
2024-10-18 01:00,0.926,12.595
2024-10-18 02:00,0.929,12.681
2024-10-18 03:00,0.932,12.774
2024-10-18 04:00,0.957,13.634
2024-10-18 05:00,0.973,14.463
2024-10-18 06:00,0.980,15.028
2024-10-18 07:00,0.977,14.762
2024-10-18 08:00,0.957,13.645
2024-10-18 09:00,0.947,13.263
2024-10-18 10:00,0.957,13.622
2024-10-18 11:00,0.956,13.607
2024-10-18 12:00,0.954,13.520
2024-10-18 13:00,0.951,13.386
2024-10-18 14:00,0.942,13.066
2024-10-18 15:00,0.935,12.867
2024-10-18 16:00,0.935,12.868
2024-10-18 17:00,0.934,12.842
2024-10-18 18:00,0.930,12.718
2024-10-18 19:00,0.919,12.424
2024-10-18 20:00,0.899,11.972
2024-10-18 21:00,0.877,11.547
2024-10-18 22:00,0.860,11.261
2024-10-18 23:00,0.839,10.955
2024-10-19 00:00,0.943,13.106
2024-10-19 01:00,0.946,13.212
2024-10-19 02:00,0.917,12.366
2024-10-19 03:00,0.862,11.302
2024-10-19 04:00,0.788,10.316
2024-10-19 05:00,0.686,9.303
2024-10-19 06:00,0.550,8.224
2024-10-19 07:00,0.388,7.050
2024-10-19 08:00,0.222,5.714
2024-10-19 09:00,0.115,4.572
2024-10-19 10:00,0.070,3.897
2024-10-19 11:00,0.044,3.383
2024-10-19 12:00,0.028,2.967
2024-10-19 13:00,0.019,2.684
2024-10-19 14:00,0.018,2.618
2024-10-19 15:00,0.024,2.833
2024-10-19 16:00,0.043,3.365
2024-10-19 17:00,0.056,3.640
2024-10-19 18:00,0.059,3.695
2024-10-19 19:00,0.072,3.936
2024-10-19 20:00,0.105,4.442
2024-10-19 21:00,0.145,4.939
2024-10-19 22:00,0.185,5.376
2024-10-19 23:00,0.215,5.660
2024-10-20 00:00,0.239,5.878
2024-10-20 01:00,0.463,7.583
2024-10-20 02:00,0.607,8.661
2024-10-20 03:00,0.691,9.348
2024-10-20 04:00,0.768,10.090
2024-10-20 05:00,0.823,10.731
2024-10-20 06:00,0.817,10.656
2024-10-20 07:00,0.784,10.268
2024-10-20 08:00,0.791,10.339
2024-10-20 09:00,0.780,10.210
2024-10-20 10:00,0.793,10.366
2024-10-20 11:00,0.795,10.389
2024-10-20 12:00,0.776,10.172
2024-10-20 13:00,0.759,9.994
2024-10-20 14:00,0.779,10.204
2024-10-20 15:00,0.808,10.544
2024-10-20 16:00,0.827,10.791
2024-10-20 17:00,0.835,10.890
2024-10-20 18:00,0.832,10.851
2024-10-20 19:00,0.824,10.752
2024-10-20 20:00,0.827,10.792
2024-10-20 21:00,0.826,10.767
2024-10-20 22:00,0.828,10.799
2024-10-20 23:00,0.797,10.403
2024-10-21 00:00,0.753,9.922
2024-10-21 01:00,0.836,10.900
2024-10-21 02:00,0.874,11.500
2024-10-21 03:00,0.896,11.913
2024-10-21 04:00,0.898,11.962
2024-10-21 05:00,0.887,11.735
2024-10-21 06:00,0.844,11.026
2024-10-21 07:00,0.683,9.277
2024-10-21 08:00,0.468,7.628
2024-10-21 09:00,0.395,7.096
2024-10-21 10:00,0.384,7.012
2024-10-21 11:00,0.390,7.066
2024-10-21 12:00,0.327,6.592
2024-10-21 13:00,0.214,5.651
2024-10-21 14:00,0.191,5.432
2024-10-21 15:00,0.234,5.829
2024-10-21 16:00,0.300,6.378
2024-10-21 17:00,0.357,6.816
2024-10-21 18:00,0.400,7.133
2024-10-21 19:00,0.441,7.430
2024-10-21 20:00,0.468,7.626
2024-10-21 21:00,0.428,7.340
2024-10-21 22:00,0.323,6.564
2024-10-21 23:00,0.157,5.083
2024-10-22 00:00,0.068,3.867
2024-10-22 01:00,0.062,3.749
2024-10-22 02:00,0.079,4.059
2024-10-22 03:00,0.105,4.445
2024-10-22 04:00,0.155,5.043
2024-10-22 05:00,0.171,5.224
2024-10-22 06:00,0.182,5.342
2024-10-22 07:00,0.153,5.028
2024-10-22 08:00,0.076,4.000
2024-10-22 09:00,0.048,3.462
2024-10-22 10:00,0.038,3.229
2024-10-22 11:00,0.031,3.066
2024-10-22 12:00,0.050,3.519
2024-10-22 13:00,0.107,4.476
2024-10-22 14:00,0.160,5.109
2024-10-22 15:00,0.183,5.349
2024-10-22 16:00,0.205,5.557
2024-10-22 17:00,0.251,5.969
2024-10-22 18:00,0.282,6.229
2024-10-22 19:00,0.256,6.010
2024-10-22 20:00,0.247,5.941
2024-10-22 21:00,0.267,6.116
2024-10-22 22:00,0.332,6.633
2024-10-22 23:00,0.386,7.032
2024-10-23 00:00,0.250,5.957
2024-10-23 01:00,0.240,5.881
2024-10-23 02:00,0.422,7.297
2024-10-23 03:00,0.522,8.018
2024-10-23 04:00,0.592,8.535
2024-10-23 05:00,0.629,8.825
2024-10-23 06:00,0.594,8.553
2024-10-23 07:00,0.419,7.271
2024-10-23 08:00,0.390,7.062
2024-10-23 09:00,0.514,7.962
2024-10-23 10:00,0.601,8.612
2024-10-23 11:00,0.683,9.280
2024-10-23 12:00,0.745,9.854
2024-10-23 13:00,0.761,10.016
2024-10-23 14:00,0.757,9.973
2024-10-23 15:00,0.739,9.798
2024-10-23 16:00,0.721,9.624
2024-10-23 17:00,0.713,9.546
2024-10-23 18:00,0.679,9.237
2024-10-23 19:00,0.630,8.832
2024-10-23 20:00,0.593,8.545
2024-10-23 21:00,0.568,8.356
2024-10-23 22:00,0.514,7.960
2024-10-23 23:00,0.396,7.110
2024-10-24 00:00,0.166,5.173
2024-10-24 01:00,0.040,3.302
2024-10-24 02:00,0.030,3.035
2024-10-24 03:00,0.031,3.051
2024-10-24 04:00,0.030,3.016
2024-10-24 05:00,0.036,3.180
2024-10-24 06:00,0.060,3.715
2024-10-24 07:00,0.097,4.332
2024-10-24 08:00,0.226,5.757
2024-10-24 09:00,0.508,7.913
2024-10-24 10:00,0.711,9.530
2024-10-24 11:00,0.791,10.345
2024-10-24 12:00,0.815,10.623
2024-10-24 13:00,0.820,10.699
2024-10-24 14:00,0.826,10.781
2024-10-24 15:00,0.828,10.809
2024-10-24 16:00,0.821,10.706
2024-10-24 17:00,0.808,10.545
2024-10-24 18:00,0.793,10.363
2024-10-24 19:00,0.770,10.118
2024-10-24 20:00,0.740,9.807
2024-10-24 21:00,0.712,9.539
2024-10-24 22:00,0.676,9.218
2024-10-24 23:00,0.549,8.217
2024-10-25 00:00,0.232,5.805
2024-10-25 01:00,0.088,4.198
2024-10-25 02:00,0.149,4.989
2024-10-25 03:00,0.146,4.962
2024-10-25 04:00,0.132,4.782
2024-10-25 05:00,0.160,5.108
2024-10-25 06:00,0.251,5.966
2024-10-25 07:00,0.306,6.428
2024-10-25 08:00,0.377,6.968
2024-10-25 09:00,0.453,7.511
2024-10-25 10:00,0.476,7.689
2024-10-25 11:00,0.475,7.679
2024-10-25 12:00,0.424,7.312
2024-10-25 13:00,0.348,6.743
2024-10-25 14:00,0.300,6.375
2024-10-25 15:00,0.272,6.151
2024-10-25 16:00,0.222,5.726
2024-10-25 17:00,0.219,5.692
2024-10-25 18:00,0.257,6.027
2024-10-25 19:00,0.276,6.185
2024-10-25 20:00,0.249,5.949
2024-10-25 21:00,0.217,5.676
2024-10-25 22:00,0.201,5.524
2024-10-25 23:00,0.144,4.929
2024-10-26 00:00,0.071,3.923
2024-10-26 01:00,0.042,3.336
2024-10-26 02:00,0.021,2.724
2024-10-26 03:00,0.008,2.182
2024-10-26 04:00,0.005,1.952
2024-10-26 05:00,0.003,1.725
2024-10-26 06:00,0.002,1.533
2024-10-26 07:00,0.002,1.588
2024-10-26 08:00,0.004,1.839
2024-10-26 09:00,0.006,2.017
2024-10-26 10:00,0.003,1.756
2024-10-26 11:00,0.005,1.883
2024-10-26 12:00,0.043,3.364
2024-10-26 13:00,0.134,4.818
2024-10-26 14:00,0.188,5.397
2024-10-26 15:00,0.243,5.908
2024-10-26 16:00,0.383,7.008
2024-10-26 17:00,0.552,8.234
2024-10-26 18:00,0.643,8.942
2024-10-26 19:00,0.683,9.278
2024-10-26 20:00,0.686,9.303
2024-10-26 21:00,0.633,8.867
2024-10-26 22:00,0.603,8.629
2024-10-26 23:00,0.528,8.052
2024-10-27 00:00,0.426,7.322
2024-10-27 01:00,0.546,8.197
2024-10-27 02:00,0.465,7.601
2024-10-27 03:00,0.364,6.864
2024-10-27 04:00,0.290,6.299
2024-10-27 05:00,0.232,5.804
2024-10-27 06:00,0.188,5.401
2024-10-27 07:00,0.133,4.793
2024-10-27 08:00,0.042,3.331
2024-10-27 09:00,0.005,1.961
2024-10-27 10:00,0,1.080
2024-10-27 11:00,0.014,2.456
2024-10-27 12:00,0.089,4.210
2024-10-27 13:00,0.224,5.737
2024-10-27 14:00,0.377,6.963
2024-10-27 15:00,0.516,7.979
2024-10-27 16:00,0.601,8.612
2024-10-27 17:00,0.631,8.848
2024-10-27 18:00,0.632,8.854
2024-10-27 19:00,0.605,8.642
2024-10-27 20:00,0.555,8.258
2024-10-27 21:00,0.463,7.588
2024-10-27 22:00,0.351,6.775
2024-10-27 23:00,0.232,5.811
2024-10-28 00:00,0.071,3.922
2024-10-28 01:00,0,0.939
2024-10-28 02:00,0.008,2.172
2024-10-28 03:00,0.042,3.340
2024-10-28 04:00,0.073,3.949
2024-10-28 05:00,0.103,4.405
2024-10-28 06:00,0.134,4.806
2024-10-28 07:00,0.161,5.120
2024-10-28 08:00,0.304,6.409
2024-10-28 09:00,0.541,8.150
2024-10-28 10:00,0.666,9.138
2024-10-28 11:00,0.712,9.539
2024-10-28 12:00,0.719,9.603
2024-10-28 13:00,0.708,9.498
2024-10-28 14:00,0.712,9.535
2024-10-28 15:00,0.722,9.633
2024-10-28 16:00,0.725,9.649
2024-10-28 17:00,0.720,9.615
2024-10-28 18:00,0.727,9.671
2024-10-28 19:00,0.742,9.821
2024-10-28 20:00,0.751,9.909
2024-10-28 21:00,0.765,10.060
2024-10-28 22:00,0.778,10.191
2024-10-28 23:00,0.748,9.885
2024-10-29 00:00,0.556,8.270
2024-10-29 01:00,0.493,7.807
2024-10-29 02:00,0.683,9.282
2024-10-29 03:00,0.692,9.362
2024-10-29 04:00,0.685,9.297
2024-10-29 05:00,0.711,9.525
2024-10-29 06:00,0.744,9.830
2024-10-29 07:00,0.758,9.987
2024-10-29 08:00,0.729,9.696
2024-10-29 09:00,0.715,9.563
2024-10-29 10:00,0.700,9.430
2024-10-29 11:00,0.659,9.075
2024-10-29 12:00,0.630,8.833
2024-10-29 13:00,0.610,8.670
2024-10-29 14:00,0.570,8.374
2024-10-29 15:00,0.544,8.178
2024-10-29 16:00,0.525,8.034
2024-10-29 17:00,0.490,7.784
2024-10-29 18:00,0.412,7.222
2024-10-29 19:00,0.297,6.355
2024-10-29 20:00,0.201,5.524
2024-10-29 21:00,0.131,4.778
2024-10-29 22:00,0.056,3.650
2024-10-29 23:00,0.011,2.319
2024-10-30 00:00,0.002,1.584
2024-10-30 01:00,0.019,2.664
2024-10-30 02:00,0.128,4.744
2024-10-30 03:00,0.250,5.958
2024-10-30 04:00,0.365,6.870
2024-10-30 05:00,0.457,7.548
2024-10-30 06:00,0.497,7.839
2024-10-30 07:00,0.456,7.540
2024-10-30 08:00,0.500,7.853
2024-10-30 09:00,0.647,8.977
2024-10-30 10:00,0.700,9.430
2024-10-30 11:00,0.702,9.440
2024-10-30 12:00,0.690,9.337
2024-10-30 13:00,0.680,9.252
2024-10-30 14:00,0.680,9.253
2024-10-30 15:00,0.680,9.245
2024-10-30 16:00,0.663,9.113
2024-10-30 17:00,0.651,9.007
2024-10-30 18:00,0.635,8.878
2024-10-30 19:00,0.615,8.712
2024-10-30 20:00,0.588,8.507
2024-10-30 21:00,0.575,8.401
2024-10-30 22:00,0.594,8.556
2024-10-30 23:00,0.556,8.271
2024-10-31 00:00,0.428,7.328
2024-10-31 01:00,0.267,6.101
2024-10-31 02:00,0.211,5.625
2024-10-31 03:00,0.232,5.809
2024-10-31 04:00,0.243,5.912
2024-10-31 05:00,0.267,6.113
2024-10-31 06:00,0.267,6.107
2024-10-31 07:00,0.258,6.033
2024-10-31 08:00,0.314,6.483
2024-10-31 09:00,0.381,6.998
2024-10-31 10:00,0.438,7.409
2024-10-31 11:00,0.480,7.712
2024-10-31 12:00,0.499,7.847
2024-10-31 13:00,0.501,7.862
2024-10-31 14:00,0.478,7.697
2024-10-31 15:00,0.441,7.430
2024-10-31 16:00,0.429,7.345
2024-10-31 17:00,0.425,7.320
2024-10-31 18:00,0.401,7.136
2024-10-31 19:00,0.343,6.708
2024-10-31 20:00,0.262,6.068
2024-10-31 21:00,0.231,5.793
2024-10-31 22:00,0.237,5.858
2024-10-31 23:00,0.217,5.678
2024-11-01 00:00,0.127,4.728
2024-11-01 01:00,0.136,4.839
2024-11-01 02:00,0.098,4.349
2024-11-01 03:00,0.077,4.017
2024-11-01 04:00,0.064,3.786
2024-11-01 05:00,0.041,3.310
2024-11-01 06:00,0.012,2.388
2024-11-01 07:00,0.016,2.545
2024-11-01 08:00,0.092,4.261
2024-11-01 09:00,0.222,5.718
2024-11-01 10:00,0.258,6.039
2024-11-01 11:00,0.221,5.703
2024-11-01 12:00,0.179,5.304
2024-11-01 13:00,0.167,5.189
2024-11-01 14:00,0.166,5.177
2024-11-01 15:00,0.148,4.979
2024-11-01 16:00,0.117,4.605
2024-11-01 17:00,0.089,4.215
2024-11-01 18:00,0.070,3.902
2024-11-01 19:00,0.048,3.469
2024-11-01 20:00,0.033,3.115
2024-11-01 21:00,0.026,2.897
2024-11-01 22:00,0.025,2.864
2024-11-01 23:00,0.029,3.011
2024-11-02 00:00,0.034,3.136
2024-11-02 01:00,0.075,3.996
2024-11-02 02:00,0.095,4.300
2024-11-02 03:00,0.144,4.934
2024-11-02 04:00,0.261,6.061
2024-11-02 05:00,0.327,6.587
2024-11-02 06:00,0.429,7.342
2024-11-02 07:00,0.446,7.467
2024-11-02 08:00,0.420,7.276
2024-11-02 09:00,0.528,8.064
2024-11-02 10:00,0.592,8.538
2024-11-02 11:00,0.608,8.662
2024-11-02 12:00,0.587,8.503
2024-11-02 13:00,0.537,8.123
2024-11-02 14:00,0.467,7.616
2024-11-02 15:00,0.385,7.025
2024-11-02 16:00,0.284,6.250
2024-11-02 17:00,0.180,5.312
2024-11-02 18:00,0.104,4.425
2024-11-02 19:00,0.042,3.337
2024-11-02 20:00,0.016,2.534
2024-11-02 21:00,0.025,2.867
2024-11-02 22:00,0.040,3.280
2024-11-02 23:00,0.022,2.788
2024-11-03 00:00,0.021,2.735
2024-11-03 01:00,0.105,4.438
2024-11-03 02:00,0.316,6.507
2024-11-03 03:00,0.516,7.978
2024-11-03 04:00,0.702,9.443
2024-11-03 05:00,0.829,10.811
2024-11-03 06:00,0.892,11.822
2024-11-03 07:00,0.910,12.192
2024-11-03 08:00,0.888,11.741
2024-11-03 09:00,0.870,11.430
2024-11-03 10:00,0.883,11.653
2024-11-03 11:00,0.891,11.821
2024-11-03 12:00,0.906,12.121
2024-11-03 13:00,0.904,12.071
2024-11-03 14:00,0.911,12.224
2024-11-03 15:00,0.908,12.149
2024-11-03 16:00,0.869,11.405
2024-11-03 17:00,0.854,11.171
2024-11-03 18:00,0.855,11.193
2024-11-03 19:00,0.869,11.399
2024-11-03 20:00,0.876,11.523
2024-11-03 21:00,0.849,11.093
2024-11-03 22:00,0.800,10.455
2024-11-03 23:00,0.702,9.439
2024-11-04 00:00,0.708,9.497
2024-11-04 01:00,0.708,9.499
2024-11-04 02:00,0.502,7.867
2024-11-04 03:00,0.329,6.603
2024-11-04 04:00,0.240,5.885
2024-11-04 05:00,0.195,5.456
2024-11-04 06:00,0.161,5.123
2024-11-04 07:00,0.114,4.567
2024-11-04 08:00,0.035,3.156
2024-11-04 09:00,0.004,1.835
2024-11-04 10:00,0.001,1.246
2024-11-04 11:00,0.013,2.401
2024-11-04 12:00,0.066,3.839
2024-11-04 13:00,0.150,5.007
2024-11-04 14:00,0.204,5.551
2024-11-04 15:00,0.226,5.757
2024-11-04 16:00,0.239,5.878
2024-11-04 17:00,0.252,5.986
2024-11-04 18:00,0.273,6.163
2024-11-04 19:00,0.309,6.452
2024-11-04 20:00,0.370,6.914
2024-11-04 21:00,0.411,7.216
2024-11-04 22:00,0.445,7.460
2024-11-04 23:00,0.450,7.499
2024-11-05 00:00,0.261,6.055
2024-11-05 01:00,0.431,7.362
2024-11-05 02:00,0.522,8.010
2024-11-05 03:00,0.565,8.337
2024-11-05 04:00,0.598,8.592
2024-11-05 05:00,0.575,8.406
2024-11-05 06:00,0.508,7.915
2024-11-05 07:00,0.386,7.032
2024-11-05 08:00,0.234,5.834
2024-11-05 09:00,0.131,4.772
2024-11-05 10:00,0.043,3.357
2024-11-05 11:00,0.006,2.011
2024-11-05 12:00,0.001,1.453
2024-11-05 13:00,0.009,2.231
2024-11-05 14:00,0.034,3.148
2024-11-05 15:00,0.057,3.653
2024-11-05 16:00,0.069,3.884
2024-11-05 17:00,0.081,4.092
2024-11-05 18:00,0.096,4.323
2024-11-05 19:00,0.104,4.435
2024-11-05 20:00,0.095,4.288
2024-11-05 21:00,0.077,4.021
2024-11-05 22:00,0.061,3.734
2024-11-05 23:00,0.048,3.469
2024-11-06 00:00,0.015,2.506
2024-11-06 01:00,0.005,1.964
2024-11-06 02:00,0.008,2.169
2024-11-06 03:00,0.012,2.349
2024-11-06 04:00,0.020,2.718
2024-11-06 05:00,0.033,3.104
2024-11-06 06:00,0.041,3.319
2024-11-06 07:00,0.040,3.296
2024-11-06 08:00,0.105,4.448
2024-11-06 09:00,0.242,5.899
2024-11-06 10:00,0.403,7.147
2024-11-06 11:00,0.565,8.331
2024-11-06 12:00,0.682,9.271
2024-11-06 13:00,0.751,9.903
2024-11-06 14:00,0.781,10.233
2024-11-06 15:00,0.816,10.644
2024-11-06 16:00,0.822,10.729
2024-11-06 17:00,0.805,10.511
2024-11-06 18:00,0.781,10.230
2024-11-06 19:00,0.720,9.616
2024-11-06 20:00,0.680,9.254
2024-11-06 21:00,0.641,8.921
2024-11-06 22:00,0.614,8.705
2024-11-06 23:00,0.553,8.240
2024-11-07 00:00,0.295,6.339
2024-11-07 01:00,0.113,4.554
2024-11-07 02:00,0.137,4.857
2024-11-07 03:00,0.118,4.614
2024-11-07 04:00,0.085,4.148
2024-11-07 05:00,0.060,3.703
2024-11-07 06:00,0.031,3.047
2024-11-07 07:00,0.023,2.817
2024-11-07 08:00,0.063,3.775
2024-11-07 09:00,0.127,4.728
2024-11-07 10:00,0.157,5.078
2024-11-07 11:00,0.150,5.004
2024-11-07 12:00,0.138,4.859
2024-11-07 13:00,0.147,4.967
2024-11-07 14:00,0.181,5.331
2024-11-07 15:00,0.222,5.715
2024-11-07 16:00,0.225,5.750
2024-11-07 17:00,0.201,5.522
2024-11-07 18:00,0.171,5.233
2024-11-07 19:00,0.149,4.992
2024-11-07 20:00,0.122,4.662
2024-11-07 21:00,0.105,4.444
2024-11-07 22:00,0.106,4.460
2024-11-07 23:00,0.114,4.569
2024-11-08 00:00,0.098,4.347
2024-11-08 01:00,0.061,3.744
2024-11-08 02:00,0.079,4.055
2024-11-08 03:00,0.134,4.809
2024-11-08 04:00,0.180,5.308
2024-11-08 05:00,0.227,5.765
2024-11-08 06:00,0.284,6.240
2024-11-08 07:00,0.299,6.366
2024-11-08 08:00,0.428,7.335
2024-11-08 09:00,0.588,8.504
2024-11-08 10:00,0.657,9.061
2024-11-08 11:00,0.700,9.431
2024-11-08 12:00,0.719,9.605
2024-11-08 13:00,0.711,9.530
2024-11-08 14:00,0.698,9.411
2024-11-08 15:00,0.688,9.320
2024-11-08 16:00,0.630,8.833
2024-11-08 17:00,0.551,8.232
2024-11-08 18:00,0.528,8.054
2024-11-08 19:00,0.494,7.818
2024-11-08 20:00,0.493,7.812
2024-11-08 21:00,0.505,7.892
2024-11-08 22:00,0.532,8.085
2024-11-08 23:00,0.621,8.764
2024-11-09 00:00,0.664,9.117
2024-11-09 01:00,0.822,10.719
2024-11-09 02:00,0.902,12.040
2024-11-09 03:00,0.915,12.337
2024-11-09 04:00,0.909,12.173
2024-11-09 05:00,0.899,11.981
2024-11-09 06:00,0.876,11.540
2024-11-09 07:00,0.813,10.602
2024-11-09 08:00,0.774,10.146
2024-11-09 09:00,0.811,10.590
2024-11-09 10:00,0.820,10.696
2024-11-09 11:00,0.831,10.839
2024-11-09 12:00,0.844,11.019
2024-11-09 13:00,0.856,11.199
2024-11-09 14:00,0.888,11.745
2024-11-09 15:00,0.857,11.223
2024-11-09 16:00,0.787,10.301
2024-11-09 17:00,0.675,9.211
2024-11-09 18:00,0.583,8.476
2024-11-09 19:00,0.537,8.132
2024-11-09 20:00,0.537,8.121
2024-11-09 21:00,0.514,7.963
2024-11-09 22:00,0.528,8.056
2024-11-09 23:00,0.568,8.363
2024-11-10 00:00,0.465,7.599
2024-11-10 01:00,0.592,8.540
2024-11-10 02:00,0.575,8.405
2024-11-10 03:00,0.491,7.796
2024-11-10 04:00,0.410,7.212
2024-11-10 05:00,0.348,6.739
2024-11-10 06:00,0.282,6.229
2024-11-10 07:00,0.216,5.666
2024-11-10 08:00,0.190,5.420
2024-11-10 09:00,0.187,5.388
2024-11-10 10:00,0.154,5.034
2024-11-10 11:00,0.118,4.615
2024-11-10 12:00,0.096,4.322
2024-11-10 13:00,0.091,4.240
2024-11-10 14:00,0.113,4.548
2024-11-10 15:00,0.148,4.980
2024-11-10 16:00,0.194,5.451
2024-11-10 17:00,0.303,6.404
2024-11-10 18:00,0.453,7.517
2024-11-10 19:00,0.597,8.569
2024-11-10 20:00,0.710,9.517
2024-11-10 21:00,0.783,10.254
2024-11-10 22:00,0.813,10.597
2024-11-10 23:00,0.825,10.754
2024-11-11 00:00,0.778,10.192
2024-11-11 01:00,0.736,9.763
2024-11-11 02:00,0.768,10.083
2024-11-11 03:00,0.816,10.643
2024-11-11 04:00,0.887,11.733
2024-11-11 05:00,0.901,12.014
2024-11-11 06:00,0.874,11.492
2024-11-11 07:00,0.800,10.450
2024-11-11 08:00,0.767,10.077
2024-11-11 09:00,0.764,10.050
2024-11-11 10:00,0.666,9.136
2024-11-11 11:00,0.544,8.181
2024-11-11 12:00,0.410,7.206
2024-11-11 13:00,0.330,6.612
2024-11-11 14:00,0.315,6.490
2024-11-11 15:00,0.329,6.605
2024-11-11 16:00,0.361,6.845
2024-11-11 17:00,0.381,6.999
2024-11-11 18:00,0.399,7.123
2024-11-11 19:00,0.416,7.251
2024-11-11 20:00,0.418,7.257
2024-11-11 21:00,0.419,7.273
2024-11-11 22:00,0.391,7.071
2024-11-11 23:00,0.313,6.476
2024-11-12 00:00,0.170,5.223
2024-11-12 01:00,0.034,3.144
2024-11-12 02:00,0.002,1.525
2024-11-12 03:00,0.006,1.999
2024-11-12 04:00,0.020,2.712
2024-11-12 05:00,0.055,3.619
2024-11-12 06:00,0.112,4.529
2024-11-12 07:00,0.147,4.969
2024-11-12 08:00,0.329,6.609
2024-11-12 09:00,0.568,8.348
2024-11-12 10:00,0.688,9.327
2024-11-12 11:00,0.740,9.806
2024-11-12 12:00,0.765,10.057
2024-11-12 13:00,0.770,10.104
2024-11-12 14:00,0.771,10.119
2024-11-12 15:00,0.763,10.043
2024-11-12 16:00,0.755,9.954
2024-11-12 17:00,0.748,9.880
2024-11-12 18:00,0.745,9.857
2024-11-12 19:00,0.727,9.676
2024-11-12 20:00,0.705,9.480
2024-11-12 21:00,0.691,9.351
2024-11-12 22:00,0.687,9.312
2024-11-12 23:00,0.674,9.194
2024-11-13 00:00,0.528,8.058
2024-11-13 01:00,0.480,7.711
2024-11-13 02:00,0.612,8.688
2024-11-13 03:00,0.636,8.885
2024-11-13 04:00,0.568,8.357
2024-11-13 05:00,0.480,7.713
2024-11-13 06:00,0.398,7.117
2024-11-13 07:00,0.294,6.326
2024-11-13 08:00,0.376,6.954
2024-11-13 09:00,0.538,8.138
2024-11-13 10:00,0.598,8.590
2024-11-13 11:00,0.556,8.272
2024-11-13 12:00,0.534,8.107
2024-11-13 13:00,0.500,7.859
2024-11-13 14:00,0.465,7.600
2024-11-13 15:00,0.421,7.285
2024-11-13 16:00,0.372,6.932
2024-11-13 17:00,0.332,6.629
2024-11-13 18:00,0.303,6.407
2024-11-13 19:00,0.268,6.121
2024-11-13 20:00,0.242,5.898
2024-11-13 21:00,0.230,5.790
2024-11-13 22:00,0.237,5.855
2024-11-13 23:00,0.241,5.892
2024-11-14 00:00,0.180,5.315
2024-11-14 01:00,0.060,3.722
2024-11-14 02:00,0.009,2.189
2024-11-14 03:00,0.003,1.731
2024-11-14 04:00,0.007,2.067
2024-11-14 05:00,0.012,2.355
2024-11-14 06:00,0.009,2.227
2024-11-14 07:00,0.002,1.587
2024-11-14 08:00,0,0.976
2024-11-14 09:00,0.001,1.273
2024-11-14 10:00,0.005,1.880
2024-11-14 11:00,0.010,2.274
2024-11-14 12:00,0.014,2.463
2024-11-14 13:00,0.013,2.441
2024-11-14 14:00,0.012,2.388
2024-11-14 15:00,0.021,2.728
2024-11-14 16:00,0.052,3.558
2024-11-14 17:00,0.078,4.046
2024-11-14 18:00,0.067,3.856
2024-11-14 19:00,0.021,2.730
2024-11-14 20:00,0.004,1.817
2024-11-14 21:00,0.008,2.150
2024-11-14 22:00,0.009,2.217
2024-11-14 23:00,0.011,2.340
2024-11-15 00:00,0.024,2.847
2024-11-15 01:00,0.042,3.339
2024-11-15 02:00,0.123,4.684
2024-11-15 03:00,0.317,6.512
2024-11-15 04:00,0.491,7.796
2024-11-15 05:00,0.584,8.480
2024-11-15 06:00,0.600,8.602
2024-11-15 07:00,0.580,8.447
2024-11-15 08:00,0.661,9.094
2024-11-15 09:00,0.708,9.502
2024-11-15 10:00,0.655,9.042
2024-11-15 11:00,0.570,8.376
2024-11-15 12:00,0.552,8.236
2024-11-15 13:00,0.580,8.450
2024-11-15 14:00,0.633,8.865
2024-11-15 15:00,0.639,8.901
2024-11-15 16:00,0.591,8.528
2024-11-15 17:00,0.534,8.104
2024-11-15 18:00,0.485,7.744
2024-11-15 19:00,0.497,7.827
2024-11-15 20:00,0.570,8.377
2024-11-15 21:00,0.703,9.453
2024-11-15 22:00,0.678,9.233
2024-11-15 23:00,0.559,8.292
2024-11-16 00:00,0.570,8.373
2024-11-16 01:00,0.772,10.139
2024-11-16 02:00,0.836,10.905
2024-11-16 03:00,0.843,11.003
2024-11-16 04:00,0.829,10.813
2024-11-16 05:00,0.821,10.715
2024-11-16 06:00,0.822,10.719
2024-11-16 07:00,0.792,10.359
2024-11-16 08:00,0.712,9.542
2024-11-16 09:00,0.684,9.285
2024-11-16 10:00,0.561,8.299
2024-11-16 11:00,0.381,6.993
2024-11-16 12:00,0.221,5.707
2024-11-16 13:00,0.132,4.782
2024-11-16 14:00,0.115,4.584
2024-11-16 15:00,0.156,5.058
2024-11-16 16:00,0.217,5.677
2024-11-16 17:00,0.288,6.288
2024-11-16 18:00,0.403,7.145
2024-11-16 19:00,0.541,8.149
2024-11-16 20:00,0.650,8.992
2024-11-16 21:00,0.635,8.882
2024-11-16 22:00,0.500,7.861
2024-11-16 23:00,0.391,7.070
2024-11-17 00:00,0.394,7.093
2024-11-17 01:00,0.555,8.257
2024-11-17 02:00,0.642,8.935
2024-11-17 03:00,0.688,9.320
2024-11-17 04:00,0.712,9.540
2024-11-17 05:00,0.734,9.740
2024-11-17 06:00,0.729,9.689
2024-11-17 07:00,0.650,8.998
2024-11-17 08:00,0.531,8.079
2024-11-17 09:00,0.460,7.569
2024-11-17 10:00,0.344,6.717
2024-11-17 11:00,0.232,5.804
2024-11-17 12:00,0.137,4.853
2024-11-17 13:00,0.067,3.841
2024-11-17 14:00,0.030,3.030
2024-11-17 15:00,0.020,2.702
2024-11-17 16:00,0.019,2.669
2024-11-17 17:00,0.024,2.836
2024-11-17 18:00,0.038,3.236
2024-11-17 19:00,0.054,3.602
2024-11-17 20:00,0.057,3.669
2024-11-17 21:00,0.052,3.570
2024-11-17 22:00,0.045,3.411
2024-11-17 23:00,0.036,3.182
2024-11-18 00:00,0.030,3.027
2024-11-18 01:00,0.020,2.692
2024-11-18 02:00,0.009,2.190
2024-11-18 03:00,0.002,1.623
2024-11-18 04:00,0.001,1.246
2024-11-18 05:00,0.002,1.527
2024-11-18 06:00,0.012,2.393
2024-11-18 07:00,0.064,3.794
2024-11-18 08:00,0.272,6.156
2024-11-18 09:00,0.520,8.004
2024-11-18 10:00,0.614,8.705
2024-11-18 11:00,0.641,8.923
2024-11-18 12:00,0.623,8.777
2024-11-18 13:00,0.625,8.796
2024-11-18 14:00,0.644,8.953
2024-11-18 15:00,0.693,9.369
2024-11-18 16:00,0.739,9.795
2024-11-18 17:00,0.760,10.004
2024-11-18 18:00,0.768,10.090
2024-11-18 19:00,0.772,10.131
2024-11-18 20:00,0.747,9.873
2024-11-18 21:00,0.733,9.733
2024-11-18 22:00,0.720,9.609
2024-11-18 23:00,0.702,9.440
2024-11-19 00:00,0.568,8.360
2024-11-19 01:00,0.381,6.992
2024-11-19 02:00,0.378,6.971
2024-11-19 03:00,0.409,7.202
2024-11-19 04:00,0.409,7.192
2024-11-19 05:00,0.375,6.944
2024-11-19 06:00,0.241,5.892
2024-11-19 07:00,0.108,4.481
2024-11-19 08:00,0.048,3.469
2024-11-19 09:00,0.039,3.279
2024-11-19 10:00,0.078,4.031
2024-11-19 11:00,0.154,5.033
2024-11-19 12:00,0.261,6.053
2024-11-19 13:00,0.391,7.071
2024-11-19 14:00,0.525,8.031
2024-11-19 15:00,0.598,8.576
2024-11-19 16:00,0.619,8.740
2024-11-19 17:00,0.598,8.583
2024-11-19 18:00,0.546,8.193
2024-11-19 19:00,0.507,7.906
2024-11-19 20:00,0.485,7.745
2024-11-19 21:00,0.475,7.680
2024-11-19 22:00,0.475,7.674
2024-11-19 23:00,0.465,7.606
2024-11-20 00:00,0.340,6.686
2024-11-20 01:00,0.166,5.179
2024-11-20 02:00,0.292,6.317
2024-11-20 03:00,0.327,6.585
2024-11-20 04:00,0.311,6.460
2024-11-20 05:00,0.296,6.347
2024-11-20 06:00,0.230,5.784
2024-11-20 07:00,0.147,4.971
2024-11-20 08:00,0.169,5.206
2024-11-20 09:00,0.261,6.063
2024-11-20 10:00,0.409,7.197
2024-11-20 11:00,0.525,8.039
2024-11-20 12:00,0.578,8.434
2024-11-20 13:00,0.605,8.641
2024-11-20 14:00,0.610,8.672
2024-11-20 15:00,0.643,8.942
2024-11-20 16:00,0.684,9.293
2024-11-20 17:00,0.713,9.549
2024-11-20 18:00,0.734,9.744
2024-11-20 19:00,0.743,9.828
2024-11-20 20:00,0.756,9.961
2024-11-20 21:00,0.766,10.072
2024-11-20 22:00,0.775,10.165
2024-11-20 23:00,0.762,10.025
2024-11-21 00:00,0.639,8.900
2024-11-21 01:00,0.774,10.153
2024-11-21 02:00,0.947,13.243
2024-11-21 03:00,0.942,13.073
2024-11-21 04:00,0.909,12.180
2024-11-21 05:00,0.861,11.273
2024-11-21 06:00,0.794,10.373
2024-11-21 07:00,0.631,8.847
2024-11-21 08:00,0.541,8.153
2024-11-21 09:00,0.534,8.105
2024-11-21 10:00,0.507,7.912
2024-11-21 11:00,0.438,7.413
2024-11-21 12:00,0.372,6.927
2024-11-21 13:00,0.315,6.491
2024-11-21 14:00,0.280,6.216
2024-11-21 15:00,0.290,6.297
2024-11-21 16:00,0.334,6.646
2024-11-21 17:00,0.374,6.937
2024-11-21 18:00,0.390,7.065
2024-11-21 19:00,0.384,7.017
2024-11-21 20:00,0.351,6.771
2024-11-21 21:00,0.308,6.435
2024-11-21 22:00,0.261,6.064
2024-11-21 23:00,0.208,5.583
2024-11-22 00:00,0.101,4.384
2024-11-22 01:00,0.031,3.052
2024-11-22 02:00,0.009,2.205
2024-11-22 03:00,0.002,1.585
2024-11-22 04:00,0,1.148
2024-11-22 05:00,0,0.801
2024-11-22 06:00,0.001,1.316
2024-11-22 07:00,0.027,2.945
2024-11-22 08:00,0.188,5.403
2024-11-22 09:00,0.365,6.874
2024-11-22 10:00,0.416,7.250
2024-11-22 11:00,0.367,6.888
2024-11-22 12:00,0.307,6.433
2024-11-22 13:00,0.299,6.367
2024-11-22 14:00,0.322,6.552
2024-11-22 15:00,0.360,6.838
2024-11-22 16:00,0.387,7.041
2024-11-22 17:00,0.418,7.267
2024-11-22 18:00,0.443,7.451
2024-11-22 19:00,0.453,7.509
2024-11-22 20:00,0.466,7.613
2024-11-22 21:00,0.497,7.828
2024-11-22 22:00,0.532,8.081
2024-11-22 23:00,0.555,8.258
2024-11-23 00:00,0.443,7.444
2024-11-23 01:00,0.329,6.604
2024-11-23 02:00,0.441,7.426
2024-11-23 03:00,0.483,7.734
2024-11-23 04:00,0.500,7.852
2024-11-23 05:00,0.519,7.997
2024-11-23 06:00,0.510,7.927
2024-11-23 07:00,0.507,7.911
2024-11-23 08:00,0.639,8.903
2024-11-23 09:00,0.690,9.343
2024-11-23 10:00,0.673,9.185
2024-11-23 11:00,0.659,9.074
2024-11-23 12:00,0.666,9.132
2024-11-23 13:00,0.682,9.270
2024-11-23 14:00,0.695,9.386
2024-11-23 15:00,0.693,9.365
2024-11-23 16:00,0.674,9.205
2024-11-23 17:00,0.647,8.979
2024-11-23 18:00,0.613,8.704
2024-11-23 19:00,0.562,8.312
2024-11-23 20:00,0.510,7.925
2024-11-23 21:00,0.491,7.792
2024-11-23 22:00,0.474,7.659
2024-11-23 23:00,0.431,7.361
2024-11-24 00:00,0.292,6.319
2024-11-24 01:00,0.125,4.706
2024-11-24 02:00,0.078,4.039
2024-11-24 03:00,0.085,4.147
2024-11-24 04:00,0.116,4.585
2024-11-24 05:00,0.131,4.773
2024-11-24 06:00,0.164,5.156
2024-11-24 07:00,0.236,5.852
2024-11-24 08:00,0.317,6.516
2024-11-24 09:00,0.417,7.254
2024-11-24 10:00,0.537,8.119
2024-11-24 11:00,0.607,8.652
2024-11-24 12:00,0.604,8.635
2024-11-24 13:00,0.592,8.538
2024-11-24 14:00,0.613,8.704
2024-11-24 15:00,0.616,8.727
2024-11-24 16:00,0.571,8.384
2024-11-24 17:00,0.508,7.913
2024-11-24 18:00,0.458,7.557
2024-11-24 19:00,0.434,7.373
2024-11-24 20:00,0.396,7.101
2024-11-24 21:00,0.368,6.891
2024-11-24 22:00,0.299,6.365
2024-11-24 23:00,0.195,5.457
2024-11-25 00:00,0.117,4.609
2024-11-25 01:00,0.105,4.449
2024-11-25 02:00,0.134,4.809
2024-11-25 03:00,0.195,5.467
2024-11-25 04:00,0.345,6.726
2024-11-25 05:00,0.470,7.637
2024-11-25 06:00,0.473,7.657
2024-11-25 07:00,0.423,7.305
2024-11-25 08:00,0.360,6.842
2024-11-25 09:00,0.335,6.653
2024-11-25 10:00,0.412,7.223
2024-11-25 11:00,0.651,9.005
2024-11-25 12:00,0.863,11.314
2024-11-25 13:00,0.944,13.149
2024-11-25 14:00,0.959,13.720
2024-11-25 15:00,0.965,14.015
2024-11-25 16:00,0.964,13.975
2024-11-25 17:00,0.962,13.853
2024-11-25 18:00,0.953,13.465
2024-11-25 19:00,0.935,12.850
2024-11-25 20:00,0.906,12.123
2024-11-25 21:00,0.870,11.430
2024-11-25 22:00,0.845,11.046
2024-11-25 23:00,0.827,10.792
2024-11-26 00:00,0.849,11.081
2024-11-26 01:00,0.917,12.372
2024-11-26 02:00,0.909,12.187
2024-11-26 03:00,0.892,11.832
2024-11-26 04:00,0.886,11.719
2024-11-26 05:00,0.890,11.800
2024-11-26 06:00,0.898,11.943
2024-11-26 07:00,0.898,11.946
2024-11-26 08:00,0.871,11.453
2024-11-26 09:00,0.835,10.891
2024-11-26 10:00,0.838,10.944
2024-11-26 11:00,0.880,11.594
2024-11-26 12:00,0.920,12.441
2024-11-26 13:00,0.942,13.090
2024-11-26 14:00,0.952,13.437
2024-11-26 15:00,0.962,13.871
2024-11-26 16:00,0.971,14.322
2024-11-26 17:00,0.973,14.452
2024-11-26 18:00,0.973,14.432
2024-11-26 19:00,0.976,14.687
2024-11-26 20:00,0.981,15.117
2024-11-26 21:00,0.984,15.425
2024-11-26 22:00,0.984,15.446
2024-11-26 23:00,0.981,15.114
2024-11-27 00:00,0.980,14.954
2024-11-27 01:00,0.982,15.173
2024-11-27 02:00,0.983,15.329
2024-11-27 03:00,0.984,15.446
2024-11-27 04:00,0.986,15.760
2024-11-27 05:00,0.987,16.048
2024-11-27 06:00,0.988,16.325
2024-11-27 07:00,0.988,16.525
2024-11-27 08:00,0.988,16.568
2024-11-27 09:00,0.988,16.462
2024-11-27 10:00,0.988,16.269
2024-11-27 11:00,0.987,16.053
2024-11-27 12:00,0.987,16.052
2024-11-27 13:00,0.987,16.077
2024-11-27 14:00,0.987,15.973
2024-11-27 15:00,0.987,15.954
2024-11-27 16:00,0.987,15.864
2024-11-27 17:00,0.986,15.685
2024-11-27 18:00,0.986,15.665
2024-11-27 19:00,0.986,15.755
2024-11-27 20:00,0.986,15.804
2024-11-27 21:00,0.984,15.424
2024-11-27 22:00,0.980,14.958
2024-11-27 23:00,0.978,14.863
2024-11-28 00:00,0.981,15.122
2024-11-28 01:00,0.986,15.660
2024-11-28 02:00,0.987,15.891
2024-11-28 03:00,0.986,15.807
2024-11-28 04:00,0.983,15.347
2024-11-28 05:00,0.973,14.446
2024-11-28 06:00,0.954,13.520
2024-11-28 07:00,0.917,12.372
2024-11-28 08:00,0.826,10.765
2024-11-28 09:00,0.737,9.778
2024-11-28 10:00,0.692,9.355
2024-11-28 11:00,0.671,9.169
2024-11-28 12:00,0.706,9.480
2024-11-28 13:00,0.731,9.708
2024-11-28 14:00,0.721,9.621
2024-11-28 15:00,0.687,9.312
2024-11-28 16:00,0.630,8.840
2024-11-28 17:00,0.615,8.722
2024-11-28 18:00,0.662,9.101
2024-11-28 19:00,0.747,9.871
2024-11-28 20:00,0.755,9.941
2024-11-28 21:00,0.743,9.828
2024-11-28 22:00,0.879,11.583
2024-11-28 23:00,0.938,12.966
2024-11-29 00:00,0.939,12.979
2024-11-29 01:00,0.933,12.794
2024-11-29 02:00,0.966,14.050
2024-11-29 03:00,0.973,14.476
2024-11-29 04:00,0.971,14.316
2024-11-29 05:00,0.962,13.877
2024-11-29 06:00,0.922,12.507
2024-11-29 07:00,0.807,10.540
2024-11-29 08:00,0.734,9.745
2024-11-29 09:00,0.666,9.131
2024-11-29 10:00,0.619,8.749
2024-11-29 11:00,0.577,8.418
2024-11-29 12:00,0.561,8.301
2024-11-29 13:00,0.589,8.519
2024-11-29 14:00,0.582,8.467
2024-11-29 15:00,0.613,8.703
2024-11-29 16:00,0.655,9.031
2024-11-29 17:00,0.693,9.370
2024-11-29 18:00,0.725,9.652
2024-11-29 19:00,0.734,9.748
2024-11-29 20:00,0.732,9.724
2024-11-29 21:00,0.721,9.623
2024-11-29 22:00,0.697,9.395
2024-11-29 23:00,0.651,9.006
2024-11-30 00:00,0.513,7.954
2024-11-30 01:00,0.260,6.047
2024-11-30 02:00,0.272,6.157
2024-11-30 03:00,0.268,6.118
2024-11-30 04:00,0.222,5.720
2024-11-30 05:00,0.174,5.255
2024-11-30 06:00,0.091,4.247
2024-11-30 07:00,0.027,2.941
2024-11-30 08:00,0.011,2.333
2024-11-30 09:00,0.008,2.132
2024-11-30 10:00,0.008,2.180
2024-11-30 11:00,0.021,2.761
2024-11-30 12:00,0.060,3.705
2024-11-30 13:00,0.134,4.807
2024-11-30 14:00,0.241,5.890
2024-11-30 15:00,0.351,6.775
2024-11-30 16:00,0.456,7.537
2024-11-30 17:00,0.560,8.294
2024-11-30 18:00,0.636,8.888
2024-11-30 19:00,0.705,9.472
2024-11-30 20:00,0.738,9.785
2024-11-30 21:00,0.746,9.866
2024-11-30 22:00,0.717,9.577
2024-11-30 23:00,0.659,9.077
2024-12-01 00:00,0.572,8.386
2024-12-01 01:00,0.438,7.412
2024-12-01 02:00,0.541,8.149
2024-12-01 03:00,0.643,8.948
2024-12-01 04:00,0.603,8.630
2024-12-01 05:00,0.438,7.402
2024-12-01 06:00,0.353,6.790
2024-12-01 07:00,0.478,7.697
2024-12-01 08:00,0.720,9.617
2024-12-01 09:00,0.843,11.003
2024-12-01 10:00,0.913,12.279
2024-12-01 11:00,0.962,13.876
2024-12-01 12:00,0.968,14.176
2024-12-01 13:00,0.956,13.586
2024-12-01 14:00,0.939,12.977
2024-12-01 15:00,0.916,12.352
2024-12-01 16:00,0.892,11.822
2024-12-01 17:00,0.838,10.942
2024-12-01 18:00,0.748,9.887
2024-12-01 19:00,0.705,9.473
2024-12-01 20:00,0.684,9.292
2024-12-01 21:00,0.644,8.952
2024-12-01 22:00,0.613,8.701
2024-12-01 23:00,0.607,8.659
2024-12-02 00:00,0.623,8.777
2024-12-02 01:00,0.746,9.866
2024-12-02 02:00,0.774,10.156
2024-12-02 03:00,0.763,10.036
2024-12-02 04:00,0.739,9.796
2024-12-02 05:00,0.708,9.496
2024-12-02 06:00,0.664,9.121
2024-12-02 07:00,0.589,8.508
2024-12-02 08:00,0.465,7.605
2024-12-02 09:00,0.460,7.570
2024-12-02 10:00,0.503,7.881
2024-12-02 11:00,0.530,8.072
2024-12-02 12:00,0.544,8.176
2024-12-02 13:00,0.564,8.320
2024-12-02 14:00,0.582,8.463
2024-12-02 15:00,0.592,8.537
2024-12-02 16:00,0.594,8.547
2024-12-02 17:00,0.598,8.582
2024-12-02 18:00,0.602,8.620
2024-12-02 19:00,0.588,8.505
2024-12-02 20:00,0.553,8.241
2024-12-02 21:00,0.528,8.066
2024-12-02 22:00,0.511,7.940
2024-12-02 23:00,0.492,7.801
2024-12-03 00:00,0.344,6.717
2024-12-03 01:00,0.359,6.826
2024-12-03 02:00,0.579,8.438
2024-12-03 03:00,0.644,8.954
2024-12-03 04:00,0.697,9.397
2024-12-03 05:00,0.735,9.754
2024-12-03 06:00,0.756,9.957
2024-12-03 07:00,0.716,9.572
2024-12-03 08:00,0.692,9.361
2024-12-03 09:00,0.725,9.662
2024-12-03 10:00,0.718,9.599
2024-12-03 11:00,0.666,9.132
2024-12-03 12:00,0.594,8.548
2024-12-03 13:00,0.552,8.237
2024-12-03 14:00,0.528,8.062
2024-12-03 15:00,0.513,7.951
2024-12-03 16:00,0.512,7.949
2024-12-03 17:00,0.516,7.973
2024-12-03 18:00,0.563,8.315
2024-12-03 19:00,0.598,8.588
2024-12-03 20:00,0.604,8.638
2024-12-03 21:00,0.612,8.687
2024-12-03 22:00,0.624,8.785
2024-12-03 23:00,0.636,8.886
2024-12-04 00:00,0.565,8.325
2024-12-04 01:00,0.391,7.068
2024-12-04 02:00,0.713,9.547
2024-12-04 03:00,0.853,11.164
2024-12-04 04:00,0.860,11.272
2024-12-04 05:00,0.864,11.326
2024-12-04 06:00,0.851,11.124
2024-12-04 07:00,0.778,10.196
2024-12-04 08:00,0.752,9.929
2024-12-04 09:00,0.784,10.266
2024-12-04 10:00,0.798,10.421
2024-12-04 11:00,0.770,10.104
2024-12-04 12:00,0.737,9.776
2024-12-04 13:00,0.722,9.635
2024-12-04 14:00,0.744,9.832
2024-12-04 15:00,0.722,9.632
2024-12-04 16:00,0.694,9.381
2024-12-04 17:00,0.664,9.116
2024-12-04 18:00,0.624,8.790
2024-12-04 19:00,0.612,8.689
2024-12-04 20:00,0.620,8.755
2024-12-04 21:00,0.630,8.842
2024-12-04 22:00,0.664,9.115
2024-12-04 23:00,0.693,9.372
2024-12-05 00:00,0.637,8.894
2024-12-05 01:00,0.703,9.455
2024-12-05 02:00,0.896,11.897
2024-12-05 03:00,0.936,12.877
2024-12-05 04:00,0.955,13.543
2024-12-05 05:00,0.965,14.006
2024-12-05 06:00,0.969,14.225
2024-12-05 07:00,0.963,13.899
2024-12-05 08:00,0.940,12.990
2024-12-05 09:00,0.916,12.358
2024-12-05 10:00,0.887,11.725
2024-12-05 11:00,0.865,11.340
2024-12-05 12:00,0.837,10.922
2024-12-05 13:00,0.785,10.276
2024-12-05 14:00,0.730,9.704
2024-12-05 15:00,0.684,9.286
2024-12-05 16:00,0.612,8.696
2024-12-05 17:00,0.510,7.919
2024-12-05 18:00,0.456,7.544
2024-12-05 19:00,0.455,7.527
2024-12-05 20:00,0.480,7.717
2024-12-05 21:00,0.510,7.928
2024-12-05 22:00,0.545,8.188
2024-12-05 23:00,0.582,8.466
2024-12-06 00:00,0.515,7.970
2024-12-06 01:00,0.682,9.275
2024-12-06 02:00,0.686,9.310
2024-12-06 03:00,0.596,8.568
2024-12-06 04:00,0.571,8.385
2024-12-06 05:00,0.565,8.335
2024-12-06 06:00,0.555,8.258
2024-12-06 07:00,0.522,8.014
2024-12-06 08:00,0.396,7.106
2024-12-06 09:00,0.361,6.844
2024-12-06 10:00,0.446,7.473
2024-12-06 11:00,0.583,8.470
2024-12-06 12:00,0.630,8.841
2024-12-06 13:00,0.622,8.771
2024-12-06 14:00,0.594,8.555
2024-12-06 15:00,0.630,8.840
2024-12-06 16:00,0.687,9.317
2024-12-06 17:00,0.703,9.455
2024-12-06 18:00,0.727,9.677
2024-12-06 19:00,0.756,9.956
2024-12-06 20:00,0.780,10.225
2024-12-06 21:00,0.800,10.448
2024-12-06 22:00,0.822,10.717
2024-12-06 23:00,0.835,10.887
2024-12-07 00:00,0.837,10.924
2024-12-07 01:00,0.931,12.749
2024-12-07 02:00,0.951,13.391
2024-12-07 03:00,0.950,13.354
2024-12-07 04:00,0.947,13.232
2024-12-07 05:00,0.938,12.938
2024-12-07 06:00,0.915,12.334
2024-12-07 07:00,0.848,11.087
2024-12-07 08:00,0.845,11.041
2024-12-07 09:00,0.852,11.142
2024-12-07 10:00,0.852,11.145
2024-12-07 11:00,0.867,11.386
2024-12-07 12:00,0.883,11.661
2024-12-07 13:00,0.890,11.788
2024-12-07 14:00,0.888,11.741
2024-12-07 15:00,0.886,11.710
2024-12-07 16:00,0.879,11.581
2024-12-07 17:00,0.866,11.353
2024-12-07 18:00,0.849,11.091
2024-12-07 19:00,0.835,10.889
2024-12-07 20:00,0.818,10.675
2024-12-07 21:00,0.797,10.406
2024-12-07 22:00,0.793,10.366
2024-12-07 23:00,0.770,10.111
2024-12-08 00:00,0.658,9.070
2024-12-08 01:00,0.515,7.969
2024-12-08 02:00,0.550,8.222
2024-12-08 03:00,0.485,7.742
2024-12-08 04:00,0.368,6.896
2024-12-08 05:00,0.281,6.223
2024-12-08 06:00,0.223,5.729
2024-12-08 07:00,0.156,5.057
2024-12-08 08:00,0.128,4.748
2024-12-08 09:00,0.144,4.935
2024-12-08 10:00,0.181,5.317
2024-12-08 11:00,0.229,5.776
2024-12-08 12:00,0.292,6.314
2024-12-08 13:00,0.355,6.802
2024-12-08 14:00,0.413,7.229
2024-12-08 15:00,0.470,7.638
2024-12-08 16:00,0.500,7.848
2024-12-08 17:00,0.493,7.808
2024-12-08 18:00,0.504,7.885
2024-12-08 19:00,0.492,7.799
2024-12-08 20:00,0.491,7.798
2024-12-08 21:00,0.488,7.765
2024-12-08 22:00,0.488,7.766
2024-12-08 23:00,0.497,7.827
2024-12-09 00:00,0.408,7.186
2024-12-09 01:00,0.181,5.322
2024-12-09 02:00,0.137,4.853
2024-12-09 03:00,0.210,5.611
2024-12-09 04:00,0.232,5.816
2024-12-09 05:00,0.278,6.194
2024-12-09 06:00,0.328,6.596
2024-12-09 07:00,0.295,6.340
2024-12-09 08:00,0.341,6.692
2024-12-09 09:00,0.406,7.172
2024-12-09 10:00,0.475,7.671
2024-12-09 11:00,0.500,7.854
2024-12-09 12:00,0.507,7.906
2024-12-09 13:00,0.538,8.134
2024-12-09 14:00,0.580,8.452
2024-12-09 15:00,0.607,8.649
2024-12-09 16:00,0.630,8.841
2024-12-09 17:00,0.619,8.741
2024-12-09 18:00,0.592,8.532
2024-12-09 19:00,0.582,8.462
2024-12-09 20:00,0.598,8.575
2024-12-09 21:00,0.602,8.619
2024-12-09 22:00,0.609,8.667
2024-12-09 23:00,0.624,8.791
2024-12-10 00:00,0.548,8.212
2024-12-10 01:00,0.415,7.238
2024-12-10 02:00,0.577,8.420
2024-12-10 03:00,0.572,8.389
2024-12-10 04:00,0.559,8.282
2024-12-10 05:00,0.547,8.202
2024-12-10 06:00,0.527,8.050
2024-12-10 07:00,0.482,7.726
2024-12-10 08:00,0.444,7.454
2024-12-10 09:00,0.496,7.826
2024-12-10 10:00,0.503,7.875
2024-12-10 11:00,0.510,7.935
2024-12-10 12:00,0.534,8.098
2024-12-10 13:00,0.528,8.066
2024-12-10 14:00,0.510,7.920
2024-12-10 15:00,0.504,7.889
2024-12-10 16:00,0.522,8.016
2024-12-10 17:00,0.560,8.297
2024-12-10 18:00,0.570,8.374
2024-12-10 19:00,0.536,8.115
2024-12-10 20:00,0.507,7.910
2024-12-10 21:00,0.465,7.598
2024-12-10 22:00,0.434,7.370
2024-12-10 23:00,0.420,7.275
2024-12-11 00:00,0.357,6.818
2024-12-11 01:00,0.431,7.356
2024-12-11 02:00,0.490,7.786
2024-12-11 03:00,0.416,7.243
2024-12-11 04:00,0.363,6.856
2024-12-11 05:00,0.327,6.586
2024-12-11 06:00,0.297,6.358
2024-12-11 07:00,0.221,5.703
2024-12-11 08:00,0.181,5.326
2024-12-11 09:00,0.163,5.146
2024-12-11 10:00,0.125,4.704
2024-12-11 11:00,0.086,4.161
2024-12-11 12:00,0.046,3.421
2024-12-11 13:00,0.017,2.604
2024-12-11 14:00,0.007,2.070
2024-12-11 15:00,0.009,2.184
2024-12-11 16:00,0.017,2.602
2024-12-11 17:00,0.024,2.836
2024-12-11 18:00,0.028,2.956
2024-12-11 19:00,0.036,3.185
2024-12-11 20:00,0.054,3.597
2024-12-11 21:00,0.065,3.813
2024-12-11 22:00,0.061,3.736
2024-12-11 23:00,0.051,3.536
2024-12-12 00:00,0.067,3.843
2024-12-12 01:00,0.070,3.894
2024-12-12 02:00,0.123,4.676
2024-12-12 03:00,0.209,5.602
2024-12-12 04:00,0.306,6.422
2024-12-12 05:00,0.377,6.963
2024-12-12 06:00,0.389,7.055
2024-12-12 07:00,0.280,6.220
2024-12-12 08:00,0.222,5.714
2024-12-12 09:00,0.248,5.945
2024-12-12 10:00,0.332,6.619
2024-12-12 11:00,0.431,7.354
2024-12-12 12:00,0.468,7.618
2024-12-12 13:00,0.427,7.325
2024-12-12 14:00,0.418,7.259
2024-12-12 15:00,0.437,7.397
2024-12-12 16:00,0.466,7.609
2024-12-12 17:00,0.510,7.922
2024-12-12 18:00,0.552,8.236
2024-12-12 19:00,0.592,8.536
2024-12-12 20:00,0.630,8.833
2024-12-12 21:00,0.654,9.027
2024-12-12 22:00,0.636,8.886
2024-12-12 23:00,0.643,8.942
2024-12-13 00:00,0.589,8.513
2024-12-13 01:00,0.819,10.690
2024-12-13 02:00,0.885,11.695
2024-12-13 03:00,0.874,11.496
2024-12-13 04:00,0.866,11.367
2024-12-13 05:00,0.861,11.286
2024-12-13 06:00,0.854,11.168
2024-12-13 07:00,0.791,10.342
2024-12-13 08:00,0.710,9.517
2024-12-13 09:00,0.718,9.596
2024-12-13 10:00,0.729,9.687
2024-12-13 11:00,0.705,9.475
2024-12-13 12:00,0.665,9.124
2024-12-13 13:00,0.644,8.951
2024-12-13 14:00,0.622,8.772
2024-12-13 15:00,0.645,8.961
2024-12-13 16:00,0.652,9.013
2024-12-13 17:00,0.632,8.852
2024-12-13 18:00,0.584,8.479
2024-12-13 19:00,0.553,8.244
2024-12-13 20:00,0.557,8.272
2024-12-13 21:00,0.570,8.375
2024-12-13 22:00,0.589,8.508
2024-12-13 23:00,0.598,8.590
2024-12-14 00:00,0.525,8.034
2024-12-14 01:00,0.656,9.045
2024-12-14 02:00,0.773,10.143
2024-12-14 03:00,0.802,10.475
2024-12-14 04:00,0.817,10.660
2024-12-14 05:00,0.834,10.878
2024-12-14 06:00,0.859,11.236
2024-12-14 07:00,0.841,10.978
2024-12-14 08:00,0.837,10.929
2024-12-14 09:00,0.859,11.239
2024-12-14 10:00,0.824,10.744
2024-12-14 11:00,0.804,10.497
2024-12-14 12:00,0.804,10.489
2024-12-14 13:00,0.823,10.734
2024-12-14 14:00,0.837,10.925
2024-12-14 15:00,0.801,10.463
2024-12-14 16:00,0.771,10.128
2024-12-14 17:00,0.738,9.784
2024-12-14 18:00,0.698,9.399
2024-12-14 19:00,0.652,9.017
2024-12-14 20:00,0.650,8.992
2024-12-14 21:00,0.641,8.920
2024-12-14 22:00,0.629,8.824
2024-12-14 23:00,0.630,8.837
2024-12-15 00:00,0.565,8.324
2024-12-15 01:00,0.458,7.559
2024-12-15 02:00,0.633,8.865
2024-12-15 03:00,0.627,8.816
2024-12-15 04:00,0.612,8.691
2024-12-15 05:00,0.621,8.761
2024-12-15 06:00,0.630,8.829
2024-12-15 07:00,0.549,8.221
2024-12-15 08:00,0.481,7.721
2024-12-15 09:00,0.528,8.062
2024-12-15 10:00,0.578,8.434
2024-12-15 11:00,0.607,8.653
2024-12-15 12:00,0.592,8.538
2024-12-15 13:00,0.522,8.016
2024-12-15 14:00,0.479,7.708
2024-12-15 15:00,0.453,7.511
2024-12-15 16:00,0.425,7.314
2024-12-15 17:00,0.390,7.061
2024-12-15 18:00,0.418,7.264
2024-12-15 19:00,0.468,7.620
2024-12-15 20:00,0.503,7.879
2024-12-15 21:00,0.516,7.976
2024-12-15 22:00,0.500,7.851
2024-12-15 23:00,0.450,7.490
2024-12-16 00:00,0.353,6.788
2024-12-16 01:00,0.163,5.147
2024-12-16 02:00,0.206,5.564
2024-12-16 03:00,0.290,6.298
2024-12-16 04:00,0.413,7.230
2024-12-16 05:00,0.512,7.943
2024-12-16 06:00,0.565,8.330
2024-12-16 07:00,0.539,8.141
2024-12-16 08:00,0.475,7.672
2024-12-16 09:00,0.434,7.373
2024-12-16 10:00,0.407,7.184
2024-12-16 11:00,0.388,7.050
2024-12-16 12:00,0.386,7.034
2024-12-16 13:00,0.378,6.972
2024-12-16 14:00,0.402,7.142
2024-12-16 15:00,0.503,7.878
2024-12-16 16:00,0.600,8.603
2024-12-16 17:00,0.650,8.995
2024-12-16 18:00,0.680,9.246
2024-12-16 19:00,0.703,9.453
2024-12-16 20:00,0.718,9.589
2024-12-16 21:00,0.720,9.613
2024-12-16 22:00,0.723,9.638
2024-12-16 23:00,0.751,9.911
2024-12-17 00:00,0.689,9.328
2024-12-17 01:00,0.829,10.815
2024-12-17 02:00,0.892,11.829
2024-12-17 03:00,0.904,12.089
2024-12-17 04:00,0.911,12.240
2024-12-17 05:00,0.911,12.232
2024-12-17 06:00,0.899,11.970
2024-12-17 07:00,0.855,11.192
2024-12-17 08:00,0.708,9.500
2024-12-17 09:00,0.603,8.625
2024-12-17 10:00,0.685,9.295
2024-12-17 11:00,0.793,10.366
2024-12-17 12:00,0.804,10.502
2024-12-17 13:00,0.777,10.184
2024-12-17 14:00,0.747,9.879
2024-12-17 15:00,0.765,10.060
2024-12-17 16:00,0.757,9.974
2024-12-17 17:00,0.764,10.049
2024-12-17 18:00,0.772,10.137
2024-12-17 19:00,0.788,10.310
2024-12-17 20:00,0.803,10.483
2024-12-17 21:00,0.794,10.369
2024-12-17 22:00,0.776,10.173
2024-12-17 23:00,0.763,10.033
2024-12-18 00:00,0.705,9.478
2024-12-18 01:00,0.797,10.410
2024-12-18 02:00,0.837,10.933
2024-12-18 03:00,0.824,10.748
2024-12-18 04:00,0.817,10.655
2024-12-18 05:00,0.806,10.525
2024-12-18 06:00,0.777,10.185
2024-12-18 07:00,0.658,9.066
2024-12-18 08:00,0.540,8.145
2024-12-18 09:00,0.520,8.002
2024-12-18 10:00,0.519,7.999
2024-12-18 11:00,0.497,7.831
2024-12-18 12:00,0.450,7.493
2024-12-18 13:00,0.394,7.085
2024-12-18 14:00,0.323,6.562
2024-12-18 15:00,0.267,6.115
2024-12-18 16:00,0.224,5.740
2024-12-18 17:00,0.184,5.359
2024-12-18 18:00,0.154,5.033
2024-12-18 19:00,0.146,4.960
2024-12-18 20:00,0.111,4.520
2024-12-18 21:00,0.083,4.114
2024-12-18 22:00,0.080,4.063
2024-12-18 23:00,0.116,4.592
2024-12-19 00:00,0.151,5.016
2024-12-19 01:00,0.134,4.810
2024-12-19 02:00,0.093,4.272
2024-12-19 03:00,0.157,5.075
2024-12-19 04:00,0.280,6.214
2024-12-19 05:00,0.341,6.695
2024-12-19 06:00,0.335,6.650
2024-12-19 07:00,0.424,7.314
2024-12-19 08:00,0.525,8.032
2024-12-19 09:00,0.543,8.166
2024-12-19 10:00,0.503,7.874
2024-12-19 11:00,0.453,7.519
2024-12-19 12:00,0.403,7.155
2024-12-19 13:00,0.332,6.623
2024-12-19 14:00,0.240,5.881
2024-12-19 15:00,0.194,5.453
2024-12-19 16:00,0.180,5.311
2024-12-19 17:00,0.155,5.044
2024-12-19 18:00,0.165,5.164
2024-12-19 19:00,0.187,5.389
2024-12-19 20:00,0.207,5.570
2024-12-19 21:00,0.214,5.645
2024-12-19 22:00,0.199,5.508
2024-12-19 23:00,0.191,5.435
2024-12-20 00:00,0.218,5.682
2024-12-20 01:00,0.258,6.035
2024-12-20 02:00,0.315,6.493
2024-12-20 03:00,0.385,7.024
2024-12-20 04:00,0.466,7.609
2024-12-20 05:00,0.541,8.156
2024-12-20 06:00,0.587,8.499
2024-12-20 07:00,0.607,8.660
2024-12-20 08:00,0.613,8.702
2024-12-20 09:00,0.592,8.532
2024-12-20 10:00,0.514,7.959
2024-12-20 11:00,0.389,7.057
2024-12-20 12:00,0.336,6.662
2024-12-20 13:00,0.421,7.281
2024-12-20 14:00,0.586,8.488
2024-12-20 15:00,0.782,10.243
2024-12-20 16:00,0.879,11.581
2024-12-20 17:00,0.880,11.601
2024-12-20 18:00,0.874,11.498
2024-12-20 19:00,0.834,10.879
2024-12-20 20:00,0.827,10.795
2024-12-20 21:00,0.843,11.002
2024-12-20 22:00,0.873,11.474
2024-12-20 23:00,0.870,11.435
2024-12-21 00:00,0.876,11.526
2024-12-21 01:00,0.905,12.098
2024-12-21 02:00,0.954,13.488
2024-12-21 03:00,0.963,13.886
2024-12-21 04:00,0.961,13.816
2024-12-21 05:00,0.955,13.526
2024-12-21 06:00,0.939,12.972
2024-12-21 07:00,0.880,11.601
2024-12-21 08:00,0.811,10.576
2024-12-21 09:00,0.815,10.636
2024-12-21 10:00,0.828,10.808
2024-12-21 11:00,0.818,10.678
2024-12-21 12:00,0.801,10.463
2024-12-21 13:00,0.808,10.542
2024-12-21 14:00,0.817,10.659
2024-12-21 15:00,0.823,10.733
2024-12-21 16:00,0.826,10.773
2024-12-21 17:00,0.787,10.296
2024-12-21 18:00,0.778,10.190
2024-12-21 19:00,0.773,10.140
2024-12-21 20:00,0.764,10.046
2024-12-21 21:00,0.758,9.991
2024-12-21 22:00,0.750,9.895
2024-12-21 23:00,0.740,9.801
2024-12-22 00:00,0.652,9.014
2024-12-22 01:00,0.450,7.498
2024-12-22 02:00,0.348,6.741
2024-12-22 03:00,0.368,6.894
2024-12-22 04:00,0.383,7.007
2024-12-22 05:00,0.354,6.799
2024-12-22 06:00,0.295,6.335
2024-12-22 07:00,0.224,5.742
2024-12-22 08:00,0.222,5.726
2024-12-22 09:00,0.242,5.903
2024-12-22 10:00,0.278,6.198
2024-12-22 11:00,0.312,6.475
2024-12-22 12:00,0.348,6.740
2024-12-22 13:00,0.400,7.134
2024-12-22 14:00,0.459,7.563
2024-12-22 15:00,0.510,7.929
2024-12-22 16:00,0.556,8.267
2024-12-22 17:00,0.612,8.691
2024-12-22 18:00,0.669,9.149
2024-12-22 19:00,0.714,9.553
2024-12-22 20:00,0.745,9.858
2024-12-22 21:00,0.757,9.981
2024-12-22 22:00,0.754,9.944
2024-12-22 23:00,0.740,9.809
2024-12-23 00:00,0.655,9.041
2024-12-23 01:00,0.582,8.464
2024-12-23 02:00,0.657,9.061
2024-12-23 03:00,0.639,8.905
2024-12-23 04:00,0.607,8.654
2024-12-23 05:00,0.583,8.472
2024-12-23 06:00,0.541,8.153
2024-12-23 07:00,0.397,7.114
2024-12-23 08:00,0.300,6.381
2024-12-23 09:00,0.297,6.347
2024-12-23 10:00,0.295,6.342
2024-12-23 11:00,0.311,6.467
2024-12-23 12:00,0.325,6.571
2024-12-23 13:00,0.323,6.557
2024-12-23 14:00,0.325,6.573
2024-12-23 15:00,0.327,6.591
2024-12-23 16:00,0.340,6.684
2024-12-23 17:00,0.351,6.766
2024-12-23 18:00,0.332,6.629
2024-12-23 19:00,0.292,6.316
2024-12-23 20:00,0.264,6.087
2024-12-23 21:00,0.258,6.034
2024-12-23 22:00,0.284,6.253
2024-12-23 23:00,0.359,6.828
2024-12-24 00:00,0.433,7.367
2024-12-24 01:00,0.342,6.704
2024-12-24 02:00,0.240,5.880
2024-12-24 03:00,0.298,6.363
2024-12-24 04:00,0.445,7.459
2024-12-24 05:00,0.506,7.897
2024-12-24 06:00,0.446,7.467
2024-12-24 07:00,0.375,6.942
2024-12-24 08:00,0.395,7.094
2024-12-24 09:00,0.444,7.455
2024-12-24 10:00,0.503,7.878
2024-12-24 11:00,0.474,7.661
2024-12-24 12:00,0.469,7.631
2024-12-24 13:00,0.559,8.281
2024-12-24 14:00,0.674,9.201
2024-12-24 15:00,0.748,9.888
2024-12-24 16:00,0.769,10.096
2024-12-24 17:00,0.760,10.006
2024-12-24 18:00,0.740,9.808
2024-12-24 19:00,0.720,9.611
2024-12-24 20:00,0.722,9.633
2024-12-24 21:00,0.762,10.032
2024-12-24 22:00,0.762,10.026
2024-12-24 23:00,0.763,10.042
2024-12-25 00:00,0.734,9.737
2024-12-25 01:00,0.839,10.958
2024-12-25 02:00,0.958,13.655
2024-12-25 03:00,0.973,14.488
2024-12-25 04:00,0.980,14.976
2024-12-25 05:00,0.983,15.247
2024-12-25 06:00,0.981,15.067
2024-12-25 07:00,0.977,14.713
2024-12-25 08:00,0.974,14.533
2024-12-25 09:00,0.979,14.870
2024-12-25 10:00,0.981,15.099
2024-12-25 11:00,0.970,14.252
2024-12-25 12:00,0.956,13.602
2024-12-25 13:00,0.954,13.514
2024-12-25 14:00,0.944,13.130
2024-12-25 15:00,0.917,12.369
2024-12-25 16:00,0.873,11.479
2024-12-25 17:00,0.815,10.627
2024-12-25 18:00,0.802,10.471
2024-12-25 19:00,0.805,10.507
2024-12-25 20:00,0.810,10.566
2024-12-25 21:00,0.780,10.219
2024-12-25 22:00,0.757,9.973
2024-12-25 23:00,0.729,9.701
2024-12-26 00:00,0.636,8.887
2024-12-26 01:00,0.695,9.388
2024-12-26 02:00,0.856,11.203
2024-12-26 03:00,0.875,11.519
2024-12-26 04:00,0.860,11.272
2024-12-26 05:00,0.841,10.981
2024-12-26 06:00,0.813,10.602
2024-12-26 07:00,0.723,9.638
2024-12-26 08:00,0.659,9.080
2024-12-26 09:00,0.680,9.240
2024-12-26 10:00,0.710,9.514
2024-12-26 11:00,0.739,9.799
2024-12-26 12:00,0.757,9.975
2024-12-26 13:00,0.776,10.181
2024-12-26 14:00,0.797,10.405
2024-12-26 15:00,0.817,10.660
2024-12-26 16:00,0.826,10.764
2024-12-26 17:00,0.831,10.844
2024-12-26 18:00,0.835,10.886
2024-12-26 19:00,0.835,10.890
2024-12-26 20:00,0.832,10.849
2024-12-26 21:00,0.792,10.347
2024-12-26 22:00,0.761,10.016
2024-12-26 23:00,0.749,9.894
2024-12-27 00:00,0.702,9.440
2024-12-27 01:00,0.783,10.257
2024-12-27 02:00,0.916,12.344
2024-12-27 03:00,0.940,13.010
2024-12-27 04:00,0.952,13.435
2024-12-27 05:00,0.958,13.691
2024-12-27 06:00,0.958,13.682
2024-12-27 07:00,0.947,13.261
2024-12-27 08:00,0.923,12.509
2024-12-27 09:00,0.913,12.286
2024-12-27 10:00,0.919,12.427
2024-12-27 11:00,0.922,12.493
2024-12-27 12:00,0.921,12.474
2024-12-27 13:00,0.910,12.211
2024-12-27 14:00,0.859,11.246
2024-12-27 15:00,0.844,11.015
2024-12-27 16:00,0.780,10.210
2024-12-27 17:00,0.694,9.373
2024-12-27 18:00,0.639,8.908
2024-12-27 19:00,0.599,8.592
2024-12-27 20:00,0.568,8.357
2024-12-27 21:00,0.541,8.155
2024-12-27 22:00,0.556,8.262
2024-12-27 23:00,0.582,8.464
2024-12-28 00:00,0.533,8.096
2024-12-28 01:00,0.382,7.001
2024-12-28 02:00,0.541,8.161
2024-12-28 03:00,0.654,9.029
2024-12-28 04:00,0.710,9.523
2024-12-28 05:00,0.740,9.805
2024-12-28 06:00,0.725,9.650
2024-12-28 07:00,0.587,8.499
2024-12-28 08:00,0.479,7.710
2024-12-28 09:00,0.423,7.306
2024-12-28 10:00,0.354,6.799
2024-12-28 11:00,0.284,6.248
2024-12-28 12:00,0.196,5.478
2024-12-28 13:00,0.150,4.998
2024-12-28 14:00,0.123,4.682
2024-12-28 15:00,0.134,4.803
2024-12-28 16:00,0.183,5.350
2024-12-28 17:00,0.225,5.748
2024-12-28 18:00,0.247,5.940
2024-12-28 19:00,0.282,6.228
2024-12-28 20:00,0.350,6.756
2024-12-28 21:00,0.415,7.236
2024-12-28 22:00,0.490,7.787
2024-12-28 23:00,0.615,8.710
2024-12-29 00:00,0.657,9.060
2024-12-29 01:00,0.528,8.061
2024-12-29 02:00,0.416,7.243
2024-12-29 03:00,0.548,8.207
2024-12-29 04:00,0.662,9.097
2024-12-29 05:00,0.633,8.866
2024-12-29 06:00,0.537,8.118
2024-12-29 07:00,0.490,7.786
2024-12-29 08:00,0.564,8.323
2024-12-29 09:00,0.621,8.760
2024-12-29 10:00,0.633,8.865
2024-12-29 11:00,0.624,8.789
2024-12-29 12:00,0.638,8.898
2024-12-29 13:00,0.652,9.011
2024-12-29 14:00,0.652,9.010
2024-12-29 15:00,0.653,9.022
2024-12-29 16:00,0.660,9.086
2024-12-29 17:00,0.657,9.056
2024-12-29 18:00,0.645,8.962
2024-12-29 19:00,0.638,8.895
2024-12-29 20:00,0.628,8.819
2024-12-29 21:00,0.615,8.717
2024-12-29 22:00,0.621,8.764
2024-12-29 23:00,0.656,9.044
2024-12-30 00:00,0.646,8.969
2024-12-30 01:00,0.523,8.025
2024-12-30 02:00,0.818,10.674
2024-12-30 03:00,0.912,12.268
2024-12-30 04:00,0.939,12.969
2024-12-30 05:00,0.951,13.403
2024-12-30 06:00,0.944,13.130
2024-12-30 07:00,0.914,12.308
2024-12-30 08:00,0.902,12.042
2024-12-30 09:00,0.913,12.292
2024-12-30 10:00,0.920,12.463
2024-12-30 11:00,0.917,12.375
2024-12-30 12:00,0.898,11.937
2024-12-30 13:00,0.851,11.121
2024-12-30 14:00,0.832,10.850
2024-12-30 15:00,0.774,10.159
2024-12-30 16:00,0.736,9.763
2024-12-30 17:00,0.707,9.485
2024-12-30 18:00,0.655,9.033
2024-12-30 19:00,0.587,8.501
2024-12-30 20:00,0.520,8.003
2024-12-30 21:00,0.475,7.671
2024-12-30 22:00,0.470,7.636
2024-12-30 23:00,0.561,8.306
2024-12-31 00:00,0.586,8.488
2024-12-31 01:00,0.463,7.590
2024-12-31 02:00,0.476,7.688
2024-12-31 03:00,0.745,9.858
2024-12-31 04:00,0.852,11.138
2024-12-31 05:00,0.874,11.500
2024-12-31 06:00,0.863,11.313
2024-12-31 07:00,0.855,11.184
2024-12-31 08:00,0.871,11.453
2024-12-31 09:00,0.851,11.132
2024-12-31 10:00,0.771,10.119
2024-12-31 11:00,0.718,9.595
2024-12-31 12:00,0.719,9.607
2024-12-31 13:00,0.712,9.535
2024-12-31 14:00,0.722,9.630
2024-12-31 15:00,0.729,9.695
2024-12-31 16:00,0.723,9.643
2024-12-31 17:00,0.706,9.483
2024-12-31 18:00,0.669,9.158
2024-12-31 19:00,0.641,8.925
2024-12-31 20:00,0.618,8.737
2024-12-31 21:00,0.612,8.692
2024-12-31 22:00,0.588,8.507
2024-12-31 23:00,0.521,8.005
