# Renewables.ninja Solar photovoltaic power (PV) (Point API) - 42.226, 119.219 - Version: 1.4 (gsee f9b6961) - License: https://creativecommons.org/licenses/by-nc/4.0/ - Reference: https://doi.org/10.1016/j.energy.2016.08.060
# Units: time in UTC, electricity in kW, irradiance_direct in unknown, irradiance_diffuse in unknown, temperature in ºC
# {"units": {"time": "UTC", "electricity": "kW", "irradiance_direct": "unknown", "irradiance_diffuse": "unknown", "temperature": "\u00baC"}, "params": {"lat": "42.2256437", "lon": "119.2190097", "date_from": "2025-01-01", "date_to": "2025-12-31", "dataset": "merra2", "header": "true", "local_time": "false", "capacity": "1", "system_loss": "0.1", "tracking": "0", "tilt": "35", "azim": "180", "raw": "true"}}
time,electricity,irradiance_direct,irradiance_diffuse,temperature
2025-01-01 00:00,0.070,0.029,0.059,-10.145
2025-01-01 01:00,0.179,0.069,0.125,-8.267
2025-01-01 02:00,0.265,0.107,0.172,-6.420
2025-01-01 03:00,0.291,0.113,0.195,-4.604
2025-01-01 04:00,0.350,0.169,0.201,-3.441
2025-01-01 05:00,0.345,0.186,0.179,-2.930
2025-01-01 06:00,0.260,0.141,0.138,-2.912
2025-01-01 07:00,0.125,0.068,0.076,-3.840
2025-01-01 08:00,0.004,0.010,0.009,-5.757
2025-01-01 09:00,0,0,0,-6.605
2025-01-01 10:00,0,0,0,-7.364
2025-01-01 11:00,0,0,0,-8.055
2025-01-01 12:00,0,0,0,-8.651
2025-01-01 13:00,0,0,0,-9.373
2025-01-01 14:00,0,0,0,-10.492
2025-01-01 15:00,0,0,0,-11.576
2025-01-01 16:00,0,0,0,-12.642
2025-01-01 17:00,0,0,0,-13.418
2025-01-01 18:00,0,0,0,-14.049
2025-01-01 19:00,0,0,0,-14.591
2025-01-01 20:00,0,0,0,-15.027
2025-01-01 21:00,0,0,0,-15.338
2025-01-01 22:00,0,0,0,-15.522
2025-01-01 23:00,0.008,0.017,0.007,-15.543
2025-01-02 00:00,0.328,0.282,0.050,-13.485
2025-01-02 01:00,0.570,0.517,0.072,-11.183
2025-01-02 02:00,0.710,0.678,0.085,-8.238
2025-01-02 03:00,0.769,0.752,0.093,-6.255
2025-01-02 04:00,0.756,0.734,0.097,-5.429
2025-01-02 05:00,0.661,0.616,0.099,-5.164
2025-01-02 06:00,0.454,0.378,0.099,-5.338
2025-01-02 07:00,0.218,0.166,0.068,-6.147
2025-01-02 08:00,0.018,0.026,0.009,-8.854
2025-01-02 09:00,0,0,0,-10.441
2025-01-02 10:00,0,0,0,-11.323
2025-01-02 11:00,0,0,0,-11.892
2025-01-02 12:00,0,0,0,-12.244
2025-01-02 13:00,0,0,0,-12.744
2025-01-02 14:00,0,0,0,-13.234
2025-01-02 15:00,0,0,0,-13.700
2025-01-02 16:00,0,0,0,-14.285
2025-01-02 17:00,0,0,0,-14.787
2025-01-02 18:00,0,0,0,-15.078
2025-01-02 19:00,0,0,0,-15.308
2025-01-02 20:00,0,0,0,-15.332
2025-01-02 21:00,0,0,0,-15.381
2025-01-02 22:00,0,0,0,-15.395
2025-01-02 23:00,0.009,0.019,0.006,-15.309
2025-01-03 00:00,0.312,0.265,0.052,-13.127
2025-01-03 01:00,0.552,0.496,0.076,-10.329
2025-01-03 02:00,0.693,0.655,0.089,-7.516
2025-01-03 03:00,0.761,0.745,0.094,-5.312
2025-01-03 04:00,0.756,0.744,0.095,-4.026
2025-01-03 05:00,0.685,0.661,0.090,-3.293
2025-01-03 06:00,0.542,0.502,0.079,-3.091
2025-01-03 07:00,0.308,0.268,0.057,-4.409
2025-01-03 08:00,0.030,0.040,0.009,-6.867
2025-01-03 09:00,0,0,0,-7.122
2025-01-03 10:00,0,0,0,-7.416
2025-01-03 11:00,0,0,0,-8.438
2025-01-03 12:00,0,0,0,-9.731
2025-01-03 13:00,0,0,0,-10.796
2025-01-03 14:00,0,0,0,-11.574
2025-01-03 15:00,0,0,0,-12.164
2025-01-03 16:00,0,0,0,-12.726
2025-01-03 17:00,0,0,0,-13.216
2025-01-03 18:00,0,0,0,-13.713
2025-01-03 19:00,0,0,0,-14.167
2025-01-03 20:00,0,0,0,-14.530
2025-01-03 21:00,0,0,0,-14.708
2025-01-03 22:00,0,0,0,-14.600
2025-01-03 23:00,0.004,0.012,0.006,-14.198
2025-01-04 00:00,0.230,0.175,0.063,-12.009
2025-01-04 01:00,0.462,0.378,0.099,-8.880
2025-01-04 02:00,0.557,0.459,0.129,-6.458
2025-01-04 03:00,0.611,0.517,0.143,-3.663
2025-01-04 04:00,0.659,0.595,0.129,-1.950
2025-01-04 05:00,0.594,0.528,0.120,-1.176
2025-01-04 06:00,0.426,0.347,0.109,-1.031
2025-01-04 07:00,0.194,0.140,0.073,-2.191
2025-01-04 08:00,0.008,0.016,0.009,-4.327
2025-01-04 09:00,0,0,0,-5.594
2025-01-04 10:00,0,0,0,-6.616
2025-01-04 11:00,0,0,0,-7.655
2025-01-04 12:00,0,0,0,-8.824
2025-01-04 13:00,0,0,0,-9.725
2025-01-04 14:00,0,0,0,-10.126
2025-01-04 15:00,0,0,0,-10.276
2025-01-04 16:00,0,0,0,-10.823
2025-01-04 17:00,0,0,0,-11.390
2025-01-04 18:00,0,0,0,-11.742
2025-01-04 19:00,0,0,0,-11.864
2025-01-04 20:00,0,0,0,-12.042
2025-01-04 21:00,0,0,0,-12.383
2025-01-04 22:00,0,0,0,-12.706
2025-01-04 23:00,0,0.005,0.006,-12.922
2025-01-05 00:00,0.106,0.056,0.065,-11.777
2025-01-05 01:00,0.293,0.176,0.126,-10.526
2025-01-05 02:00,0.461,0.320,0.155,-9.275
2025-01-05 03:00,0.558,0.421,0.163,-8.157
2025-01-05 04:00,0.579,0.451,0.160,-7.328
2025-01-05 05:00,0.524,0.404,0.146,-6.952
2025-01-05 06:00,0.405,0.303,0.118,-7.048
2025-01-05 07:00,0.233,0.174,0.072,-7.774
2025-01-05 08:00,0.020,0.027,0.010,-10.182
2025-01-05 09:00,0,0,0,-11.845
2025-01-05 10:00,0,0,0,-12.518
2025-01-05 11:00,0,0,0,-13.072
2025-01-05 12:00,0,0,0,-13.648
2025-01-05 13:00,0,0,0,-13.846
2025-01-05 14:00,0,0,0,-13.854
2025-01-05 15:00,0,0,0,-13.879
2025-01-05 16:00,0,0,0,-14.097
2025-01-05 17:00,0,0,0,-14.355
2025-01-05 18:00,0,0,0,-14.643
2025-01-05 19:00,0,0,0,-14.930
2025-01-05 20:00,0,0,0,-15.136
2025-01-05 21:00,0,0,0,-15.165
2025-01-05 22:00,0,0,0,-15.103
2025-01-05 23:00,0.009,0.018,0.007,-14.902
2025-01-06 00:00,0.298,0.246,0.058,-12.703
2025-01-06 01:00,0.532,0.465,0.085,-9.949
2025-01-06 02:00,0.671,0.618,0.101,-7.347
2025-01-06 03:00,0.689,0.624,0.122,-5.811
2025-01-06 04:00,0.555,0.430,0.160,-5.401
2025-01-06 05:00,0.491,0.369,0.148,-5.228
2025-01-06 06:00,0.367,0.263,0.121,-5.344
2025-01-06 07:00,0.208,0.151,0.073,-6.015
2025-01-06 08:00,0.020,0.027,0.010,-8.211
2025-01-06 09:00,0,0,0,-9.877
2025-01-06 10:00,0,0,0,-10.710
2025-01-06 11:00,0,0,0,-11.214
2025-01-06 12:00,0,0,0,-11.607
2025-01-06 13:00,0,0,0,-11.967
2025-01-06 14:00,0,0,0,-12.163
2025-01-06 15:00,0,0,0,-12.460
2025-01-06 16:00,0,0,0,-12.764
2025-01-06 17:00,0,0,0,-13.029
2025-01-06 18:00,0,0,0,-13.344
2025-01-06 19:00,0,0,0,-13.668
2025-01-06 20:00,0,0,0,-13.962
2025-01-06 21:00,0,0,0,-14.272
2025-01-06 22:00,0,0,0,-14.517
2025-01-06 23:00,0.011,0.020,0.007,-14.508
2025-01-07 00:00,0.277,0.221,0.063,-11.807
2025-01-07 01:00,0.466,0.378,0.103,-8.980
2025-01-07 02:00,0.546,0.433,0.139,-7.557
2025-01-07 03:00,0.432,0.260,0.190,-7.074
2025-01-07 04:00,0.493,0.335,0.182,-6.679
2025-01-07 05:00,0.389,0.232,0.173,-6.654
2025-01-07 06:00,0.284,0.162,0.136,-6.872
2025-01-07 07:00,0.140,0.079,0.078,-7.490
2025-01-07 08:00,0.009,0.015,0.011,-8.911
2025-01-07 09:00,0,0,0,-10.275
2025-01-07 10:00,0,0,0,-11.120
2025-01-07 11:00,0,0,0,-11.812
2025-01-07 12:00,0,0,0,-12.388
2025-01-07 13:00,0,0,0,-12.857
2025-01-07 14:00,0,0,0,-13.371
2025-01-07 15:00,0,0,0,-14.073
2025-01-07 16:00,0,0,0,-14.876
2025-01-07 17:00,0,0,0,-15.531
2025-01-07 18:00,0,0,0,-16.109
2025-01-07 19:00,0,0,0,-16.593
2025-01-07 20:00,0,0,0,-16.983
2025-01-07 21:00,0,0,0,-17.185
2025-01-07 22:00,0,0,0,-17.199
2025-01-07 23:00,0.015,0.023,0.008,-16.948
2025-01-08 00:00,0.322,0.264,0.059,-15.407
2025-01-08 01:00,0.567,0.494,0.085,-13.283
2025-01-08 02:00,0.694,0.624,0.105,-11.823
2025-01-08 03:00,0.644,0.526,0.147,-11.132
2025-01-08 04:00,0.428,0.244,0.194,-11.074
2025-01-08 05:00,0.382,0.214,0.175,-11.150
2025-01-08 06:00,0.266,0.136,0.137,-11.585
2025-01-08 07:00,0.109,0.049,0.075,-12.446
2025-01-08 08:00,0.003,0.008,0.010,-13.560
2025-01-08 09:00,0,0,0,-14.296
2025-01-08 10:00,0,0,0,-14.655
2025-01-08 11:00,0,0,0,-15.013
2025-01-08 12:00,0,0,0,-15.302
2025-01-08 13:00,0,0,0,-15.496
2025-01-08 14:00,0,0,0,-15.771
2025-01-08 15:00,0,0,0,-15.963
2025-01-08 16:00,0,0,0,-16.263
2025-01-08 17:00,0,0,0,-16.691
2025-01-08 18:00,0,0,0,-17.271
2025-01-08 19:00,0,0,0,-17.888
2025-01-08 20:00,0,0,0,-18.370
2025-01-08 21:00,0,0,0,-18.391
2025-01-08 22:00,0,0,0,-17.960
2025-01-08 23:00,0.003,0.010,0.008,-17.437
2025-01-09 00:00,0.166,0.105,0.070,-16.228
2025-01-09 01:00,0.354,0.235,0.121,-14.503
2025-01-09 02:00,0.533,0.403,0.141,-12.656
2025-01-09 03:00,0.653,0.544,0.140,-11.125
2025-01-09 04:00,0.662,0.560,0.138,-10.017
2025-01-09 05:00,0.654,0.578,0.113,-9.249
2025-01-09 06:00,0.546,0.480,0.089,-9.009
2025-01-09 07:00,0.308,0.253,0.064,-9.564
2025-01-09 08:00,0.039,0.046,0.011,-11.302
2025-01-09 09:00,0,0,0,-12.504
2025-01-09 10:00,0,0,0,-12.994
2025-01-09 11:00,0,0,0,-13.422
2025-01-09 12:00,0,0,0,-13.793
2025-01-09 13:00,0,0,0,-14.158
2025-01-09 14:00,0,0,0,-14.620
2025-01-09 15:00,0,0,0,-15.111
2025-01-09 16:00,0,0,0,-15.688
2025-01-09 17:00,0,0,0,-16.110
2025-01-09 18:00,0,0,0,-16.465
2025-01-09 19:00,0,0,0,-16.776
2025-01-09 20:00,0,0,0,-17.036
2025-01-09 21:00,0,0,0,-17.166
2025-01-09 22:00,0,0,0,-17.205
2025-01-09 23:00,0.010,0.017,0.008,-17.099
2025-01-10 00:00,0.307,0.251,0.059,-14.912
2025-01-10 01:00,0.564,0.499,0.080,-12.195
2025-01-10 02:00,0.711,0.667,0.091,-9.540
2025-01-10 03:00,0.776,0.750,0.098,-7.669
2025-01-10 04:00,0.766,0.740,0.100,-6.555
2025-01-10 05:00,0.688,0.647,0.097,-5.943
2025-01-10 06:00,0.526,0.466,0.089,-5.870
2025-01-10 07:00,0.282,0.229,0.066,-6.790
2025-01-10 08:00,0.031,0.038,0.011,-10.033
2025-01-10 09:00,0,0,0,-11.738
2025-01-10 10:00,0,0,0,-12.551
2025-01-10 11:00,0,0,0,-13.238
2025-01-10 12:00,0,0,0,-13.883
2025-01-10 13:00,0,0,0,-14.477
2025-01-10 14:00,0,0,0,-14.956
2025-01-10 15:00,0,0,0,-15.290
2025-01-10 16:00,0,0,0,-15.568
2025-01-10 17:00,0,0,0,-15.807
2025-01-10 18:00,0,0,0,-16.097
2025-01-10 19:00,0,0,0,-16.362
2025-01-10 20:00,0,0,0,-16.610
2025-01-10 21:00,0,0,0,-16.836
2025-01-10 22:00,0,0,0,-17.030
2025-01-10 23:00,0.014,0.021,0.008,-17.046
2025-01-11 00:00,0.302,0.244,0.061,-14.655
2025-01-11 01:00,0.547,0.476,0.085,-11.897
2025-01-11 02:00,0.675,0.613,0.103,-9.297
2025-01-11 03:00,0.671,0.587,0.130,-7.607
2025-01-11 04:00,0.704,0.641,0.121,-6.466
2025-01-11 05:00,0.652,0.593,0.109,-5.762
2025-01-11 06:00,0.513,0.447,0.094,-5.712
2025-01-11 07:00,0.273,0.218,0.069,-6.662
2025-01-11 08:00,0.031,0.037,0.012,-9.372
2025-01-11 09:00,0,0,0,-10.140
2025-01-11 10:00,0,0,0,-9.972
2025-01-11 11:00,0,0,0,-10.069
2025-01-11 12:00,0,0,0,-11.056
2025-01-11 13:00,0,0,0,-12.445
2025-01-11 14:00,0,0,0,-13.759
2025-01-11 15:00,0,0,0,-14.760
2025-01-11 16:00,0,0,0,-15.312
2025-01-11 17:00,0,0,0,-15.638
2025-01-11 18:00,0,0,0,-15.901
2025-01-11 19:00,0,0,0,-16.178
2025-01-11 20:00,0,0,0,-16.403
2025-01-11 21:00,0,0,0,-16.511
2025-01-11 22:00,0,0,0,-16.572
2025-01-11 23:00,0.017,0.025,0.009,-16.500
2025-01-12 00:00,0.315,0.259,0.060,-14.041
2025-01-12 01:00,0.556,0.490,0.083,-11.335
2025-01-12 02:00,0.700,0.653,0.096,-8.454
2025-01-12 03:00,0.766,0.738,0.102,-6.671
2025-01-12 04:00,0.766,0.741,0.102,-5.879
2025-01-12 05:00,0.697,0.661,0.096,-5.451
2025-01-12 06:00,0.552,0.501,0.085,-5.425
2025-01-12 07:00,0.317,0.269,0.063,-6.167
2025-01-12 08:00,0.049,0.056,0.012,-8.082
2025-01-12 09:00,0,0,0,-9.240
2025-01-12 10:00,0,0,0,-10.225
2025-01-12 11:00,0,0,0,-10.962
2025-01-12 12:00,0,0,0,-11.080
2025-01-12 13:00,0,0,0,-10.845
2025-01-12 14:00,0,0,0,-10.877
2025-01-12 15:00,0,0,0,-11.206
2025-01-12 16:00,0,0,0,-11.576
2025-01-12 17:00,0,0,0,-11.413
2025-01-12 18:00,0,0,0,-11.100
2025-01-12 19:00,0,0,0,-10.677
2025-01-12 20:00,0,0,0,-10.337
2025-01-12 21:00,0,0,0,-10.078
2025-01-12 22:00,0,0,0,-9.918
2025-01-12 23:00,0,0.005,0.008,-9.985
2025-01-13 00:00,0.200,0.141,0.072,-8.723
2025-01-13 01:00,0.511,0.441,0.094,-6.643
2025-01-13 02:00,0.666,0.617,0.105,-4.558
2025-01-13 03:00,0.736,0.703,0.112,-3.577
2025-01-13 04:00,0.719,0.677,0.118,-3.135
2025-01-13 05:00,0.635,0.575,0.116,-3.033
2025-01-13 06:00,0.507,0.443,0.098,-3.316
2025-01-13 07:00,0.287,0.235,0.070,-4.278
2025-01-13 08:00,0.045,0.051,0.013,-7.177
2025-01-13 09:00,0,0,0,-9.130
2025-01-13 10:00,0,0,0,-10.103
2025-01-13 11:00,0,0,0,-11.011
2025-01-13 12:00,0,0,0,-11.823
2025-01-13 13:00,0,0,0,-12.536
2025-01-13 14:00,0,0,0,-13.132
2025-01-13 15:00,0,0,0,-13.610
2025-01-13 16:00,0,0,0,-13.912
2025-01-13 17:00,0,0,0,-14.019
2025-01-13 18:00,0,0,0,-13.672
2025-01-13 19:00,0,0,0,-13.240
2025-01-13 20:00,0,0,0,-12.877
2025-01-13 21:00,0,0,0,-12.465
2025-01-13 22:00,0,0,0,-12.198
2025-01-13 23:00,0,0.002,0.006,-11.999
2025-01-14 00:00,0.070,0.026,0.062,-10.681
2025-01-14 01:00,0.232,0.109,0.135,-9.228
2025-01-14 02:00,0.400,0.239,0.174,-8.214
2025-01-14 03:00,0.605,0.479,0.162,-7.499
2025-01-14 04:00,0.628,0.511,0.157,-7.391
2025-01-14 05:00,0.589,0.482,0.140,-7.746
2025-01-14 06:00,0.462,0.362,0.117,-8.539
2025-01-14 07:00,0.260,0.192,0.078,-9.611
2025-01-14 08:00,0.038,0.042,0.014,-11.098
2025-01-14 09:00,0,0,0,-12.219
2025-01-14 10:00,0,0,0,-12.794
2025-01-14 11:00,0,0,0,-13.373
2025-01-14 12:00,0,0,0,-13.909
2025-01-14 13:00,0,0,0,-14.261
2025-01-14 14:00,0,0,0,-14.481
2025-01-14 15:00,0,0,0,-14.913
2025-01-14 16:00,0,0,0,-15.675
2025-01-14 17:00,0,0,0,-16.248
2025-01-14 18:00,0,0,0,-16.645
2025-01-14 19:00,0,0,0,-16.919
2025-01-14 20:00,0,0,0,-17.098
2025-01-14 21:00,0,0,0,-17.099
2025-01-14 22:00,0,0,0,-16.885
2025-01-14 23:00,0.027,0.034,0.011,-16.380
2025-01-15 00:00,0.352,0.297,0.058,-13.610
2025-01-15 01:00,0.575,0.517,0.080,-10.452
2025-01-15 02:00,0.708,0.671,0.093,-7.313
2025-01-15 03:00,0.771,0.754,0.100,-4.897
2025-01-15 04:00,0.763,0.751,0.101,-3.190
2025-01-15 05:00,0.690,0.666,0.096,-2.119
2025-01-15 06:00,0.545,0.502,0.086,-1.824
2025-01-15 07:00,0.314,0.269,0.065,-2.863
2025-01-15 08:00,0.057,0.063,0.013,-6.003
2025-01-15 09:00,0,0,0,-7.744
2025-01-15 10:00,0,0,0,-8.616
2025-01-15 11:00,0,0,0,-9.274
2025-01-15 12:00,0,0,0,-9.669
2025-01-15 13:00,0,0,0,-9.765
2025-01-15 14:00,0,0,0,-9.684
2025-01-15 15:00,0,0,0,-9.859
2025-01-15 16:00,0,0,0,-10.186
2025-01-15 17:00,0,0,0,-10.511
2025-01-15 18:00,0,0,0,-10.929
2025-01-15 19:00,0,0,0,-11.090
2025-01-15 20:00,0,0,0,-11.199
2025-01-15 21:00,0,0,0,-11.238
2025-01-15 22:00,0,0,0,-11.334
2025-01-15 23:00,0.036,0.043,0.010,-11.504
2025-01-16 00:00,0.368,0.322,0.055,-9.744
2025-01-16 01:00,0.588,0.546,0.076,-7.250
2025-01-16 02:00,0.718,0.700,0.088,-4.192
2025-01-16 03:00,0.778,0.783,0.094,-2.045
2025-01-16 04:00,0.773,0.778,0.096,-1.170
2025-01-16 05:00,0.702,0.692,0.092,-0.813
2025-01-16 06:00,0.562,0.530,0.081,-0.879
2025-01-16 07:00,0.335,0.295,0.061,-1.882
2025-01-16 08:00,0.071,0.078,0.013,-3.907
2025-01-16 09:00,0,0,0,-4.969
2025-01-16 10:00,0,0,0,-6.623
2025-01-16 11:00,0,0,0,-7.918
2025-01-16 12:00,0,0,0,-8.587
2025-01-16 13:00,0,0,0,-9.102
2025-01-16 14:00,0,0,0,-9.581
2025-01-16 15:00,0,0,0,-10.089
2025-01-16 16:00,0,0,0,-10.565
2025-01-16 17:00,0,0,0,-10.885
2025-01-16 18:00,0,0,0,-11.039
2025-01-16 19:00,0,0,0,-11.097
2025-01-16 20:00,0,0,0,-11.134
2025-01-16 21:00,0,0,0,-11.115
2025-01-16 22:00,0,0,0,-11.136
2025-01-16 23:00,0.038,0.045,0.011,-10.963
2025-01-17 00:00,0.359,0.314,0.057,-8.228
2025-01-17 01:00,0.575,0.534,0.079,-5.139
2025-01-17 02:00,0.705,0.689,0.091,-2.287
2025-01-17 03:00,0.760,0.768,0.098,0.746
2025-01-17 04:00,0.751,0.767,0.099,3.103
2025-01-17 05:00,0.681,0.684,0.094,4.330
2025-01-17 06:00,0.549,0.529,0.082,4.394
2025-01-17 07:00,0.331,0.297,0.062,2.353
2025-01-17 08:00,0.075,0.083,0.013,-0.998
2025-01-17 09:00,0,0,0,-2.753
2025-01-17 10:00,0,0,0,-3.674
2025-01-17 11:00,0,0,0,-4.628
2025-01-17 12:00,0,0,0,-5.508
2025-01-17 13:00,0,0,0,-6.172
2025-01-17 14:00,0,0,0,-6.738
2025-01-17 15:00,0,0,0,-7.203
2025-01-17 16:00,0,0,0,-7.643
2025-01-17 17:00,0,0,0,-8.074
2025-01-17 18:00,0,0,0,-8.489
2025-01-17 19:00,0,0,0,-8.951
2025-01-17 20:00,0,0,0,-9.358
2025-01-17 21:00,0,0,0,-9.648
2025-01-17 22:00,0,0,0,-9.861
2025-01-17 23:00,0.035,0.041,0.011,-9.794
2025-01-18 00:00,0.336,0.288,0.062,-7.079
2025-01-18 01:00,0.555,0.508,0.085,-3.826
2025-01-18 02:00,0.687,0.664,0.098,-1.347
2025-01-18 03:00,0.755,0.762,0.101,1.450
2025-01-18 04:00,0.747,0.756,0.103,2.951
2025-01-18 05:00,0.676,0.667,0.099,3.267
2025-01-18 06:00,0.532,0.497,0.090,2.850
2025-01-18 07:00,0.300,0.255,0.070,1.037
2025-01-18 08:00,0.055,0.060,0.015,-2.419
2025-01-18 09:00,0,0,0,-4.631
2025-01-18 10:00,0,0,0,-5.769
2025-01-18 11:00,0,0,0,-6.807
2025-01-18 12:00,0,0,0,-7.817
2025-01-18 13:00,0,0,0,-8.658
2025-01-18 14:00,0,0,0,-9.177
2025-01-18 15:00,0,0,0,-9.340
2025-01-18 16:00,0,0,0,-9.393
2025-01-18 17:00,0,0,0,-9.572
2025-01-18 18:00,0,0,0,-9.707
2025-01-18 19:00,0,0,0,-10.014
2025-01-18 20:00,0,0,0,-10.179
2025-01-18 21:00,0,0,0,-10.250
2025-01-18 22:00,0,0,0,-10.360
2025-01-18 23:00,0.038,0.045,0.012,-10.254
2025-01-19 00:00,0.345,0.295,0.063,-7.822
2025-01-19 01:00,0.565,0.515,0.086,-5.212
2025-01-19 02:00,0.697,0.672,0.099,-2.253
2025-01-19 03:00,0.763,0.760,0.104,-0.417
2025-01-19 04:00,0.756,0.753,0.106,0.332
2025-01-19 05:00,0.679,0.655,0.104,0.553
2025-01-19 06:00,0.512,0.456,0.099,0.294
2025-01-19 07:00,0.233,0.171,0.082,-0.748
2025-01-19 08:00,0.021,0.021,0.019,-3.646
2025-01-19 09:00,0,0,0,-4.809
2025-01-19 10:00,0,0,0,-4.451
2025-01-19 11:00,0,0,0,-4.168
2025-01-19 12:00,0,0,0,-4.611
2025-01-19 13:00,0,0,0,-5.702
2025-01-19 14:00,0,0,0,-6.940
2025-01-19 15:00,0,0,0,-7.862
2025-01-19 16:00,0,0,0,-8.534
2025-01-19 17:00,0,0,0,-8.971
2025-01-19 18:00,0,0,0,-9.303
2025-01-19 19:00,0,0,0,-9.633
2025-01-19 20:00,0,0,0,-9.944
2025-01-19 21:00,0,0,0,-10.236
2025-01-19 22:00,0,0,0,-10.503
2025-01-19 23:00,0.041,0.046,0.013,-10.517
2025-01-20 00:00,0.340,0.286,0.066,-8.158
2025-01-20 01:00,0.548,0.490,0.092,-4.976
2025-01-20 02:00,0.663,0.616,0.112,-2.370
2025-01-20 03:00,0.702,0.664,0.125,0.525
2025-01-20 04:00,0.623,0.547,0.150,2.647
2025-01-20 05:00,0.528,0.435,0.149,3.621
2025-01-20 06:00,0.449,0.376,0.116,3.744
2025-01-20 07:00,0.250,0.192,0.082,2.170
2025-01-20 08:00,0.026,0.025,0.020,-0.938
2025-01-20 09:00,0,0,0,-2.960
2025-01-20 10:00,0,0,0,-4.077
2025-01-20 11:00,0,0,0,-4.887
2025-01-20 12:00,0,0,0,-5.941
2025-01-20 13:00,0,0,0,-7.031
2025-01-20 14:00,0,0,0,-7.820
2025-01-20 15:00,0,0,0,-8.497
2025-01-20 16:00,0,0,0,-9.144
2025-01-20 17:00,0,0,0,-9.746
2025-01-20 18:00,0,0,0,-10.277
2025-01-20 19:00,0,0,0,-10.776
2025-01-20 20:00,0,0,0,-11.247
2025-01-20 21:00,0,0,0,-11.608
2025-01-20 22:00,0,0,0,-11.860
2025-01-20 23:00,0.057,0.061,0.013,-11.744
2025-01-21 00:00,0.393,0.348,0.057,-9.088
2025-01-21 01:00,0.607,0.569,0.076,-6.560
2025-01-21 02:00,0.737,0.724,0.088,-4.480
2025-01-21 03:00,0.803,0.811,0.093,-3.418
2025-01-21 04:00,0.799,0.807,0.094,-2.758
2025-01-21 05:00,0.730,0.722,0.090,-2.442
2025-01-21 06:00,0.585,0.552,0.081,-2.536
2025-01-21 07:00,0.359,0.318,0.062,-3.223
2025-01-21 08:00,0.070,0.068,0.021,-5.896
2025-01-21 09:00,0,0,0,-8.145
2025-01-21 10:00,0,0,0,-9.102
2025-01-21 11:00,0,0,0,-9.877
2025-01-21 12:00,0,0,0,-10.517
2025-01-21 13:00,0,0,0,-11.067
2025-01-21 14:00,0,0,0,-11.527
2025-01-21 15:00,0,0,0,-11.931
2025-01-21 16:00,0,0,0,-12.329
2025-01-21 17:00,0,0,0,-12.679
2025-01-21 18:00,0,0,0,-12.974
2025-01-21 19:00,0,0,0,-13.180
2025-01-21 20:00,0,0,0,-13.351
2025-01-21 21:00,0,0,0,-13.507
2025-01-21 22:00,0,0,0,-13.627
2025-01-21 23:00,0.058,0.062,0.013,-13.388
2025-01-22 00:00,0.378,0.325,0.061,-10.346
2025-01-22 01:00,0.590,0.539,0.083,-7.739
2025-01-22 02:00,0.716,0.689,0.097,-4.363
2025-01-22 03:00,0.774,0.766,0.104,-2.390
2025-01-22 04:00,0.769,0.763,0.105,-1.250
2025-01-22 05:00,0.698,0.679,0.100,-0.534
2025-01-22 06:00,0.552,0.510,0.091,-0.311
2025-01-22 07:00,0.333,0.287,0.069,-0.878
2025-01-22 08:00,0.062,0.060,0.023,-3.145
2025-01-22 09:00,0,0,0,-4.803
2025-01-22 10:00,0,0,0,-5.939
2025-01-22 11:00,0,0,0,-7.062
2025-01-22 12:00,0,0,0,-8.089
2025-01-22 13:00,0,0,0,-8.750
2025-01-22 14:00,0,0,0,-9.181
2025-01-22 15:00,0,0,0,-9.545
2025-01-22 16:00,0,0,0,-9.910
2025-01-22 17:00,0,0,0,-10.227
2025-01-22 18:00,0,0,0,-10.510
2025-01-22 19:00,0,0,0,-10.738
2025-01-22 20:00,0,0,0,-10.943
2025-01-22 21:00,0,0,0,-11.098
2025-01-22 22:00,0,0,0,-11.241
2025-01-22 23:00,0.039,0.041,0.015,-11.125
2025-01-23 00:00,0.315,0.254,0.073,-8.604
2025-01-23 01:00,0.537,0.469,0.099,-5.763
2025-01-23 02:00,0.674,0.625,0.112,-3.342
2025-01-23 03:00,0.749,0.729,0.115,-0.953
2025-01-23 04:00,0.740,0.724,0.117,0.950
2025-01-23 05:00,0.666,0.637,0.112,2.103
2025-01-23 06:00,0.518,0.467,0.102,2.437
2025-01-23 07:00,0.293,0.239,0.079,1.677
2025-01-23 08:00,0.044,0.040,0.024,-0.993
2025-01-23 09:00,0,0,0,-3.277
2025-01-23 10:00,0,0,0,-4.591
2025-01-23 11:00,0,0,0,-5.568
2025-01-23 12:00,0,0,0,-6.432
2025-01-23 13:00,0,0,0,-7.424
2025-01-23 14:00,0,0,0,-8.560
2025-01-23 15:00,0,0,0,-9.476
2025-01-23 16:00,0,0,0,-9.912
2025-01-23 17:00,0,0,0,-10.183
2025-01-23 18:00,0,0,0,-10.471
2025-01-23 19:00,0,0,0,-10.767
2025-01-23 20:00,0,0,0,-11.127
2025-01-23 21:00,0,0,0,-11.496
2025-01-23 22:00,0,0,0,-11.776
2025-01-23 23:00,0.016,0.017,0.015,-11.780
2025-01-24 00:00,0.181,0.107,0.086,-10.466
2025-01-24 01:00,0.413,0.297,0.129,-8.751
2025-01-24 02:00,0.657,0.581,0.123,-6.657
2025-01-24 03:00,0.755,0.717,0.119,-4.315
2025-01-24 04:00,0.753,0.724,0.118,-2.493
2025-01-24 05:00,0.686,0.647,0.112,-1.547
2025-01-24 06:00,0.541,0.484,0.101,-1.231
2025-01-24 07:00,0.321,0.266,0.077,-1.669
2025-01-24 08:00,0.057,0.051,0.025,-4.234
2025-01-24 09:00,0,0,0,-6.545
2025-01-24 10:00,0,0,0,-7.647
2025-01-24 11:00,0,0,0,-8.319
2025-01-24 12:00,0,0,0,-8.410
2025-01-24 13:00,0,0,0,-8.166
2025-01-24 14:00,0,0,0,-8.127
2025-01-24 15:00,0,0,0,-8.503
2025-01-24 16:00,0,0,0,-8.946
2025-01-24 17:00,0,0,0,-9.132
2025-01-24 18:00,0,0,0,-9.269
2025-01-24 19:00,0,0,0,-9.549
2025-01-24 20:00,0,0,0,-9.868
2025-01-24 21:00,0,0,0,-10.144
2025-01-24 22:00,0,0,0,-10.201
2025-01-24 23:00,0.044,0.045,0.017,-10.216
2025-01-25 00:00,0.290,0.215,0.086,-8.902
2025-01-25 01:00,0.495,0.393,0.125,-7.128
2025-01-25 02:00,0.589,0.474,0.157,-4.512
2025-01-25 03:00,0.589,0.449,0.188,-2.373
2025-01-25 04:00,0.529,0.365,0.205,-1.352
2025-01-25 05:00,0.378,0.200,0.204,-0.863
2025-01-25 06:00,0.236,0.096,0.160,-0.869
2025-01-25 07:00,0.108,0.036,0.092,-1.629
2025-01-25 08:00,0.008,0.005,0.019,-3.807
2025-01-25 09:00,0,0,0,-5.176
2025-01-25 10:00,0,0,0,-5.709
2025-01-25 11:00,0,0,0,-6.167
2025-01-25 12:00,0,0,0,-6.519
2025-01-25 13:00,0,0,0,-6.688
2025-01-25 14:00,0,0,0,-6.847
2025-01-25 15:00,0,0,0,-6.930
2025-01-25 16:00,0,0,0,-6.834
2025-01-25 17:00,0,0,0,-6.682
2025-01-25 18:00,0,0,0,-6.570
2025-01-25 19:00,0,0,0,-6.418
2025-01-25 20:00,0,0,0,-6.339
2025-01-25 21:00,0,0,0,-6.428
2025-01-25 22:00,0,0,0,-6.642
2025-01-25 23:00,0,0,0.003,-6.765
2025-01-26 00:00,0.005,0.001,0.020,-6.646
2025-01-26 01:00,0.028,0.001,0.045,-6.639
2025-01-26 02:00,0.055,0.002,0.072,-6.673
2025-01-26 03:00,0.073,0.003,0.088,-6.730
2025-01-26 04:00,0.079,0.003,0.095,-6.863
2025-01-26 05:00,0.069,0.003,0.085,-7.174
2025-01-26 06:00,0.045,0.002,0.062,-7.770
2025-01-26 07:00,0.017,0.001,0.033,-8.610
2025-01-26 08:00,0,0,0.007,-9.578
2025-01-26 09:00,0,0,0,-10.361
2025-01-26 10:00,0,0,0,-10.887
2025-01-26 11:00,0,0,0,-11.332
2025-01-26 12:00,0,0,0,-11.721
2025-01-26 13:00,0,0,0,-12.104
2025-01-26 14:00,0,0,0,-12.461
2025-01-26 15:00,0,0,0,-12.842
2025-01-26 16:00,0,0,0,-13.268
2025-01-26 17:00,0,0,0,-13.639
2025-01-26 18:00,0,0,0,-13.983
2025-01-26 19:00,0,0,0,-14.302
2025-01-26 20:00,0,0,0,-14.589
2025-01-26 21:00,0,0,0,-14.899
2025-01-26 22:00,0,0,0,-15.213
2025-01-26 23:00,0.019,0.014,0.021,-15.427
2025-01-27 00:00,0.238,0.148,0.095,-14.920
2025-01-27 01:00,0.459,0.325,0.139,-13.991
2025-01-27 02:00,0.586,0.435,0.167,-12.925
2025-01-27 03:00,0.595,0.417,0.197,-12.090
2025-01-27 04:00,0.472,0.258,0.223,-11.686
2025-01-27 05:00,0.320,0.121,0.205,-11.614
2025-01-27 06:00,0.201,0.058,0.153,-11.862
2025-01-27 07:00,0.102,0.028,0.089,-12.415
2025-01-27 08:00,0.014,0.007,0.023,-13.388
2025-01-27 09:00,0,0,0,-14.344
2025-01-27 10:00,0,0,0,-15.098
2025-01-27 11:00,0,0,0,-15.767
2025-01-27 12:00,0,0,0,-16.323
2025-01-27 13:00,0,0,0,-16.789
2025-01-27 14:00,0,0,0,-17.190
2025-01-27 15:00,0,0,0,-17.542
2025-01-27 16:00,0,0,0,-17.828
2025-01-27 17:00,0,0,0,-18.061
2025-01-27 18:00,0,0,0,-18.286
2025-01-27 19:00,0,0,0,-18.510
2025-01-27 20:00,0,0,0,-18.723
2025-01-27 21:00,0,0,0,-18.840
2025-01-27 22:00,0,0,0,-18.939
2025-01-27 23:00,0.072,0.066,0.020,-18.835
2025-01-28 00:00,0.414,0.347,0.064,-17.165
2025-01-28 01:00,0.646,0.581,0.080,-15.230
2025-01-28 02:00,0.789,0.748,0.090,-13.544
2025-01-28 03:00,0.856,0.835,0.094,-12.271
2025-01-28 04:00,0.856,0.839,0.094,-11.469
2025-01-28 05:00,0.788,0.759,0.089,-10.954
2025-01-28 06:00,0.645,0.596,0.079,-10.828
2025-01-28 07:00,0.416,0.361,0.063,-11.327
2025-01-28 08:00,0.104,0.092,0.027,-13.097
2025-01-28 09:00,0,0,0,-15.527
2025-01-28 10:00,0,0,0,-16.612
2025-01-28 11:00,0,0,0,-17.416
2025-01-28 12:00,0,0,0,-18.126
2025-01-28 13:00,0,0,0,-18.645
2025-01-28 14:00,0,0,0,-19.006
2025-01-28 15:00,0,0,0,-19.418
2025-01-28 16:00,0,0,0,-19.804
2025-01-28 17:00,0,0,0,-20.115
2025-01-28 18:00,0,0,0,-20.314
2025-01-28 19:00,0,0,0,-20.497
2025-01-28 20:00,0,0,0,-20.645
2025-01-28 21:00,0,0,0,-20.774
2025-01-28 22:00,0,0,0,-20.794
2025-01-28 23:00,0.114,0.108,0.016,-20.278
2025-01-29 00:00,0.454,0.393,0.058,-17.200
2025-01-29 01:00,0.673,0.618,0.075,-14.967
2025-01-29 02:00,0.809,0.779,0.085,-13.304
2025-01-29 03:00,0.871,0.859,0.091,-11.968
2025-01-29 04:00,0.867,0.858,0.091,-11.031
2025-01-29 05:00,0.796,0.773,0.087,-10.407
2025-01-29 06:00,0.641,0.591,0.081,-10.236
2025-01-29 07:00,0.421,0.367,0.063,-10.780
2025-01-29 08:00,0.106,0.093,0.028,-12.852
2025-01-29 09:00,0,0,0,-15.520
2025-01-29 10:00,0,0,0,-16.645
2025-01-29 11:00,0,0,0,-17.564
2025-01-29 12:00,0,0,0,-18.346
2025-01-29 13:00,0,0,0,-18.917
2025-01-29 14:00,0,0,0,-19.393
2025-01-29 15:00,0,0,0,-19.837
2025-01-29 16:00,0,0,0,-20.165
2025-01-29 17:00,0,0,0,-20.453
2025-01-29 18:00,0,0,0,-20.661
2025-01-29 19:00,0,0,0,-20.772
2025-01-29 20:00,0,0,0,-20.876
2025-01-29 21:00,0,0,0,-20.941
2025-01-29 22:00,0,0,0,-20.950
2025-01-29 23:00,0.092,0.085,0.019,-20.270
2025-01-30 00:00,0.338,0.250,0.087,-17.201
2025-01-30 01:00,0.493,0.365,0.132,-14.733
2025-01-30 02:00,0.572,0.417,0.170,-12.840
2025-01-30 03:00,0.592,0.417,0.196,-11.228
2025-01-30 04:00,0.560,0.377,0.205,-9.897
2025-01-30 05:00,0.465,0.283,0.197,-8.962
2025-01-30 06:00,0.365,0.215,0.161,-8.484
2025-01-30 07:00,0.212,0.118,0.107,-8.620
2025-01-30 08:00,0.035,0.021,0.032,-10.404
2025-01-30 09:00,0,0,0,-12.391
2025-01-30 10:00,0,0,0,-13.392
2025-01-30 11:00,0,0,0,-14.007
2025-01-30 12:00,0,0,0,-14.544
2025-01-30 13:00,0,0,0,-15.214
2025-01-30 14:00,0,0,0,-15.832
2025-01-30 15:00,0,0,0,-16.335
2025-01-30 16:00,0,0,0,-17.075
2025-01-30 17:00,0,0,0,-17.929
2025-01-30 18:00,0,0,0,-18.377
2025-01-30 19:00,0,0,0,-18.205
2025-01-30 20:00,0,0,0,-17.907
2025-01-30 21:00,0,0,0,-17.775
2025-01-30 22:00,0,0,0,-17.891
2025-01-30 23:00,0.047,0.039,0.024,-17.493
2025-01-31 00:00,0.309,0.222,0.089,-15.273
2025-01-31 01:00,0.587,0.497,0.105,-12.974
2025-01-31 02:00,0.735,0.665,0.117,-10.963
2025-01-31 03:00,0.799,0.744,0.124,-9.529
2025-01-31 04:00,0.793,0.740,0.126,-8.516
2025-01-31 05:00,0.719,0.655,0.121,-7.760
2025-01-31 06:00,0.556,0.470,0.114,-7.424
2025-01-31 07:00,0.327,0.249,0.090,-7.729
2025-01-31 08:00,0.067,0.050,0.035,-9.849
2025-01-31 09:00,0,0,0,-12.472
2025-01-31 10:00,0,0,0,-13.536
2025-01-31 11:00,0,0,0,-14.208
2025-01-31 12:00,0,0,0,-14.514
2025-01-31 13:00,0,0,0,-14.717
2025-01-31 14:00,0,0,0,-14.976
2025-01-31 15:00,0,0,0,-15.443
2025-01-31 16:00,0,0,0,-15.897
2025-01-31 17:00,0,0,0,-16.206
2025-01-31 18:00,0,0,0,-16.434
2025-01-31 19:00,0,0,0,-16.588
2025-01-31 20:00,0,0,0,-16.566
2025-01-31 21:00,0,0,0,-16.420
2025-01-31 22:00,0,0,0,-16.342
2025-01-31 23:00,0.049,0.041,0.024,-15.700
2025-02-01 00:00,0.239,0.148,0.099,-12.603
2025-02-01 01:00,0.466,0.341,0.138,-9.920
2025-02-01 02:00,0.618,0.503,0.154,-7.083
2025-02-01 03:00,0.709,0.620,0.155,-4.887
2025-02-01 04:00,0.715,0.638,0.152,-3.111
2025-02-01 05:00,0.646,0.563,0.145,-1.867
2025-02-01 06:00,0.495,0.400,0.132,-1.425
2025-02-01 07:00,0.286,0.205,0.101,-2.356
2025-02-01 08:00,0.052,0.034,0.036,-5.784
2025-02-01 09:00,0,0,0,-8.558
2025-02-01 10:00,0,0,0,-9.849
2025-02-01 11:00,0,0,0,-10.544
2025-02-01 12:00,0,0,0,-11.018
2025-02-01 13:00,0,0,0,-11.480
2025-02-01 14:00,0,0,0,-11.965
2025-02-01 15:00,0,0,0,-12.392
2025-02-01 16:00,0,0,0,-12.462
2025-02-01 17:00,0,0,0,-12.230
2025-02-01 18:00,0,0,0,-11.954
2025-02-01 19:00,0,0,0,-11.806
2025-02-01 20:00,0,0,0,-12.251
2025-02-01 21:00,0,0,0,-13.325
2025-02-01 22:00,0,0,0,-14.233
2025-02-01 23:00,0.120,0.110,0.023,-14.334
2025-02-02 00:00,0.435,0.375,0.067,-12.137
2025-02-02 01:00,0.653,0.602,0.085,-10.320
2025-02-02 02:00,0.793,0.768,0.094,-9.098
2025-02-02 03:00,0.858,0.853,0.100,-8.332
2025-02-02 04:00,0.856,0.851,0.101,-7.964
2025-02-02 05:00,0.786,0.762,0.097,-7.786
2025-02-02 06:00,0.639,0.589,0.089,-7.923
2025-02-02 07:00,0.397,0.333,0.076,-8.550
2025-02-02 08:00,0.102,0.082,0.036,-10.330
2025-02-02 09:00,0,0,0,-12.820
2025-02-02 10:00,0,0,0,-14.008
2025-02-02 11:00,0,0,0,-14.867
2025-02-02 12:00,0,0,0,-15.502
2025-02-02 13:00,0,0,0,-16.015
2025-02-02 14:00,0,0,0,-16.351
2025-02-02 15:00,0,0,0,-16.695
2025-02-02 16:00,0,0,0,-16.999
2025-02-02 17:00,0,0,0,-17.227
2025-02-02 18:00,0,0,0,-17.367
2025-02-02 19:00,0,0,0,-17.520
2025-02-02 20:00,0,0,0,-17.728
2025-02-02 21:00,0,0,0,-17.884
2025-02-02 22:00,0,0,0,-18.040
2025-02-02 23:00,0.149,0.138,0.021,-17.667
2025-02-03 00:00,0.456,0.390,0.067,-15.535
2025-02-03 01:00,0.674,0.612,0.085,-14.214
2025-02-03 02:00,0.811,0.770,0.097,-13.266
2025-02-03 03:00,0.868,0.837,0.106,-12.557
2025-02-03 04:00,0.826,0.771,0.120,-12.108
2025-02-03 05:00,0.737,0.660,0.121,-11.872
2025-02-03 06:00,0.564,0.463,0.117,-11.916
2025-02-03 07:00,0.314,0.222,0.098,-12.359
2025-02-03 08:00,0.073,0.051,0.039,-13.270
2025-02-03 09:00,0,0,0,-14.549
2025-02-03 10:00,0,0,0,-15.671
2025-02-03 11:00,0,0,0,-16.572
2025-02-03 12:00,0,0,0,-17.263
2025-02-03 13:00,0,0,0,-17.778
2025-02-03 14:00,0,0,0,-18.134
2025-02-03 15:00,0,0,0,-18.356
2025-02-03 16:00,0,0,0,-18.621
2025-02-03 17:00,0,0,0,-18.999
2025-02-03 18:00,0,0,0,-19.541
2025-02-03 19:00,0,0,0,-20.039
2025-02-03 20:00,0,0,0,-20.417
2025-02-03 21:00,0,0,0,-20.722
2025-02-03 22:00,0,0,0,-20.922
2025-02-03 23:00,0.159,0.144,0.022,-20.143
2025-02-04 00:00,0.423,0.339,0.082,-16.808
2025-02-04 01:00,0.616,0.519,0.113,-13.881
2025-02-04 02:00,0.726,0.630,0.137,-11.921
2025-02-04 03:00,0.746,0.634,0.162,-10.750
2025-02-04 04:00,0.552,0.349,0.223,-10.237
2025-02-04 05:00,0.345,0.135,0.219,-10.176
2025-02-04 06:00,0.211,0.059,0.164,-10.311
2025-02-04 07:00,0.118,0.031,0.102,-10.616
2025-02-04 08:00,0.028,0.011,0.034,-11.461
2025-02-04 09:00,0,0,0,-12.868
2025-02-04 10:00,0,0,0,-13.539
2025-02-04 11:00,0,0,0,-14.236
2025-02-04 12:00,0,0,0,-15.267
2025-02-04 13:00,0,0,0,-16.546
2025-02-04 14:00,0,0,0,-17.742
2025-02-04 15:00,0,0,0,-18.585
2025-02-04 16:00,0,0,0,-19.148
2025-02-04 17:00,0,0,0,-19.637
2025-02-04 18:00,0,0,0,-20.061
2025-02-04 19:00,0,0,0,-20.448
2025-02-04 20:00,0,0,0,-20.796
2025-02-04 21:00,0,0,0,-21.109
2025-02-04 22:00,0,0,0,-21.200
2025-02-04 23:00,0.168,0.149,0.025,-20.338
2025-02-05 00:00,0.471,0.398,0.071,-17.047
2025-02-05 01:00,0.683,0.617,0.090,-14.342
2025-02-05 02:00,0.813,0.770,0.103,-12.324
2025-02-05 03:00,0.870,0.845,0.111,-10.699
2025-02-05 04:00,0.826,0.777,0.126,-9.481
2025-02-05 05:00,0.686,0.586,0.144,-8.797
2025-02-05 06:00,0.487,0.360,0.146,-8.679
2025-02-05 07:00,0.256,0.154,0.113,-9.105
2025-02-05 08:00,0.049,0.026,0.041,-10.342
2025-02-05 09:00,0,0,0,-12.310
2025-02-05 10:00,0,0,0,-13.053
2025-02-05 11:00,0,0,0,-13.382
2025-02-05 12:00,0,0,0,-13.354
2025-02-05 13:00,0,0,0,-13.362
2025-02-05 14:00,0,0,0,-13.705
2025-02-05 15:00,0,0,0,-14.379
2025-02-05 16:00,0,0,0,-15.275
2025-02-05 17:00,0,0,0,-16.087
2025-02-05 18:00,0,0,0,-16.556
2025-02-05 19:00,0,0,0,-16.939
2025-02-05 20:00,0,0,0,-17.261
2025-02-05 21:00,0,0,0,-17.607
2025-02-05 22:00,0,-0,0,-17.967
2025-02-05 23:00,0.177,0.160,0.024,-17.437
2025-02-06 00:00,0.456,0.384,0.074,-14.781
2025-02-06 01:00,0.673,0.609,0.093,-12.534
2025-02-06 02:00,0.770,0.707,0.117,-11.260
2025-02-06 03:00,0.799,0.724,0.138,-10.891
2025-02-06 04:00,0.751,0.645,0.157,-10.961
2025-02-06 05:00,0.658,0.530,0.159,-11.279
2025-02-06 06:00,0.521,0.393,0.141,-11.993
2025-02-06 07:00,0.292,0.186,0.111,-13.089
2025-02-06 08:00,0.076,0.046,0.045,-14.493
2025-02-06 09:00,0,0,0,-15.919
2025-02-06 10:00,0,0,0,-16.886
2025-02-06 11:00,0,0,0,-17.627
2025-02-06 12:00,0,0,0,-18.187
2025-02-06 13:00,0,0,0,-18.595
2025-02-06 14:00,0,0,0,-18.868
2025-02-06 15:00,0,0,0,-19.176
2025-02-06 16:00,0,0,0,-19.503
2025-02-06 17:00,0,0,0,-19.828
2025-02-06 18:00,0,0,0,-20.237
2025-02-06 19:00,0,0,0,-20.656
2025-02-06 20:00,0,0,0,-21.037
2025-02-06 21:00,0,0,0,-21.120
2025-02-06 22:00,0,-0,0,-20.901
2025-02-06 23:00,0.176,0.155,0.026,-20.364
2025-02-07 00:00,0.447,0.363,0.078,-18.787
2025-02-07 01:00,0.648,0.556,0.103,-16.771
2025-02-07 02:00,0.771,0.689,0.121,-14.815
2025-02-07 03:00,0.827,0.754,0.131,-13.464
2025-02-07 04:00,0.822,0.749,0.133,-12.758
2025-02-07 05:00,0.715,0.611,0.141,-12.566
2025-02-07 06:00,0.557,0.438,0.132,-12.845
2025-02-07 07:00,0.342,0.242,0.103,-13.578
2025-02-07 08:00,0.108,0.075,0.046,-14.813
2025-02-07 09:00,0,0,0,-16.078
2025-02-07 10:00,0,0,0,-16.535
2025-02-07 11:00,0,0,0,-16.775
2025-02-07 12:00,0,0,0,-16.945
2025-02-07 13:00,0,0,0,-17.121
2025-02-07 14:00,0,0,0,-17.219
2025-02-07 15:00,0,0,0,-17.275
2025-02-07 16:00,0,0,0,-17.291
2025-02-07 17:00,0,0,0,-17.382
2025-02-07 18:00,0,0,0,-17.614
2025-02-07 19:00,0,0,0,-17.882
2025-02-07 20:00,0,0,0,-18.115
2025-02-07 21:00,0,0,0,-18.544
2025-02-07 22:00,0,-0,0,-18.955
2025-02-07 23:00,0.195,0.174,0.026,-18.679
2025-02-08 00:00,0.475,0.403,0.071,-16.738
2025-02-08 01:00,0.686,0.621,0.089,-14.345
2025-02-08 02:00,0.815,0.777,0.101,-12.012
2025-02-08 03:00,0.874,0.857,0.108,-10.073
2025-02-08 04:00,0.868,0.856,0.109,-8.623
2025-02-08 05:00,0.798,0.771,0.104,-7.752
2025-02-08 06:00,0.654,0.603,0.095,-7.467
2025-02-08 07:00,0.424,0.358,0.081,-7.820
2025-02-08 08:00,0.136,0.107,0.044,-9.674
2025-02-08 09:00,0,0,0,-12.905
2025-02-08 10:00,0,0,0,-14.077
2025-02-08 11:00,0,0,0,-15.011
2025-02-08 12:00,0,0,0,-15.887
2025-02-08 13:00,0,0,0,-16.734
2025-02-08 14:00,0,0,0,-17.485
2025-02-08 15:00,0,0,0,-18.155
2025-02-08 16:00,0,0,0,-18.703
2025-02-08 17:00,0,0,0,-19.115
2025-02-08 18:00,0,0,0,-19.464
2025-02-08 19:00,0,0,0,-19.799
2025-02-08 20:00,0,0,0,-20.119
2025-02-08 21:00,0,0,0,-20.363
2025-02-08 22:00,0,-0,0,-20.505
2025-02-08 23:00,0.219,0.197,0.025,-19.305
2025-02-09 00:00,0.482,0.410,0.072,-16.059
2025-02-09 01:00,0.686,0.625,0.092,-12.641
2025-02-09 02:00,0.808,0.776,0.105,-9.353
2025-02-09 03:00,0.867,0.855,0.112,-7.794
2025-02-09 04:00,0.860,0.850,0.114,-6.686
2025-02-09 05:00,0.783,0.753,0.112,-5.849
2025-02-09 06:00,0.607,0.535,0.113,-5.403
2025-02-09 07:00,0.346,0.259,0.104,-5.495
2025-02-09 08:00,0.092,0.060,0.050,-7.100
2025-02-09 09:00,0,0,0,-8.363
2025-02-09 10:00,0,0,0,-8.587
2025-02-09 11:00,0,0,0,-9.652
2025-02-09 12:00,0,0,0,-11.253
2025-02-09 13:00,0,0,0,-12.733
2025-02-09 14:00,0,0,0,-13.780
2025-02-09 15:00,0,0,0,-14.385
2025-02-09 16:00,0,0,0,-14.604
2025-02-09 17:00,0,0,0,-14.586
2025-02-09 18:00,0,0,0,-13.837
2025-02-09 19:00,0,0,0,-13.256
2025-02-09 20:00,0,0,0,-12.938
2025-02-09 21:00,0,0,0,-12.926
2025-02-09 22:00,0,-0,0,-13.402
2025-02-09 23:00,0.138,0.117,0.034,-13.170
2025-02-10 00:00,0.411,0.332,0.087,-11.017
2025-02-10 01:00,0.627,0.557,0.106,-8.188
2025-02-10 02:00,0.757,0.720,0.117,-4.515
2025-02-10 03:00,0.819,0.807,0.123,-2.440
2025-02-10 04:00,0.818,0.812,0.123,-1.324
2025-02-10 05:00,0.753,0.732,0.118,-0.684
2025-02-10 06:00,0.620,0.576,0.106,-0.486
2025-02-10 07:00,0.411,0.353,0.087,-0.876
2025-02-10 08:00,0.132,0.103,0.049,-2.960
2025-02-10 09:00,0,0,0.001,-4.511
2025-02-10 10:00,0,0,0,-6.177
2025-02-10 11:00,0,0,0,-8.243
2025-02-10 12:00,0,0,0,-9.475
2025-02-10 13:00,0,0,0,-9.934
2025-02-10 14:00,0,0,0,-10.063
2025-02-10 15:00,0,0,0,-10.206
2025-02-10 16:00,0,0,0,-10.482
2025-02-10 17:00,0,0,0,-10.616
2025-02-10 18:00,0,0,0,-10.593
2025-02-10 19:00,0,0,0,-10.474
2025-02-10 20:00,0,0,0,-10.243
2025-02-10 21:00,0,0,0,-10.190
2025-02-10 22:00,0,-0,0,-10.306
2025-02-10 23:00,0.096,0.075,0.038,-9.663
2025-02-11 00:00,0.263,0.151,0.125,-7.584
2025-02-11 01:00,0.453,0.303,0.174,-4.698
2025-02-11 02:00,0.500,0.314,0.223,-1.337
2025-02-11 03:00,0.482,0.266,0.257,1.022
2025-02-11 04:00,0.459,0.238,0.262,2.559
2025-02-11 05:00,0.403,0.198,0.242,3.391
2025-02-11 06:00,0.262,0.093,0.195,3.355
2025-02-11 07:00,0.099,0.018,0.103,2.071
2025-02-11 08:00,0.015,0.003,0.030,-0.086
2025-02-11 09:00,0,0,0,-1.938
2025-02-11 10:00,0,0,0,-3.046
2025-02-11 11:00,0,0,0,-4.107
2025-02-11 12:00,0,0,0,-5.073
2025-02-11 13:00,0,0,0,-5.922
2025-02-11 14:00,0,0,0,-6.733
2025-02-11 15:00,0,0,0,-7.447
2025-02-11 16:00,0,0,0,-8.040
2025-02-11 17:00,0,0,0,-8.676
2025-02-11 18:00,0,0,0,-9.555
2025-02-11 19:00,0,0,0,-10.753
2025-02-11 20:00,0,0,0,-12.074
2025-02-11 21:00,0,0,0,-12.862
2025-02-11 22:00,0,-0,0,-13.358
2025-02-11 23:00,0.225,0.200,0.033,-12.438
2025-02-12 00:00,0.482,0.425,0.071,-9.927
2025-02-12 01:00,0.679,0.640,0.089,-6.857
2025-02-12 02:00,0.802,0.793,0.102,-4.953
2025-02-12 03:00,0.847,0.846,0.114,-3.975
2025-02-12 04:00,0.829,0.818,0.121,-3.515
2025-02-12 05:00,0.776,0.756,0.112,-3.461
2025-02-12 06:00,0.661,0.624,0.096,-3.646
2025-02-12 07:00,0.458,0.407,0.077,-4.153
2025-02-12 08:00,0.175,0.145,0.046,-5.439
2025-02-12 09:00,0,0.001,0.001,-7.910
2025-02-12 10:00,0,0,0,-9.182
2025-02-12 11:00,0,0,0,-10.179
2025-02-12 12:00,0,0,0,-11.028
2025-02-12 13:00,0,0,0,-11.670
2025-02-12 14:00,0,0,0,-11.923
2025-02-12 15:00,0,0,0,-11.900
2025-02-12 16:00,0,0,0,-11.749
2025-02-12 17:00,0,0,0,-11.510
2025-02-12 18:00,0,0,0,-11.306
2025-02-12 19:00,0,0,0,-11.136
2025-02-12 20:00,0,0,0,-11.009
2025-02-12 21:00,0,0,0,-11.000
2025-02-12 22:00,0,-0,0,-11.096
2025-02-12 23:00,0.201,0.179,0.033,-10.096
2025-02-13 00:00,0.437,0.370,0.083,-7.420
2025-02-13 01:00,0.641,0.593,0.101,-4.171
2025-02-13 02:00,0.765,0.754,0.112,-0.618
2025-02-13 03:00,0.821,0.840,0.118,1.909
2025-02-13 04:00,0.815,0.837,0.119,3.391
2025-02-13 05:00,0.748,0.751,0.115,4.152
2025-02-13 06:00,0.614,0.585,0.107,4.205
2025-02-13 07:00,0.411,0.359,0.089,3.469
2025-02-13 08:00,0.142,0.111,0.053,0.644
2025-02-13 09:00,0,0.001,0.001,-2.530
2025-02-13 10:00,0,0,0,-4.012
2025-02-13 11:00,0,0,0,-5.174
2025-02-13 12:00,0,0,0,-6.118
2025-02-13 13:00,0,0,0,-6.799
2025-02-13 14:00,0,0,0,-7.261
2025-02-13 15:00,0,0,0,-7.641
2025-02-13 16:00,0,0,0,-7.969
2025-02-13 17:00,0,0,0,-8.325
2025-02-13 18:00,0,0,0,-8.674
2025-02-13 19:00,0,0,0,-8.986
2025-02-13 20:00,0,0,0,-9.305
2025-02-13 21:00,0,0,0,-9.633
2025-02-13 22:00,0,-0,0,-9.965
2025-02-13 23:00,0.229,0.209,0.032,-8.632
2025-02-14 00:00,0.452,0.397,0.079,-4.727
2025-02-14 01:00,0.647,0.613,0.098,-1.788
2025-02-14 02:00,0.764,0.767,0.110,1.841
2025-02-14 03:00,0.820,0.857,0.115,4.708
2025-02-14 04:00,0.816,0.856,0.116,5.951
2025-02-14 05:00,0.754,0.775,0.111,6.527
2025-02-14 06:00,0.629,0.618,0.100,6.464
2025-02-14 07:00,0.432,0.393,0.084,5.246
2025-02-14 08:00,0.162,0.132,0.052,1.578
2025-02-14 09:00,0,0.002,0.002,-1.297
2025-02-14 10:00,0,0,0,-1.576
2025-02-14 11:00,0,0,0,-1.710
2025-02-14 12:00,0,0,0,-2.030
2025-02-14 13:00,0,0,0,-2.692
2025-02-14 14:00,0,0,0,-3.590
2025-02-14 15:00,0,0,0,-4.412
2025-02-14 16:00,0,0,0,-5.343
2025-02-14 17:00,0,0,0,-6.178
2025-02-14 18:00,0,0,0,-6.909
2025-02-14 19:00,0,0,0,-7.595
2025-02-14 20:00,0,0,0,-8.219
2025-02-14 21:00,0,0,0,-8.637
2025-02-14 22:00,0,-0,0.001,-8.873
2025-02-14 23:00,0.162,0.129,0.048,-7.571
2025-02-15 00:00,0.426,0.360,0.088,-4.435
2025-02-15 01:00,0.624,0.576,0.107,-1.183
2025-02-15 02:00,0.738,0.723,0.122,2.425
2025-02-15 03:00,0.790,0.799,0.130,4.661
2025-02-15 04:00,0.775,0.776,0.136,5.469
2025-02-15 05:00,0.701,0.672,0.136,5.472
2025-02-15 06:00,0.594,0.551,0.117,4.827
2025-02-15 07:00,0.405,0.346,0.095,3.337
2025-02-15 08:00,0.153,0.118,0.056,0.841
2025-02-15 09:00,0,0.002,0.002,-1.785
2025-02-15 10:00,0,0,0,-2.879
2025-02-15 11:00,0,0,0,-3.538
2025-02-15 12:00,0,0,0,-4.270
2025-02-15 13:00,0,0,0,-5.155
2025-02-15 14:00,0,0,0,-6.195
2025-02-15 15:00,0,0,0,-7.264
2025-02-15 16:00,0,0,0,-8.152
2025-02-15 17:00,0,0,0,-9.108
2025-02-15 18:00,0,0,0,-10.018
2025-02-15 19:00,0,0,0,-10.896
2025-02-15 20:00,0,0,0,-11.575
2025-02-15 21:00,0,0,0,-12.108
2025-02-15 22:00,0,-0,0.001,-12.517
2025-02-15 23:00,0.217,0.182,0.045,-11.105
2025-02-16 00:00,0.483,0.424,0.077,-8.254
2025-02-16 01:00,0.681,0.643,0.095,-5.343
2025-02-16 02:00,0.804,0.798,0.107,-3.532
2025-02-16 03:00,0.848,0.852,0.119,-2.384
2025-02-16 04:00,0.824,0.811,0.129,-1.817
2025-02-16 05:00,0.721,0.664,0.140,-1.772
2025-02-16 06:00,0.549,0.449,0.142,-2.184
2025-02-16 07:00,0.349,0.254,0.116,-2.974
2025-02-16 08:00,0.135,0.092,0.061,-4.161
2025-02-16 09:00,0,0.002,0.003,-5.865
2025-02-16 10:00,0,0,0,-7.034
2025-02-16 11:00,0,0,0,-8.086
2025-02-16 12:00,0,0,0,-9.101
2025-02-16 13:00,0,0,0,-10.061
2025-02-16 14:00,0,0,0,-10.785
2025-02-16 15:00,0,0,0,-11.486
2025-02-16 16:00,0,0,0,-12.162
2025-02-16 17:00,0,0,0,-12.748
2025-02-16 18:00,0,0,0,-13.248
2025-02-16 19:00,0,0,0,-13.655
2025-02-16 20:00,0,0,0,-13.934
2025-02-16 21:00,0,0,0,-14.109
2025-02-16 22:00,0,-0,0.001,-14.251
2025-02-16 23:00,0.219,0.180,0.047,-13.179
2025-02-17 00:00,0.494,0.433,0.075,-10.735
2025-02-17 01:00,0.694,0.653,0.091,-8.035
2025-02-17 02:00,0.820,0.807,0.103,-6.565
2025-02-17 03:00,0.882,0.892,0.108,-5.556
2025-02-17 04:00,0.881,0.895,0.109,-4.852
2025-02-17 05:00,0.816,0.812,0.105,-4.407
2025-02-17 06:00,0.685,0.652,0.095,-4.265
2025-02-17 07:00,0.479,0.427,0.080,-4.580
2025-02-17 08:00,0.197,0.161,0.052,-5.712
2025-02-17 09:00,0,0.004,0.003,-8.402
2025-02-17 10:00,0,0,0,-9.769
2025-02-17 11:00,0,0,0,-10.679
2025-02-17 12:00,0,0,0,-11.496
2025-02-17 13:00,0,0,0,-12.146
2025-02-17 14:00,0,0,0,-12.592
2025-02-17 15:00,0,0,0,-12.947
2025-02-17 16:00,0,0,0,-13.424
2025-02-17 17:00,0,0,0,-13.923
2025-02-17 18:00,0,0,0,-14.391
2025-02-17 19:00,0,0,0,-14.876
2025-02-17 20:00,0,0,0,-15.311
2025-02-17 21:00,0,0,0,-15.621
2025-02-17 22:00,0.024,0.040,0.001,-15.748
2025-02-17 23:00,0.231,0.192,0.046,-14.414
2025-02-18 00:00,0.504,0.441,0.074,-11.766
2025-02-18 01:00,0.707,0.666,0.089,-9.228
2025-02-18 02:00,0.835,0.826,0.100,-7.324
2025-02-18 03:00,0.894,0.909,0.106,-6.021
2025-02-18 04:00,0.891,0.908,0.107,-5.243
2025-02-18 05:00,0.826,0.825,0.103,-4.777
2025-02-18 06:00,0.689,0.655,0.095,-4.727
2025-02-18 07:00,0.484,0.431,0.080,-5.168
2025-02-18 08:00,0.203,0.166,0.053,-6.317
2025-02-18 09:00,0,0.005,0.004,-8.879
2025-02-18 10:00,0,0,0,-10.395
2025-02-18 11:00,0,0,0,-11.255
2025-02-18 12:00,0,0,0,-11.966
2025-02-18 13:00,0,0,0,-12.586
2025-02-18 14:00,0,0,0,-13.108
2025-02-18 15:00,0,0,0,-13.509
2025-02-18 16:00,0,0,0,-13.874
2025-02-18 17:00,0,0,0,-14.292
2025-02-18 18:00,0,0,0,-14.752
2025-02-18 19:00,0,0,0,-15.178
2025-02-18 20:00,0,0,0,-15.539
2025-02-18 21:00,0,0,0,-15.849
2025-02-18 22:00,0,0.008,0.002,-16.071
2025-02-18 23:00,0.245,0.205,0.045,-14.583
2025-02-19 00:00,0.517,0.458,0.071,-11.843
2025-02-19 01:00,0.716,0.678,0.087,-9.498
2025-02-19 02:00,0.843,0.836,0.098,-7.872
2025-02-19 03:00,0.900,0.918,0.104,-6.650
2025-02-19 04:00,0.899,0.918,0.105,-5.783
2025-02-19 05:00,0.834,0.835,0.101,-5.214
2025-02-19 06:00,0.702,0.673,0.092,-5.070
2025-02-19 07:00,0.499,0.449,0.077,-5.462
2025-02-19 08:00,0.218,0.181,0.052,-6.604
2025-02-19 09:00,0,0.007,0.004,-9.466
2025-02-19 10:00,0,0,0,-11.090
2025-02-19 11:00,0,0,0,-12.117
2025-02-19 12:00,0,0,0,-12.925
2025-02-19 13:00,0,0,0,-13.527
2025-02-19 14:00,0,0,0,-14.099
2025-02-19 15:00,0,0,0,-14.573
2025-02-19 16:00,0,0,0,-15.006
2025-02-19 17:00,0,0,0,-15.415
2025-02-19 18:00,0,0,0,-15.807
2025-02-19 19:00,0,0,0,-16.175
2025-02-19 20:00,0,0,0,-16.517
2025-02-19 21:00,0,0,0,-16.796
2025-02-19 22:00,0,0.006,0.002,-16.996
2025-02-19 23:00,0.249,0.207,0.046,-15.136
2025-02-20 00:00,0.519,0.458,0.073,-12.253
2025-02-20 01:00,0.720,0.678,0.088,-10.209
2025-02-20 02:00,0.847,0.836,0.099,-8.594
2025-02-20 03:00,0.900,0.920,0.105,-7.280
2025-02-20 04:00,0.900,0.920,0.106,-6.302
2025-02-20 05:00,0.838,0.837,0.102,-5.698
2025-02-20 06:00,0.706,0.675,0.093,-5.607
2025-02-20 07:00,0.497,0.442,0.080,-6.056
2025-02-20 08:00,0.205,0.163,0.057,-7.189
2025-02-20 09:00,0,0.007,0.005,-9.387
2025-02-20 10:00,0,0,0,-11.186
2025-02-20 11:00,0,0,0,-12.461
2025-02-20 12:00,0,0,0,-13.415
2025-02-20 13:00,0,0,0,-14.181
2025-02-20 14:00,0,0,0,-14.836
2025-02-20 15:00,0,0,0,-15.420
2025-02-20 16:00,0,0,0,-15.932
2025-02-20 17:00,0,0,0,-16.374
2025-02-20 18:00,0,0,0,-16.776
2025-02-20 19:00,0,0,0,-17.178
2025-02-20 20:00,0,0,0,-17.585
2025-02-20 21:00,0,0,0,-17.836
2025-02-20 22:00,0,0.007,0.003,-17.675
2025-02-20 23:00,0.257,0.214,0.047,-16.060
2025-02-21 00:00,0.525,0.460,0.074,-13.590
2025-02-21 01:00,0.724,0.675,0.091,-11.599
2025-02-21 02:00,0.850,0.830,0.103,-9.837
2025-02-21 03:00,0.900,0.904,0.111,-8.408
2025-02-21 04:00,0.889,0.883,0.117,-7.368
2025-02-21 05:00,0.819,0.794,0.114,-6.715
2025-02-21 06:00,0.681,0.627,0.106,-6.497
2025-02-21 07:00,0.460,0.385,0.095,-6.680
2025-02-21 08:00,0.165,0.114,0.067,-7.338
2025-02-21 09:00,0,0.006,0.005,-9.394
2025-02-21 10:00,0,0,0,-11.127
2025-02-21 11:00,0,0,0,-12.279
2025-02-21 12:00,0,0,0,-13.223
2025-02-21 13:00,0,0,0,-14.022
2025-02-21 14:00,0,0,0,-14.711
2025-02-21 15:00,0,0,0,-15.253
2025-02-21 16:00,0,0,0,-15.693
2025-02-21 17:00,0,0,0,-16.085
2025-02-21 18:00,0,0,0,-16.462
2025-02-21 19:00,0,0,0,-16.820
2025-02-21 20:00,0,0,0,-17.161
2025-02-21 21:00,0,0,0,-17.499
2025-02-21 22:00,0,0.006,0.003,-17.812
2025-02-21 23:00,0.248,0.202,0.050,-16.093
2025-02-22 00:00,0.518,0.445,0.080,-13.590
2025-02-22 01:00,0.709,0.647,0.101,-11.517
2025-02-22 02:00,0.771,0.691,0.139,-10.203
2025-02-22 03:00,0.831,0.766,0.147,-9.065
2025-02-22 04:00,0.827,0.762,0.149,-8.114
2025-02-22 05:00,0.742,0.653,0.152,-7.530
2025-02-22 06:00,0.587,0.472,0.147,-7.306
2025-02-22 07:00,0.354,0.236,0.131,-7.577
2025-02-22 08:00,0.136,0.079,0.074,-8.348
2025-02-22 09:00,0,0.006,0.006,-10.361
2025-02-22 10:00,0,0,0,-12.076
2025-02-22 11:00,0,0,0,-13.063
2025-02-22 12:00,0,0,0,-13.811
2025-02-22 13:00,0,0,0,-14.507
2025-02-22 14:00,0,0,0,-15.115
2025-02-22 15:00,0,0,0,-15.629
2025-02-22 16:00,0,0,0,-16.094
2025-02-22 17:00,0,0,0,-16.295
2025-02-22 18:00,0,0,0,-16.464
2025-02-22 19:00,0,0,0,-16.760
2025-02-22 20:00,0,0,0,-16.821
2025-02-22 21:00,0,0,0,-16.872
2025-02-22 22:00,0,0.007,0.004,-16.819
2025-02-22 23:00,0.253,0.206,0.052,-15.109
2025-02-23 00:00,0.528,0.466,0.074,-12.316
2025-02-23 01:00,0.723,0.684,0.090,-9.503
2025-02-23 02:00,0.845,0.839,0.101,-7.243
2025-02-23 03:00,0.900,0.920,0.108,-5.389
2025-02-23 04:00,0.895,0.921,0.109,-3.954
2025-02-23 05:00,0.831,0.839,0.104,-2.928
2025-02-23 06:00,0.702,0.681,0.095,-2.382
2025-02-23 07:00,0.505,0.461,0.080,-2.429
2025-02-23 08:00,0.236,0.198,0.055,-3.552
2025-02-23 09:00,0.005,0.014,0.006,-7.187
2025-02-23 10:00,0,0,0,-8.777
2025-02-23 11:00,0,0,0,-9.593
2025-02-23 12:00,0,0,0,-10.250
2025-02-23 13:00,0,0,0,-10.798
2025-02-23 14:00,0,0,0,-11.251
2025-02-23 15:00,0,0,0,-11.588
2025-02-23 16:00,0,0,0,-11.993
2025-02-23 17:00,0,0,0,-12.455
2025-02-23 18:00,0,0,0,-12.816
2025-02-23 19:00,0,0,0,-13.070
2025-02-23 20:00,0,0,0,-13.150
2025-02-23 21:00,0,0,0,-12.899
2025-02-23 22:00,0,0.008,0.004,-12.974
2025-02-23 23:00,0.262,0.222,0.049,-10.840
2025-02-24 00:00,0.528,0.481,0.072,-7.577
2025-02-24 01:00,0.718,0.703,0.087,-4.077
2025-02-24 02:00,0.829,0.861,0.098,0.293
2025-02-24 03:00,0.877,0.943,0.104,3.290
2025-02-24 04:00,0.869,0.941,0.106,5.019
2025-02-24 05:00,0.806,0.856,0.102,5.978
2025-02-24 06:00,0.682,0.693,0.094,6.255
2025-02-24 07:00,0.494,0.470,0.079,5.533
2025-02-24 08:00,0.236,0.205,0.056,2.335
2025-02-24 09:00,0.006,0.016,0.007,-1.287
2025-02-24 10:00,0,0,0,-2.170
2025-02-24 11:00,0,0,0,-2.876
2025-02-24 12:00,0,0,0,-3.903
2025-02-24 13:00,0,0,0,-4.727
2025-02-24 14:00,0,0,0,-5.316
2025-02-24 15:00,0,0,0,-5.842
2025-02-24 16:00,0,0,0,-6.380
2025-02-24 17:00,0,0,0,-6.842
2025-02-24 18:00,0,0,0,-7.258
2025-02-24 19:00,0,0,0,-7.923
2025-02-24 20:00,0,0,0,-8.234
2025-02-24 21:00,0,0,0,-8.581
2025-02-24 22:00,0,0.006,0.004,-9.056
2025-02-24 23:00,0.228,0.186,0.056,-7.856
2025-02-25 00:00,0.498,0.443,0.081,-5.903
2025-02-25 01:00,0.699,0.669,0.095,-4.326
2025-02-25 02:00,0.827,0.834,0.104,-2.884
2025-02-25 03:00,0.891,0.927,0.108,-1.974
2025-02-25 04:00,0.890,0.928,0.109,-1.494
2025-02-25 05:00,0.830,0.847,0.105,-1.284
2025-02-25 06:00,0.706,0.690,0.095,-1.336
2025-02-25 07:00,0.512,0.470,0.080,-1.843
2025-02-25 08:00,0.246,0.207,0.057,-2.973
2025-02-25 09:00,0.009,0.019,0.007,-5.768
2025-02-25 10:00,0,0,0,-7.534
2025-02-25 11:00,0,0,0,-8.457
2025-02-25 12:00,0,0,0,-9.213
2025-02-25 13:00,0,0,0,-9.828
2025-02-25 14:00,0,0,0,-10.342
2025-02-25 15:00,0,0,0,-10.856
2025-02-25 16:00,0,0,0,-11.386
2025-02-25 17:00,0,0,0,-11.860
2025-02-25 18:00,0,0,0,-12.328
2025-02-25 19:00,0,0,0,-12.830
2025-02-25 20:00,0,0,0,-13.291
2025-02-25 21:00,0,0,0,-13.533
2025-02-25 22:00,0.002,0.012,0.005,-13.457
2025-02-25 23:00,0.274,0.233,0.049,-11.094
2025-02-26 00:00,0.534,0.485,0.073,-7.897
2025-02-26 01:00,0.716,0.699,0.090,-3.553
2025-02-26 02:00,0.823,0.850,0.103,0.789
2025-02-26 03:00,0.870,0.927,0.110,3.446
2025-02-26 04:00,0.862,0.924,0.112,5.063
2025-02-26 05:00,0.800,0.841,0.108,5.868
2025-02-26 06:00,0.679,0.683,0.099,6.011
2025-02-26 07:00,0.493,0.464,0.084,5.432
2025-02-26 08:00,0.240,0.205,0.059,2.947
2025-02-26 09:00,0.011,0.020,0.008,-0.833
2025-02-26 10:00,0,0,0,-1.797
2025-02-26 11:00,0,0,0,-2.152
2025-02-26 12:00,0,0,0,-2.725
2025-02-26 13:00,0,0,0,-3.687
2025-02-26 14:00,0,0,0,-4.518
2025-02-26 15:00,0,0,0,-4.997
2025-02-26 16:00,0,0,0,-5.319
2025-02-26 17:00,0,0,0,-5.752
2025-02-26 18:00,0,0,0,-6.242
2025-02-26 19:00,0,0,0,-6.621
2025-02-26 20:00,0,0,0,-6.902
2025-02-26 21:00,0,0,0,-7.028
2025-02-26 22:00,0,0.007,0.006,-6.917
2025-02-26 23:00,0.216,0.171,0.061,-4.745
2025-02-27 00:00,0.475,0.419,0.090,-1.406
2025-02-27 01:00,0.665,0.644,0.105,2.574
2025-02-27 02:00,0.777,0.806,0.115,6.824
2025-02-27 03:00,0.817,0.865,0.127,8.982
2025-02-27 04:00,0.817,0.869,0.127,9.795
2025-02-27 05:00,0.759,0.790,0.123,10.156
2025-02-27 06:00,0.637,0.628,0.114,10.059
2025-02-27 07:00,0.450,0.407,0.100,8.952
2025-02-27 08:00,0.205,0.161,0.071,5.316
2025-02-27 09:00,0.007,0.014,0.010,1.650
2025-02-27 10:00,0,0,0,0.973
2025-02-27 11:00,0,0,0,0.856
2025-02-27 12:00,0,0,0,0.532
2025-02-27 13:00,0,0,0,0.101
2025-02-27 14:00,0,0,0,-0.469
2025-02-27 15:00,0,0,0,-0.883
2025-02-27 16:00,0,0,0,-1.355
2025-02-27 17:00,0,0,0,-1.709
2025-02-27 18:00,0,0,0,-1.865
2025-02-27 19:00,0,0,0,-2.045
2025-02-27 20:00,0,0,0,-2.284
2025-02-27 21:00,0,0,0,-2.568
2025-02-27 22:00,0.001,0.010,0.006,-2.789
2025-02-27 23:00,0.232,0.192,0.060,-1.524
2025-02-28 00:00,0.482,0.433,0.089,0.805
2025-02-28 01:00,0.665,0.650,0.106,4.092
2025-02-28 02:00,0.775,0.803,0.118,7.329
2025-02-28 03:00,0.826,0.879,0.126,8.995
2025-02-28 04:00,0.820,0.873,0.129,9.783
2025-02-28 05:00,0.759,0.787,0.126,10.137
2025-02-28 06:00,0.639,0.629,0.117,10.004
2025-02-28 07:00,0.458,0.415,0.100,8.839
2025-02-28 08:00,0.215,0.170,0.072,4.699
2025-02-28 09:00,0.010,0.017,0.010,0.317
2025-02-28 10:00,0,0,0,-0.856
2025-02-28 11:00,0,0,0,-1.212
2025-02-28 12:00,0,0,0,-1.346
2025-02-28 13:00,0,0,0,-1.279
2025-02-28 14:00,0,0,0,-1.146
2025-02-28 15:00,0,0,0,-1.205
2025-02-28 16:00,0,0,0,-1.430
2025-02-28 17:00,0,0,0,-1.711
2025-02-28 18:00,0,0,0,-2.009
2025-02-28 19:00,0,0,0,-2.203
2025-02-28 20:00,0,0,0,-2.453
2025-02-28 21:00,0,0,0,-2.821
2025-02-28 22:00,0,0.004,0.007,-3.674
2025-02-28 23:00,0.153,0.096,0.075,-3.567
2025-03-01 00:00,0.386,0.274,0.135,-2.632
2025-03-01 01:00,0.592,0.487,0.158,-1.415
2025-03-01 02:00,0.720,0.633,0.175,-0.429
2025-03-01 03:00,0.726,0.610,0.209,0.410
2025-03-01 04:00,0.774,0.700,0.188,1.251
2025-03-01 05:00,0.728,0.654,0.174,1.686
2025-03-01 06:00,0.541,0.407,0.186,1.387
2025-03-01 07:00,0.248,0.102,0.168,0.165
2025-03-01 08:00,0.085,0.023,0.082,-1.549
2025-03-01 09:00,0.002,0.005,0.012,-3.432
2025-03-01 10:00,0,0,0,-4.708
2025-03-01 11:00,0,0,0,-5.258
2025-03-01 12:00,0,0,0,-5.577
2025-03-01 13:00,0,0,0,-5.770
2025-03-01 14:00,0,0,0,-5.989
2025-03-01 15:00,0,0,0,-6.325
2025-03-01 16:00,0,0,0,-6.226
2025-03-01 17:00,0,0,0,-6.356
2025-03-01 18:00,0,0,0,-6.663
2025-03-01 19:00,0,0,0,-7.052
2025-03-01 20:00,0,0,0,-7.491
2025-03-01 21:00,0,0,0,-7.845
2025-03-01 22:00,0,0,0.004,-8.088
2025-03-01 23:00,0.042,0.007,0.053,-8.005
2025-03-02 00:00,0.178,0.045,0.148,-7.268
2025-03-02 01:00,0.393,0.186,0.225,-5.850
2025-03-02 02:00,0.482,0.242,0.268,-4.372
2025-03-02 03:00,0.447,0.177,0.297,-3.579
2025-03-02 04:00,0.407,0.136,0.295,-3.269
2025-03-02 05:00,0.376,0.124,0.274,-3.088
2025-03-02 06:00,0.436,0.235,0.228,-2.867
2025-03-02 07:00,0.379,0.246,0.155,-2.975
2025-03-02 08:00,0.212,0.142,0.088,-3.723
2025-03-02 09:00,0.013,0.017,0.014,-5.559
2025-03-02 10:00,0,0,0,-7.218
2025-03-02 11:00,0,0,0,-8.227
2025-03-02 12:00,0,0,0,-8.782
2025-03-02 13:00,0,0,0,-8.896
2025-03-02 14:00,0,0,0,-9.119
2025-03-02 15:00,0,0,0,-9.508
2025-03-02 16:00,0,0,0,-9.828
2025-03-02 17:00,0,0,0,-10.001
2025-03-02 18:00,0,0,0,-10.093
2025-03-02 19:00,0,0,0,-10.297
2025-03-02 20:00,0,0,0,-10.718
2025-03-02 21:00,0,0,0,-11.233
2025-03-02 22:00,0.004,0.009,0.010,-11.305
2025-03-02 23:00,0.216,0.149,0.079,-9.124
2025-03-03 00:00,0.446,0.338,0.129,-5.952
2025-03-03 01:00,0.619,0.509,0.162,-3.024
2025-03-03 02:00,0.593,0.401,0.245,-1.127
2025-03-03 03:00,0.598,0.376,0.280,-0.064
2025-03-03 04:00,0.718,0.579,0.232,0.786
2025-03-03 05:00,0.518,0.291,0.274,0.983
2025-03-03 06:00,0.349,0.136,0.241,0.820
2025-03-03 07:00,0.186,0.045,0.162,0.381
2025-03-03 08:00,0.054,0.008,0.067,-0.411
2025-03-03 09:00,0,0.001,0.009,-1.773
2025-03-03 10:00,0,0,0,-2.284
2025-03-03 11:00,0,0,0,-2.523
2025-03-03 12:00,0,0,0,-2.964
2025-03-03 13:00,0,0,0,-3.611
2025-03-03 14:00,0,0,0,-4.168
2025-03-03 15:00,0,0,0,-4.679
2025-03-03 16:00,0,0,0,-5.129
2025-03-03 17:00,0,0,0,-5.535
2025-03-03 18:00,0,0,0,-5.874
2025-03-03 19:00,0,0,0,-6.149
2025-03-03 20:00,0,0,0,-6.360
2025-03-03 21:00,0,0,0,-6.574
2025-03-03 22:00,0,0.001,0.006,-6.693
2025-03-03 23:00,0.046,0.007,0.058,-5.907
2025-03-04 00:00,0.148,0.027,0.139,-4.808
2025-03-04 01:00,0.263,0.063,0.217,-3.442
2025-03-04 02:00,0.396,0.140,0.281,-2.068
2025-03-04 03:00,0.547,0.295,0.298,-0.596
2025-03-04 04:00,0.602,0.379,0.285,0.656
2025-03-04 05:00,0.497,0.259,0.282,1.325
2025-03-04 06:00,0.362,0.148,0.244,1.540
2025-03-04 07:00,0.244,0.088,0.179,1.404
2025-03-04 08:00,0.119,0.042,0.099,0.665
2025-03-04 09:00,0.005,0.006,0.015,-1.451
2025-03-04 10:00,0,0,0,-2.124
2025-03-04 11:00,0,0,0,-2.330
2025-03-04 12:00,0,0,0,-2.814
2025-03-04 13:00,0,0,0,-3.190
2025-03-04 14:00,0,0,0,-3.600
2025-03-04 15:00,0,0,0,-3.886
2025-03-04 16:00,0,0,0,-4.144
2025-03-04 17:00,0,0,0,-4.398
2025-03-04 18:00,0,0,0,-4.954
2025-03-04 19:00,0,0,0,-5.687
2025-03-04 20:00,0,0,0,-6.339
2025-03-04 21:00,0,0,0,-6.807
2025-03-04 22:00,0.001,0.005,0.011,-7.261
2025-03-04 23:00,0.176,0.100,0.092,-6.167
2025-03-05 00:00,0.446,0.356,0.116,-3.506
2025-03-05 01:00,0.652,0.592,0.128,-0.572
2025-03-05 02:00,0.781,0.764,0.136,1.663
2025-03-05 03:00,0.843,0.854,0.141,3.071
2025-03-05 04:00,0.834,0.840,0.146,3.721
2025-03-05 05:00,0.741,0.698,0.158,3.753
2025-03-05 06:00,0.538,0.413,0.182,3.157
2025-03-05 07:00,0.329,0.197,0.160,2.314
2025-03-05 08:00,0.153,0.079,0.096,1.195
2025-03-05 09:00,0.011,0.013,0.016,-1.208
2025-03-05 10:00,0,0,0,-2.216
2025-03-05 11:00,0,0,0,-2.164
2025-03-05 12:00,0,0,0,-2.521
2025-03-05 13:00,0,0,0,-3.057
2025-03-05 14:00,0,0,0,-3.603
2025-03-05 15:00,0,0,0,-4.073
2025-03-05 16:00,0,0,0,-4.485
2025-03-05 17:00,0,0,0,-5.246
2025-03-05 18:00,0,0,0,-6.078
2025-03-05 19:00,0,0,0,-6.762
2025-03-05 20:00,0,0,0,-7.412
2025-03-05 21:00,0,0,0,-7.955
2025-03-05 22:00,0.012,0.017,0.011,-8.198
2025-03-05 23:00,0.255,0.200,0.069,-6.354
2025-03-06 00:00,0.510,0.450,0.092,-3.635
2025-03-06 01:00,0.694,0.661,0.110,-1.171
2025-03-06 02:00,0.810,0.811,0.123,0.542
2025-03-06 03:00,0.867,0.894,0.129,1.840
2025-03-06 04:00,0.862,0.890,0.131,2.756
2025-03-06 05:00,0.801,0.808,0.128,3.362
2025-03-06 06:00,0.679,0.653,0.119,3.630
2025-03-06 07:00,0.491,0.436,0.104,3.428
2025-03-06 08:00,0.241,0.185,0.079,1.964
2025-03-06 09:00,0.025,0.028,0.016,-0.922
2025-03-06 10:00,0,0,0,-1.592
2025-03-06 11:00,0,0,0,-2.157
2025-03-06 12:00,0,0,0,-2.770
2025-03-06 13:00,0,0,0,-2.911
2025-03-06 14:00,0,0,0,-2.720
2025-03-06 15:00,0,0,0,-2.799
2025-03-06 16:00,0,0,0,-3.200
2025-03-06 17:00,0,0,0,-3.581
2025-03-06 18:00,0,0,0,-3.813
2025-03-06 19:00,0,0,0,-4.008
2025-03-06 20:00,0,0,0,-4.284
2025-03-06 21:00,0,0,0,-4.616
2025-03-06 22:00,0.005,0.008,0.012,-4.657
2025-03-06 23:00,0.152,0.084,0.087,-2.632
2025-03-07 00:00,0.322,0.170,0.175,-0.296
2025-03-07 01:00,0.468,0.282,0.230,2.910
2025-03-07 02:00,0.521,0.299,0.281,5.146
2025-03-07 03:00,0.495,0.233,0.318,6.210
2025-03-07 04:00,0.431,0.158,0.321,6.656
2025-03-07 05:00,0.350,0.099,0.289,6.655
2025-03-07 06:00,0.248,0.051,0.226,6.228
2025-03-07 07:00,0.138,0.019,0.143,5.098
2025-03-07 08:00,0.049,0.005,0.065,3.160
2025-03-07 09:00,0,0.001,0.011,1.439
2025-03-07 10:00,0,0,0,0.771
2025-03-07 11:00,0,0,0,0.555
2025-03-07 12:00,0,0,0,0.319
2025-03-07 13:00,0,0,0,0.074
2025-03-07 14:00,0,0,0,-0.295
2025-03-07 15:00,0,0,0,-0.777
2025-03-07 16:00,0,0,0,-1.370
2025-03-07 17:00,0,0,0,-2.034
2025-03-07 18:00,0,0,0,-2.569
2025-03-07 19:00,0,0,0,-2.885
2025-03-07 20:00,0,0,0,-3.135
2025-03-07 21:00,0,0,0,-3.368
2025-03-07 22:00,0.003,0.004,0.014,-3.577
2025-03-07 23:00,0.146,0.064,0.101,-2.638
2025-03-08 00:00,0.388,0.271,0.143,-1.094
2025-03-08 01:00,0.570,0.456,0.170,0.945
2025-03-08 02:00,0.694,0.603,0.185,2.879
2025-03-08 03:00,0.704,0.591,0.217,4.094
2025-03-08 04:00,0.696,0.578,0.222,4.874
2025-03-08 05:00,0.618,0.477,0.224,5.304
2025-03-08 06:00,0.523,0.387,0.196,5.352
2025-03-08 07:00,0.427,0.332,0.138,4.966
2025-03-08 08:00,0.230,0.165,0.091,3.351
2025-03-08 09:00,0.024,0.019,0.024,-0.499
2025-03-08 10:00,0,0,0,-2.089
2025-03-08 11:00,0,0,0,-2.155
2025-03-08 12:00,0,0,0,-1.944
2025-03-08 13:00,0,0,0,-1.622
2025-03-08 14:00,0,0,0,-1.398
2025-03-08 15:00,0,0,0,-1.147
2025-03-08 16:00,0,0,0,-0.902
2025-03-08 17:00,0,0,0,-0.782
2025-03-08 18:00,0,0,0,-0.822
2025-03-08 19:00,0,0,0,-0.907
2025-03-08 20:00,0,0,0,-1.087
2025-03-08 21:00,0,0,0,-1.228
2025-03-08 22:00,0.011,0.013,0.015,-1.019
2025-03-08 23:00,0.215,0.153,0.084,0.830
2025-03-09 00:00,0.454,0.383,0.115,3.686
2025-03-09 01:00,0.629,0.585,0.135,7.114
2025-03-09 02:00,0.739,0.731,0.150,9.309
2025-03-09 03:00,0.789,0.799,0.160,10.443
2025-03-09 04:00,0.788,0.798,0.162,10.972
2025-03-09 05:00,0.731,0.720,0.158,11.038
2025-03-09 06:00,0.613,0.565,0.149,10.640
2025-03-09 07:00,0.430,0.351,0.133,9.612
2025-03-09 08:00,0.198,0.127,0.099,7.524
2025-03-09 09:00,0.015,0.010,0.024,4.511
2025-03-09 10:00,0,0,0,3.154
2025-03-09 11:00,0,0,0,2.826
2025-03-09 12:00,0,0,0,2.779
2025-03-09 13:00,0,0,0,2.872
2025-03-09 14:00,0,0,0,2.974
2025-03-09 15:00,0,0,0,2.876
2025-03-09 16:00,0,0,0,2.579
2025-03-09 17:00,0,0,0,2.327
2025-03-09 18:00,0,0,0,2.151
2025-03-09 19:00,0,0,0,1.959
2025-03-09 20:00,0,0,0,1.425
2025-03-09 21:00,0,0,0,1.055
2025-03-09 22:00,0.007,0.008,0.015,1.023
2025-03-09 23:00,0.179,0.110,0.092,2.602
2025-03-10 00:00,0.412,0.317,0.137,5.364
2025-03-10 01:00,0.604,0.540,0.154,8.469
2025-03-10 02:00,0.723,0.701,0.164,11.040
2025-03-10 03:00,0.777,0.783,0.171,12.776
2025-03-10 04:00,0.775,0.784,0.173,13.825
2025-03-10 05:00,0.717,0.705,0.169,14.333
2025-03-10 06:00,0.585,0.525,0.166,14.290
2025-03-10 07:00,0.407,0.320,0.147,13.617
2025-03-10 08:00,0.182,0.107,0.106,11.337
2025-03-10 09:00,0.016,0.009,0.025,7.345
2025-03-10 10:00,0,0,0,4.978
2025-03-10 11:00,0,0,0,3.951
2025-03-10 12:00,0,0,0,3.108
2025-03-10 13:00,0,0,0,2.640
2025-03-10 14:00,0,0,0,2.146
2025-03-10 15:00,0,0,0,1.804
2025-03-10 16:00,0,0,0,1.553
2025-03-10 17:00,0,0,0,1.674
2025-03-10 18:00,0,0,0,1.667
2025-03-10 19:00,0,0,0,1.591
2025-03-10 20:00,0,0,0,1.501
2025-03-10 21:00,0,0,0,1.503
2025-03-10 22:00,0,0.001,0.009,1.507
2025-03-10 23:00,0.052,0.008,0.065,2.805
2025-03-11 00:00,0.272,0.111,0.191,5.522
2025-03-11 01:00,0.456,0.270,0.244,8.988
2025-03-11 02:00,0.400,0.147,0.305,10.768
2025-03-11 03:00,0.329,0.071,0.301,10.879
2025-03-11 04:00,0.232,0.026,0.239,10.029
2025-03-11 05:00,0.116,0.006,0.136,8.433
2025-03-11 06:00,0.117,0.008,0.135,7.898
2025-03-11 07:00,0.109,0.010,0.124,7.962
2025-03-11 08:00,0.078,0.012,0.091,7.569
2025-03-11 09:00,0.021,0.011,0.030,5.448
2025-03-11 10:00,0,0,0,3.498
2025-03-11 11:00,0,0,0,3.163
2025-03-11 12:00,0,0,0,2.799
2025-03-11 13:00,0,0,0,2.374
2025-03-11 14:00,0,0,0,1.816
2025-03-11 15:00,0,0,0,1.263
2025-03-11 16:00,0,0,0,0.663
2025-03-11 17:00,0,0,0,0.046
2025-03-11 18:00,0,0,0,-0.466
2025-03-11 19:00,0,0,0,-0.901
2025-03-11 20:00,0,0,0,-1.197
2025-03-11 21:00,0,0,0,-1.540
2025-03-11 22:00,0.027,0.027,0.019,-1.623
2025-03-11 23:00,0.269,0.204,0.088,-0.075
2025-03-12 00:00,0.530,0.492,0.089,1.726
2025-03-12 01:00,0.712,0.710,0.104,3.478
2025-03-12 02:00,0.826,0.866,0.116,4.986
2025-03-12 03:00,0.880,0.948,0.123,6.159
2025-03-12 04:00,0.873,0.938,0.127,6.940
2025-03-12 05:00,0.803,0.831,0.129,7.205
2025-03-12 06:00,0.671,0.647,0.128,6.960
2025-03-12 07:00,0.488,0.430,0.114,6.312
2025-03-12 08:00,0.257,0.198,0.087,5.222
2025-03-12 09:00,0.038,0.029,0.029,2.415
2025-03-12 10:00,0,0,0,-0.878
2025-03-12 11:00,0,0,0,-2.090
2025-03-12 12:00,0,0,0,-2.820
2025-03-12 13:00,0,0,0,-3.112
2025-03-12 14:00,0,0,0,-3.270
2025-03-12 15:00,0,0,0,-3.500
2025-03-12 16:00,0,0,0,-3.755
2025-03-12 17:00,0,0,0,-3.860
2025-03-12 18:00,0,0,0,-3.887
2025-03-12 19:00,0,0,0,-3.989
2025-03-12 20:00,0,0,0,-4.121
2025-03-12 21:00,0,0,0,-4.036
2025-03-12 22:00,0.009,0.007,0.019,-3.259
2025-03-12 23:00,0.106,0.034,0.093,-1.694
2025-03-13 00:00,0.165,0.024,0.162,-0.051
2025-03-13 01:00,0.236,0.034,0.224,0.990
2025-03-13 02:00,0.316,0.057,0.286,1.928
2025-03-13 03:00,0.376,0.082,0.326,2.671
2025-03-13 04:00,0.370,0.078,0.325,3.017
2025-03-13 05:00,0.302,0.048,0.281,2.906
2025-03-13 06:00,0.247,0.037,0.235,2.419
2025-03-13 07:00,0.162,0.020,0.164,1.374
2025-03-13 08:00,0.075,0.008,0.088,0.034
2025-03-13 09:00,0.002,0.001,0.017,-1.311
2025-03-13 10:00,0,0,0,-2.058
2025-03-13 11:00,0,0,0,-2.130
2025-03-13 12:00,0,0,0,-2.136
2025-03-13 13:00,0,0,0,-2.060
2025-03-13 14:00,0,0,0,-1.861
2025-03-13 15:00,0,0,0,-1.599
2025-03-13 16:00,0,0,0,-1.383
2025-03-13 17:00,0,0,0,-1.565
2025-03-13 18:00,0,0,0,-1.729
2025-03-13 19:00,0,0,0,-1.945
2025-03-13 20:00,0,0,0,-2.323
2025-03-13 21:00,0,0,0,-2.757
2025-03-13 22:00,0,0,0.010,-3.075
2025-03-13 23:00,0.050,0.004,0.066,-2.794
2025-03-14 00:00,0.146,0.016,0.149,-1.983
2025-03-14 01:00,0.242,0.034,0.228,-0.974
2025-03-14 02:00,0.299,0.045,0.277,-0.105
2025-03-14 03:00,0.330,0.052,0.304,0.505
2025-03-14 04:00,0.393,0.087,0.336,1.052
2025-03-14 05:00,0.380,0.091,0.319,1.326
2025-03-14 06:00,0.239,0.031,0.231,1.027
2025-03-14 07:00,0.129,0.011,0.140,0.500
2025-03-14 08:00,0.042,0.003,0.060,-0.265
2025-03-14 09:00,0.001,0.001,0.016,-1.331
2025-03-14 10:00,0,0,0,-1.980
2025-03-14 11:00,0,0,0,-2.004
2025-03-14 12:00,0,0,0,-2.025
2025-03-14 13:00,0,0,0,-2.063
2025-03-14 14:00,0,0,0,-2.128
2025-03-14 15:00,0,0,0,-2.245
2025-03-14 16:00,0,0,0,-2.405
2025-03-14 17:00,0,0,0,-2.538
2025-03-14 18:00,0,0,0,-2.915
2025-03-14 19:00,0,0,0,-3.583
2025-03-14 20:00,0,0,0,-4.300
2025-03-14 21:00,0,0,0,-4.983
2025-03-14 22:00,0,0,0.010,-5.370
2025-03-14 23:00,0.045,0.003,0.061,-5.229
2025-03-15 00:00,0.110,0.009,0.120,-4.816
2025-03-15 01:00,0.159,0.012,0.165,-4.393
2025-03-15 02:00,0.210,0.018,0.210,-3.960
2025-03-15 03:00,0.267,0.029,0.256,-3.595
2025-03-15 04:00,0.279,0.032,0.265,-3.363
2025-03-15 05:00,0.266,0.032,0.252,-3.188
2025-03-15 06:00,0.252,0.037,0.234,-2.961
2025-03-15 07:00,0.196,0.031,0.183,-2.885
2025-03-15 08:00,0.107,0.017,0.109,-3.091
2025-03-15 09:00,0.015,0.003,0.029,-3.664
2025-03-15 10:00,0,0,0,-4.385
2025-03-15 11:00,0,0,0,-4.531
2025-03-15 12:00,0,0,0,-4.667
2025-03-15 13:00,0,0,0,-5.173
2025-03-15 14:00,0,0,0,-5.631
2025-03-15 15:00,0,0,0,-6.147
2025-03-15 16:00,0,0,0,-6.688
2025-03-15 17:00,0,0,0,-7.095
2025-03-15 18:00,0,0,0,-7.523
2025-03-15 19:00,0,0,0,-7.968
2025-03-15 20:00,0,0,0,-8.510
2025-03-15 21:00,0,0,0,-9.127
2025-03-15 22:00,0.038,0.032,0.024,-9.234
2025-03-15 23:00,0.283,0.197,0.099,-7.432
2025-03-16 00:00,0.533,0.457,0.107,-5.192
2025-03-16 01:00,0.630,0.515,0.167,-3.712
2025-03-16 02:00,0.737,0.633,0.188,-2.388
2025-03-16 03:00,0.834,0.783,0.176,-1.142
2025-03-16 04:00,0.867,0.853,0.159,-0.053
2025-03-16 05:00,0.798,0.760,0.159,0.761
2025-03-16 06:00,0.636,0.537,0.170,1.237
2025-03-16 07:00,0.407,0.272,0.168,1.236
2025-03-16 08:00,0.185,0.087,0.120,0.728
2025-03-16 09:00,0.025,0.010,0.035,-1.073
2025-03-16 10:00,0,0,0,-2.710
2025-03-16 11:00,0,0,0,-3.055
2025-03-16 12:00,0,0,0,-3.266
2025-03-16 13:00,0,0,0,-3.363
2025-03-16 14:00,0,0,0,-3.405
2025-03-16 15:00,0,0,0,-3.560
2025-03-16 16:00,0,0,0,-3.776
2025-03-16 17:00,0,0,0,-3.956
2025-03-16 18:00,0,0,0,-4.226
2025-03-16 19:00,0,0,0,-4.480
2025-03-16 20:00,0,0,0,-4.794
2025-03-16 21:00,0,0,0,-5.214
2025-03-16 22:00,0.008,0.004,0.021,-5.411
2025-03-16 23:00,0.134,0.045,0.108,-4.845
2025-03-17 00:00,0.257,0.079,0.194,-4.368
2025-03-17 01:00,0.374,0.131,0.262,-3.885
2025-03-17 02:00,0.526,0.258,0.303,-3.313
2025-03-17 03:00,0.499,0.196,0.336,-3.116
2025-03-17 04:00,0.466,0.159,0.336,-2.966
2025-03-17 05:00,0.468,0.182,0.316,-2.792
2025-03-17 06:00,0.390,0.141,0.272,-2.960
2025-03-17 07:00,0.268,0.081,0.205,-3.335
2025-03-17 08:00,0.138,0.035,0.122,-3.851
2025-03-17 09:00,0.022,0.006,0.035,-4.580
2025-03-17 10:00,0,0,0,-5.524
2025-03-17 11:00,0,0,0,-6.361
2025-03-17 12:00,0,0,0,-7.118
2025-03-17 13:00,0,0,0,-7.843
2025-03-17 14:00,0,0,0,-8.456
2025-03-17 15:00,0,0,0,-8.952
2025-03-17 16:00,0,0,0,-9.393
2025-03-17 17:00,0,0,0,-9.842
2025-03-17 18:00,0,0,0,-10.215
2025-03-17 19:00,0,0,0,-10.488
2025-03-17 20:00,0,0,0,-10.697
2025-03-17 21:00,0,0,0,-10.816
2025-03-17 22:00,0.046,0.040,0.024,-10.308
2025-03-17 23:00,0.299,0.221,0.090,-7.827
2025-03-18 00:00,0.551,0.485,0.101,-4.593
2025-03-18 01:00,0.730,0.692,0.120,-2.172
2025-03-18 02:00,0.828,0.813,0.141,-0.181
2025-03-18 03:00,0.846,0.821,0.168,1.210
2025-03-18 04:00,0.806,0.747,0.190,2.169
2025-03-18 05:00,0.696,0.577,0.213,2.781
2025-03-18 06:00,0.529,0.362,0.220,2.975
2025-03-18 07:00,0.354,0.197,0.188,2.855
2025-03-18 08:00,0.189,0.089,0.123,2.389
2025-03-18 09:00,0.034,0.014,0.040,0.242
2025-03-18 10:00,0,0,0,-0.793
2025-03-18 11:00,0,0,0,-0.498
2025-03-18 12:00,0,0,0,-0.472
2025-03-18 13:00,0,0,0,-0.862
2025-03-18 14:00,0,0,0,-1.457
2025-03-18 15:00,0,0,0,-2.197
2025-03-18 16:00,0,0,0,-2.659
2025-03-18 17:00,0,0,0,-2.937
2025-03-18 18:00,0,0,0,-3.094
2025-03-18 19:00,0,0,0,-3.226
2025-03-18 20:00,0,0,0,-3.486
2025-03-18 21:00,0,0,0,-3.728
2025-03-18 22:00,0.046,0.042,0.023,-3.266
2025-03-18 23:00,0.286,0.225,0.083,-0.626
2025-03-19 00:00,0.523,0.473,0.101,2.459
2025-03-19 01:00,0.688,0.676,0.120,6.480
2025-03-19 02:00,0.776,0.790,0.141,9.231
2025-03-19 03:00,0.804,0.821,0.161,10.616
2025-03-19 04:00,0.826,0.870,0.150,11.267
2025-03-19 05:00,0.787,0.824,0.138,11.506
2025-03-19 06:00,0.685,0.690,0.125,11.446
2025-03-19 07:00,0.523,0.494,0.107,10.950
2025-03-19 08:00,0.303,0.255,0.084,8.290
2025-03-19 09:00,0.064,0.046,0.040,3.944
2025-03-19 10:00,0,0,0,2.078
2025-03-19 11:00,0,0,0,1.043
2025-03-19 12:00,0,0,0,0.371
2025-03-19 13:00,0,0,0,0.094
2025-03-19 14:00,0,0,0,-0.051
2025-03-19 15:00,0,0,0,-0.198
2025-03-19 16:00,0,0,0,-0.412
2025-03-19 17:00,0,0,0,-0.615
2025-03-19 18:00,0,0,0,-0.785
2025-03-19 19:00,0,0,0,-0.903
2025-03-19 20:00,0,0,0,-0.965
2025-03-19 21:00,0,0,0,-0.987
2025-03-19 22:00,0.050,0.047,0.023,-0.209
2025-03-19 23:00,0.259,0.194,0.090,2.322
2025-03-20 00:00,0.459,0.378,0.131,5.510
2025-03-20 01:00,0.666,0.648,0.130,9.378
2025-03-20 02:00,0.768,0.790,0.145,11.593
2025-03-20 03:00,0.819,0.865,0.153,12.709
2025-03-20 04:00,0.821,0.872,0.153,13.460
2025-03-20 05:00,0.771,0.805,0.147,13.925
2025-03-20 06:00,0.666,0.664,0.135,13.870
2025-03-20 07:00,0.494,0.448,0.122,13.229
2025-03-20 08:00,0.272,0.212,0.099,11.969
2025-03-20 09:00,0.056,0.035,0.045,8.732
2025-03-20 10:00,0,0,0,5.456
2025-03-20 11:00,0,0,0,4.775
2025-03-20 12:00,0,0,0,4.375
2025-03-20 13:00,0,0,0,4.170
2025-03-20 14:00,0,0,0,4.262
2025-03-20 15:00,0,0,0,4.184
2025-03-20 16:00,0,0,0,3.902
2025-03-20 17:00,0,0,0,3.498
2025-03-20 18:00,0,0,0,3.111
2025-03-20 19:00,0,0,0,2.755
2025-03-20 20:00,0,0,0,2.451
2025-03-20 21:00,0,0,0,2.126
2025-03-20 22:00,0.039,0.031,0.029,2.793
2025-03-20 23:00,0.241,0.171,0.098,5.978
2025-03-21 00:00,0.442,0.357,0.141,9.114
2025-03-21 01:00,0.588,0.520,0.171,13.009
2025-03-21 02:00,0.715,0.703,0.174,15.445
2025-03-21 03:00,0.788,0.829,0.168,17.081
2025-03-21 04:00,0.792,0.844,0.166,18.156
2025-03-21 05:00,0.745,0.781,0.158,18.670
2025-03-21 06:00,0.641,0.638,0.146,18.597
2025-03-21 07:00,0.485,0.447,0.127,17.995
2025-03-21 08:00,0.276,0.223,0.099,16.589
2025-03-21 09:00,0.061,0.039,0.047,12.914
2025-03-21 10:00,0,0,0,9.429
2025-03-21 11:00,0,0,0,8.230
2025-03-21 12:00,0,0,0,7.188
2025-03-21 13:00,0,0,0,6.293
2025-03-21 14:00,0,0,0,5.400
2025-03-21 15:00,0,0,0,4.649
2025-03-21 16:00,0,0,0,3.983
2025-03-21 17:00,0,0,0,3.570
2025-03-21 18:00,0,0,0,3.165
2025-03-21 19:00,0,0,0,2.699
2025-03-21 20:00,0,0,0,2.186
2025-03-21 21:00,0,0,0,1.768
2025-03-21 22:00,0.050,0.044,0.028,2.611
2025-03-21 23:00,0.276,0.217,0.089,5.831
2025-03-22 00:00,0.496,0.451,0.113,9.825
2025-03-22 01:00,0.654,0.655,0.131,14.737
2025-03-22 02:00,0.752,0.804,0.144,18.219
2025-03-22 03:00,0.805,0.891,0.149,19.697
2025-03-22 04:00,0.805,0.895,0.150,20.379
2025-03-22 05:00,0.755,0.821,0.145,20.605
2025-03-22 06:00,0.652,0.675,0.135,20.451
2025-03-22 07:00,0.497,0.477,0.117,19.818
2025-03-22 08:00,0.290,0.248,0.092,18.007
2025-03-22 09:00,0.068,0.048,0.047,13.286
2025-03-22 10:00,0,0,0,10.050
2025-03-22 11:00,0,0,0,8.831
2025-03-22 12:00,0,0,0,7.599
2025-03-22 13:00,0,0,0,6.612
2025-03-22 14:00,0,0,0,5.801
2025-03-22 15:00,0,0,0,4.978
2025-03-22 16:00,0,0,0,4.088
2025-03-22 17:00,0,0,0,3.228
2025-03-22 18:00,0,0,0,2.475
2025-03-22 19:00,0,0,0,1.766
2025-03-22 20:00,0,0,0,1.009
2025-03-22 21:00,0,0,0,0.253
2025-03-22 22:00,0.053,0.046,0.028,1.046
2025-03-22 23:00,0.278,0.219,0.089,5.249
2025-03-23 00:00,0.498,0.446,0.116,8.563
2025-03-23 01:00,0.659,0.647,0.135,12.397
2025-03-23 02:00,0.755,0.793,0.149,16.430
2025-03-23 03:00,0.808,0.893,0.150,19.469
2025-03-23 04:00,0.804,0.894,0.152,20.921
2025-03-23 05:00,0.754,0.821,0.147,21.380
2025-03-23 06:00,0.648,0.669,0.138,21.165
2025-03-23 07:00,0.491,0.467,0.122,20.389
2025-03-23 08:00,0.282,0.233,0.099,17.977
2025-03-23 09:00,0.064,0.039,0.050,12.686
2025-03-23 10:00,0,0,0,9.001
2025-03-23 11:00,0,0,0,7.892
2025-03-23 12:00,0,0,0,6.927
2025-03-23 13:00,0,0,0,5.910
2025-03-23 14:00,0,0,0,5.348
2025-03-23 15:00,0,0,0,4.523
2025-03-23 16:00,0,0,0,3.232
2025-03-23 17:00,0,0,0,2.269
2025-03-23 18:00,0,0,0,1.768
2025-03-23 19:00,0,0,0,1.498
2025-03-23 20:00,0,0,0,1.079
2025-03-23 21:00,0,0,0,-0.182
2025-03-23 22:00,0.047,0.025,0.042,-1.149
2025-03-23 23:00,0.305,0.246,0.083,0.253
2025-03-24 00:00,0.552,0.507,0.101,2.423
2025-03-24 01:00,0.732,0.728,0.116,4.044
2025-03-24 02:00,0.844,0.883,0.128,5.553
2025-03-24 03:00,0.897,0.967,0.135,6.858
2025-03-24 04:00,0.894,0.968,0.136,7.832
2025-03-24 05:00,0.837,0.886,0.133,8.495
2025-03-24 06:00,0.718,0.719,0.128,8.708
2025-03-24 07:00,0.461,0.361,0.157,8.450
2025-03-24 08:00,0.165,0.058,0.134,7.558
2025-03-24 09:00,0.044,0.015,0.051,5.061
2025-03-24 10:00,0,0,0,2.862
2025-03-24 11:00,0,0,0,2.742
2025-03-24 12:00,0,0,0,1.985
2025-03-24 13:00,0,0,0,0.912
2025-03-24 14:00,0,0,0,0.068
2025-03-24 15:00,0,0,0,-0.008
2025-03-24 16:00,0,0,0,-0.156
2025-03-24 17:00,0,0,0,-0.220
2025-03-24 18:00,0,0,0,-0.140
2025-03-24 19:00,0,0,0,-0.131
2025-03-24 20:00,0,0,0,-0.399
2025-03-24 21:00,0,0,0,-0.041
2025-03-24 22:00,0.048,0.024,0.045,1.220
2025-03-24 23:00,0.239,0.151,0.113,2.723
2025-03-25 00:00,0.461,0.347,0.159,3.495
2025-03-25 01:00,0.603,0.477,0.201,4.333
2025-03-25 02:00,0.684,0.539,0.240,3.924
2025-03-25 03:00,0.704,0.531,0.274,3.585
2025-03-25 04:00,0.737,0.593,0.258,4.004
2025-03-25 05:00,0.724,0.611,0.225,4.579
2025-03-25 06:00,0.646,0.542,0.191,4.796
2025-03-25 07:00,0.505,0.406,0.154,4.589
2025-03-25 08:00,0.296,0.208,0.117,3.837
2025-03-25 09:00,0.071,0.034,0.058,1.798
2025-03-25 10:00,0,0,0.001,-1.725
2025-03-25 11:00,0,0,0,-2.350
2025-03-25 12:00,0,0,0,-2.335
2025-03-25 13:00,0,0,0,-2.198
2025-03-25 14:00,0,0,0,-1.934
2025-03-25 15:00,0,0,0,-1.739
2025-03-25 16:00,0,0,0,-1.777
2025-03-25 17:00,0,0,0,-1.785
2025-03-25 18:00,0,0,0,-1.728
2025-03-25 19:00,0,0,0,-1.778
2025-03-25 20:00,0,0,0,-1.691
2025-03-25 21:00,0,0,0,-1.458
2025-03-25 22:00,0,0,0.014,-1.091
2025-03-25 23:00,0.034,0.002,0.052,-0.334
2025-03-26 00:00,0.137,0.011,0.148,1.313
2025-03-26 01:00,0.227,0.026,0.227,3.990
2025-03-26 02:00,0.300,0.043,0.290,6.647
2025-03-26 03:00,0.275,0.030,0.279,8.203
2025-03-26 04:00,0.243,0.021,0.254,8.448
2025-03-26 05:00,0.269,0.031,0.272,8.792
2025-03-26 06:00,0.248,0.032,0.248,8.806
2025-03-26 07:00,0.192,0.026,0.196,8.449
2025-03-26 08:00,0.149,0.030,0.146,7.816
2025-03-26 09:00,0.034,0.005,0.050,6.225
2025-03-26 10:00,0,0,0.001,3.639
2025-03-26 11:00,0,0,0,2.346
2025-03-26 12:00,0,0,0,1.237
2025-03-26 13:00,0,0,0,0.142
2025-03-26 14:00,0,0,0,-0.564
2025-03-26 15:00,0,0,0,-1.087
2025-03-26 16:00,0,0,0,-1.725
2025-03-26 17:00,0,0,0,-2.470
2025-03-26 18:00,0,0,0,-2.737
2025-03-26 19:00,0,0,0,-3.094
2025-03-26 20:00,0,0,0,-3.619
2025-03-26 21:00,0,0,0,-4.031
2025-03-26 22:00,0.044,0.011,0.053,-3.824
2025-03-26 23:00,0.235,0.109,0.144,-2.277
2025-03-27 00:00,0.447,0.320,0.159,-0.692
2025-03-27 01:00,0.542,0.369,0.221,0.301
2025-03-27 02:00,0.637,0.458,0.250,1.272
2025-03-27 03:00,0.752,0.635,0.229,2.305
2025-03-27 04:00,0.828,0.789,0.186,3.207
2025-03-27 05:00,0.833,0.838,0.147,3.652
2025-03-27 06:00,0.742,0.728,0.127,3.285
2025-03-27 07:00,0.575,0.525,0.110,2.301
2025-03-27 08:00,0.342,0.279,0.091,0.980
2025-03-27 09:00,0.092,0.059,0.054,-0.664
2025-03-27 10:00,0,0,0.001,-3.336
2025-03-27 11:00,0,0,0,-4.885
2025-03-27 12:00,0,0,0,-5.503
2025-03-27 13:00,0,0,0,-5.890
2025-03-27 14:00,0,0,0,-6.109
2025-03-27 15:00,0,0,0,-6.261
2025-03-27 16:00,0,0,0,-6.349
2025-03-27 17:00,0,0,0,-6.401
2025-03-27 18:00,0,0,0,-6.441
2025-03-27 19:00,0,0,0,-6.482
2025-03-27 20:00,0,0,0,-6.540
2025-03-27 21:00,0,0,0,-6.583
2025-03-27 22:00,0.071,0.044,0.046,-5.637
2025-03-27 23:00,0.326,0.261,0.084,-3.783
2025-03-28 00:00,0.560,0.485,0.120,-2.155
2025-03-28 01:00,0.721,0.661,0.148,-0.611
2025-03-28 02:00,0.775,0.688,0.198,0.627
2025-03-28 03:00,0.710,0.523,0.279,1.341
2025-03-28 04:00,0.644,0.404,0.315,1.620
2025-03-28 05:00,0.538,0.270,0.319,1.359
2025-03-28 06:00,0.376,0.122,0.283,0.560
2025-03-28 07:00,0.201,0.032,0.189,-0.521
2025-03-28 08:00,0.123,0.019,0.124,-1.479
2025-03-28 09:00,0.035,0.005,0.049,-2.502
2025-03-28 10:00,0,0,0.002,-3.787
2025-03-28 11:00,0,0,0,-4.770
2025-03-28 12:00,0,0,0,-5.627
2025-03-28 13:00,0,0,0,-6.334
2025-03-28 14:00,0,0,0,-6.765
2025-03-28 15:00,0,0,0,-7.192
2025-03-28 16:00,0,0,0,-7.663
2025-03-28 17:00,0,0,0,-8.074
2025-03-28 18:00,0,0,0,-8.386
2025-03-28 19:00,0,0,0,-8.687
2025-03-28 20:00,0,0,0,-9.010
2025-03-28 21:00,0,0,0.001,-9.189
2025-03-28 22:00,0.076,0.043,0.051,-8.732
2025-03-28 23:00,0.334,0.253,0.093,-7.392
2025-03-29 00:00,0.513,0.387,0.153,-5.920
2025-03-29 01:00,0.636,0.479,0.207,-4.559
2025-03-29 02:00,0.645,0.418,0.283,-3.728
2025-03-29 03:00,0.562,0.256,0.347,-3.389
2025-03-29 04:00,0.514,0.196,0.353,-3.014
2025-03-29 05:00,0.448,0.146,0.330,-2.633
2025-03-29 06:00,0.360,0.099,0.283,-2.508
2025-03-29 07:00,0.264,0.064,0.219,-2.661
2025-03-29 08:00,0.175,0.046,0.148,-3.025
2025-03-29 09:00,0.064,0.018,0.065,-3.641
2025-03-29 10:00,0,0,0.002,-4.740
2025-03-29 11:00,0,0,0,-5.965
2025-03-29 12:00,0,0,0,-7.108
2025-03-29 13:00,0,0,0,-7.985
2025-03-29 14:00,0,0,0,-8.722
2025-03-29 15:00,0,0,0,-9.351
2025-03-29 16:00,0,0,0,-9.932
2025-03-29 17:00,0,0,0,-10.409
2025-03-29 18:00,0,0,0,-10.775
2025-03-29 19:00,0,0,0,-11.041
2025-03-29 20:00,0,0,0,-11.235
2025-03-29 21:00,0,0,0.001,-11.417
2025-03-29 22:00,0.080,0.044,0.053,-9.826
2025-03-29 23:00,0.335,0.253,0.096,-6.637
2025-03-30 00:00,0.571,0.498,0.116,-3.143
2025-03-30 01:00,0.743,0.703,0.135,-0.458
2025-03-30 02:00,0.850,0.850,0.149,1.869
2025-03-30 03:00,0.897,0.922,0.158,3.796
2025-03-30 04:00,0.873,0.883,0.172,5.333
2025-03-30 05:00,0.722,0.616,0.225,6.283
2025-03-30 06:00,0.434,0.198,0.283,6.234
2025-03-30 07:00,0.199,0.034,0.192,5.430
2025-03-30 08:00,0.086,0.009,0.100,3.871
2025-03-30 09:00,0.019,0.002,0.036,1.899
2025-03-30 10:00,0,0,0.001,0.781
2025-03-30 11:00,0,0,0,0.723
2025-03-30 12:00,0,0,0,0.606
2025-03-30 13:00,0,0,0,0.363
2025-03-30 14:00,0,0,0,0.006
2025-03-30 15:00,0,0,0,-0.441
2025-03-30 16:00,0,0,0,-0.995
2025-03-30 17:00,0,0,0,-1.338
2025-03-30 18:00,0,0,0,-1.637
2025-03-30 19:00,0,0,0,-1.958
2025-03-30 20:00,0,0,0,-2.215
2025-03-30 21:00,0,0,0.001,-2.376
2025-03-30 22:00,0.075,0.042,0.055,-0.774
2025-03-30 23:00,0.313,0.240,0.099,1.778
2025-03-31 00:00,0.529,0.460,0.131,5.388
2025-03-31 01:00,0.685,0.642,0.156,7.896
2025-03-31 02:00,0.789,0.780,0.173,9.354
2025-03-31 03:00,0.826,0.822,0.191,10.326
2025-03-31 04:00,0.760,0.681,0.237,10.783
2025-03-31 05:00,0.625,0.449,0.281,10.753
2025-03-31 06:00,0.473,0.259,0.278,10.363
2025-03-31 07:00,0.353,0.171,0.226,9.884
2025-03-31 08:00,0.197,0.071,0.155,8.427
2025-03-31 09:00,0.045,0.008,0.059,4.753
2025-03-31 10:00,0,0,0.002,2.418
2025-03-31 11:00,0,0,0,1.890
2025-03-31 12:00,0,0,0,1.183
2025-03-31 13:00,0,0,0,0.399
2025-03-31 14:00,0,0,0,-0.201
2025-03-31 15:00,0,0,0,-0.253
2025-03-31 16:00,0,0,0,0.126
2025-03-31 17:00,0,0,0,1.016
2025-03-31 18:00,0,0,0,1.324
2025-03-31 19:00,0,0,0,1.238
2025-03-31 20:00,0,0,0,1.163
2025-03-31 21:00,0,0,0,1.137
2025-03-31 22:00,0.025,0.003,0.042,1.521
2025-03-31 23:00,0.198,0.078,0.145,3.341
2025-04-01 00:00,0.480,0.373,0.162,6.248
2025-04-01 01:00,0.693,0.658,0.155,8.510
2025-04-01 02:00,0.779,0.757,0.183,9.867
2025-04-01 03:00,0.704,0.558,0.277,10.266
2025-04-01 04:00,0.457,0.159,0.357,9.423
2025-04-01 05:00,0.271,0.037,0.267,7.780
2025-04-01 06:00,0.225,0.028,0.225,6.623
2025-04-01 07:00,0.196,0.030,0.194,6.176
2025-04-01 08:00,0.162,0.038,0.150,5.800
2025-04-01 09:00,0.071,0.021,0.072,4.619
2025-04-01 10:00,0,0,0.004,1.572
2025-04-01 11:00,0,0,0,0.567
2025-04-01 12:00,0,0,0,0.011
2025-04-01 13:00,0,0,0,-0.507
2025-04-01 14:00,0,0,0,-1.097
2025-04-01 15:00,0,0,0,-1.720
2025-04-01 16:00,0,0,0,-2.217
2025-04-01 17:00,0,0,0,-2.442
2025-04-01 18:00,0,0,0,-2.574
2025-04-01 19:00,0,0,0,-2.693
2025-04-01 20:00,0,0,0,-2.809
2025-04-01 21:00,0,0,0.002,-2.848
2025-04-01 22:00,0.080,0.040,0.060,-1.302
2025-04-01 23:00,0.314,0.233,0.107,1.548
2025-04-02 00:00,0.540,0.495,0.109,5.233
2025-04-02 01:00,0.708,0.703,0.124,7.227
2025-04-02 02:00,0.817,0.855,0.135,8.652
2025-04-02 03:00,0.873,0.944,0.139,9.659
2025-04-02 04:00,0.873,0.947,0.140,10.335
2025-04-02 05:00,0.821,0.873,0.136,10.742
2025-04-02 06:00,0.714,0.725,0.127,10.854
2025-04-02 07:00,0.553,0.525,0.112,10.604
2025-04-02 08:00,0.340,0.291,0.091,9.873
2025-04-02 09:00,0.106,0.072,0.059,7.670
2025-04-02 10:00,0,0,0.004,5.181
2025-04-02 11:00,0,0,0,4.059
2025-04-02 12:00,0,0,0,2.754
2025-04-02 13:00,0,0,0,1.301
2025-04-02 14:00,0,0,0,0.105
2025-04-02 15:00,0,0,0,-0.627
2025-04-02 16:00,0,0,0,-1.025
2025-04-02 17:00,0,0,0,-1.260
2025-04-02 18:00,0,0,0,-1.475
2025-04-02 19:00,0,0,0,-1.692
2025-04-02 20:00,0,0,0,-1.854
2025-04-02 21:00,0,0,0.002,-1.905
2025-04-02 22:00,0.082,0.049,0.053,0.486
2025-04-02 23:00,0.316,0.258,0.089,4.080
2025-04-03 00:00,0.526,0.456,0.137,7.660
2025-04-03 01:00,0.684,0.652,0.158,11.023
2025-04-03 02:00,0.785,0.793,0.174,13.001
2025-04-03 03:00,0.827,0.853,0.187,14.270
2025-04-03 04:00,0.798,0.790,0.209,14.953
2025-04-03 05:00,0.689,0.594,0.243,15.102
2025-04-03 06:00,0.516,0.335,0.268,14.756
2025-04-03 07:00,0.320,0.129,0.238,14.009
2025-04-03 08:00,0.157,0.036,0.152,12.885
2025-04-03 09:00,0.043,0.006,0.060,10.156
2025-04-03 10:00,0,0,0.004,7.404
2025-04-03 11:00,0,0,0,6.127
2025-04-03 12:00,0,0,0,5.484
2025-04-03 13:00,0,0,0,5.005
2025-04-03 14:00,0,0,0,4.656
2025-04-03 15:00,0,0,0,4.764
2025-04-03 16:00,0,0,0,4.601
2025-04-03 17:00,0,0,0,4.069
2025-04-03 18:00,0,0,0,2.954
2025-04-03 19:00,0,0,0,1.857
2025-04-03 20:00,0,0,0,1.564
2025-04-03 21:00,0,0,0.001,2.139
2025-04-03 22:00,0.007,0.001,0.023,2.982
2025-04-03 23:00,0.080,0.007,0.096,4.464
2025-04-04 00:00,0.229,0.051,0.208,7.251
2025-04-04 01:00,0.365,0.126,0.286,10.354
2025-04-04 02:00,0.410,0.138,0.329,12.166
2025-04-04 03:00,0.558,0.311,0.342,13.536
2025-04-04 04:00,0.662,0.501,0.295,14.448
2025-04-04 05:00,0.678,0.572,0.247,14.539
2025-04-04 06:00,0.637,0.566,0.193,13.834
2025-04-04 07:00,0.487,0.389,0.171,12.329
2025-04-04 08:00,0.272,0.161,0.147,10.241
2025-04-04 09:00,0.082,0.028,0.078,8.168
2025-04-04 10:00,0,0,0.005,5.791
2025-04-04 11:00,0,0,0,4.472
2025-04-04 12:00,0,0,0,3.360
2025-04-04 13:00,0,0,0,2.066
2025-04-04 14:00,0,0,0,0.802
2025-04-04 15:00,0,0,0,-0.234
2025-04-04 16:00,0,0,0,-1.201
2025-04-04 17:00,0,0,0,-1.435
2025-04-04 18:00,0,0,0,-1.495
2025-04-04 19:00,0,0,0,-1.559
2025-04-04 20:00,0,0,0,-1.722
2025-04-04 21:00,0,0,0.003,-1.810
2025-04-04 22:00,0.085,0.041,0.065,-0.509
2025-04-04 23:00,0.314,0.232,0.110,2.404
2025-04-05 00:00,0.534,0.482,0.115,5.599
2025-04-05 01:00,0.698,0.683,0.132,7.671
2025-04-05 02:00,0.800,0.823,0.145,9.365
2025-04-05 03:00,0.839,0.879,0.158,10.755
2025-04-05 04:00,0.855,0.921,0.149,11.796
2025-04-05 05:00,0.807,0.855,0.142,12.425
2025-04-05 06:00,0.707,0.720,0.131,12.551
2025-04-05 07:00,0.553,0.528,0.114,12.097
2025-04-05 08:00,0.344,0.295,0.093,11.067
2025-04-05 09:00,0.111,0.075,0.063,9.149
2025-04-05 10:00,0,0,0.006,4.736
2025-04-05 11:00,0,0,0,3.038
2025-04-05 12:00,0,0,0,1.963
2025-04-05 13:00,0,0,0,0.997
2025-04-05 14:00,0,0,0,0.202
2025-04-05 15:00,0,0,0,-0.514
2025-04-05 16:00,0,0,0,-1.199
2025-04-05 17:00,0,0,0,-1.756
2025-04-05 18:00,0,0,0,-2.135
2025-04-05 19:00,0,0,0,-2.207
2025-04-05 20:00,0,0,0,-2.069
2025-04-05 21:00,0,0,0.003,-1.942
2025-04-05 22:00,0.090,0.055,0.056,0.113
2025-04-05 23:00,0.327,0.268,0.089,3.343
2025-04-06 00:00,0.546,0.504,0.110,6.600
2025-04-06 01:00,0.706,0.707,0.127,9.345
2025-04-06 02:00,0.809,0.855,0.138,11.183
2025-04-06 03:00,0.860,0.941,0.143,12.781
2025-04-06 04:00,0.857,0.943,0.145,14.205
2025-04-06 05:00,0.803,0.867,0.141,15.250
2025-04-06 06:00,0.695,0.717,0.133,15.863
2025-04-06 07:00,0.535,0.512,0.120,15.998
2025-04-06 08:00,0.322,0.267,0.105,15.476
2025-04-06 09:00,0.102,0.059,0.071,12.593
2025-04-06 10:00,0,0,0.007,8.039
2025-04-06 11:00,0,0,0,6.978
2025-04-06 12:00,0,0,0,6.476
2025-04-06 13:00,0,0,0,5.554
2025-04-06 14:00,0,0,0,4.873
2025-04-06 15:00,0,0,0,4.488
2025-04-06 16:00,0,0,0,4.522
2025-04-06 17:00,0,0,0,3.873
2025-04-06 18:00,0,0,0,3.505
2025-04-06 19:00,0,0,0,3.205
2025-04-06 20:00,0,0,0,2.723
2025-04-06 21:00,0,0,0.003,1.871
2025-04-06 22:00,0.083,0.041,0.064,3.126
2025-04-06 23:00,0.311,0.246,0.099,6.294
2025-04-07 00:00,0.520,0.469,0.121,9.005
2025-04-07 01:00,0.678,0.664,0.138,10.877
2025-04-07 02:00,0.788,0.822,0.146,12.307
2025-04-07 03:00,0.850,0.923,0.147,13.180
2025-04-07 04:00,0.857,0.941,0.144,13.698
2025-04-07 05:00,0.812,0.878,0.137,13.898
2025-04-07 06:00,0.706,0.724,0.130,13.654
2025-04-07 07:00,0.552,0.529,0.115,13.090
2025-04-07 08:00,0.344,0.296,0.095,12.172
2025-04-07 09:00,0.115,0.077,0.065,10.611
2025-04-07 10:00,0,0,0.007,7.329
2025-04-07 11:00,0,0,0,5.485
2025-04-07 12:00,0,0,0,4.351
2025-04-07 13:00,0,0,0,2.991
2025-04-07 14:00,0,0,0,1.990
2025-04-07 15:00,0,0,0,1.024
2025-04-07 16:00,0,0,0,0.159
2025-04-07 17:00,0,0,0,-0.255
2025-04-07 18:00,0,0,0,-0.718
2025-04-07 19:00,0,0,0,-0.978
2025-04-07 20:00,0,0,0,-1.169
2025-04-07 21:00,0,0,0.004,-1.301
2025-04-07 22:00,0.094,0.056,0.059,1.209
2025-04-07 23:00,0.326,0.267,0.092,4.689
2025-04-08 00:00,0.533,0.469,0.136,8.628
2025-04-08 01:00,0.679,0.641,0.163,11.262
2025-04-08 02:00,0.771,0.764,0.184,13.068
2025-04-08 03:00,0.841,0.888,0.177,14.647
2025-04-08 04:00,0.834,0.881,0.181,15.899
2025-04-08 05:00,0.778,0.801,0.178,16.747
2025-04-08 06:00,0.633,0.570,0.197,17.087
2025-04-08 07:00,0.451,0.334,0.195,16.979
2025-04-08 08:00,0.219,0.089,0.169,16.152
2025-04-08 09:00,0.042,0.004,0.062,12.886
2025-04-08 10:00,0,0,0.004,10.192
2025-04-08 11:00,0,0,0,9.517
2025-04-08 12:00,0,0,0,8.976
2025-04-08 13:00,0,0,0,8.459
2025-04-08 14:00,0,0,0,7.819
2025-04-08 15:00,0,0,0,7.083
2025-04-08 16:00,0,0,0,6.490
2025-04-08 17:00,0,0,0,6.049
2025-04-08 18:00,0,0,0,5.461
2025-04-08 19:00,0,0,0,4.819
2025-04-08 20:00,0,0,0,4.295
2025-04-08 21:00,0,0,0.002,4.039
2025-04-08 22:00,0.013,0.001,0.030,4.839
2025-04-08 23:00,0.072,0.005,0.091,6.657
2025-04-09 00:00,0.192,0.032,0.189,8.885
2025-04-09 01:00,0.409,0.183,0.283,12.065
2025-04-09 02:00,0.587,0.410,0.284,14.552
2025-04-09 03:00,0.669,0.537,0.276,15.947
2025-04-09 04:00,0.779,0.780,0.202,17.034
2025-04-09 05:00,0.762,0.785,0.174,17.642
2025-04-09 06:00,0.666,0.657,0.160,17.721
2025-04-09 07:00,0.523,0.482,0.138,17.348
2025-04-09 08:00,0.330,0.273,0.111,16.495
2025-04-09 09:00,0.116,0.073,0.073,14.236
2025-04-09 10:00,0,0,0.009,11.549
2025-04-09 11:00,0,0,0,9.527
2025-04-09 12:00,0,0,0,7.289
2025-04-09 13:00,0,0,0,6.154
2025-04-09 14:00,0,0,0,5.797
2025-04-09 15:00,0,0,0,5.543
2025-04-09 16:00,0,0,0,5.236
2025-04-09 17:00,0,0,0,4.810
2025-04-09 18:00,0,0,0,4.396
2025-04-09 19:00,0,0,0,4.100
2025-04-09 20:00,0,0,0,3.753
2025-04-09 21:00,0,0,0.006,3.435
2025-04-09 22:00,0.099,0.060,0.064,5.777
2025-04-09 23:00,0.328,0.270,0.098,9.126
2025-04-10 00:00,0.532,0.497,0.121,13.319
2025-04-10 01:00,0.672,0.683,0.143,17.797
2025-04-10 02:00,0.759,0.802,0.164,19.501
2025-04-10 03:00,0.800,0.864,0.175,20.616
2025-04-10 04:00,0.791,0.847,0.182,21.431
2025-04-10 05:00,0.727,0.741,0.188,21.829
2025-04-10 06:00,0.607,0.558,0.193,21.751
2025-04-10 07:00,0.445,0.348,0.185,21.246
2025-04-10 08:00,0.246,0.136,0.158,20.145
2025-04-10 09:00,0.073,0.018,0.084,17.199
2025-04-10 10:00,0,0,0.008,14.139
2025-04-10 11:00,0,0,0,13.200
2025-04-10 12:00,0,0,0,12.491
2025-04-10 13:00,0,0,0,11.650
2025-04-10 14:00,0,0,0,10.893
2025-04-10 15:00,0,0,0,10.376
2025-04-10 16:00,0,0,0,9.798
2025-04-10 17:00,0,0,0,8.878
2025-04-10 18:00,0,0,0,8.009
2025-04-10 19:00,0,0,0,7.592
2025-04-10 20:00,0,0,0,7.415
2025-04-10 21:00,0,0,0.005,7.229
2025-04-10 22:00,0.071,0.019,0.076,8.175
2025-04-10 23:00,0.256,0.150,0.142,10.588
2025-04-11 00:00,0.453,0.340,0.184,14.441
2025-04-11 01:00,0.607,0.530,0.204,17.627
2025-04-11 02:00,0.707,0.671,0.217,19.816
2025-04-11 03:00,0.772,0.786,0.212,21.280
2025-04-11 04:00,0.764,0.771,0.219,22.014
2025-04-11 05:00,0.689,0.637,0.235,22.040
2025-04-11 06:00,0.507,0.336,0.277,21.163
2025-04-11 07:00,0.329,0.139,0.249,19.869
2025-04-11 08:00,0.204,0.069,0.175,18.604
2025-04-11 09:00,0.059,0.008,0.077,16.789
2025-04-11 10:00,0,0,0.005,14.584
2025-04-11 11:00,0,0,0,13.029
2025-04-11 12:00,0,0,0,11.710
2025-04-11 13:00,0,0,0,10.529
2025-04-11 14:00,0,0,0,9.122
2025-04-11 15:00,0,0,0,7.426
2025-04-11 16:00,0,0,0,5.610
2025-04-11 17:00,0,0,0,4.053
2025-04-11 18:00,0,0,0,2.755
2025-04-11 19:00,0,0,0,1.521
2025-04-11 20:00,0,0,0,0.071
2025-04-11 21:00,0,0,0.004,-1.254
2025-04-11 22:00,0.054,0.006,0.068,-1.492
2025-04-11 23:00,0.169,0.034,0.155,-0.702
2025-04-12 00:00,0.288,0.058,0.254,0.600
2025-04-12 01:00,0.402,0.104,0.332,2.063
2025-04-12 02:00,0.406,0.080,0.363,3.222
2025-04-12 03:00,0.403,0.068,0.373,4.007
2025-04-12 04:00,0.354,0.044,0.343,4.137
2025-04-12 05:00,0.280,0.024,0.284,3.896
2025-04-12 06:00,0.186,0.010,0.200,3.243
2025-04-12 07:00,0.119,0.005,0.136,2.246
2025-04-12 08:00,0.062,0.002,0.081,1.012
2025-04-12 09:00,0.022,0.001,0.040,-0.125
2025-04-12 10:00,0,0,0.006,-1.029
2025-04-12 11:00,0,0,0,-1.569
2025-04-12 12:00,0,0,0,-1.825
2025-04-12 13:00,0,0,0,-1.969
2025-04-12 14:00,0,0,0,-1.917
2025-04-12 15:00,0,0,0,-1.836
2025-04-12 16:00,0,0,0,-1.864
2025-04-12 17:00,0,0,0,-1.934
2025-04-12 18:00,0,0,0,-2.039
2025-04-12 19:00,0,0,0,-2.124
2025-04-12 20:00,0,0,0,-2.184
2025-04-12 21:00,0,0,0.004,-2.267
2025-04-12 22:00,0.038,0.002,0.056,-2.088
2025-04-12 23:00,0.149,0.017,0.153,-1.495
2025-04-13 00:00,0.227,0.026,0.222,-0.694
2025-04-13 01:00,0.315,0.044,0.295,0.271
2025-04-13 02:00,0.390,0.066,0.355,1.316
2025-04-13 03:00,0.521,0.157,0.416,2.580
2025-04-13 04:00,0.564,0.207,0.420,3.428
2025-04-13 05:00,0.402,0.072,0.366,3.066
2025-04-13 06:00,0.216,0.014,0.225,2.180
2025-04-13 07:00,0.122,0.005,0.139,1.671
2025-04-13 08:00,0.053,0.002,0.073,1.249
2025-04-13 09:00,0.010,0,0.027,0.866
2025-04-13 10:00,0,0,0.003,0.615
2025-04-13 11:00,0,0,0,0.568
2025-04-13 12:00,0,0,0,0.597
2025-04-13 13:00,0,0,0,0.616
2025-04-13 14:00,0,0,0,0.740
2025-04-13 15:00,0,0,0,1.118
2025-04-13 16:00,0,0,0,1.396
2025-04-13 17:00,0,0,0,1.371
2025-04-13 18:00,0,0,0,1.241
2025-04-13 19:00,0,0,0,1.061
2025-04-13 20:00,0,0,0,0.910
2025-04-13 21:00,0,0,0.003,0.961
2025-04-13 22:00,0.017,0.001,0.035,1.457
2025-04-13 23:00,0.080,0.004,0.098,2.305
2025-04-14 00:00,0.189,0.024,0.189,3.642
2025-04-14 01:00,0.324,0.074,0.283,5.589
2025-04-14 02:00,0.460,0.170,0.345,7.672
2025-04-14 03:00,0.595,0.338,0.348,9.371
2025-04-14 04:00,0.669,0.477,0.313,10.751
2025-04-14 05:00,0.688,0.564,0.258,12.002
2025-04-14 06:00,0.614,0.499,0.224,12.816
2025-04-14 07:00,0.489,0.381,0.185,13.142
2025-04-14 08:00,0.316,0.218,0.142,12.861
2025-04-14 09:00,0.116,0.052,0.092,11.445
2025-04-14 10:00,0,0,0.014,7.620
2025-04-14 11:00,0,0,0,5.739
2025-04-14 12:00,0,0,0,4.944
2025-04-14 13:00,0,0,0,4.441
2025-04-14 14:00,0,0,0,4.224
2025-04-14 15:00,0,0,0,3.986
2025-04-14 16:00,0,0,0,3.634
2025-04-14 17:00,0,0,0,3.275
2025-04-14 18:00,0,0,0,2.964
2025-04-14 19:00,0,0,0,2.582
2025-04-14 20:00,0,0,0,2.179
2025-04-14 21:00,0,0,0.010,2.088
2025-04-14 22:00,0.106,0.050,0.080,5.551
2025-04-14 23:00,0.317,0.235,0.122,9.604
2025-04-15 00:00,0.514,0.458,0.139,13.498
2025-04-15 01:00,0.658,0.646,0.158,17.230
2025-04-15 02:00,0.748,0.774,0.174,19.478
2025-04-15 03:00,0.780,0.817,0.191,20.999
2025-04-15 04:00,0.790,0.849,0.184,22.211
2025-04-15 05:00,0.742,0.781,0.178,23.055
2025-04-15 06:00,0.635,0.624,0.175,23.302
2025-04-15 07:00,0.492,0.442,0.157,22.972
2025-04-15 08:00,0.309,0.238,0.131,21.830
2025-04-15 09:00,0.114,0.058,0.088,18.792
2025-04-15 10:00,0,0,0.014,14.246
2025-04-15 11:00,0,0,0,11.446
2025-04-15 12:00,0,0,0,9.296
2025-04-15 13:00,0,0,0,7.612
2025-04-15 14:00,0,0,0,6.513
2025-04-15 15:00,0,0,0,5.815
2025-04-15 16:00,0,0,0,5.411
2025-04-15 17:00,0,0,0,5.276
2025-04-15 18:00,0,0,0,5.016
2025-04-15 19:00,0,0,0,4.617
2025-04-15 20:00,0,0,0,4.379
2025-04-15 21:00,0,0,0.009,4.449
2025-04-15 22:00,0.057,0.007,0.072,6.039
2025-04-15 23:00,0.145,0.026,0.145,7.424
2025-04-16 00:00,0.238,0.040,0.230,9.216
2025-04-16 01:00,0.367,0.100,0.315,11.244
2025-04-16 02:00,0.511,0.228,0.365,13.323
2025-04-16 03:00,0.645,0.429,0.347,15.484
2025-04-16 04:00,0.646,0.439,0.347,17.105
2025-04-16 05:00,0.546,0.293,0.360,17.882
2025-04-16 06:00,0.433,0.179,0.330,17.985
2025-04-16 07:00,0.319,0.105,0.269,17.669
2025-04-16 08:00,0.207,0.056,0.190,16.737
2025-04-16 09:00,0.083,0.013,0.098,14.832
2025-04-16 10:00,0,0,0.014,11.710
2025-04-16 11:00,0,0,0,9.753
2025-04-16 12:00,0,0,0,8.482
2025-04-16 13:00,0,0,0,7.388
2025-04-16 14:00,0,0,0,6.488
2025-04-16 15:00,0,0,0,5.874
2025-04-16 16:00,0,0,0,5.782
2025-04-16 17:00,0,0,0,5.983
2025-04-16 18:00,0,0,0,6.647
2025-04-16 19:00,0,0,0,7.132
2025-04-16 20:00,0,0,0,7.538
2025-04-16 21:00,0,0,0.005,7.590
2025-04-16 22:00,0.030,0.002,0.050,8.425
2025-04-16 23:00,0.129,0.014,0.142,9.410
2025-04-17 00:00,0.281,0.080,0.238,10.195
2025-04-17 01:00,0.423,0.180,0.301,11.185
2025-04-17 02:00,0.530,0.280,0.334,12.372
2025-04-17 03:00,0.605,0.375,0.339,13.408
2025-04-17 04:00,0.641,0.446,0.321,14.491
2025-04-17 05:00,0.629,0.465,0.290,15.345
2025-04-17 06:00,0.596,0.481,0.231,15.653
2025-04-17 07:00,0.476,0.364,0.191,15.326
2025-04-17 08:00,0.293,0.178,0.159,14.443
2025-04-17 09:00,0.117,0.049,0.097,13.024
2025-04-17 10:00,0.001,0,0.017,10.213
2025-04-17 11:00,0,0,0,7.641
2025-04-17 12:00,0,0,0,6.141
2025-04-17 13:00,0,0,0,4.394
2025-04-17 14:00,0,0,0,3.733
2025-04-17 15:00,0,0,0,3.028
2025-04-17 16:00,0,0,0,2.124
2025-04-17 17:00,0,0,0,0.924
2025-04-17 18:00,0,0,0,0.233
2025-04-17 19:00,0,0,0,-0.376
2025-04-17 20:00,0,0,0,-1.005
2025-04-17 21:00,0,0,0.012,-1.174
2025-04-17 22:00,0.115,0.057,0.081,2.490
2025-04-17 23:00,0.330,0.245,0.120,6.239
2025-04-18 00:00,0.499,0.371,0.195,9.555
2025-04-18 01:00,0.650,0.545,0.221,11.440
2025-04-18 02:00,0.524,0.232,0.372,12.204
2025-04-18 03:00,0.606,0.333,0.382,13.155
2025-04-18 04:00,0.523,0.206,0.404,13.762
2025-04-18 05:00,0.391,0.087,0.362,14.051
2025-04-18 06:00,0.244,0.026,0.257,13.852
2025-04-18 07:00,0.182,0.017,0.199,13.681
2025-04-18 08:00,0.085,0.005,0.107,12.465
2025-04-18 09:00,0.036,0.002,0.057,10.734
2025-04-18 10:00,0,0,0.007,9.110
2025-04-18 11:00,0,0,0,8.631
2025-04-18 12:00,0,0,0,8.008
2025-04-18 13:00,0,0,0,7.127
2025-04-18 14:00,0,0,0,6.376
2025-04-18 15:00,0,0,0,5.636
2025-04-18 16:00,0,0,0,4.916
2025-04-18 17:00,0,0,0,4.364
2025-04-18 18:00,0,0,0,3.903
2025-04-18 19:00,0,0,0,3.474
2025-04-18 20:00,0,0,0,3.086
2025-04-18 21:00,0,0,0.011,3.243
2025-04-18 22:00,0.065,0.006,0.081,4.972
2025-04-18 23:00,0.138,0.015,0.149,6.681
2025-04-19 00:00,0.311,0.115,0.234,9.018
2025-04-19 01:00,0.674,0.650,0.154,12.294
2025-04-19 02:00,0.787,0.829,0.154,14.956
2025-04-19 03:00,0.838,0.914,0.158,16.369
2025-04-19 04:00,0.840,0.923,0.157,17.173
2025-04-19 05:00,0.793,0.857,0.151,17.714
2025-04-19 06:00,0.693,0.716,0.142,18.034
2025-04-19 07:00,0.543,0.520,0.128,18.054
2025-04-19 08:00,0.330,0.263,0.122,17.622
2025-04-19 09:00,0.122,0.064,0.090,16.358
2025-04-19 10:00,0.002,0,0.018,12.513
2025-04-19 11:00,0,0,0,9.773
2025-04-19 12:00,0,0,0,8.925
2025-04-19 13:00,0,0,0,8.523
2025-04-19 14:00,0,0,0,7.482
2025-04-19 15:00,0,0,0,6.705
2025-04-19 16:00,0,0,0,6.070
2025-04-19 17:00,0,0,0,5.529
2025-04-19 18:00,0,0,0,5.072
2025-04-19 19:00,0,0,0,4.668
2025-04-19 20:00,0,0,0,4.112
2025-04-19 21:00,0,0,0.014,3.927
2025-04-19 22:00,0.102,0.038,0.088,6.885
2025-04-19 23:00,0.290,0.191,0.136,9.794
2025-04-20 00:00,0.460,0.319,0.213,13.847
2025-04-20 01:00,0.647,0.590,0.202,18.256
2025-04-20 02:00,0.736,0.720,0.219,20.966
2025-04-20 03:00,0.783,0.799,0.225,22.699
2025-04-20 04:00,0.666,0.521,0.323,23.423
2025-04-20 05:00,0.340,0.065,0.341,22.573
2025-04-20 06:00,0.287,0.049,0.294,21.973
2025-04-20 07:00,0.298,0.085,0.270,21.728
2025-04-20 08:00,0.073,0.004,0.098,19.459
2025-04-20 09:00,0.016,0.001,0.036,17.208
2025-04-20 10:00,0,0,0.007,15.523
2025-04-20 11:00,0,0,0,14.752
2025-04-20 12:00,0,0,0,14.519
2025-04-20 13:00,0,0,0,13.836
2025-04-20 14:00,0,0,0,13.000
2025-04-20 15:00,0,0,0,12.061
2025-04-20 16:00,0,0,0,11.049
2025-04-20 17:00,0,0,0,10.187
2025-04-20 18:00,0,0,0,9.264
2025-04-20 19:00,0,0,0,8.326
2025-04-20 20:00,0,0,0,7.931
2025-04-20 21:00,0,0,0.010,7.611
2025-04-20 22:00,0.054,0.004,0.073,8.343
2025-04-20 23:00,0.163,0.026,0.167,10.171
2025-04-21 00:00,0.220,0.027,0.228,12.355
2025-04-21 01:00,0.250,0.026,0.263,14.175
2025-04-21 02:00,0.224,0.016,0.246,15.059
2025-04-21 03:00,0.287,0.028,0.305,15.911
2025-04-21 04:00,0.335,0.044,0.345,16.757
2025-04-21 05:00,0.303,0.036,0.317,17.150
2025-04-21 06:00,0.224,0.019,0.246,16.937
2025-04-21 07:00,0.146,0.009,0.170,16.319
2025-04-21 08:00,0.097,0.005,0.120,15.419
2025-04-21 09:00,0.025,0.001,0.046,13.792
2025-04-21 10:00,0,0,0.008,12.284
2025-04-21 11:00,0,0,0,11.631
2025-04-21 12:00,0,0,0,11.178
2025-04-21 13:00,0,0,0,9.605
2025-04-21 14:00,0,0,0,7.174
2025-04-21 15:00,0,0,0,5.437
2025-04-21 16:00,0,0,0,4.163
2025-04-21 17:00,0,0,0,2.858
2025-04-21 18:00,0,0,0,1.772
2025-04-21 19:00,0,0,0,0.878
2025-04-21 20:00,0,0,0,0.129
2025-04-21 21:00,0.002,0,0.018,-0.044
2025-04-21 22:00,0.134,0.061,0.097,3.073
2025-04-21 23:00,0.351,0.246,0.142,6.409
2025-04-22 00:00,0.556,0.523,0.114,9.881
2025-04-22 01:00,0.706,0.720,0.129,12.639
2025-04-22 02:00,0.802,0.863,0.140,14.649
2025-04-22 03:00,0.849,0.944,0.146,16.168
2025-04-22 04:00,0.845,0.945,0.147,17.467
2025-04-22 05:00,0.793,0.872,0.143,18.706
2025-04-22 06:00,0.690,0.725,0.137,19.716
2025-04-22 07:00,0.541,0.532,0.123,20.339
2025-04-22 08:00,0.348,0.308,0.104,20.314
2025-04-22 09:00,0.136,0.092,0.077,18.618
2025-04-22 10:00,0.002,0,0.019,14.258
2025-04-22 11:00,0,0,0,12.256
2025-04-22 12:00,0,0,0,11.633
2025-04-22 13:00,0,0,0,10.915
2025-04-22 14:00,0,0,0,10.117
2025-04-22 15:00,0,0,0,9.284
2025-04-22 16:00,0,0,0,8.314
2025-04-22 17:00,0,0,0,7.335
2025-04-22 18:00,0,0,0,6.692
2025-04-22 19:00,0,0,0,6.105
2025-04-22 20:00,0,0,0,5.398
2025-04-22 21:00,0.001,0,0.016,5.046
2025-04-22 22:00,0.105,0.041,0.090,7.624
2025-04-22 23:00,0.301,0.211,0.129,10.660
2025-04-23 00:00,0.507,0.448,0.140,13.533
2025-04-23 01:00,0.662,0.651,0.150,15.790
2025-04-23 02:00,0.763,0.804,0.157,17.748
2025-04-23 03:00,0.819,0.902,0.157,19.081
2025-04-23 04:00,0.811,0.887,0.163,19.694
2025-04-23 05:00,0.753,0.789,0.167,19.510
2025-04-23 06:00,0.658,0.650,0.160,18.494
2025-04-23 07:00,0.509,0.449,0.151,16.498
2025-04-23 08:00,0.349,0.289,0.112,13.749
2025-04-23 09:00,0.141,0.091,0.079,11.105
2025-04-23 10:00,0.003,0,0.019,8.528
2025-04-23 11:00,0,0,0,6.402
2025-04-23 12:00,0,0,0,5.157
2025-04-23 13:00,0,0,0,4.206
2025-04-23 14:00,0,0,0,3.543
2025-04-23 15:00,0,0,0,2.637
2025-04-23 16:00,0,0,0,1.550
2025-04-23 17:00,0,0,0,0.923
2025-04-23 18:00,0,0,0,0.401
2025-04-23 19:00,0,0,0,-0.130
2025-04-23 20:00,0,0,0,-0.623
2025-04-23 21:00,0,0,0.015,-0.807
2025-04-23 22:00,0.134,0.090,0.066,1.663
2025-04-23 23:00,0.368,0.314,0.089,4.471
2025-04-24 00:00,0.573,0.532,0.115,6.655
2025-04-24 01:00,0.702,0.673,0.148,8.107
2025-04-24 02:00,0.719,0.629,0.220,8.668
2025-04-24 03:00,0.663,0.468,0.303,8.349
2025-04-24 04:00,0.642,0.424,0.318,8.087
2025-04-24 05:00,0.663,0.503,0.269,8.330
2025-04-24 06:00,0.633,0.524,0.209,8.608
2025-04-24 07:00,0.531,0.445,0.158,8.628
2025-04-24 08:00,0.358,0.280,0.120,8.285
2025-04-24 09:00,0.143,0.083,0.087,7.539
2025-04-24 10:00,0.005,0,0.022,5.538
2025-04-24 11:00,0,0,0,2.872
2025-04-24 12:00,0,0,0,1.687
2025-04-24 13:00,0,0,0,0.598
2025-04-24 14:00,0,0,0,-0.286
2025-04-24 15:00,0,0,0,-1.047
2025-04-24 16:00,0,0,0,-1.812
2025-04-24 17:00,0,0,0,-2.462
2025-04-24 18:00,0,0,0,-2.928
2025-04-24 19:00,0,0,0,-3.160
2025-04-24 20:00,0,0,0,-3.184
2025-04-24 21:00,0.001,0,0.016,-2.405
2025-04-24 22:00,0.136,0.086,0.072,1.371
2025-04-24 23:00,0.360,0.295,0.101,4.914
2025-04-25 00:00,0.553,0.512,0.121,9.410
2025-04-25 01:00,0.699,0.697,0.139,11.876
2025-04-25 02:00,0.791,0.829,0.153,13.827
2025-04-25 03:00,0.827,0.883,0.165,15.369
2025-04-25 04:00,0.811,0.853,0.176,16.501
2025-04-25 05:00,0.749,0.758,0.180,17.350
2025-04-25 06:00,0.631,0.581,0.186,17.741
2025-04-25 07:00,0.474,0.379,0.180,17.641
2025-04-25 08:00,0.311,0.220,0.143,17.048
2025-04-25 09:00,0.137,0.081,0.088,15.409
2025-04-25 10:00,0.005,0,0.022,10.535
2025-04-25 11:00,0,0,0,7.322
2025-04-25 12:00,0,0,0,5.802
2025-04-25 13:00,0,0,0,4.887
2025-04-25 14:00,0,0,0,5.097
2025-04-25 15:00,0,0,0,5.419
2025-04-25 16:00,0,0,0,4.947
2025-04-25 17:00,0,0,0,4.218
2025-04-25 18:00,0,0,0,3.480
2025-04-25 19:00,0,0,0,2.646
2025-04-25 20:00,0,0,0,2.495
2025-04-25 21:00,0.002,0,0.018,2.977
2025-04-25 22:00,0.128,0.072,0.080,4.608
2025-04-25 23:00,0.340,0.268,0.111,7.511
2025-04-26 00:00,0.535,0.473,0.146,11.947
2025-04-26 01:00,0.661,0.626,0.175,15.885
2025-04-26 02:00,0.642,0.510,0.275,18.341
2025-04-26 03:00,0.754,0.737,0.228,20.742
2025-04-26 04:00,0.730,0.693,0.245,22.652
2025-04-26 05:00,0.593,0.433,0.307,23.740
2025-04-26 06:00,0.267,0.045,0.276,22.748
2025-04-26 07:00,0.191,0.025,0.208,21.092
2025-04-26 08:00,0.193,0.046,0.188,19.803
2025-04-26 09:00,0.094,0.016,0.109,18.233
2025-04-26 10:00,0.008,0,0.027,15.301
2025-04-26 11:00,0,0,0,13.410
2025-04-26 12:00,0,0,0,11.523
2025-04-26 13:00,0,0,0,8.210
2025-04-26 14:00,0,0,0,6.457
2025-04-26 15:00,0,0,0,5.383
2025-04-26 16:00,0,0,0,4.609
2025-04-26 17:00,0,0,0,3.860
2025-04-26 18:00,0,0,0,2.734
2025-04-26 19:00,0,0,0,1.440
2025-04-26 20:00,0,0,0,0.382
2025-04-26 21:00,0.003,0,0.018,-0.192
2025-04-26 22:00,0.142,0.087,0.078,2.096
2025-04-26 23:00,0.367,0.297,0.107,5.854
2025-04-27 00:00,0.565,0.531,0.116,9.156
2025-04-27 01:00,0.712,0.719,0.133,11.541
2025-04-27 02:00,0.804,0.853,0.146,13.656
2025-04-27 03:00,0.847,0.927,0.153,15.424
2025-04-27 04:00,0.841,0.925,0.156,16.834
2025-04-27 05:00,0.790,0.852,0.152,17.808
2025-04-27 06:00,0.690,0.709,0.145,18.112
2025-04-27 07:00,0.539,0.507,0.135,17.797
2025-04-27 08:00,0.302,0.197,0.154,16.657
2025-04-27 09:00,0.096,0.018,0.107,14.749
2025-04-27 10:00,0.008,0,0.026,12.516
2025-04-27 11:00,0,0,0,10.126
2025-04-27 12:00,0,0,0,7.922
2025-04-27 13:00,0,0,0,6.084
2025-04-27 14:00,0,0,0,4.762
2025-04-27 15:00,0,0,0,3.492
2025-04-27 16:00,0,0,0,2.465
2025-04-27 17:00,0,0,0,1.563
2025-04-27 18:00,0,0,0,0.595
2025-04-27 19:00,0,0,0,-0.080
2025-04-27 20:00,0,0,0,-0.492
2025-04-27 21:00,0.004,0,0.020,-0.099
2025-04-27 22:00,0.134,0.076,0.081,3.259
2025-04-27 23:00,0.348,0.276,0.109,6.813
2025-04-28 00:00,0.542,0.493,0.127,10.036
2025-04-28 01:00,0.690,0.681,0.143,12.118
2025-04-28 02:00,0.784,0.818,0.155,14.035
2025-04-28 03:00,0.833,0.899,0.159,15.535
2025-04-28 04:00,0.829,0.899,0.161,16.661
2025-04-28 05:00,0.774,0.818,0.160,17.626
2025-04-28 06:00,0.672,0.674,0.154,18.287
2025-04-28 07:00,0.525,0.486,0.141,18.559
2025-04-28 08:00,0.335,0.269,0.124,18.297
2025-04-28 09:00,0.138,0.080,0.092,17.585
2025-04-28 10:00,0.007,0,0.026,14.758
2025-04-28 11:00,0,0,0,11.879
2025-04-28 12:00,0,0,0,10.350
2025-04-28 13:00,0,0,0,9.592
2025-04-28 14:00,0,0,0,9.295
2025-04-28 15:00,0,0,0,9.198
2025-04-28 16:00,0,0,0,8.729
2025-04-28 17:00,0,0,0,7.946
2025-04-28 18:00,0,0,0,7.098
2025-04-28 19:00,0,0,0,6.379
2025-04-28 20:00,0,0,0,5.954
2025-04-28 21:00,0.004,0,0.020,6.159
2025-04-28 22:00,0.132,0.078,0.080,8.383
2025-04-28 23:00,0.347,0.292,0.102,12.202
2025-04-29 00:00,0.537,0.507,0.134,17.643
2025-04-29 01:00,0.673,0.704,0.149,22.783
2025-04-29 02:00,0.762,0.844,0.161,25.037
2025-04-29 03:00,0.785,0.866,0.184,25.972
2025-04-29 04:00,0.512,0.257,0.375,25.107
2025-04-29 05:00,0.397,0.123,0.356,23.809
2025-04-29 06:00,0.507,0.334,0.287,23.819
2025-04-29 07:00,0.484,0.406,0.184,23.544
2025-04-29 08:00,0.319,0.231,0.151,22.330
2025-04-29 09:00,0.142,0.078,0.100,20.411
2025-04-29 10:00,0.009,0,0.028,16.473
2025-04-29 11:00,0,0,0,12.679
2025-04-29 12:00,0,0,0,10.633
2025-04-29 13:00,0,0,0,8.738
2025-04-29 14:00,0,0,0,7.161
2025-04-29 15:00,0,0,0,5.799
2025-04-29 16:00,0,0,0,4.766
2025-04-29 17:00,0,0,0,4.217
2025-04-29 18:00,0,0,0,3.768
2025-04-29 19:00,0,0,0,3.136
2025-04-29 20:00,0,0,0,2.407
2025-04-29 21:00,0.006,0,0.023,2.483
2025-04-29 22:00,0.107,0.023,0.108,4.654
2025-04-29 23:00,0.276,0.133,0.175,7.177
2025-04-30 00:00,0.390,0.164,0.274,9.291
2025-04-30 01:00,0.275,0.033,0.277,9.774
2025-04-30 02:00,0.286,0.030,0.293,10.171
2025-04-30 03:00,0.359,0.053,0.353,11.314
2025-04-30 04:00,0.374,0.061,0.366,12.752
2025-04-30 05:00,0.381,0.074,0.364,14.115
2025-04-30 06:00,0.350,0.073,0.331,15.201
2025-04-30 07:00,0.294,0.063,0.278,15.931
2025-04-30 08:00,0.215,0.045,0.208,16.118
2025-04-30 09:00,0.109,0.015,0.123,14.650
2025-04-30 10:00,0.018,0,0.038,11.051
2025-04-30 11:00,0,0,0,7.815
2025-04-30 12:00,0,0,0,6.092
2025-04-30 13:00,0,0,0,4.697
2025-04-30 14:00,0,0,0,3.552
2025-04-30 15:00,0,0,0,2.795
2025-04-30 16:00,0,0,0,2.429
2025-04-30 17:00,0,0,0,2.283
2025-04-30 18:00,0,0,0,2.430
2025-04-30 19:00,0,0,0,2.458
2025-04-30 20:00,0,0,0,2.005
2025-04-30 21:00,0.012,0,0.030,1.772
2025-04-30 22:00,0.135,0.041,0.117,2.839
2025-04-30 23:00,0.331,0.195,0.169,4.685
2025-05-01 00:00,0.499,0.374,0.184,6.397
2025-05-01 01:00,0.633,0.515,0.214,8.023
2025-05-01 02:00,0.735,0.653,0.224,9.834
2025-05-01 03:00,0.802,0.769,0.215,11.361
2025-05-01 04:00,0.824,0.826,0.198,12.392
2025-05-01 05:00,0.790,0.794,0.181,13.041
2025-05-01 06:00,0.699,0.675,0.166,13.235
2025-05-01 07:00,0.553,0.494,0.150,12.984
2025-05-01 08:00,0.361,0.282,0.129,12.348
2025-05-01 09:00,0.152,0.082,0.099,11.436
2025-05-01 10:00,0.020,0,0.040,8.348
2025-05-01 11:00,0,0,0,5.442
2025-05-01 12:00,0,0,0,5.597
2025-05-01 13:00,0,0,0,5.728
2025-05-01 14:00,0,0,0,4.794
2025-05-01 15:00,0,0,0,3.648
2025-05-01 16:00,0,0,0,3.367
2025-05-01 17:00,0,0,0,3.605
2025-05-01 18:00,0,0,0,3.510
2025-05-01 19:00,0,0,0,3.081
2025-05-01 20:00,0,0,0,2.735
2025-05-01 21:00,0.005,0,0.022,3.591
2025-05-01 22:00,0.080,0.009,0.095,6.328
2025-05-01 23:00,0.182,0.035,0.176,8.593
2025-05-02 00:00,0.257,0.040,0.254,11.178
2025-05-02 01:00,0.326,0.056,0.316,12.837
2025-05-02 02:00,0.404,0.089,0.375,13.831
2025-05-02 03:00,0.446,0.110,0.406,14.391
2025-05-02 04:00,0.403,0.076,0.387,14.411
2025-05-02 05:00,0.364,0.060,0.357,14.208
2025-05-02 06:00,0.301,0.041,0.305,13.845
2025-05-02 07:00,0.222,0.024,0.235,13.393
2025-05-02 08:00,0.142,0.011,0.160,12.908
2025-05-02 09:00,0.065,0.003,0.087,12.084
2025-05-02 10:00,0.007,0,0.024,9.938
2025-05-02 11:00,0,0,0,8.230
2025-05-02 12:00,0,0,0,7.445
2025-05-02 13:00,0,0,0,6.318
2025-05-02 14:00,0,0,0,5.043
2025-05-02 15:00,0,0,0,4.001
2025-05-02 16:00,0,0,0,3.387
2025-05-02 17:00,0,0,0,2.593
2025-05-02 18:00,0,0,0,1.965
2025-05-02 19:00,0,0,0,1.578
2025-05-02 20:00,0,0,0,1.217
2025-05-02 21:00,0.017,0,0.036,1.442
2025-05-02 22:00,0.153,0.072,0.105,3.863
2025-05-02 23:00,0.365,0.265,0.142,7.541
2025-05-03 00:00,0.562,0.524,0.124,10.588
2025-05-03 01:00,0.712,0.716,0.139,12.125
2025-05-03 02:00,0.808,0.855,0.151,13.474
2025-05-03 03:00,0.854,0.928,0.157,14.572
2025-05-03 04:00,0.852,0.928,0.159,15.265
2025-05-03 05:00,0.793,0.832,0.163,15.555
2025-05-03 06:00,0.664,0.625,0.179,15.421
2025-05-03 07:00,0.465,0.332,0.208,14.870
2025-05-03 08:00,0.278,0.134,0.186,14.042
2025-05-03 09:00,0.121,0.029,0.121,13.099
2025-05-03 10:00,0.018,0,0.039,11.187
2025-05-03 11:00,0,0,0,7.816
2025-05-03 12:00,0,0,0,6.352
2025-05-03 13:00,0,0,0,5.362
2025-05-03 14:00,0,0,0,4.543
2025-05-03 15:00,0,0,0,4.849
2025-05-03 16:00,0,0,0,5.075
2025-05-03 17:00,0,0,0,4.515
2025-05-03 18:00,0,0,0,3.051
2025-05-03 19:00,0,0,0,1.345
2025-05-03 20:00,0,0,0,0.137
2025-05-03 21:00,0.015,0,0.033,0.371
2025-05-03 22:00,0.146,0.083,0.086,3.349
2025-05-03 23:00,0.354,0.273,0.118,6.178
2025-05-04 00:00,0.527,0.408,0.190,8.360
2025-05-04 01:00,0.651,0.536,0.228,10.524
2025-05-04 02:00,0.747,0.665,0.243,12.443
2025-05-04 03:00,0.816,0.790,0.230,13.976
2025-05-04 04:00,0.831,0.837,0.216,15.086
2025-05-04 05:00,0.746,0.680,0.243,15.693
2025-05-04 06:00,0.601,0.444,0.273,15.798
2025-05-04 07:00,0.353,0.116,0.291,15.300
2025-05-04 08:00,0.204,0.036,0.204,14.687
2025-05-04 09:00,0.084,0.006,0.105,13.444
2025-05-04 10:00,0.009,0,0.027,10.799
2025-05-04 11:00,0,0,0,8.945
2025-05-04 12:00,0,0,0,8.312
2025-05-04 13:00,0,0,0,8.149
2025-05-04 14:00,0,0,0,8.039
2025-05-04 15:00,0,0,0,7.794
2025-05-04 16:00,0,0,0,7.380
2025-05-04 17:00,0,0,0,6.868
2025-05-04 18:00,0,0,0,6.221
2025-05-04 19:00,0,0,0,5.626
2025-05-04 20:00,0,0,0,4.969
2025-05-04 21:00,0,0,0.008,4.494
2025-05-04 22:00,0.022,0.001,0.041,4.319
2025-05-04 23:00,0.092,0.005,0.111,4.858
2025-05-05 00:00,0.188,0.015,0.200,6.158
2025-05-05 01:00,0.312,0.044,0.304,7.975
2025-05-05 02:00,0.417,0.090,0.378,9.392
2025-05-05 03:00,0.482,0.133,0.415,10.368
2025-05-05 04:00,0.528,0.185,0.423,11.411
2025-05-05 05:00,0.539,0.226,0.399,12.300
2025-05-05 06:00,0.487,0.205,0.356,12.719
2025-05-05 07:00,0.332,0.083,0.295,12.293
2025-05-05 08:00,0.154,0.013,0.170,10.973
2025-05-05 09:00,0.046,0.001,0.068,9.322
2025-05-05 10:00,0.001,0,0.016,7.583
2025-05-05 11:00,0,0,0,6.266
2025-05-05 12:00,0,0,0,5.376
2025-05-05 13:00,0,0,0,4.632
2025-05-05 14:00,0,0,0,3.985
2025-05-05 15:00,0,0,0,3.100
2025-05-05 16:00,0,0,0,2.500
2025-05-05 17:00,0,0,0,2.109
2025-05-05 18:00,0,0,0,1.585
2025-05-05 19:00,0,0,0,0.988
2025-05-05 20:00,0,0,0,0.611
2025-05-05 21:00,0.021,0,0.041,1.415
2025-05-05 22:00,0.156,0.070,0.111,4.687
2025-05-05 23:00,0.360,0.250,0.151,7.849
2025-05-06 00:00,0.545,0.488,0.142,11.643
2025-05-06 01:00,0.686,0.669,0.159,13.972
2025-05-06 02:00,0.788,0.822,0.165,15.579
2025-05-06 03:00,0.832,0.890,0.174,16.597
2025-05-06 04:00,0.832,0.895,0.174,17.256
2025-05-06 05:00,0.785,0.825,0.170,17.642
2025-05-06 06:00,0.683,0.675,0.166,17.736
2025-05-06 07:00,0.515,0.439,0.172,17.501
2025-05-06 08:00,0.307,0.182,0.175,16.941
2025-05-06 09:00,0.128,0.033,0.126,16.076
2025-05-06 10:00,0.018,0,0.039,13.457
2025-05-06 11:00,0,0,0,11.257
2025-05-06 12:00,0,0,0,10.622
2025-05-06 13:00,0,0,0,10.022
2025-05-06 14:00,0,0,0,9.429
2025-05-06 15:00,0,0,0,8.909
2025-05-06 16:00,0,0,0,8.149
2025-05-06 17:00,0,0,0,7.530
2025-05-06 18:00,0,0,0,6.863
2025-05-06 19:00,0,0,0,6.275
2025-05-06 20:00,0,0,0,5.745
2025-05-06 21:00,0.018,0,0.038,5.984
2025-05-06 22:00,0.143,0.071,0.099,7.957
2025-05-06 23:00,0.340,0.253,0.132,11.380
2025-05-07 00:00,0.521,0.434,0.175,14.848
2025-05-07 01:00,0.657,0.607,0.196,17.433
2025-05-07 02:00,0.744,0.725,0.214,19.043
2025-05-07 03:00,0.781,0.777,0.228,20.113
2025-05-07 04:00,0.762,0.733,0.246,20.813
2025-05-07 05:00,0.679,0.578,0.275,21.099
2025-05-07 06:00,0.543,0.362,0.297,20.959
2025-05-07 07:00,0.379,0.167,0.282,20.445
2025-05-07 08:00,0.138,0.013,0.160,19.147
2025-05-07 09:00,0.057,0.003,0.081,17.672
2025-05-07 10:00,0.004,0,0.021,15.647
2025-05-07 11:00,0,0,0,14.088
2025-05-07 12:00,0,0,0,13.434
2025-05-07 13:00,0,0,0,12.967
2025-05-07 14:00,0,0,0,12.214
2025-05-07 15:00,0,0,0,11.128
2025-05-07 16:00,0,0,0,10.114
2025-05-07 17:00,0,0,0,9.461
2025-05-07 18:00,0,0,0,9.137
2025-05-07 19:00,0,0,0,9.016
2025-05-07 20:00,0,0,0,8.861
2025-05-07 21:00,0.016,0,0.036,9.220
2025-05-07 22:00,0.121,0.025,0.124,10.867
2025-05-07 23:00,0.271,0.114,0.199,13.464
2025-05-08 00:00,0.410,0.191,0.285,16.069
2025-05-08 01:00,0.565,0.373,0.307,18.422
2025-05-08 02:00,0.677,0.538,0.308,20.328
2025-05-08 03:00,0.674,0.488,0.359,21.531
2025-05-08 04:00,0.563,0.265,0.426,21.999
2025-05-08 05:00,0.378,0.070,0.380,21.437
2025-05-08 06:00,0.240,0.021,0.266,20.325
2025-05-08 07:00,0.182,0.013,0.208,19.294
2025-05-08 08:00,0.113,0.006,0.140,18.301
2025-05-08 09:00,0.051,0.002,0.075,17.280
2025-05-08 10:00,0.007,0,0.025,15.762
2025-05-08 11:00,0,0,0,13.904
2025-05-08 12:00,0,0,0,12.989
2025-05-08 13:00,0,0,0,12.082
2025-05-08 14:00,0,0,0,11.507
2025-05-08 15:00,0,0,0,10.428
2025-05-08 16:00,0,0,0,9.360
2025-05-08 17:00,0,0,0,8.477
2025-05-08 18:00,0,0,0,7.914
2025-05-08 19:00,0,0,0,7.480
2025-05-08 20:00,0,0,0,7.011
2025-05-08 21:00,0.002,0,0.018,6.795
2025-05-08 22:00,0.051,0.002,0.072,7.289
2025-05-08 23:00,0.145,0.011,0.161,8.247
2025-05-09 00:00,0.256,0.034,0.256,9.470
2025-05-09 01:00,0.329,0.051,0.320,10.572
2025-05-09 02:00,0.379,0.064,0.366,11.341
2025-05-09 03:00,0.405,0.070,0.390,11.801
2025-05-09 04:00,0.390,0.061,0.382,11.817
2025-05-09 05:00,0.351,0.048,0.350,11.730
2025-05-09 06:00,0.291,0.033,0.299,11.848
2025-05-09 07:00,0.235,0.025,0.246,12.330
2025-05-09 08:00,0.198,0.026,0.206,12.946
2025-05-09 09:00,0.097,0.007,0.118,12.831
2025-05-09 10:00,0.017,0,0.037,10.849
2025-05-09 11:00,0,0,0,8.947
2025-05-09 12:00,0,0,0,8.313
2025-05-09 13:00,0,0,0,8.006
2025-05-09 14:00,0,0,0,7.842
2025-05-09 15:00,0,0,0,7.546
2025-05-09 16:00,0,0,0,6.964
2025-05-09 17:00,0,0,0,6.018
2025-05-09 18:00,0,0,0,5.269
2025-05-09 19:00,0,0,0,4.516
2025-05-09 20:00,0,0,0,3.844
2025-05-09 21:00,0.023,0,0.043,4.201
2025-05-09 22:00,0.148,0.041,0.132,6.500
2025-05-09 23:00,0.330,0.185,0.187,10.040
2025-05-10 00:00,0.517,0.448,0.155,13.943
2025-05-10 01:00,0.654,0.621,0.172,16.280
2025-05-10 02:00,0.740,0.735,0.190,17.502
2025-05-10 03:00,0.795,0.828,0.188,18.405
2025-05-10 04:00,0.810,0.867,0.177,19.118
2025-05-10 05:00,0.773,0.822,0.166,19.599
2025-05-10 06:00,0.684,0.700,0.153,19.789
2025-05-10 07:00,0.545,0.520,0.138,19.652
2025-05-10 08:00,0.362,0.306,0.120,19.136
2025-05-10 09:00,0.157,0.097,0.096,17.988
2025-05-10 10:00,0.028,0,0.050,14.862
2025-05-10 11:00,0,0,0.001,14.491
2025-05-10 12:00,0,0,0,13.198
2025-05-10 13:00,0,0,0,10.153
2025-05-10 14:00,0,0,0,8.102
2025-05-10 15:00,0,0,0,7.315
2025-05-10 16:00,0,0,0,6.779
2025-05-10 17:00,0,0,0,6.345
2025-05-10 18:00,0,0,0,5.988
2025-05-10 19:00,0,0,0,5.626
2025-05-10 20:00,0,0,0,5.245
2025-05-10 21:00,0.022,0,0.042,6.267
2025-05-10 22:00,0.148,0.083,0.094,10.581
2025-05-10 23:00,0.349,0.282,0.119,14.068
2025-05-11 00:00,0.531,0.494,0.141,18.667
2025-05-11 01:00,0.661,0.678,0.157,22.844
2025-05-11 02:00,0.749,0.811,0.169,24.485
2025-05-11 03:00,0.792,0.883,0.176,25.485
2025-05-11 04:00,0.790,0.883,0.178,26.190
2025-05-11 05:00,0.745,0.812,0.174,26.677
2025-05-11 06:00,0.650,0.668,0.169,26.863
2025-05-11 07:00,0.498,0.448,0.171,26.673
2025-05-11 08:00,0.319,0.229,0.159,26.060
2025-05-11 09:00,0.148,0.075,0.114,24.774
2025-05-11 10:00,0.029,0,0.053,21.077
2025-05-11 11:00,0,0,0.001,18.244
2025-05-11 12:00,0,0,0,17.074
2025-05-11 13:00,0,0,0,16.112
2025-05-11 14:00,0,0,0,15.295
2025-05-11 15:00,0,0,0,14.627
2025-05-11 16:00,0,0,0,14.113
2025-05-11 17:00,0,0,0,13.392
2025-05-11 18:00,0,0,0,12.653
2025-05-11 19:00,0,0,0,12.167
2025-05-11 20:00,0,0,0,11.806
2025-05-11 21:00,0.018,0,0.038,12.750
2025-05-11 22:00,0.110,0.020,0.119,15.153
2025-05-11 23:00,0.266,0.123,0.189,17.616
2025-05-12 00:00,0.406,0.220,0.263,20.890
2025-05-12 01:00,0.490,0.280,0.320,24.101
2025-05-12 02:00,0.562,0.352,0.352,25.709
2025-05-12 03:00,0.585,0.363,0.378,26.636
2025-05-12 04:00,0.552,0.299,0.396,27.137
2025-05-12 05:00,0.518,0.269,0.380,27.352
2025-05-12 06:00,0.515,0.332,0.313,27.667
2025-05-12 07:00,0.450,0.319,0.239,27.814
2025-05-12 08:00,0.297,0.162,0.202,27.112
2025-05-12 09:00,0.132,0.029,0.142,24.971
2025-05-12 10:00,0.024,0,0.047,21.929
2025-05-12 11:00,0,0,0.001,19.313
2025-05-12 12:00,0,0,0,17.944
2025-05-12 13:00,0,0,0,16.986
2025-05-12 14:00,0,0,0,16.156
2025-05-12 15:00,0,0,0,15.494
2025-05-12 16:00,0,0,0,15.228
2025-05-12 17:00,0,0,0,15.029
2025-05-12 18:00,0,0,0,14.425
2025-05-12 19:00,0,0,0,14.174
2025-05-12 20:00,0,0,0,13.737
2025-05-12 21:00,0.016,0,0.037,13.905
2025-05-12 22:00,0.113,0.017,0.126,15.383
2025-05-12 23:00,0.220,0.053,0.208,17.740
2025-05-13 00:00,0.244,0.037,0.254,20.069
2025-05-13 01:00,0.393,0.123,0.348,22.646
2025-05-13 02:00,0.556,0.329,0.366,25.363
2025-05-13 03:00,0.719,0.677,0.274,27.786
2025-05-13 04:00,0.724,0.702,0.267,29.224
2025-05-13 05:00,0.666,0.605,0.275,30.012
2025-05-13 06:00,0.576,0.478,0.265,30.379
2025-05-13 07:00,0.421,0.259,0.267,30.137
2025-05-13 08:00,0.274,0.119,0.221,29.470
2025-05-13 09:00,0.130,0.026,0.145,27.722
2025-05-13 10:00,0.031,0,0.056,24.415
2025-05-13 11:00,0,0,0.001,21.175
2025-05-13 12:00,0,0,0,19.744
2025-05-13 13:00,0,0,0,17.009
2025-05-13 14:00,0,0,0,13.949
2025-05-13 15:00,0,0,0,11.841
2025-05-13 16:00,0,0,0,10.953
2025-05-13 17:00,0,0,0,10.613
2025-05-13 18:00,0,0,0,10.418
2025-05-13 19:00,0,0,0,10.103
2025-05-13 20:00,0,0,0,8.614
2025-05-13 21:00,0,0,0.013,6.215
2025-05-13 22:00,0.036,0.001,0.056,5.979
2025-05-13 23:00,0.068,0.002,0.089,6.898
2025-05-14 00:00,0.120,0.005,0.141,8.099
2025-05-14 01:00,0.189,0.011,0.208,9.555
2025-05-14 02:00,0.259,0.021,0.274,11.049
2025-05-14 03:00,0.248,0.017,0.268,12.107
2025-05-14 04:00,0.309,0.031,0.322,13.157
2025-05-14 05:00,0.502,0.179,0.406,14.672
2025-05-14 06:00,0.675,0.601,0.222,16.166
2025-05-14 07:00,0.542,0.449,0.195,16.638
2025-05-14 08:00,0.364,0.257,0.166,16.595
2025-05-14 09:00,0.171,0.079,0.127,15.972
2025-05-14 10:00,0.039,0,0.063,13.291
2025-05-14 11:00,0,0,0.002,10.066
2025-05-14 12:00,0,0,0,9.003
2025-05-14 13:00,0,0,0,8.476
2025-05-14 14:00,0,0,0,8.168
2025-05-14 15:00,0,0,0,7.875
2025-05-14 16:00,0,0,0,7.676
2025-05-14 17:00,0,0,0,7.598
2025-05-14 18:00,0,0,0,7.625
2025-05-14 19:00,0,0,0,7.766
2025-05-14 20:00,0,0,0,7.966
2025-05-14 21:00,0.011,0,0.030,8.722
2025-05-14 22:00,0.072,0.004,0.094,10.154
2025-05-14 23:00,0.199,0.030,0.202,12.386
2025-05-15 00:00,0.331,0.097,0.285,15.316
2025-05-15 01:00,0.360,0.087,0.334,17.751
2025-05-15 02:00,0.351,0.064,0.350,19.764
2025-05-15 03:00,0.450,0.135,0.407,22.117
2025-05-15 04:00,0.605,0.387,0.375,24.759
2025-05-15 05:00,0.710,0.697,0.234,26.790
2025-05-15 06:00,0.621,0.575,0.223,27.458
2025-05-15 07:00,0.459,0.332,0.236,27.189
2025-05-15 08:00,0.299,0.158,0.206,26.222
2025-05-15 09:00,0.142,0.035,0.146,24.234
2025-05-15 10:00,0.028,0,0.052,20.641
2025-05-15 11:00,0,0,0.001,17.757
2025-05-15 12:00,0,0,0,16.367
2025-05-15 13:00,0,0,0,15.474
2025-05-15 14:00,0,0,0,14.708
2025-05-15 15:00,0,0,0,13.870
2025-05-15 16:00,0,0,0,12.987
2025-05-15 17:00,0,0,0,12.250
2025-05-15 18:00,0,0,0,11.472
2025-05-15 19:00,0,0,0,10.982
2025-05-15 20:00,0,0,0,10.743
2025-05-15 21:00,0.021,0,0.042,11.262
2025-05-15 22:00,0.120,0.018,0.130,12.070
2025-05-15 23:00,0.276,0.109,0.210,14.315
2025-05-16 00:00,0.470,0.340,0.214,17.459
2025-05-16 01:00,0.608,0.520,0.226,20.165
2025-05-16 02:00,0.662,0.562,0.270,21.943
2025-05-16 03:00,0.730,0.689,0.254,23.498
2025-05-16 04:00,0.726,0.685,0.258,24.587
2025-05-16 05:00,0.635,0.510,0.296,24.797
2025-05-16 06:00,0.587,0.487,0.249,24.808
2025-05-16 07:00,0.472,0.358,0.218,24.379
2025-05-16 08:00,0.300,0.161,0.199,23.258
2025-05-16 09:00,0.139,0.032,0.143,21.649
2025-05-16 10:00,0.024,0,0.046,19.558
2025-05-16 11:00,0,0,0.001,17.108
2025-05-16 12:00,0,0,0,14.618
2025-05-16 13:00,0,0,0,12.527
2025-05-16 14:00,0,0,0,10.321
2025-05-16 15:00,0,0,0,7.948
2025-05-16 16:00,0,0,0,6.227
2025-05-16 17:00,0,0,0,5.240
2025-05-16 18:00,0,0,0,4.757
2025-05-16 19:00,0,0,0,4.631
2025-05-16 20:00,0,0,0,4.507
2025-05-16 21:00,0.016,0,0.034,4.594
2025-05-16 22:00,0.141,0.034,0.132,5.426
2025-05-16 23:00,0.335,0.202,0.169,6.921
2025-05-17 00:00,0.505,0.387,0.184,8.675
2025-05-17 01:00,0.667,0.604,0.182,10.760
2025-05-17 02:00,0.773,0.766,0.182,12.833
2025-05-17 03:00,0.811,0.820,0.194,14.169
2025-05-17 04:00,0.800,0.798,0.203,14.827
2025-05-17 05:00,0.754,0.733,0.199,15.112
2025-05-17 06:00,0.646,0.573,0.203,15.004
2025-05-17 07:00,0.520,0.431,0.177,14.658
2025-05-17 08:00,0.348,0.246,0.153,13.946
2025-05-17 09:00,0.157,0.060,0.128,12.860
2025-05-17 10:00,0.033,0,0.055,11.098
2025-05-17 11:00,0,0,0.002,8.599
2025-05-17 12:00,0,0,0,7.268
2025-05-17 13:00,0,0,0,6.254
2025-05-17 14:00,0,0,0,5.601
2025-05-17 15:00,0,0,0,4.977
2025-05-17 16:00,0,0,0,4.149
2025-05-17 17:00,0,0,0,3.358
2025-05-17 18:00,0,0,0,2.718
2025-05-17 19:00,0,0,0,2.159
2025-05-17 20:00,0,0,0.001,1.696
2025-05-17 21:00,0.029,0,0.049,2.625
2025-05-17 22:00,0.163,0.096,0.092,4.904
2025-05-17 23:00,0.365,0.287,0.121,8.869
2025-05-18 00:00,0.540,0.442,0.184,12.334
2025-05-18 01:00,0.671,0.596,0.211,14.147
2025-05-18 02:00,0.694,0.554,0.291,15.210
2025-05-18 03:00,0.570,0.260,0.415,15.200
2025-05-18 04:00,0.463,0.121,0.416,14.505
2025-05-18 05:00,0.427,0.101,0.392,13.927
2025-05-18 06:00,0.402,0.103,0.358,13.713
2025-05-18 07:00,0.346,0.092,0.304,13.619
2025-05-18 08:00,0.249,0.057,0.231,13.313
2025-05-18 09:00,0.115,0.010,0.133,12.691
2025-05-18 10:00,0.025,0,0.046,11.611
2025-05-18 11:00,0,0,0.002,9.824
2025-05-18 12:00,0,0,0,8.808
2025-05-18 13:00,0,0,0,8.408
2025-05-18 14:00,0,0,0,7.901
2025-05-18 15:00,0,0,0,7.507
2025-05-18 16:00,0,0,0,7.204
2025-05-18 17:00,0,0,0,6.716
2025-05-18 18:00,0,0,0,5.874
2025-05-18 19:00,0,0,0,5.248
2025-05-18 20:00,0,0,0.001,5.181
2025-05-18 21:00,0.017,0,0.036,6.599
2025-05-18 22:00,0.068,0.003,0.089,7.956
2025-05-18 23:00,0.131,0.009,0.150,9.498
2025-05-19 00:00,0.305,0.078,0.270,12.730
2025-05-19 01:00,0.569,0.423,0.258,17.157
2025-05-19 02:00,0.748,0.762,0.190,19.977
2025-05-19 03:00,0.787,0.825,0.199,21.518
2025-05-19 04:00,0.784,0.824,0.201,22.618
2025-05-19 05:00,0.731,0.741,0.203,23.324
2025-05-19 06:00,0.580,0.468,0.251,23.291
2025-05-19 07:00,0.435,0.279,0.246,22.799
2025-05-19 08:00,0.288,0.139,0.206,21.935
2025-05-19 09:00,0.153,0.054,0.136,20.807
2025-05-19 10:00,0.038,0,0.063,18.036
2025-05-19 11:00,0,0,0.002,15.196
2025-05-19 12:00,0,0,0,13.930
2025-05-19 13:00,0,0,0,12.601
2025-05-19 14:00,0,0,0,11.322
2025-05-19 15:00,0,0,0,10.233
2025-05-19 16:00,0,0,0,9.321
2025-05-19 17:00,0,0,0,8.932
2025-05-19 18:00,0,0,0,9.270
2025-05-19 19:00,0,0,0,9.116
2025-05-19 20:00,0,0,0.001,8.298
2025-05-19 21:00,0.033,0,0.054,8.479
2025-05-19 22:00,0.149,0.051,0.126,10.345
2025-05-19 23:00,0.329,0.215,0.161,12.839
2025-05-20 00:00,0.503,0.402,0.190,16.445
2025-05-20 01:00,0.639,0.579,0.205,18.838
2025-05-20 02:00,0.706,0.655,0.236,20.744
2025-05-20 03:00,0.654,0.491,0.329,22.042
2025-05-20 04:00,0.695,0.597,0.292,23.423
2025-05-20 05:00,0.655,0.551,0.282,24.363
2025-05-20 06:00,0.575,0.456,0.262,24.809
2025-05-20 07:00,0.426,0.257,0.261,24.616
2025-05-20 08:00,0.276,0.115,0.219,23.879
2025-05-20 09:00,0.125,0.019,0.142,22.094
2025-05-20 10:00,0.028,0,0.052,19.341
2025-05-20 11:00,0,0,0.003,16.302
2025-05-20 12:00,0,0,0,14.267
2025-05-20 13:00,0,0,0,12.617
2025-05-20 14:00,0,0,0,11.192
2025-05-20 15:00,0,0,0,10.146
2025-05-20 16:00,0,0,0,9.827
2025-05-20 17:00,0,0,0,9.569
2025-05-20 18:00,0,0,0,9.315
2025-05-20 19:00,0,0,0,9.123
2025-05-20 20:00,0,0,0.001,8.846
2025-05-20 21:00,0.022,0,0.043,9.610
2025-05-20 22:00,0.127,0.022,0.134,11.489
2025-05-20 23:00,0.292,0.137,0.200,14.190
2025-05-21 00:00,0.466,0.329,0.221,17.883
2025-05-21 01:00,0.610,0.522,0.227,20.100
2025-05-21 02:00,0.708,0.668,0.231,21.568
2025-05-21 03:00,0.715,0.640,0.273,22.379
2025-05-21 04:00,0.717,0.647,0.273,22.957
2025-05-21 05:00,0.672,0.583,0.269,23.228
2025-05-21 06:00,0.575,0.445,0.267,23.061
2025-05-21 07:00,0.451,0.300,0.245,22.540
2025-05-21 08:00,0.300,0.149,0.208,21.510
2025-05-21 09:00,0.147,0.036,0.148,19.956
2025-05-21 10:00,0.037,0,0.061,16.731
2025-05-21 11:00,0,0,0.003,13.477
2025-05-21 12:00,0,0,0,12.494
2025-05-21 13:00,0,0,0,12.310
2025-05-21 14:00,0,0,0,11.562
2025-05-21 15:00,0,0,0,10.151
2025-05-21 16:00,0,0,0,9.508
2025-05-21 17:00,0,0,0,8.994
2025-05-21 18:00,0,0,0,8.422
2025-05-21 19:00,0,0,0,8.379
2025-05-21 20:00,0,0,0.001,7.633
2025-05-21 21:00,0.033,0,0.054,8.287
2025-05-21 22:00,0.100,0.009,0.117,9.980
2025-05-21 23:00,0.136,0.011,0.154,11.565
2025-05-22 00:00,0.147,0.006,0.172,12.818
2025-05-22 01:00,0.184,0.008,0.210,14.047
2025-05-22 02:00,0.214,0.010,0.241,14.953
2025-05-22 03:00,0.233,0.011,0.261,15.416
2025-05-22 04:00,0.240,0.012,0.269,15.697
2025-05-22 05:00,0.285,0.021,0.311,16.263
2025-05-22 06:00,0.274,0.022,0.297,16.723
2025-05-22 07:00,0.183,0.010,0.210,16.601
2025-05-22 08:00,0.093,0.003,0.119,15.840
2025-05-22 09:00,0.039,0.001,0.062,14.678
2025-05-22 10:00,0.005,0,0.022,13.955
2025-05-22 11:00,0,0,0.001,12.917
2025-05-22 12:00,0,0,0,12.134
2025-05-22 13:00,0,0,0,11.299
2025-05-22 14:00,0,0,0,10.620
2025-05-22 15:00,0,0,0,9.775
2025-05-22 16:00,0,0,0,8.678
2025-05-22 17:00,0,0,0,7.786
2025-05-22 18:00,0,0,0,6.923
2025-05-22 19:00,0,0,0,6.390
2025-05-22 20:00,0,0,0.002,5.906
2025-05-22 21:00,0.033,0,0.054,7.090
2025-05-22 22:00,0.124,0.010,0.140,8.904
2025-05-22 23:00,0.242,0.041,0.236,11.234
2025-05-23 00:00,0.365,0.134,0.285,13.963
2025-05-23 01:00,0.464,0.203,0.338,15.749
2025-05-23 02:00,0.486,0.186,0.385,16.711
2025-05-23 03:00,0.488,0.168,0.408,17.250
2025-05-23 04:00,0.513,0.199,0.410,17.671
2025-05-23 05:00,0.500,0.204,0.390,17.928
2025-05-23 06:00,0.495,0.249,0.338,18.133
2025-05-23 07:00,0.457,0.285,0.253,18.169
2025-05-23 08:00,0.331,0.194,0.192,17.743
2025-05-23 09:00,0.164,0.055,0.144,16.994
2025-05-23 10:00,0.045,0,0.070,15.285
2025-05-23 11:00,0,0,0.004,13.156
2025-05-23 12:00,0,0,0,11.813
2025-05-23 13:00,0,0,0,10.449
2025-05-23 14:00,0,0,0,9.230
2025-05-23 15:00,0,0,0,8.509
2025-05-23 16:00,0,0,0,7.944
2025-05-23 17:00,0,0,0,7.551
2025-05-23 18:00,0,0,0,7.185
2025-05-23 19:00,0,0,0,6.828
2025-05-23 20:00,0,0,0.002,6.538
2025-05-23 21:00,0.037,0,0.060,8.085
2025-05-23 22:00,0.158,0.058,0.130,11.476
2025-05-23 23:00,0.331,0.208,0.172,14.362
2025-05-24 00:00,0.488,0.378,0.200,18.148
2025-05-24 01:00,0.604,0.511,0.231,20.532
2025-05-24 02:00,0.678,0.598,0.257,21.921
2025-05-24 03:00,0.743,0.718,0.243,22.903
2025-05-24 04:00,0.705,0.621,0.282,23.275
2025-05-24 05:00,0.653,0.541,0.285,23.439
2025-05-24 06:00,0.507,0.300,0.320,23.032
2025-05-24 07:00,0.342,0.114,0.295,22.023
2025-05-24 08:00,0.212,0.040,0.216,20.569
2025-05-24 09:00,0.113,0.012,0.134,18.861
2025-05-24 10:00,0.031,0,0.054,16.057
2025-05-24 11:00,0,0,0.003,13.179
2025-05-24 12:00,0,0,0,11.913
2025-05-24 13:00,0,0,0,11.161
2025-05-24 14:00,0,0,0,10.639
2025-05-24 15:00,0,0,0,10.405
2025-05-24 16:00,0,0,0,10.243
2025-05-24 17:00,0,0,0,9.863
2025-05-24 18:00,0,0,0,9.421
2025-05-24 19:00,0,0,0,8.925
2025-05-24 20:00,0,0,0.002,8.433
2025-05-24 21:00,0.038,0,0.060,8.801
2025-05-24 22:00,0.159,0.064,0.125,11.283
2025-05-24 23:00,0.338,0.227,0.161,14.192
2025-05-25 00:00,0.505,0.435,0.165,17.892
2025-05-25 01:00,0.640,0.609,0.179,19.698
2025-05-25 02:00,0.729,0.738,0.190,20.988
2025-05-25 03:00,0.784,0.835,0.186,21.913
2025-05-25 04:00,0.784,0.838,0.187,22.517
2025-05-25 05:00,0.740,0.773,0.183,22.893
2025-05-25 06:00,0.650,0.644,0.175,22.956
2025-05-25 07:00,0.518,0.471,0.162,22.702
2025-05-25 08:00,0.348,0.273,0.143,22.095
2025-05-25 09:00,0.164,0.088,0.116,21.191
2025-05-25 10:00,0.042,0,0.067,18.797
2025-05-25 11:00,0,0,0.005,15.250
2025-05-25 12:00,0,0,0,13.719
2025-05-25 13:00,0,0,0,12.789
2025-05-25 14:00,0,0,0,12.050
2025-05-25 15:00,0,0,0,11.440
2025-05-25 16:00,0,0,0,10.981
2025-05-25 17:00,0,0,0,10.674
2025-05-25 18:00,0,0,0,10.339
2025-05-25 19:00,0,0,0,9.910
2025-05-25 20:00,0,0,0.002,9.445
2025-05-25 21:00,0.035,0,0.058,10.674
2025-05-25 22:00,0.152,0.063,0.120,13.382
2025-05-25 23:00,0.328,0.230,0.151,16.472
2025-05-26 00:00,0.491,0.398,0.191,20.565
2025-05-26 01:00,0.615,0.562,0.210,23.901
2025-05-26 02:00,0.698,0.680,0.224,25.601
2025-05-26 03:00,0.726,0.710,0.245,26.508
2025-05-26 04:00,0.723,0.704,0.249,27.082
2025-05-26 05:00,0.671,0.619,0.254,27.360
2025-05-26 06:00,0.573,0.469,0.257,27.331
2025-05-26 07:00,0.435,0.285,0.251,26.962
2025-05-26 08:00,0.256,0.087,0.227,26.153
2025-05-26 09:00,0.113,0.013,0.137,24.896
2025-05-26 10:00,0.036,0,0.061,22.960
2025-05-26 11:00,0,0,0.005,20.360
2025-05-26 12:00,0,0,0,18.066
2025-05-26 13:00,0,0,0,16.528
2025-05-26 14:00,0,0,0,15.726
2025-05-26 15:00,0,0,0,14.997
2025-05-26 16:00,0,0,0,14.261
2025-05-26 17:00,0,0,0,13.546
2025-05-26 18:00,0,0,0,12.889
2025-05-26 19:00,0,0,0,12.528
2025-05-26 20:00,0,0,0.002,12.458
2025-05-26 21:00,0.025,0,0.047,13.737
2025-05-26 22:00,0.122,0.018,0.135,16.223
2025-05-26 23:00,0.288,0.138,0.201,18.968
2025-05-27 00:00,0.463,0.349,0.211,22.802
2025-05-27 01:00,0.606,0.556,0.211,25.692
2025-05-27 02:00,0.679,0.648,0.235,27.116
2025-05-27 03:00,0.675,0.596,0.286,27.937
2025-05-27 04:00,0.668,0.578,0.295,28.453
2025-05-27 05:00,0.641,0.558,0.276,28.738
2025-05-27 06:00,0.571,0.477,0.252,28.753
2025-05-27 07:00,0.418,0.256,0.261,28.270
2025-05-27 08:00,0.227,0.057,0.224,27.154
2025-05-27 09:00,0.093,0.007,0.120,25.179
2025-05-27 10:00,0.025,0,0.048,22.369
2025-05-27 11:00,0,0,0.004,19.810
2025-05-27 12:00,0,0,0,18.381
2025-05-27 13:00,0,0,0,17.281
2025-05-27 14:00,0,0,0,16.117
2025-05-27 15:00,0,0,0,15.034
2025-05-27 16:00,0,0,0,14.146
2025-05-27 17:00,0,0,0,13.481
2025-05-27 18:00,0,0,0,12.903
2025-05-27 19:00,0,0,0,12.385
2025-05-27 20:00,0,0,0.003,12.001
2025-05-27 21:00,0.039,0,0.062,13.635
2025-05-27 22:00,0.159,0.075,0.118,16.891
2025-05-27 23:00,0.337,0.245,0.152,19.559
2025-05-28 00:00,0.496,0.441,0.164,23.197
2025-05-28 01:00,0.620,0.608,0.181,26.089
2025-05-28 02:00,0.703,0.731,0.194,27.736
2025-05-28 03:00,0.743,0.795,0.201,28.672
2025-05-28 04:00,0.741,0.794,0.204,29.225
2025-05-28 05:00,0.699,0.728,0.200,29.477
2025-05-28 06:00,0.613,0.602,0.193,29.405
2025-05-28 07:00,0.488,0.435,0.179,29.003
2025-05-28 08:00,0.328,0.244,0.159,28.221
2025-05-28 09:00,0.159,0.073,0.129,26.855
2025-05-28 10:00,0.044,0,0.070,23.696
2025-05-28 11:00,0,0,0.005,20.484
2025-05-28 12:00,0,0,0,19.066
2025-05-28 13:00,0,0,0,17.842
2025-05-28 14:00,0,0,0,16.904
2025-05-28 15:00,0,0,0,16.089
2025-05-28 16:00,0,0,0,15.381
2025-05-28 17:00,0,0,0,15.069
2025-05-28 18:00,0,0,0,14.835
2025-05-28 19:00,0,0,0,14.060
2025-05-28 20:00,0,0,0.003,13.400
2025-05-28 21:00,0.037,0,0.061,14.083
2025-05-28 22:00,0.152,0.063,0.122,16.027
2025-05-28 23:00,0.321,0.222,0.157,19.639
2025-05-29 00:00,0.480,0.391,0.194,23.697
2025-05-29 01:00,0.604,0.558,0.211,26.791
2025-05-29 02:00,0.686,0.679,0.224,28.668
2025-05-29 03:00,0.718,0.724,0.238,29.938
2025-05-29 04:00,0.714,0.719,0.242,30.746
2025-05-29 05:00,0.667,0.642,0.244,31.044
2025-05-29 06:00,0.530,0.392,0.286,30.698
2025-05-29 07:00,0.439,0.310,0.241,30.245
2025-05-29 08:00,0.296,0.159,0.207,29.327
2025-05-29 09:00,0.152,0.046,0.150,27.824
2025-05-29 10:00,0.038,0,0.064,25.098
2025-05-29 11:00,0,0,0.004,22.658
2025-05-29 12:00,0,0,0,21.316
2025-05-29 13:00,0,0,0,19.737
2025-05-29 14:00,0,0,0,19.049
2025-05-29 15:00,0,0,0,18.374
2025-05-29 16:00,0,0,0,17.590
2025-05-29 17:00,0,0,0,17.092
2025-05-29 18:00,0,0,0,16.561
2025-05-29 19:00,0,0,0,16.130
2025-05-29 20:00,0,0,0.002,15.789
2025-05-29 21:00,0.028,0,0.050,16.180
2025-05-29 22:00,0.130,0.023,0.140,17.729
2025-05-29 23:00,0.244,0.075,0.217,20.347
2025-05-30 00:00,0.358,0.112,0.318,23.162
2025-05-30 01:00,0.432,0.146,0.381,24.895
2025-05-30 02:00,0.483,0.170,0.426,25.891
2025-05-30 03:00,0.403,0.075,0.416,26.003
2025-05-30 04:00,0.342,0.042,0.374,25.909
2025-05-30 05:00,0.289,0.027,0.325,25.726
2025-05-30 06:00,0.234,0.017,0.269,25.360
2025-05-30 07:00,0.195,0.014,0.227,24.870
2025-05-30 08:00,0.156,0.011,0.186,24.236
2025-05-30 09:00,0.100,0.005,0.129,23.362
2025-05-30 10:00,0.030,0,0.055,21.983
2025-05-30 11:00,0,0,0.004,20.321
2025-05-30 12:00,0,0,0,19.126
2025-05-30 13:00,0,0,0,18.371
2025-05-30 14:00,0,0,0,17.866
2025-05-30 15:00,0,0,0,17.382
2025-05-30 16:00,0,0,0,16.723
2025-05-30 17:00,0,0,0,16.073
2025-05-30 18:00,0,0,0,15.391
2025-05-30 19:00,0,0,0,14.670
2025-05-30 20:00,0,0,0.002,14.028
2025-05-30 21:00,0.019,0,0.040,14.658
2025-05-30 22:00,0.060,0.002,0.085,16.204
2025-05-30 23:00,0.115,0.005,0.142,17.333
2025-05-31 00:00,0.179,0.009,0.208,18.792
2025-05-31 01:00,0.218,0.012,0.250,19.907
2025-05-31 02:00,0.249,0.014,0.283,20.755
2025-05-31 03:00,0.280,0.018,0.316,21.125
2025-05-31 04:00,0.269,0.016,0.305,21.065
2025-05-31 05:00,0.214,0.009,0.249,20.589
2025-05-31 06:00,0.153,0.005,0.184,19.707
2025-05-31 07:00,0.104,0.003,0.132,18.416
2025-05-31 08:00,0.074,0.002,0.101,16.925
2025-05-31 09:00,0.051,0.001,0.076,15.594
2025-05-31 10:00,0.014,0,0.033,14.219
2025-05-31 11:00,0,0,0.003,12.978
2025-05-31 12:00,0,0,0,12.228
2025-05-31 13:00,0,0,0,11.756
2025-05-31 14:00,0,0,0,11.486
2025-05-31 15:00,0,0,0,11.297
2025-05-31 16:00,0,0,0,11.244
2025-05-31 17:00,0,0,0,11.199
2025-05-31 18:00,0,0,0,11.136
2025-05-31 19:00,0,0,0,11.047
2025-05-31 20:00,0,0,0.001,10.991
2025-05-31 21:00,0.006,0,0.023,11.358
2025-05-31 22:00,0.047,0.001,0.070,11.965
2025-05-31 23:00,0.140,0.006,0.164,13.158
2025-06-01 00:00,0.268,0.032,0.278,14.733
2025-06-01 01:00,0.389,0.081,0.371,16.513
2025-06-01 02:00,0.433,0.094,0.415,18.013
2025-06-01 03:00,0.371,0.048,0.387,18.678
2025-06-01 04:00,0.253,0.015,0.284,18.518
2025-06-01 05:00,0.149,0.005,0.179,17.926
2025-06-01 06:00,0.114,0.003,0.142,17.475
2025-06-01 07:00,0.084,0.002,0.111,17.287
2025-06-01 08:00,0.064,0.001,0.089,17.250
2025-06-01 09:00,0.048,0.001,0.072,17.311
2025-06-01 10:00,0.009,0,0.028,16.810
2025-06-01 11:00,0,0,0.002,16.160
2025-06-01 12:00,0,0,0,15.749
2025-06-01 13:00,0,0,0,15.301
2025-06-01 14:00,0,0,0,14.904
2025-06-01 15:00,0,0,0,14.589
2025-06-01 16:00,0,0,0,14.364
2025-06-01 17:00,0,0,0,14.119
2025-06-01 18:00,0,0,0,13.840
2025-06-01 19:00,0,0,0,13.498
2025-06-01 20:00,0,0,0.003,12.957
2025-06-01 21:00,0.044,0,0.068,13.017
2025-06-01 22:00,0.169,0.044,0.158,14.575
2025-06-01 23:00,0.339,0.188,0.208,17.419
2025-06-02 00:00,0.509,0.455,0.157,20.112
2025-06-02 01:00,0.640,0.628,0.171,22.038
2025-06-02 02:00,0.714,0.722,0.194,23.154
2025-06-02 03:00,0.763,0.802,0.196,23.496
2025-06-02 04:00,0.758,0.782,0.205,23.075
2025-06-02 05:00,0.709,0.694,0.210,22.223
2025-06-02 06:00,0.599,0.511,0.226,21.174
2025-06-02 07:00,0.485,0.382,0.200,20.345
2025-06-02 08:00,0.339,0.236,0.163,19.391
2025-06-02 09:00,0.171,0.086,0.122,18.174
2025-06-02 10:00,0.046,0,0.072,16.594
2025-06-02 11:00,0,0,0.007,13.950
2025-06-02 12:00,0,0,0,12.096
2025-06-02 13:00,0,0,0,10.930
2025-06-02 14:00,0,0,0,10.065
2025-06-02 15:00,0,0,0,9.440
2025-06-02 16:00,0,0,0,8.973
2025-06-02 17:00,0,0,0,8.452
2025-06-02 18:00,0,0,0,7.896
2025-06-02 19:00,0,0,0,7.519
2025-06-02 20:00,0,0,0.004,7.428
2025-06-02 21:00,0.040,0,0.063,8.824
2025-06-02 22:00,0.163,0.087,0.106,11.213
2025-06-02 23:00,0.354,0.275,0.130,13.757
2025-06-03 00:00,0.526,0.457,0.162,15.831
2025-06-03 01:00,0.653,0.614,0.184,17.555
2025-06-03 02:00,0.714,0.673,0.220,18.891
2025-06-03 03:00,0.714,0.629,0.268,19.606
2025-06-03 04:00,0.699,0.592,0.284,19.853
2025-06-03 05:00,0.644,0.502,0.292,19.704
2025-06-03 06:00,0.567,0.412,0.274,19.331
2025-06-03 07:00,0.438,0.260,0.257,18.550
2025-06-03 08:00,0.257,0.074,0.227,17.186
2025-06-03 09:00,0.130,0.017,0.145,16.377
2025-06-03 10:00,0.046,0,0.071,15.900
2025-06-03 11:00,0,0,0.007,14.643
2025-06-03 12:00,0,0,0,13.766
2025-06-03 13:00,0,0,0,13.016
2025-06-03 14:00,0,0,0,12.332
2025-06-03 15:00,0,0,0,11.441
2025-06-03 16:00,0,0,0,10.387
2025-06-03 17:00,0,0,0,9.396
2025-06-03 18:00,0,0,0,8.955
2025-06-03 19:00,0,0,0,8.479
2025-06-03 20:00,0,0,0.005,8.025
2025-06-03 21:00,0.041,0,0.064,9.410
2025-06-03 22:00,0.167,0.091,0.107,11.954
2025-06-03 23:00,0.356,0.279,0.133,16.008
2025-06-04 00:00,0.524,0.482,0.146,19.170
2025-06-04 01:00,0.653,0.652,0.163,21.327
2025-06-04 02:00,0.736,0.775,0.176,23.060
2025-06-04 03:00,0.776,0.842,0.182,24.414
2025-06-04 04:00,0.772,0.840,0.185,25.422
2025-06-04 05:00,0.726,0.769,0.184,26.201
2025-06-04 06:00,0.636,0.639,0.177,26.709
2025-06-04 07:00,0.507,0.468,0.164,26.856
2025-06-04 08:00,0.344,0.275,0.146,26.591
2025-06-04 09:00,0.167,0.090,0.121,25.805
2025-06-04 10:00,0.046,0,0.073,24.017
2025-06-04 11:00,0,0,0.007,20.981
2025-06-04 12:00,0,0,0,18.131
2025-06-04 13:00,0,0,0,17.251
2025-06-04 14:00,0,0,0,16.984
2025-06-04 15:00,0,0,0,16.691
2025-06-04 16:00,0,0,0,16.228
2025-06-04 17:00,0,0,0,15.823
2025-06-04 18:00,0,0,0,15.476
2025-06-04 19:00,0,0,0,15.123
2025-06-04 20:00,0,0,0.004,14.614
2025-06-04 21:00,0.039,0,0.063,15.223
2025-06-04 22:00,0.148,0.049,0.133,17.214
2025-06-04 23:00,0.283,0.141,0.194,19.466
2025-06-05 00:00,0.418,0.229,0.271,21.538
2025-06-05 01:00,0.520,0.324,0.314,23.513
2025-06-05 02:00,0.500,0.223,0.392,24.766
2025-06-05 03:00,0.471,0.160,0.418,25.364
2025-06-05 04:00,0.425,0.110,0.409,25.591
2025-06-05 05:00,0.420,0.118,0.396,25.968
2025-06-05 06:00,0.373,0.099,0.357,26.222
2025-06-05 07:00,0.286,0.057,0.291,25.794
2025-06-05 08:00,0.213,0.037,0.226,25.092
2025-06-05 09:00,0.139,0.021,0.158,24.223
2025-06-05 10:00,0.042,0,0.068,21.719
2025-06-05 11:00,0,0,0.007,19.293
2025-06-05 12:00,0,0,0,17.991
2025-06-05 13:00,0,0,0,16.370
2025-06-05 14:00,0,0,0,15.417
2025-06-05 15:00,0,0,0,14.654
2025-06-05 16:00,0,0,0,13.200
2025-06-05 17:00,0,0,0,11.660
2025-06-05 18:00,0,0,0,10.492
2025-06-05 19:00,0,0,0,9.623
2025-06-05 20:00,0,0,0.005,9.265
2025-06-05 21:00,0.046,0,0.070,11.244
2025-06-05 22:00,0.170,0.084,0.120,14.724
2025-06-05 23:00,0.355,0.265,0.150,18.029
2025-06-06 00:00,0.519,0.483,0.148,21.857
2025-06-06 01:00,0.646,0.654,0.164,24.186
2025-06-06 02:00,0.728,0.777,0.177,25.736
2025-06-06 03:00,0.769,0.845,0.184,26.888
2025-06-06 04:00,0.765,0.839,0.187,27.659
2025-06-06 05:00,0.721,0.771,0.185,28.150
2025-06-06 06:00,0.552,0.441,0.258,27.855
2025-06-06 07:00,0.298,0.080,0.284,26.484
2025-06-06 08:00,0.258,0.092,0.223,25.637
2025-06-06 09:00,0.155,0.047,0.149,24.431
2025-06-06 10:00,0.047,0,0.074,22.075
2025-06-06 11:00,0,0,0.008,18.305
2025-06-06 12:00,0,0,0,16.645
2025-06-06 13:00,0,0,0,15.445
2025-06-06 14:00,0,0,0,14.043
2025-06-06 15:00,0,0,0,12.786
2025-06-06 16:00,0,0,0,11.449
2025-06-06 17:00,0,0,0,10.506
2025-06-06 18:00,0,0,0,9.801
2025-06-06 19:00,0,0,0,9.204
2025-06-06 20:00,0,0,0.005,8.774
2025-06-06 21:00,0.040,0,0.063,10.678
2025-06-06 22:00,0.165,0.095,0.102,13.445
2025-06-06 23:00,0.354,0.284,0.128,17.059
2025-06-07 00:00,0.526,0.494,0.136,19.227
2025-06-07 01:00,0.655,0.664,0.153,21.067
2025-06-07 02:00,0.737,0.787,0.165,22.832
2025-06-07 03:00,0.777,0.854,0.171,24.298
2025-06-07 04:00,0.775,0.856,0.172,25.354
2025-06-07 05:00,0.731,0.793,0.168,26.099
2025-06-07 06:00,0.646,0.672,0.159,26.484
2025-06-07 07:00,0.520,0.504,0.144,26.516
2025-06-07 08:00,0.355,0.307,0.126,26.192
2025-06-07 09:00,0.170,0.111,0.103,25.376
2025-06-07 10:00,0.041,0,0.067,22.956
2025-06-07 11:00,0,0,0.008,19.239
2025-06-07 12:00,0,0,0,17.431
2025-06-07 13:00,0,0,0,16.261
2025-06-07 14:00,0,0,0,15.361
2025-06-07 15:00,0,0,0,14.471
2025-06-07 16:00,0,0,0,13.488
2025-06-07 17:00,0,0,0,12.707
2025-06-07 18:00,0,0,0,12.255
2025-06-07 19:00,0,0,0,12.017
2025-06-07 20:00,0,0,0.005,11.881
2025-06-07 21:00,0.035,0,0.059,14.166
2025-06-07 22:00,0.159,0.102,0.092,17.452
2025-06-07 23:00,0.350,0.301,0.114,20.749
2025-06-08 00:00,0.514,0.498,0.138,25.191
2025-06-08 01:00,0.637,0.669,0.154,27.822
2025-06-08 02:00,0.718,0.793,0.166,29.313
2025-06-08 03:00,0.759,0.863,0.172,30.285
2025-06-08 04:00,0.758,0.863,0.174,30.963
2025-06-08 05:00,0.715,0.797,0.171,31.395
2025-06-08 06:00,0.630,0.665,0.165,31.515
2025-06-08 07:00,0.506,0.495,0.151,31.330
2025-06-08 08:00,0.345,0.297,0.133,30.705
2025-06-08 09:00,0.168,0.106,0.109,29.423
2025-06-08 10:00,0.047,0,0.075,25.720
2025-06-08 11:00,0,0,0.008,22.283
2025-06-08 12:00,0,0,0,20.953
2025-06-08 13:00,0,0,0,19.958
2025-06-08 14:00,0,0,0,18.954
2025-06-08 15:00,0,0,0,17.574
2025-06-08 16:00,0,0,0,15.929
2025-06-08 17:00,0,0,0,14.693
2025-06-08 18:00,0,0,0,13.903
2025-06-08 19:00,0,0,0,13.468
2025-06-08 20:00,0,0,0.005,12.946
2025-06-08 21:00,0.042,0,0.066,13.497
2025-06-08 22:00,0.159,0.080,0.111,15.065
2025-06-08 23:00,0.340,0.259,0.137,17.186
2025-06-09 00:00,0.490,0.374,0.210,19.416
2025-06-09 01:00,0.586,0.462,0.259,21.527
2025-06-09 02:00,0.667,0.572,0.275,23.553
2025-06-09 03:00,0.618,0.412,0.366,24.389
2025-06-09 04:00,0.400,0.085,0.395,22.813
2025-06-09 05:00,0.256,0.023,0.281,19.311
2025-06-09 06:00,0.237,0.021,0.259,17.486
2025-06-09 07:00,0.254,0.034,0.265,17.083
2025-06-09 08:00,0.212,0.031,0.220,16.474
2025-06-09 09:00,0.112,0.008,0.134,15.839
2025-06-09 10:00,0.057,0,0.083,15.626
2025-06-09 11:00,0,0,0.009,13.496
2025-06-09 12:00,0,0,0,12.368
2025-06-09 13:00,0,0,0,11.875
2025-06-09 14:00,0,0,0,11.429
2025-06-09 15:00,0,0,0,10.857
2025-06-09 16:00,0,0,0,10.513
2025-06-09 17:00,0,0,0,10.183
2025-06-09 18:00,0,0,0,9.845
2025-06-09 19:00,0,0,0,9.437
2025-06-09 20:00,0,0,0.006,9.089
2025-06-09 21:00,0.048,0,0.071,10.413
2025-06-09 22:00,0.171,0.080,0.123,12.880
2025-06-09 23:00,0.353,0.250,0.158,15.518
2025-06-10 00:00,0.520,0.462,0.156,17.827
2025-06-10 01:00,0.647,0.625,0.174,19.928
2025-06-10 02:00,0.730,0.747,0.187,21.896
2025-06-10 03:00,0.765,0.803,0.197,23.523
2025-06-10 04:00,0.756,0.787,0.205,24.647
2025-06-10 05:00,0.703,0.702,0.209,25.316
2025-06-10 06:00,0.591,0.517,0.227,25.467
2025-06-10 07:00,0.472,0.372,0.208,25.338
2025-06-10 08:00,0.302,0.163,0.202,24.708
2025-06-10 09:00,0.160,0.052,0.148,23.907
2025-06-10 10:00,0.050,0,0.078,21.759
2025-06-10 11:00,0,0,0.009,18.527
2025-06-10 12:00,0,0,0,18.091
2025-06-10 13:00,0,0,0,18.140
2025-06-10 14:00,0,0,0,17.702
2025-06-10 15:00,0,0,0,16.784
2025-06-10 16:00,0,0,0,15.911
2025-06-10 17:00,0,0,0,15.060
2025-06-10 18:00,0,0,0,14.108
2025-06-10 19:00,0,0,0,13.357
2025-06-10 20:00,0,0,0.006,13.326
2025-06-10 21:00,0.044,0,0.068,14.335
2025-06-10 22:00,0.158,0.071,0.121,16.635
2025-06-10 23:00,0.328,0.232,0.154,19.443
2025-06-11 00:00,0.487,0.390,0.204,23.913
2025-06-11 01:00,0.606,0.544,0.226,26.593
2025-06-11 02:00,0.684,0.659,0.242,28.510
2025-06-11 03:00,0.717,0.704,0.256,29.911
2025-06-11 04:00,0.661,0.555,0.317,30.277
2025-06-11 05:00,0.486,0.212,0.400,29.251
2025-06-11 06:00,0.297,0.046,0.319,27.528
2025-06-11 07:00,0.332,0.097,0.309,27.140
2025-06-11 08:00,0.318,0.180,0.210,27.705
2025-06-11 09:00,0.166,0.051,0.160,27.580
2025-06-11 10:00,0.050,0,0.078,25.037
2025-06-11 11:00,0,0,0.008,22.667
2025-06-11 12:00,0,0,0,21.949
2025-06-11 13:00,0,0,0,21.216
2025-06-11 14:00,0,0,0,20.771
2025-06-11 15:00,0,0,0,19.924
2025-06-11 16:00,0,0,0,19.258
2025-06-11 17:00,0,0,0,18.711
2025-06-11 18:00,0,0,0,18.296
2025-06-11 19:00,0,0,0,18.032
2025-06-11 20:00,0,0,0.003,18.002
2025-06-11 21:00,0.027,0,0.050,18.260
2025-06-11 22:00,0.081,0.004,0.107,19.121
2025-06-11 23:00,0.063,0.002,0.089,19.394
2025-06-12 00:00,0.126,0.005,0.156,20.400
2025-06-12 01:00,0.310,0.041,0.331,23.265
2025-06-12 02:00,0.586,0.354,0.389,26.773
2025-06-12 03:00,0.497,0.168,0.453,27.656
2025-06-12 04:00,0.449,0.113,0.444,28.034
2025-06-12 05:00,0.292,0.028,0.330,26.785
2025-06-12 06:00,0.118,0.004,0.150,23.586
2025-06-12 07:00,0.100,0.003,0.130,21.714
2025-06-12 08:00,0.090,0.003,0.119,21.309
2025-06-12 09:00,0.084,0.003,0.112,21.370
2025-06-12 10:00,0.030,0,0.054,20.792
2025-06-12 11:00,0,0,0.005,19.888
2025-06-12 12:00,0,0,0,19.268
2025-06-12 13:00,0,0,0,18.174
2025-06-12 14:00,0,0,0,17.105
2025-06-12 15:00,0,0,0,16.343
2025-06-12 16:00,0,0,0,15.720
2025-06-12 17:00,0,0,0,15.218
2025-06-12 18:00,0,0,0,14.937
2025-06-12 19:00,0,0,0,14.694
2025-06-12 20:00,0,0,0.005,14.405
2025-06-12 21:00,0.039,0,0.063,14.995
2025-06-12 22:00,0.129,0.011,0.150,16.617
2025-06-12 23:00,0.243,0.047,0.242,19.323
2025-06-13 00:00,0.370,0.131,0.312,22.599
2025-06-13 01:00,0.418,0.135,0.373,24.703
2025-06-13 02:00,0.334,0.047,0.357,24.748
2025-06-13 03:00,0.254,0.019,0.289,23.601
2025-06-13 04:00,0.308,0.031,0.338,23.075
2025-06-13 05:00,0.282,0.026,0.313,22.934
2025-06-13 06:00,0.294,0.036,0.318,23.390
2025-06-13 07:00,0.314,0.066,0.313,24.227
2025-06-13 08:00,0.233,0.041,0.242,24.431
2025-06-13 09:00,0.131,0.013,0.156,23.818
2025-06-13 10:00,0.047,0,0.073,21.946
2025-06-13 11:00,0,0,0.008,19.452
2025-06-13 12:00,0,0,0,18.164
2025-06-13 13:00,0,0,0,17.281
2025-06-13 14:00,0,0,0,16.421
2025-06-13 15:00,0,0,0,15.697
2025-06-13 16:00,0,0,0,15.090
2025-06-13 17:00,0,0,0,14.224
2025-06-13 18:00,0,0,0,13.396
2025-06-13 19:00,0,0,0,12.777
2025-06-13 20:00,0,0,0.006,12.936
2025-06-13 21:00,0.051,0,0.076,14.414
2025-06-13 22:00,0.155,0.029,0.160,16.531
2025-06-13 23:00,0.203,0.027,0.217,18.460
2025-06-14 00:00,0.220,0.016,0.247,19.792
2025-06-14 01:00,0.261,0.020,0.292,21.159
2025-06-14 02:00,0.301,0.026,0.334,22.391
2025-06-14 03:00,0.295,0.022,0.332,23.241
2025-06-14 04:00,0.278,0.019,0.317,23.752
2025-06-14 05:00,0.290,0.023,0.327,24.083
2025-06-14 06:00,0.373,0.068,0.384,24.690
2025-06-14 07:00,0.258,0.026,0.286,24.489
2025-06-14 08:00,0.115,0.004,0.146,23.497
2025-06-14 09:00,0.044,0.001,0.069,21.872
2025-06-14 10:00,0.007,0,0.025,19.864
2025-06-14 11:00,0,0,0.002,18.134
2025-06-14 12:00,0,0,0,17.126
2025-06-14 13:00,0,0,0,16.358
2025-06-14 14:00,0,0,0,15.755
2025-06-14 15:00,0,0,0,15.454
2025-06-14 16:00,0,0,0,15.302
2025-06-14 17:00,0,0,0,15.158
2025-06-14 18:00,0,0,0,15.048
2025-06-14 19:00,0,0,0,15.047
2025-06-14 20:00,0,0,0.002,14.975
2025-06-14 21:00,0.008,0,0.027,15.243
2025-06-14 22:00,0.055,0.001,0.079,15.873
2025-06-14 23:00,0.106,0.004,0.133,16.746
2025-06-15 00:00,0.172,0.009,0.199,17.837
2025-06-15 01:00,0.268,0.024,0.293,18.958
2025-06-15 02:00,0.310,0.030,0.335,19.774
2025-06-15 03:00,0.375,0.052,0.393,20.580
2025-06-15 04:00,0.369,0.049,0.390,21.351
2025-06-15 05:00,0.387,0.065,0.398,22.224
2025-06-15 06:00,0.305,0.036,0.330,22.537
2025-06-15 07:00,0.246,0.025,0.272,22.440
2025-06-15 08:00,0.165,0.011,0.193,21.891
2025-06-15 09:00,0.069,0.002,0.096,20.599
2025-06-15 10:00,0.011,0,0.031,18.943
2025-06-15 11:00,0,0,0.004,17.445
2025-06-15 12:00,0,0,0,16.403
2025-06-15 13:00,0,0,0,15.714
2025-06-15 14:00,0,0,0,15.395
2025-06-15 15:00,0,0,0,14.981
2025-06-15 16:00,0,0,0,14.731
2025-06-15 17:00,0,0,0,14.571
2025-06-15 18:00,0,0,0,14.141
2025-06-15 19:00,0,0,0,13.658
2025-06-15 20:00,0,0,0.004,13.324
2025-06-15 21:00,0.034,0,0.057,13.776
2025-06-15 22:00,0.146,0.017,0.161,14.883
2025-06-15 23:00,0.282,0.080,0.249,16.359
2025-06-16 00:00,0.371,0.126,0.308,17.748
2025-06-16 01:00,0.401,0.108,0.364,18.765
2025-06-16 02:00,0.417,0.097,0.396,19.633
2025-06-16 03:00,0.394,0.071,0.396,20.191
2025-06-16 04:00,0.325,0.038,0.347,20.231
2025-06-16 05:00,0.265,0.022,0.293,19.923
2025-06-16 06:00,0.221,0.016,0.248,19.492
2025-06-16 07:00,0.199,0.015,0.224,19.208
2025-06-16 08:00,0.196,0.022,0.214,19.218
2025-06-16 09:00,0.151,0.021,0.166,19.216
2025-06-16 10:00,0.054,0,0.081,18.494
2025-06-16 11:00,0,0,0.010,16.769
2025-06-16 12:00,0,0,0,15.370
2025-06-16 13:00,0,0,0,14.673
2025-06-16 14:00,0,0,0,14.532
2025-06-16 15:00,0,0,0,14.372
2025-06-16 16:00,0,0,0,14.012
2025-06-16 17:00,0,0,0,13.446
2025-06-16 18:00,0,0,0,12.837
2025-06-16 19:00,0,0,0,12.266
2025-06-16 20:00,0,0,0.007,11.872
2025-06-16 21:00,0.052,0,0.077,13.438
2025-06-16 22:00,0.171,0.070,0.136,15.970
2025-06-16 23:00,0.345,0.231,0.175,19.038
2025-06-17 00:00,0.499,0.421,0.186,22.600
2025-06-17 01:00,0.618,0.567,0.212,24.582
2025-06-17 02:00,0.700,0.684,0.226,25.802
2025-06-17 03:00,0.734,0.728,0.241,26.722
2025-06-17 04:00,0.732,0.726,0.244,27.424
2025-06-17 05:00,0.686,0.656,0.244,27.926
2025-06-17 06:00,0.583,0.488,0.256,28.125
2025-06-17 07:00,0.432,0.268,0.267,28.017
2025-06-17 08:00,0.281,0.111,0.234,27.549
2025-06-17 09:00,0.135,0.019,0.156,26.374
2025-06-17 10:00,0.037,0,0.062,23.857
2025-06-17 11:00,0,0,0.006,21.513
2025-06-17 12:00,0,0,0,20.712
2025-06-17 13:00,0,0,0,20.209
2025-06-17 14:00,0,0,0,19.563
2025-06-17 15:00,0,0,0,19.045
2025-06-17 16:00,0,0,0,18.732
2025-06-17 17:00,0,0,0,18.494
2025-06-17 18:00,0,0,0,18.211
2025-06-17 19:00,0,0,0,17.761
2025-06-17 20:00,0,0,0.004,17.337
2025-06-17 21:00,0.020,0,0.041,17.684
2025-06-17 22:00,0.077,0.004,0.103,18.440
2025-06-17 23:00,0.147,0.013,0.170,19.622
2025-06-18 00:00,0.269,0.040,0.282,21.606
2025-06-18 01:00,0.480,0.225,0.363,24.557
2025-06-18 02:00,0.653,0.539,0.307,27.374
2025-06-18 03:00,0.673,0.549,0.335,28.963
2025-06-18 04:00,0.611,0.396,0.395,29.498
2025-06-18 05:00,0.484,0.186,0.423,29.300
2025-06-18 06:00,0.365,0.082,0.369,28.748
2025-06-18 07:00,0.306,0.063,0.313,28.283
2025-06-18 08:00,0.225,0.038,0.241,27.560
2025-06-18 09:00,0.118,0.009,0.147,26.121
2025-06-18 10:00,0.021,0,0.044,23.758
2025-06-18 11:00,0,0,0.004,21.823
2025-06-18 12:00,0,0,0,21.211
2025-06-18 13:00,0,0,0,20.883
2025-06-18 14:00,0,0,0,20.529
2025-06-18 15:00,0,0,0,19.977
2025-06-18 16:00,0,0,0,19.196
2025-06-18 17:00,0,0,0,18.181
2025-06-18 18:00,0,0,0,17.261
2025-06-18 19:00,0,0,0,16.936
2025-06-18 20:00,0,0,0.001,16.499
2025-06-18 21:00,0.005,0,0.023,16.607
2025-06-18 22:00,0.034,0.001,0.058,16.988
2025-06-18 23:00,0.105,0.004,0.131,17.570
2025-06-19 00:00,0.191,0.016,0.214,18.294
2025-06-19 01:00,0.238,0.022,0.261,19.133
2025-06-19 02:00,0.305,0.037,0.324,20.280
2025-06-19 03:00,0.390,0.075,0.390,21.490
2025-06-19 04:00,0.430,0.106,0.411,22.391
2025-06-19 05:00,0.422,0.111,0.398,23.085
2025-06-19 06:00,0.438,0.163,0.367,23.812
2025-06-19 07:00,0.397,0.177,0.304,24.390
2025-06-19 08:00,0.311,0.150,0.226,24.687
2025-06-19 09:00,0.169,0.048,0.164,24.333
2025-06-19 10:00,0.056,0,0.085,22.671
2025-06-19 11:00,0,0,0.010,20.049
2025-06-19 12:00,0,0,0,18.872
2025-06-19 13:00,0,0,0,18.324
2025-06-19 14:00,0,0,0,17.633
2025-06-19 15:00,0,0,0,16.797
2025-06-19 16:00,0,0,0,15.641
2025-06-19 17:00,0,0,0,14.108
2025-06-19 18:00,0,0,0,12.449
2025-06-19 19:00,0,0,0,11.269
2025-06-19 20:00,0,0,0.007,10.552
2025-06-19 21:00,0.049,0,0.073,12.099
2025-06-19 22:00,0.171,0.082,0.122,14.300
2025-06-19 23:00,0.353,0.257,0.156,17.697
2025-06-20 00:00,0.517,0.479,0.143,20.111
2025-06-20 01:00,0.644,0.645,0.160,21.900
2025-06-20 02:00,0.727,0.766,0.173,23.374
2025-06-20 03:00,0.766,0.826,0.181,24.451
2025-06-20 04:00,0.761,0.818,0.186,25.114
2025-06-20 05:00,0.720,0.757,0.182,25.504
2025-06-20 06:00,0.630,0.622,0.180,25.489
2025-06-20 07:00,0.508,0.464,0.164,25.084
2025-06-20 08:00,0.341,0.257,0.154,24.323
2025-06-20 09:00,0.176,0.104,0.114,23.297
2025-06-20 10:00,0.047,0,0.074,21.073
2025-06-20 11:00,0,0,0.010,17.589
2025-06-20 12:00,0,0,0,15.989
2025-06-20 13:00,0,0,0,15.074
2025-06-20 14:00,0,0,0,14.290
2025-06-20 15:00,0,0,0,13.593
2025-06-20 16:00,0,0,0,12.789
2025-06-20 17:00,0,0,0,12.025
2025-06-20 18:00,0,0,0,11.467
2025-06-20 19:00,0,0,0,11.089
2025-06-20 20:00,0,0,0.007,10.987
2025-06-20 21:00,0.040,0,0.064,13.023
2025-06-20 22:00,0.158,0.090,0.102,15.583
2025-06-20 23:00,0.343,0.276,0.127,19.084
2025-06-21 00:00,0.509,0.469,0.147,21.558
2025-06-21 01:00,0.636,0.637,0.163,23.298
2025-06-21 02:00,0.720,0.761,0.175,24.890
2025-06-21 03:00,0.761,0.829,0.181,26.153
2025-06-21 04:00,0.760,0.832,0.182,27.040
2025-06-21 05:00,0.718,0.773,0.177,27.639
2025-06-21 06:00,0.635,0.651,0.169,27.881
2025-06-21 07:00,0.511,0.486,0.155,27.741
2025-06-21 08:00,0.350,0.291,0.138,27.198
2025-06-21 09:00,0.173,0.100,0.118,26.082
2025-06-21 10:00,0.049,0,0.077,23.662
2025-06-21 11:00,0,0,0.010,21.154
2025-06-21 12:00,0,0,0,20.115
2025-06-21 13:00,0,0,0,19.296
2025-06-21 14:00,0,0,0,18.482
2025-06-21 15:00,0,0,0,17.500
2025-06-21 16:00,0,0,0,16.559
2025-06-21 17:00,0,0,0,15.852
2025-06-21 18:00,0,0,0,15.208
2025-06-21 19:00,0,0,0,14.580
2025-06-21 20:00,0,0,0.007,14.134
2025-06-21 21:00,0.039,0,0.064,15.982
2025-06-21 22:00,0.156,0.091,0.101,18.584
2025-06-21 23:00,0.340,0.281,0.125,21.668
2025-06-22 00:00,0.505,0.481,0.143,25.562
2025-06-22 01:00,0.630,0.650,0.159,27.355
2025-06-22 02:00,0.711,0.772,0.172,28.619
2025-06-22 03:00,0.751,0.837,0.179,29.523
2025-06-22 04:00,0.749,0.834,0.182,30.035
2025-06-22 05:00,0.708,0.768,0.180,30.306
2025-06-22 06:00,0.620,0.634,0.176,30.367
2025-06-22 07:00,0.495,0.461,0.166,30.241
2025-06-22 08:00,0.340,0.275,0.146,29.848
2025-06-22 09:00,0.171,0.100,0.119,29.108
2025-06-22 10:00,0.047,0,0.075,27.534
2025-06-22 11:00,0,0,0.010,24.337
2025-06-22 12:00,0,0,0,21.834
2025-06-22 13:00,0,0,0,20.329
2025-06-22 14:00,0,0,0,19.292
2025-06-22 15:00,0,0,0,18.502
2025-06-22 16:00,0,0,0,17.936
2025-06-22 17:00,0,0,0,17.507
2025-06-22 18:00,0,0,0,17.129
2025-06-22 19:00,0,0,0,16.787
2025-06-22 20:00,0,0,0.006,16.627
2025-06-22 21:00,0.042,0,0.067,18.629
2025-06-22 22:00,0.151,0.074,0.115,22.037
2025-06-22 23:00,0.321,0.242,0.145,24.215
2025-06-23 00:00,0.474,0.416,0.174,27.830
2025-06-23 01:00,0.590,0.572,0.193,30.735
2025-06-23 02:00,0.668,0.686,0.207,31.989
2025-06-23 03:00,0.721,0.786,0.201,32.983
2025-06-23 04:00,0.719,0.783,0.205,33.636
2025-06-23 05:00,0.677,0.717,0.203,33.950
2025-06-23 06:00,0.588,0.574,0.204,33.890
2025-06-23 07:00,0.470,0.413,0.190,33.536
2025-06-23 08:00,0.321,0.235,0.170,32.738
2025-06-23 09:00,0.165,0.077,0.137,31.635
2025-06-23 10:00,0.050,0,0.080,28.708
2025-06-23 11:00,0,0,0.010,25.370
2025-06-23 12:00,0,0,0,23.556
2025-06-23 13:00,0,0,0,22.274
2025-06-23 14:00,0,0,0,21.209
2025-06-23 15:00,0,0,0,20.339
2025-06-23 16:00,0,0,0,19.618
2025-06-23 17:00,0,0,0,19.042
2025-06-23 18:00,0,0,0,18.578
2025-06-23 19:00,0,0,0,18.175
2025-06-23 20:00,0,0,0.006,17.914
2025-06-23 21:00,0.044,0,0.070,19.623
2025-06-23 22:00,0.150,0.065,0.124,22.985
2025-06-23 23:00,0.314,0.224,0.157,24.979
2025-06-24 00:00,0.462,0.387,0.189,28.317
2025-06-24 01:00,0.577,0.540,0.209,31.360
2025-06-24 02:00,0.655,0.652,0.223,32.591
2025-06-24 03:00,0.690,0.701,0.236,33.334
2025-06-24 04:00,0.689,0.699,0.239,33.837
2025-06-24 05:00,0.649,0.638,0.236,34.089
2025-06-24 06:00,0.575,0.536,0.222,34.063
2025-06-24 07:00,0.459,0.382,0.207,33.717
2025-06-24 08:00,0.314,0.213,0.183,32.907
2025-06-24 09:00,0.163,0.067,0.145,31.671
2025-06-24 10:00,0.051,0,0.080,28.515
2025-06-24 11:00,0,0,0.009,24.951
2025-06-24 12:00,0,0,0,23.364
2025-06-24 13:00,0,0,0,22.212
2025-06-24 14:00,0,0,0,21.179
2025-06-24 15:00,0,0,0,20.320
2025-06-24 16:00,0,0,0,19.663
2025-06-24 17:00,0,0,0,19.176
2025-06-24 18:00,0,0,0,18.923
2025-06-24 19:00,0,0,0,18.835
2025-06-24 20:00,0,0,0.006,18.850
2025-06-24 21:00,0.044,0,0.070,20.124
2025-06-24 22:00,0.149,0.054,0.134,22.924
2025-06-24 23:00,0.304,0.196,0.173,25.209
2025-06-25 00:00,0.467,0.397,0.186,28.531
2025-06-25 01:00,0.586,0.554,0.205,30.518
2025-06-25 02:00,0.665,0.668,0.219,31.724
2025-06-25 03:00,0.705,0.731,0.227,32.538
2025-06-25 04:00,0.706,0.733,0.228,33.034
2025-06-25 05:00,0.667,0.675,0.224,33.291
2025-06-25 06:00,0.583,0.548,0.219,33.179
2025-06-25 07:00,0.468,0.396,0.202,32.761
2025-06-25 08:00,0.322,0.227,0.177,31.915
2025-06-25 09:00,0.167,0.075,0.141,30.580
2025-06-25 10:00,0.051,0,0.081,28.131
2025-06-25 11:00,0,0,0.010,24.849
2025-06-25 12:00,0,0,0,23.292
2025-06-25 13:00,0,0,0,22.105
2025-06-25 14:00,0,0,0,21.062
2025-06-25 15:00,0,0,0,20.181
2025-06-25 16:00,0,0,0,19.580
2025-06-25 17:00,0,0,0,19.082
2025-06-25 18:00,0,0,0,18.858
2025-06-25 19:00,0,0,0,19.250
2025-06-25 20:00,0,0,0.005,19.440
2025-06-25 21:00,0.044,0,0.070,20.330
2025-06-25 22:00,0.138,0.030,0.145,22.308
2025-06-25 23:00,0.208,0.044,0.211,23.523
2025-06-26 00:00,0.224,0.022,0.252,24.887
2025-06-26 01:00,0.304,0.043,0.328,26.529
2025-06-26 02:00,0.347,0.054,0.372,27.711
2025-06-26 03:00,0.348,0.049,0.380,28.231
2025-06-26 04:00,0.362,0.055,0.391,28.626
2025-06-26 05:00,0.405,0.092,0.411,29.167
2025-06-26 06:00,0.359,0.075,0.369,29.263
2025-06-26 07:00,0.289,0.051,0.307,29.041
2025-06-26 08:00,0.212,0.030,0.235,28.584
2025-06-26 09:00,0.124,0.011,0.153,27.657
2025-06-26 10:00,0.042,0,0.070,25.701
2025-06-26 11:00,0,0,0.009,23.322
2025-06-26 12:00,0,0,0,22.123
2025-06-26 13:00,0,0,0,21.370
2025-06-26 14:00,0,0,0,20.627
2025-06-26 15:00,0,0,0,19.870
2025-06-26 16:00,0,0,0,19.271
2025-06-26 17:00,0,0,0,18.757
2025-06-26 18:00,0,0,0,18.359
2025-06-26 19:00,0,0,0,18.082
2025-06-26 20:00,0,0,0.005,17.921
2025-06-26 21:00,0.029,0,0.053,19.092
2025-06-26 22:00,0.102,0.006,0.128,20.304
2025-06-26 23:00,0.211,0.031,0.226,22.647
2025-06-27 00:00,0.341,0.094,0.318,24.409
2025-06-27 01:00,0.407,0.117,0.378,25.089
2025-06-27 02:00,0.393,0.078,0.399,25.083
2025-06-27 03:00,0.380,0.061,0.400,25.008
2025-06-27 04:00,0.331,0.038,0.362,24.738
2025-06-27 05:00,0.305,0.032,0.337,24.472
2025-06-27 06:00,0.294,0.034,0.321,24.431
2025-06-27 07:00,0.260,0.032,0.283,24.445
2025-06-27 08:00,0.195,0.021,0.219,24.158
2025-06-27 09:00,0.110,0.007,0.138,23.394
2025-06-27 10:00,0.033,0,0.057,22.218
2025-06-27 11:00,0,0,0.006,20.789
2025-06-27 12:00,0,0,0,19.883
2025-06-27 13:00,0,0,0,19.292
2025-06-27 14:00,0,0,0,18.860
2025-06-27 15:00,0,0,0,18.535
2025-06-27 16:00,0,0,0,18.296
2025-06-27 17:00,0,0,0,18.095
2025-06-27 18:00,0,0,0,17.967
2025-06-27 19:00,0,0,0,17.814
2025-06-27 20:00,0,0,0.003,17.654
2025-06-27 21:00,0.023,0,0.046,18.386
2025-06-27 22:00,0.113,0.007,0.138,19.426
2025-06-27 23:00,0.223,0.036,0.233,21.034
2025-06-28 00:00,0.371,0.157,0.288,23.004
2025-06-28 01:00,0.490,0.278,0.324,24.898
2025-06-28 02:00,0.583,0.403,0.334,26.525
2025-06-28 03:00,0.633,0.481,0.336,27.835
2025-06-28 04:00,0.665,0.564,0.307,28.857
2025-06-28 05:00,0.633,0.531,0.293,29.453
2025-06-28 06:00,0.549,0.418,0.284,29.615
2025-06-28 07:00,0.435,0.282,0.261,29.397
2025-06-28 08:00,0.293,0.137,0.225,28.761
2025-06-28 09:00,0.153,0.035,0.162,27.672
2025-06-28 10:00,0.047,0,0.075,25.820
2025-06-28 11:00,0,0,0.008,23.710
2025-06-28 12:00,0,0,0,22.711
2025-06-28 13:00,0,0,0,21.896
2025-06-28 14:00,0,0,0,21.089
2025-06-28 15:00,0,0,0,20.440
2025-06-28 16:00,0,0,0,19.957
2025-06-28 17:00,0,0,0,19.517
2025-06-28 18:00,0,0,0,19.030
2025-06-28 19:00,0,0,0,18.569
2025-06-28 20:00,0,0,0.005,18.324
2025-06-28 21:00,0.035,0,0.060,18.985
2025-06-28 22:00,0.131,0.018,0.147,20.529
2025-06-28 23:00,0.231,0.056,0.224,22.658
2025-06-29 00:00,0.271,0.041,0.287,24.155
2025-06-29 01:00,0.310,0.045,0.331,25.149
2025-06-29 02:00,0.392,0.081,0.399,26.241
2025-06-29 03:00,0.425,0.096,0.427,27.148
2025-06-29 04:00,0.444,0.114,0.437,27.868
2025-06-29 05:00,0.421,0.105,0.417,28.238
2025-06-29 06:00,0.368,0.081,0.372,28.235
2025-06-29 07:00,0.294,0.053,0.308,27.871
2025-06-29 08:00,0.198,0.024,0.224,27.125
2025-06-29 09:00,0.105,0.006,0.135,26.038
2025-06-29 10:00,0.033,0,0.059,24.560
2025-06-29 11:00,0,0,0.006,22.885
2025-06-29 12:00,0,0,0,21.827
2025-06-29 13:00,0,0,0,21.201
2025-06-29 14:00,0,0,0,20.838
2025-06-29 15:00,0,0,0,20.585
2025-06-29 16:00,0,0,0,20.328
2025-06-29 17:00,0,0,0,20.024
2025-06-29 18:00,0,0,0,19.736
2025-06-29 19:00,0,0,0,19.444
2025-06-29 20:00,0,0,0.004,19.249
2025-06-29 21:00,0.031,0,0.055,20.079
2025-06-29 22:00,0.100,0.005,0.127,21.300
2025-06-29 23:00,0.151,0.011,0.179,22.533
2025-06-30 00:00,0.231,0.027,0.254,23.785
2025-06-30 01:00,0.350,0.075,0.349,25.279
2025-06-30 02:00,0.463,0.165,0.408,26.773
2025-06-30 03:00,0.572,0.321,0.407,28.269
2025-06-30 04:00,0.652,0.510,0.345,29.656
2025-06-30 05:00,0.622,0.485,0.327,30.464
2025-06-30 06:00,0.545,0.391,0.309,30.808
2025-06-30 07:00,0.387,0.173,0.311,30.526
2025-06-30 08:00,0.274,0.094,0.247,30.022
2025-06-30 09:00,0.153,0.029,0.168,29.028
2025-06-30 10:00,0.047,0,0.076,27.163
2025-06-30 11:00,0,0,0.007,25.034
2025-06-30 12:00,0,0,0,23.788
2025-06-30 13:00,0,0,0,22.786
2025-06-30 14:00,0,0,0,21.841
2025-06-30 15:00,0,0,0,21.138
2025-06-30 16:00,0,0,0,20.701
2025-06-30 17:00,0,0,0,20.474
2025-06-30 18:00,0,0,0,20.244
2025-06-30 19:00,0,0,0,19.949
2025-06-30 20:00,0,0,0.003,19.872
2025-06-30 21:00,0.015,0,0.036,20.527
2025-06-30 22:00,0.046,0.001,0.072,21.279
2025-06-30 23:00,0.089,0.004,0.117,22.186
2025-07-01 00:00,0.153,0.009,0.184,23.365
2025-07-01 01:00,0.209,0.015,0.241,24.421
2025-07-01 02:00,0.259,0.023,0.292,25.251
2025-07-01 03:00,0.306,0.034,0.338,25.803
2025-07-01 04:00,0.385,0.072,0.398,26.445
2025-07-01 05:00,0.471,0.169,0.415,27.445
2025-07-01 06:00,0.450,0.186,0.373,28.109
2025-07-01 07:00,0.369,0.137,0.318,28.210
2025-07-01 08:00,0.252,0.064,0.247,27.847
2025-07-01 09:00,0.144,0.022,0.164,27.439
2025-07-01 10:00,0.051,0,0.080,26.273
2025-07-01 11:00,0,0,0.009,23.803
2025-07-01 12:00,0,0,0,22.505
2025-07-01 13:00,0,0,0,21.623
2025-07-01 14:00,0,0,0,20.931
2025-07-01 15:00,0,0,0,20.482
2025-07-01 16:00,0,0,0,20.041
2025-07-01 17:00,0,0,0,19.118
2025-07-01 18:00,0,0,0,18.379
2025-07-01 19:00,0,0,0,18.054
2025-07-01 20:00,0,0,0.006,18.002
2025-07-01 21:00,0.048,0,0.074,19.894
2025-07-01 22:00,0.151,0.032,0.156,21.765
2025-07-01 23:00,0.301,0.150,0.214,24.749
2025-07-02 00:00,0.464,0.345,0.233,28.226
2025-07-02 01:00,0.511,0.324,0.326,30.360
2025-07-02 02:00,0.621,0.503,0.316,32.089
2025-07-02 03:00,0.710,0.706,0.268,33.764
2025-07-02 04:00,0.682,0.630,0.301,34.676
2025-07-02 05:00,0.505,0.248,0.409,34.447
2025-07-02 06:00,0.281,0.038,0.317,33.207
2025-07-02 07:00,0.207,0.020,0.244,32.071
2025-07-02 08:00,0.128,0.008,0.162,30.592
2025-07-02 09:00,0.063,0.002,0.092,28.930
2025-07-02 10:00,0.016,0,0.038,27.340
2025-07-02 11:00,0,0,0.005,26.005
2025-07-02 12:00,0,0,0,25.193
2025-07-02 13:00,0,0,0,24.533
2025-07-02 14:00,0,0,0,23.803
2025-07-02 15:00,0,0,0,22.907
2025-07-02 16:00,0,0,0,21.992
2025-07-02 17:00,0,0,0,21.172
2025-07-02 18:00,0,0,0,20.742
2025-07-02 19:00,0,0,0,20.648
2025-07-02 20:00,0,0,0.002,20.477
2025-07-02 21:00,0.014,0,0.034,20.966
2025-07-02 22:00,0.071,0.002,0.098,21.955
2025-07-02 23:00,0.170,0.017,0.195,23.505
2025-07-03 00:00,0.280,0.056,0.285,25.477
2025-07-03 01:00,0.415,0.154,0.358,27.603
2025-07-03 02:00,0.591,0.432,0.333,30.142
2025-07-03 03:00,0.635,0.502,0.337,31.762
2025-07-03 04:00,0.625,0.479,0.348,32.528
2025-07-03 05:00,0.533,0.309,0.381,32.615
2025-07-03 06:00,0.371,0.104,0.361,31.816
2025-07-03 07:00,0.264,0.046,0.284,30.618
2025-07-03 08:00,0.167,0.018,0.197,29.357
2025-07-03 09:00,0.098,0.007,0.127,28.377
2025-07-03 10:00,0.033,0,0.059,27.287
2025-07-03 11:00,0,0,0.007,25.683
2025-07-03 12:00,0,0,0,24.695
2025-07-03 13:00,0,0,0,24.091
2025-07-03 14:00,0,0,0,23.663
2025-07-03 15:00,0,0,0,23.230
2025-07-03 16:00,0,0,0,22.633
2025-07-03 17:00,0,0,0,21.940
2025-07-03 18:00,0,0,0,21.478
2025-07-03 19:00,0,0,0,21.056
2025-07-03 20:00,0,0,0.005,20.733
2025-07-03 21:00,0.045,0,0.072,22.101
2025-07-03 22:00,0.152,0.047,0.145,23.971
2025-07-03 23:00,0.308,0.187,0.190,26.863
2025-07-04 00:00,0.458,0.368,0.206,29.393
2025-07-04 01:00,0.579,0.527,0.225,31.258
2025-07-04 02:00,0.654,0.630,0.244,32.678
2025-07-04 03:00,0.669,0.627,0.277,33.724
2025-07-04 04:00,0.702,0.724,0.242,34.693
2025-07-04 05:00,0.656,0.645,0.246,35.184
2025-07-04 06:00,0.538,0.432,0.276,35.044
2025-07-04 07:00,0.361,0.163,0.297,34.289
2025-07-04 08:00,0.216,0.048,0.228,33.221
2025-07-04 09:00,0.117,0.014,0.145,32.108
2025-07-04 10:00,0.037,0,0.064,30.587
2025-07-04 11:00,0,0,0.007,28.693
2025-07-04 12:00,0,0,0,27.722
2025-07-04 13:00,0,0,0,26.886
2025-07-04 14:00,0,0,0,25.995
2025-07-04 15:00,0,0,0,25.135
2025-07-04 16:00,0,0,0,24.525
2025-07-04 17:00,0,0,0,24.066
2025-07-04 18:00,0,0,0,23.500
2025-07-04 19:00,0,0,0,22.919
2025-07-04 20:00,0,0,0.005,22.616
2025-07-04 21:00,0.040,0,0.066,23.565
2025-07-04 22:00,0.123,0.017,0.143,24.968
2025-07-04 23:00,0.194,0.033,0.208,26.129
2025-07-05 00:00,0.271,0.053,0.279,26.885
2025-07-05 01:00,0.362,0.097,0.348,27.708
2025-07-05 02:00,0.400,0.108,0.387,28.311
2025-07-05 03:00,0.431,0.123,0.411,27.971
2025-07-05 04:00,0.405,0.095,0.401,26.314
2025-07-05 05:00,0.392,0.092,0.385,25.037
2025-07-05 06:00,0.391,0.115,0.360,25.006
2025-07-05 07:00,0.409,0.208,0.291,25.673
2025-07-05 08:00,0.330,0.201,0.200,25.930
2025-07-05 09:00,0.178,0.075,0.147,25.576
2025-07-05 10:00,0.053,0,0.082,24.270
2025-07-05 11:00,0,0,0.009,21.678
2025-07-05 12:00,0,0,0,20.454
2025-07-05 13:00,0,0,0,19.771
2025-07-05 14:00,0,0,0,19.152
2025-07-05 15:00,0,0,0,18.602
2025-07-05 16:00,0,0,0,18.009
2025-07-05 17:00,0,0,0,17.511
2025-07-05 18:00,0,0,0,17.154
2025-07-05 19:00,0,0,0,16.926
2025-07-05 20:00,0,0,0.005,16.808
2025-07-05 21:00,0.041,0,0.066,18.305
2025-07-05 22:00,0.151,0.043,0.145,20.328
2025-07-05 23:00,0.335,0.246,0.157,23.413
2025-07-06 00:00,0.492,0.459,0.151,26.747
2025-07-06 01:00,0.616,0.623,0.170,28.262
2025-07-06 02:00,0.697,0.742,0.183,29.316
2025-07-06 03:00,0.739,0.809,0.190,30.138
2025-07-06 04:00,0.739,0.810,0.192,30.640
2025-07-06 05:00,0.699,0.749,0.188,30.917
2025-07-06 06:00,0.619,0.632,0.178,30.928
2025-07-06 07:00,0.494,0.459,0.168,30.616
2025-07-06 08:00,0.332,0.256,0.156,30.019
2025-07-06 09:00,0.167,0.085,0.129,29.071
2025-07-06 10:00,0.045,0,0.074,27.341
2025-07-06 11:00,0,0,0.008,24.002
2025-07-06 12:00,0,0,0,22.276
2025-07-06 13:00,0,0,0,21.307
2025-07-06 14:00,0,0,0,20.538
2025-07-06 15:00,0,0,0,19.871
2025-07-06 16:00,0,0,0,19.255
2025-07-06 17:00,0,0,0,18.724
2025-07-06 18:00,0,0,0,18.266
2025-07-06 19:00,0,0,0,17.911
2025-07-06 20:00,0,0,0.005,17.729
2025-07-06 21:00,0.040,0,0.065,19.685
2025-07-06 22:00,0.145,0.068,0.115,22.142
2025-07-06 23:00,0.316,0.239,0.144,25.392
2025-07-07 00:00,0.467,0.386,0.197,28.455
2025-07-07 01:00,0.578,0.515,0.229,29.762
2025-07-07 02:00,0.644,0.589,0.259,30.733
2025-07-07 03:00,0.663,0.591,0.290,31.507
2025-07-07 04:00,0.675,0.626,0.280,32.132
2025-07-07 05:00,0.642,0.586,0.268,32.543
2025-07-07 06:00,0.511,0.352,0.305,32.422
2025-07-07 07:00,0.392,0.210,0.283,31.956
2025-07-07 08:00,0.277,0.120,0.227,31.278
2025-07-07 09:00,0.149,0.036,0.158,30.123
2025-07-07 10:00,0.047,0,0.076,28.125
2025-07-07 11:00,0,0,0.007,25.659
2025-07-07 12:00,0,0,0,24.134
2025-07-07 13:00,0,0,0,23.003
2025-07-07 14:00,0,0,0,22.091
2025-07-07 15:00,0,0,0,21.313
2025-07-07 16:00,0,0,0,20.784
2025-07-07 17:00,0,0,0,20.398
2025-07-07 18:00,0,0,0,20.292
2025-07-07 19:00,0,0,0,20.203
2025-07-07 20:00,0,0,0.004,20.064
2025-07-07 21:00,0.033,0,0.057,21.238
2025-07-07 22:00,0.102,0.008,0.127,22.342
2025-07-07 23:00,0.187,0.029,0.203,24.119
2025-07-08 00:00,0.344,0.132,0.288,26.627
2025-07-08 01:00,0.553,0.449,0.256,29.036
2025-07-08 02:00,0.619,0.526,0.284,30.655
2025-07-08 03:00,0.678,0.635,0.273,31.852
2025-07-08 04:00,0.708,0.720,0.243,32.801
2025-07-08 05:00,0.670,0.666,0.237,33.293
2025-07-08 06:00,0.588,0.547,0.228,33.339
2025-07-08 07:00,0.466,0.379,0.217,32.954
2025-07-08 08:00,0.295,0.156,0.214,32.005
2025-07-08 09:00,0.136,0.025,0.155,30.532
2025-07-08 10:00,0.032,0,0.059,28.525
2025-07-08 11:00,0,0,0.005,26.589
2025-07-08 12:00,0,0,0,25.347
2025-07-08 13:00,0,0,0,24.352
2025-07-08 14:00,0,0,0,23.669
2025-07-08 15:00,0,0,0,23.154
2025-07-08 16:00,0,0,0,22.650
2025-07-08 17:00,0,0,0,22.289
2025-07-08 18:00,0,0,0,21.934
2025-07-08 19:00,0,0,0,21.565
2025-07-08 20:00,0,0,0.004,21.395
2025-07-08 21:00,0.032,0,0.056,22.504
2025-07-08 22:00,0.125,0.019,0.143,24.272
2025-07-08 23:00,0.226,0.059,0.220,26.319
2025-07-09 00:00,0.306,0.084,0.291,27.711
2025-07-09 01:00,0.411,0.160,0.351,29.144
2025-07-09 02:00,0.520,0.292,0.373,30.719
2025-07-09 03:00,0.567,0.355,0.382,32.006
2025-07-09 04:00,0.589,0.408,0.367,33.027
2025-07-09 05:00,0.574,0.417,0.340,33.763
2025-07-09 06:00,0.501,0.331,0.319,34.072
2025-07-09 07:00,0.402,0.231,0.281,33.960
2025-07-09 08:00,0.290,0.145,0.222,33.487
2025-07-09 09:00,0.161,0.054,0.156,32.342
2025-07-09 10:00,0.047,0,0.077,29.941
2025-07-09 11:00,0,0,0.006,27.384
2025-07-09 12:00,0,0,0,26.308
2025-07-09 13:00,0,0,0,25.396
2025-07-09 14:00,0,0,0,24.636
2025-07-09 15:00,0,0,0,24.028
2025-07-09 16:00,0,0,0,23.587
2025-07-09 17:00,0,0,0,23.135
2025-07-09 18:00,0,0,0,22.600
2025-07-09 19:00,0,0,0,22.101
2025-07-09 20:00,0,0,0.004,21.737
2025-07-09 21:00,0.033,0,0.058,22.311
2025-07-09 22:00,0.119,0.014,0.141,23.800
2025-07-09 23:00,0.224,0.054,0.222,25.676
2025-07-10 00:00,0.327,0.097,0.303,27.370
2025-07-10 01:00,0.412,0.149,0.363,28.874
2025-07-10 02:00,0.478,0.199,0.404,30.192
2025-07-10 03:00,0.537,0.274,0.418,31.345
2025-07-10 04:00,0.519,0.242,0.426,32.085
2025-07-10 05:00,0.453,0.164,0.412,32.327
2025-07-10 06:00,0.401,0.135,0.372,32.400
2025-07-10 07:00,0.286,0.059,0.300,31.961
2025-07-10 08:00,0.191,0.027,0.217,31.279
2025-07-10 09:00,0.096,0.007,0.127,30.311
2025-07-10 10:00,0.030,0,0.056,28.732
2025-07-10 11:00,0,0,0.006,26.690
2025-07-10 12:00,0,0,0,25.526
2025-07-10 13:00,0,0,0,24.726
2025-07-10 14:00,0,0,0,23.964
2025-07-10 15:00,0,0,0,23.214
2025-07-10 16:00,0,0,0,22.755
2025-07-10 17:00,0,0,0,22.471
2025-07-10 18:00,0,0,0,22.221
2025-07-10 19:00,0,0,0,21.891
2025-07-10 20:00,0,0,0.003,21.558
2025-07-10 21:00,0.033,0,0.058,22.075
2025-07-10 22:00,0.123,0.014,0.146,23.481
2025-07-10 23:00,0.241,0.064,0.231,25.559
2025-07-11 00:00,0.376,0.182,0.280,27.738
2025-07-11 01:00,0.504,0.334,0.304,29.757
2025-07-11 02:00,0.591,0.455,0.316,31.491
2025-07-11 03:00,0.627,0.505,0.328,32.774
2025-07-11 04:00,0.607,0.456,0.349,33.526
2025-07-11 05:00,0.566,0.402,0.342,34.009
2025-07-11 06:00,0.458,0.246,0.343,33.962
2025-07-11 07:00,0.312,0.093,0.301,33.349
2025-07-11 08:00,0.216,0.047,0.228,32.630
2025-07-11 09:00,0.139,0.027,0.156,31.772
2025-07-11 10:00,0.044,0,0.073,29.977
2025-07-11 11:00,0,0,0.006,27.646
2025-07-11 12:00,0,0,0,26.710
2025-07-11 13:00,0,0,0,25.967
2025-07-11 14:00,0,0,0,25.135
2025-07-11 15:00,0,0,0,24.396
2025-07-11 16:00,0,0,0,23.798
2025-07-11 17:00,0,0,0,23.320
2025-07-11 18:00,0,0,0,22.951
2025-07-11 19:00,0,0,0,22.800
2025-07-11 20:00,0,0,0.003,22.759
2025-07-11 21:00,0.029,0,0.054,23.107
2025-07-11 22:00,0.141,0.038,0.143,24.801
2025-07-11 23:00,0.301,0.185,0.184,27.648
2025-07-12 00:00,0.461,0.393,0.188,30.562
2025-07-12 01:00,0.583,0.560,0.205,32.760
2025-07-12 02:00,0.665,0.687,0.215,34.331
2025-07-12 03:00,0.705,0.753,0.223,35.485
2025-07-12 04:00,0.699,0.741,0.230,36.159
2025-07-12 05:00,0.645,0.639,0.242,36.418
2025-07-12 06:00,0.527,0.425,0.271,36.171
2025-07-12 07:00,0.391,0.233,0.269,35.521
2025-07-12 08:00,0.208,0.048,0.220,34.059
2025-07-12 09:00,0.080,0.005,0.110,31.688
2025-07-12 10:00,0.030,0,0.056,28.881
2025-07-12 11:00,0,0,0.005,26.035
2025-07-12 12:00,0,0,0,24.215
2025-07-12 13:00,0,0,0,22.659
2025-07-12 14:00,0,0,0,21.398
2025-07-12 15:00,0,0,0,20.526
2025-07-12 16:00,0,0,0,19.973
2025-07-12 17:00,0,0,0,19.516
2025-07-12 18:00,0,0,0,19.073
2025-07-12 19:00,0,0,0,18.676
2025-07-12 20:00,0,0,0.004,18.359
2025-07-12 21:00,0.039,0,0.064,19.186
2025-07-12 22:00,0.147,0.070,0.114,20.962
2025-07-12 23:00,0.326,0.245,0.147,23.504
2025-07-13 00:00,0.489,0.443,0.159,25.128
2025-07-13 01:00,0.617,0.610,0.177,26.561
2025-07-13 02:00,0.701,0.734,0.189,27.895
2025-07-13 03:00,0.745,0.807,0.194,28.956
2025-07-13 04:00,0.746,0.814,0.194,29.627
2025-07-13 05:00,0.707,0.757,0.188,29.974
2025-07-13 06:00,0.623,0.631,0.181,30.016
2025-07-13 07:00,0.500,0.465,0.167,29.798
2025-07-13 08:00,0.341,0.274,0.148,29.289
2025-07-13 09:00,0.170,0.096,0.121,28.357
2025-07-13 10:00,0.044,0,0.071,26.225
2025-07-13 11:00,0,0,0.006,23.017
2025-07-13 12:00,0,0,0,21.692
2025-07-13 13:00,0,0,0,20.841
2025-07-13 14:00,0,0,0,20.299
2025-07-13 15:00,0,0,0,20.326
2025-07-13 16:00,0,0,0,19.994
2025-07-13 17:00,0,0,0,19.150
2025-07-13 18:00,0,0,0,18.147
2025-07-13 19:00,0,0,0,17.366
2025-07-13 20:00,0,0,0.004,16.808
2025-07-13 21:00,0.037,0,0.062,18.679
2025-07-13 22:00,0.130,0.030,0.135,20.868
2025-07-13 23:00,0.260,0.115,0.200,23.640
2025-07-14 00:00,0.379,0.187,0.274,25.742
2025-07-14 01:00,0.481,0.281,0.317,27.098
2025-07-14 02:00,0.644,0.570,0.267,28.569
2025-07-14 03:00,0.733,0.761,0.226,29.699
2025-07-14 04:00,0.734,0.764,0.228,30.270
2025-07-14 05:00,0.660,0.614,0.258,30.318
2025-07-14 06:00,0.555,0.440,0.271,30.080
2025-07-14 07:00,0.443,0.310,0.245,29.689
2025-07-14 08:00,0.266,0.101,0.228,28.739
2025-07-14 09:00,0.121,0.016,0.144,27.476
2025-07-14 10:00,0.036,0,0.062,25.540
2025-07-14 11:00,0,0,0.004,23.145
2025-07-14 12:00,0,0,0,22.190
2025-07-14 13:00,0,0,0,21.563
2025-07-14 14:00,0,0,0,21.014
2025-07-14 15:00,0,0,0,20.410
2025-07-14 16:00,0,0,0,19.683
2025-07-14 17:00,0,0,0,19.060
2025-07-14 18:00,0,0,0,18.463
2025-07-14 19:00,0,0,0,18.042
2025-07-14 20:00,0,0,0.003,17.618
2025-07-14 21:00,0.039,0,0.064,19.002
2025-07-14 22:00,0.125,0.019,0.141,20.931
2025-07-14 23:00,0.154,0.016,0.176,21.996
2025-07-15 00:00,0.183,0.012,0.214,23.057
2025-07-15 01:00,0.240,0.018,0.273,23.564
2025-07-15 02:00,0.324,0.038,0.354,24.217
2025-07-15 03:00,0.346,0.042,0.377,24.460
2025-07-15 04:00,0.300,0.026,0.335,23.957
2025-07-15 05:00,0.286,0.024,0.320,23.460
2025-07-15 06:00,0.254,0.020,0.286,23.002
2025-07-15 07:00,0.200,0.014,0.231,22.476
2025-07-15 08:00,0.122,0.006,0.152,21.645
2025-07-15 09:00,0.057,0.001,0.084,20.497
2025-07-15 10:00,0.013,0,0.033,19.297
2025-07-15 11:00,0,0,0.002,18.173
2025-07-15 12:00,0,0,0,17.554
2025-07-15 13:00,0,0,0,17.114
2025-07-15 14:00,0,0,0,16.704
2025-07-15 15:00,0,0,0,16.429
2025-07-15 16:00,0,0,0,16.224
2025-07-15 17:00,0,0,0,16.043
2025-07-15 18:00,0,0,0,15.804
2025-07-15 19:00,0,0,0,15.585
2025-07-15 20:00,0,0,0.001,15.348
2025-07-15 21:00,0.023,0,0.044,15.462
2025-07-15 22:00,0.110,0.007,0.134,16.329
2025-07-15 23:00,0.245,0.050,0.241,18.336
2025-07-16 00:00,0.388,0.180,0.281,20.842
2025-07-16 01:00,0.531,0.352,0.298,23.015
2025-07-16 02:00,0.633,0.503,0.299,24.694
2025-07-16 03:00,0.628,0.447,0.351,25.377
2025-07-16 04:00,0.589,0.357,0.383,25.397
2025-07-16 05:00,0.502,0.227,0.392,24.973
2025-07-16 06:00,0.431,0.166,0.358,24.519
2025-07-16 07:00,0.369,0.144,0.301,24.176
2025-07-16 08:00,0.259,0.080,0.234,23.749
2025-07-16 09:00,0.138,0.023,0.152,23.127
2025-07-16 10:00,0.041,0,0.067,21.851
2025-07-16 11:00,0,0,0.005,19.939
2025-07-16 12:00,0,0,0,19.215
2025-07-16 13:00,0,0,0,18.874
2025-07-16 14:00,0,0,0,18.743
2025-07-16 15:00,0,0,0,18.596
2025-07-16 16:00,0,0,0,18.278
2025-07-16 17:00,0,0,0,17.861
2025-07-16 18:00,0,0,0,17.471
2025-07-16 19:00,0,0,0,17.212
2025-07-16 20:00,0,0,0.002,17.043
2025-07-16 21:00,0.031,0,0.054,17.552
2025-07-16 22:00,0.127,0.019,0.142,18.949
2025-07-16 23:00,0.273,0.110,0.214,20.865
2025-07-17 00:00,0.433,0.303,0.220,22.853
2025-07-17 01:00,0.574,0.493,0.224,24.693
2025-07-17 02:00,0.659,0.611,0.237,26.151
2025-07-17 03:00,0.696,0.662,0.249,27.068
2025-07-17 04:00,0.700,0.671,0.249,27.564
2025-07-17 05:00,0.661,0.617,0.243,27.747
2025-07-17 06:00,0.584,0.516,0.228,27.625
2025-07-17 07:00,0.469,0.378,0.205,27.249
2025-07-17 08:00,0.327,0.229,0.170,26.640
2025-07-17 09:00,0.166,0.079,0.130,25.795
2025-07-17 10:00,0.043,0,0.069,24.362
2025-07-17 11:00,0,0,0.005,21.727
2025-07-17 12:00,0,0,0,20.738
2025-07-17 13:00,0,0,0,20.493
2025-07-17 14:00,0,0,0,20.597
2025-07-17 15:00,0,0,0,20.195
2025-07-17 16:00,0,0,0,19.223
2025-07-17 17:00,0,0,0,18.306
2025-07-17 18:00,0,0,0,17.798
2025-07-17 19:00,0,0,0,17.298
2025-07-17 20:00,0,0,0.003,16.991
2025-07-17 21:00,0.034,0,0.059,18.843
2025-07-17 22:00,0.141,0.069,0.108,21.256
2025-07-17 23:00,0.320,0.246,0.140,24.165
2025-07-18 00:00,0.483,0.428,0.169,26.349
2025-07-18 01:00,0.608,0.591,0.189,27.985
2025-07-18 02:00,0.690,0.708,0.204,29.234
2025-07-18 03:00,0.727,0.764,0.215,30.128
2025-07-18 04:00,0.723,0.754,0.222,30.629
2025-07-18 05:00,0.677,0.678,0.223,30.830
2025-07-18 06:00,0.599,0.570,0.210,30.801
2025-07-18 07:00,0.482,0.421,0.190,30.483
2025-07-18 08:00,0.331,0.247,0.163,29.931
2025-07-18 09:00,0.166,0.084,0.128,28.966
2025-07-18 10:00,0.042,0,0.069,26.963
2025-07-18 11:00,0,0,0.005,23.907
2025-07-18 12:00,0,0,0,22.732
2025-07-18 13:00,0,0,0,21.929
2025-07-18 14:00,0,0,0,21.197
2025-07-18 15:00,0,0,0,20.629
2025-07-18 16:00,0,0,0,20.255
2025-07-18 17:00,0,0,0,19.848
2025-07-18 18:00,0,0,0,19.338
2025-07-18 19:00,0,0,0,19.086
2025-07-18 20:00,0,0,0.002,18.977
2025-07-18 21:00,0.026,0,0.049,20.214
2025-07-18 22:00,0.104,0.011,0.125,21.524
2025-07-18 23:00,0.175,0.028,0.189,23.076
2025-07-19 00:00,0.211,0.019,0.240,24.500
2025-07-19 01:00,0.254,0.024,0.286,25.442
2025-07-19 02:00,0.359,0.060,0.379,26.668
2025-07-19 03:00,0.602,0.364,0.410,28.561
2025-07-19 04:00,0.674,0.541,0.349,29.855
2025-07-19 05:00,0.579,0.359,0.389,30.170
2025-07-19 06:00,0.353,0.072,0.365,29.330
2025-07-19 07:00,0.175,0.011,0.211,28.041
2025-07-19 08:00,0.090,0.003,0.121,26.765
2025-07-19 09:00,0.045,0.001,0.071,25.699
2025-07-19 10:00,0.017,0,0.039,24.729
2025-07-19 11:00,0,0,0.003,23.560
2025-07-19 12:00,0,0,0,22.702
2025-07-19 13:00,0,0,0,22.035
2025-07-19 14:00,0,0,0,21.513
2025-07-19 15:00,0,0,0,21.117
2025-07-19 16:00,0,0,0,20.792
2025-07-19 17:00,0,0,0,20.518
2025-07-19 18:00,0,0,0,20.155
2025-07-19 19:00,0,0,0,19.667
2025-07-19 20:00,0,0,0,19.161
2025-07-19 21:00,0.003,0,0.020,18.905
2025-07-19 22:00,0.056,0.001,0.082,18.762
2025-07-19 23:00,0.128,0.007,0.155,18.958
2025-07-20 00:00,0.191,0.015,0.216,19.505
2025-07-20 01:00,0.283,0.034,0.302,20.310
2025-07-20 02:00,0.353,0.055,0.364,21.277
2025-07-20 03:00,0.363,0.055,0.379,21.936
2025-07-20 04:00,0.473,0.140,0.433,22.837
2025-07-20 05:00,0.360,0.059,0.373,23.004
2025-07-20 06:00,0.222,0.017,0.253,22.536
2025-07-20 07:00,0.155,0.008,0.185,22.062
2025-07-20 08:00,0.110,0.005,0.139,21.615
2025-07-20 09:00,0.072,0.003,0.099,21.207
2025-07-20 10:00,0.033,0,0.057,20.565
2025-07-20 11:00,0,0,0.004,18.767
2025-07-20 12:00,0,0,0,17.677
2025-07-20 13:00,0,0,0,17.105
2025-07-20 14:00,0,0,0,16.757
2025-07-20 15:00,0,0,0,16.515
2025-07-20 16:00,0,0,0,16.325
2025-07-20 17:00,0,0,0,16.171
2025-07-20 18:00,0,0,0,16.048
2025-07-20 19:00,0,0,0,15.877
2025-07-20 20:00,0,0,0.002,15.670
2025-07-20 21:00,0.039,0,0.064,17.338
2025-07-20 22:00,0.150,0.048,0.138,20.179
2025-07-20 23:00,0.315,0.184,0.193,22.428
2025-07-21 00:00,0.458,0.379,0.184,26.023
2025-07-21 01:00,0.587,0.551,0.199,27.992
2025-07-21 02:00,0.687,0.711,0.197,29.172
2025-07-21 03:00,0.705,0.716,0.226,29.938
2025-07-21 04:00,0.705,0.716,0.229,30.412
2025-07-21 05:00,0.663,0.651,0.226,30.662
2025-07-21 06:00,0.592,0.562,0.207,30.717
2025-07-21 07:00,0.469,0.401,0.192,30.507
2025-07-21 08:00,0.332,0.260,0.152,30.043
2025-07-21 09:00,0.165,0.095,0.116,29.153
2025-07-21 10:00,0.038,0,0.064,26.667
2025-07-21 11:00,0,0,0.004,23.280
2025-07-21 12:00,0,0,0,22.173
2025-07-21 13:00,0,0,0,21.591
2025-07-21 14:00,0,0,0,21.107
2025-07-21 15:00,0,0,0,20.552
2025-07-21 16:00,0,0,0,19.912
2025-07-21 17:00,0,0,0,19.343
2025-07-21 18:00,0,0,0,18.784
2025-07-21 19:00,0,0,0,18.240
2025-07-21 20:00,0,0,0.002,17.746
2025-07-21 21:00,0.031,0,0.054,18.873
2025-07-21 22:00,0.138,0.071,0.103,21.049
2025-07-21 23:00,0.321,0.253,0.133,23.808
2025-07-22 00:00,0.485,0.450,0.154,27.522
2025-07-22 01:00,0.609,0.618,0.172,29.863
2025-07-22 02:00,0.692,0.741,0.185,31.074
2025-07-22 03:00,0.734,0.810,0.192,31.855
2025-07-22 04:00,0.735,0.814,0.193,32.295
2025-07-22 05:00,0.696,0.753,0.189,32.477
2025-07-22 06:00,0.616,0.634,0.179,32.358
2025-07-22 07:00,0.494,0.468,0.163,31.924
2025-07-22 08:00,0.336,0.278,0.143,31.093
2025-07-22 09:00,0.164,0.098,0.113,29.637
2025-07-22 10:00,0.037,0,0.063,26.782
2025-07-22 11:00,0,0,0.004,23.812
2025-07-22 12:00,0,0,0,22.974
2025-07-22 13:00,0,0,0,22.490
2025-07-22 14:00,0,0,0,21.887
2025-07-22 15:00,0,0,0,21.357
2025-07-22 16:00,0,0,0,20.737
2025-07-22 17:00,0,0,0,20.212
2025-07-22 18:00,0,0,0,19.800
2025-07-22 19:00,0,0,0,19.379
2025-07-22 20:00,0,0,0.001,18.963
2025-07-22 21:00,0.030,0,0.054,19.777
2025-07-22 22:00,0.133,0.055,0.115,21.711
2025-07-22 23:00,0.306,0.223,0.147,24.375
2025-07-23 00:00,0.469,0.396,0.184,26.614
2025-07-23 01:00,0.595,0.558,0.204,28.522
2025-07-23 02:00,0.676,0.677,0.219,30.073
2025-07-23 03:00,0.722,0.757,0.222,31.262
2025-07-23 04:00,0.719,0.751,0.226,32.062
2025-07-23 05:00,0.676,0.685,0.224,32.497
2025-07-23 06:00,0.585,0.544,0.223,32.548
2025-07-23 07:00,0.444,0.338,0.225,32.156
2025-07-23 08:00,0.306,0.198,0.186,31.479
2025-07-23 09:00,0.142,0.042,0.144,30.101
2025-07-23 10:00,0.036,0,0.063,28.063
2025-07-23 11:00,0,0,0.003,26.074
2025-07-23 12:00,0,0,0,25.376
2025-07-23 13:00,0,0,0,24.610
2025-07-23 14:00,0,0,0,23.836
2025-07-23 15:00,0,0,0,23.020
2025-07-23 16:00,0,0,0,22.392
2025-07-23 17:00,0,0,0,21.947
2025-07-23 18:00,0,0,0,21.595
2025-07-23 19:00,0,0,0,21.318
2025-07-23 20:00,0,0,0.001,21.090
2025-07-23 21:00,0.025,0,0.049,22.025
2025-07-23 22:00,0.106,0.014,0.127,23.681
2025-07-23 23:00,0.206,0.050,0.204,25.444
2025-07-24 00:00,0.246,0.032,0.271,26.581
2025-07-24 01:00,0.299,0.041,0.326,27.514
2025-07-24 02:00,0.418,0.105,0.414,28.871
2025-07-24 03:00,0.529,0.229,0.446,30.161
2025-07-24 04:00,0.498,0.182,0.452,30.707
2025-07-24 05:00,0.391,0.082,0.407,30.573
2025-07-24 06:00,0.235,0.019,0.275,29.656
2025-07-24 07:00,0.155,0.008,0.191,28.665
2025-07-24 08:00,0.130,0.008,0.163,28.010
2025-07-24 09:00,0.077,0.004,0.107,27.042
2025-07-24 10:00,0.012,0,0.032,25.495
2025-07-24 11:00,0,0,0.001,24.042
2025-07-24 12:00,0,0,0,23.162
2025-07-24 13:00,0,0,0,22.522
2025-07-24 14:00,0,0,0,22.066
2025-07-24 15:00,0,0,0,21.917
2025-07-24 16:00,0,0,0,22.167
2025-07-24 17:00,0,0,0,22.210
2025-07-24 18:00,0,0,0,22.028
2025-07-24 19:00,0,0,0,21.719
2025-07-24 20:00,0,0,0,21.464
2025-07-24 21:00,0.002,0,0.018,21.350
2025-07-24 22:00,0.030,0.001,0.053,21.614
2025-07-24 23:00,0.074,0.002,0.102,22.252
2025-07-25 00:00,0.131,0.005,0.163,23.110
2025-07-25 01:00,0.211,0.014,0.246,24.108
2025-07-25 02:00,0.275,0.024,0.311,25.175
2025-07-25 03:00,0.269,0.020,0.308,26.066
2025-07-25 04:00,0.273,0.021,0.313,26.755
2025-07-25 05:00,0.268,0.022,0.308,27.105
2025-07-25 06:00,0.265,0.026,0.300,27.338
2025-07-25 07:00,0.299,0.057,0.310,27.779
2025-07-25 08:00,0.223,0.039,0.238,27.629
2025-07-25 09:00,0.106,0.008,0.134,26.628
2025-07-25 10:00,0.014,0,0.035,25.083
2025-07-25 11:00,0,0,0.001,23.889
2025-07-25 12:00,0,0,0,23.408
2025-07-25 13:00,0,0,0,23.017
2025-07-25 14:00,0,0,0,22.739
2025-07-25 15:00,0,0,0,22.550
2025-07-25 16:00,0,0,0,22.292
2025-07-25 17:00,0,0,0,22.086
2025-07-25 18:00,0,0,0,21.834
2025-07-25 19:00,0,0,0,21.579
2025-07-25 20:00,0,0,0,21.290
2025-07-25 21:00,0.004,0,0.022,21.182
2025-07-25 22:00,0.072,0.003,0.099,21.588
2025-07-25 23:00,0.164,0.015,0.190,22.561
2025-07-26 00:00,0.235,0.025,0.260,23.695
2025-07-26 01:00,0.263,0.025,0.294,24.548
2025-07-26 02:00,0.272,0.022,0.308,25.047
2025-07-26 03:00,0.284,0.023,0.323,25.497
2025-07-26 04:00,0.291,0.025,0.330,25.886
2025-07-26 05:00,0.283,0.025,0.321,26.181
2025-07-26 06:00,0.302,0.038,0.331,26.645
2025-07-26 07:00,0.249,0.029,0.277,26.860
2025-07-26 08:00,0.137,0.008,0.169,26.576
2025-07-26 09:00,0.064,0.002,0.093,25.989
2025-07-26 10:00,0.010,0,0.029,25.008
2025-07-26 11:00,0,0,0.001,23.691
2025-07-26 12:00,0,0,0,22.993
2025-07-26 13:00,0,0,0,22.507
2025-07-26 14:00,0,0,0,22.089
2025-07-26 15:00,0,0,0,21.847
2025-07-26 16:00,0,0,0,21.746
2025-07-26 17:00,0,0,0,21.637
2025-07-26 18:00,0,0,0,21.504
2025-07-26 19:00,0,0,0,21.335
2025-07-26 20:00,0,0,0,21.155
2025-07-26 21:00,0.004,0,0.022,21.231
2025-07-26 22:00,0.041,0.001,0.066,21.475
2025-07-26 23:00,0.101,0.004,0.130,22.121
2025-07-27 00:00,0.168,0.010,0.199,23.266
2025-07-27 01:00,0.224,0.016,0.258,24.362
2025-07-27 02:00,0.279,0.025,0.313,25.225
2025-07-27 03:00,0.323,0.036,0.357,25.866
2025-07-27 04:00,0.385,0.065,0.406,26.548
2025-07-27 05:00,0.421,0.101,0.417,27.178
2025-07-27 06:00,0.392,0.102,0.380,27.519
2025-07-27 07:00,0.288,0.052,0.302,27.355
2025-07-27 08:00,0.175,0.018,0.203,26.798
2025-07-27 09:00,0.066,0.003,0.094,25.977
2025-07-27 10:00,0.004,0,0.022,24.833
2025-07-27 11:00,0,0,0.001,23.819
2025-07-27 12:00,0,0,0,23.314
2025-07-27 13:00,0,0,0,22.931
2025-07-27 14:00,0,0,0,22.603
2025-07-27 15:00,0,0,0,22.344
2025-07-27 16:00,0,0,0,22.047
2025-07-27 17:00,0,0,0,21.584
2025-07-27 18:00,0,0,0,21.292
2025-07-27 19:00,0,0,0,21.148
2025-07-27 20:00,0,0,0,20.946
2025-07-27 21:00,0.006,0,0.024,21.034
2025-07-27 22:00,0.046,0.001,0.071,21.392
2025-07-27 23:00,0.133,0.008,0.161,22.171
2025-07-28 00:00,0.236,0.030,0.256,23.277
2025-07-28 01:00,0.301,0.045,0.319,24.366
2025-07-28 02:00,0.372,0.072,0.380,25.367
2025-07-28 03:00,0.445,0.121,0.426,26.377
2025-07-28 04:00,0.505,0.195,0.436,27.286
2025-07-28 05:00,0.494,0.204,0.414,27.818
2025-07-28 06:00,0.484,0.246,0.360,28.171
2025-07-28 07:00,0.366,0.139,0.312,28.032
2025-07-28 08:00,0.229,0.051,0.233,27.487
2025-07-28 09:00,0.111,0.012,0.137,26.566
2025-07-28 10:00,0.023,0,0.046,25.234
2025-07-28 11:00,0,0,0.001,23.693
2025-07-28 12:00,0,0,0,23.168
2025-07-28 13:00,0,0,0,22.896
2025-07-28 14:00,0,0,0,22.693
2025-07-28 15:00,0,0,0,22.417
2025-07-28 16:00,0,0,0,22.188
2025-07-28 17:00,0,0,0,21.951
2025-07-28 18:00,0,0,0,21.826
2025-07-28 19:00,0,0,0,21.756
2025-07-28 20:00,0,0,0,21.619
2025-07-28 21:00,0.001,0,0.018,21.508
2025-07-28 22:00,0.032,0.001,0.055,21.725
2025-07-28 23:00,0.074,0.003,0.102,22.219
2025-07-29 00:00,0.125,0.006,0.155,22.833
2025-07-29 01:00,0.159,0.008,0.191,23.342
2025-07-29 02:00,0.225,0.016,0.258,23.657
2025-07-29 03:00,0.261,0.021,0.294,23.821
2025-07-29 04:00,0.257,0.020,0.291,23.953
2025-07-29 05:00,0.274,0.026,0.305,24.187
2025-07-29 06:00,0.250,0.025,0.279,24.135
2025-07-29 07:00,0.238,0.030,0.260,23.933
2025-07-29 08:00,0.237,0.056,0.232,23.667
2025-07-29 09:00,0.145,0.031,0.152,22.969
2025-07-29 10:00,0.034,0,0.059,21.514
2025-07-29 11:00,0,0,0.001,19.717
2025-07-29 12:00,0,0,0,19.580
2025-07-29 13:00,0,0,0,19.414
2025-07-29 14:00,0,0,0,19.104
2025-07-29 15:00,0,0,0,18.152
2025-07-29 16:00,0,0,0,17.183
2025-07-29 17:00,0,0,0,16.188
2025-07-29 18:00,0,0,0,15.073
2025-07-29 19:00,0,0,0,14.048
2025-07-29 20:00,0,0,0.001,13.219
2025-07-29 21:00,0.031,0,0.054,14.084
2025-07-29 22:00,0.147,0.058,0.123,16.561
2025-07-29 23:00,0.332,0.222,0.168,19.181
2025-07-30 00:00,0.501,0.449,0.159,22.330
2025-07-30 01:00,0.632,0.616,0.180,23.747
2025-07-30 02:00,0.719,0.738,0.195,24.828
2025-07-30 03:00,0.756,0.791,0.209,25.730
2025-07-30 04:00,0.757,0.797,0.209,26.493
2025-07-30 05:00,0.707,0.716,0.211,27.021
2025-07-30 06:00,0.614,0.579,0.207,27.297
2025-07-30 07:00,0.468,0.375,0.206,27.240
2025-07-30 08:00,0.311,0.202,0.178,26.897
2025-07-30 09:00,0.152,0.064,0.129,26.236
2025-07-30 10:00,0.030,0,0.055,24.430
2025-07-30 11:00,0,0,0.001,22.704
2025-07-30 12:00,0,0,0,21.222
2025-07-30 13:00,0,0,0,20.107
2025-07-30 14:00,0,0,0,19.561
2025-07-30 15:00,0,0,0,18.983
2025-07-30 16:00,0,0,0,18.339
2025-07-30 17:00,0,0,0,17.723
2025-07-30 18:00,0,0,0,17.477
2025-07-30 19:00,0,0,0,17.437
2025-07-30 20:00,0,0,0,17.183
2025-07-30 21:00,0.014,0,0.035,17.677
2025-07-30 22:00,0.086,0.008,0.109,19.331
2025-07-30 23:00,0.253,0.107,0.196,21.075
2025-07-31 00:00,0.451,0.335,0.215,24.503
2025-07-31 01:00,0.553,0.432,0.262,26.359
2025-07-31 02:00,0.568,0.381,0.337,27.178
2025-07-31 03:00,0.590,0.388,0.364,27.741
2025-07-31 04:00,0.551,0.308,0.389,27.949
2025-07-31 05:00,0.516,0.275,0.374,28.039
2025-07-31 06:00,0.404,0.150,0.348,27.813
2025-07-31 07:00,0.255,0.048,0.266,27.171
2025-07-31 08:00,0.167,0.023,0.188,26.363
2025-07-31 09:00,0.118,0.020,0.135,25.478
2025-07-31 10:00,0.032,0,0.057,23.510
2025-07-31 11:00,0,0,0.001,21.263
2025-07-31 12:00,0,0,0,20.576
2025-07-31 13:00,0,0,0,20.020
2025-07-31 14:00,0,0,0,19.415
2025-07-31 15:00,0,0,0,18.864
2025-07-31 16:00,0,0,0,18.426
2025-07-31 17:00,0,0,0,18.061
2025-07-31 18:00,0,0,0,17.718
2025-07-31 19:00,0,0,0,17.384
2025-07-31 20:00,0,0,0,17.116
2025-07-31 21:00,0.024,0,0.047,18.081
2025-07-31 22:00,0.130,0.040,0.124,19.791
2025-07-31 23:00,0.303,0.193,0.169,22.041
2025-08-01 00:00,0.479,0.412,0.176,24.843
2025-08-01 01:00,0.605,0.573,0.199,27.086
2025-08-01 02:00,0.687,0.687,0.217,28.519
2025-08-01 03:00,0.726,0.747,0.227,29.609
2025-08-01 04:00,0.723,0.742,0.232,30.338
2025-08-01 05:00,0.677,0.670,0.231,30.721
2025-08-01 06:00,0.588,0.540,0.224,30.813
2025-08-01 07:00,0.459,0.368,0.210,30.592
2025-08-01 08:00,0.304,0.198,0.181,30.051
2025-08-01 09:00,0.134,0.040,0.136,28.721
2025-08-01 10:00,0.025,0,0.050,26.394
2025-08-01 11:00,0,0,0.001,24.679
2025-08-01 12:00,0,0,0,24.249
2025-08-01 13:00,0,0,0,23.603
2025-08-01 14:00,0,0,0,23.001
2025-08-01 15:00,0,0,0,22.574
2025-08-01 16:00,0,0,0,22.234
2025-08-01 17:00,0,0,0,21.816
2025-08-01 18:00,0,0,0,21.323
2025-08-01 19:00,0,0,0,20.969
2025-08-01 20:00,0,0,0,20.400
2025-08-01 21:00,0.018,0,0.039,20.664
2025-08-01 22:00,0.081,0.007,0.105,21.664
2025-08-01 23:00,0.175,0.031,0.186,23.147
2025-08-02 00:00,0.257,0.043,0.270,24.881
2025-08-02 01:00,0.322,0.061,0.332,26.466
2025-08-02 02:00,0.443,0.146,0.403,28.077
2025-08-02 03:00,0.610,0.409,0.382,29.783
2025-08-02 04:00,0.604,0.399,0.388,30.696
2025-08-02 05:00,0.453,0.160,0.410,30.619
2025-08-02 06:00,0.363,0.093,0.359,30.316
2025-08-02 07:00,0.288,0.063,0.295,29.865
2025-08-02 08:00,0.192,0.031,0.212,28.971
2025-08-02 09:00,0.074,0.004,0.102,27.330
2025-08-02 10:00,0.009,0,0.029,25.612
2025-08-02 11:00,0,0,0,24.343
2025-08-02 12:00,0,0,0,23.779
2025-08-02 13:00,0,0,0,23.420
2025-08-02 14:00,0,0,0,22.966
2025-08-02 15:00,0,0,0,22.461
2025-08-02 16:00,0,0,0,21.791
2025-08-02 17:00,0,0,0,20.941
2025-08-02 18:00,0,0,0,20.180
2025-08-02 19:00,0,0,0,19.611
2025-08-02 20:00,0,0,0,19.254
2025-08-02 21:00,0.003,0,0.020,19.238
2025-08-02 22:00,0.050,0.002,0.075,19.628
2025-08-02 23:00,0.141,0.012,0.165,20.413
2025-08-03 00:00,0.313,0.102,0.272,21.918
2025-08-03 01:00,0.570,0.468,0.241,24.157
2025-08-03 02:00,0.689,0.667,0.227,26.076
2025-08-03 03:00,0.723,0.711,0.243,27.175
2025-08-03 04:00,0.714,0.690,0.253,27.747
2025-08-03 05:00,0.677,0.642,0.244,28.074
2025-08-03 06:00,0.592,0.526,0.231,28.120
2025-08-03 07:00,0.465,0.366,0.212,27.873
2025-08-03 08:00,0.304,0.187,0.185,27.312
2025-08-03 09:00,0.150,0.064,0.128,26.496
2025-08-03 10:00,0.029,0,0.053,24.578
2025-08-03 11:00,0,0,0.001,21.998
2025-08-03 12:00,0,0,0,20.886
2025-08-03 13:00,0,0,0,19.987
2025-08-03 14:00,0,0,0,19.256
2025-08-03 15:00,0,0,0,18.695
2025-08-03 16:00,0,0,0,18.121
2025-08-03 17:00,0,0,0,17.746
2025-08-03 18:00,0,0,0,17.678
2025-08-03 19:00,0,0,0,17.760
2025-08-03 20:00,0,0,0,17.746
2025-08-03 21:00,0.009,0,0.028,18.058
2025-08-03 22:00,0.075,0.005,0.098,18.922
2025-08-03 23:00,0.192,0.040,0.193,20.491
2025-08-04 00:00,0.293,0.068,0.282,21.977
2025-08-04 01:00,0.418,0.152,0.353,23.375
2025-08-04 02:00,0.533,0.275,0.384,24.808
2025-08-04 03:00,0.603,0.377,0.386,25.949
2025-08-04 04:00,0.610,0.393,0.384,26.711
2025-08-04 05:00,0.557,0.324,0.379,27.109
2025-08-04 06:00,0.448,0.195,0.359,27.123
2025-08-04 07:00,0.295,0.068,0.292,26.698
2025-08-04 08:00,0.137,0.011,0.165,25.707
2025-08-04 09:00,0.080,0.006,0.107,24.863
2025-08-04 10:00,0.005,0,0.023,23.313
2025-08-04 11:00,0,0,0,22.172
2025-08-04 12:00,0,0,0,21.640
2025-08-04 13:00,0,0,0,21.132
2025-08-04 14:00,0,0,0,20.726
2025-08-04 15:00,0,0,0,20.518
2025-08-04 16:00,0,0,0,20.393
2025-08-04 17:00,0,0,0,20.224
2025-08-04 18:00,0,0,0,20.146
2025-08-04 19:00,0,0,0,19.977
2025-08-04 20:00,0,0,0,19.713
2025-08-04 21:00,0.001,0,0.017,19.636
2025-08-04 22:00,0.060,0.003,0.086,20.028
2025-08-04 23:00,0.211,0.046,0.209,21.157
2025-08-05 00:00,0.376,0.202,0.249,22.865
2025-08-05 01:00,0.531,0.397,0.259,24.462
2025-08-05 02:00,0.652,0.587,0.248,25.659
2025-08-05 03:00,0.698,0.657,0.254,26.547
2025-08-05 04:00,0.711,0.691,0.245,27.245
2025-08-05 05:00,0.678,0.657,0.230,27.756
2025-08-05 06:00,0.593,0.541,0.218,27.985
2025-08-05 07:00,0.462,0.371,0.203,27.891
2025-08-05 08:00,0.299,0.191,0.177,27.478
2025-08-05 09:00,0.145,0.066,0.121,26.626
2025-08-05 10:00,0.026,0,0.050,25.012
2025-08-05 11:00,0,0,0,23.633
2025-08-05 12:00,0,0,0,22.403
2025-08-05 13:00,0,0,0,20.956
2025-08-05 14:00,0,0,0,19.940
2025-08-05 15:00,0,0,0,19.372
2025-08-05 16:00,0,0,0,19.005
2025-08-05 17:00,0,0,0,18.676
2025-08-05 18:00,0,0,0,18.308
2025-08-05 19:00,0,0,0,17.810
2025-08-05 20:00,0,0,0,17.212
2025-08-05 21:00,0.012,0,0.031,17.373
2025-08-05 22:00,0.126,0.055,0.104,18.398
2025-08-05 23:00,0.317,0.239,0.136,20.291
2025-08-06 00:00,0.489,0.433,0.161,22.805
2025-08-06 01:00,0.619,0.599,0.183,24.665
2025-08-06 02:00,0.694,0.692,0.209,25.763
2025-08-06 03:00,0.720,0.712,0.233,26.490
2025-08-06 04:00,0.688,0.632,0.264,26.854
2025-08-06 05:00,0.653,0.591,0.252,27.118
2025-08-06 06:00,0.559,0.457,0.247,27.078
2025-08-06 07:00,0.422,0.285,0.234,26.559
2025-08-06 08:00,0.281,0.154,0.189,25.644
2025-08-06 09:00,0.140,0.056,0.124,24.475
2025-08-06 10:00,0.024,0,0.048,22.714
2025-08-06 11:00,0,0,0,20.616
2025-08-06 12:00,0,0,0,19.868
2025-08-06 13:00,0,0,0,19.892
2025-08-06 14:00,0,0,0,19.305
2025-08-06 15:00,0,0,0,18.474
2025-08-06 16:00,0,0,0,18.241
2025-08-06 17:00,0,0,0,18.008
2025-08-06 18:00,0,0,0,17.566
2025-08-06 19:00,0,0,0,16.882
2025-08-06 20:00,0,0,0,16.097
2025-08-06 21:00,0.010,0,0.030,16.229
2025-08-06 22:00,0.127,0.063,0.098,18.148
2025-08-06 23:00,0.316,0.242,0.133,20.746
2025-08-07 00:00,0.488,0.424,0.170,23.446
2025-08-07 01:00,0.621,0.593,0.192,25.020
2025-08-07 02:00,0.709,0.718,0.207,26.039
2025-08-07 03:00,0.755,0.790,0.214,26.795
2025-08-07 04:00,0.746,0.768,0.224,27.220
2025-08-07 05:00,0.677,0.639,0.243,27.375
2025-08-07 06:00,0.572,0.477,0.247,27.292
2025-08-07 07:00,0.436,0.305,0.232,26.955
2025-08-07 08:00,0.270,0.130,0.201,26.285
2025-08-07 09:00,0.126,0.034,0.130,25.361
2025-08-07 10:00,0.022,0,0.045,23.426
2025-08-07 11:00,0,0,0,22.071
2025-08-07 12:00,0,0,0,21.250
2025-08-07 13:00,0,0,0,20.383
2025-08-07 14:00,0,0,0,19.531
2025-08-07 15:00,0,0,0,18.916
2025-08-07 16:00,0,0,0,18.456
2025-08-07 17:00,0,0,0,18.148
2025-08-07 18:00,0,0,0,17.924
2025-08-07 19:00,0,0,0,17.800
2025-08-07 20:00,0,0,0,17.663
2025-08-07 21:00,0.007,0,0.026,18.253
2025-08-07 22:00,0.076,0.007,0.099,19.561
2025-08-07 23:00,0.162,0.026,0.175,20.789
2025-08-08 00:00,0.234,0.030,0.252,22.129
2025-08-08 01:00,0.249,0.025,0.275,22.799
2025-08-08 02:00,0.251,0.020,0.282,23.245
2025-08-08 03:00,0.229,0.015,0.264,23.536
2025-08-08 04:00,0.174,0.008,0.208,23.506
2025-08-08 05:00,0.176,0.008,0.210,23.591
2025-08-08 06:00,0.180,0.010,0.213,23.798
2025-08-08 07:00,0.165,0.011,0.196,23.826
2025-08-08 08:00,0.136,0.010,0.164,23.521
2025-08-08 09:00,0.073,0.004,0.099,22.760
2025-08-08 10:00,0.009,0,0.029,21.426
2025-08-08 11:00,0,0,0,20.214
2025-08-08 12:00,0,0,0,19.765
2025-08-08 13:00,0,0,0,19.293
2025-08-08 14:00,0,0,0,18.842
2025-08-08 15:00,0,0,0,18.463
2025-08-08 16:00,0,0,0,17.911
2025-08-08 17:00,0,0,0,17.308
2025-08-08 18:00,0,0,0,16.783
2025-08-08 19:00,0,0,0,16.318
2025-08-08 20:00,0,0,0,15.840
2025-08-08 21:00,0.014,0,0.033,15.894
2025-08-08 22:00,0.136,0.049,0.121,17.358
2025-08-08 23:00,0.321,0.206,0.173,19.906
2025-08-09 00:00,0.495,0.458,0.143,22.326
2025-08-09 01:00,0.632,0.634,0.161,23.687
2025-08-09 02:00,0.721,0.763,0.174,24.722
2025-08-09 03:00,0.764,0.830,0.182,25.616
2025-08-09 04:00,0.764,0.833,0.184,26.332
2025-08-09 05:00,0.721,0.770,0.179,26.786
2025-08-09 06:00,0.634,0.647,0.168,26.994
2025-08-09 07:00,0.504,0.476,0.152,26.967
2025-08-09 08:00,0.334,0.279,0.129,26.500
2025-08-09 09:00,0.149,0.093,0.098,25.348
2025-08-09 10:00,0.020,0,0.042,22.689
2025-08-09 11:00,0,0,0,20.909
2025-08-09 12:00,0,0,0,20.204
2025-08-09 13:00,0,0,0,19.185
2025-08-09 14:00,0,0,0,18.065
2025-08-09 15:00,0,0,0,17.197
2025-08-09 16:00,0,0,0,16.472
2025-08-09 17:00,0,0,0,15.794
2025-08-09 18:00,0,0,0,15.190
2025-08-09 19:00,0,0,0,14.747
2025-08-09 20:00,0,0,0,14.384
2025-08-09 21:00,0.007,0,0.026,14.929
2025-08-09 22:00,0.121,0.064,0.090,17.832
2025-08-09 23:00,0.313,0.247,0.123,20.070
2025-08-10 00:00,0.484,0.421,0.170,23.724
2025-08-10 01:00,0.613,0.585,0.193,25.873
2025-08-10 02:00,0.698,0.703,0.211,27.211
2025-08-10 03:00,0.742,0.773,0.218,28.236
2025-08-10 04:00,0.739,0.767,0.223,28.856
2025-08-10 05:00,0.684,0.674,0.229,29.170
2025-08-10 06:00,0.568,0.484,0.243,29.144
2025-08-10 07:00,0.407,0.259,0.246,28.699
2025-08-10 08:00,0.220,0.069,0.204,27.643
2025-08-10 09:00,0.069,0.006,0.094,25.697
2025-08-10 10:00,0.002,0,0.019,23.566
2025-08-10 11:00,0,0,0,22.198
2025-08-10 12:00,0,0,0,21.520
2025-08-10 13:00,0,0,0,20.956
2025-08-10 14:00,0,0,0,20.424
2025-08-10 15:00,0,0,0,19.977
2025-08-10 16:00,0,0,0,19.185
2025-08-10 17:00,0,0,0,18.462
2025-08-10 18:00,0,0,0,18.142
2025-08-10 19:00,0,0,0,17.926
2025-08-10 20:00,0,0,0,17.559
2025-08-10 21:00,0.007,0,0.025,17.546
2025-08-10 22:00,0.103,0.021,0.113,18.872
2025-08-10 23:00,0.246,0.107,0.188,20.633
2025-08-11 00:00,0.462,0.376,0.185,23.725
2025-08-11 01:00,0.599,0.555,0.202,25.845
2025-08-11 02:00,0.680,0.661,0.224,27.121
2025-08-11 03:00,0.677,0.611,0.273,27.844
2025-08-11 04:00,0.533,0.298,0.373,27.768
2025-08-11 05:00,0.377,0.106,0.356,27.133
2025-08-11 06:00,0.396,0.157,0.328,26.997
2025-08-11 07:00,0.398,0.240,0.249,27.059
2025-08-11 08:00,0.270,0.138,0.192,26.426
2025-08-11 09:00,0.124,0.038,0.124,25.128
2025-08-11 10:00,0.015,0,0.037,23.235
2025-08-11 11:00,0,0,0,21.753
2025-08-11 12:00,0,0,0,20.853
2025-08-11 13:00,0,0,0,20.274
2025-08-11 14:00,0,0,0,19.867
2025-08-11 15:00,0,0,0,19.460
2025-08-11 16:00,0,0,0,18.961
2025-08-11 17:00,0,0,0,18.346
2025-08-11 18:00,0,0,0,17.583
2025-08-11 19:00,0,0,0,16.694
2025-08-11 20:00,0,0,0,15.694
2025-08-11 21:00,0.007,0,0.026,15.756
2025-08-11 22:00,0.123,0.059,0.097,18.238
2025-08-11 23:00,0.315,0.241,0.133,20.830
2025-08-12 00:00,0.485,0.390,0.202,23.778
2025-08-12 01:00,0.611,0.538,0.235,25.477
2025-08-12 02:00,0.688,0.631,0.265,26.876
2025-08-12 03:00,0.691,0.592,0.314,27.848
2025-08-12 04:00,0.538,0.262,0.417,27.880
2025-08-12 05:00,0.271,0.029,0.304,26.939
2025-08-12 06:00,0.181,0.012,0.215,26.148
2025-08-12 07:00,0.128,0.007,0.159,25.458
2025-08-12 08:00,0.070,0.003,0.098,24.551
2025-08-12 09:00,0.023,0.001,0.046,23.335
2025-08-12 10:00,0,0,0.012,21.974
2025-08-12 11:00,0,0,0,20.848
2025-08-12 12:00,0,0,0,20.190
2025-08-12 13:00,0,0,0,19.724
2025-08-12 14:00,0,0,0,19.234
2025-08-12 15:00,0,0,0,18.752
2025-08-12 16:00,0,0,0,18.283
2025-08-12 17:00,0,0,0,17.915
2025-08-12 18:00,0,0,0,17.779
2025-08-12 19:00,0,0,0,17.543
2025-08-12 20:00,0,0,0,17.448
2025-08-12 21:00,0,0,0.008,17.527
2025-08-12 22:00,0.027,0.001,0.049,18.229
2025-08-12 23:00,0.110,0.007,0.135,19.080
2025-08-13 00:00,0.291,0.086,0.259,20.870
2025-08-13 01:00,0.520,0.364,0.272,23.070
2025-08-13 02:00,0.540,0.331,0.337,24.314
2025-08-13 03:00,0.498,0.229,0.384,24.549
2025-08-13 04:00,0.488,0.212,0.387,24.596
2025-08-13 05:00,0.475,0.216,0.366,24.843
2025-08-13 06:00,0.527,0.375,0.280,25.468
2025-08-13 07:00,0.428,0.290,0.233,25.670
2025-08-13 08:00,0.281,0.157,0.185,25.426
2025-08-13 09:00,0.133,0.052,0.119,24.894
2025-08-13 10:00,0.016,0,0.038,23.039
2025-08-13 11:00,0,0,0,20.961
2025-08-13 12:00,0,0,0,19.516
2025-08-13 13:00,0,0,0,18.500
2025-08-13 14:00,0,0,0,17.832
2025-08-13 15:00,0,0,0,17.298
2025-08-13 16:00,0,0,0,16.615
2025-08-13 17:00,0,0,0,16.007
2025-08-13 18:00,0,0,0,15.376
2025-08-13 19:00,0,0,0,14.754
2025-08-13 20:00,0,0,0,14.226
2025-08-13 21:00,0.006,0,0.024,14.524
2025-08-13 22:00,0.123,0.060,0.095,17.440
2025-08-13 23:00,0.318,0.242,0.133,19.447
2025-08-14 00:00,0.497,0.459,0.146,22.880
2025-08-14 01:00,0.629,0.635,0.166,25.796
2025-08-14 02:00,0.716,0.761,0.181,27.012
2025-08-14 03:00,0.757,0.824,0.191,27.896
2025-08-14 04:00,0.748,0.803,0.201,28.415
2025-08-14 05:00,0.685,0.690,0.212,28.581
2025-08-14 06:00,0.574,0.509,0.222,28.370
2025-08-14 07:00,0.449,0.358,0.199,27.900
2025-08-14 08:00,0.296,0.200,0.162,27.071
2025-08-14 09:00,0.130,0.057,0.111,25.707
2025-08-14 10:00,0.014,0,0.035,23.237
2025-08-14 11:00,0,0,0,21.699
2025-08-14 12:00,0,0,0,21.363
2025-08-14 13:00,0,0,0,20.907
2025-08-14 14:00,0,0,0,20.468
2025-08-14 15:00,0,0,0,20.121
2025-08-14 16:00,0,0,0,19.681
2025-08-14 17:00,0,0,0,19.257
2025-08-14 18:00,0,0,0,18.934
2025-08-14 19:00,0,0,0,18.765
2025-08-14 20:00,0,0,0,18.654
2025-08-14 21:00,0.004,0,0.022,18.679
2025-08-14 22:00,0.097,0.024,0.105,19.458
2025-08-14 23:00,0.257,0.139,0.168,20.887
2025-08-15 00:00,0.410,0.250,0.243,22.873
2025-08-15 01:00,0.511,0.333,0.296,24.615
2025-08-15 02:00,0.570,0.377,0.339,25.865
2025-08-15 03:00,0.593,0.386,0.367,26.816
2025-08-15 04:00,0.548,0.300,0.391,27.441
2025-08-15 05:00,0.482,0.218,0.382,27.639
2025-08-15 06:00,0.419,0.175,0.342,27.579
2025-08-15 07:00,0.267,0.060,0.268,26.914
2025-08-15 08:00,0.142,0.016,0.166,25.855
2025-08-15 09:00,0.072,0.006,0.097,24.743
2025-08-15 10:00,0,0,0.014,23.153
2025-08-15 11:00,0,0,0,22.296
2025-08-15 12:00,0,0,0,21.962
2025-08-15 13:00,0,0,0,21.332
2025-08-15 14:00,0,0,0,20.902
2025-08-15 15:00,0,0,0,20.815
2025-08-15 16:00,0,0,0,20.747
2025-08-15 17:00,0,0,0,20.564
2025-08-15 18:00,0,0,0,20.362
2025-08-15 19:00,0,0,0,20.125
2025-08-15 20:00,0,0,0,19.873
2025-08-15 21:00,0,0,0.014,19.837
2025-08-15 22:00,0.046,0.002,0.070,20.565
2025-08-15 23:00,0.119,0.011,0.142,21.174
2025-08-16 00:00,0.234,0.045,0.238,22.062
2025-08-16 01:00,0.333,0.088,0.312,23.203
2025-08-16 02:00,0.417,0.142,0.363,24.299
2025-08-16 03:00,0.464,0.180,0.389,25.237
2025-08-16 04:00,0.505,0.240,0.387,26.029
2025-08-16 05:00,0.523,0.299,0.354,26.692
2025-08-16 06:00,0.504,0.333,0.295,27.132
2025-08-16 07:00,0.394,0.232,0.252,27.145
2025-08-16 08:00,0.254,0.117,0.196,26.774
2025-08-16 09:00,0.116,0.034,0.119,25.971
2025-08-16 10:00,0.011,0,0.031,24.011
2025-08-16 11:00,0,0,0,22.430
2025-08-16 12:00,0,0,0,21.590
2025-08-16 13:00,0,0,0,20.901
2025-08-16 14:00,0,0,0,20.079
2025-08-16 15:00,0,0,0,19.090
2025-08-16 16:00,0,0,0,18.217
2025-08-16 17:00,0,0,0,17.615
2025-08-16 18:00,0,0,0,16.992
2025-08-16 19:00,0,0,0,16.437
2025-08-16 20:00,0,0,0,16.142
2025-08-16 21:00,0.004,0,0.022,16.142
2025-08-16 22:00,0.109,0.034,0.106,17.737
2025-08-16 23:00,0.285,0.178,0.160,20.089
2025-08-17 00:00,0.437,0.326,0.199,22.388
2025-08-17 01:00,0.552,0.445,0.238,24.120
2025-08-17 02:00,0.574,0.414,0.305,25.285
2025-08-17 03:00,0.606,0.443,0.326,26.210
2025-08-17 04:00,0.656,0.558,0.290,27.030
2025-08-17 05:00,0.672,0.641,0.235,27.658
2025-08-17 06:00,0.592,0.542,0.215,27.843
2025-08-17 07:00,0.444,0.341,0.208,27.612
2025-08-17 08:00,0.260,0.134,0.185,26.870
2025-08-17 09:00,0.098,0.021,0.112,25.269
2025-08-17 10:00,0.004,0,0.022,23.061
2025-08-17 11:00,0,0,0,21.859
2025-08-17 12:00,0,0,0,21.019
2025-08-17 13:00,0,0,0,20.125
2025-08-17 14:00,0,0,0,19.327
2025-08-17 15:00,0,0,0,18.610
2025-08-17 16:00,0,0,0,18.037
2025-08-17 17:00,0,0,0,17.685
2025-08-17 18:00,0,0,0,17.543
2025-08-17 19:00,0,0,0,17.489
2025-08-17 20:00,0,0,0,17.531
2025-08-17 21:00,0.002,0,0.018,17.732
2025-08-17 22:00,0.086,0.016,0.100,19.068
2025-08-17 23:00,0.205,0.067,0.181,20.969
2025-08-18 00:00,0.378,0.207,0.249,23.472
2025-08-18 01:00,0.487,0.305,0.296,25.766
2025-08-18 02:00,0.567,0.395,0.325,27.702
2025-08-18 03:00,0.599,0.426,0.346,28.998
2025-08-18 04:00,0.579,0.385,0.360,29.738
2025-08-18 05:00,0.543,0.349,0.345,30.162
2025-08-18 06:00,0.486,0.310,0.305,30.333
2025-08-18 07:00,0.335,0.143,0.273,29.903
2025-08-18 08:00,0.210,0.063,0.200,29.096
2025-08-18 09:00,0.080,0.010,0.103,27.531
2025-08-18 10:00,0.003,0,0.021,25.163
2025-08-18 11:00,0,0,0,23.629
2025-08-18 12:00,0,0,0,22.791
2025-08-18 13:00,0,0,0,22.108
2025-08-18 14:00,0,0,0,21.752
2025-08-18 15:00,0,0,0,21.221
2025-08-18 16:00,0,0,0,20.599
2025-08-18 17:00,0,0,0,19.963
2025-08-18 18:00,0,0,0,19.730
2025-08-18 19:00,0,0,0,19.244
2025-08-18 20:00,0,0,0,18.813
2025-08-18 21:00,0,0,0.013,18.928
2025-08-18 22:00,0.042,0.002,0.066,20.447
2025-08-18 23:00,0.094,0.007,0.119,21.635
2025-08-19 00:00,0.156,0.012,0.184,22.654
2025-08-19 01:00,0.238,0.026,0.263,24.462
2025-08-19 02:00,0.326,0.055,0.343,26.307
2025-08-19 03:00,0.385,0.085,0.389,27.549
2025-08-19 04:00,0.376,0.078,0.385,27.963
2025-08-19 05:00,0.293,0.038,0.321,27.587
2025-08-19 06:00,0.210,0.018,0.243,26.802
2025-08-19 07:00,0.176,0.016,0.205,26.287
2025-08-19 08:00,0.131,0.012,0.158,25.968
2025-08-19 09:00,0.050,0.003,0.075,24.806
2025-08-19 10:00,0,0,0.016,23.173
2025-08-19 11:00,0,0,0,22.312
2025-08-19 12:00,0,0,0,21.823
2025-08-19 13:00,0,0,0,21.201
2025-08-19 14:00,0,0,0,20.510
2025-08-19 15:00,0,0,0,19.893
2025-08-19 16:00,0,0,0,19.283
2025-08-19 17:00,0,0,0,18.650
2025-08-19 18:00,0,0,0,18.219
2025-08-19 19:00,0,0,0,17.884
2025-08-19 20:00,0,0,0,17.703
2025-08-19 21:00,0.002,0,0.019,17.853
2025-08-19 22:00,0.094,0.016,0.108,19.037
2025-08-19 23:00,0.256,0.114,0.192,20.570
2025-08-20 00:00,0.449,0.361,0.182,22.990
2025-08-20 01:00,0.587,0.537,0.201,25.328
2025-08-20 02:00,0.679,0.667,0.214,26.818
2025-08-20 03:00,0.728,0.747,0.219,27.796
2025-08-20 04:00,0.726,0.746,0.222,28.363
2025-08-20 05:00,0.678,0.670,0.220,28.621
2025-08-20 06:00,0.551,0.461,0.238,28.459
2025-08-20 07:00,0.378,0.225,0.241,27.932
2025-08-20 08:00,0.250,0.126,0.181,27.133
2025-08-20 09:00,0.106,0.032,0.109,25.791
2025-08-20 10:00,0.005,0,0.023,23.406
2025-08-20 11:00,0,0,0,21.953
2025-08-20 12:00,0,0,0,21.392
2025-08-20 13:00,0,0,0,20.861
2025-08-20 14:00,0,0,0,20.268
2025-08-20 15:00,0,0,0,19.901
2025-08-20 16:00,0,0,0,19.447
2025-08-20 17:00,0,0,0,19.408
2025-08-20 18:00,0,0,0,19.341
2025-08-20 19:00,0,0,0,19.132
2025-08-20 20:00,0,0,0,18.973
2025-08-20 21:00,0,0,0.011,19.060
2025-08-20 22:00,0.070,0.010,0.088,20.021
2025-08-20 23:00,0.225,0.099,0.173,21.913
2025-08-21 00:00,0.356,0.187,0.243,24.000
2025-08-21 01:00,0.464,0.279,0.291,25.819
2025-08-21 02:00,0.599,0.479,0.285,27.462
2025-08-21 03:00,0.648,0.551,0.292,28.645
2025-08-21 04:00,0.653,0.567,0.289,29.506
2025-08-21 05:00,0.600,0.489,0.289,29.973
2025-08-21 06:00,0.473,0.299,0.296,29.842
2025-08-21 07:00,0.337,0.156,0.260,29.184
2025-08-21 08:00,0.195,0.056,0.188,28.131
2025-08-21 09:00,0.067,0.008,0.090,26.630
2025-08-21 10:00,0,0,0.013,24.985
2025-08-21 11:00,0,0,0,23.928
2025-08-21 12:00,0,0,0,23.038
2025-08-21 13:00,0,0,0,22.133
2025-08-21 14:00,0,0,0,21.298
2025-08-21 15:00,0,0,0,20.637
2025-08-21 16:00,0,0,0,19.796
2025-08-21 17:00,0,0,0,18.628
2025-08-21 18:00,0,0,0,17.859
2025-08-21 19:00,0,0,0,17.038
2025-08-21 20:00,0,0,0,16.421
2025-08-21 21:00,0,0,0.015,15.398
2025-08-21 22:00,0.101,0.034,0.097,16.080
2025-08-21 23:00,0.302,0.220,0.135,18.584
2025-08-22 00:00,0.496,0.464,0.137,22.021
2025-08-22 01:00,0.629,0.648,0.154,26.157
2025-08-22 02:00,0.714,0.778,0.169,28.391
2025-08-22 03:00,0.757,0.847,0.177,29.176
2025-08-22 04:00,0.756,0.846,0.179,29.640
2025-08-22 05:00,0.711,0.774,0.176,29.844
2025-08-22 06:00,0.620,0.639,0.168,29.774
2025-08-22 07:00,0.484,0.456,0.153,29.311
2025-08-22 08:00,0.309,0.250,0.130,28.345
2025-08-22 09:00,0.122,0.067,0.093,26.446
2025-08-22 10:00,0.003,0,0.020,22.815
2025-08-22 11:00,0,0,0,21.009
2025-08-22 12:00,0,0,0,20.187
2025-08-22 13:00,0,0,0,19.423
2025-08-22 14:00,0,0,0,18.897
2025-08-22 15:00,0,0,0,18.353
2025-08-22 16:00,0,0,0,17.645
2025-08-22 17:00,0,0,0,17.090
2025-08-22 18:00,0,0,0,16.592
2025-08-22 19:00,0,0,0,16.208
2025-08-22 20:00,0,0,0,15.950
2025-08-22 21:00,0,0,0.014,16.108
2025-08-22 22:00,0.083,0.021,0.091,18.216
2025-08-22 23:00,0.167,0.043,0.162,19.973
2025-08-23 00:00,0.228,0.037,0.238,21.404
2025-08-23 01:00,0.334,0.080,0.321,23.285
2025-08-23 02:00,0.417,0.132,0.378,25.697
2025-08-23 03:00,0.489,0.200,0.407,26.779
2025-08-23 04:00,0.540,0.281,0.399,27.427
2025-08-23 05:00,0.462,0.186,0.387,27.536
2025-08-23 06:00,0.298,0.055,0.310,26.727
2025-08-23 07:00,0.181,0.018,0.208,25.607
2025-08-23 08:00,0.087,0.005,0.115,24.051
2025-08-23 09:00,0.025,0.001,0.047,22.021
2025-08-23 10:00,0,0,0.007,20.240
2025-08-23 11:00,0,0,0,19.093
2025-08-23 12:00,0,0,0,18.412
2025-08-23 13:00,0,0,0,17.981
2025-08-23 14:00,0,0,0,17.652
2025-08-23 15:00,0,0,0,17.447
2025-08-23 16:00,0,0,0,17.312
2025-08-23 17:00,0,0,0,17.123
2025-08-23 18:00,0,0,0,16.928
2025-08-23 19:00,0,0,0,16.789
2025-08-23 20:00,0,0,0,16.628
2025-08-23 21:00,0,0,0.009,16.487
2025-08-23 22:00,0.056,0.004,0.078,17.514
2025-08-23 23:00,0.210,0.062,0.189,18.979
2025-08-24 00:00,0.393,0.258,0.212,21.686
2025-08-24 01:00,0.577,0.512,0.205,23.793
2025-08-24 02:00,0.680,0.666,0.210,25.318
2025-08-24 03:00,0.732,0.752,0.213,26.429
2025-08-24 04:00,0.701,0.680,0.239,27.094
2025-08-24 05:00,0.624,0.542,0.259,27.351
2025-08-24 06:00,0.531,0.422,0.246,27.360
2025-08-24 07:00,0.416,0.302,0.210,27.110
2025-08-24 08:00,0.256,0.144,0.169,26.563
2025-08-24 09:00,0.101,0.034,0.102,25.478
2025-08-24 10:00,0.002,0,0.019,22.695
2025-08-24 11:00,0,0,0,20.711
2025-08-24 12:00,0,0,0,19.750
2025-08-24 13:00,0,0,0,19.023
2025-08-24 14:00,0,0,0,18.362
2025-08-24 15:00,0,0,0,17.668
2025-08-24 16:00,0,0,0,17.152
2025-08-24 17:00,0,0,0,16.781
2025-08-24 18:00,0,0,0,16.456
2025-08-24 19:00,0,0,0,16.167
2025-08-24 20:00,0,0,0,15.867
2025-08-24 21:00,0,0,0.012,15.781
2025-08-24 22:00,0.091,0.030,0.090,17.330
2025-08-24 23:00,0.274,0.184,0.141,19.455
2025-08-25 00:00,0.456,0.384,0.165,22.011
2025-08-25 01:00,0.597,0.560,0.184,23.722
2025-08-25 02:00,0.690,0.692,0.198,25.051
2025-08-25 03:00,0.739,0.769,0.203,25.968
2025-08-25 04:00,0.732,0.754,0.210,26.484
2025-08-25 05:00,0.674,0.659,0.215,26.627
2025-08-25 06:00,0.572,0.508,0.212,26.444
2025-08-25 07:00,0.435,0.341,0.193,25.984
2025-08-25 08:00,0.261,0.156,0.162,25.202
2025-08-25 09:00,0.098,0.032,0.099,23.766
2025-08-25 10:00,0.001,0,0.017,21.232
2025-08-25 11:00,0,0,0,19.872
2025-08-25 12:00,0,0,0,19.579
2025-08-25 13:00,0,0,0,19.663
2025-08-25 14:00,0,0,0,19.570
2025-08-25 15:00,0,0,0,18.251
2025-08-25 16:00,0,0,0,16.659
2025-08-25 17:00,0,0,0,15.856
2025-08-25 18:00,0,0,0,15.474
2025-08-25 19:00,0,0,0,15.119
2025-08-25 20:00,0,0,0,14.773
2025-08-25 21:00,0,0,0.012,14.619
2025-08-25 22:00,0.097,0.042,0.084,16.008
2025-08-25 23:00,0.289,0.212,0.127,18.248
2025-08-26 00:00,0.478,0.413,0.162,21.109
2025-08-26 01:00,0.619,0.591,0.183,23.271
2025-08-26 02:00,0.706,0.710,0.202,24.547
2025-08-26 03:00,0.749,0.773,0.213,25.379
2025-08-26 04:00,0.751,0.780,0.213,25.910
2025-08-26 05:00,0.703,0.708,0.210,26.209
2025-08-26 06:00,0.622,0.603,0.190,26.230
2025-08-26 07:00,0.480,0.419,0.173,25.918
2025-08-26 08:00,0.268,0.159,0.167,25.085
2025-08-26 09:00,0.078,0.015,0.095,23.935
2025-08-26 10:00,0,0,0.013,22.243
2025-08-26 11:00,0,0,0,20.753
2025-08-26 12:00,0,0,0,19.823
2025-08-26 13:00,0,0,0,19.205
2025-08-26 14:00,0,0,0,18.736
2025-08-26 15:00,0,0,0,18.400
2025-08-26 16:00,0,0,0,18.062
2025-08-26 17:00,0,0,0,17.820
2025-08-26 18:00,0,0,0,17.633
2025-08-26 19:00,0,0,0,17.428
2025-08-26 20:00,0,0,0,17.187
2025-08-26 21:00,0,0,0.003,16.998
2025-08-26 22:00,0.009,0,0.027,17.504
2025-08-26 23:00,0.050,0.003,0.073,18.282
2025-08-27 00:00,0.106,0.005,0.133,18.911
2025-08-27 01:00,0.189,0.012,0.217,20.251
2025-08-27 02:00,0.436,0.130,0.394,22.306
2025-08-27 03:00,0.508,0.196,0.425,23.295
2025-08-27 04:00,0.313,0.036,0.339,22.513
2025-08-27 05:00,0.227,0.015,0.258,21.552
2025-08-27 06:00,0.153,0.007,0.183,20.645
2025-08-27 07:00,0.102,0.004,0.130,19.897
2025-08-27 08:00,0.065,0.002,0.091,19.298
2025-08-27 09:00,0.019,0.001,0.040,18.571
2025-08-27 10:00,0,0,0.008,17.902
2025-08-27 11:00,0,0,0,17.406
2025-08-27 12:00,0,0,0,17.127
2025-08-27 13:00,0,0,0,16.800
2025-08-27 14:00,0,0,0,16.521
2025-08-27 15:00,0,0,0,16.353
2025-08-27 16:00,0,0,0,16.246
2025-08-27 17:00,0,0,0,16.049
2025-08-27 18:00,0,0,0,15.758
2025-08-27 19:00,0,0,0,15.550
2025-08-27 20:00,0,0,0,15.193
2025-08-27 21:00,0,0,0.003,14.902
2025-08-27 22:00,0.008,0,0.025,14.937
2025-08-27 23:00,0.042,0.001,0.065,15.151
2025-08-28 00:00,0.122,0.008,0.145,15.821
2025-08-28 01:00,0.302,0.059,0.294,17.486
2025-08-28 02:00,0.430,0.143,0.366,19.345
2025-08-28 03:00,0.512,0.227,0.391,20.754
2025-08-28 04:00,0.558,0.301,0.381,21.839
2025-08-28 05:00,0.571,0.364,0.341,22.666
2025-08-28 06:00,0.452,0.224,0.323,22.943
2025-08-28 07:00,0.308,0.102,0.267,22.857
2025-08-28 08:00,0.177,0.038,0.180,22.452
2025-08-28 09:00,0.030,0.002,0.052,21.160
2025-08-28 10:00,0,0,0.008,19.651
2025-08-28 11:00,0,0,0,18.700
2025-08-28 12:00,0,0,0,17.982
2025-08-28 13:00,0,0,0,17.239
2025-08-28 14:00,0,0,0,16.575
2025-08-28 15:00,0,0,0,16.349
2025-08-28 16:00,0,0,0,16.233
2025-08-28 17:00,0,0,0,15.898
2025-08-28 18:00,0,0,0,15.679
2025-08-28 19:00,0,0,0,15.650
2025-08-28 20:00,0,0,0,15.652
2025-08-28 21:00,0,0,0.008,15.658
2025-08-28 22:00,0.057,0.007,0.077,17.332
2025-08-28 23:00,0.173,0.040,0.171,18.734
2025-08-29 00:00,0.320,0.136,0.244,20.952
2025-08-29 01:00,0.449,0.251,0.294,23.569
2025-08-29 02:00,0.614,0.501,0.276,25.552
2025-08-29 03:00,0.668,0.582,0.281,26.589
2025-08-29 04:00,0.586,0.404,0.339,26.791
2025-08-29 05:00,0.535,0.339,0.331,26.788
2025-08-29 06:00,0.465,0.278,0.297,26.602
2025-08-29 07:00,0.333,0.152,0.253,26.008
2025-08-29 08:00,0.188,0.055,0.179,24.943
2025-08-29 09:00,0.060,0.008,0.081,23.272
2025-08-29 10:00,0,0,0.010,20.931
2025-08-29 11:00,0,0,0,19.927
2025-08-29 12:00,0,0,0,19.285
2025-08-29 13:00,0,0,0,18.328
2025-08-29 14:00,0,0,0,17.457
2025-08-29 15:00,0,0,0,16.992
2025-08-29 16:00,0,0,0,16.848
2025-08-29 17:00,0,0,0,16.537
2025-08-29 18:00,0,0,0,16.251
2025-08-29 19:00,0,0,0,16.045
2025-08-29 20:00,0,0,0,15.890
2025-08-29 21:00,0,0,0.007,15.781
2025-08-29 22:00,0.070,0.015,0.083,17.376
2025-08-29 23:00,0.209,0.082,0.169,19.177
2025-08-30 00:00,0.349,0.195,0.219,21.242
2025-08-30 01:00,0.417,0.222,0.282,23.376
2025-08-30 02:00,0.561,0.415,0.285,24.801
2025-08-30 03:00,0.707,0.696,0.225,26.088
2025-08-30 04:00,0.750,0.806,0.193,27.052
2025-08-30 05:00,0.706,0.744,0.186,27.554
2025-08-30 06:00,0.609,0.602,0.178,27.691
2025-08-30 07:00,0.468,0.421,0.161,27.513
2025-08-30 08:00,0.291,0.224,0.133,26.905
2025-08-30 09:00,0.105,0.055,0.086,25.488
2025-08-30 10:00,0,0,0.013,21.861
2025-08-30 11:00,0,0,0,20.356
2025-08-30 12:00,0,0,0,19.779
2025-08-30 13:00,0,0,0,19.231
2025-08-30 14:00,0,0,0,18.695
2025-08-30 15:00,0,0,0,18.188
2025-08-30 16:00,0,0,0,17.752
2025-08-30 17:00,0,0,0,17.331
2025-08-30 18:00,0,0,0,16.758
2025-08-30 19:00,0,0,0,16.290
2025-08-30 20:00,0,0,0,15.842
2025-08-30 21:00,0,0,0.008,15.524
2025-08-30 22:00,0.089,0.042,0.077,17.578
2025-08-30 23:00,0.280,0.208,0.124,19.446
2025-08-31 00:00,0.464,0.406,0.155,22.525
2025-08-31 01:00,0.602,0.580,0.177,24.910
2025-08-31 02:00,0.677,0.671,0.205,26.062
2025-08-31 03:00,0.684,0.646,0.243,26.811
2025-08-31 04:00,0.652,0.573,0.269,27.175
2025-08-31 05:00,0.584,0.464,0.278,27.234
2025-08-31 06:00,0.485,0.339,0.264,27.101
2025-08-31 07:00,0.364,0.220,0.226,26.777
2025-08-31 08:00,0.220,0.104,0.168,25.977
2025-08-31 09:00,0.082,0.024,0.090,24.299
2025-08-31 10:00,0,0,0.011,21.570
2025-08-31 11:00,0,0,0,20.429
2025-08-31 12:00,0,0,0,19.907
2025-08-31 13:00,0,0,0,19.458
2025-08-31 14:00,0,0,0,19.009
2025-08-31 15:00,0,0,0,18.572
2025-08-31 16:00,0,0,0,18.043
2025-08-31 17:00,0,0,0,17.398
2025-08-31 18:00,0,0,0,16.613
2025-08-31 19:00,0,0,0,15.790
2025-08-31 20:00,0,0,0,14.878
2025-08-31 21:00,0,0,0.007,14.075
2025-08-31 22:00,0.095,0.052,0.072,15.685
2025-08-31 23:00,0.301,0.242,0.111,18.148
2025-09-01 00:00,0.494,0.468,0.127,20.968
2025-09-01 01:00,0.635,0.655,0.146,23.809
2025-09-01 02:00,0.725,0.788,0.160,25.642
2025-09-01 03:00,0.769,0.859,0.168,26.649
2025-09-01 04:00,0.759,0.839,0.176,27.224
2025-09-01 05:00,0.684,0.701,0.193,27.496
2025-09-01 06:00,0.546,0.475,0.213,27.348
2025-09-01 07:00,0.454,0.400,0.161,27.158
2025-09-01 08:00,0.292,0.233,0.123,26.603
2025-09-01 09:00,0.102,0.057,0.080,25.386
2025-09-01 10:00,0,0,0.011,23.442
2025-09-01 11:00,0,0,0,21.403
2025-09-01 12:00,0,0,0,19.513
2025-09-01 13:00,0,0,0,17.924
2025-09-01 14:00,0,0,0,16.996
2025-09-01 15:00,0,0,0,16.379
2025-09-01 16:00,0,0,0,15.846
2025-09-01 17:00,0,0,0,15.402
2025-09-01 18:00,0,0,0,15.065
2025-09-01 19:00,0,0,0,14.806
2025-09-01 20:00,0,0,0,14.597
2025-09-01 21:00,0,0,0.006,14.506
2025-09-01 22:00,0.088,0.047,0.070,17.015
2025-09-01 23:00,0.285,0.225,0.112,19.694
2025-09-02 00:00,0.474,0.421,0.154,22.723
2025-09-02 01:00,0.608,0.594,0.179,26.159
2025-09-02 02:00,0.666,0.649,0.219,28.030
2025-09-02 03:00,0.681,0.645,0.252,29.033
2025-09-02 04:00,0.743,0.799,0.205,29.759
2025-09-02 05:00,0.692,0.716,0.204,29.941
2025-09-02 06:00,0.518,0.406,0.251,29.391
2025-09-02 07:00,0.268,0.088,0.242,27.962
2025-09-02 08:00,0.184,0.060,0.171,26.575
2025-09-02 09:00,0.073,0.018,0.087,24.765
2025-09-02 10:00,0,0,0.007,22.594
2025-09-02 11:00,0,0,0,22.027
2025-09-02 12:00,0,0,0,21.543
2025-09-02 13:00,0,0,0,20.975
2025-09-02 14:00,0,0,0,20.492
2025-09-02 15:00,0,0,0,20.049
2025-09-02 16:00,0,0,0,19.652
2025-09-02 17:00,0,0,0,19.365
2025-09-02 18:00,0,0,0,19.173
2025-09-02 19:00,0,0,0,18.950
2025-09-02 20:00,0,0,0,18.743
2025-09-02 21:00,0,0,0.003,18.603
2025-09-02 22:00,0.030,0.003,0.051,19.461
2025-09-02 23:00,0.140,0.030,0.146,21.034
2025-09-03 00:00,0.299,0.130,0.229,23.090
2025-09-03 01:00,0.479,0.330,0.258,25.112
2025-09-03 02:00,0.607,0.517,0.257,26.686
2025-09-03 03:00,0.692,0.669,0.238,27.827
2025-09-03 04:00,0.706,0.706,0.229,28.455
2025-09-03 05:00,0.657,0.632,0.226,28.640
2025-09-03 06:00,0.554,0.484,0.220,28.425
2025-09-03 07:00,0.411,0.308,0.199,27.863
2025-09-03 08:00,0.238,0.134,0.159,26.864
2025-09-03 09:00,0.076,0.023,0.085,24.884
2025-09-03 10:00,0,0,0.008,22.209
2025-09-03 11:00,0,0,0,21.133
2025-09-03 12:00,0,0,0,20.532
2025-09-03 13:00,0,0,0,19.969
2025-09-03 14:00,0,0,0,19.439
2025-09-03 15:00,0,0,0,18.950
2025-09-03 16:00,0,0,0,18.467
2025-09-03 17:00,0,0,0,18.029
2025-09-03 18:00,0,0,0,17.648
2025-09-03 19:00,0,0,0,17.325
2025-09-03 20:00,0,0,0,17.055
2025-09-03 21:00,0,0,0.005,16.859
2025-09-03 22:00,0.067,0.021,0.074,18.527
2025-09-03 23:00,0.242,0.147,0.142,20.512
2025-09-04 00:00,0.426,0.337,0.177,23.291
2025-09-04 01:00,0.570,0.515,0.200,25.639
2025-09-04 02:00,0.662,0.640,0.217,27.212
2025-09-04 03:00,0.724,0.751,0.212,28.367
2025-09-04 04:00,0.722,0.748,0.216,29.062
2025-09-04 05:00,0.677,0.685,0.209,29.377
2025-09-04 06:00,0.570,0.525,0.206,29.287
2025-09-04 07:00,0.431,0.351,0.185,28.935
2025-09-04 08:00,0.249,0.156,0.152,28.050
2025-09-04 09:00,0.080,0.028,0.085,26.064
2025-09-04 10:00,0,0,0.008,22.924
2025-09-04 11:00,0,0,0,21.932
2025-09-04 12:00,0,0,0,21.352
2025-09-04 13:00,0,0,0,20.766
2025-09-04 14:00,0,0,0,20.172
2025-09-04 15:00,0,0,0,19.584
2025-09-04 16:00,0,0,0,19.471
2025-09-04 17:00,0,0,0,19.396
2025-09-04 18:00,0,0,0,19.149
2025-09-04 19:00,0,0,0,18.637
2025-09-04 20:00,0,0,0,18.238
2025-09-04 21:00,0,0,0.003,18.049
2025-09-04 22:00,0.024,0.002,0.044,18.829
2025-09-04 23:00,0.086,0.010,0.107,19.685
2025-09-05 00:00,0.151,0.014,0.174,20.807
2025-09-05 01:00,0.259,0.040,0.271,22.097
2025-09-05 02:00,0.338,0.069,0.337,23.100
2025-09-05 03:00,0.298,0.040,0.318,23.326
2025-09-05 04:00,0.375,0.083,0.369,23.734
2025-09-05 05:00,0.348,0.073,0.345,23.538
2025-09-05 06:00,0.127,0.006,0.156,21.557
2025-09-05 07:00,0.085,0.004,0.112,20.402
2025-09-05 08:00,0.073,0.004,0.098,19.843
2025-09-05 09:00,0.010,0.001,0.029,18.883
2025-09-05 10:00,0,0,0.002,17.933
2025-09-05 11:00,0,0,0,17.364
2025-09-05 12:00,0,0,0,16.636
2025-09-05 13:00,0,0,0,15.767
2025-09-05 14:00,0,0,0,14.960
2025-09-05 15:00,0,0,0,14.209
2025-09-05 16:00,0,0,0,13.342
2025-09-05 17:00,0,0,0,12.678
2025-09-05 18:00,0,0,0,12.209
2025-09-05 19:00,0,0,0,11.758
2025-09-05 20:00,0,0,0,11.214
2025-09-05 21:00,0,0,0.005,10.698
2025-09-05 22:00,0.091,0.041,0.077,12.331
2025-09-05 23:00,0.299,0.211,0.134,14.884
2025-09-06 00:00,0.504,0.484,0.116,18.577
2025-09-06 01:00,0.649,0.679,0.134,21.993
2025-09-06 02:00,0.743,0.818,0.147,23.437
2025-09-06 03:00,0.788,0.890,0.155,24.553
2025-09-06 04:00,0.783,0.885,0.158,25.382
2025-09-06 05:00,0.733,0.809,0.155,25.856
2025-09-06 06:00,0.637,0.668,0.145,25.893
2025-09-06 07:00,0.492,0.478,0.129,25.506
2025-09-06 08:00,0.304,0.261,0.106,24.421
2025-09-06 09:00,0.097,0.059,0.070,21.831
2025-09-06 10:00,0,0,0.007,18.285
2025-09-06 11:00,0,0,0,17.211
2025-09-06 12:00,0,0,0,16.840
2025-09-06 13:00,0,0,0,16.442
2025-09-06 14:00,0,0,0,16.158
2025-09-06 15:00,0,0,0,15.769
2025-09-06 16:00,0,0,0,15.128
2025-09-06 17:00,0,0,0,14.477
2025-09-06 18:00,0,0,0,14.060
2025-09-06 19:00,0,0,0,13.554
2025-09-06 20:00,0,0,0,12.906
2025-09-06 21:00,0,0,0.003,11.919
2025-09-06 22:00,0.081,0.046,0.062,12.713
2025-09-06 23:00,0.298,0.247,0.097,14.707
2025-09-07 00:00,0.509,0.489,0.113,17.089
2025-09-07 01:00,0.660,0.684,0.130,19.181
2025-09-07 02:00,0.756,0.826,0.143,20.858
2025-09-07 03:00,0.802,0.903,0.150,22.135
2025-09-07 04:00,0.800,0.904,0.151,23.003
2025-09-07 05:00,0.752,0.832,0.147,23.472
2025-09-07 06:00,0.651,0.684,0.139,23.461
2025-09-07 07:00,0.504,0.491,0.124,23.006
2025-09-07 08:00,0.310,0.268,0.102,21.980
2025-09-07 09:00,0.099,0.065,0.066,19.565
2025-09-07 10:00,0,0,0.006,15.946
2025-09-07 11:00,0,0,0,14.688
2025-09-07 12:00,0,0,0,13.987
2025-09-07 13:00,0,0,0,13.419
2025-09-07 14:00,0,0,0,12.930
2025-09-07 15:00,0,0,0,12.394
2025-09-07 16:00,0,0,0,11.743
2025-09-07 17:00,0,0,0,11.074
2025-09-07 18:00,0,0,0,10.413
2025-09-07 19:00,0,0,0,9.782
2025-09-07 20:00,0,0,0,9.206
2025-09-07 21:00,0,0,0.003,8.786
2025-09-07 22:00,0.084,0.052,0.058,10.217
2025-09-07 23:00,0.302,0.251,0.094,12.797
2025-09-08 00:00,0.501,0.470,0.120,16.607
2025-09-08 01:00,0.647,0.662,0.139,20.231
2025-09-08 02:00,0.741,0.800,0.152,21.958
2025-09-08 03:00,0.787,0.875,0.159,23.163
2025-09-08 04:00,0.785,0.874,0.162,23.974
2025-09-08 05:00,0.736,0.800,0.158,24.402
2025-09-08 06:00,0.638,0.660,0.148,24.464
2025-09-08 07:00,0.493,0.474,0.130,24.120
2025-09-08 08:00,0.304,0.260,0.105,23.212
2025-09-08 09:00,0.097,0.063,0.066,20.548
2025-09-08 10:00,0,0,0.005,17.043
2025-09-08 11:00,0,0,0,15.982
2025-09-08 12:00,0,0,0,15.147
2025-09-08 13:00,0,0,0,14.305
2025-09-08 14:00,0,0,0,13.584
2025-09-08 15:00,0,0,0,12.948
2025-09-08 16:00,0,0,0,12.418
2025-09-08 17:00,0,0,0,11.973
2025-09-08 18:00,0,0,0,11.611
2025-09-08 19:00,0,0,0,11.225
2025-09-08 20:00,0,0,0,10.713
2025-09-08 21:00,0,0,0.002,10.302
2025-09-08 22:00,0.065,0.027,0.063,11.874
2025-09-08 23:00,0.253,0.172,0.120,14.073
2025-09-09 00:00,0.440,0.342,0.173,16.918
2025-09-09 01:00,0.591,0.526,0.196,19.913
2025-09-09 02:00,0.671,0.619,0.224,21.482
2025-09-09 03:00,0.689,0.618,0.256,22.332
2025-09-09 04:00,0.652,0.539,0.283,22.944
2025-09-09 05:00,0.594,0.459,0.280,23.369
2025-09-09 06:00,0.476,0.308,0.271,23.414
2025-09-09 07:00,0.326,0.158,0.232,23.139
2025-09-09 08:00,0.165,0.048,0.156,22.308
2025-09-09 09:00,0.034,0.004,0.054,20.186
2025-09-09 10:00,0,0,0.002,18.560
2025-09-09 11:00,0,0,0,17.890
2025-09-09 12:00,0,0,0,17.050
2025-09-09 13:00,0,0,0,16.788
2025-09-09 14:00,0,0,0,16.728
2025-09-09 15:00,0,0,0,16.758
2025-09-09 16:00,0,0,0,16.415
2025-09-09 17:00,0,0,0,15.581
2025-09-09 18:00,0,0,0,14.532
2025-09-09 19:00,0,0,0,13.625
2025-09-09 20:00,0,0,0,12.846
2025-09-09 21:00,0,0,0.002,11.997
2025-09-09 22:00,0.048,0.012,0.061,11.987
2025-09-09 23:00,0.220,0.112,0.144,13.209
2025-09-10 00:00,0.470,0.400,0.150,16.413
2025-09-10 01:00,0.616,0.580,0.173,19.554
2025-09-10 02:00,0.707,0.704,0.192,21.354
2025-09-10 03:00,0.753,0.774,0.202,22.614
2025-09-10 04:00,0.749,0.769,0.205,23.588
2025-09-10 05:00,0.692,0.684,0.205,24.241
2025-09-10 06:00,0.566,0.494,0.210,24.449
2025-09-10 07:00,0.378,0.249,0.208,24.148
2025-09-10 08:00,0.179,0.066,0.156,23.235
2025-09-10 09:00,0.044,0.008,0.062,21.401
2025-09-10 10:00,0,0,0.003,19.422
2025-09-10 11:00,0,0,0,18.842
2025-09-10 12:00,0,0,0,18.443
2025-09-10 13:00,0,0,0,18.025
2025-09-10 14:00,0,0,0,17.594
2025-09-10 15:00,0,0,0,17.318
2025-09-10 16:00,0,0,0,17.250
2025-09-10 17:00,0,0,0,17.105
2025-09-10 18:00,0,0,0,16.900
2025-09-10 19:00,0,0,0,16.633
2025-09-10 20:00,0,0,0,16.307
2025-09-10 21:00,0,0,0.001,16.064
2025-09-10 22:00,0.036,0.007,0.053,16.587
2025-09-10 23:00,0.165,0.058,0.143,18.445
2025-09-11 00:00,0.317,0.146,0.230,20.935
2025-09-11 01:00,0.477,0.308,0.271,23.322
2025-09-11 02:00,0.566,0.406,0.302,25.128
2025-09-11 03:00,0.599,0.434,0.325,26.186
2025-09-11 04:00,0.584,0.406,0.335,26.754
2025-09-11 05:00,0.490,0.268,0.340,26.818
2025-09-11 06:00,0.361,0.136,0.305,26.414
2025-09-11 07:00,0.254,0.075,0.236,25.733
2025-09-11 08:00,0.150,0.036,0.154,24.703
2025-09-11 09:00,0.049,0.009,0.067,23.283
2025-09-11 10:00,0,0,0.003,21.875
2025-09-11 11:00,0,0,0,21.020
2025-09-11 12:00,0,0,0,20.393
2025-09-11 13:00,0,0,0,19.775
2025-09-11 14:00,0,0,0,19.200
2025-09-11 15:00,0,0,0,19.002
2025-09-11 16:00,0,0,0,18.823
2025-09-11 17:00,0,0,0,18.638
2025-09-11 18:00,0,0,0,18.476
2025-09-11 19:00,0,0,0,18.281
2025-09-11 20:00,0,0,0,17.835
2025-09-11 21:00,0,0,0,17.241
2025-09-11 22:00,0.002,0,0.018,17.003
2025-09-11 23:00,0.032,0.002,0.053,17.264
2025-09-12 00:00,0.088,0.004,0.113,17.972
2025-09-12 01:00,0.220,0.025,0.239,19.868
2025-09-12 02:00,0.312,0.054,0.319,21.932
2025-09-12 03:00,0.302,0.042,0.320,22.781
2025-09-12 04:00,0.240,0.022,0.269,22.807
2025-09-12 05:00,0.209,0.016,0.238,22.656
2025-09-12 06:00,0.180,0.014,0.207,22.514
2025-09-12 07:00,0.123,0.008,0.150,22.053
2025-09-12 08:00,0.055,0.003,0.080,21.040
2025-09-12 09:00,0.010,0.001,0.029,19.557
2025-09-12 10:00,0,0,0.001,18.175
2025-09-12 11:00,0,0,0,17.785
2025-09-12 12:00,0,0,0,17.817
2025-09-12 13:00,0,0,0,17.903
2025-09-12 14:00,0,0,0,17.767
2025-09-12 15:00,0,0,0,17.248
2025-09-12 16:00,0,0,0,16.385
2025-09-12 17:00,0,0,0,15.590
2025-09-12 18:00,0,0,0,14.956
2025-09-12 19:00,0,0,0,14.589
2025-09-12 20:00,0,0,0,14.262
2025-09-12 21:00,0,0,0.001,13.931
2025-09-12 22:00,0.047,0.011,0.062,14.933
2025-09-12 23:00,0.220,0.104,0.156,16.997
2025-09-13 00:00,0.395,0.275,0.193,20
2025-09-13 01:00,0.519,0.394,0.238,22.111
2025-09-13 02:00,0.644,0.573,0.241,23.837
2025-09-13 03:00,0.662,0.575,0.272,25.125
2025-09-13 04:00,0.597,0.439,0.314,25.771
2025-09-13 05:00,0.485,0.270,0.329,25.751
2025-09-13 06:00,0.283,0.069,0.275,24.920
2025-09-13 07:00,0.146,0.017,0.168,23.776
2025-09-13 08:00,0.082,0.009,0.105,22.594
2025-09-13 09:00,0.024,0.003,0.044,21.060
2025-09-13 10:00,0,0,0.002,19.179
2025-09-13 11:00,0,0,0,18.171
2025-09-13 12:00,0,0,0,17.333
2025-09-13 13:00,0,0,0,16.699
2025-09-13 14:00,0,0,0,16.269
2025-09-13 15:00,0,0,0,15.749
2025-09-13 16:00,0,0,0,15.342
2025-09-13 17:00,0,0,0,14.964
2025-09-13 18:00,0,0,0,14.475
2025-09-13 19:00,0,0,0,14.014
2025-09-13 20:00,0,0,0,13.618
2025-09-13 21:00,0,0,0.001,13.248
2025-09-13 22:00,0.053,0.019,0.058,13.602
2025-09-13 23:00,0.254,0.171,0.125,15.196
2025-09-14 00:00,0.469,0.423,0.130,17.831
2025-09-14 01:00,0.631,0.631,0.145,19.742
2025-09-14 02:00,0.735,0.779,0.156,20.741
2025-09-14 03:00,0.785,0.858,0.162,21.607
2025-09-14 04:00,0.781,0.853,0.166,22.324
2025-09-14 05:00,0.731,0.779,0.161,22.717
2025-09-14 06:00,0.628,0.633,0.153,22.684
2025-09-14 07:00,0.480,0.447,0.134,22.159
2025-09-14 08:00,0.285,0.233,0.107,21.066
2025-09-14 09:00,0.078,0.046,0.061,18.869
2025-09-14 10:00,0,0,0.002,15.217
2025-09-14 11:00,0,0,0,13.666
2025-09-14 12:00,0,0,0,12.623
2025-09-14 13:00,0,0,0,11.811
2025-09-14 14:00,0,0,0,11.187
2025-09-14 15:00,0,0,0,10.666
2025-09-14 16:00,0,0,0,10.156
2025-09-14 17:00,0,0,0,9.703
2025-09-14 18:00,0,0,0,9.289
2025-09-14 19:00,0,0,0,8.961
2025-09-14 20:00,0,0,0,8.793
2025-09-14 21:00,0,0,0.001,8.820
2025-09-14 22:00,0.056,0.028,0.052,10.171
2025-09-14 23:00,0.237,0.158,0.116,13.283
2025-09-15 00:00,0.437,0.329,0.180,16.294
2025-09-15 01:00,0.579,0.489,0.214,19.532
2025-09-15 02:00,0.670,0.601,0.239,21.328
2025-09-15 03:00,0.677,0.577,0.279,22.452
2025-09-15 04:00,0.192,0.015,0.219,20.809
2025-09-15 05:00,0.163,0.011,0.190,19.350
2025-09-15 06:00,0.151,0.011,0.175,18.731
2025-09-15 07:00,0.106,0.007,0.130,18.420
2025-09-15 08:00,0.082,0.008,0.103,18.295
2025-09-15 09:00,0.026,0.003,0.046,17.645
2025-09-15 10:00,0,0,0.001,16.455
2025-09-15 11:00,0,0,0,16.245
2025-09-15 12:00,0,0,0,15.933
2025-09-15 13:00,0,0,0,15.813
2025-09-15 14:00,0,0,0,15.822
2025-09-15 15:00,0,0,0,15.715
2025-09-15 16:00,0,0,0,15.636
2025-09-15 17:00,0,0,0,15.660
2025-09-15 18:00,0,0,0,15.293
2025-09-15 19:00,0,0,0,14.738
2025-09-15 20:00,0,0,0,14.300
2025-09-15 21:00,0,0,0,12.937
2025-09-15 22:00,0.046,0.015,0.055,13.192
2025-09-15 23:00,0.200,0.091,0.144,14.104
2025-09-16 00:00,0.382,0.241,0.199,14.065
2025-09-16 01:00,0.542,0.402,0.232,14.239
2025-09-16 02:00,0.592,0.417,0.285,14.897
2025-09-16 03:00,0.564,0.331,0.336,15.354
2025-09-16 04:00,0.495,0.224,0.355,15.443
2025-09-16 05:00,0.430,0.165,0.334,15.426
2025-09-16 06:00,0.361,0.127,0.290,15.337
2025-09-16 07:00,0.270,0.087,0.226,15.096
2025-09-16 08:00,0.136,0.029,0.138,14.454
2025-09-16 09:00,0.033,0.005,0.050,13.132
2025-09-16 10:00,0,0,0.001,11.087
2025-09-16 11:00,0,0,0,10.337
2025-09-16 12:00,0,0,0,9.639
2025-09-16 13:00,0,0,0,9.038
2025-09-16 14:00,0,0,0,7.932
2025-09-16 15:00,0,0,0,7.177
2025-09-16 16:00,0,0,0,6.601
2025-09-16 17:00,0,0,0,6.078
2025-09-16 18:00,0,0,0,5.619
2025-09-16 19:00,0,0,0,5.343
2025-09-16 20:00,0,0,0,5.161
2025-09-16 21:00,0,0,0,5.199
2025-09-16 22:00,0.035,0.009,0.048,6.997
2025-09-16 23:00,0.125,0.027,0.125,9.318
2025-09-17 00:00,0.201,0.048,0.186,11.526
2025-09-17 01:00,0.385,0.182,0.261,14.576
2025-09-17 02:00,0.589,0.452,0.254,16.795
2025-09-17 03:00,0.761,0.772,0.189,18.234
2025-09-17 04:00,0.799,0.861,0.166,19.107
2025-09-17 05:00,0.750,0.793,0.160,19.579
2025-09-17 06:00,0.645,0.645,0.150,19.652
2025-09-17 07:00,0.491,0.453,0.132,19.233
2025-09-17 08:00,0.283,0.225,0.108,18.213
2025-09-17 09:00,0.072,0.043,0.057,15.642
2025-09-17 10:00,0,0,0.001,11.856
2025-09-17 11:00,0,0,0,10.623
2025-09-17 12:00,0,0,0,9.745
2025-09-17 13:00,0,0,0,8.984
2025-09-17 14:00,0,0,0,8.277
2025-09-17 15:00,0,0,0,7.643
2025-09-17 16:00,0,0,0,7.142
2025-09-17 17:00,0,0,0,6.738
2025-09-17 18:00,0,0,0,6.406
2025-09-17 19:00,0,0,0,6.095
2025-09-17 20:00,0,0,0,5.833
2025-09-17 21:00,0,0,0,5.626
2025-09-17 22:00,0.063,0.041,0.046,7.082
2025-09-17 23:00,0.284,0.230,0.093,11.197
2025-09-18 00:00,0.492,0.452,0.121,14.692
2025-09-18 01:00,0.646,0.647,0.141,17.735
2025-09-18 02:00,0.746,0.788,0.156,19.217
2025-09-18 03:00,0.797,0.869,0.162,20.281
2025-09-18 04:00,0.795,0.869,0.164,20.999
2025-09-18 05:00,0.745,0.796,0.159,21.409
2025-09-18 06:00,0.642,0.651,0.148,21.549
2025-09-18 07:00,0.471,0.427,0.140,21.313
2025-09-18 08:00,0.260,0.194,0.116,20.472
2025-09-18 09:00,0.062,0.032,0.057,17.670
2025-09-18 10:00,0,0,0.001,14.721
2025-09-18 11:00,0,0,0,13.336
2025-09-18 12:00,0,0,0,12.201
2025-09-18 13:00,0,0,0,11.338
2025-09-18 14:00,0,0,0,10.651
2025-09-18 15:00,0,0,0,10.124
2025-09-18 16:00,0,0,0,9.669
2025-09-18 17:00,0,0,0,9.339
2025-09-18 18:00,0,0,0,9.066
2025-09-18 19:00,0,0,0,8.887
2025-09-18 20:00,0,0,0,8.784
2025-09-18 21:00,0,0,0,8.835
2025-09-18 22:00,0.012,0.002,0.029,9.769
2025-09-18 23:00,0.080,0.012,0.094,11.982
2025-09-19 00:00,0.166,0.025,0.173,13.473
2025-09-19 01:00,0.256,0.051,0.247,15.602
2025-09-19 02:00,0.346,0.094,0.311,18.050
2025-09-19 03:00,0.400,0.128,0.344,19.377
2025-09-19 04:00,0.403,0.131,0.347,19.970
2025-09-19 05:00,0.409,0.155,0.330,20.270
2025-09-19 06:00,0.366,0.146,0.288,20.300
2025-09-19 07:00,0.298,0.128,0.225,20.050
2025-09-19 08:00,0.186,0.079,0.147,19.296
2025-09-19 09:00,0.048,0.016,0.057,16.884
2025-09-19 10:00,0,0,0.001,13.785
2025-09-19 11:00,0,0,0,12.492
2025-09-19 12:00,0,0,0,11.763
2025-09-19 13:00,0,0,0,11.341
2025-09-19 14:00,0,0,0,10.953
2025-09-19 15:00,0,0,0,10.444
2025-09-19 16:00,0,0,0,9.982
2025-09-19 17:00,0,0,0,9.368
2025-09-19 18:00,0,0,0,8.731
2025-09-19 19:00,0,0,0,8.462
2025-09-19 20:00,0,0,0,8.413
2025-09-19 21:00,0,0,0,8.514
2025-09-19 22:00,0.054,0.031,0.047,9.756
2025-09-19 23:00,0.266,0.200,0.108,13.917
2025-09-20 00:00,0.485,0.455,0.115,16.645
2025-09-20 01:00,0.633,0.646,0.136,20.560
2025-09-20 02:00,0.723,0.771,0.154,22.160
2025-09-20 03:00,0.769,0.839,0.164,23.008
2025-09-20 04:00,0.762,0.827,0.169,23.575
2025-09-20 05:00,0.714,0.757,0.164,23.839
2025-09-20 06:00,0.613,0.615,0.153,23.736
2025-09-20 07:00,0.463,0.428,0.134,23.197
2025-09-20 08:00,0.263,0.209,0.106,21.855
2025-09-20 09:00,0.056,0.031,0.052,18.423
2025-09-20 10:00,0,0,0,15.234
2025-09-20 11:00,0,0,0,14.315
2025-09-20 12:00,0,0,0,13.482
2025-09-20 13:00,0,0,0,12.730
2025-09-20 14:00,0,0,0,11.979
2025-09-20 15:00,0,0,0,11.449
2025-09-20 16:00,0,0,0,10.921
2025-09-20 17:00,0,0,0,10.459
2025-09-20 18:00,0,0,0,9.769
2025-09-20 19:00,0,0,0,8.874
2025-09-20 20:00,0,0,0,8.101
2025-09-20 21:00,0,0,0,7.495
2025-09-20 22:00,0.046,0.027,0.041,8.496
2025-09-20 23:00,0.251,0.189,0.099,11.898
2025-09-21 00:00,0.451,0.381,0.143,15.207
2025-09-21 01:00,0.603,0.566,0.168,18.739
2025-09-21 02:00,0.696,0.688,0.188,20.876
2025-09-21 03:00,0.730,0.729,0.207,22.063
2025-09-21 04:00,0.697,0.657,0.230,22.678
2025-09-21 05:00,0.682,0.667,0.200,23.090
2025-09-21 06:00,0.530,0.433,0.216,22.910
2025-09-21 07:00,0.383,0.273,0.185,22.379
2025-09-21 08:00,0.135,0.041,0.131,21.156
2025-09-21 09:00,0.024,0.005,0.041,18.920
2025-09-21 10:00,0,0,0,16.693
2025-09-21 11:00,0,0,0,16.251
2025-09-21 12:00,0,0,0,15.757
2025-09-21 13:00,0,0,0,15.272
2025-09-21 14:00,0,0,0,14.923
2025-09-21 15:00,0,0,0,14.609
2025-09-21 16:00,0,0,0,14.242
2025-09-21 17:00,0,0,0,13.878
2025-09-21 18:00,0,0,0,13.456
2025-09-21 19:00,0,0,0,13.100
2025-09-21 20:00,0,0,0,12.737
2025-09-21 21:00,0,0,0,12.434
2025-09-21 22:00,0.016,0.004,0.032,12.769
2025-09-21 23:00,0.143,0.052,0.123,14.864
2025-09-22 00:00,0.300,0.149,0.201,17.261
2025-09-22 01:00,0.443,0.276,0.250,19.357
2025-09-22 02:00,0.542,0.378,0.279,20.695
2025-09-22 03:00,0.599,0.447,0.291,21.501
2025-09-22 04:00,0.624,0.496,0.280,21.860
2025-09-22 05:00,0.617,0.519,0.247,21.872
2025-09-22 06:00,0.537,0.436,0.217,21.434
2025-09-22 07:00,0.406,0.305,0.178,20.607
2025-09-22 08:00,0.200,0.107,0.134,19.312
2025-09-22 09:00,0.039,0.014,0.049,17.031
2025-09-22 10:00,0,0,0,14.405
2025-09-22 11:00,0,0,0,13.624
2025-09-22 12:00,0,0,0,12.989
2025-09-22 13:00,0,0,0,12.356
2025-09-22 14:00,0,0,0,11.745
2025-09-22 15:00,0,0,0,11.156
2025-09-22 16:00,0,0,0,10.671
2025-09-22 17:00,0,0,0,10.168
2025-09-22 18:00,0,0,0,9.561
2025-09-22 19:00,0,0,0,9.061
2025-09-22 20:00,0,0,0,8.671
2025-09-22 21:00,0,0,0,8.438
2025-09-22 22:00,0.022,0.007,0.035,9.440
2025-09-22 23:00,0.084,0.014,0.096,11.538
2025-09-23 00:00,0.211,0.045,0.203,13.889
2025-09-23 01:00,0.277,0.058,0.265,16.611
2025-09-23 02:00,0.242,0.028,0.257,17.644
2025-09-23 03:00,0.251,0.027,0.269,17.986
2025-09-23 04:00,0.240,0.024,0.260,17.945
2025-09-23 05:00,0.202,0.017,0.224,17.676
2025-09-23 06:00,0.147,0.010,0.171,17.211
2025-09-23 07:00,0.094,0.006,0.118,16.580
2025-09-23 08:00,0.048,0.003,0.070,15.706
2025-09-23 09:00,0.002,0.001,0.018,14.322
2025-09-23 10:00,0,0,0,13.260
2025-09-23 11:00,0,0,0,12.757
2025-09-23 12:00,0,0,0,12.210
2025-09-23 13:00,0,0,0,11.777
2025-09-23 14:00,0,0,0,11.274
2025-09-23 15:00,0,0,0,10.623
2025-09-23 16:00,0,0,0,10.178
2025-09-23 17:00,0,0,0,9.712
2025-09-23 18:00,0,0,0,9.306
2025-09-23 19:00,0,0,0,9.010
2025-09-23 20:00,0,0,0,8.846
2025-09-23 21:00,0,0,0,8.766
2025-09-23 22:00,0.019,0.005,0.034,9.044
2025-09-23 23:00,0.201,0.100,0.133,10.615
2025-09-24 00:00,0.454,0.400,0.124,13.700
2025-09-24 01:00,0.615,0.603,0.141,17.672
2025-09-24 02:00,0.714,0.743,0.156,19.799
2025-09-24 03:00,0.761,0.815,0.164,21.189
2025-09-24 04:00,0.755,0.806,0.169,22.129
2025-09-24 05:00,0.701,0.729,0.165,22.606
2025-09-24 06:00,0.597,0.585,0.155,22.561
2025-09-24 07:00,0.439,0.390,0.138,22.005
2025-09-24 08:00,0.243,0.186,0.105,20.808
2025-09-24 09:00,0.052,0.045,0.034,17.754
2025-09-24 10:00,0,0,0,14.755
2025-09-24 11:00,0,0,0,13.814
2025-09-24 12:00,0,0,0,12.962
2025-09-24 13:00,0,0,0,12.263
2025-09-24 14:00,0,0,0,11.652
2025-09-24 15:00,0,0,0,11.058
2025-09-24 16:00,0,0,0,10.539
2025-09-24 17:00,0,0,0,9.955
2025-09-24 18:00,0,0,0,9.424
2025-09-24 19:00,0,0,0,8.946
2025-09-24 20:00,0,0,0,8.579
2025-09-24 21:00,0,0,0,8.356
2025-09-24 22:00,0.038,0.027,0.034,9.278
2025-09-24 23:00,0.247,0.194,0.089,12.429
2025-09-25 00:00,0.455,0.406,0.123,15.700
2025-09-25 01:00,0.610,0.605,0.143,20.156
2025-09-25 02:00,0.710,0.752,0.156,22.620
2025-09-25 03:00,0.761,0.832,0.163,23.764
2025-09-25 04:00,0.760,0.834,0.164,24.572
2025-09-25 05:00,0.685,0.708,0.174,24.956
2025-09-25 06:00,0.493,0.396,0.210,24.749
2025-09-25 07:00,0.382,0.297,0.165,24.331
2025-09-25 08:00,0.187,0.109,0.121,22.990
2025-09-25 09:00,0.027,0.015,0.035,20.445
2025-09-25 10:00,0,0,0,19.409
2025-09-25 11:00,0,0,0,18.641
2025-09-25 12:00,0,0,0,17.897
2025-09-25 13:00,0,0,0,16.954
2025-09-25 14:00,0,0,0,15.507
2025-09-25 15:00,0,0,0,13.924
2025-09-25 16:00,0,0,0,12.529
2025-09-25 17:00,0,0,0,11.492
2025-09-25 18:00,0,0,0,10.703
2025-09-25 19:00,0,0,0,10.040
2025-09-25 20:00,0,0,0,9.453
2025-09-25 21:00,0,0,0,8.946
2025-09-25 22:00,0.032,0.022,0.033,9.537
2025-09-25 23:00,0.232,0.174,0.095,13.047
2025-09-26 00:00,0.407,0.316,0.156,15.735
2025-09-26 01:00,0.399,0.216,0.253,18.475
2025-09-26 02:00,0.432,0.214,0.301,20.668
2025-09-26 03:00,0.511,0.305,0.316,22.046
2025-09-26 04:00,0.621,0.507,0.270,22.952
2025-09-26 05:00,0.556,0.418,0.268,23.267
2025-09-26 06:00,0.463,0.321,0.241,23.249
2025-09-26 07:00,0.342,0.217,0.192,22.889
2025-09-26 08:00,0.160,0.071,0.128,21.952
2025-09-26 09:00,0.023,0.011,0.034,19.493
2025-09-26 10:00,0,0,0,17.137
2025-09-26 11:00,0,0,0,15.837
2025-09-26 12:00,0,0,0,14.858
2025-09-26 13:00,0,0,0,14.062
2025-09-26 14:00,0,0,0,13.357
2025-09-26 15:00,0,0,0,12.877
2025-09-26 16:00,0,0,0,12.486
2025-09-26 17:00,0,0,0,12.193
2025-09-26 18:00,0,0,0,11.866
2025-09-26 19:00,0,0,0,11.548
2025-09-26 20:00,0,0,0,11.434
2025-09-26 21:00,0,0,0,11.227
2025-09-26 22:00,0.016,0.008,0.029,11.785
2025-09-26 23:00,0.118,0.037,0.111,14.556
2025-09-27 00:00,0.243,0.089,0.197,16.425
2025-09-27 01:00,0.377,0.183,0.262,19.434
2025-09-27 02:00,0.531,0.365,0.282,21.863
2025-09-27 03:00,0.606,0.473,0.284,23.281
2025-09-27 04:00,0.574,0.411,0.302,23.858
2025-09-27 05:00,0.551,0.403,0.278,24.025
2025-09-27 06:00,0.447,0.288,0.254,23.648
2025-09-27 07:00,0.264,0.109,0.208,22.565
2025-09-27 08:00,0.064,0.008,0.085,20.504
2025-09-27 09:00,0.003,0.001,0.018,18.233
2025-09-27 10:00,0,0,0,16.729
2025-09-27 11:00,0,0,0,16.106
2025-09-27 12:00,0,0,0,15.682
2025-09-27 13:00,0,0,0,14.961
2025-09-27 14:00,0,0,0,13.986
2025-09-27 15:00,0,0,0,13.362
2025-09-27 16:00,0,0,0,12.999
2025-09-27 17:00,0,0,0,12.557
2025-09-27 18:00,0,0,0,11.994
2025-09-27 19:00,0,0,0,11.554
2025-09-27 20:00,0,0,0,11.538
2025-09-27 21:00,0,0,0,11.603
2025-09-27 22:00,0.006,0.002,0.021,11.896
2025-09-27 23:00,0.106,0.027,0.107,13.401
2025-09-28 00:00,0.347,0.245,0.157,15.658
2025-09-28 01:00,0.543,0.483,0.167,18.233
2025-09-28 02:00,0.667,0.661,0.171,20.539
2025-09-28 03:00,0.743,0.795,0.163,22.327
2025-09-28 04:00,0.743,0.800,0.164,23.422
2025-09-28 05:00,0.698,0.742,0.155,23.957
2025-09-28 06:00,0.596,0.601,0.144,23.984
2025-09-28 07:00,0.447,0.418,0.123,23.504
2025-09-28 08:00,0.247,0.204,0.093,22.094
2025-09-28 09:00,0.044,0.042,0.027,18.834
2025-09-28 10:00,0,0,0,18.083
2025-09-28 11:00,0,0,0,17.631
2025-09-28 12:00,0,0,0,16.204
2025-09-28 13:00,0,0,0,14.913
2025-09-28 14:00,0,0,0,13.761
2025-09-28 15:00,0,0,0,12.718
2025-09-28 16:00,0,0,0,11.871
2025-09-28 17:00,0,0,0,11.194
2025-09-28 18:00,0,0,0,10.669
2025-09-28 19:00,0,0,0,10.243
2025-09-28 20:00,0,0,0,9.866
2025-09-28 21:00,0,0,0,9.474
2025-09-28 22:00,0.030,0.025,0.027,9.929
2025-09-28 23:00,0.239,0.196,0.081,14.138
2025-09-29 00:00,0.441,0.384,0.132,17.001
2025-09-29 01:00,0.591,0.566,0.159,20.684
2025-09-29 02:00,0.677,0.680,0.183,23.731
2025-09-29 03:00,0.648,0.584,0.240,24.848
2025-09-29 04:00,0.428,0.198,0.323,24.768
2025-09-29 05:00,0.276,0.064,0.270,24.182
2025-09-29 06:00,0.249,0.063,0.238,23.821
2025-09-29 07:00,0.183,0.046,0.180,23.090
2025-09-29 08:00,0.104,0.028,0.109,21.472
2025-09-29 09:00,0.018,0.009,0.030,18.483
2025-09-29 10:00,0,0,0,16.320
2025-09-29 11:00,0,0,0,15.658
2025-09-29 12:00,0,0,0,15.257
2025-09-29 13:00,0,0,0,14.998
2025-09-29 14:00,0,0,0,14.920
2025-09-29 15:00,0,0,0,14.509
2025-09-29 16:00,0,0,0,13.678
2025-09-29 17:00,0,0,0,13.196
2025-09-29 18:00,0,0,0,12.913
2025-09-29 19:00,0,0,0,12.560
2025-09-29 20:00,0,0,0,12.211
2025-09-29 21:00,0,0,0,11.734
2025-09-29 22:00,0.010,0.006,0.023,11.987
2025-09-29 23:00,0.154,0.076,0.110,14.106
2025-09-30 00:00,0.405,0.338,0.135,17.027
2025-09-30 01:00,0.576,0.553,0.151,20.841
2025-09-30 02:00,0.674,0.687,0.168,23.006
2025-09-30 03:00,0.694,0.697,0.194,24.061
2025-09-30 04:00,0.663,0.632,0.215,24.509
2025-09-30 05:00,0.574,0.488,0.229,24.579
2025-09-30 06:00,0.450,0.328,0.220,24.272
2025-09-30 07:00,0.300,0.179,0.182,23.589
2025-09-30 08:00,0.156,0.080,0.114,22.099
2025-09-30 09:00,0.020,0.014,0.028,19.042
2025-09-30 10:00,0,0,0,16.860
2025-09-30 11:00,0,0,0,15.951
2025-09-30 12:00,0,0,0,15.175
2025-09-30 13:00,0,0,0,14.381
2025-09-30 14:00,0,0,0,13.634
2025-09-30 15:00,0,0,0,13.074
2025-09-30 16:00,0,0,0,12.679
2025-09-30 17:00,0,0,0,12.299
2025-09-30 18:00,0,0,0,11.929
2025-09-30 19:00,0,0,0,11.607
2025-09-30 20:00,0,0,0,11.247
2025-09-30 21:00,0,0,0,10.860
2025-09-30 22:00,0.020,0.016,0.024,11.032
2025-09-30 23:00,0.217,0.166,0.088,14.309
2025-10-01 00:00,0.438,0.403,0.110,17.210
2025-10-01 01:00,0.598,0.608,0.128,21.187
2025-10-01 02:00,0.698,0.761,0.140,24.579
2025-10-01 03:00,0.751,0.847,0.145,25.735
2025-10-01 04:00,0.754,0.855,0.145,26.251
2025-10-01 05:00,0.707,0.786,0.139,26.396
2025-10-01 06:00,0.609,0.646,0.127,26.140
2025-10-01 07:00,0.449,0.437,0.113,25.427
2025-10-01 08:00,0.226,0.184,0.092,24.110
2025-10-01 09:00,0.028,0.027,0.025,21.672
2025-10-01 10:00,0,0,0,19.173
2025-10-01 11:00,0,0,0,17.164
2025-10-01 12:00,0,0,0,15.853
2025-10-01 13:00,0,0,0,15.013
2025-10-01 14:00,0,0,0,14.411
2025-10-01 15:00,0,0,0,13.832
2025-10-01 16:00,0,0,0,13.212
2025-10-01 17:00,0,0,0,12.603
2025-10-01 18:00,0,0,0,12.046
2025-10-01 19:00,0,0,0,11.564
2025-10-01 20:00,0,0,0,11.152
2025-10-01 21:00,0,0,0,10.841
2025-10-01 22:00,0.025,0.028,0.017,11.144
2025-10-01 23:00,0.221,0.180,0.079,14.936
2025-10-02 00:00,0.440,0.408,0.109,17.857
2025-10-02 01:00,0.596,0.605,0.130,21.518
2025-10-02 02:00,0.693,0.747,0.144,24.299
2025-10-02 03:00,0.742,0.822,0.152,25.415
2025-10-02 04:00,0.740,0.818,0.155,25.861
2025-10-02 05:00,0.688,0.740,0.152,25.882
2025-10-02 06:00,0.579,0.583,0.144,25.479
2025-10-02 07:00,0.422,0.386,0.126,24.656
2025-10-02 08:00,0.217,0.169,0.095,23.029
2025-10-02 09:00,0.025,0.024,0.024,19.257
2025-10-02 10:00,0,0,0,16.933
2025-10-02 11:00,0,0,0,16.093
2025-10-02 12:00,0,0,0,15.258
2025-10-02 13:00,0,0,0,14.441
2025-10-02 14:00,0,0,0,13.697
2025-10-02 15:00,0,0,0,13.052
2025-10-02 16:00,0,0,0,12.435
2025-10-02 17:00,0,0,0,11.862
2025-10-02 18:00,0,0,0,11.341
2025-10-02 19:00,0,0,0,10.891
2025-10-02 20:00,0,0,0,10.503
2025-10-02 21:00,0,0,0,10.157
2025-10-02 22:00,0.015,0.017,0.017,10.369
2025-10-02 23:00,0.189,0.134,0.088,13.276
2025-10-03 00:00,0.406,0.346,0.125,16.008
2025-10-03 01:00,0.570,0.548,0.145,20.023
2025-10-03 02:00,0.676,0.697,0.158,22.353
2025-10-03 03:00,0.733,0.786,0.162,23.413
2025-10-03 04:00,0.733,0.789,0.163,23.976
2025-10-03 05:00,0.683,0.715,0.159,24.141
2025-10-03 06:00,0.577,0.570,0.148,23.893
2025-10-03 07:00,0.415,0.370,0.130,23.146
2025-10-03 08:00,0.205,0.152,0.097,21.564
2025-10-03 09:00,0.022,0.021,0.023,18.055
2025-10-03 10:00,0,0,0,16.376
2025-10-03 11:00,0,0,0,16.267
2025-10-03 12:00,0,0,0,15.953
2025-10-03 13:00,0,0,0,15.387
2025-10-03 14:00,0,0,0,14.193
2025-10-03 15:00,0,0,0,13.456
2025-10-03 16:00,0,0,0,12.829
2025-10-03 17:00,0,0,0,12.225
2025-10-03 18:00,0,0,0,11.716
2025-10-03 19:00,0,0,0,11.268
2025-10-03 20:00,0,0,0,10.831
2025-10-03 21:00,0,0,0,10.527
2025-10-03 22:00,0.011,0.013,0.016,10.650
2025-10-03 23:00,0.171,0.112,0.091,12.987
2025-10-04 00:00,0.367,0.270,0.154,15.714
2025-10-04 01:00,0.529,0.445,0.186,18.282
2025-10-04 02:00,0.600,0.508,0.225,19.878
2025-10-04 03:00,0.674,0.621,0.225,21.160
2025-10-04 04:00,0.701,0.681,0.210,22.104
2025-10-04 05:00,0.658,0.632,0.197,22.622
2025-10-04 06:00,0.363,0.184,0.250,22.191
2025-10-04 07:00,0.129,0.021,0.143,20.947
2025-10-04 08:00,0.048,0.006,0.068,19.267
2025-10-04 09:00,0,0.001,0.012,17.158
2025-10-04 10:00,0,0,0,15.999
2025-10-04 11:00,0,0,0,14.908
2025-10-04 12:00,0,0,0,13.641
2025-10-04 13:00,0,0,0,12.801
2025-10-04 14:00,0,0,0,12.251
2025-10-04 15:00,0,0,0,11.787
2025-10-04 16:00,0,0,0,11.371
2025-10-04 17:00,0,0,0,10.866
2025-10-04 18:00,0,0,0,10.302
2025-10-04 19:00,0,0,0,9.837
2025-10-04 20:00,0,0,0,9.292
2025-10-04 21:00,0,0,0,8.766
2025-10-04 22:00,0,0.001,0.011,8.380
2025-10-04 23:00,0.067,0.013,0.078,8.810
2025-10-05 00:00,0.140,0.020,0.149,9.878
2025-10-05 01:00,0.189,0.024,0.197,11.134
2025-10-05 02:00,0.281,0.051,0.271,12.460
2025-10-05 03:00,0.329,0.069,0.307,13.289
2025-10-05 04:00,0.346,0.080,0.316,13.571
2025-10-05 05:00,0.311,0.067,0.289,13.306
2025-10-05 06:00,0.202,0.027,0.209,12.346
2025-10-05 07:00,0.107,0.010,0.125,10.979
2025-10-05 08:00,0.046,0.004,0.065,9.522
2025-10-05 09:00,0,0.001,0.012,8.114
2025-10-05 10:00,0,0,0,7.237
2025-10-05 11:00,0,0,0,6.804
2025-10-05 12:00,0,0,0,6.582
2025-10-05 13:00,0,0,0,6.517
2025-10-05 14:00,0,0,0,6.515
2025-10-05 15:00,0,0,0,6.504
2025-10-05 16:00,0,0,0,6.480
2025-10-05 17:00,0,0,0,6.404
2025-10-05 18:00,0,0,0,6.233
2025-10-05 19:00,0,0,0,5.862
2025-10-05 20:00,0,0,0,5.325
2025-10-05 21:00,0,0,0,4.970
2025-10-05 22:00,0,0.001,0.008,4.944
2025-10-05 23:00,0.062,0.009,0.076,5.649
2025-10-06 00:00,0.247,0.111,0.166,7.250
2025-10-06 01:00,0.441,0.287,0.209,9.327
2025-10-06 02:00,0.615,0.513,0.207,11.632
2025-10-06 03:00,0.755,0.756,0.171,13.827
2025-10-06 04:00,0.754,0.763,0.171,15.444
2025-10-06 05:00,0.698,0.692,0.165,16.560
2025-10-06 06:00,0.590,0.557,0.152,17.117
2025-10-06 07:00,0.423,0.364,0.131,17.056
2025-10-06 08:00,0.209,0.154,0.094,16.179
2025-10-06 09:00,0.017,0.018,0.019,12.815
2025-10-06 10:00,0,0,0,10.704
2025-10-06 11:00,0,0,0,9.941
2025-10-06 12:00,0,0,0,9.277
2025-10-06 13:00,0,0,0,8.851
2025-10-06 14:00,0,0,0,8.918
2025-10-06 15:00,0,0,0,9.054
2025-10-06 16:00,0,0,0,9.258
2025-10-06 17:00,0,0,0,9.421
2025-10-06 18:00,0,0,0,9.336
2025-10-06 19:00,0,0,0,9.227
2025-10-06 20:00,0,0,0,9.446
2025-10-06 21:00,0,0,0,9.530
2025-10-06 22:00,0.003,0.007,0.013,9.372
2025-10-06 23:00,0.154,0.094,0.090,11.453
2025-10-07 00:00,0.397,0.335,0.121,14.130
2025-10-07 01:00,0.568,0.538,0.141,17.069
2025-10-07 02:00,0.681,0.694,0.153,19.310
2025-10-07 03:00,0.739,0.787,0.157,20.926
2025-10-07 04:00,0.743,0.801,0.155,21.972
2025-10-07 05:00,0.696,0.737,0.148,22.435
2025-10-07 06:00,0.591,0.595,0.136,22.231
2025-10-07 07:00,0.433,0.401,0.117,21.299
2025-10-07 08:00,0.223,0.182,0.085,18.977
2025-10-07 09:00,0.018,0.021,0.017,14.298
2025-10-07 10:00,0,0,0,11.475
2025-10-07 11:00,0,0,0,9.686
2025-10-07 12:00,0,0,0,8.084
2025-10-07 13:00,0,0,0,6.699
2025-10-07 14:00,0,0,0,5.526
2025-10-07 15:00,0,0,0,4.542
2025-10-07 16:00,0,0,0,3.871
2025-10-07 17:00,0,0,0,3.376
2025-10-07 18:00,0,0,0,2.978
2025-10-07 19:00,0,0,0,2.965
2025-10-07 20:00,0,0,0,2.694
2025-10-07 21:00,0,0,0,2.437
2025-10-07 22:00,0.004,0.009,0.012,2.445
2025-10-07 23:00,0.153,0.091,0.086,4.542
2025-10-08 00:00,0.347,0.222,0.163,6.896
2025-10-08 01:00,0.532,0.408,0.196,8.624
2025-10-08 02:00,0.672,0.583,0.206,10.038
2025-10-08 03:00,0.736,0.671,0.213,10.946
2025-10-08 04:00,0.684,0.569,0.243,11.395
2025-10-08 05:00,0.543,0.355,0.271,11.311
2025-10-08 06:00,0.217,0.039,0.210,10.197
2025-10-08 07:00,0.064,0.004,0.083,8.644
2025-10-08 08:00,0.019,0.002,0.037,7.220
2025-10-08 09:00,0,0,0.005,5.953
2025-10-08 10:00,0,0,0,5.162
2025-10-08 11:00,0,0,0,4.631
2025-10-08 12:00,0,0,0,4.272
2025-10-08 13:00,0,0,0,3.957
2025-10-08 14:00,0,0,0,3.432
2025-10-08 15:00,0,0,0,3.371
2025-10-08 16:00,0,0,0,3.531
2025-10-08 17:00,0,0,0,3.743
2025-10-08 18:00,0,0,0,3.916
2025-10-08 19:00,0,0,0,4.034
2025-10-08 20:00,0,0,0,4.052
2025-10-08 21:00,0,0,0,3.951
2025-10-08 22:00,0,0,0.004,3.777
2025-10-08 23:00,0.015,0.001,0.033,4.014
2025-10-09 00:00,0.068,0.005,0.087,4.348
2025-10-09 01:00,0.332,0.118,0.250,6.337
2025-10-09 02:00,0.454,0.211,0.299,8.248
2025-10-09 03:00,0.402,0.129,0.322,9.387
2025-10-09 04:00,0.307,0.058,0.288,9.932
2025-10-09 05:00,0.186,0.017,0.199,9.913
2025-10-09 06:00,0.127,0.009,0.145,9.778
2025-10-09 07:00,0.082,0.006,0.101,9.504
2025-10-09 08:00,0.028,0.002,0.046,8.619
2025-10-09 09:00,0,0,0.009,7.122
2025-10-09 10:00,0,0,0,5.976
2025-10-09 11:00,0,0,0,5.444
2025-10-09 12:00,0,0,0,5.417
2025-10-09 13:00,0,0,0,5.142
2025-10-09 14:00,0,0,0,4.887
2025-10-09 15:00,0,0,0,4.776
2025-10-09 16:00,0,0,0,4.768
2025-10-09 17:00,0,0,0,4.676
2025-10-09 18:00,0,0,0,4.253
2025-10-09 19:00,0,0,0,3.869
2025-10-09 20:00,0,0,0,3.762
2025-10-09 21:00,0,0,0,3.571
2025-10-09 22:00,0,0.002,0.009,3.234
2025-10-09 23:00,0.130,0.057,0.097,4.648
2025-10-10 00:00,0.393,0.298,0.139,7.014
2025-10-10 01:00,0.571,0.487,0.168,9.138
2025-10-10 02:00,0.666,0.589,0.197,10.836
2025-10-10 03:00,0.615,0.463,0.260,12.021
2025-10-10 04:00,0.607,0.450,0.265,12.945
2025-10-10 05:00,0.484,0.284,0.275,13.390
2025-10-10 06:00,0.271,0.081,0.231,13.195
2025-10-10 07:00,0.111,0.015,0.124,12.508
2025-10-10 08:00,0.024,0.003,0.042,10.801
2025-10-10 09:00,0,0,0.006,9.089
2025-10-10 10:00,0,0,0,8.264
2025-10-10 11:00,0,0,0,7.907
2025-10-10 12:00,0,0,0,7.700
2025-10-10 13:00,0,0,0,7.123
2025-10-10 14:00,0,0,0,6.955
2025-10-10 15:00,0,0,0,6.672
2025-10-10 16:00,0,0,0,6.236
2025-10-10 17:00,0,0,0,5.966
2025-10-10 18:00,0,0,0,5.604
2025-10-10 19:00,0,0,0,5.298
2025-10-10 20:00,0,0,0,5.224
2025-10-10 21:00,0,0,0,5.217
2025-10-10 22:00,0,0.001,0.007,5.385
2025-10-10 23:00,0.073,0.020,0.077,7.543
2025-10-11 00:00,0.191,0.060,0.161,9.679
2025-10-11 01:00,0.293,0.106,0.229,12.498
2025-10-11 02:00,0.338,0.116,0.273,15.062
2025-10-11 03:00,0.328,0.094,0.288,16.463
2025-10-11 04:00,0.378,0.140,0.302,17.585
2025-10-11 05:00,0.500,0.330,0.265,18.864
2025-10-11 06:00,0.544,0.476,0.180,19.628
2025-10-11 07:00,0.379,0.296,0.150,19.091
2025-10-11 08:00,0.100,0.036,0.093,16.693
2025-10-11 09:00,0,0.001,0.009,13.215
2025-10-11 10:00,0,0,0,11.322
2025-10-11 11:00,0,0,0,10.077
2025-10-11 12:00,0,0,0,9.133
2025-10-11 13:00,0,0,0,8.286
2025-10-11 14:00,0,0,0,7.375
2025-10-11 15:00,0,0,0,6.425
2025-10-11 16:00,0,0,0,5.194
2025-10-11 17:00,0,0,0,3.925
2025-10-11 18:00,0,0,0,2.815
2025-10-11 19:00,0,0,0,1.932
2025-10-11 20:00,0,0,0,1.281
2025-10-11 21:00,0,0,0,1.270
2025-10-11 22:00,0,0.003,0.008,1.541
2025-10-11 23:00,0.089,0.030,0.082,2.931
2025-10-12 00:00,0.166,0.036,0.154,4.826
2025-10-12 01:00,0.203,0.033,0.197,6.181
2025-10-12 02:00,0.195,0.021,0.202,7.172
2025-10-12 03:00,0.204,0.020,0.213,7.899
2025-10-12 04:00,0.273,0.044,0.263,8.809
2025-10-12 05:00,0.312,0.076,0.275,9.842
2025-10-12 06:00,0.231,0.046,0.218,10.381
2025-10-12 07:00,0.149,0.027,0.151,10.508
2025-10-12 08:00,0.055,0.009,0.070,9.808
2025-10-12 09:00,0,0.001,0.009,7.860
2025-10-12 10:00,0,0,0,7.131
2025-10-12 11:00,0,0,0,7.006
2025-10-12 12:00,0,0,0,6.952
2025-10-12 13:00,0,0,0,6.960
2025-10-12 14:00,0,0,0,7.077
2025-10-12 15:00,0,0,0,7.211
2025-10-12 16:00,0,0,0,7.215
2025-10-12 17:00,0,0,0,6.980
2025-10-12 18:00,0,0,0,6.474
2025-10-12 19:00,0,0,0,6.145
2025-10-12 20:00,0,0,0,5.746
2025-10-12 21:00,0,0,0,5.456
2025-10-12 22:00,0,0.005,0.009,5.197
2025-10-12 23:00,0.152,0.090,0.088,7.653
2025-10-13 00:00,0.399,0.338,0.113,10.262
2025-10-13 01:00,0.574,0.537,0.136,13.382
2025-10-13 02:00,0.681,0.679,0.152,16.153
2025-10-13 03:00,0.741,0.770,0.157,17.705
2025-10-13 04:00,0.739,0.771,0.159,18.726
2025-10-13 05:00,0.680,0.691,0.155,19.384
2025-10-13 06:00,0.558,0.525,0.149,19.372
2025-10-13 07:00,0.381,0.318,0.130,18.849
2025-10-13 08:00,0.162,0.110,0.087,17.003
2025-10-13 09:00,0.002,0.007,0.011,13.109
2025-10-13 10:00,0,0,0,11.356
2025-10-13 11:00,0,0,0,10.215
2025-10-13 12:00,0,0,0,9.227
2025-10-13 13:00,0,0,0,8.542
2025-10-13 14:00,0,0,0,7.837
2025-10-13 15:00,0,0,0,6.969
2025-10-13 16:00,0,0,0,6.262
2025-10-13 17:00,0,0,0,5.762
2025-10-13 18:00,0,0,0,5.513
2025-10-13 19:00,0,0,0,5.243
2025-10-13 20:00,0,0,0,4.906
2025-10-13 21:00,0,0,0,4.355
2025-10-13 22:00,0,0.003,0.007,3.836
2025-10-13 23:00,0.091,0.039,0.075,4.846
2025-10-14 00:00,0.265,0.141,0.154,6.138
2025-10-14 01:00,0.457,0.318,0.194,7.950
2025-10-14 02:00,0.616,0.514,0.201,9.961
2025-10-14 03:00,0.714,0.667,0.190,11.956
2025-10-14 04:00,0.719,0.686,0.188,13.820
2025-10-14 05:00,0.664,0.623,0.179,15.139
2025-10-14 06:00,0.543,0.474,0.167,15.852
2025-10-14 07:00,0.373,0.292,0.139,15.940
2025-10-14 08:00,0.161,0.106,0.088,14.645
2025-10-14 09:00,0.001,0.006,0.011,11.283
2025-10-14 10:00,0,0,0,9.412
2025-10-14 11:00,0,0,0,8.005
2025-10-14 12:00,0,0,0,6.691
2025-10-14 13:00,0,0,0,6.023
2025-10-14 14:00,0,0,0,5.875
2025-10-14 15:00,0,0,0,5.717
2025-10-14 16:00,0,0,0,5.609
2025-10-14 17:00,0,0,0,5.659
2025-10-14 18:00,0,0,0,5.963
2025-10-14 19:00,0,0,0,6.248
2025-10-14 20:00,0,0,0,6.368
2025-10-14 21:00,0,0,0,6.383
2025-10-14 22:00,0,0,0.002,6.388
2025-10-14 23:00,0.008,0.001,0.024,6.956
2025-10-15 00:00,0.037,0.002,0.057,7.689
2025-10-15 01:00,0.071,0.003,0.092,8.750
2025-10-15 02:00,0.085,0.003,0.107,9.458
2025-10-15 03:00,0.093,0.003,0.115,9.612
2025-10-15 04:00,0.106,0.004,0.128,9.015
2025-10-15 05:00,0.128,0.006,0.148,8.208
2025-10-15 06:00,0.091,0.004,0.111,6.444
2025-10-15 07:00,0.059,0.003,0.079,4.284
2025-10-15 08:00,0.014,0.001,0.032,2.583
2025-10-15 09:00,0,0,0.003,1.646
2025-10-15 10:00,0,0,0,1.484
2025-10-15 11:00,0,0,0,1.394
2025-10-15 12:00,0,0,0,1.234
2025-10-15 13:00,0,0,0,1.050
2025-10-15 14:00,0,0,0,0.868
2025-10-15 15:00,0,0,0,0.586
2025-10-15 16:00,0,0,0,0.288
2025-10-15 17:00,0,0,0,-0.037
2025-10-15 18:00,0,0,0,-0.366
2025-10-15 19:00,0,0,0,-0.696
2025-10-15 20:00,0,0,0,-1.040
2025-10-15 21:00,0,0,0,-1.430
2025-10-15 22:00,0,0,0.004,-1.659
2025-10-15 23:00,0.049,0.007,0.062,-1.304
2025-10-16 00:00,0.204,0.069,0.156,-0.227
2025-10-16 01:00,0.310,0.112,0.223,1.151
2025-10-16 02:00,0.465,0.240,0.268,2.589
2025-10-16 03:00,0.645,0.481,0.249,4.140
2025-10-16 04:00,0.688,0.561,0.231,5.561
2025-10-16 05:00,0.537,0.349,0.256,6.617
2025-10-16 06:00,0.266,0.076,0.221,6.906
2025-10-16 07:00,0.143,0.029,0.140,6.757
2025-10-16 08:00,0.080,0.025,0.079,6.247
2025-10-16 09:00,0,0.001,0.007,4.276
2025-10-16 10:00,0,0,0,4.088
2025-10-16 11:00,0,0,0,3.567
2025-10-16 12:00,0,0,0,3.149
2025-10-16 13:00,0,0,0,2.873
2025-10-16 14:00,0,0,0,2.697
2025-10-16 15:00,0,0,0,2.645
2025-10-16 16:00,0,0,0,2.515
2025-10-16 17:00,0,0,0,2.682
2025-10-16 18:00,0,0,0,2.906
2025-10-16 19:00,0,0,0,3.237
2025-10-16 20:00,0,0,0,3.605
2025-10-16 21:00,0,0,0,3.980
2025-10-16 22:00,0,0,0.001,3.683
2025-10-16 23:00,0.010,0.001,0.027,4.132
2025-10-17 00:00,0.066,0.006,0.083,4.984
2025-10-17 01:00,0.150,0.019,0.157,5.418
2025-10-17 02:00,0.252,0.049,0.233,6.016
2025-10-17 03:00,0.294,0.063,0.263,6.084
2025-10-17 04:00,0.295,0.062,0.264,5.439
2025-10-17 05:00,0.360,0.123,0.272,4.895
2025-10-17 06:00,0.361,0.164,0.232,4.260
2025-10-17 07:00,0.237,0.095,0.167,3.273
2025-10-17 08:00,0.118,0.053,0.087,1.860
2025-10-17 09:00,0.002,0.007,0.010,-0.200
2025-10-17 10:00,0,0,0,-1.796
2025-10-17 11:00,0,0,0,-2.487
2025-10-17 12:00,0,0,0,-2.787
2025-10-17 13:00,0,0,0,-3.281
2025-10-17 14:00,0,0,0,-3.831
2025-10-17 15:00,0,0,0,-4.271
2025-10-17 16:00,0,0,0,-4.556
2025-10-17 17:00,0,0,0,-4.906
2025-10-17 18:00,0,0,0,-5.346
2025-10-17 19:00,0,0,0,-5.558
2025-10-17 20:00,0,0,0,-5.711
2025-10-17 21:00,0,0,0,-5.816
2025-10-17 22:00,0,0.004,0.005,-5.921
2025-10-17 23:00,0.169,0.114,0.072,-4.640
2025-10-18 00:00,0.446,0.381,0.094,-1.808
2025-10-18 01:00,0.640,0.595,0.114,0.538
2025-10-18 02:00,0.761,0.745,0.129,1.868
2025-10-18 03:00,0.825,0.834,0.135,2.842
2025-10-18 04:00,0.825,0.836,0.136,3.556
2025-10-18 05:00,0.766,0.759,0.132,3.946
2025-10-18 06:00,0.634,0.590,0.126,3.986
2025-10-18 07:00,0.373,0.277,0.130,3.512
2025-10-18 08:00,0.077,0.030,0.070,2.453
2025-10-18 09:00,0,0.002,0.006,0.293
2025-10-18 10:00,0,0,0,-0.822
2025-10-18 11:00,0,0,0,-1.110
2025-10-18 12:00,0,0,0,-1.206
2025-10-18 13:00,0,0,0,-1.305
2025-10-18 14:00,0,0,0,-1.454
2025-10-18 15:00,0,0,0,-1.970
2025-10-18 16:00,0,0,0,-2.282
2025-10-18 17:00,0,0,0,-2.423
2025-10-18 18:00,0,0,0,-2.617
2025-10-18 19:00,0,0,0,-2.850
2025-10-18 20:00,0,0,0,-3.077
2025-10-18 21:00,0,0,0,-3.503
2025-10-18 22:00,0,0.002,0.003,-4.221
2025-10-18 23:00,0.122,0.074,0.067,-2.803
2025-10-19 00:00,0.412,0.342,0.099,-1.081
2025-10-19 01:00,0.570,0.489,0.134,-0.070
2025-10-19 02:00,0.771,0.765,0.118,1.074
2025-10-19 03:00,0.852,0.886,0.117,2.119
2025-10-19 04:00,0.851,0.887,0.119,2.814
2025-10-19 05:00,0.790,0.805,0.116,3.144
2025-10-19 06:00,0.659,0.633,0.111,2.962
2025-10-19 07:00,0.447,0.384,0.103,2.202
2025-10-19 08:00,0.190,0.141,0.070,0.959
2025-10-19 09:00,0,0.005,0.006,-1.186
2025-10-19 10:00,0,0,0,-2.650
2025-10-19 11:00,0,0,0,-3.494
2025-10-19 12:00,0,0,0,-4.163
2025-10-19 13:00,0,0,0,-4.698
2025-10-19 14:00,0,0,0,-5.078
2025-10-19 15:00,0,0,0,-5.360
2025-10-19 16:00,0,0,0,-5.582
2025-10-19 17:00,0,0,0,-5.726
2025-10-19 18:00,0,0,0,-5.755
2025-10-19 19:00,0,0,0,-5.670
2025-10-19 20:00,0,0,0,-5.721
2025-10-19 21:00,0,0,0,-5.819
2025-10-19 22:00,0,0.005,0.003,-5.767
2025-10-19 23:00,0.196,0.162,0.052,-3.879
2025-10-20 00:00,0.473,0.432,0.076,-1.379
2025-10-20 01:00,0.669,0.653,0.092,0.342
2025-10-20 02:00,0.792,0.811,0.104,1.734
2025-10-20 03:00,0.852,0.895,0.111,2.793
2025-10-20 04:00,0.852,0.899,0.112,3.564
2025-10-20 05:00,0.795,0.824,0.108,4.039
2025-10-20 06:00,0.676,0.671,0.099,4.157
2025-10-20 07:00,0.496,0.464,0.083,3.771
2025-10-20 08:00,0.258,0.226,0.056,2.007
2025-10-20 09:00,0.001,0.011,0.006,-2.099
2025-10-20 10:00,0,0,0,-3.249
2025-10-20 11:00,0,0,0,-3.840
2025-10-20 12:00,0,0,0,-4.205
2025-10-20 13:00,0,0,0,-4.401
2025-10-20 14:00,0,0,0,-4.507
2025-10-20 15:00,0,0,0,-4.634
2025-10-20 16:00,0,0,0,-4.799
2025-10-20 17:00,0,0,0,-4.928
2025-10-20 18:00,0,0,0,-4.971
2025-10-20 19:00,0,0,0,-4.984
2025-10-20 20:00,0,0,0,-4.972
2025-10-20 21:00,0,0,0,-4.953
2025-10-20 22:00,0,0.004,0.003,-4.922
2025-10-20 23:00,0.183,0.151,0.051,-3.211
2025-10-21 00:00,0.454,0.407,0.080,-0.598
2025-10-21 01:00,0.652,0.631,0.097,1.409
2025-10-21 02:00,0.777,0.792,0.108,2.776
2025-10-21 03:00,0.838,0.878,0.114,3.865
2025-10-21 04:00,0.839,0.883,0.115,4.678
2025-10-21 05:00,0.783,0.809,0.111,5.126
2025-10-21 06:00,0.662,0.654,0.102,5.151
2025-10-21 07:00,0.483,0.449,0.086,4.661
2025-10-21 08:00,0.247,0.214,0.057,2.391
2025-10-21 09:00,0,0.009,0.005,-0.509
2025-10-21 10:00,0,0,0,-0.750
2025-10-21 11:00,0,0,0,-0.448
2025-10-21 12:00,0,0,0,-0.509
2025-10-21 13:00,0,0,0,-1.544
2025-10-21 14:00,0,0,0,-2.689
2025-10-21 15:00,0,0,0,-3.365
2025-10-21 16:00,0,0,0,-3.732
2025-10-21 17:00,0,0,0,-3.960
2025-10-21 18:00,0,0,0,-4.118
2025-10-21 19:00,0,0,0,-4.236
2025-10-21 20:00,0,0,0,-4.328
2025-10-21 21:00,0,0,0,-4.370
2025-10-21 22:00,0,0.003,0.003,-4.342
2025-10-21 23:00,0.170,0.138,0.052,-2.189
2025-10-22 00:00,0.442,0.395,0.082,0.473
2025-10-22 01:00,0.634,0.613,0.101,3.438
2025-10-22 02:00,0.756,0.769,0.114,5.133
2025-10-22 03:00,0.816,0.853,0.120,6.239
2025-10-22 04:00,0.815,0.855,0.122,6.922
2025-10-22 05:00,0.757,0.776,0.118,7.250
2025-10-22 06:00,0.638,0.623,0.109,7.167
2025-10-22 07:00,0.455,0.413,0.093,6.468
2025-10-22 08:00,0.213,0.177,0.061,3.649
2025-10-22 09:00,0,0.005,0.005,-0.332
2025-10-22 10:00,0,0,0,-1.198
2025-10-22 11:00,0,0,0,-1.189
2025-10-22 12:00,0,0,0,-0.682
2025-10-22 13:00,0,0,0,-0.208
2025-10-22 14:00,0,0,0,-0.118
2025-10-22 15:00,0,0,0,-0.623
2025-10-22 16:00,0,0,0,-1.503
2025-10-22 17:00,0,0,0,-2.457
2025-10-22 18:00,0,0,0,-3.368
2025-10-22 19:00,0,0,0,-3.981
2025-10-22 20:00,0,0,0,-4.374
2025-10-22 21:00,0,0,0,-4.553
2025-10-22 22:00,0,0.002,0.002,-4.527
2025-10-22 23:00,0.150,0.116,0.054,-2.591
2025-10-23 00:00,0.418,0.359,0.090,-0.111
2025-10-23 01:00,0.616,0.581,0.109,3.301
2025-10-23 02:00,0.741,0.741,0.121,5.207
2025-10-23 03:00,0.801,0.827,0.128,6.483
2025-10-23 04:00,0.803,0.832,0.129,7.284
2025-10-23 05:00,0.746,0.757,0.124,7.712
2025-10-23 06:00,0.608,0.575,0.121,7.682
2025-10-23 07:00,0.421,0.365,0.103,7.070
2025-10-23 08:00,0.181,0.142,0.065,4.530
2025-10-23 09:00,0,0.004,0.004,0.428
2025-10-23 10:00,0,0,0,-0.820
2025-10-23 11:00,0,0,0,-1.556
2025-10-23 12:00,0,0,0,-1.989
2025-10-23 13:00,0,0,0,-2.146
2025-10-23 14:00,0,0,0,-2.206
2025-10-23 15:00,0,0,0,-2.618
2025-10-23 16:00,0,0,0,-3.068
2025-10-23 17:00,0,0,0,-3.194
2025-10-23 18:00,0,0,0,-3.168
2025-10-23 19:00,0,0,0,-3.127
2025-10-23 20:00,0,0,0,-3.042
2025-10-23 21:00,0,0,0,-2.952
2025-10-23 22:00,0,0.001,0.002,-2.649
2025-10-23 23:00,0.080,0.044,0.057,-0.569
2025-10-24 00:00,0.296,0.203,0.120,2.268
2025-10-24 01:00,0.495,0.401,0.149,5.323
2025-10-24 02:00,0.647,0.592,0.155,7.734
2025-10-24 03:00,0.741,0.735,0.148,9.295
2025-10-24 04:00,0.756,0.765,0.144,10.223
2025-10-24 05:00,0.709,0.710,0.134,10.701
2025-10-24 06:00,0.594,0.567,0.122,10.694
2025-10-24 07:00,0.420,0.373,0.101,10.043
2025-10-24 08:00,0.189,0.154,0.062,6.975
2025-10-24 09:00,0,0.004,0.004,3.570
2025-10-24 10:00,0,0,0,2.339
2025-10-24 11:00,0,0,0,1.866
2025-10-24 12:00,0,0,0,1.610
2025-10-24 13:00,0,0,0,1.286
2025-10-24 14:00,0,0,0,0.920
2025-10-24 15:00,0,0,0,-0.121
2025-10-24 16:00,0,0,0,-1.327
2025-10-24 17:00,0,0,0,-2.120
2025-10-24 18:00,0,0,0,-2.443
2025-10-24 19:00,0,0,0,-2.606
2025-10-24 20:00,0,0,0,-2.780
2025-10-24 21:00,0,0,0,-2.873
2025-10-24 22:00,0,0.001,0.001,-2.828
2025-10-24 23:00,0.158,0.129,0.049,-0.452
2025-10-25 00:00,0.432,0.395,0.077,3.066
2025-10-25 01:00,0.623,0.615,0.096,6.562
2025-10-25 02:00,0.740,0.771,0.109,8.978
2025-10-25 03:00,0.796,0.851,0.116,10.095
2025-10-25 04:00,0.795,0.853,0.118,10.965
2025-10-25 05:00,0.739,0.777,0.114,11.488
2025-10-25 06:00,0.619,0.619,0.106,11.506
2025-10-25 07:00,0.445,0.418,0.087,10.900
2025-10-25 08:00,0.220,0.195,0.055,8.172
2025-10-25 09:00,0,0.006,0.003,3.841
2025-10-25 10:00,0,0,0,2.730
2025-10-25 11:00,0,0,0,2.356
2025-10-25 12:00,0,0,0,1.848
2025-10-25 13:00,0,0,0,1.019
2025-10-25 14:00,0,0,0,0.162
2025-10-25 15:00,0,0,0,-0.907
2025-10-25 16:00,0,0,0,-2.034
2025-10-25 17:00,0,0,0,-2.785
2025-10-25 18:00,0,0,0,-3.408
2025-10-25 19:00,0,0,0,-4.023
2025-10-25 20:00,0,0,0,-4.447
2025-10-25 21:00,0,0,0,-4.818
2025-10-25 22:00,0,0.001,0.001,-4.958
2025-10-25 23:00,0.170,0.145,0.044,-2.965
2025-10-26 00:00,0.448,0.409,0.072,-0.536
2025-10-26 01:00,0.651,0.635,0.089,0.757
2025-10-26 02:00,0.779,0.796,0.101,1.663
2025-10-26 03:00,0.843,0.885,0.107,2.486
2025-10-26 04:00,0.846,0.892,0.108,3.198
2025-10-26 05:00,0.789,0.819,0.103,3.687
2025-10-26 06:00,0.669,0.665,0.094,3.717
2025-10-26 07:00,0.488,0.458,0.078,3.191
2025-10-26 08:00,0.252,0.226,0.050,1.511
2025-10-26 09:00,0,0.008,0.003,-2.590
2025-10-26 10:00,0,0,0,-3.611
2025-10-26 11:00,0,0,0,-4.108
2025-10-26 12:00,0,0,0,-4.427
2025-10-26 13:00,0,0,0,-4.546
2025-10-26 14:00,0,0,0,-4.544
2025-10-26 15:00,0,0,0,-4.818
2025-10-26 16:00,0,0,0,-5.205
2025-10-26 17:00,0,0,0,-5.365
2025-10-26 18:00,0,0,0,-5.449
2025-10-26 19:00,0,0,0,-5.465
2025-10-26 20:00,0,0,0,-5.457
2025-10-26 21:00,0,0,0,-5.461
2025-10-26 22:00,0,0.001,0.001,-5.464
2025-10-26 23:00,0.159,0.133,0.043,-3.942
2025-10-27 00:00,0.438,0.394,0.074,-1.606
2025-10-27 01:00,0.644,0.621,0.092,-0.041
2025-10-27 02:00,0.774,0.785,0.103,1.223
2025-10-27 03:00,0.836,0.872,0.109,2.402
2025-10-27 04:00,0.840,0.884,0.109,3.361
2025-10-27 05:00,0.786,0.815,0.103,4.036
2025-10-27 06:00,0.669,0.669,0.093,4.292
2025-10-27 07:00,0.490,0.463,0.076,3.868
2025-10-27 08:00,0.255,0.230,0.048,0.539
2025-10-27 09:00,0.001,0.014,0.002,-2.252
2025-10-27 10:00,0,0,0,-1.926
2025-10-27 11:00,0,0,0,-1.469
2025-10-27 12:00,0,0,0,-1.182
2025-10-27 13:00,0,0,0,-1.314
2025-10-27 14:00,0,0,0,-1.831
2025-10-27 15:00,0,0,0,-2.128
2025-10-27 16:00,0,0,0,-2.302
2025-10-27 17:00,0,0,0,-2.466
2025-10-27 18:00,0,0,0,-2.530
2025-10-27 19:00,0,0,0,-2.580
2025-10-27 20:00,0,0,0,-2.552
2025-10-27 21:00,0,0,0,-2.423
2025-10-27 22:00,0,0,0.001,-2.490
2025-10-27 23:00,0.137,0.112,0.045,-1.968
2025-10-28 00:00,0.401,0.343,0.088,-0.058
2025-10-28 01:00,0.598,0.557,0.110,3.073
2025-10-28 02:00,0.719,0.707,0.126,5.524
2025-10-28 03:00,0.777,0.791,0.133,7.456
2025-10-28 04:00,0.774,0.791,0.136,8.852
2025-10-28 05:00,0.714,0.715,0.131,9.746
2025-10-28 06:00,0.593,0.565,0.120,10.019
2025-10-28 07:00,0.411,0.360,0.100,8.652
2025-10-28 08:00,0.171,0.138,0.058,4.075
2025-10-28 09:00,0,-0,0.002,1.152
2025-10-28 10:00,0,0,0,1.414
2025-10-28 11:00,0,0,0,2.182
2025-10-28 12:00,0,0,0,2.606
2025-10-28 13:00,0,0,0,2.612
2025-10-28 14:00,0,0,0,2.527
2025-10-28 15:00,0,0,0,2.085
2025-10-28 16:00,0,0,0,1.701
2025-10-28 17:00,0,0,0,1.966
2025-10-28 18:00,0,0,0,2.425
2025-10-28 19:00,0,0,0,2.820
2025-10-28 20:00,0,0,0,3.137
2025-10-28 21:00,0,0,0,3.545
2025-10-28 22:00,0,0,0,3.771
2025-10-28 23:00,0.008,0.003,0.023,3.921
2025-10-29 00:00,0.075,0.009,0.089,4.987
2025-10-29 01:00,0.127,0.014,0.138,6.411
2025-10-29 02:00,0.141,0.013,0.155,7.768
2025-10-29 03:00,0.200,0.025,0.206,9.111
2025-10-29 04:00,0.235,0.038,0.231,10.237
2025-10-29 05:00,0.174,0.021,0.184,10.514
2025-10-29 06:00,0.122,0.013,0.136,10.166
2025-10-29 07:00,0.082,0.011,0.097,9.549
2025-10-29 08:00,0.020,0.005,0.036,7.940
2025-10-29 09:00,0,-0,0.001,6.325
2025-10-29 10:00,0,0,0,5.783
2025-10-29 11:00,0,0,0,5.165
2025-10-29 12:00,0,0,0,4.389
2025-10-29 13:00,0,0,0,3.599
2025-10-29 14:00,0,0,0,2.590
2025-10-29 15:00,0,0,0,1.196
2025-10-29 16:00,0,0,0,-0.094
2025-10-29 17:00,0,0,0,-0.935
2025-10-29 18:00,0,0,0,-1.584
2025-10-29 19:00,0,0,0,-2.200
2025-10-29 20:00,0,0,0,-2.725
2025-10-29 21:00,0,0,0,-3.064
2025-10-29 22:00,0,0,0,-3.076
2025-10-29 23:00,0.110,0.076,0.054,-1.270
2025-10-30 00:00,0.404,0.361,0.078,2.398
2025-10-30 01:00,0.601,0.580,0.098,5.208
2025-10-30 02:00,0.724,0.737,0.112,7.171
2025-10-30 03:00,0.784,0.821,0.119,8.464
2025-10-30 04:00,0.782,0.821,0.121,9.367
2025-10-30 05:00,0.724,0.744,0.117,9.900
2025-10-30 06:00,0.606,0.596,0.107,10.029
2025-10-30 07:00,0.428,0.396,0.087,9.663
2025-10-30 08:00,0.247,0.244,0.033,7.159
2025-10-30 09:00,0,-0,0.001,3.496
2025-10-30 10:00,0,0,0,2.233
2025-10-30 11:00,0,0,0,1.464
2025-10-30 12:00,0,0,0,0.851
2025-10-30 13:00,0,0,0,0.339
2025-10-30 14:00,0,0,0,-0.041
2025-10-30 15:00,0,0,0,-0.476
2025-10-30 16:00,0,0,0,-1.005
2025-10-30 17:00,0,0,0,-1.513
2025-10-30 18:00,0,0,0,-2.039
2025-10-30 19:00,0,0,0,-2.463
2025-10-30 20:00,0,0,0,-2.703
2025-10-30 21:00,0,0,0,-2.778
2025-10-30 22:00,0,0,0,-2.724
2025-10-30 23:00,0.117,0.096,0.042,-0.901
2025-10-31 00:00,0.374,0.319,0.088,2.903
2025-10-31 01:00,0.529,0.467,0.125,6.186
2025-10-31 02:00,0.621,0.564,0.153,8.817
2025-10-31 03:00,0.737,0.740,0.141,10.008
2025-10-31 04:00,0.727,0.722,0.147,10.593
2025-10-31 05:00,0.588,0.508,0.173,10.611
2025-10-31 06:00,0.389,0.263,0.175,10.080
2025-10-31 07:00,0.298,0.216,0.119,9.284
2025-10-31 08:00,0.199,0.187,0.040,6.571
2025-10-31 09:00,0,-0,0.001,2.841
2025-10-31 10:00,0,0,0,1.982
2025-10-31 11:00,0,0,0,1.811
2025-10-31 12:00,0,0,0,2.109
2025-10-31 13:00,0,0,0,1.945
2025-10-31 14:00,0,0,0,1.333
2025-10-31 15:00,0,0,0,0.655
2025-10-31 16:00,0,0,0,-0.080
2025-10-31 17:00,0,0,0,-0.407
2025-10-31 18:00,0,0,0,-0.717
2025-10-31 19:00,0,0,0,-1.066
2025-10-31 20:00,0,0,0,-1.299
2025-10-31 21:00,0,0,0,-1.441
2025-10-31 22:00,0,0,0,-1.462
2025-10-31 23:00,0.106,0.085,0.042,0.048
2025-11-01 00:00,0.371,0.317,0.087,2.812
2025-11-01 01:00,0.571,0.530,0.111,5.232
2025-11-01 02:00,0.669,0.634,0.137,6.444
2025-11-01 03:00,0.598,0.482,0.199,6.988
2025-11-01 04:00,0.582,0.455,0.207,7.440
2025-11-01 05:00,0.509,0.370,0.201,7.344
2025-11-01 06:00,0.449,0.337,0.162,6.709
2025-11-01 07:00,0.340,0.264,0.111,5.470
2025-11-01 08:00,0.188,0.173,0.039,3.707
2025-11-01 09:00,0,-0,0.001,1.728
2025-11-01 10:00,0,0,0,0.452
2025-11-01 11:00,0,0,0,-0.633
2025-11-01 12:00,0,0,0,-1.617
2025-11-01 13:00,0,0,0,-2.502
2025-11-01 14:00,0,0,0,-3.327
2025-11-01 15:00,0,0,0,-4.034
2025-11-01 16:00,0,0,0,-4.640
2025-11-01 17:00,0,0,0,-5.030
2025-11-01 18:00,0,0,0,-5.231
2025-11-01 19:00,0,0,0,-5.256
2025-11-01 20:00,0,0,0,-5.346
2025-11-01 21:00,0,0,0,-5.422
2025-11-01 22:00,0,0,0,-5.339
2025-11-01 23:00,0.117,0.096,0.040,-4.144
2025-11-02 00:00,0.404,0.356,0.075,-1.638
2025-11-02 01:00,0.613,0.582,0.094,0.303
2025-11-02 02:00,0.745,0.744,0.106,1.847
2025-11-02 03:00,0.809,0.834,0.113,3.028
2025-11-02 04:00,0.812,0.841,0.114,3.822
2025-11-02 05:00,0.754,0.768,0.109,4.389
2025-11-02 06:00,0.633,0.617,0.099,4.583
2025-11-02 07:00,0.449,0.413,0.080,4.205
2025-11-02 08:00,0.242,0.236,0.029,1.246
2025-11-02 09:00,0,-0,0.001,-0.452
2025-11-02 10:00,0,0,0,-0.355
2025-11-02 11:00,0,0,0,-1.463
2025-11-02 12:00,0,0,0,-2.757
2025-11-02 13:00,0,0,0,-2.958
2025-11-02 14:00,0,0,0,-2.643
2025-11-02 15:00,0,0,0,-2.383
2025-11-02 16:00,0,0,0,-2.328
2025-11-02 17:00,0,0,0,-2.224
2025-11-02 18:00,0,0,0,-2.177
2025-11-02 19:00,0,0,0,-2.011
2025-11-02 20:00,0,0,0,-1.773
2025-11-02 21:00,0,0,0,-1.237
2025-11-02 22:00,0,0,0,-1.234
2025-11-02 23:00,0.088,0.070,0.039,-0.423
2025-11-03 00:00,0.347,0.288,0.088,2.021
2025-11-03 01:00,0.549,0.502,0.112,5.343
2025-11-03 02:00,0.673,0.658,0.127,8.528
2025-11-03 03:00,0.736,0.750,0.133,10.664
2025-11-03 04:00,0.735,0.753,0.134,11.889
2025-11-03 05:00,0.679,0.682,0.129,12.399
2025-11-03 06:00,0.539,0.500,0.124,12.028
2025-11-03 07:00,0.356,0.302,0.100,10.634
2025-11-03 08:00,0.148,0.137,0.037,7.819
2025-11-03 09:00,0,-0,0,4.944
2025-11-03 10:00,0,0,0,4.067
2025-11-03 11:00,0,0,0,3.365
2025-11-03 12:00,0,0,0,2.960
2025-11-03 13:00,0,0,0,2.586
2025-11-03 14:00,0,0,0,2.235
2025-11-03 15:00,0,0,0,1.746
2025-11-03 16:00,0,0,0,1.033
2025-11-03 17:00,0,0,0,0.291
2025-11-03 18:00,0,0,0,-0.442
2025-11-03 19:00,0,0,0,-0.994
2025-11-03 20:00,0,0,0,-1.425
2025-11-03 21:00,0,0,0,-1.722
2025-11-03 22:00,0,0,0,-1.935
2025-11-03 23:00,0.100,0.084,0.037,-0.779
2025-11-04 00:00,0.376,0.330,0.078,2.458
2025-11-04 01:00,0.580,0.554,0.099,5.327
2025-11-04 02:00,0.707,0.715,0.113,7.645
2025-11-04 03:00,0.770,0.803,0.119,9.042
2025-11-04 04:00,0.772,0.811,0.120,9.898
2025-11-04 05:00,0.717,0.739,0.115,10.368
2025-11-04 06:00,0.590,0.577,0.107,10.459
2025-11-04 07:00,0.408,0.374,0.086,9.989
2025-11-04 08:00,0.195,0.192,0.031,6.688
2025-11-04 09:00,0,-0,0,3.318
2025-11-04 10:00,0,0,0,2.760
2025-11-04 11:00,0,0,0,2.612
2025-11-04 12:00,0,0,0,2.467
2025-11-04 13:00,0,0,0,2.306
2025-11-04 14:00,0,0,0,2.153
2025-11-04 15:00,0,0,0,2.038
2025-11-04 16:00,0,0,0,1.853
2025-11-04 17:00,0,0,0,1.783
2025-11-04 18:00,0,0,0,2.126
2025-11-04 19:00,0,0,0,2.235
2025-11-04 20:00,0,0,0,2.130
2025-11-04 21:00,0,0,0,2.242
2025-11-04 22:00,0,0,0,2.640
2025-11-04 23:00,0.025,0.014,0.031,3.243
2025-11-05 00:00,0.185,0.098,0.112,5.205
2025-11-05 01:00,0.414,0.310,0.153,8.135
2025-11-05 02:00,0.568,0.494,0.165,11.886
2025-11-05 03:00,0.618,0.559,0.179,14.906
2025-11-05 04:00,0.628,0.582,0.176,16.622
2025-11-05 05:00,0.581,0.532,0.164,17.143
2025-11-05 06:00,0.468,0.403,0.146,16.735
2025-11-05 07:00,0.301,0.237,0.110,15.132
2025-11-05 08:00,0.113,0.103,0.038,11.012
2025-11-05 09:00,0,-0,0,7.624
2025-11-05 10:00,0,0,0,5.896
2025-11-05 11:00,0,0,0,4.465
2025-11-05 12:00,0,0,0,3.177
2025-11-05 13:00,0,0,0,2.091
2025-11-05 14:00,0,0,0,1.079
2025-11-05 15:00,0,0,0,0.166
2025-11-05 16:00,0,0,0,-0.623
2025-11-05 17:00,0,0,0,-1.403
2025-11-05 18:00,0,0,0,-2.043
2025-11-05 19:00,0,0,0,-2.525
2025-11-05 20:00,0,0,0,-2.945
2025-11-05 21:00,0,0,0,-3.219
2025-11-05 22:00,0,0,0,-3.234
2025-11-05 23:00,0.065,0.049,0.036,-2.029
2025-11-06 00:00,0.315,0.250,0.092,1.560
2025-11-06 01:00,0.522,0.459,0.119,4.391
2025-11-06 02:00,0.643,0.600,0.138,7.087
2025-11-06 03:00,0.700,0.672,0.150,8.540
2025-11-06 04:00,0.677,0.633,0.161,9.450
2025-11-06 05:00,0.587,0.513,0.165,10.037
2025-11-06 06:00,0.450,0.358,0.151,10.214
2025-11-06 07:00,0.234,0.151,0.116,9.623
2025-11-06 08:00,0.058,0.046,0.036,7.228
2025-11-06 09:00,0,-0,0,5.083
2025-11-06 10:00,0,0,0,4.315
2025-11-06 11:00,0,0,0,3.950
2025-11-06 12:00,0,0,0,3.745
2025-11-06 13:00,0,0,0,3.801
2025-11-06 14:00,0,0,0,4.117
2025-11-06 15:00,0,0,0,4.654
2025-11-06 16:00,0,0,0,4.880
2025-11-06 17:00,0,0,0,3.327
2025-11-06 18:00,0,0,0,1.937
2025-11-06 19:00,0,0,0,0.887
2025-11-06 20:00,0,0,0,-0.403
2025-11-06 21:00,0,0,0,-1.410
2025-11-06 22:00,0,0,0,-1.887
2025-11-06 23:00,0.014,0.007,0.025,-1.956
2025-11-07 00:00,0.055,0.006,0.069,-1.415
2025-11-07 01:00,0.087,0.007,0.101,-0.844
2025-11-07 02:00,0.155,0.017,0.159,-0.188
2025-11-07 03:00,0.370,0.136,0.263,0.967
2025-11-07 04:00,0.335,0.105,0.258,1.714
2025-11-07 05:00,0.263,0.065,0.223,1.983
2025-11-07 06:00,0.128,0.016,0.134,1.706
2025-11-07 07:00,0.049,0.005,0.065,1.199
2025-11-07 08:00,0.004,0.002,0.017,0.426
2025-11-07 09:00,0,-0,0,-0.523
2025-11-07 10:00,0,0,0,-1.230
2025-11-07 11:00,0,0,0,-1.932
2025-11-07 12:00,0,0,0,-2.478
2025-11-07 13:00,0,0,0,-2.732
2025-11-07 14:00,0,0,0,-2.740
2025-11-07 15:00,0,0,0,-2.753
2025-11-07 16:00,0,0,0,-3.164
2025-11-07 17:00,0,0,0,-3.488
2025-11-07 18:00,0,0,0,-3.179
2025-11-07 19:00,0,0,0,-2.763
2025-11-07 20:00,0,0,0,-2.385
2025-11-07 21:00,0,0,0,-2.148
2025-11-07 22:00,0,0,0,-1.808
2025-11-07 23:00,0.034,0.019,0.035,-0.828
2025-11-08 00:00,0.267,0.194,0.097,1.463
2025-11-08 01:00,0.491,0.418,0.124,4.123
2025-11-08 02:00,0.551,0.456,0.165,6.802
2025-11-08 03:00,0.418,0.240,0.227,8.161
2025-11-08 04:00,0.401,0.217,0.231,8.600
2025-11-08 05:00,0.612,0.554,0.152,8.950
2025-11-08 06:00,0.551,0.509,0.117,8.547
2025-11-08 07:00,0.378,0.330,0.090,7.380
2025-11-08 08:00,0.143,0.138,0.030,5.078
2025-11-08 09:00,0,-0,0,2.026
2025-11-08 10:00,0,0,0,0.774
2025-11-08 11:00,0,0,0,-0.140
2025-11-08 12:00,0,0,0,-0.773
2025-11-08 13:00,0,0,0,-1.247
2025-11-08 14:00,0,0,0,-1.679
2025-11-08 15:00,0,0,0,-2.199
2025-11-08 16:00,0,0,0,-2.715
2025-11-08 17:00,0,0,0,-3.031
2025-11-08 18:00,0,0,0,-3.389
2025-11-08 19:00,0,0,0,-3.679
2025-11-08 20:00,0,0,0,-3.914
2025-11-08 21:00,0,0,0,-4.044
2025-11-08 22:00,0,0,0,-4.057
2025-11-08 23:00,0.082,0.072,0.030,-3.017
2025-11-09 00:00,0.377,0.339,0.067,0.075
2025-11-09 01:00,0.589,0.567,0.086,2.068
2025-11-09 02:00,0.722,0.728,0.099,3.240
2025-11-09 03:00,0.786,0.814,0.106,4.031
2025-11-09 04:00,0.790,0.821,0.107,4.523
2025-11-09 05:00,0.736,0.751,0.102,4.629
2025-11-09 06:00,0.623,0.614,0.089,4.255
2025-11-09 07:00,0.441,0.412,0.071,3.345
2025-11-09 08:00,0.188,0.187,0.023,1.161
2025-11-09 09:00,0,-0,0,-1.843
2025-11-09 10:00,0,0,0,-2.440
2025-11-09 11:00,0,0,0,-2.867
2025-11-09 12:00,0,0,0,-3.340
2025-11-09 13:00,0,0,0,-3.656
2025-11-09 14:00,0,0,0,-3.955
2025-11-09 15:00,0,0,0,-4.358
2025-11-09 16:00,0,0,0,-4.849
2025-11-09 17:00,0,0,0,-5.108
2025-11-09 18:00,0,0,0,-5.086
2025-11-09 19:00,0,0,0,-4.976
2025-11-09 20:00,0,0,0,-4.882
2025-11-09 21:00,0,0,0,-4.763
2025-11-09 22:00,0,0,0,-4.668
2025-11-09 23:00,0.089,0.082,0.027,-3.771
2025-11-10 00:00,0.374,0.333,0.067,-0.866
2025-11-10 01:00,0.580,0.554,0.089,2.437
2025-11-10 02:00,0.699,0.703,0.104,5.672
2025-11-10 03:00,0.756,0.785,0.112,7.944
2025-11-10 04:00,0.752,0.785,0.115,9.402
2025-11-10 05:00,0.692,0.708,0.111,10.143
2025-11-10 06:00,0.569,0.554,0.101,10.063
2025-11-10 07:00,0.387,0.353,0.080,8.613
2025-11-10 08:00,0.143,0.142,0.025,4.079
2025-11-10 09:00,0,-0,0,1.036
2025-11-10 10:00,0,0,0,0.187
2025-11-10 11:00,0,0,0,-0.608
2025-11-10 12:00,0,0,0,-1.308
2025-11-10 13:00,0,0,0,-1.893
2025-11-10 14:00,0,0,0,-2.293
2025-11-10 15:00,0,0,0,-2.658
2025-11-10 16:00,0,0,0,-3.029
2025-11-10 17:00,0,0,0,-3.241
2025-11-10 18:00,0,0,0,-3.244
2025-11-10 19:00,0,0,0,-3.234
2025-11-10 20:00,0,0,0,-3.268
2025-11-10 21:00,0,0,0,-3.095
2025-11-10 22:00,0,0,0,-2.621
2025-11-10 23:00,0.072,0.066,0.027,-1.630
2025-11-11 00:00,0.347,0.302,0.072,0.981
2025-11-11 01:00,0.557,0.524,0.095,3.629
2025-11-11 02:00,0.683,0.681,0.109,6.796
2025-11-11 03:00,0.742,0.764,0.117,8.847
2025-11-11 04:00,0.742,0.769,0.119,10.133
2025-11-11 05:00,0.683,0.695,0.114,10.871
2025-11-11 06:00,0.568,0.555,0.101,11.000
2025-11-11 07:00,0.383,0.350,0.080,9.483
2025-11-11 08:00,0.133,0.133,0.025,5.434
2025-11-11 09:00,0,-0,0,3.152
2025-11-11 10:00,0,0,0,2.814
2025-11-11 11:00,0,0,0,2.159
2025-11-11 12:00,0,0,0,1.477
2025-11-11 13:00,0,0,0,1.072
2025-11-11 14:00,0,0,0,1.001
2025-11-11 15:00,0,0,0,1.054
2025-11-11 16:00,0,0,0,1.014
2025-11-11 17:00,0,0,0,0.973
2025-11-11 18:00,0,0,0,1.105
2025-11-11 19:00,0,0,0,1.141
2025-11-11 20:00,0,0,0,1.005
2025-11-11 21:00,0,0,0,0.856
2025-11-11 22:00,0,0,0,0.665
2025-11-11 23:00,0.012,0.009,0.021,0.696
2025-11-12 00:00,0.212,0.143,0.092,2.380
2025-11-12 01:00,0.483,0.424,0.111,5.224
2025-11-12 02:00,0.631,0.608,0.121,8.444
2025-11-12 03:00,0.690,0.686,0.130,10.343
2025-11-12 04:00,0.702,0.709,0.128,11.215
2025-11-12 05:00,0.651,0.645,0.121,11.001
2025-11-12 06:00,0.534,0.503,0.108,10.085
2025-11-12 07:00,0.356,0.315,0.083,8.781
2025-11-12 08:00,0.112,0.112,0.025,6.648
2025-11-12 09:00,0,0,0,4.167
2025-11-12 10:00,0,0,0,2.688
2025-11-12 11:00,0,0,0,1.303
2025-11-12 12:00,0,0,0,0.134
2025-11-12 13:00,0,0,0,-0.675
2025-11-12 14:00,0,0,0,-1.134
2025-11-12 15:00,0,0,0,-1.502
2025-11-12 16:00,0,0,0,-1.838
2025-11-12 17:00,0,0,0,-2.085
2025-11-12 18:00,0,0,0,-2.247
2025-11-12 19:00,0,0,0,-2.449
2025-11-12 20:00,0,0,0,-2.703
2025-11-12 21:00,0,0,0,-2.878
2025-11-12 22:00,0,0,0,-2.968
2025-11-12 23:00,0.069,0.065,0.024,-2.338
2025-11-13 00:00,0.351,0.313,0.065,0.701
2025-11-13 01:00,0.564,0.542,0.085,3.479
2025-11-13 02:00,0.695,0.704,0.097,5.517
2025-11-13 03:00,0.760,0.793,0.104,6.646
2025-11-13 04:00,0.763,0.800,0.105,7.470
2025-11-13 05:00,0.708,0.731,0.100,7.965
2025-11-13 06:00,0.584,0.576,0.091,7.989
2025-11-13 07:00,0.401,0.375,0.071,7.139
2025-11-13 08:00,0.137,0.140,0.021,4.516
2025-11-13 09:00,0,0,0,2.757
2025-11-13 10:00,0,0,0,1.945
2025-11-13 11:00,0,0,0,1.467
2025-11-13 12:00,0,0,0,0.958
2025-11-13 13:00,0,0,0,0.429
2025-11-13 14:00,0,0,0,-0.129
2025-11-13 15:00,0,0,0,-0.763
2025-11-13 16:00,0,0,0,-1.465
2025-11-13 17:00,0,0,0,-2.086
2025-11-13 18:00,0,0,0,-2.539
2025-11-13 19:00,0,0,0,-2.913
2025-11-13 20:00,0,0,0,-3.218
2025-11-13 21:00,0,0,0,-3.357
2025-11-13 22:00,0,0,0,-3.340
2025-11-13 23:00,0.048,0.044,0.023,-2.712
2025-11-14 00:00,0.338,0.298,0.067,0.531
2025-11-14 01:00,0.554,0.526,0.088,3.055
2025-11-14 02:00,0.681,0.685,0.101,6.352
2025-11-14 03:00,0.739,0.767,0.109,8.561
2025-11-14 04:00,0.738,0.769,0.111,9.760
2025-11-14 05:00,0.678,0.693,0.107,10.400
2025-11-14 06:00,0.556,0.543,0.097,10.388
2025-11-14 07:00,0.369,0.336,0.076,8.586
2025-11-14 08:00,0.106,0.108,0.022,4.894
2025-11-14 09:00,0,0,0,3.306
2025-11-14 10:00,0,0,0,2.719
2025-11-14 11:00,0,0,0,2.094
2025-11-14 12:00,0,0,0,1.424
2025-11-14 13:00,0,0,0,0.687
2025-11-14 14:00,0,0,0,-0.098
2025-11-14 15:00,0,0,0,-0.822
2025-11-14 16:00,0,0,0,-1.217
2025-11-14 17:00,0,0,0,-1.296
2025-11-14 18:00,0,0,0,-1.276
2025-11-14 19:00,0,0,0,-1.184
2025-11-14 20:00,0,0,0,-1.120
2025-11-14 21:00,0,0,0,-1.072
2025-11-14 22:00,0,0,0,-1.111
2025-11-14 23:00,0.029,0.027,0.022,-0.679
2025-11-15 00:00,0.256,0.199,0.081,2.134
2025-11-15 01:00,0.494,0.443,0.103,4.823
2025-11-15 02:00,0.645,0.633,0.112,7.816
2025-11-15 03:00,0.714,0.730,0.117,9.745
2025-11-15 04:00,0.709,0.723,0.121,10.595
2025-11-15 05:00,0.646,0.641,0.118,10.820
2025-11-15 06:00,0.515,0.481,0.108,10.390
2025-11-15 07:00,0.313,0.265,0.086,8.807
2025-11-15 08:00,0.071,0.070,0.024,4.528
2025-11-15 09:00,0,0,0,1.865
2025-11-15 10:00,0,0,0,1.031
2025-11-15 11:00,0,0,0,0.654
2025-11-15 12:00,0,0,0,1.289
2025-11-15 13:00,0,0,0,1.217
2025-11-15 14:00,0,0,0,0.500
2025-11-15 15:00,0,0,0,-0.328
2025-11-15 16:00,0,0,0,-0.981
2025-11-15 17:00,0,0,0,-1.678
2025-11-15 18:00,0,0,0,-2.114
2025-11-15 19:00,0,0,0,-2.616
2025-11-15 20:00,0,0,0,-3.993
2025-11-15 21:00,0,0,0,-4.790
2025-11-15 22:00,0,0,0,-5.176
2025-11-15 23:00,0.070,0.068,0.020,-5.226
2025-11-16 00:00,0.370,0.332,0.057,-4.217
2025-11-16 01:00,0.597,0.569,0.076,-3.358
2025-11-16 02:00,0.743,0.743,0.086,-2.525
2025-11-16 03:00,0.817,0.839,0.091,-1.988
2025-11-16 04:00,0.822,0.846,0.092,-1.887
2025-11-16 05:00,0.757,0.758,0.090,-2.116
2025-11-16 06:00,0.633,0.609,0.081,-2.619
2025-11-16 07:00,0.440,0.403,0.063,-3.440
2025-11-16 08:00,0.136,0.137,0.017,-4.687
2025-11-16 09:00,0,0,0,-5.651
2025-11-16 10:00,0,0,0,-6.019
2025-11-16 11:00,0,0,0,-6.212
2025-11-16 12:00,0,0,0,-6.308
2025-11-16 13:00,0,0,0,-6.409
2025-11-16 14:00,0,0,0,-6.605
2025-11-16 15:00,0,0,0,-6.959
2025-11-16 16:00,0,0,0,-7.411
2025-11-16 17:00,0,0,0,-7.831
2025-11-16 18:00,0,0,0,-8.142
2025-11-16 19:00,0,0,0,-8.364
2025-11-16 20:00,0,0,0,-8.537
2025-11-16 21:00,0,0,0,-8.690
2025-11-16 22:00,0,0,0,-8.815
2025-11-16 23:00,0.048,0.047,0.020,-8.801
2025-11-17 00:00,0.331,0.278,0.065,-7.979
2025-11-17 01:00,0.571,0.518,0.085,-6.770
2025-11-17 02:00,0.717,0.685,0.097,-5.535
2025-11-17 03:00,0.791,0.780,0.102,-4.465
2025-11-17 04:00,0.800,0.797,0.101,-3.575
2025-11-17 05:00,0.745,0.734,0.095,-2.976
2025-11-17 06:00,0.619,0.587,0.085,-2.863
2025-11-17 07:00,0.421,0.379,0.066,-3.286
2025-11-17 08:00,0.119,0.120,0.018,-4.298
2025-11-17 09:00,0,0,0,-5.290
2025-11-17 10:00,0,0,0,-5.699
2025-11-17 11:00,0,0,0,-6.227
2025-11-17 12:00,0,0,0,-6.697
2025-11-17 13:00,0,0,0,-6.909
2025-11-17 14:00,0,0,0,-7.017
2025-11-17 15:00,0,0,0,-7.133
2025-11-17 16:00,0,0,0,-7.298
2025-11-17 17:00,0,0,0,-7.459
2025-11-17 18:00,0,0,0,-7.593
2025-11-17 19:00,0,0,0,-7.646
2025-11-17 20:00,0,0,0,-7.442
2025-11-17 21:00,0,0,0,-7.285
2025-11-17 22:00,0,0,0,-7.173
2025-11-17 23:00,0.043,0.042,0.019,-6.970
2025-11-18 00:00,0.307,0.254,0.069,-5.112
2025-11-18 01:00,0.529,0.474,0.093,-2.838
2025-11-18 02:00,0.668,0.632,0.108,-0.928
2025-11-18 03:00,0.738,0.722,0.114,0.579
2025-11-18 04:00,0.740,0.727,0.116,1.520
2025-11-18 05:00,0.679,0.654,0.111,2.004
2025-11-18 06:00,0.550,0.506,0.099,2.090
2025-11-18 07:00,0.352,0.305,0.076,1.586
2025-11-18 08:00,0.085,0.086,0.019,-0.729
2025-11-18 09:00,0,0,0,-2.040
2025-11-18 10:00,0,0,0,-1.886
2025-11-18 11:00,0,0,0,-1.822
2025-11-18 12:00,0,0,0,-1.948
2025-11-18 13:00,0,0,0,-2.211
2025-11-18 14:00,0,0,0,-2.587
2025-11-18 15:00,0,0,0,-2.983
2025-11-18 16:00,0,0,0,-3.483
2025-11-18 17:00,0,0,0,-3.800
2025-11-18 18:00,0,0,0,-3.968
2025-11-18 19:00,0,0,0,-3.786
2025-11-18 20:00,0,0,0,-3.958
2025-11-18 21:00,0,0,0,-4.168
2025-11-18 22:00,0,0,0,-4.490
2025-11-18 23:00,0.047,0.048,0.018,-4.510
2025-11-19 00:00,0.332,0.293,0.061,-1.919
2025-11-19 01:00,0.557,0.530,0.080,0.732
2025-11-19 02:00,0.692,0.698,0.092,3.718
2025-11-19 03:00,0.754,0.790,0.098,6.679
2025-11-19 04:00,0.755,0.799,0.099,8.364
2025-11-19 05:00,0.702,0.733,0.093,8.848
2025-11-19 06:00,0.593,0.598,0.080,7.937
2025-11-19 07:00,0.408,0.385,0.063,4.809
2025-11-19 08:00,0.105,0.110,0.016,0.737
2025-11-19 09:00,0,0,0,-1.061
2025-11-19 10:00,0,0,0,-1.413
2025-11-19 11:00,0,0,0,-1.717
2025-11-19 12:00,0,0,0,-2.312
2025-11-19 13:00,0,0,0,-2.518
2025-11-19 14:00,0,0,0,-2.476
2025-11-19 15:00,0,0,0,-2.656
2025-11-19 16:00,0,0,0,-3.116
2025-11-19 17:00,0,0,0,-3.617
2025-11-19 18:00,0,0,0,-4.065
2025-11-19 19:00,0,0,0,-4.391
2025-11-19 20:00,0,0,0,-4.809
2025-11-19 21:00,0,0,0,-5.428
2025-11-19 22:00,0,0,0,-5.947
2025-11-19 23:00,0.049,0.052,0.017,-6.078
2025-11-20 00:00,0.331,0.289,0.060,-3.824
2025-11-20 01:00,0.557,0.523,0.081,-1.253
2025-11-20 02:00,0.694,0.688,0.094,1.304
2025-11-20 03:00,0.762,0.779,0.100,2.812
2025-11-20 04:00,0.764,0.785,0.101,3.658
2025-11-20 05:00,0.706,0.713,0.096,4.062
2025-11-20 06:00,0.579,0.559,0.087,3.949
2025-11-20 07:00,0.386,0.353,0.067,2.780
2025-11-20 08:00,0.092,0.097,0.016,-0.594
2025-11-20 09:00,0,0,0,-1.861
2025-11-20 10:00,0,0,0,-1.540
2025-11-20 11:00,0,0,0,-1.446
2025-11-20 12:00,0,0,0,-1.618
2025-11-20 13:00,0,0,0,-1.898
2025-11-20 14:00,0,0,0,-1.987
2025-11-20 15:00,0,0,0,-2.125
2025-11-20 16:00,0,0,0,-2.577
2025-11-20 17:00,0,0,0,-3.273
2025-11-20 18:00,0,0,0,-3.861
2025-11-20 19:00,0,0,0,-4.327
2025-11-20 20:00,0,0,0,-4.701
2025-11-20 21:00,0,0,0,-4.890
2025-11-20 22:00,0,0,0,-4.871
2025-11-20 23:00,0.046,0.052,0.014,-4.622
2025-11-21 00:00,0.282,0.233,0.068,-2.261
2025-11-21 01:00,0.512,0.464,0.092,0.338
2025-11-21 02:00,0.650,0.628,0.105,3.558
2025-11-21 03:00,0.724,0.729,0.110,5.150
2025-11-21 04:00,0.727,0.735,0.111,5.951
2025-11-21 05:00,0.668,0.664,0.106,6.400
2025-11-21 06:00,0.545,0.518,0.094,6.287
2025-11-21 07:00,0.352,0.315,0.071,4.326
2025-11-21 08:00,0.074,0.079,0.017,2.127
2025-11-21 09:00,0,0,0,0.748
2025-11-21 10:00,0,0,0,-0.075
2025-11-21 11:00,0,0,0,-0.650
2025-11-21 12:00,0,0,0,-0.956
2025-11-21 13:00,0,0,0,-1.201
2025-11-21 14:00,0,0,0,-1.462
2025-11-21 15:00,0,0,0,-1.798
2025-11-21 16:00,0,0,0,-2.138
2025-11-21 17:00,0,0,0,-2.410
2025-11-21 18:00,0,0,0,-2.791
2025-11-21 19:00,0,0,0,-3.302
2025-11-21 20:00,0,0,0,-3.903
2025-11-21 21:00,0,0,0,-4.422
2025-11-21 22:00,0,0,0,-4.805
2025-11-21 23:00,0.047,0.054,0.013,-4.845
2025-11-22 00:00,0.308,0.266,0.062,-2.547
2025-11-22 01:00,0.537,0.500,0.084,0.123
2025-11-22 02:00,0.672,0.664,0.098,3.364
2025-11-22 03:00,0.734,0.754,0.104,6.561
2025-11-22 04:00,0.732,0.760,0.106,8.264
2025-11-22 05:00,0.673,0.686,0.101,8.883
2025-11-22 06:00,0.551,0.535,0.090,8.157
2025-11-22 07:00,0.351,0.315,0.070,5.102
2025-11-22 08:00,0.064,0.069,0.017,1.228
2025-11-22 09:00,0,0,0,-0.215
2025-11-22 10:00,0,0,0,-0.444
2025-11-22 11:00,0,0,0,-0.560
2025-11-22 12:00,0,0,0,-0.643
2025-11-22 13:00,0,0,0,-0.754
2025-11-22 14:00,0,0,0,-1.001
2025-11-22 15:00,0,0,0,-1.307
2025-11-22 16:00,0,0,0,-1.676
2025-11-22 17:00,0,0,0,-1.885
2025-11-22 18:00,0,0,0,-2.029
2025-11-22 19:00,0,0,0,-2.262
2025-11-22 20:00,0,0,0,-2.556
2025-11-22 21:00,0,0,0,-2.833
2025-11-22 22:00,0,0,0,-3.130
2025-11-22 23:00,0.016,0.021,0.013,-3.218
2025-11-23 00:00,0.178,0.117,0.080,-1.209
2025-11-23 01:00,0.402,0.314,0.120,1.203
2025-11-23 02:00,0.576,0.513,0.130,3.833
2025-11-23 03:00,0.673,0.648,0.129,6.598
2025-11-23 04:00,0.690,0.681,0.125,8.005
2025-11-23 05:00,0.630,0.608,0.119,8.216
2025-11-23 06:00,0.502,0.458,0.106,7.410
2025-11-23 07:00,0.296,0.247,0.080,5.077
2025-11-23 08:00,0.042,0.046,0.017,2.602
2025-11-23 09:00,0,0,0,1.275
2025-11-23 10:00,0,0,0,0.688
2025-11-23 11:00,0,0,0,0.077
2025-11-23 12:00,0,0,0,-0.815
2025-11-23 13:00,0,0,0,-1.611
2025-11-23 14:00,0,0,0,-2.005
2025-11-23 15:00,0,0,0,-2.280
2025-11-23 16:00,0,0,0,-2.417
2025-11-23 17:00,0,0,0,-2.626
2025-11-23 18:00,0,0,0,-2.876
2025-11-23 19:00,0,0,0,-2.786
2025-11-23 20:00,0,0,0,-2.936
2025-11-23 21:00,0,0,0,-3.220
2025-11-23 22:00,0,0,0,-3.570
2025-11-23 23:00,0.003,0.007,0.011,-3.692
2025-11-24 00:00,0.092,0.032,0.080,-2.957
2025-11-24 01:00,0.227,0.092,0.153,-2.077
2025-11-24 02:00,0.283,0.105,0.199,-1.258
2025-11-24 03:00,0.257,0.069,0.209,-0.927
2025-11-24 04:00,0.188,0.031,0.177,-1.269
2025-11-24 05:00,0.117,0.013,0.124,-2.020
2025-11-24 06:00,0.073,0.008,0.086,-2.834
2025-11-24 07:00,0.044,0.008,0.056,-3.614
2025-11-24 08:00,0,0.002,0.010,-4.495
2025-11-24 09:00,0,0,0,-5.105
2025-11-24 10:00,0,0,0,-5.551
2025-11-24 11:00,0,0,0,-6.187
2025-11-24 12:00,0,0,0,-7.039
2025-11-24 13:00,0,0,0,-7.922
2025-11-24 14:00,0,0,0,-8.761
2025-11-24 15:00,0,0,0,-9.603
2025-11-24 16:00,0,0,0,-10.351
2025-11-24 17:00,0,0,0,-10.981
2025-11-24 18:00,0,0,0,-11.539
2025-11-24 19:00,0,0,0,-12.006
2025-11-24 20:00,0,0,0,-12.300
2025-11-24 21:00,0,0,0,-12.419
2025-11-24 22:00,0,0,0,-12.452
2025-11-24 23:00,0.032,0.036,0.014,-12.161
2025-11-25 00:00,0.322,0.274,0.058,-9.532
2025-11-25 01:00,0.559,0.510,0.080,-6.802
2025-11-25 02:00,0.699,0.674,0.093,-3.697
2025-11-25 03:00,0.767,0.766,0.099,-1.658
2025-11-25 04:00,0.766,0.771,0.100,-0.016
2025-11-25 05:00,0.702,0.697,0.096,1.274
2025-11-25 06:00,0.570,0.544,0.086,1.864
2025-11-25 07:00,0.365,0.328,0.065,1.114
2025-11-25 08:00,0.062,0.069,0.014,-1.584
2025-11-25 09:00,0,0,0,-2.519
2025-11-25 10:00,0,0,0,-2.743
2025-11-25 11:00,0,0,0,-3.497
2025-11-25 12:00,0,0,0,-4.303
2025-11-25 13:00,0,0,0,-4.897
2025-11-25 14:00,0,0,0,-5.297
2025-11-25 15:00,0,0,0,-5.567
2025-11-25 16:00,0,0,0,-5.900
2025-11-25 17:00,0,0,0,-6.207
2025-11-25 18:00,0,0,0,-6.461
2025-11-25 19:00,0,0,0,-6.690
2025-11-25 20:00,0,0,0,-6.832
2025-11-25 21:00,0,0,0,-7.007
2025-11-25 22:00,0,0,0,-7.063
2025-11-25 23:00,0.008,0.014,0.011,-6.944
2025-11-26 00:00,0.127,0.065,0.080,-5.101
2025-11-26 01:00,0.331,0.213,0.138,-2.802
2025-11-26 02:00,0.494,0.369,0.163,-0.766
2025-11-26 03:00,0.566,0.443,0.176,0.436
2025-11-26 04:00,0.553,0.424,0.182,1.039
2025-11-26 05:00,0.411,0.259,0.185,1.100
2025-11-26 06:00,0.197,0.076,0.143,0.539
2025-11-26 07:00,0.057,0.015,0.062,-0.546
2025-11-26 08:00,0,0.003,0.010,-1.881
2025-11-26 09:00,0,0,0,-2.820
2025-11-26 10:00,0,0,0,-3.473
2025-11-26 11:00,0,0,0,-3.972
2025-11-26 12:00,0,0,0,-4.460
2025-11-26 13:00,0,0,0,-5.024
2025-11-26 14:00,0,0,0,-5.829
2025-11-26 15:00,0,0,0,-6.785
2025-11-26 16:00,0,0,0,-7.644
2025-11-26 17:00,0,0,0,-8.385
2025-11-26 18:00,0,0,0,-8.980
2025-11-26 19:00,0,0,0,-9.710
2025-11-26 20:00,0,0,0,-10.341
2025-11-26 21:00,0,0,0,-10.759
2025-11-26 22:00,0,0,0,-11.037
2025-11-26 23:00,0.027,0.033,0.012,-11.156
2025-11-27 00:00,0.316,0.270,0.056,-9.518
2025-11-27 01:00,0.560,0.512,0.077,-7.176
2025-11-27 02:00,0.709,0.685,0.088,-5.370
2025-11-27 03:00,0.781,0.777,0.094,-4.099
2025-11-27 04:00,0.784,0.784,0.095,-3.168
2025-11-27 05:00,0.721,0.709,0.091,-2.504
2025-11-27 06:00,0.586,0.554,0.081,-2.201
2025-11-27 07:00,0.378,0.339,0.062,-2.428
2025-11-27 08:00,0.063,0.070,0.013,-4.288
2025-11-27 09:00,0,0,0,-5.382
2025-11-27 10:00,0,0,0,-6.408
2025-11-27 11:00,0,0,0,-7.159
2025-11-27 12:00,0,0,0,-7.450
2025-11-27 13:00,0,0,0,-7.354
2025-11-27 14:00,0,0,0,-7.136
2025-11-27 15:00,0,0,0,-7.146
2025-11-27 16:00,0,0,0,-7.499
2025-11-27 17:00,0,0,0,-7.856
2025-11-27 18:00,0,0,0,-8.031
2025-11-27 19:00,0,0,0,-8.154
2025-11-27 20:00,0,0,0,-8.301
2025-11-27 21:00,0,0,0,-8.401
2025-11-27 22:00,0,0,0,-8.445
2025-11-27 23:00,0.017,0.024,0.010,-8.153
2025-11-28 00:00,0.245,0.194,0.067,-5.466
2025-11-28 01:00,0.477,0.412,0.096,-2.802
2025-11-28 02:00,0.617,0.570,0.112,0.340
2025-11-28 03:00,0.698,0.680,0.115,3.188
2025-11-28 04:00,0.701,0.691,0.115,4.826
2025-11-28 05:00,0.640,0.620,0.109,5.560
2025-11-28 06:00,0.512,0.474,0.096,5.366
2025-11-28 07:00,0.307,0.264,0.071,3.125
2025-11-28 08:00,0.034,0.040,0.014,-0.080
2025-11-28 09:00,0,0,0,-0.622
2025-11-28 10:00,0,0,0,-0.327
2025-11-28 11:00,0,0,0,-0.369
2025-11-28 12:00,0,0,0,-0.481
2025-11-28 13:00,0,0,0,-0.680
2025-11-28 14:00,0,0,0,-1.169
2025-11-28 15:00,0,0,0,-1.743
2025-11-28 16:00,0,0,0,-2.295
2025-11-28 17:00,0,0,0,-2.663
2025-11-28 18:00,0,0,0,-2.897
2025-11-28 19:00,0,0,0,-3.047
2025-11-28 20:00,0,0,0,-3.237
2025-11-28 21:00,0,0,0,-3.546
2025-11-28 22:00,0,0,0,-4.152
2025-11-28 23:00,0.018,0.026,0.010,-4.631
2025-11-29 00:00,0.286,0.247,0.058,-2.711
2025-11-29 01:00,0.531,0.499,0.079,-0.024
2025-11-29 02:00,0.676,0.673,0.090,2.514
2025-11-29 03:00,0.745,0.766,0.096,3.982
2025-11-29 04:00,0.750,0.774,0.097,4.546
2025-11-29 05:00,0.691,0.700,0.092,4.523
2025-11-29 06:00,0.569,0.553,0.081,4.001
2025-11-29 07:00,0.365,0.335,0.061,2.365
2025-11-29 08:00,0.055,0.064,0.012,-1.166
2025-11-29 09:00,0,0,0,-2.640
2025-11-29 10:00,0,0,0,-3.167
2025-11-29 11:00,0,0,0,-3.517
2025-11-29 12:00,0,0,0,-3.685
2025-11-29 13:00,0,0,0,-3.753
2025-11-29 14:00,0,0,0,-3.607
2025-11-29 15:00,0,0,0,-3.985
2025-11-29 16:00,0,0,0,-4.240
2025-11-29 17:00,0,0,0,-4.502
2025-11-29 18:00,0,0,0,-5.084
2025-11-29 19:00,0,0,0,-5.407
2025-11-29 20:00,0,0,0,-5.429
2025-11-29 21:00,0,0,0,-5.390
2025-11-29 22:00,0,0,0,-5.541
2025-11-29 23:00,0,0.003,0.007,-5.908
2025-11-30 00:00,0.112,0.057,0.074,-5.223
2025-11-30 01:00,0.339,0.229,0.128,-3.681
2025-11-30 02:00,0.520,0.410,0.148,-2.300
2025-11-30 03:00,0.614,0.515,0.154,-1.942
2025-11-30 04:00,0.374,0.194,0.203,-2.855
2025-11-30 05:00,0.307,0.142,0.182,-3.996
2025-11-30 06:00,0.341,0.221,0.138,-4.441
2025-11-30 07:00,0.291,0.230,0.076,-4.798
2025-11-30 08:00,0.035,0.041,0.013,-5.972
2025-11-30 09:00,0,0,0,-7.283
2025-11-30 10:00,0,0,0,-7.896
2025-11-30 11:00,0,0,0,-8.393
2025-11-30 12:00,0,0,0,-8.764
2025-11-30 13:00,0,0,0,-8.923
2025-11-30 14:00,0,0,0,-8.505
2025-11-30 15:00,0,0,0,-7.503
2025-11-30 16:00,0,0,0,-7.240
2025-11-30 17:00,0,0,0,-7.508
2025-11-30 18:00,0,0,0,-8.685
2025-11-30 19:00,0,0,0,-10.060
2025-11-30 20:00,0,0,0,-10.931
2025-11-30 21:00,0,0,0,-11.446
2025-11-30 22:00,0,0,0,-11.679
2025-11-30 23:00,0.005,0.011,0.009,-11.635
2025-12-01 00:00,0.162,0.100,0.076,-10.745
2025-12-01 01:00,0.358,0.240,0.128,-9.728
2025-12-01 02:00,0.393,0.229,0.176,-9.069
2025-12-01 03:00,0.447,0.265,0.197,-8.608
2025-12-01 04:00,0.419,0.231,0.202,-8.357
2025-12-01 05:00,0.353,0.181,0.184,-8.321
2025-12-01 06:00,0.251,0.120,0.142,-8.623
2025-12-01 07:00,0.146,0.079,0.082,-9.379
2025-12-01 08:00,0.015,0.019,0.013,-10.583
2025-12-01 09:00,0,0,0,-11.745
2025-12-01 10:00,0,0,0,-12.687
2025-12-01 11:00,0,0,0,-13.449
2025-12-01 12:00,0,0,0,-14.006
2025-12-01 13:00,0,0,0,-14.438
2025-12-01 14:00,0,0,0,-14.864
2025-12-01 15:00,0,0,0,-15.319
2025-12-01 16:00,0,0,0,-15.841
2025-12-01 17:00,0,0,0,-16.344
2025-12-01 18:00,0,0,0,-16.710
2025-12-01 19:00,0,0,0,-16.941
2025-12-01 20:00,0,0,0,-17.138
2025-12-01 21:00,0,0,0,-17.328
2025-12-01 22:00,0,0,0,-17.497
2025-12-01 23:00,0.023,0.031,0.009,-17.556
2025-12-02 00:00,0.333,0.282,0.051,-16.147
2025-12-02 01:00,0.589,0.530,0.071,-14.334
2025-12-02 02:00,0.743,0.700,0.083,-13.049
2025-12-02 03:00,0.817,0.790,0.089,-12.160
2025-12-02 04:00,0.817,0.790,0.091,-11.650
2025-12-02 05:00,0.723,0.671,0.094,-11.575
2025-12-02 06:00,0.539,0.460,0.093,-12.036
2025-12-02 07:00,0.315,0.253,0.067,-12.991
2025-12-02 08:00,0.040,0.046,0.011,-14.294
2025-12-02 09:00,0,0,0,-15.228
2025-12-02 10:00,0,0,0,-15.811
2025-12-02 11:00,0,0,0,-16.251
2025-12-02 12:00,0,0,0,-16.544
2025-12-02 13:00,0,0,0,-16.761
2025-12-02 14:00,0,0,0,-16.899
2025-12-02 15:00,0,0,0,-17.126
2025-12-02 16:00,0,0,0,-17.486
2025-12-02 17:00,0,0,0,-17.818
2025-12-02 18:00,0,0,0,-18.095
2025-12-02 19:00,0,0,0,-18.282
2025-12-02 20:00,0,0,0,-18.339
2025-12-02 21:00,0,0,0,-18.267
2025-12-02 22:00,0,0,0,-18.128
2025-12-02 23:00,0.020,0.028,0.008,-17.985
2025-12-03 00:00,0.312,0.259,0.053,-16.501
2025-12-03 01:00,0.573,0.510,0.073,-14.445
2025-12-03 02:00,0.730,0.686,0.084,-12.517
2025-12-03 03:00,0.803,0.778,0.090,-10.923
2025-12-03 04:00,0.806,0.787,0.090,-9.675
2025-12-03 05:00,0.741,0.712,0.086,-8.755
2025-12-03 06:00,0.604,0.560,0.075,-8.366
2025-12-03 07:00,0.385,0.341,0.056,-8.747
2025-12-03 08:00,0.048,0.056,0.010,-11.401
2025-12-03 09:00,0,0,0,-12.333
2025-12-03 10:00,0,0,0,-11.765
2025-12-03 11:00,0,0,0,-11.697
2025-12-03 12:00,0,0,0,-12.082
2025-12-03 13:00,0,0,0,-11.602
2025-12-03 14:00,0,0,0,-10.883
2025-12-03 15:00,0,0,0,-10.536
2025-12-03 16:00,0,0,0,-10.507
2025-12-03 17:00,0,0,0,-10.637
2025-12-03 18:00,0,0,0,-11.011
2025-12-03 19:00,0,0,0,-12.175
2025-12-03 20:00,0,0,0,-13.036
2025-12-03 21:00,0,0,0,-13.713
2025-12-03 22:00,0,0,0,-14.372
2025-12-03 23:00,0.019,0.029,0.007,-14.814
2025-12-04 00:00,0.308,0.261,0.052,-13.482
2025-12-04 01:00,0.559,0.503,0.073,-11.254
2025-12-04 02:00,0.707,0.670,0.086,-8.870
2025-12-04 03:00,0.777,0.759,0.092,-6.964
2025-12-04 04:00,0.780,0.768,0.093,-5.764
2025-12-04 05:00,0.718,0.697,0.088,-5.142
2025-12-04 06:00,0.585,0.548,0.077,-5.106
2025-12-04 07:00,0.370,0.330,0.057,-5.725
2025-12-04 08:00,0.045,0.054,0.010,-7.535
2025-12-04 09:00,0,0,0,-9.073
2025-12-04 10:00,0,0,0,-9.830
2025-12-04 11:00,0,0,0,-10.566
2025-12-04 12:00,0,0,0,-11.292
2025-12-04 13:00,0,0,0,-11.736
2025-12-04 14:00,0,0,0,-12.017
2025-12-04 15:00,0,0,0,-12.350
2025-12-04 16:00,0,0,0,-12.689
2025-12-04 17:00,0,0,0,-12.959
2025-12-04 18:00,0,0,0,-13.190
2025-12-04 19:00,0,0,0,-13.378
2025-12-04 20:00,0,0,0,-13.518
2025-12-04 21:00,0,0,0,-13.491
2025-12-04 22:00,0,0,0,-13.322
2025-12-04 23:00,0.020,0.030,0.007,-13.022
2025-12-05 00:00,0.314,0.272,0.051,-10.572
2025-12-05 01:00,0.559,0.516,0.072,-7.437
2025-12-05 02:00,0.697,0.678,0.086,-4.038
2025-12-05 03:00,0.759,0.766,0.092,-0.551
2025-12-05 04:00,0.748,0.760,0.096,1.904
2025-12-05 05:00,0.671,0.665,0.094,2.926
2025-12-05 06:00,0.497,0.452,0.093,2.661
2025-12-05 07:00,0.256,0.210,0.069,1.093
2025-12-05 08:00,0.022,0.031,0.010,-1.563
2025-12-05 09:00,0,0,0,-3.133
2025-12-05 10:00,0,0,0,-3.965
2025-12-05 11:00,0,0,0,-4.581
2025-12-05 12:00,0,0,0,-5.115
2025-12-05 13:00,0,0,0,-5.466
2025-12-05 14:00,0,0,0,-5.648
2025-12-05 15:00,0,0,0,-5.576
2025-12-05 16:00,0,0,0,-5.435
2025-12-05 17:00,0,0,0,-5.497
2025-12-05 18:00,0,0,0,-5.942
2025-12-05 19:00,0,0,0,-6.669
2025-12-05 20:00,0,0,0,-7.431
2025-12-05 21:00,0,0,0,-7.858
2025-12-05 22:00,0,0,0,-8.155
2025-12-05 23:00,0.006,0.015,0.007,-8.540
2025-12-06 00:00,0.228,0.179,0.063,-6.740
2025-12-06 01:00,0.410,0.326,0.106,-4.298
2025-12-06 02:00,0.433,0.309,0.153,-1.872
2025-12-06 03:00,0.531,0.418,0.161,0.416
2025-12-06 04:00,0.636,0.578,0.133,2.249
2025-12-06 05:00,0.581,0.525,0.123,3.290
2025-12-06 06:00,0.461,0.403,0.103,3.464
2025-12-06 07:00,0.285,0.242,0.067,1.710
2025-12-06 08:00,0.022,0.031,0.010,-1.342
2025-12-06 09:00,0,0,0,-2.542
2025-12-06 10:00,0,0,0,-3.241
2025-12-06 11:00,0,0,0,-3.571
2025-12-06 12:00,0,0,0,-3.805
2025-12-06 13:00,0,0,0,-4.329
2025-12-06 14:00,0,0,0,-4.747
2025-12-06 15:00,0,0,0,-5.038
2025-12-06 16:00,0,0,0,-5.419
2025-12-06 17:00,0,0,0,-5.694
2025-12-06 18:00,0,0,0,-6.451
2025-12-06 19:00,0,0,0,-7.079
2025-12-06 20:00,0,0,0,-7.628
2025-12-06 21:00,0,0,0,-8.181
2025-12-06 22:00,0,0,0,-8.395
2025-12-06 23:00,0.009,0.018,0.007,-8.200
2025-12-07 00:00,0.240,0.194,0.060,-6.069
2025-12-07 01:00,0.495,0.441,0.085,-3.492
2025-12-07 02:00,0.654,0.622,0.097,-1.371
2025-12-07 03:00,0.713,0.689,0.108,-0.885
2025-12-07 04:00,0.679,0.633,0.121,-0.905
2025-12-07 05:00,0.586,0.516,0.123,-1.114
2025-12-07 06:00,0.413,0.328,0.113,-1.543
2025-12-07 07:00,0.179,0.124,0.074,-2.370
2025-12-07 08:00,0.008,0.015,0.010,-3.757
2025-12-07 09:00,0,0,0,-5.045
2025-12-07 10:00,0,0,0,-5.915
2025-12-07 11:00,0,0,0,-6.583
2025-12-07 12:00,0,0,0,-7.395
2025-12-07 13:00,0,0,0,-8.191
2025-12-07 14:00,0,0,0,-8.885
2025-12-07 15:00,0,0,0,-9.645
2025-12-07 16:00,0,0,0,-10.360
2025-12-07 17:00,0,0,0,-10.982
2025-12-07 18:00,0,0,0,-11.556
2025-12-07 19:00,0,0,0,-12.097
2025-12-07 20:00,0,0,0,-12.629
2025-12-07 21:00,0,0,0,-13.076
2025-12-07 22:00,0,0,0,-13.374
2025-12-07 23:00,0.012,0.021,0.007,-13.386
2025-12-08 00:00,0.241,0.189,0.061,-11.101
2025-12-08 01:00,0.292,0.178,0.124,-8.871
2025-12-08 02:00,0.303,0.149,0.168,-6.461
2025-12-08 03:00,0.352,0.180,0.190,-4.572
2025-12-08 04:00,0.477,0.329,0.178,-3.128
2025-12-08 05:00,0.601,0.530,0.123,-2.102
2025-12-08 06:00,0.548,0.505,0.087,-1.764
2025-12-08 07:00,0.334,0.292,0.062,-2.677
2025-12-08 08:00,0.031,0.040,0.009,-5.862
2025-12-08 09:00,0,0,0,-7.193
2025-12-08 10:00,0,0,0,-7.555
2025-12-08 11:00,0,0,0,-7.810
2025-12-08 12:00,0,0,0,-8.129
2025-12-08 13:00,0,0,0,-8.478
2025-12-08 14:00,0,0,0,-8.929
2025-12-08 15:00,0,0,0,-9.354
2025-12-08 16:00,0,0,0,-9.770
2025-12-08 17:00,0,0,0,-10.194
2025-12-08 18:00,0,0,0,-10.597
2025-12-08 19:00,0,0,0,-10.999
2025-12-08 20:00,0,0,0,-11.442
2025-12-08 21:00,0,0,0,-11.833
2025-12-08 22:00,0,0,0,-12.112
2025-12-08 23:00,0.006,0.015,0.007,-12.173
2025-12-09 00:00,0.276,0.232,0.054,-10.056
2025-12-09 01:00,0.523,0.467,0.079,-7.518
2025-12-09 02:00,0.670,0.631,0.093,-5.489
2025-12-09 03:00,0.738,0.717,0.101,-3.419
2025-12-09 04:00,0.735,0.720,0.102,-1.468
2025-12-09 05:00,0.660,0.635,0.099,0.067
2025-12-09 06:00,0.494,0.444,0.092,0.708
2025-12-09 07:00,0.258,0.212,0.067,-0.630
2025-12-09 08:00,0.012,0.020,0.009,-3.593
2025-12-09 09:00,0,0,0,-4.854
2025-12-09 10:00,0,0,0,-5.186
2025-12-09 11:00,0,0,0,-5.231
2025-12-09 12:00,0,0,0,-5.241
2025-12-09 13:00,0,0,0,-5.881
2025-12-09 14:00,0,0,0,-6.638
2025-12-09 15:00,0,0,0,-7.153
2025-12-09 16:00,0,0,0,-7.452
2025-12-09 17:00,0,0,0,-7.908
2025-12-09 18:00,0,0,0,-8.487
2025-12-09 19:00,0,0,0,-9.095
2025-12-09 20:00,0,0,0,-9.678
2025-12-09 21:00,0,0,0,-10.078
2025-12-09 22:00,0,0,0,-10.083
2025-12-09 23:00,0,0.006,0.006,-10.340
2025-12-10 00:00,0.076,0.027,0.066,-9.204
2025-12-10 01:00,0.136,0.032,0.120,-8.129
2025-12-10 02:00,0.157,0.026,0.147,-7.323
2025-12-10 03:00,0.179,0.028,0.166,-6.948
2025-12-10 04:00,0.123,0.012,0.128,-7.210
2025-12-10 05:00,0.067,0.005,0.081,-7.854
2025-12-10 06:00,0.034,0.002,0.050,-8.677
2025-12-10 07:00,0.009,0.001,0.024,-9.420
2025-12-10 08:00,0,0,0.003,-10.085
2025-12-10 09:00,0,0,0,-10.464
2025-12-10 10:00,0,0,0,-10.609
2025-12-10 11:00,0,0,0,-10.784
2025-12-10 12:00,0,0,0,-11.275
2025-12-10 13:00,0,0,0,-12.027
2025-12-10 14:00,0,0,0,-12.405
2025-12-10 15:00,0,0,0,-12.509
2025-12-10 16:00,0,0,0,-12.949
2025-12-10 17:00,0,0,0,-13.861
2025-12-10 18:00,0,0,0,-14.812
2025-12-10 19:00,0,0,0,-15.575
2025-12-10 20:00,0,0,0,-16.277
2025-12-10 21:00,0,0,0,-16.929
2025-12-10 22:00,0,0,0,-17.468
2025-12-10 23:00,0.006,0.014,0.007,-17.858
2025-12-11 00:00,0.316,0.267,0.049,-16.922
2025-12-11 01:00,0.584,0.524,0.068,-15.193
2025-12-11 02:00,0.740,0.698,0.080,-13.549
2025-12-11 03:00,0.813,0.787,0.086,-12.284
2025-12-11 04:00,0.813,0.790,0.087,-11.419
2025-12-11 05:00,0.741,0.706,0.084,-10.837
2025-12-11 06:00,0.581,0.525,0.077,-10.725
2025-12-11 07:00,0.300,0.245,0.062,-11.274
2025-12-11 08:00,0.014,0.022,0.009,-12.811
2025-12-11 09:00,0,0,0,-14.284
2025-12-11 10:00,0,0,0,-15.098
2025-12-11 11:00,0,0,0,-15.558
2025-12-11 12:00,0,0,0,-15.748
2025-12-11 13:00,0,0,0,-15.618
2025-12-11 14:00,0,0,0,-15.347
2025-12-11 15:00,0,0,0,-15.394
2025-12-11 16:00,0,0,0,-15.473
2025-12-11 17:00,0,0,0,-15.513
2025-12-11 18:00,0,0,0,-15.321
2025-12-11 19:00,0,0,0,-15.124
2025-12-11 20:00,0,0,0,-14.856
2025-12-11 21:00,0,0,0,-14.730
2025-12-11 22:00,0,0,0,-14.823
2025-12-11 23:00,0,0.004,0.005,-14.814
2025-12-12 00:00,0.087,0.036,0.067,-13.698
2025-12-12 01:00,0.217,0.091,0.136,-10.983
2025-12-12 02:00,0.369,0.197,0.183,-8.670
2025-12-12 03:00,0.314,0.121,0.207,-6.630
2025-12-12 04:00,0.249,0.070,0.195,-5.456
2025-12-12 05:00,0.147,0.024,0.140,-5.060
2025-12-12 06:00,0.066,0.008,0.078,-5.301
2025-12-12 07:00,0.019,0.003,0.033,-6.101
2025-12-12 08:00,0,0.001,0.004,-7.020
2025-12-12 09:00,0,0,0,-7.377
2025-12-12 10:00,0,0,0,-7.626
2025-12-12 11:00,0,0,0,-7.951
2025-12-12 12:00,0,0,0,-8.055
2025-12-12 13:00,0,0,0,-7.975
2025-12-12 14:00,0,0,0,-7.877
2025-12-12 15:00,0,0,0,-7.825
2025-12-12 16:00,0,0,0,-7.916
2025-12-12 17:00,0,0,0,-8.223
2025-12-12 18:00,0,0,0,-8.632
2025-12-12 19:00,0,0,0,-9.164
2025-12-12 20:00,0,0,0,-9.541
2025-12-12 21:00,0,0,0,-9.655
2025-12-12 22:00,0,0,0,-9.600
2025-12-12 23:00,0,0,0.002,-9.487
2025-12-13 00:00,0.030,0.008,0.040,-8.669
2025-12-13 01:00,0.136,0.043,0.110,-7.498
2025-12-13 02:00,0.358,0.207,0.166,-6.352
2025-12-13 03:00,0.589,0.476,0.152,-5.449
2025-12-13 04:00,0.652,0.568,0.137,-4.881
2025-12-13 05:00,0.590,0.504,0.128,-4.621
2025-12-13 06:00,0.455,0.371,0.108,-4.798
2025-12-13 07:00,0.250,0.196,0.070,-5.623
2025-12-13 08:00,0.012,0.020,0.009,-7.858
2025-12-13 09:00,0,0,0,-9.319
2025-12-13 10:00,0,0,0,-9.920
2025-12-13 11:00,0,0,0,-10.382
2025-12-13 12:00,0,0,0,-10.833
2025-12-13 13:00,0,0,0,-11.335
2025-12-13 14:00,0,0,0,-11.879
2025-12-13 15:00,0,0,0,-12.390
2025-12-13 16:00,0,0,0,-12.901
2025-12-13 17:00,0,0,0,-13.346
2025-12-13 18:00,0,0,0,-13.739
2025-12-13 19:00,0,0,0,-14.075
2025-12-13 20:00,0,0,0,-14.268
2025-12-13 21:00,0,0,0,-14.452
2025-12-13 22:00,0,0,0,-14.578
2025-12-13 23:00,0.004,0.013,0.006,-14.612
2025-12-14 00:00,0.277,0.232,0.052,-12.437
2025-12-14 01:00,0.529,0.472,0.076,-9.736
2025-12-14 02:00,0.678,0.639,0.089,-6.969
2025-12-14 03:00,0.744,0.725,0.096,-4.332
2025-12-14 04:00,0.743,0.731,0.097,-2.674
2025-12-14 05:00,0.675,0.653,0.092,-1.672
2025-12-14 06:00,0.525,0.483,0.083,-1.332
2025-12-14 07:00,0.299,0.260,0.059,-2.496
2025-12-14 08:00,0.018,0.028,0.008,-4.788
2025-12-14 09:00,0,0,0,-6.246
2025-12-14 10:00,0,0,0,-7.413
2025-12-14 11:00,0,0,0,-8.353
2025-12-14 12:00,0,0,0,-9.068
2025-12-14 13:00,0,0,0,-9.539
2025-12-14 14:00,0,0,0,-9.940
2025-12-14 15:00,0,0,0,-10.298
2025-12-14 16:00,0,0,0,-10.647
2025-12-14 17:00,0,0,0,-10.849
2025-12-14 18:00,0,0,0,-10.724
2025-12-14 19:00,0,0,0,-10.094
2025-12-14 20:00,0,0,0,-9.640
2025-12-14 21:00,0,0,0,-9.611
2025-12-14 22:00,0,0,0,-10.066
2025-12-14 23:00,0,0.009,0.005,-10.548
2025-12-15 00:00,0.217,0.169,0.060,-8.901
2025-12-15 01:00,0.459,0.388,0.093,-5.802
2025-12-15 02:00,0.577,0.502,0.118,-3.406
2025-12-15 03:00,0.613,0.537,0.136,-0.717
2025-12-15 04:00,0.613,0.539,0.137,0.592
2025-12-15 05:00,0.544,0.466,0.130,1.216
2025-12-15 06:00,0.383,0.300,0.114,1.175
2025-12-15 07:00,0.156,0.105,0.071,-0.306
2025-12-15 08:00,0.003,0.010,0.008,-2.920
2025-12-15 09:00,0,0,0,-4.338
2025-12-15 10:00,0,0,0,-5.267
2025-12-15 11:00,0,0,0,-6.280
2025-12-15 12:00,0,0,0,-7.489
2025-12-15 13:00,0,0,0,-8.497
2025-12-15 14:00,0,0,0,-9.266
2025-12-15 15:00,0,0,0,-9.851
2025-12-15 16:00,0,0,0,-10.439
2025-12-15 17:00,0,0,0,-11.066
2025-12-15 18:00,0,0,0,-11.686
2025-12-15 19:00,0,0,0,-12.223
2025-12-15 20:00,0,0,0,-12.655
2025-12-15 21:00,0,0,0,-12.936
2025-12-15 22:00,0,0,0,-13.169
2025-12-15 23:00,0,0.006,0.005,-13.544
2025-12-16 00:00,0.170,0.119,0.062,-13.057
2025-12-16 01:00,0.440,0.350,0.098,-11.867
2025-12-16 02:00,0.601,0.511,0.115,-10.527
2025-12-16 03:00,0.687,0.610,0.121,-9.192
2025-12-16 04:00,0.692,0.620,0.121,-8.122
2025-12-16 05:00,0.603,0.518,0.119,-7.505
2025-12-16 06:00,0.443,0.356,0.105,-7.413
2025-12-16 07:00,0.216,0.161,0.069,-7.876
2025-12-16 08:00,0.008,0.016,0.008,-9.227
2025-12-16 09:00,0,0,0,-10.218
2025-12-16 10:00,0,0,0,-10.642
2025-12-16 11:00,0,0,0,-10.855
2025-12-16 12:00,0,0,0,-11.002
2025-12-16 13:00,0,0,0,-11.228
2025-12-16 14:00,0,0,0,-11.578
2025-12-16 15:00,0,0,0,-11.821
2025-12-16 16:00,0,0,0,-11.882
2025-12-16 17:00,0,0,0,-11.773
2025-12-16 18:00,0,0,0,-11.645
2025-12-16 19:00,0,0,0,-11.722
2025-12-16 20:00,0,0,0,-11.975
2025-12-16 21:00,0,0,0,-12.238
2025-12-16 22:00,0,0,0,-12.430
2025-12-16 23:00,0,0.007,0.005,-12.528
2025-12-17 00:00,0.206,0.157,0.060,-10.613
2025-12-17 01:00,0.437,0.354,0.098,-8.035
2025-12-17 02:00,0.506,0.398,0.136,-5.449
2025-12-17 03:00,0.479,0.340,0.169,-3.278
2025-12-17 04:00,0.553,0.443,0.154,-1.835
2025-12-17 05:00,0.589,0.524,0.119,-0.770
2025-12-17 06:00,0.511,0.464,0.089,-0.260
2025-12-17 07:00,0.287,0.247,0.061,-1.348
2025-12-17 08:00,0.017,0.026,0.008,-4.412
2025-12-17 09:00,0,0,0,-5.709
2025-12-17 10:00,0,0,0,-5.733
2025-12-17 11:00,0,0,0,-5.408
2025-12-17 12:00,0,0,0,-5.327
2025-12-17 13:00,0,0,0,-5.536
2025-12-17 14:00,0,0,0,-5.763
2025-12-17 15:00,0,0,0,-6.089
2025-12-17 16:00,0,0,0,-6.401
2025-12-17 17:00,0,0,0,-6.733
2025-12-17 18:00,0,0,0,-7.036
2025-12-17 19:00,0,0,0,-7.222
2025-12-17 20:00,0,0,0,-7.274
2025-12-17 21:00,0,0,0,-7.100
2025-12-17 22:00,0,0,0,-6.598
2025-12-17 23:00,0,0.001,0.003,-6.311
2025-12-18 00:00,0.030,0.007,0.042,-5.391
2025-12-18 01:00,0.078,0.011,0.086,-4.225
2025-12-18 02:00,0.128,0.019,0.129,-2.916
2025-12-18 03:00,0.178,0.033,0.166,-1.210
2025-12-18 04:00,0.184,0.035,0.170,0.313
2025-12-18 05:00,0.166,0.034,0.154,1.212
2025-12-18 06:00,0.122,0.028,0.116,1.495
2025-12-18 07:00,0.064,0.021,0.064,0.883
2025-12-18 08:00,0,0.005,0.008,-0.942
2025-12-18 09:00,0,0,0,-2.155
2025-12-18 10:00,0,0,0,-2.701
2025-12-18 11:00,0,0,0,-3.062
2025-12-18 12:00,0,0,0,-3.302
2025-12-18 13:00,0,0,0,-3.265
2025-12-18 14:00,0,0,0,-3.099
2025-12-18 15:00,0,0,0,-3.190
2025-12-18 16:00,0,0,0,-3.062
2025-12-18 17:00,0,0,0,-2.994
2025-12-18 18:00,0,0,0,-3.050
2025-12-18 19:00,0,0,0,-3.208
2025-12-18 20:00,0,0,0,-3.473
2025-12-18 21:00,0,0,0,-3.590
2025-12-18 22:00,0,0,0,-3.496
2025-12-18 23:00,0,0.001,0.003,-3.390
2025-12-19 00:00,0.054,0.023,0.052,-2.579
2025-12-19 01:00,0.296,0.199,0.119,-0.717
2025-12-19 02:00,0.577,0.521,0.116,1.585
2025-12-19 03:00,0.682,0.655,0.115,2.338
2025-12-19 04:00,0.705,0.689,0.111,2.005
2025-12-19 05:00,0.642,0.610,0.105,1.513
2025-12-19 06:00,0.390,0.306,0.114,0.663
2025-12-19 07:00,0.116,0.067,0.070,-0.745
2025-12-19 08:00,0,0.006,0.007,-2.460
2025-12-19 09:00,0,0,0,-3.372
2025-12-19 10:00,0,0,0,-4.645
2025-12-19 11:00,0,0,0,-6.075
2025-12-19 12:00,0,0,0,-7.038
2025-12-19 13:00,0,0,0,-7.712
2025-12-19 14:00,0,0,0,-8.433
2025-12-19 15:00,0,0,0,-9.091
2025-12-19 16:00,0,0,0,-9.246
2025-12-19 17:00,0,0,0,-9.391
2025-12-19 18:00,0,0,0,-9.914
2025-12-19 19:00,0,0,0,-10.560
2025-12-19 20:00,0,0,0,-10.877
2025-12-19 21:00,0,0,0,-11.117
2025-12-19 22:00,0,0,0,-11.326
2025-12-19 23:00,0,0.003,0.004,-11.769
2025-12-20 00:00,0.174,0.126,0.060,-11.643
2025-12-20 01:00,0.516,0.452,0.079,-10.586
2025-12-20 02:00,0.680,0.632,0.090,-9.207
2025-12-20 03:00,0.753,0.719,0.097,-8.146
2025-12-20 04:00,0.754,0.722,0.098,-7.650
2025-12-20 05:00,0.685,0.640,0.094,-7.658
2025-12-20 06:00,0.533,0.473,0.083,-8.162
2025-12-20 07:00,0.278,0.228,0.060,-9.193
2025-12-20 08:00,0.012,0.021,0.008,-10.709
2025-12-20 09:00,0,0,0,-11.654
2025-12-20 10:00,0,0,0,-12.146
2025-12-20 11:00,0,0,0,-12.630
2025-12-20 12:00,0,0,0,-13.040
2025-12-20 13:00,0,0,0,-13.398
2025-12-20 14:00,0,0,0,-13.772
2025-12-20 15:00,0,0,0,-14.227
2025-12-20 16:00,0,0,0,-14.860
2025-12-20 17:00,0,0,0,-15.380
2025-12-20 18:00,0,0,0,-15.854
2025-12-20 19:00,0,0,0,-16.274
2025-12-20 20:00,0,0,0,-16.626
2025-12-20 21:00,0,0,0,-16.923
2025-12-20 22:00,0,0,0,-17.147
2025-12-20 23:00,0.002,0.012,0.005,-17.233
2025-12-21 00:00,0.275,0.226,0.052,-15.334
2025-12-21 01:00,0.535,0.470,0.076,-12.879
2025-12-21 02:00,0.688,0.639,0.089,-10.415
2025-12-21 03:00,0.758,0.725,0.096,-8.742
2025-12-21 04:00,0.758,0.728,0.096,-7.567
2025-12-21 05:00,0.687,0.649,0.091,-6.725
2025-12-21 06:00,0.536,0.484,0.081,-6.297
2025-12-21 07:00,0.298,0.254,0.057,-6.753
2025-12-21 08:00,0.017,0.027,0.007,-9.474
2025-12-21 09:00,0,0,0,-10.883
2025-12-21 10:00,0,0,0,-11.226
2025-12-21 11:00,0,0,0,-11.179
2025-12-21 12:00,0,0,0,-11.134
2025-12-21 13:00,0,0,0,-11.294
2025-12-21 14:00,0,0,0,-11.337
2025-12-21 15:00,0,0,0,-11.270
2025-12-21 16:00,0,0,0,-11.204
2025-12-21 17:00,0,0,0,-11.134
2025-12-21 18:00,0,0,0,-11.032
2025-12-21 19:00,0,0,0,-10.788
2025-12-21 20:00,0,0,0,-10.801
2025-12-21 21:00,0,0,0,-11.027
2025-12-21 22:00,0,0,0,-10.992
2025-12-21 23:00,0,0.005,0.005,-10.836
2025-12-22 00:00,0.162,0.114,0.062,-9.607
2025-12-22 01:00,0.388,0.296,0.106,-7.337
2025-12-22 02:00,0.523,0.424,0.131,-4.342
2025-12-22 03:00,0.624,0.549,0.133,-1.672
2025-12-22 04:00,0.654,0.601,0.125,0.152
2025-12-22 05:00,0.586,0.528,0.118,1.153
2025-12-22 06:00,0.431,0.362,0.104,1.300
2025-12-22 07:00,0.173,0.124,0.070,0.226
2025-12-22 08:00,0,0.008,0.007,-1.807
2025-12-22 09:00,0,0,0,-2.782
2025-12-22 10:00,0,0,0,-3.304
2025-12-22 11:00,0,0,0,-3.407
2025-12-22 12:00,0,0,0,-3.440
2025-12-22 13:00,0,0,0,-3.474
2025-12-22 14:00,0,0,0,-3.488
2025-12-22 15:00,0,0,0,-3.546
2025-12-22 16:00,0,0,0,-3.661
2025-12-22 17:00,0,0,0,-3.720
2025-12-22 18:00,0,0,0,-3.760
2025-12-22 19:00,0,0,0,-3.803
2025-12-22 20:00,0,0,0,-3.931
2025-12-22 21:00,0,0,0,-3.889
2025-12-22 22:00,0,0,0,-4.330
2025-12-22 23:00,0,0.006,0.005,-5.910
2025-12-23 00:00,0.218,0.176,0.057,-6.230
2025-12-23 01:00,0.476,0.414,0.085,-5.811
2025-12-23 02:00,0.650,0.607,0.095,-5.160
2025-12-23 03:00,0.738,0.715,0.098,-4.563
2025-12-23 04:00,0.744,0.725,0.098,-4.306
2025-12-23 05:00,0.678,0.647,0.092,-4.277
2025-12-23 06:00,0.533,0.485,0.081,-4.597
2025-12-23 07:00,0.299,0.257,0.057,-5.504
2025-12-23 08:00,0.019,0.029,0.007,-7.323
2025-12-23 09:00,0,0,0,-8.837
2025-12-23 10:00,0,0,0,-9.900
2025-12-23 11:00,0,0,0,-10.728
2025-12-23 12:00,0,0,0,-11.173
2025-12-23 13:00,0,0,0,-11.332
2025-12-23 14:00,0,0,0,-11.363
2025-12-23 15:00,0,0,0,-11.303
2025-12-23 16:00,0,0,0,-11.461
2025-12-23 17:00,0,0,0,-11.699
2025-12-23 18:00,0,0,0,-11.810
2025-12-23 19:00,0,0,0,-12.022
2025-12-23 20:00,0,0,0,-12.236
2025-12-23 21:00,0,0,0,-12.297
2025-12-23 22:00,0,0,0,-12.177
2025-12-23 23:00,0,0.005,0.005,-11.889
2025-12-24 00:00,0.103,0.056,0.063,-10.282
2025-12-24 01:00,0.198,0.088,0.124,-8.355
2025-12-24 02:00,0.270,0.116,0.168,-6.781
2025-12-24 03:00,0.382,0.206,0.192,-5.956
2025-12-24 04:00,0.454,0.290,0.186,-5.671
2025-12-24 05:00,0.388,0.236,0.170,-5.741
2025-12-24 06:00,0.261,0.142,0.133,-6.106
2025-12-24 07:00,0.147,0.090,0.074,-6.848
2025-12-24 08:00,0.005,0.013,0.008,-8.698
2025-12-24 09:00,0,0,0,-10.276
2025-12-24 10:00,0,0,0,-11.067
2025-12-24 11:00,0,0,0,-11.373
2025-12-24 12:00,0,0,0,-12.076
2025-12-24 13:00,0,0,0,-13.194
2025-12-24 14:00,0,0,0,-14.117
2025-12-24 15:00,0,0,0,-14.874
2025-12-24 16:00,0,0,0,-15.571
2025-12-24 17:00,0,0,0,-16.123
2025-12-24 18:00,0,0,0,-16.650
2025-12-24 19:00,0,0,0,-17.151
2025-12-24 20:00,0,0,0,-17.541
2025-12-24 21:00,0,0,0,-17.766
2025-12-24 22:00,0,0,0,-17.862
2025-12-24 23:00,0.003,0.012,0.005,-17.862
2025-12-25 00:00,0.309,0.260,0.048,-16.627
2025-12-25 01:00,0.568,0.507,0.070,-14.783
2025-12-25 02:00,0.723,0.677,0.081,-13.313
2025-12-25 03:00,0.796,0.765,0.087,-12.264
2025-12-25 04:00,0.797,0.769,0.088,-11.580
2025-12-25 05:00,0.727,0.688,0.083,-11.234
2025-12-25 06:00,0.580,0.528,0.072,-11.297
2025-12-25 07:00,0.334,0.288,0.052,-11.880
2025-12-25 08:00,0.025,0.035,0.007,-13.578
2025-12-25 09:00,0,0,0,-15.066
2025-12-25 10:00,0,0,0,-16.001
2025-12-25 11:00,0,0,0,-16.705
2025-12-25 12:00,0,0,0,-17.309
2025-12-25 13:00,0,0,0,-17.795
2025-12-25 14:00,0,0,0,-18.201
2025-12-25 15:00,0,0,0,-18.538
2025-12-25 16:00,0,0,0,-18.793
2025-12-25 17:00,0,0,0,-18.976
2025-12-25 18:00,0,0,0,-19.117
2025-12-25 19:00,0,0,0,-19.248
2025-12-25 20:00,0,0,0,-19.339
2025-12-25 21:00,0,0,0,-19.243
2025-12-25 22:00,0,0,0,-18.909
2025-12-25 23:00,0.004,0.014,0.005,-18.385
2025-12-26 00:00,0.284,0.233,0.053,-16.626
2025-12-26 01:00,0.537,0.468,0.078,-13.738
2025-12-26 02:00,0.684,0.628,0.092,-11.039
2025-12-26 03:00,0.748,0.708,0.100,-8.642
2025-12-26 04:00,0.741,0.704,0.102,-6.826
2025-12-26 05:00,0.662,0.617,0.098,-5.387
2025-12-26 06:00,0.477,0.410,0.093,-4.613
2025-12-26 07:00,0.187,0.135,0.068,-5.522
2025-12-26 08:00,0.002,0.009,0.007,-7.716
2025-12-26 09:00,0,0,0,-8.461
2025-12-26 10:00,0,0,0,-8.691
2025-12-26 11:00,0,0,0,-9.034
2025-12-26 12:00,0,0,0,-9.883
2025-12-26 13:00,0,0,0,-10.823
2025-12-26 14:00,0,0,0,-11.569
2025-12-26 15:00,0,0,0,-12.259
2025-12-26 16:00,0,0,0,-12.811
2025-12-26 17:00,0,0,0,-13.308
2025-12-26 18:00,0,0,0,-13.775
2025-12-26 19:00,0,0,0,-14.189
2025-12-26 20:00,0,0,0,-14.536
2025-12-26 21:00,0,0,0,-14.726
2025-12-26 22:00,0,0,0,-14.697
2025-12-26 23:00,0.004,0.013,0.005,-14.505
2025-12-27 00:00,0.283,0.237,0.052,-12.196
2025-12-27 01:00,0.525,0.470,0.077,-8.497
2025-12-27 02:00,0.670,0.632,0.091,-5.915
2025-12-27 03:00,0.738,0.722,0.097,-3.258
2025-12-27 04:00,0.734,0.724,0.098,-1.588
2025-12-27 05:00,0.666,0.644,0.093,-0.985
2025-12-27 06:00,0.507,0.463,0.084,-0.904
2025-12-27 07:00,0.276,0.236,0.059,-2.446
2025-12-27 08:00,0.017,0.027,0.008,-5.682
2025-12-27 09:00,0,0,0,-7.448
2025-12-27 10:00,0,0,0,-7.974
2025-12-27 11:00,0,0,0,-8.110
2025-12-27 12:00,0,0,0,-8.217
2025-12-27 13:00,0,0,0,-8.345
2025-12-27 14:00,0,0,0,-8.368
2025-12-27 15:00,0,0,0,-8.492
2025-12-27 16:00,0,0,0,-8.782
2025-12-27 17:00,0,0,0,-9.005
2025-12-27 18:00,0,0,0,-9.177
2025-12-27 19:00,0,0,0,-9.378
2025-12-27 20:00,0,0,0,-9.578
2025-12-27 21:00,0,0,0,-9.541
2025-12-27 22:00,0,0,0,-9.231
2025-12-27 23:00,0,0.006,0.005,-9.409
2025-12-28 00:00,0.178,0.124,0.068,-8.176
2025-12-28 01:00,0.401,0.304,0.115,-5.890
2025-12-28 02:00,0.487,0.365,0.153,-3.045
2025-12-28 03:00,0.369,0.195,0.199,-0.859
2025-12-28 04:00,0.246,0.079,0.188,-0.144
2025-12-28 05:00,0.157,0.034,0.144,-0.639
2025-12-28 06:00,0.091,0.017,0.095,-1.925
2025-12-28 07:00,0.040,0.010,0.050,-3.621
2025-12-28 08:00,0,0.002,0.005,-5.419
2025-12-28 09:00,0,0,0,-6.428
2025-12-28 10:00,0,0,0,-7.199
2025-12-28 11:00,0,0,0,-8.383
2025-12-28 12:00,0,0,0,-9.406
2025-12-28 13:00,0,0,0,-10.303
2025-12-28 14:00,0,0,0,-11.000
2025-12-28 15:00,0,0,0,-11.670
2025-12-28 16:00,0,0,0,-12.301
2025-12-28 17:00,0,0,0,-12.880
2025-12-28 18:00,0,0,0,-13.390
2025-12-28 19:00,0,0,0,-13.815
2025-12-28 20:00,0,0,0,-14.153
2025-12-28 21:00,0,0,0,-14.342
2025-12-28 22:00,0,0,0,-14.391
2025-12-28 23:00,0.002,0.011,0.006,-14.344
2025-12-29 00:00,0.302,0.258,0.050,-12.091
2025-12-29 01:00,0.545,0.496,0.073,-8.663
2025-12-29 02:00,0.689,0.658,0.085,-6.306
2025-12-29 03:00,0.759,0.744,0.092,-5.385
2025-12-29 04:00,0.762,0.751,0.092,-5.021
2025-12-29 05:00,0.697,0.674,0.086,-4.854
2025-12-29 06:00,0.551,0.509,0.076,-5.068
2025-12-29 07:00,0.316,0.276,0.054,-6.015
2025-12-29 08:00,0.026,0.036,0.008,-9.073
2025-12-29 09:00,0,0,0,-10.814
2025-12-29 10:00,0,0,0,-11.778
2025-12-29 11:00,0,0,0,-12.626
2025-12-29 12:00,0,0,0,-13.276
2025-12-29 13:00,0,0,0,-13.780
2025-12-29 14:00,0,0,0,-14.204
2025-12-29 15:00,0,0,0,-14.662
2025-12-29 16:00,0,0,0,-15.203
2025-12-29 17:00,0,0,0,-15.740
2025-12-29 18:00,0,0,0,-16.231
2025-12-29 19:00,0,0,0,-16.666
2025-12-29 20:00,0,0,0,-17.063
2025-12-29 21:00,0,0,0,-17.333
2025-12-29 22:00,0,0,0,-17.497
2025-12-29 23:00,0.008,0.018,0.005,-17.577
2025-12-30 00:00,0.325,0.278,0.048,-15.484
2025-12-30 01:00,0.573,0.518,0.070,-13.045
2025-12-30 02:00,0.720,0.681,0.082,-11.128
2025-12-30 03:00,0.793,0.772,0.087,-9.955
2025-12-30 04:00,0.790,0.770,0.088,-9.323
2025-12-30 05:00,0.718,0.684,0.084,-9.098
2025-12-30 06:00,0.561,0.509,0.076,-9.347
2025-12-30 07:00,0.314,0.267,0.055,-10.250
2025-12-30 08:00,0.024,0.033,0.008,-12.275
2025-12-30 09:00,0,0,0,-13.886
2025-12-30 10:00,0,0,0,-14.760
2025-12-30 11:00,0,0,0,-15.371
2025-12-30 12:00,0,0,0,-15.916
2025-12-30 13:00,0,0,0,-16.381
2025-12-30 14:00,0,0,0,-16.768
2025-12-30 15:00,0,0,0,-17.199
2025-12-30 16:00,0,0,0,-17.676
2025-12-30 17:00,0,0,0,-18.158
2025-12-30 18:00,0,0,0,-18.600
2025-12-30 19:00,0,0,0,-19.002
2025-12-30 20:00,0,0,0,-19.336
2025-12-30 21:00,0,0,0,-19.539
2025-12-30 22:00,0,0,0,-19.633
2025-12-30 23:00,0.009,0.019,0.005,-19.572
2025-12-31 00:00,0.333,0.283,0.048,-17.579
2025-12-31 01:00,0.582,0.522,0.069,-14.937
2025-12-31 02:00,0.727,0.685,0.081,-12.448
2025-12-31 03:00,0.794,0.769,0.088,-10.934
2025-12-31 04:00,0.793,0.769,0.088,-10.066
2025-12-31 05:00,0.721,0.686,0.084,-9.666
2025-12-31 06:00,0.570,0.519,0.074,-9.734
2025-12-31 07:00,0.324,0.278,0.054,-10.477
2025-12-31 08:00,0.028,0.038,0.008,-13.190
2025-12-31 09:00,0,0,0,-14.757
2025-12-31 10:00,0,0,0,-15.297
2025-12-31 11:00,0,0,0,-15.563
2025-12-31 12:00,0,0,0,-15.435
2025-12-31 13:00,0,0,0,-15.202
2025-12-31 14:00,0,0,0,-15.204
2025-12-31 15:00,0,0,0,-15.764
2025-12-31 16:00,0,0,0,-16.390
2025-12-31 17:00,0,0,0,-16.786
2025-12-31 18:00,0,0,0,-17.134
2025-12-31 19:00,0,0,0,-17.800
2025-12-31 20:00,0,0,0,-18.495
2025-12-31 21:00,0,0,0,-18.859
2025-12-31 22:00,0,0,0,-19.079
2025-12-31 23:00,0,-0,0.006,-19.270
