# Renewables.ninja Wind power (Point API) - 42.226, 119.219 - Version: 1.4 - License: https://creativecommons.org/licenses/by-nc/4.0/ - Reference: https://doi.org/10.1016/j.energy.2016.08.068,,,,,,,,,,,,
# Units: time in UTC, electricity in kW, wind_speed in m/s,,,,,,,,,,,
"# {""units"": {""time"": ""UTC"""," ""electricity"": ""kW"""," ""wind_speed"": ""m/s""}"," ""params"": {""lat"": ""42.2256437"""," ""lon"": ""119.2190097"""," ""date_from"": ""2025-01-01"""," ""date_to"": ""2025-12-31"""," ""dataset"": ""merra2"""," ""header"": ""true"""," ""local_time"": ""false"""," ""capacity"": ""1"""," ""height"": ""80"""," ""turbine"": ""GE 5.5 158"""," ""raw"": ""true""}}"
time,electricity,wind_speed,,,,,,,,,,,
2025/1/1 0:00,0.403,7.152,,,,,,,,,,,
2025/1/1 1:00,0.217,5.678,,,,,,,,,,,
2025/1/1 2:00,0.13,4.764,,,,,,,,,,,
2025/1/1 3:00,0.145,4.94,,,,,,,,,,,
2025/1/1 4:00,0.15,5.006,,,,,,,,,,,
2025/1/1 5:00,0.153,5.025,,,,,,,,,,,
2025/1/1 6:00,0.135,4.834,,,,,,,,,,,
2025/1/1 7:00,0.074,3.968,,,,,,,,,,,
2025/1/1 8:00,0.044,3.368,,,,,,,,,,,
2025/1/1 9:00,0.056,3.626,,,,,,,,,,,
2025/1/1 10:00,0.122,4.664,,,,,,,,,,,
2025/1/1 11:00,0.236,5.846,,,,,,,,,,,
2025/1/1 12:00,0.34,6.684,,,,,,,,,,,
2025/1/1 13:00,0.357,6.815,,,,,,,,,,,
2025/1/1 14:00,0.375,6.949,,,,,,,,,,,
2025/1/1 15:00,0.386,7.033,,,,,,,,,,,
2025/1/1 16:00,0.36,6.835,,,,,,,,,,,
2025/1/1 17:00,0.36,6.829,,,,,,,,,,,
2025/1/1 18:00,0.384,7.012,,,,,,,,,,,
2025/1/1 19:00,0.434,7.379,,,,,,,,,,,
2025/1/1 20:00,0.494,7.815,,,,,,,,,,,
2025/1/1 21:00,0.55,8.227,,,,,,,,,,,
2025/1/1 22:00,0.601,8.61,,,,,,,,,,,
2025/1/1 23:00,0.645,8.957,,,,,,,,,,,
2025/1/2 0:00,0.584,8.479,,,,,,,,,,,
2025/1/2 1:00,0.396,7.101,,,,,,,,,,,
2025/1/2 2:00,0.603,8.627,,,,,,,,,,,
2025/1/2 3:00,0.708,9.489,,,,,,,,,,,
2025/1/2 4:00,0.719,9.601,,,,,,,,,,,
2025/1/2 5:00,0.719,9.604,,,,,,,,,,,
2025/1/2 6:00,0.687,9.319,,,,,,,,,,,
2025/1/2 7:00,0.542,8.164,,,,,,,,,,,
2025/1/2 8:00,0.418,7.266,,,,,,,,,,,
2025/1/2 9:00,0.377,6.965,,,,,,,,,,,
2025/1/2 10:00,0.45,7.489,,,,,,,,,,,
2025/1/2 11:00,0.628,8.822,,,,,,,,,,,
2025/1/2 12:00,0.736,9.771,,,,,,,,,,,
2025/1/2 13:00,0.736,9.769,,,,,,,,,,,
2025/1/2 14:00,0.735,9.758,,,,,,,,,,,
2025/1/2 15:00,0.708,9.496,,,,,,,,,,,
2025/1/2 16:00,0.64,8.913,,,,,,,,,,,
2025/1/2 17:00,0.585,8.483,,,,,,,,,,,
2025/1/2 18:00,0.563,8.317,,,,,,,,,,,
2025/1/2 19:00,0.552,8.234,,,,,,,,,,,
2025/1/2 20:00,0.6,8.603,,,,,,,,,,,
2025/1/2 21:00,0.594,8.557,,,,,,,,,,,
2025/1/2 22:00,0.601,8.608,,,,,,,,,,,
2025/1/2 23:00,0.6,8.603,,,,,,,,,,,
2025/1/3 0:00,0.505,7.892,,,,,,,,,,,
2025/1/3 1:00,0.284,6.25,,,,,,,,,,,
2025/1/3 2:00,0.332,6.628,,,,,,,,,,,
2025/1/3 3:00,0.372,6.928,,,,,,,,,,,
2025/1/3 4:00,0.374,6.937,,,,,,,,,,,
2025/1/3 5:00,0.352,6.78,,,,,,,,,,,
2025/1/3 6:00,0.277,6.186,,,,,,,,,,,
2025/1/3 7:00,0.13,4.766,,,,,,,,,,,
2025/1/3 8:00,0.045,3.418,,,,,,,,,,,
2025/1/3 9:00,0.011,2.326,,,,,,,,,,,
2025/1/3 10:00,0.007,2.099,,,,,,,,,,,
2025/1/3 11:00,0.039,3.261,,,,,,,,,,,
2025/1/3 12:00,0.113,4.549,,,,,,,,,,,
2025/1/3 13:00,0.198,5.498,,,,,,,,,,,
2025/1/3 14:00,0.269,6.132,,,,,,,,,,,
2025/1/3 15:00,0.32,6.536,,,,,,,,,,,
2025/1/3 16:00,0.346,6.728,,,,,,,,,,,
2025/1/3 17:00,0.351,6.773,,,,,,,,,,,
2025/1/3 18:00,0.358,6.821,,,,,,,,,,,
2025/1/3 19:00,0.375,6.947,,,,,,,,,,,
2025/1/3 20:00,0.383,7.005,,,,,,,,,,,
2025/1/3 21:00,0.354,6.793,,,,,,,,,,,
2025/1/3 22:00,0.3,6.37,,,,,,,,,,,
2025/1/3 23:00,0.236,5.848,,,,,,,,,,,
2025/1/4 0:00,0.157,5.074,,,,,,,,,,,
2025/1/4 1:00,0.062,3.753,,,,,,,,,,,
2025/1/4 2:00,0.016,2.55,,,,,,,,,,,
2025/1/4 3:00,0.015,2.497,,,,,,,,,,,
2025/1/4 4:00,0.023,2.813,,,,,,,,,,,
2025/1/4 5:00,0.034,3.127,,,,,,,,,,,
2025/1/4 6:00,0.034,3.124,,,,,,,,,,,
2025/1/4 7:00,0.019,2.66,,,,,,,,,,,
2025/1/4 8:00,0.032,3.08,,,,,,,,,,,
2025/1/4 9:00,0.052,3.553,,,,,,,,,,,
2025/1/4 10:00,0.081,4.086,,,,,,,,,,,
2025/1/4 11:00,0.143,4.919,,,,,,,,,,,
2025/1/4 12:00,0.311,6.459,,,,,,,,,,,
2025/1/4 13:00,0.486,7.754,,,,,,,,,,,
2025/1/4 14:00,0.537,8.122,,,,,,,,,,,
2025/1/4 15:00,0.474,7.663,,,,,,,,,,,
2025/1/4 16:00,0.401,7.138,,,,,,,,,,,
2025/1/4 17:00,0.372,6.924,,,,,,,,,,,
2025/1/4 18:00,0.387,7.041,,,,,,,,,,,
2025/1/4 19:00,0.409,7.196,,,,,,,,,,,
2025/1/4 20:00,0.402,7.144,,,,,,,,,,,
2025/1/4 21:00,0.378,6.978,,,,,,,,,,,
2025/1/4 22:00,0.377,6.97,,,,,,,,,,,
2025/1/4 23:00,0.387,7.037,,,,,,,,,,,
2025/1/5 0:00,0.331,6.617,,,,,,,,,,,
2025/1/5 1:00,0.306,6.425,,,,,,,,,,,
2025/1/5 2:00,0.315,6.491,,,,,,,,,,,
2025/1/5 3:00,0.288,6.283,,,,,,,,,,,
2025/1/5 4:00,0.3,6.377,,,,,,,,,,,
2025/1/5 5:00,0.335,6.655,,,,,,,,,,,
2025/1/5 6:00,0.368,6.889,,,,,,,,,,,
2025/1/5 7:00,0.349,6.746,,,,,,,,,,,
2025/1/5 8:00,0.261,6.065,,,,,,,,,,,
2025/1/5 9:00,0.194,5.452,,,,,,,,,,,
2025/1/5 10:00,0.135,4.823,,,,,,,,,,,
2025/1/5 11:00,0.169,5.199,,,,,,,,,,,
2025/1/5 12:00,0.3,6.381,,,,,,,,,,,
2025/1/5 13:00,0.453,7.516,,,,,,,,,,,
2025/1/5 14:00,0.565,8.33,,,,,,,,,,,
2025/1/5 15:00,0.634,8.874,,,,,,,,,,,
2025/1/5 16:00,0.655,9.038,,,,,,,,,,,
2025/1/5 17:00,0.653,9.024,,,,,,,,,,,
2025/1/5 18:00,0.63,8.84,,,,,,,,,,,
2025/1/5 19:00,0.608,8.665,,,,,,,,,,,
2025/1/5 20:00,0.619,8.753,,,,,,,,,,,
2025/1/5 21:00,0.66,9.088,,,,,,,,,,,
2025/1/5 22:00,0.704,9.467,,,,,,,,,,,
2025/1/5 23:00,0.715,9.568,,,,,,,,,,,
2025/1/6 0:00,0.61,8.677,,,,,,,,,,,
2025/1/6 1:00,0.443,7.449,,,,,,,,,,,
2025/1/6 2:00,0.65,8.999,,,,,,,,,,,
2025/1/6 3:00,0.734,9.743,,,,,,,,,,,
2025/1/6 4:00,0.767,10.075,,,,,,,,,,,
2025/1/6 5:00,0.807,10.536,,,,,,,,,,,
2025/1/6 6:00,0.826,10.772,,,,,,,,,,,
2025/1/6 7:00,0.78,10.215,,,,,,,,,,,
2025/1/6 8:00,0.735,9.759,,,,,,,,,,,
2025/1/6 9:00,0.734,9.74,,,,,,,,,,,
2025/1/6 10:00,0.718,9.598,,,,,,,,,,,
2025/1/6 11:00,0.756,9.97,,,,,,,,,,,
2025/1/6 12:00,0.776,10.173,,,,,,,,,,,
2025/1/6 13:00,0.793,10.363,,,,,,,,,,,
2025/1/6 14:00,0.815,10.636,,,,,,,,,,,
2025/1/6 15:00,0.812,10.582,,,,,,,,,,,
2025/1/6 16:00,0.813,10.6,,,,,,,,,,,
2025/1/6 17:00,0.806,10.524,,,,,,,,,,,
2025/1/6 18:00,0.779,10.207,,,,,,,,,,,
2025/1/6 19:00,0.762,10.024,,,,,,,,,,,
2025/1/6 20:00,0.745,9.852,,,,,,,,,,,
2025/1/6 21:00,0.699,9.414,,,,,,,,,,,
2025/1/6 22:00,0.655,9.03,,,,,,,,,,,
2025/1/6 23:00,0.658,9.066,,,,,,,,,,,
2025/1/7 0:00,0.7,9.424,,,,,,,,,,,
2025/1/7 1:00,0.737,9.774,,,,,,,,,,,
2025/1/7 2:00,0.888,11.754,,,,,,,,,,,
2025/1/7 3:00,0.9,11.999,,,,,,,,,,,
2025/1/7 4:00,0.91,12.219,,,,,,,,,,,
2025/1/7 5:00,0.913,12.281,,,,,,,,,,,
2025/1/7 6:00,0.902,12.043,,,,,,,,,,,
2025/1/7 7:00,0.846,11.061,,,,,,,,,,,
2025/1/7 8:00,0.724,9.643,,,,,,,,,,,
2025/1/7 9:00,0.692,9.356,,,,,,,,,,,
2025/1/7 10:00,0.681,9.256,,,,,,,,,,,
2025/1/7 11:00,0.698,9.401,,,,,,,,,,,
2025/1/7 12:00,0.714,9.559,,,,,,,,,,,
2025/1/7 13:00,0.751,9.9,,,,,,,,,,,
2025/1/7 14:00,0.816,10.642,,,,,,,,,,,
2025/1/7 15:00,0.863,11.317,,,,,,,,,,,
2025/1/7 16:00,0.881,11.624,,,,,,,,,,,
2025/1/7 17:00,0.913,12.29,,,,,,,,,,,
2025/1/7 18:00,0.911,12.242,,,,,,,,,,,
2025/1/7 19:00,0.906,12.131,,,,,,,,,,,
2025/1/7 20:00,0.902,12.031,,,,,,,,,,,
2025/1/7 21:00,0.881,11.632,,,,,,,,,,,
2025/1/7 22:00,0.87,11.433,,,,,,,,,,,
2025/1/7 23:00,0.883,11.656,,,,,,,,,,,
2025/1/8 0:00,0.869,11.406,,,,,,,,,,,
2025/1/8 1:00,0.961,13.794,,,,,,,,,,,
2025/1/8 2:00,0.983,15.291,,,,,,,,,,,
2025/1/8 3:00,0.982,15.2,,,,,,,,,,,
2025/1/8 4:00,0.98,14.971,,,,,,,,,,,
2025/1/8 5:00,0.978,14.823,,,,,,,,,,,
2025/1/8 6:00,0.978,14.84,,,,,,,,,,,
2025/1/8 7:00,0.975,14.618,,,,,,,,,,,
2025/1/8 8:00,0.963,13.9,,,,,,,,,,,
2025/1/8 9:00,0.935,12.86,,,,,,,,,,,
2025/1/8 10:00,0.912,12.27,,,,,,,,,,,
2025/1/8 11:00,0.876,11.525,,,,,,,,,,,
2025/1/8 12:00,0.855,11.182,,,,,,,,,,,
2025/1/8 13:00,0.826,10.763,,,,,,,,,,,
2025/1/8 14:00,0.761,10.013,,,,,,,,,,,
2025/1/8 15:00,0.806,10.52,,,,,,,,,,,
2025/1/8 16:00,0.898,11.939,,,,,,,,,,,
2025/1/8 17:00,0.932,12.774,,,,,,,,,,,
2025/1/8 18:00,0.931,12.735,,,,,,,,,,,
2025/1/8 19:00,0.924,12.568,,,,,,,,,,,
2025/1/8 20:00,0.924,12.549,,,,,,,,,,,
2025/1/8 21:00,0.932,12.778,,,,,,,,,,,
2025/1/8 22:00,0.934,12.825,,,,,,,,,,,
2025/1/8 23:00,0.935,12.862,,,,,,,,,,,
2025/1/9 0:00,0.929,12.693,,,,,,,,,,,
2025/1/9 1:00,0.95,13.346,,,,,,,,,,,
2025/1/9 2:00,0.955,13.53,,,,,,,,,,,
2025/1/9 3:00,0.945,13.174,,,,,,,,,,,
2025/1/9 4:00,0.929,12.694,,,,,,,,,,,
2025/1/9 5:00,0.909,12.199,,,,,,,,,,,
2025/1/9 6:00,0.896,11.909,,,,,,,,,,,
2025/1/9 7:00,0.867,11.373,,,,,,,,,,,
2025/1/9 8:00,0.833,10.865,,,,,,,,,,,
2025/1/9 9:00,0.847,11.069,,,,,,,,,,,
2025/1/9 10:00,0.852,11.14,,,,,,,,,,,
2025/1/9 11:00,0.852,11.144,,,,,,,,,,,
2025/1/9 12:00,0.851,11.117,,,,,,,,,,,
2025/1/9 13:00,0.834,10.875,,,,,,,,,,,
2025/1/9 14:00,0.788,10.308,,,,,,,,,,,
2025/1/9 15:00,0.762,10.027,,,,,,,,,,,
2025/1/9 16:00,0.735,9.752,,,,,,,,,,,
2025/1/9 17:00,0.725,9.653,,,,,,,,,,,
2025/1/9 18:00,0.712,9.54,,,,,,,,,,,
2025/1/9 19:00,0.708,9.49,,,,,,,,,,,
2025/1/9 20:00,0.702,9.438,,,,,,,,,,,
2025/1/9 21:00,0.687,9.319,,,,,,,,,,,
2025/1/9 22:00,0.687,9.312,,,,,,,,,,,
2025/1/9 23:00,0.684,9.288,,,,,,,,,,,
2025/1/10 0:00,0.577,8.427,,,,,,,,,,,
2025/1/10 1:00,0.493,7.807,,,,,,,,,,,
2025/1/10 2:00,0.553,8.241,,,,,,,,,,,
2025/1/10 3:00,0.463,7.591,,,,,,,,,,,
2025/1/10 4:00,0.428,7.331,,,,,,,,,,,
2025/1/10 5:00,0.431,7.362,,,,,,,,,,,
2025/1/10 6:00,0.441,7.424,,,,,,,,,,,
2025/1/10 7:00,0.362,6.85,,,,,,,,,,,
2025/1/10 8:00,0.344,6.716,,,,,,,,,,,
2025/1/10 9:00,0.416,7.249,,,,,,,,,,,
2025/1/10 10:00,0.479,7.706,,,,,,,,,,,
2025/1/10 11:00,0.53,8.073,,,,,,,,,,,
2025/1/10 12:00,0.548,8.211,,,,,,,,,,,
2025/1/10 13:00,0.542,8.164,,,,,,,,,,,
2025/1/10 14:00,0.553,8.241,,,,,,,,,,,
2025/1/10 15:00,0.594,8.554,,,,,,,,,,,
2025/1/10 16:00,0.619,8.745,,,,,,,,,,,
2025/1/10 17:00,0.629,8.827,,,,,,,,,,,
2025/1/10 18:00,0.611,8.685,,,,,,,,,,,
2025/1/10 19:00,0.598,8.587,,,,,,,,,,,
2025/1/10 20:00,0.584,8.482,,,,,,,,,,,
2025/1/10 21:00,0.558,8.279,,,,,,,,,,,
2025/1/10 22:00,0.519,7.995,,,,,,,,,,,
2025/1/10 23:00,0.478,7.7,,,,,,,,,,,
2025/1/11 0:00,0.363,6.857,,,,,,,,,,,
2025/1/11 1:00,0.164,5.152,,,,,,,,,,,
2025/1/11 2:00,0.113,4.549,,,,,,,,,,,
2025/1/11 3:00,0.073,3.954,,,,,,,,,,,
2025/1/11 4:00,0.058,3.689,,,,,,,,,,,
2025/1/11 5:00,0.053,3.581,,,,,,,,,,,
2025/1/11 6:00,0.051,3.545,,,,,,,,,,,
2025/1/11 7:00,0.045,3.399,,,,,,,,,,,
2025/1/11 8:00,0.039,3.263,,,,,,,,,,,
2025/1/11 9:00,0.017,2.594,,,,,,,,,,,
2025/1/11 10:00,0.001,1.437,,,,,,,,,,,
2025/1/11 11:00,0,0.76,,,,,,,,,,,
2025/1/11 12:00,0.009,2.192,,,,,,,,,,,
2025/1/11 13:00,0.059,3.695,,,,,,,,,,,
2025/1/11 14:00,0.154,5.037,,,,,,,,,,,
2025/1/11 15:00,0.303,6.405,,,,,,,,,,,
2025/1/11 16:00,0.461,7.574,,,,,,,,,,,
2025/1/11 17:00,0.565,8.334,,,,,,,,,,,
2025/1/11 18:00,0.601,8.608,,,,,,,,,,,
2025/1/11 19:00,0.595,8.561,,,,,,,,,,,
2025/1/11 20:00,0.598,8.575,,,,,,,,,,,
2025/1/11 21:00,0.616,8.727,,,,,,,,,,,
2025/1/11 22:00,0.631,8.844,,,,,,,,,,,
2025/1/11 23:00,0.624,8.785,,,,,,,,,,,
2025/1/12 0:00,0.507,7.904,,,,,,,,,,,
2025/1/12 1:00,0.266,6.099,,,,,,,,,,,
2025/1/12 2:00,0.36,6.837,,,,,,,,,,,
2025/1/12 3:00,0.29,6.303,,,,,,,,,,,
2025/1/12 4:00,0.205,5.553,,,,,,,,,,,
2025/1/12 5:00,0.137,4.856,,,,,,,,,,,
2025/1/12 6:00,0.082,4.101,,,,,,,,,,,
2025/1/12 7:00,0.034,3.12,,,,,,,,,,,
2025/1/12 8:00,0.009,2.228,,,,,,,,,,,
2025/1/12 9:00,0.019,2.681,,,,,,,,,,,
2025/1/12 10:00,0.044,3.39,,,,,,,,,,,
2025/1/12 11:00,0.063,3.776,,,,,,,,,,,
2025/1/12 12:00,0.069,3.881,,,,,,,,,,,
2025/1/12 13:00,0.075,3.991,,,,,,,,,,,
2025/1/12 14:00,0.1,4.369,,,,,,,,,,,
2025/1/12 15:00,0.165,5.168,,,,,,,,,,,
2025/1/12 16:00,0.272,6.155,,,,,,,,,,,
2025/1/12 17:00,0.375,6.945,,,,,,,,,,,
2025/1/12 18:00,0.458,7.553,,,,,,,,,,,
2025/1/12 19:00,0.528,8.059,,,,,,,,,,,
2025/1/12 20:00,0.571,8.383,,,,,,,,,,,
2025/1/12 21:00,0.584,8.478,,,,,,,,,,,
2025/1/12 22:00,0.601,8.607,,,,,,,,,,,
2025/1/12 23:00,0.645,8.958,,,,,,,,,,,
2025/1/13 0:00,0.572,8.388,,,,,,,,,,,
2025/1/13 1:00,0.443,7.438,,,,,,,,,,,
2025/1/13 2:00,0.692,9.359,,,,,,,,,,,
2025/1/13 3:00,0.731,9.708,,,,,,,,,,,
2025/1/13 4:00,0.729,9.7,,,,,,,,,,,
2025/1/13 5:00,0.725,9.661,,,,,,,,,,,
2025/1/13 6:00,0.712,9.535,,,,,,,,,,,
2025/1/13 7:00,0.625,8.796,,,,,,,,,,,
2025/1/13 8:00,0.53,8.073,,,,,,,,,,,
2025/1/13 9:00,0.533,8.094,,,,,,,,,,,
2025/1/13 10:00,0.519,7.995,,,,,,,,,,,
2025/1/13 11:00,0.472,7.65,,,,,,,,,,,
2025/1/13 12:00,0.406,7.169,,,,,,,,,,,
2025/1/13 13:00,0.362,6.847,,,,,,,,,,,
2025/1/13 14:00,0.362,6.85,,,,,,,,,,,
2025/1/13 15:00,0.406,7.171,,,,,,,,,,,
2025/1/13 16:00,0.438,7.401,,,,,,,,,,,
2025/1/13 17:00,0.434,7.38,,,,,,,,,,,
2025/1/13 18:00,0.412,7.223,,,,,,,,,,,
2025/1/13 19:00,0.381,6.996,,,,,,,,,,,
2025/1/13 20:00,0.365,6.87,,,,,,,,,,,
2025/1/13 21:00,0.339,6.673,,,,,,,,,,,
2025/1/13 22:00,0.333,6.638,,,,,,,,,,,
2025/1/13 23:00,0.375,6.94,,,,,,,,,,,
2025/1/14 0:00,0.369,6.91,,,,,,,,,,,
2025/1/14 1:00,0.722,9.629,,,,,,,,,,,
2025/1/14 2:00,0.89,11.79,,,,,,,,,,,
2025/1/14 3:00,0.92,12.447,,,,,,,,,,,
2025/1/14 4:00,0.937,12.933,,,,,,,,,,,
2025/1/14 5:00,0.947,13.248,,,,,,,,,,,
2025/1/14 6:00,0.945,13.168,,,,,,,,,,,
2025/1/14 7:00,0.927,12.639,,,,,,,,,,,
2025/1/14 8:00,0.88,11.597,,,,,,,,,,,
2025/1/14 9:00,0.853,11.163,,,,,,,,,,,
2025/1/14 10:00,0.898,11.961,,,,,,,,,,,
2025/1/14 11:00,0.914,12.302,,,,,,,,,,,
2025/1/14 12:00,0.908,12.158,,,,,,,,,,,
2025/1/14 13:00,0.905,12.106,,,,,,,,,,,
2025/1/14 14:00,0.906,12.13,,,,,,,,,,,
2025/1/14 15:00,0.855,11.185,,,,,,,,,,,
2025/1/14 16:00,0.73,9.704,,,,,,,,,,,
2025/1/14 17:00,0.651,9.006,,,,,,,,,,,
2025/1/14 18:00,0.598,8.59,,,,,,,,,,,
2025/1/14 19:00,0.55,8.224,,,,,,,,,,,
2025/1/14 20:00,0.492,7.804,,,,,,,,,,,
2025/1/14 21:00,0.469,7.632,,,,,,,,,,,
2025/1/14 22:00,0.534,8.097,,,,,,,,,,,
2025/1/14 23:00,0.611,8.683,,,,,,,,,,,
2025/1/15 0:00,0.559,8.284,,,,,,,,,,,
2025/1/15 1:00,0.441,7.427,,,,,,,,,,,
2025/1/15 2:00,0.5,7.86,,,,,,,,,,,
2025/1/15 3:00,0.519,7.988,,,,,,,,,,,
2025/1/15 4:00,0.551,8.231,,,,,,,,,,,
2025/1/15 5:00,0.583,8.47,,,,,,,,,,,
2025/1/15 6:00,0.583,8.474,,,,,,,,,,,
2025/1/15 7:00,0.521,8.004,,,,,,,,,,,
2025/1/15 8:00,0.607,8.658,,,,,,,,,,,
2025/1/15 9:00,0.707,9.487,,,,,,,,,,,
2025/1/15 10:00,0.77,10.099,,,,,,,,,,,
2025/1/15 11:00,0.804,10.502,,,,,,,,,,,
2025/1/15 12:00,0.836,10.896,,,,,,,,,,,
2025/1/15 13:00,0.865,11.346,,,,,,,,,,,
2025/1/15 14:00,0.885,11.691,,,,,,,,,,,
2025/1/15 15:00,0.894,11.872,,,,,,,,,,,
2025/1/15 16:00,0.9,11.999,,,,,,,,,,,
2025/1/15 17:00,0.89,11.801,,,,,,,,,,,
2025/1/15 18:00,0.862,11.283,,,,,,,,,,,
2025/1/15 19:00,0.855,11.197,,,,,,,,,,,
2025/1/15 20:00,0.866,11.349,,,,,,,,,,,
2025/1/15 21:00,0.871,11.442,,,,,,,,,,,
2025/1/15 22:00,0.856,11.21,,,,,,,,,,,
2025/1/15 23:00,0.812,10.595,,,,,,,,,,,
2025/1/16 0:00,0.686,9.309,,,,,,,,,,,
2025/1/16 1:00,0.469,7.631,,,,,,,,,,,
2025/1/16 2:00,0.586,8.489,,,,,,,,,,,
2025/1/16 3:00,0.556,8.269,,,,,,,,,,,
2025/1/16 4:00,0.406,7.178,,,,,,,,,,,
2025/1/16 5:00,0.283,6.231,,,,,,,,,,,
2025/1/16 6:00,0.187,5.395,,,,,,,,,,,
2025/1/16 7:00,0.079,4.05,,,,,,,,,,,
2025/1/16 8:00,0.018,2.638,,,,,,,,,,,
2025/1/16 9:00,0.029,2.993,,,,,,,,,,,
2025/1/16 10:00,0.135,4.831,,,,,,,,,,,
2025/1/16 11:00,0.329,6.597,,,,,,,,,,,
2025/1/16 12:00,0.497,7.836,,,,,,,,,,,
2025/1/16 13:00,0.556,8.265,,,,,,,,,,,
2025/1/16 14:00,0.579,8.435,,,,,,,,,,,
2025/1/16 15:00,0.589,8.52,,,,,,,,,,,
2025/1/16 16:00,0.612,8.689,,,,,,,,,,,
2025/1/16 17:00,0.635,8.878,,,,,,,,,,,
2025/1/16 18:00,0.669,9.149,,,,,,,,,,,
2025/1/16 19:00,0.692,9.359,,,,,,,,,,,
2025/1/16 20:00,0.697,9.398,,,,,,,,,,,
2025/1/16 21:00,0.702,9.449,,,,,,,,,,,
2025/1/16 22:00,0.686,9.308,,,,,,,,,,,
2025/1/16 23:00,0.664,9.115,,,,,,,,,,,
2025/1/17 0:00,0.534,8.106,,,,,,,,,,,
2025/1/17 1:00,0.243,5.913,,,,,,,,,,,
2025/1/17 2:00,0.09,4.23,,,,,,,,,,,
2025/1/17 3:00,0.08,4.074,,,,,,,,,,,
2025/1/17 4:00,0.086,4.152,,,,,,,,,,,
2025/1/17 5:00,0.08,4.078,,,,,,,,,,,
2025/1/17 6:00,0.092,4.264,,,,,,,,,,,
2025/1/17 7:00,0.147,4.971,,,,,,,,,,,
2025/1/17 8:00,0.289,6.297,,,,,,,,,,,
2025/1/17 9:00,0.431,7.354,,,,,,,,,,,
2025/1/17 10:00,0.522,8.014,,,,,,,,,,,
2025/1/17 11:00,0.592,8.531,,,,,,,,,,,
2025/1/17 12:00,0.675,9.214,,,,,,,,,,,
2025/1/17 13:00,0.735,9.756,,,,,,,,,,,
2025/1/17 14:00,0.758,9.986,,,,,,,,,,,
2025/1/17 15:00,0.78,10.214,,,,,,,,,,,
2025/1/17 16:00,0.778,10.189,,,,,,,,,,,
2025/1/17 17:00,0.746,9.86,,,,,,,,,,,
2025/1/17 18:00,0.682,9.274,,,,,,,,,,,
2025/1/17 19:00,0.605,8.643,,,,,,,,,,,
2025/1/17 20:00,0.561,8.301,,,,,,,,,,,
2025/1/17 21:00,0.529,8.068,,,,,,,,,,,
2025/1/17 22:00,0.522,8.015,,,,,,,,,,,
2025/1/17 23:00,0.537,8.132,,,,,,,,,,,
2025/1/18 0:00,0.497,7.828,,,,,,,,,,,
2025/1/18 1:00,0.275,6.175,,,,,,,,,,,
2025/1/18 2:00,0.119,4.626,,,,,,,,,,,
2025/1/18 3:00,0.18,5.309,,,,,,,,,,,
2025/1/18 4:00,0.196,5.475,,,,,,,,,,,
2025/1/18 5:00,0.215,5.661,,,,,,,,,,,
2025/1/18 6:00,0.244,5.921,,,,,,,,,,,
2025/1/18 7:00,0.267,6.114,,,,,,,,,,,
2025/1/18 8:00,0.354,6.794,,,,,,,,,,,
2025/1/18 9:00,0.468,7.621,,,,,,,,,,,
2025/1/18 10:00,0.591,8.526,,,,,,,,,,,
2025/1/18 11:00,0.639,8.909,,,,,,,,,,,
2025/1/18 12:00,0.622,8.772,,,,,,,,,,,
2025/1/18 13:00,0.621,8.764,,,,,,,,,,,
2025/1/18 14:00,0.659,9.073,,,,,,,,,,,
2025/1/18 15:00,0.744,9.835,,,,,,,,,,,
2025/1/18 16:00,0.78,10.209,,,,,,,,,,,
2025/1/18 17:00,0.78,10.218,,,,,,,,,,,
2025/1/18 18:00,0.776,10.168,,,,,,,,,,,
2025/1/18 19:00,0.753,9.922,,,,,,,,,,,
2025/1/18 20:00,0.759,10.001,,,,,,,,,,,
2025/1/18 21:00,0.753,9.924,,,,,,,,,,,
2025/1/18 22:00,0.733,9.732,,,,,,,,,,,
2025/1/18 23:00,0.704,9.463,,,,,,,,,,,
2025/1/19 0:00,0.553,8.249,,,,,,,,,,,
2025/1/19 1:00,0.291,6.307,,,,,,,,,,,
2025/1/19 2:00,0.373,6.934,,,,,,,,,,,
2025/1/19 3:00,0.402,7.143,,,,,,,,,,,
2025/1/19 4:00,0.359,6.827,,,,,,,,,,,
2025/1/19 5:00,0.308,6.436,,,,,,,,,,,
2025/1/19 6:00,0.253,5.997,,,,,,,,,,,
2025/1/19 7:00,0.172,5.237,,,,,,,,,,,
2025/1/19 8:00,0.118,4.615,,,,,,,,,,,
2025/1/19 9:00,0.058,3.686,,,,,,,,,,,
2025/1/19 10:00,0.012,2.391,,,,,,,,,,,
2025/1/19 11:00,0.001,1.468,,,,,,,,,,,
2025/1/19 12:00,0.002,1.648,,,,,,,,,,,
2025/1/19 13:00,0.03,3.025,,,,,,,,,,,
2025/1/19 14:00,0.095,4.303,,,,,,,,,,,
2025/1/19 15:00,0.147,4.963,,,,,,,,,,,
2025/1/19 16:00,0.167,5.181,,,,,,,,,,,
2025/1/19 17:00,0.171,5.228,,,,,,,,,,,
2025/1/19 18:00,0.168,5.196,,,,,,,,,,,
2025/1/19 19:00,0.163,5.147,,,,,,,,,,,
2025/1/19 20:00,0.155,5.043,,,,,,,,,,,
2025/1/19 21:00,0.154,5.037,,,,,,,,,,,
2025/1/19 22:00,0.162,5.132,,,,,,,,,,,
2025/1/19 23:00,0.175,5.266,,,,,,,,,,,
2025/1/20 0:00,0.177,5.28,,,,,,,,,,,
2025/1/20 1:00,0.098,4.346,,,,,,,,,,,
2025/1/20 2:00,0.086,4.155,,,,,,,,,,,
2025/1/20 3:00,0.164,5.157,,,,,,,,,,,
2025/1/20 4:00,0.249,5.952,,,,,,,,,,,
2025/1/20 5:00,0.285,6.256,,,,,,,,,,,
2025/1/20 6:00,0.283,6.238,,,,,,,,,,,
2025/1/20 7:00,0.229,5.778,,,,,,,,,,,
2025/1/20 8:00,0.261,6.066,,,,,,,,,,,
2025/1/20 9:00,0.365,6.881,,,,,,,,,,,
2025/1/20 10:00,0.564,8.322,,,,,,,,,,,
2025/1/20 11:00,0.713,9.546,,,,,,,,,,,
2025/1/20 12:00,0.666,9.138,,,,,,,,,,,
2025/1/20 13:00,0.567,8.347,,,,,,,,,,,
2025/1/20 14:00,0.507,7.906,,,,,,,,,,,
2025/1/20 15:00,0.507,7.911,,,,,,,,,,,
2025/1/20 16:00,0.54,8.147,,,,,,,,,,,
2025/1/20 17:00,0.57,8.375,,,,,,,,,,,
2025/1/20 18:00,0.598,8.577,,,,,,,,,,,
2025/1/20 19:00,0.602,8.619,,,,,,,,,,,
2025/1/20 20:00,0.598,8.585,,,,,,,,,,,
2025/1/20 21:00,0.602,8.62,,,,,,,,,,,
2025/1/20 22:00,0.61,8.673,,,,,,,,,,,
2025/1/20 23:00,0.615,8.719,,,,,,,,,,,
2025/1/21 0:00,0.503,7.879,,,,,,,,,,,
2025/1/21 1:00,0.575,8.405,,,,,,,,,,,
2025/1/21 2:00,0.797,10.414,,,,,,,,,,,
2025/1/21 3:00,0.735,9.758,,,,,,,,,,,
2025/1/21 4:00,0.66,9.086,,,,,,,,,,,
2025/1/21 5:00,0.593,8.545,,,,,,,,,,,
2025/1/21 6:00,0.528,8.065,,,,,,,,,,,
2025/1/21 7:00,0.437,7.393,,,,,,,,,,,
2025/1/21 8:00,0.331,6.614,,,,,,,,,,,
2025/1/21 9:00,0.341,6.695,,,,,,,,,,,
2025/1/21 10:00,0.337,6.664,,,,,,,,,,,
2025/1/21 11:00,0.302,6.397,,,,,,,,,,,
2025/1/21 12:00,0.272,6.153,,,,,,,,,,,
2025/1/21 13:00,0.268,6.123,,,,,,,,,,,
2025/1/21 14:00,0.298,6.361,,,,,,,,,,,
2025/1/21 15:00,0.331,6.616,,,,,,,,,,,
2025/1/21 16:00,0.355,6.804,,,,,,,,,,,
2025/1/21 17:00,0.381,6.991,,,,,,,,,,,
2025/1/21 18:00,0.398,7.114,,,,,,,,,,,
2025/1/21 19:00,0.399,7.125,,,,,,,,,,,
2025/1/21 20:00,0.389,7.057,,,,,,,,,,,
2025/1/21 21:00,0.378,6.974,,,,,,,,,,,
2025/1/21 22:00,0.36,6.839,,,,,,,,,,,
2025/1/21 23:00,0.335,6.651,,,,,,,,,,,
2025/1/22 0:00,0.224,5.737,,,,,,,,,,,
2025/1/22 1:00,0.06,3.718,,,,,,,,,,,
2025/1/22 2:00,0.029,3.007,,,,,,,,,,,
2025/1/22 3:00,0.034,3.141,,,,,,,,,,,
2025/1/22 4:00,0.045,3.405,,,,,,,,,,,
2025/1/22 5:00,0.049,3.496,,,,,,,,,,,
2025/1/22 6:00,0.038,3.235,,,,,,,,,,,
2025/1/22 7:00,0.013,2.403,,,,,,,,,,,
2025/1/22 8:00,0.007,2.055,,,,,,,,,,,
2025/1/22 9:00,0.017,2.587,,,,,,,,,,,
2025/1/22 10:00,0.034,3.133,,,,,,,,,,,
2025/1/22 11:00,0.071,3.915,,,,,,,,,,,
2025/1/22 12:00,0.14,4.875,,,,,,,,,,,
2025/1/22 13:00,0.208,5.584,,,,,,,,,,,
2025/1/22 14:00,0.244,5.921,,,,,,,,,,,
2025/1/22 15:00,0.245,5.927,,,,,,,,,,,
2025/1/22 16:00,0.232,5.809,,,,,,,,,,,
2025/1/22 17:00,0.224,5.739,,,,,,,,,,,
2025/1/22 18:00,0.242,5.903,,,,,,,,,,,
2025/1/22 19:00,0.28,6.211,,,,,,,,,,,
2025/1/22 20:00,0.31,6.457,,,,,,,,,,,
2025/1/22 21:00,0.314,6.483,,,,,,,,,,,
2025/1/22 22:00,0.272,6.154,,,,,,,,,,,
2025/1/22 23:00,0.222,5.719,,,,,,,,,,,
2025/1/23 0:00,0.145,4.945,,,,,,,,,,,
2025/1/23 1:00,0.033,3.104,,,,,,,,,,,
2025/1/23 2:00,0.004,1.844,,,,,,,,,,,
2025/1/23 3:00,0.005,1.932,,,,,,,,,,,
2025/1/23 4:00,0.012,2.344,,,,,,,,,,,
2025/1/23 5:00,0.011,2.302,,,,,,,,,,,
2025/1/23 6:00,0.002,1.606,,,,,,,,,,,
2025/1/23 7:00,0.003,1.704,,,,,,,,,,,
2025/1/23 8:00,0.034,3.151,,,,,,,,,,,
2025/1/23 9:00,0.124,4.691,,,,,,,,,,,
2025/1/23 10:00,0.161,5.117,,,,,,,,,,,
2025/1/23 11:00,0.119,4.62,,,,,,,,,,,
2025/1/23 12:00,0.073,3.951,,,,,,,,,,,
2025/1/23 13:00,0.063,3.778,,,,,,,,,,,
2025/1/23 14:00,0.11,4.511,,,,,,,,,,,
2025/1/23 15:00,0.211,5.618,,,,,,,,,,,
2025/1/23 16:00,0.287,6.278,,,,,,,,,,,
2025/1/23 17:00,0.327,6.592,,,,,,,,,,,
2025/1/23 18:00,0.324,6.568,,,,,,,,,,,
2025/1/23 19:00,0.278,6.199,,,,,,,,,,,
2025/1/23 20:00,0.224,5.741,,,,,,,,,,,
2025/1/23 21:00,0.173,5.246,,,,,,,,,,,
2025/1/23 22:00,0.143,4.921,,,,,,,,,,,
2025/1/23 23:00,0.132,4.788,,,,,,,,,,,
2025/1/24 0:00,0.102,4.394,,,,,,,,,,,
2025/1/24 1:00,0.05,3.526,,,,,,,,,,,
2025/1/24 2:00,0.016,2.564,,,,,,,,,,,
2025/1/24 3:00,0.003,1.676,,,,,,,,,,,
2025/1/24 4:00,0.001,1.286,,,,,,,,,,,
2025/1/24 5:00,0,1.111,,,,,,,,,,,
2025/1/24 6:00,0,0.718,,,,,,,,,,,
2025/1/24 7:00,0.004,1.814,,,,,,,,,,,
2025/1/24 8:00,0.06,3.706,,,,,,,,,,,
2025/1/24 9:00,0.148,4.975,,,,,,,,,,,
2025/1/24 10:00,0.15,5.006,,,,,,,,,,,
2025/1/24 11:00,0.095,4.302,,,,,,,,,,,
2025/1/24 12:00,0.04,3.295,,,,,,,,,,,
2025/1/24 13:00,0.011,2.302,,,,,,,,,,,
2025/1/24 14:00,0.003,1.668,,,,,,,,,,,
2025/1/24 15:00,0.005,1.921,,,,,,,,,,,
2025/1/24 16:00,0.012,2.389,,,,,,,,,,,
2025/1/24 17:00,0.014,2.477,,,,,,,,,,,
2025/1/24 18:00,0.014,2.446,,,,,,,,,,,
2025/1/24 19:00,0.016,2.552,,,,,,,,,,,
2025/1/24 20:00,0.019,2.688,,,,,,,,,,,
2025/1/24 21:00,0.019,2.667,,,,,,,,,,,
2025/1/24 22:00,0.013,2.417,,,,,,,,,,,
2025/1/24 23:00,0.005,1.971,,,,,,,,,,,
2025/1/25 0:00,0,1.063,,,,,,,,,,,
2025/1/25 1:00,0,1.181,,,,,,,,,,,
2025/1/25 2:00,0.027,2.938,,,,,,,,,,,
2025/1/25 3:00,0.045,3.398,,,,,,,,,,,
2025/1/25 4:00,0.042,3.333,,,,,,,,,,,
2025/1/25 5:00,0.04,3.28,,,,,,,,,,,
2025/1/25 6:00,0.041,3.309,,,,,,,,,,,
2025/1/25 7:00,0.065,3.813,,,,,,,,,,,
2025/1/25 8:00,0.163,5.148,,,,,,,,,,,
2025/1/25 9:00,0.259,6.044,,,,,,,,,,,
2025/1/25 10:00,0.323,6.559,,,,,,,,,,,
2025/1/25 11:00,0.346,6.729,,,,,,,,,,,
2025/1/25 12:00,0.317,6.517,,,,,,,,,,,
2025/1/25 13:00,0.285,6.257,,,,,,,,,,,
2025/1/25 14:00,0.225,5.751,,,,,,,,,,,
2025/1/25 15:00,0.186,5.38,,,,,,,,,,,
2025/1/25 16:00,0.157,5.08,,,,,,,,,,,
2025/1/25 17:00,0.131,4.773,,,,,,,,,,,
2025/1/25 18:00,0.144,4.936,,,,,,,,,,,
2025/1/25 19:00,0.192,5.438,,,,,,,,,,,
2025/1/25 20:00,0.253,5.995,,,,,,,,,,,
2025/1/25 21:00,0.258,6.03,,,,,,,,,,,
2025/1/25 22:00,0.243,5.907,,,,,,,,,,,
2025/1/25 23:00,0.258,6.031,,,,,,,,,,,
2025/1/26 0:00,0.283,6.237,,,,,,,,,,,
2025/1/26 1:00,0.339,6.675,,,,,,,,,,,
2025/1/26 2:00,0.455,7.525,,,,,,,,,,,
2025/1/26 3:00,0.49,7.782,,,,,,,,,,,
2025/1/26 4:00,0.53,8.074,,,,,,,,,,,
2025/1/26 5:00,0.604,8.632,,,,,,,,,,,
2025/1/26 6:00,0.718,9.584,,,,,,,,,,,
2025/1/26 7:00,0.818,10.667,,,,,,,,,,,
2025/1/26 8:00,0.877,11.557,,,,,,,,,,,
2025/1/26 9:00,0.888,11.756,,,,,,,,,,,
2025/1/26 10:00,0.879,11.576,,,,,,,,,,,
2025/1/26 11:00,0.874,11.492,,,,,,,,,,,
2025/1/26 12:00,0.886,11.723,,,,,,,,,,,
2025/1/26 13:00,0.901,12.016,,,,,,,,,,,
2025/1/26 14:00,0.917,12.374,,,,,,,,,,,
2025/1/26 15:00,0.946,13.199,,,,,,,,,,,
2025/1/26 16:00,0.963,13.887,,,,,,,,,,,
2025/1/26 17:00,0.966,14.039,,,,,,,,,,,
2025/1/26 18:00,0.967,14.126,,,,,,,,,,,
2025/1/26 19:00,0.97,14.283,,,,,,,,,,,
2025/1/26 20:00,0.974,14.512,,,,,,,,,,,
2025/1/26 21:00,0.972,14.378,,,,,,,,,,,
2025/1/26 22:00,0.968,14.143,,,,,,,,,,,
2025/1/26 23:00,0.967,14.116,,,,,,,,,,,
2025/1/27 0:00,0.978,14.842,,,,,,,,,,,
2025/1/27 1:00,0.983,15.278,,,,,,,,,,,
2025/1/27 2:00,0.981,15.056,,,,,,,,,,,
2025/1/27 3:00,0.979,14.906,,,,,,,,,,,
2025/1/27 4:00,0.979,14.874,,,,,,,,,,,
2025/1/27 5:00,0.979,14.919,,,,,,,,,,,
2025/1/27 6:00,0.98,14.986,,,,,,,,,,,
2025/1/27 7:00,0.98,15.007,,,,,,,,,,,
2025/1/27 8:00,0.98,14.999,,,,,,,,,,,
2025/1/27 9:00,0.976,14.676,,,,,,,,,,,
2025/1/27 10:00,0.97,14.299,,,,,,,,,,,
2025/1/27 11:00,0.969,14.232,,,,,,,,,,,
2025/1/27 12:00,0.971,14.344,,,,,,,,,,,
2025/1/27 13:00,0.972,14.386,,,,,,,,,,,
2025/1/27 14:00,0.971,14.31,,,,,,,,,,,
2025/1/27 15:00,0.968,14.173,,,,,,,,,,,
2025/1/27 16:00,0.968,14.178,,,,,,,,,,,
2025/1/27 17:00,0.964,13.932,,,,,,,,,,,
2025/1/27 18:00,0.958,13.649,,,,,,,,,,,
2025/1/27 19:00,0.949,13.325,,,,,,,,,,,
2025/1/27 20:00,0.942,13.072,,,,,,,,,,,
2025/1/27 21:00,0.93,12.726,,,,,,,,,,,
2025/1/27 22:00,0.903,12.05,,,,,,,,,,,
2025/1/27 23:00,0.877,11.555,,,,,,,,,,,
2025/1/28 0:00,0.877,11.551,,,,,,,,,,,
2025/1/28 1:00,0.943,13.122,,,,,,,,,,,
2025/1/28 2:00,0.918,12.409,,,,,,,,,,,
2025/1/28 3:00,0.878,11.569,,,,,,,,,,,
2025/1/28 4:00,0.84,10.972,,,,,,,,,,,
2025/1/28 5:00,0.811,10.576,,,,,,,,,,,
2025/1/28 6:00,0.789,10.319,,,,,,,,,,,
2025/1/28 7:00,0.772,10.133,,,,,,,,,,,
2025/1/28 8:00,0.692,9.356,,,,,,,,,,,
2025/1/28 9:00,0.615,8.709,,,,,,,,,,,
2025/1/28 10:00,0.515,7.965,,,,,,,,,,,
2025/1/28 11:00,0.437,7.393,,,,,,,,,,,
2025/1/28 12:00,0.319,6.532,,,,,,,,,,,
2025/1/28 13:00,0.232,5.808,,,,,,,,,,,
2025/1/28 14:00,0.171,5.226,,,,,,,,,,,
2025/1/28 15:00,0.183,5.347,,,,,,,,,,,
2025/1/28 16:00,0.241,5.889,,,,,,,,,,,
2025/1/28 17:00,0.295,6.332,,,,,,,,,,,
2025/1/28 18:00,0.334,6.641,,,,,,,,,,,
2025/1/28 19:00,0.363,6.857,,,,,,,,,,,
2025/1/28 20:00,0.394,7.087,,,,,,,,,,,
2025/1/28 21:00,0.418,7.263,,,,,,,,,,,
2025/1/28 22:00,0.418,7.259,,,,,,,,,,,
2025/1/28 23:00,0.418,7.264,,,,,,,,,,,
2025/1/29 0:00,0.409,7.203,,,,,,,,,,,
2025/1/29 1:00,0.648,8.981,,,,,,,,,,,
2025/1/29 2:00,0.655,9.031,,,,,,,,,,,
2025/1/29 3:00,0.639,8.906,,,,,,,,,,,
2025/1/29 4:00,0.645,8.961,,,,,,,,,,,
2025/1/29 5:00,0.662,9.103,,,,,,,,,,,
2025/1/29 6:00,0.677,9.227,,,,,,,,,,,
2025/1/29 7:00,0.677,9.23,,,,,,,,,,,
2025/1/29 8:00,0.615,8.711,,,,,,,,,,,
2025/1/29 9:00,0.592,8.539,,,,,,,,,,,
2025/1/29 10:00,0.556,8.261,,,,,,,,,,,
2025/1/29 11:00,0.503,7.875,,,,,,,,,,,
2025/1/29 12:00,0.463,7.581,,,,,,,,,,,
2025/1/29 13:00,0.443,7.439,,,,,,,,,,,
2025/1/29 14:00,0.417,7.255,,,,,,,,,,,
2025/1/29 15:00,0.363,6.861,,,,,,,,,,,
2025/1/29 16:00,0.334,6.642,,,,,,,,,,,
2025/1/29 17:00,0.324,6.571,,,,,,,,,,,
2025/1/29 18:00,0.32,6.534,,,,,,,,,,,
2025/1/29 19:00,0.309,6.443,,,,,,,,,,,
2025/1/29 20:00,0.294,6.325,,,,,,,,,,,
2025/1/29 21:00,0.273,6.161,,,,,,,,,,,
2025/1/29 22:00,0.252,5.98,,,,,,,,,,,
2025/1/29 23:00,0.227,5.767,,,,,,,,,,,
2025/1/30 0:00,0.142,4.914,,,,,,,,,,,
2025/1/30 1:00,0.103,4.406,,,,,,,,,,,
2025/1/30 2:00,0.042,3.339,,,,,,,,,,,
2025/1/30 3:00,0.041,3.315,,,,,,,,,,,
2025/1/30 4:00,0.05,3.527,,,,,,,,,,,
2025/1/30 5:00,0.041,3.31,,,,,,,,,,,
2025/1/30 6:00,0.023,2.83,,,,,,,,,,,
2025/1/30 7:00,0.013,2.439,,,,,,,,,,,
2025/1/30 8:00,0.017,2.61,,,,,,,,,,,
2025/1/30 9:00,0.048,3.461,,,,,,,,,,,
2025/1/30 10:00,0.062,3.754,,,,,,,,,,,
2025/1/30 11:00,0.047,3.449,,,,,,,,,,,
2025/1/30 12:00,0.035,3.154,,,,,,,,,,,
2025/1/30 13:00,0.032,3.08,,,,,,,,,,,
2025/1/30 14:00,0.029,2.995,,,,,,,,,,,
2025/1/30 15:00,0.045,3.419,,,,,,,,,,,
2025/1/30 16:00,0.081,4.091,,,,,,,,,,,
2025/1/30 17:00,0.098,4.341,,,,,,,,,,,
2025/1/30 18:00,0.098,4.344,,,,,,,,,,,
2025/1/30 19:00,0.102,4.391,,,,,,,,,,,
2025/1/30 20:00,0.107,4.469,,,,,,,,,,,
2025/1/30 21:00,0.12,4.631,,,,,,,,,,,
2025/1/30 22:00,0.127,4.728,,,,,,,,,,,
2025/1/30 23:00,0.127,4.732,,,,,,,,,,,
2025/1/31 0:00,0.08,4.069,,,,,,,,,,,
2025/1/31 1:00,0.06,3.707,,,,,,,,,,,
2025/1/31 2:00,0.04,3.281,,,,,,,,,,,
2025/1/31 3:00,0.034,3.152,,,,,,,,,,,
2025/1/31 4:00,0.029,3.002,,,,,,,,,,,
2025/1/31 5:00,0.02,2.7,,,,,,,,,,,
2025/1/31 6:00,0.006,1.978,,,,,,,,,,,
2025/1/31 7:00,0.004,1.782,,,,,,,,,,,
2025/1/31 8:00,0.036,3.195,,,,,,,,,,,
2025/1/31 9:00,0.122,4.664,,,,,,,,,,,
2025/1/31 10:00,0.126,4.719,,,,,,,,,,,
2025/1/31 11:00,0.081,4.081,,,,,,,,,,,
2025/1/31 12:00,0.044,3.39,,,,,,,,,,,
2025/1/31 13:00,0.032,3.081,,,,,,,,,,,
2025/1/31 14:00,0.032,3.097,,,,,,,,,,,
2025/1/31 15:00,0.051,3.537,,,,,,,,,,,
2025/1/31 16:00,0.086,4.162,,,,,,,,,,,
2025/1/31 17:00,0.121,4.643,,,,,,,,,,,
2025/1/31 18:00,0.145,4.942,,,,,,,,,,,
2025/1/31 19:00,0.169,5.199,,,,,,,,,,,
2025/1/31 20:00,0.203,5.534,,,,,,,,,,,
2025/1/31 21:00,0.235,5.843,,,,,,,,,,,
2025/1/31 22:00,0.264,6.086,,,,,,,,,,,
2025/1/31 23:00,0.273,6.161,,,,,,,,,,,
2025/2/1 0:00,0.195,5.469,,,,,,,,,,,
2025/2/1 1:00,0.147,4.97,,,,,,,,,,,
2025/2/1 2:00,0.171,5.23,,,,,,,,,,,
2025/2/1 3:00,0.163,5.144,,,,,,,,,,,
2025/2/1 4:00,0.161,5.118,,,,,,,,,,,
2025/2/1 5:00,0.155,5.045,,,,,,,,,,,
2025/2/1 6:00,0.146,4.957,,,,,,,,,,,
2025/2/1 7:00,0.098,4.341,,,,,,,,,,,
2025/2/1 8:00,0.113,4.543,,,,,,,,,,,
2025/2/1 9:00,0.177,5.28,,,,,,,,,,,
2025/2/1 10:00,0.186,5.382,,,,,,,,,,,
2025/2/1 11:00,0.128,4.747,,,,,,,,,,,
2025/2/1 12:00,0.056,3.651,,,,,,,,,,,
2025/2/1 13:00,0.02,2.708,,,,,,,,,,,
2025/2/1 14:00,0.028,2.966,,,,,,,,,,,
2025/2/1 15:00,0.074,3.962,,,,,,,,,,,
2025/2/1 16:00,0.152,5.025,,,,,,,,,,,
2025/2/1 17:00,0.22,5.699,,,,,,,,,,,
2025/2/1 18:00,0.279,6.207,,,,,,,,,,,
2025/2/1 19:00,0.337,6.663,,,,,,,,,,,
2025/2/1 20:00,0.385,7.03,,,,,,,,,,,
2025/2/1 21:00,0.441,7.423,,,,,,,,,,,
2025/2/1 22:00,0.537,8.119,,,,,,,,,,,
2025/2/1 23:00,0.537,8.125,,,,,,,,,,,
2025/2/2 0:00,0.528,8.064,,,,,,,,,,,
2025/2/2 1:00,0.768,10.088,,,,,,,,,,,
2025/2/2 2:00,0.753,9.934,,,,,,,,,,,
2025/2/2 3:00,0.752,9.916,,,,,,,,,,,
2025/2/2 4:00,0.763,10.035,,,,,,,,,,,
2025/2/2 5:00,0.762,10.03,,,,,,,,,,,
2025/2/2 6:00,0.748,9.88,,,,,,,,,,,
2025/2/2 7:00,0.72,9.615,,,,,,,,,,,
2025/2/2 8:00,0.619,8.751,,,,,,,,,,,
2025/2/2 9:00,0.537,8.128,,,,,,,,,,,
2025/2/2 10:00,0.477,7.693,,,,,,,,,,,
2025/2/2 11:00,0.501,7.865,,,,,,,,,,,
2025/2/2 12:00,0.534,8.106,,,,,,,,,,,
2025/2/2 13:00,0.571,8.382,,,,,,,,,,,
2025/2/2 14:00,0.624,8.79,,,,,,,,,,,
2025/2/2 15:00,0.659,9.077,,,,,,,,,,,
2025/2/2 16:00,0.704,9.464,,,,,,,,,,,
2025/2/2 17:00,0.76,10.008,,,,,,,,,,,
2025/2/2 18:00,0.804,10.504,,,,,,,,,,,
2025/2/2 19:00,0.826,10.779,,,,,,,,,,,
2025/2/2 20:00,0.834,10.869,,,,,,,,,,,
2025/2/2 21:00,0.834,10.868,,,,,,,,,,,
2025/2/2 22:00,0.815,10.637,,,,,,,,,,,
2025/2/2 23:00,0.797,10.409,,,,,,,,,,,
2025/2/3 0:00,0.853,11.158,,,,,,,,,,,
2025/2/3 1:00,0.931,12.744,,,,,,,,,,,
2025/2/3 2:00,0.928,12.647,,,,,,,,,,,
2025/2/3 3:00,0.925,12.588,,,,,,,,,,,
2025/2/3 4:00,0.929,12.683,,,,,,,,,,,
2025/2/3 5:00,0.932,12.765,,,,,,,,,,,
2025/2/3 6:00,0.937,12.923,,,,,,,,,,,
2025/2/3 7:00,0.94,13.021,,,,,,,,,,,
2025/2/3 8:00,0.926,12.604,,,,,,,,,,,
2025/2/3 9:00,0.883,11.646,,,,,,,,,,,
2025/2/3 10:00,0.841,10.984,,,,,,,,,,,
2025/2/3 11:00,0.788,10.309,,,,,,,,,,,
2025/2/3 12:00,0.735,9.76,,,,,,,,,,,
2025/2/3 13:00,0.703,9.454,,,,,,,,,,,
2025/2/3 14:00,0.703,9.454,,,,,,,,,,,
2025/2/3 15:00,0.727,9.674,,,,,,,,,,,
2025/2/3 16:00,0.719,9.603,,,,,,,,,,,
2025/2/3 17:00,0.684,9.292,,,,,,,,,,,
2025/2/3 18:00,0.586,8.487,,,,,,,,,,,
2025/2/3 19:00,0.523,8.025,,,,,,,,,,,
2025/2/3 20:00,0.474,7.659,,,,,,,,,,,
2025/2/3 21:00,0.39,7.061,,,,,,,,,,,
2025/2/3 22:00,0.32,6.537,,,,,,,,,,,
2025/2/3 23:00,0.293,6.323,,,,,,,,,,,
2025/2/4 0:00,0.212,5.633,,,,,,,,,,,
2025/2/4 1:00,0.329,6.607,,,,,,,,,,,
2025/2/4 2:00,0.288,6.285,,,,,,,,,,,
2025/2/4 3:00,0.284,6.251,,,,,,,,,,,
2025/2/4 4:00,0.348,6.744,,,,,,,,,,,
2025/2/4 5:00,0.418,7.269,,,,,,,,,,,
2025/2/4 6:00,0.477,7.695,,,,,,,,,,,
2025/2/4 7:00,0.531,8.079,,,,,,,,,,,
2025/2/4 8:00,0.51,7.923,,,,,,,,,,,
2025/2/4 9:00,0.49,7.782,,,,,,,,,,,
2025/2/4 10:00,0.532,8.09,,,,,,,,,,,
2025/2/4 11:00,0.55,8.227,,,,,,,,,,,
2025/2/4 12:00,0.525,8.036,,,,,,,,,,,
2025/2/4 13:00,0.572,8.388,,,,,,,,,,,
2025/2/4 14:00,0.552,8.236,,,,,,,,,,,
2025/2/4 15:00,0.569,8.366,,,,,,,,,,,
2025/2/4 16:00,0.598,8.577,,,,,,,,,,,
2025/2/4 17:00,0.605,8.641,,,,,,,,,,,
2025/2/4 18:00,0.615,8.713,,,,,,,,,,,
2025/2/4 19:00,0.61,8.678,,,,,,,,,,,
2025/2/4 20:00,0.587,8.5,,,,,,,,,,,
2025/2/4 21:00,0.544,8.17,,,,,,,,,,,
2025/2/4 22:00,0.548,8.213,,,,,,,,,,,
2025/2/4 23:00,0.458,7.555,,,,,,,,,,,
2025/2/5 0:00,0.344,6.714,,,,,,,,,,,
2025/2/5 1:00,0.612,8.697,,,,,,,,,,,
2025/2/5 2:00,0.675,9.213,,,,,,,,,,,
2025/2/5 3:00,0.702,9.443,,,,,,,,,,,
2025/2/5 4:00,0.745,9.852,,,,,,,,,,,
2025/2/5 5:00,0.784,10.264,,,,,,,,,,,
2025/2/5 6:00,0.8,10.449,,,,,,,,,,,
2025/2/5 7:00,0.767,10.077,,,,,,,,,,,
2025/2/5 8:00,0.626,8.805,,,,,,,,,,,
2025/2/5 9:00,0.455,7.527,,,,,,,,,,,
2025/2/5 10:00,0.351,6.769,,,,,,,,,,,
2025/2/5 11:00,0.375,6.944,,,,,,,,,,,
2025/2/5 12:00,0.446,7.469,,,,,,,,,,,
2025/2/5 13:00,0.497,7.836,,,,,,,,,,,
2025/2/5 14:00,0.538,8.14,,,,,,,,,,,
2025/2/5 15:00,0.624,8.793,,,,,,,,,,,
2025/2/5 16:00,0.683,9.279,,,,,,,,,,,
2025/2/5 17:00,0.686,9.302,,,,,,,,,,,
2025/2/5 18:00,0.698,9.41,,,,,,,,,,,
2025/2/5 19:00,0.704,9.461,,,,,,,,,,,
2025/2/5 20:00,0.711,9.533,,,,,,,,,,,
2025/2/5 21:00,0.711,9.531,,,,,,,,,,,
2025/2/5 22:00,0.694,9.38,,,,,,,,,,,
2025/2/5 23:00,0.639,8.901,,,,,,,,,,,
2025/2/6 0:00,0.543,8.167,,,,,,,,,,,
2025/2/6 1:00,0.755,9.941,,,,,,,,,,,
2025/2/6 2:00,0.804,10.5,,,,,,,,,,,
2025/2/6 3:00,0.837,10.931,,,,,,,,,,,
2025/2/6 4:00,0.878,11.574,,,,,,,,,,,
2025/2/6 5:00,0.908,12.164,,,,,,,,,,,
2025/2/6 6:00,0.93,12.719,,,,,,,,,,,
2025/2/6 7:00,0.952,13.449,,,,,,,,,,,
2025/2/6 8:00,0.965,14.028,,,,,,,,,,,
2025/2/6 9:00,0.965,14.018,,,,,,,,,,,
2025/2/6 10:00,0.957,13.619,,,,,,,,,,,
2025/2/6 11:00,0.945,13.184,,,,,,,,,,,
2025/2/6 12:00,0.937,12.92,,,,,,,,,,,
2025/2/6 13:00,0.941,13.049,,,,,,,,,,,
2025/2/6 14:00,0.949,13.306,,,,,,,,,,,
2025/2/6 15:00,0.958,13.667,,,,,,,,,,,
2025/2/6 16:00,0.975,14.587,,,,,,,,,,,
2025/2/6 17:00,0.984,15.414,,,,,,,,,,,
2025/2/6 18:00,0.986,15.751,,,,,,,,,,,
2025/2/6 19:00,0.987,16.02,,,,,,,,,,,
2025/2/6 20:00,0.988,16.192,,,,,,,,,,,
2025/2/6 21:00,0.988,16.162,,,,,,,,,,,
2025/2/6 22:00,0.988,16.189,,,,,,,,,,,
2025/2/6 23:00,0.988,16.266,,,,,,,,,,,
2025/2/7 0:00,0.988,16.74,,,,,,,,,,,
2025/2/7 1:00,0.984,17.44,,,,,,,,,,,
2025/2/7 2:00,0.982,17.642,,,,,,,,,,,
2025/2/7 3:00,0.983,17.59,,,,,,,,,,,
2025/2/7 4:00,0.984,17.5,,,,,,,,,,,
2025/2/7 5:00,0.985,17.282,,,,,,,,,,,
2025/2/7 6:00,0.986,17.086,,,,,,,,,,,
2025/2/7 7:00,0.987,16.821,,,,,,,,,,,
2025/2/7 8:00,0.988,16.393,,,,,,,,,,,
2025/2/7 9:00,0.986,15.676,,,,,,,,,,,
2025/2/7 10:00,0.981,15.105,,,,,,,,,,,
2025/2/7 11:00,0.977,14.705,,,,,,,,,,,
2025/2/7 12:00,0.972,14.4,,,,,,,,,,,
2025/2/7 13:00,0.964,13.973,,,,,,,,,,,
2025/2/7 14:00,0.953,13.481,,,,,,,,,,,
2025/2/7 15:00,0.945,13.178,,,,,,,,,,,
2025/2/7 16:00,0.94,13.012,,,,,,,,,,,
2025/2/7 17:00,0.928,12.666,,,,,,,,,,,
2025/2/7 18:00,0.916,12.342,,,,,,,,,,,
2025/2/7 19:00,0.913,12.274,,,,,,,,,,,
2025/2/7 20:00,0.903,12.048,,,,,,,,,,,
2025/2/7 21:00,0.875,11.519,,,,,,,,,,,
2025/2/7 22:00,0.862,11.294,,,,,,,,,,,
2025/2/7 23:00,0.821,10.705,,,,,,,,,,,
2025/2/8 0:00,0.813,10.596,,,,,,,,,,,
2025/2/8 1:00,0.837,10.931,,,,,,,,,,,
2025/2/8 2:00,0.778,10.197,,,,,,,,,,,
2025/2/8 3:00,0.694,9.381,,,,,,,,,,,
2025/2/8 4:00,0.607,8.65,,,,,,,,,,,
2025/2/8 5:00,0.528,8.059,,,,,,,,,,,
2025/2/8 6:00,0.474,7.66,,,,,,,,,,,
2025/2/8 7:00,0.438,7.4,,,,,,,,,,,
2025/2/8 8:00,0.36,6.829,,,,,,,,,,,
2025/2/8 9:00,0.368,6.897,,,,,,,,,,,
2025/2/8 10:00,0.402,7.141,,,,,,,,,,,
2025/2/8 11:00,0.431,7.358,,,,,,,,,,,
2025/2/8 12:00,0.424,7.31,,,,,,,,,,,
2025/2/8 13:00,0.382,7.003,,,,,,,,,,,
2025/2/8 14:00,0.358,6.821,,,,,,,,,,,
2025/2/8 15:00,0.384,7.008,,,,,,,,,,,
2025/2/8 16:00,0.444,7.458,,,,,,,,,,,
2025/2/8 17:00,0.492,7.805,,,,,,,,,,,
2025/2/8 18:00,0.516,7.972,,,,,,,,,,,
2025/2/8 19:00,0.519,7.995,,,,,,,,,,,
2025/2/8 20:00,0.512,7.945,,,,,,,,,,,
2025/2/8 21:00,0.505,7.893,,,,,,,,,,,
2025/2/8 22:00,0.494,7.815,,,,,,,,,,,
2025/2/8 23:00,0.441,7.424,,,,,,,,,,,
2025/2/9 0:00,0.201,5.525,,,,,,,,,,,
2025/2/9 1:00,0.127,4.729,,,,,,,,,,,
2025/2/9 2:00,0.134,4.808,,,,,,,,,,,
2025/2/9 3:00,0.105,4.445,,,,,,,,,,,
2025/2/9 4:00,0.109,4.494,,,,,,,,,,,
2025/2/9 5:00,0.123,4.68,,,,,,,,,,,
2025/2/9 6:00,0.127,4.733,,,,,,,,,,,
2025/2/9 7:00,0.103,4.422,,,,,,,,,,,
2025/2/9 8:00,0.036,3.18,,,,,,,,,,,
2025/2/9 9:00,0.004,1.872,,,,,,,,,,,
2025/2/9 10:00,0,0.994,,,,,,,,,,,
2025/2/9 11:00,0.003,1.765,,,,,,,,,,,
2025/2/9 12:00,0.038,3.254,,,,,,,,,,,
2025/2/9 13:00,0.121,4.646,,,,,,,,,,,
2025/2/9 14:00,0.232,5.816,,,,,,,,,,,
2025/2/9 15:00,0.329,6.605,,,,,,,,,,,
2025/2/9 16:00,0.383,7.004,,,,,,,,,,,
2025/2/9 17:00,0.42,7.276,,,,,,,,,,,
2025/2/9 18:00,0.447,7.476,,,,,,,,,,,
2025/2/9 19:00,0.466,7.611,,,,,,,,,,,
2025/2/9 20:00,0.497,7.83,,,,,,,,,,,
2025/2/9 21:00,0.54,8.144,,,,,,,,,,,
2025/2/9 22:00,0.587,8.497,,,,,,,,,,,
2025/2/9 23:00,0.611,8.684,,,,,,,,,,,
2025/2/10 0:00,0.33,6.614,,,,,,,,,,,
2025/2/10 1:00,0.223,5.729,,,,,,,,,,,
2025/2/10 2:00,0.339,6.683,,,,,,,,,,,
2025/2/10 3:00,0.339,6.681,,,,,,,,,,,
2025/2/10 4:00,0.306,6.421,,,,,,,,,,,
2025/2/10 5:00,0.249,5.951,,,,,,,,,,,
2025/2/10 6:00,0.172,5.237,,,,,,,,,,,
2025/2/10 7:00,0.078,4.028,,,,,,,,,,,
2025/2/10 8:00,0.016,2.564,,,,,,,,,,,
2025/2/10 9:00,0.004,1.855,,,,,,,,,,,
2025/2/10 10:00,0.029,3.004,,,,,,,,,,,
2025/2/10 11:00,0.157,5.078,,,,,,,,,,,
2025/2/10 12:00,0.387,7.043,,,,,,,,,,,
2025/2/10 13:00,0.592,8.54,,,,,,,,,,,
2025/2/10 14:00,0.722,9.633,,,,,,,,,,,
2025/2/10 15:00,0.781,10.23,,,,,,,,,,,
2025/2/10 16:00,0.805,10.509,,,,,,,,,,,
2025/2/10 17:00,0.827,10.783,,,,,,,,,,,
2025/2/10 18:00,0.849,11.094,,,,,,,,,,,
2025/2/10 19:00,0.871,11.44,,,,,,,,,,,
2025/2/10 20:00,0.886,11.724,,,,,,,,,,,
2025/2/10 21:00,0.88,11.61,,,,,,,,,,,
2025/2/10 22:00,0.866,11.354,,,,,,,,,,,
2025/2/10 23:00,0.836,10.917,,,,,,,,,,,
2025/2/11 0:00,0.753,9.927,,,,,,,,,,,
2025/2/11 1:00,0.727,9.67,,,,,,,,,,,
2025/2/11 2:00,0.929,12.7,,,,,,,,,,,
2025/2/11 3:00,0.94,13.014,,,,,,,,,,,
2025/2/11 4:00,0.91,12.206,,,,,,,,,,,
2025/2/11 5:00,0.86,11.272,,,,,,,,,,,
2025/2/11 6:00,0.798,10.421,,,,,,,,,,,
2025/2/11 7:00,0.732,9.729,,,,,,,,,,,
2025/2/11 8:00,0.686,9.305,,,,,,,,,,,
2025/2/11 9:00,0.661,9.089,,,,,,,,,,,
2025/2/11 10:00,0.605,8.64,,,,,,,,,,,
2025/2/11 11:00,0.5,7.861,,,,,,,,,,,
2025/2/11 12:00,0.386,7.034,,,,,,,,,,,
2025/2/11 13:00,0.303,6.402,,,,,,,,,,,
2025/2/11 14:00,0.26,6.048,,,,,,,,,,,
2025/2/11 15:00,0.256,6.013,,,,,,,,,,,
2025/2/11 16:00,0.273,6.16,,,,,,,,,,,
2025/2/11 17:00,0.3,6.379,,,,,,,,,,,
2025/2/11 18:00,0.326,6.578,,,,,,,,,,,
2025/2/11 19:00,0.39,7.059,,,,,,,,,,,
2025/2/11 20:00,0.496,7.826,,,,,,,,,,,
2025/2/11 21:00,0.571,8.382,,,,,,,,,,,
2025/2/11 22:00,0.619,8.75,,,,,,,,,,,
2025/2/11 23:00,0.607,8.656,,,,,,,,,,,
2025/2/12 0:00,0.512,7.947,,,,,,,,,,,
2025/2/12 1:00,0.834,10.87,,,,,,,,,,,
2025/2/12 2:00,0.897,11.933,,,,,,,,,,,
2025/2/12 3:00,0.927,12.642,,,,,,,,,,,
2025/2/12 4:00,0.955,13.553,,,,,,,,,,,
2025/2/12 5:00,0.967,14.093,,,,,,,,,,,
2025/2/12 6:00,0.964,13.962,,,,,,,,,,,
2025/2/12 7:00,0.947,13.244,,,,,,,,,,,
2025/2/12 8:00,0.885,11.694,,,,,,,,,,,
2025/2/12 9:00,0.815,10.625,,,,,,,,,,,
2025/2/12 10:00,0.783,10.255,,,,,,,,,,,
2025/2/12 11:00,0.72,9.61,,,,,,,,,,,
2025/2/12 12:00,0.612,8.691,,,,,,,,,,,
2025/2/12 13:00,0.51,7.935,,,,,,,,,,,
2025/2/12 14:00,0.561,8.297,,,,,,,,,,,
2025/2/12 15:00,0.674,9.207,,,,,,,,,,,
2025/2/12 16:00,0.756,9.963,,,,,,,,,,,
2025/2/12 17:00,0.802,10.472,,,,,,,,,,,
2025/2/12 18:00,0.829,10.811,,,,,,,,,,,
2025/2/12 19:00,0.848,11.088,,,,,,,,,,,
2025/2/12 20:00,0.85,11.114,,,,,,,,,,,
2025/2/12 21:00,0.845,11.041,,,,,,,,,,,
2025/2/12 22:00,0.832,10.848,,,,,,,,,,,
2025/2/12 23:00,0.788,10.307,,,,,,,,,,,
2025/2/13 0:00,0.638,8.898,,,,,,,,,,,
2025/2/13 1:00,0.677,9.229,,,,,,,,,,,
2025/2/13 2:00,0.794,10.382,,,,,,,,,,,
2025/2/13 3:00,0.879,11.584,,,,,,,,,,,
2025/2/13 4:00,0.896,11.913,,,,,,,,,,,
2025/2/13 5:00,0.9,11.983,,,,,,,,,,,
2025/2/13 6:00,0.882,11.642,,,,,,,,,,,
2025/2/13 7:00,0.786,10.285,,,,,,,,,,,
2025/2/13 8:00,0.685,9.298,,,,,,,,,,,
2025/2/13 9:00,0.621,8.765,,,,,,,,,,,
2025/2/13 10:00,0.534,8.1,,,,,,,,,,,
2025/2/13 11:00,0.462,7.579,,,,,,,,,,,
2025/2/13 12:00,0.468,7.626,,,,,,,,,,,
2025/2/13 13:00,0.552,8.235,,,,,,,,,,,
2025/2/13 14:00,0.644,8.956,,,,,,,,,,,
2025/2/13 15:00,0.703,9.455,,,,,,,,,,,
2025/2/13 16:00,0.729,9.691,,,,,,,,,,,
2025/2/13 17:00,0.726,9.664,,,,,,,,,,,
2025/2/13 18:00,0.715,9.564,,,,,,,,,,,
2025/2/13 19:00,0.7,9.432,,,,,,,,,,,
2025/2/13 20:00,0.672,9.183,,,,,,,,,,,
2025/2/13 21:00,0.628,8.821,,,,,,,,,,,
2025/2/13 22:00,0.562,8.311,,,,,,,,,,,
2025/2/13 23:00,0.467,7.614,,,,,,,,,,,
2025/2/14 0:00,0.261,6.053,,,,,,,,,,,
2025/2/14 1:00,0.09,4.233,,,,,,,,,,,
2025/2/14 2:00,0.105,4.45,,,,,,,,,,,
2025/2/14 3:00,0.28,6.221,,,,,,,,,,,
2025/2/14 4:00,0.42,7.275,,,,,,,,,,,
2025/2/14 5:00,0.501,7.862,,,,,,,,,,,
2025/2/14 6:00,0.538,8.136,,,,,,,,,,,
2025/2/14 7:00,0.463,7.582,,,,,,,,,,,
2025/2/14 8:00,0.458,7.556,,,,,,,,,,,
2025/2/14 9:00,0.561,8.302,,,,,,,,,,,
2025/2/14 10:00,0.669,9.151,,,,,,,,,,,
2025/2/14 11:00,0.742,9.824,,,,,,,,,,,
2025/2/14 12:00,0.77,10.101,,,,,,,,,,,
2025/2/14 13:00,0.784,10.268,,,,,,,,,,,
2025/2/14 14:00,0.801,10.46,,,,,,,,,,,
2025/2/14 15:00,0.8,10.438,,,,,,,,,,,
2025/2/14 16:00,0.768,10.083,,,,,,,,,,,
2025/2/14 17:00,0.734,9.737,,,,,,,,,,,
2025/2/14 18:00,0.703,9.453,,,,,,,,,,,
2025/2/14 19:00,0.662,9.1,,,,,,,,,,,
2025/2/14 20:00,0.617,8.731,,,,,,,,,,,
2025/2/14 21:00,0.608,8.665,,,,,,,,,,,
2025/2/14 22:00,0.622,8.771,,,,,,,,,,,
2025/2/14 23:00,0.607,8.658,,,,,,,,,,,
2025/2/15 0:00,0.434,7.373,,,,,,,,,,,
2025/2/15 1:00,0.292,6.313,,,,,,,,,,,
2025/2/15 2:00,0.396,7.097,,,,,,,,,,,
2025/2/15 3:00,0.459,7.565,,,,,,,,,,,
2025/2/15 4:00,0.535,8.113,,,,,,,,,,,
2025/2/15 5:00,0.644,8.954,,,,,,,,,,,
2025/2/15 6:00,0.76,10.008,,,,,,,,,,,
2025/2/15 7:00,0.843,11.003,,,,,,,,,,,
2025/2/15 8:00,0.849,11.081,,,,,,,,,,,
2025/2/15 9:00,0.823,10.736,,,,,,,,,,,
2025/2/15 10:00,0.764,10.052,,,,,,,,,,,
2025/2/15 11:00,0.736,9.762,,,,,,,,,,,
2025/2/15 12:00,0.721,9.622,,,,,,,,,,,
2025/2/15 13:00,0.7,9.421,,,,,,,,,,,
2025/2/15 14:00,0.671,9.167,,,,,,,,,,,
2025/2/15 15:00,0.704,9.464,,,,,,,,,,,
2025/2/15 16:00,0.758,9.988,,,,,,,,,,,
2025/2/15 17:00,0.729,9.697,,,,,,,,,,,
2025/2/15 18:00,0.671,9.173,,,,,,,,,,,
2025/2/15 19:00,0.591,8.525,,,,,,,,,,,
2025/2/15 20:00,0.548,8.214,,,,,,,,,,,
2025/2/15 21:00,0.488,7.768,,,,,,,,,,,
2025/2/15 22:00,0.461,7.572,,,,,,,,,,,
2025/2/15 23:00,0.423,7.301,,,,,,,,,,,
2025/2/16 0:00,0.377,6.958,,,,,,,,,,,
2025/2/16 1:00,0.733,9.735,,,,,,,,,,,
2025/2/16 2:00,0.821,10.713,,,,,,,,,,,
2025/2/16 3:00,0.89,11.786,,,,,,,,,,,
2025/2/16 4:00,0.928,12.663,,,,,,,,,,,
2025/2/16 5:00,0.947,13.256,,,,,,,,,,,
2025/2/16 6:00,0.956,13.58,,,,,,,,,,,
2025/2/16 7:00,0.952,13.426,,,,,,,,,,,
2025/2/16 8:00,0.922,12.485,,,,,,,,,,,
2025/2/16 9:00,0.862,11.306,,,,,,,,,,,
2025/2/16 10:00,0.847,11.07,,,,,,,,,,,
2025/2/16 11:00,0.825,10.757,,,,,,,,,,,
2025/2/16 12:00,0.776,10.176,,,,,,,,,,,
2025/2/16 13:00,0.731,9.72,,,,,,,,,,,
2025/2/16 14:00,0.723,9.638,,,,,,,,,,,
2025/2/16 15:00,0.712,9.541,,,,,,,,,,,
2025/2/16 16:00,0.719,9.606,,,,,,,,,,,
2025/2/16 17:00,0.715,9.566,,,,,,,,,,,
2025/2/16 18:00,0.709,9.506,,,,,,,,,,,
2025/2/16 19:00,0.699,9.417,,,,,,,,,,,
2025/2/16 20:00,0.697,9.396,,,,,,,,,,,
2025/2/16 21:00,0.695,9.384,,,,,,,,,,,
2025/2/16 22:00,0.682,9.265,,,,,,,,,,,
2025/2/16 23:00,0.612,8.688,,,,,,,,,,,
2025/2/17 0:00,0.643,8.942,,,,,,,,,,,
2025/2/17 1:00,0.88,11.611,,,,,,,,,,,
2025/2/17 2:00,0.84,10.965,,,,,,,,,,,
2025/2/17 3:00,0.773,10.144,,,,,,,,,,,
2025/2/17 4:00,0.728,9.687,,,,,,,,,,,
2025/2/17 5:00,0.714,9.554,,,,,,,,,,,
2025/2/17 6:00,0.724,9.645,,,,,,,,,,,
2025/2/17 7:00,0.745,9.856,,,,,,,,,,,
2025/2/17 8:00,0.676,9.216,,,,,,,,,,,
2025/2/17 9:00,0.57,8.373,,,,,,,,,,,
2025/2/17 10:00,0.577,8.42,,,,,,,,,,,
2025/2/17 11:00,0.544,8.176,,,,,,,,,,,
2025/2/17 12:00,0.466,7.609,,,,,,,,,,,
2025/2/17 13:00,0.446,7.468,,,,,,,,,,,
2025/2/17 14:00,0.477,7.691,,,,,,,,,,,
2025/2/17 15:00,0.538,8.135,,,,,,,,,,,
2025/2/17 16:00,0.58,8.445,,,,,,,,,,,
2025/2/17 17:00,0.601,8.609,,,,,,,,,,,
2025/2/17 18:00,0.619,8.747,,,,,,,,,,,
2025/2/17 19:00,0.638,8.898,,,,,,,,,,,
2025/2/17 20:00,0.651,9.003,,,,,,,,,,,
2025/2/17 21:00,0.65,8.994,,,,,,,,,,,
2025/2/17 22:00,0.648,8.981,,,,,,,,,,,
2025/2/17 23:00,0.574,8.399,,,,,,,,,,,
2025/2/18 0:00,0.619,8.742,,,,,,,,,,,
2025/2/18 1:00,0.731,9.716,,,,,,,,,,,
2025/2/18 2:00,0.674,9.206,,,,,,,,,,,
2025/2/18 3:00,0.645,8.959,,,,,,,,,,,
2025/2/18 4:00,0.651,9.005,,,,,,,,,,,
2025/2/18 5:00,0.658,9.069,,,,,,,,,,,
2025/2/18 6:00,0.674,9.192,,,,,,,,,,,
2025/2/18 7:00,0.692,9.359,,,,,,,,,,,
2025/2/18 8:00,0.668,9.145,,,,,,,,,,,
2025/2/18 9:00,0.588,8.507,,,,,,,,,,,
2025/2/18 10:00,0.49,7.78,,,,,,,,,,,
2025/2/18 11:00,0.372,6.922,,,,,,,,,,,
2025/2/18 12:00,0.306,6.43,,,,,,,,,,,
2025/2/18 13:00,0.311,6.465,,,,,,,,,,,
2025/2/18 14:00,0.365,6.879,,,,,,,,,,,
2025/2/18 15:00,0.444,7.452,,,,,,,,,,,
2025/2/18 16:00,0.497,7.833,,,,,,,,,,,
2025/2/18 17:00,0.518,7.984,,,,,,,,,,,
2025/2/18 18:00,0.516,7.975,,,,,,,,,,,
2025/2/18 19:00,0.534,8.109,,,,,,,,,,,
2025/2/18 20:00,0.565,8.327,,,,,,,,,,,
2025/2/18 21:00,0.567,8.348,,,,,,,,,,,
2025/2/18 22:00,0.57,8.373,,,,,,,,,,,
2025/2/18 23:00,0.503,7.87,,,,,,,,,,,
2025/2/19 0:00,0.666,9.138,,,,,,,,,,,
2025/2/19 1:00,0.824,10.736,,,,,,,,,,,
2025/2/19 2:00,0.755,9.941,,,,,,,,,,,
2025/2/19 3:00,0.686,9.306,,,,,,,,,,,
2025/2/19 4:00,0.652,9.012,,,,,,,,,,,
2025/2/19 5:00,0.639,8.909,,,,,,,,,,,
2025/2/19 6:00,0.635,8.876,,,,,,,,,,,
2025/2/19 7:00,0.616,8.73,,,,,,,,,,,
2025/2/19 8:00,0.546,8.197,,,,,,,,,,,
2025/2/19 9:00,0.441,7.42,,,,,,,,,,,
2025/2/19 10:00,0.403,7.158,,,,,,,,,,,
2025/2/19 11:00,0.34,6.683,,,,,,,,,,,
2025/2/19 12:00,0.304,6.41,,,,,,,,,,,
2025/2/19 13:00,0.288,6.281,,,,,,,,,,,
2025/2/19 14:00,0.287,6.277,,,,,,,,,,,
2025/2/19 15:00,0.309,6.443,,,,,,,,,,,
2025/2/19 16:00,0.342,6.701,,,,,,,,,,,
2025/2/19 17:00,0.37,6.914,,,,,,,,,,,
2025/2/19 18:00,0.388,7.048,,,,,,,,,,,
2025/2/19 19:00,0.4,7.133,,,,,,,,,,,
2025/2/19 20:00,0.412,7.224,,,,,,,,,,,
2025/2/19 21:00,0.438,7.403,,,,,,,,,,,
2025/2/19 22:00,0.457,7.552,,,,,,,,,,,
2025/2/19 23:00,0.398,7.117,,,,,,,,,,,
2025/2/20 0:00,0.525,8.035,,,,,,,,,,,
2025/2/20 1:00,0.747,9.872,,,,,,,,,,,
2025/2/20 2:00,0.795,10.386,,,,,,,,,,,
2025/2/20 3:00,0.804,10.5,,,,,,,,,,,
2025/2/20 4:00,0.794,10.371,,,,,,,,,,,
2025/2/20 5:00,0.774,10.146,,,,,,,,,,,
2025/2/20 6:00,0.753,9.925,,,,,,,,,,,
2025/2/20 7:00,0.731,9.719,,,,,,,,,,,
2025/2/20 8:00,0.693,9.371,,,,,,,,,,,
2025/2/20 9:00,0.589,8.518,,,,,,,,,,,
2025/2/20 10:00,0.516,7.973,,,,,,,,,,,
2025/2/20 11:00,0.45,7.488,,,,,,,,,,,
2025/2/20 12:00,0.407,7.185,,,,,,,,,,,
2025/2/20 13:00,0.378,6.973,,,,,,,,,,,
2025/2/20 14:00,0.353,6.787,,,,,,,,,,,
2025/2/20 15:00,0.36,6.836,,,,,,,,,,,
2025/2/20 16:00,0.396,7.103,,,,,,,,,,,
2025/2/20 17:00,0.438,7.403,,,,,,,,,,,
2025/2/20 18:00,0.468,7.625,,,,,,,,,,,
2025/2/20 19:00,0.477,7.689,,,,,,,,,,,
2025/2/20 20:00,0.478,7.7,,,,,,,,,,,
2025/2/20 21:00,0.528,8.059,,,,,,,,,,,
2025/2/20 22:00,0.646,8.968,,,,,,,,,,,
2025/2/20 23:00,0.554,8.252,,,,,,,,,,,
2025/2/21 0:00,0.743,9.825,,,,,,,,,,,
2025/2/21 1:00,0.808,10.544,,,,,,,,,,,
2025/2/21 2:00,0.774,10.146,,,,,,,,,,,
2025/2/21 3:00,0.74,9.807,,,,,,,,,,,
2025/2/21 4:00,0.725,9.662,,,,,,,,,,,
2025/2/21 5:00,0.717,9.578,,,,,,,,,,,
2025/2/21 6:00,0.702,9.439,,,,,,,,,,,
2025/2/21 7:00,0.675,9.209,,,,,,,,,,,
2025/2/21 8:00,0.602,8.616,,,,,,,,,,,
2025/2/21 9:00,0.485,7.745,,,,,,,,,,,
2025/2/21 10:00,0.463,7.582,,,,,,,,,,,
2025/2/21 11:00,0.454,7.522,,,,,,,,,,,
2025/2/21 12:00,0.418,7.268,,,,,,,,,,,
2025/2/21 13:00,0.363,6.854,,,,,,,,,,,
2025/2/21 14:00,0.35,6.756,,,,,,,,,,,
2025/2/21 15:00,0.368,6.896,,,,,,,,,,,
2025/2/21 16:00,0.384,7.013,,,,,,,,,,,
2025/2/21 17:00,0.396,7.109,,,,,,,,,,,
2025/2/21 18:00,0.413,7.23,,,,,,,,,,,
2025/2/21 19:00,0.432,7.362,,,,,,,,,,,
2025/2/21 20:00,0.443,7.441,,,,,,,,,,,
2025/2/21 21:00,0.446,7.472,,,,,,,,,,,
2025/2/21 22:00,0.439,7.414,,,,,,,,,,,
2025/2/21 23:00,0.321,6.546,,,,,,,,,,,
2025/2/22 0:00,0.352,6.785,,,,,,,,,,,
2025/2/22 1:00,0.528,8.06,,,,,,,,,,,
2025/2/22 2:00,0.62,8.753,,,,,,,,,,,
2025/2/22 3:00,0.645,8.964,,,,,,,,,,,
2025/2/22 4:00,0.627,8.818,,,,,,,,,,,
2025/2/22 5:00,0.601,8.612,,,,,,,,,,,
2025/2/22 6:00,0.587,8.491,,,,,,,,,,,
2025/2/22 7:00,0.58,8.454,,,,,,,,,,,
2025/2/22 8:00,0.561,8.307,,,,,,,,,,,
2025/2/22 9:00,0.475,7.667,,,,,,,,,,,
2025/2/22 10:00,0.511,7.936,,,,,,,,,,,
2025/2/22 11:00,0.58,8.45,,,,,,,,,,,
2025/2/22 12:00,0.612,8.693,,,,,,,,,,,
2025/2/22 13:00,0.597,8.573,,,,,,,,,,,
2025/2/22 14:00,0.575,8.405,,,,,,,,,,,
2025/2/22 15:00,0.57,8.373,,,,,,,,,,,
2025/2/22 16:00,0.587,8.49,,,,,,,,,,,
2025/2/22 17:00,0.663,9.107,,,,,,,,,,,
2025/2/22 18:00,0.66,9.084,,,,,,,,,,,
2025/2/22 19:00,0.674,9.197,,,,,,,,,,,
2025/2/22 20:00,0.71,9.514,,,,,,,,,,,
2025/2/22 21:00,0.729,9.7,,,,,,,,,,,
2025/2/22 22:00,0.746,9.86,,,,,,,,,,,
2025/2/22 23:00,0.669,9.153,,,,,,,,,,,
2025/2/23 0:00,0.807,10.54,,,,,,,,,,,
2025/2/23 1:00,0.907,12.136,,,,,,,,,,,
2025/2/23 2:00,0.879,11.575,,,,,,,,,,,
2025/2/23 3:00,0.842,10.991,,,,,,,,,,,
2025/2/23 4:00,0.801,10.465,,,,,,,,,,,
2025/2/23 5:00,0.761,10.021,,,,,,,,,,,
2025/2/23 6:00,0.721,9.625,,,,,,,,,,,
2025/2/23 7:00,0.674,9.2,,,,,,,,,,,
2025/2/23 8:00,0.53,8.074,,,,,,,,,,,
2025/2/23 9:00,0.429,7.343,,,,,,,,,,,
2025/2/23 10:00,0.507,7.902,,,,,,,,,,,
2025/2/23 11:00,0.611,8.683,,,,,,,,,,,
2025/2/23 12:00,0.674,9.194,,,,,,,,,,,
2025/2/23 13:00,0.725,9.658,,,,,,,,,,,
2025/2/23 14:00,0.751,9.907,,,,,,,,,,,
2025/2/23 15:00,0.782,10.245,,,,,,,,,,,
2025/2/23 16:00,0.768,10.091,,,,,,,,,,,
2025/2/23 17:00,0.738,9.787,,,,,,,,,,,
2025/2/23 18:00,0.728,9.684,,,,,,,,,,,
2025/2/23 19:00,0.733,9.732,,,,,,,,,,,
2025/2/23 20:00,0.782,10.24,,,,,,,,,,,
2025/2/23 21:00,0.822,10.721,,,,,,,,,,,
2025/2/23 22:00,0.8,10.453,,,,,,,,,,,
2025/2/23 23:00,0.695,9.39,,,,,,,,,,,
2025/2/24 0:00,0.375,6.947,,,,,,,,,,,
2025/2/24 1:00,0.289,6.294,,,,,,,,,,,
2025/2/24 2:00,0.406,7.17,,,,,,,,,,,
2025/2/24 3:00,0.375,6.94,,,,,,,,,,,
2025/2/24 4:00,0.398,7.116,,,,,,,,,,,
2025/2/24 5:00,0.474,7.661,,,,,,,,,,,
2025/2/24 6:00,0.519,8,,,,,,,,,,,
2025/2/24 7:00,0.468,7.63,,,,,,,,,,,
2025/2/24 8:00,0.434,7.373,,,,,,,,,,,
2025/2/24 9:00,0.497,7.832,,,,,,,,,,,
2025/2/24 10:00,0.637,8.892,,,,,,,,,,,
2025/2/24 11:00,0.748,9.883,,,,,,,,,,,
2025/2/24 12:00,0.802,10.473,,,,,,,,,,,
2025/2/24 13:00,0.846,11.061,,,,,,,,,,,
2025/2/24 14:00,0.867,11.381,,,,,,,,,,,
2025/2/24 15:00,0.876,11.525,,,,,,,,,,,
2025/2/24 16:00,0.878,11.56,,,,,,,,,,,
2025/2/24 17:00,0.874,11.493,,,,,,,,,,,
2025/2/24 18:00,0.851,11.125,,,,,,,,,,,
2025/2/24 19:00,0.815,10.637,,,,,,,,,,,
2025/2/24 20:00,0.827,10.788,,,,,,,,,,,
2025/2/24 21:00,0.823,10.733,,,,,,,,,,,
2025/2/24 22:00,0.787,10.298,,,,,,,,,,,
2025/2/24 23:00,0.684,9.29,,,,,,,,,,,
2025/2/25 0:00,0.869,11.413,,,,,,,,,,,
2025/2/25 1:00,0.898,11.959,,,,,,,,,,,
2025/2/25 2:00,0.889,11.758,,,,,,,,,,,
2025/2/25 3:00,0.888,11.74,,,,,,,,,,,
2025/2/25 4:00,0.878,11.569,,,,,,,,,,,
2025/2/25 5:00,0.851,11.125,,,,,,,,,,,
2025/2/25 6:00,0.812,10.583,,,,,,,,,,,
2025/2/25 7:00,0.744,9.849,,,,,,,,,,,
2025/2/25 8:00,0.604,8.637,,,,,,,,,,,
2025/2/25 9:00,0.396,7.104,,,,,,,,,,,
2025/2/25 10:00,0.331,6.615,,,,,,,,,,,
2025/2/25 11:00,0.315,6.486,,,,,,,,,,,
2025/2/25 12:00,0.324,6.565,,,,,,,,,,,
2025/2/25 13:00,0.366,6.881,,,,,,,,,,,
2025/2/25 14:00,0.43,7.347,,,,,,,,,,,
2025/2/25 15:00,0.511,7.936,,,,,,,,,,,
2025/2/25 16:00,0.577,8.425,,,,,,,,,,,
2025/2/25 17:00,0.624,8.78,,,,,,,,,,,
2025/2/25 18:00,0.637,8.894,,,,,,,,,,,
2025/2/25 19:00,0.621,8.762,,,,,,,,,,,
2025/2/25 20:00,0.602,8.623,,,,,,,,,,,
2025/2/25 21:00,0.63,8.838,,,,,,,,,,,
2025/2/25 22:00,0.685,9.3,,,,,,,,,,,
2025/2/25 23:00,0.639,8.904,,,,,,,,,,,
2025/2/26 0:00,0.457,7.55,,,,,,,,,,,
2025/2/26 1:00,0.61,8.671,,,,,,,,,,,
2025/2/26 2:00,0.801,10.465,,,,,,,,,,,
2025/2/26 3:00,0.813,10.608,,,,,,,,,,,
2025/2/26 4:00,0.843,11.006,,,,,,,,,,,
2025/2/26 5:00,0.865,11.342,,,,,,,,,,,
2025/2/26 6:00,0.86,11.261,,,,,,,,,,,
2025/2/26 7:00,0.804,10.499,,,,,,,,,,,
2025/2/26 8:00,0.694,9.38,,,,,,,,,,,
2025/2/26 9:00,0.621,8.762,,,,,,,,,,,
2025/2/26 10:00,0.543,8.166,,,,,,,,,,,
2025/2/26 11:00,0.443,7.448,,,,,,,,,,,
2025/2/26 12:00,0.376,6.957,,,,,,,,,,,
2025/2/26 13:00,0.431,7.359,,,,,,,,,,,
2025/2/26 14:00,0.606,8.646,,,,,,,,,,,
2025/2/26 15:00,0.766,10.067,,,,,,,,,,,
2025/2/26 16:00,0.836,10.905,,,,,,,,,,,
2025/2/26 17:00,0.836,10.919,,,,,,,,,,,
2025/2/26 18:00,0.828,10.799,,,,,,,,,,,
2025/2/26 19:00,0.824,10.739,,,,,,,,,,,
2025/2/26 20:00,0.821,10.711,,,,,,,,,,,
2025/2/26 21:00,0.822,10.722,,,,,,,,,,,
2025/2/26 22:00,0.833,10.862,,,,,,,,,,,
2025/2/26 23:00,0.794,10.374,,,,,,,,,,,
2025/2/27 0:00,0.628,8.821,,,,,,,,,,,
2025/2/27 1:00,0.528,8.066,,,,,,,,,,,
2025/2/27 2:00,0.815,10.638,,,,,,,,,,,
2025/2/27 3:00,0.89,11.795,,,,,,,,,,,
2025/2/27 4:00,0.905,12.11,,,,,,,,,,,
2025/2/27 5:00,0.909,12.18,,,,,,,,,,,
2025/2/27 6:00,0.881,11.616,,,,,,,,,,,
2025/2/27 7:00,0.791,10.337,,,,,,,,,,,
2025/2/27 8:00,0.809,10.562,,,,,,,,,,,
2025/2/27 9:00,0.879,11.575,,,,,,,,,,,
2025/2/27 10:00,0.915,12.322,,,,,,,,,,,
2025/2/27 11:00,0.924,12.55,,,,,,,,,,,
2025/2/27 12:00,0.923,12.51,,,,,,,,,,,
2025/2/27 13:00,0.907,12.138,,,,,,,,,,,
2025/2/27 14:00,0.883,11.645,,,,,,,,,,,
2025/2/27 15:00,0.867,11.377,,,,,,,,,,,
2025/2/27 16:00,0.836,10.916,,,,,,,,,,,
2025/2/27 17:00,0.821,10.717,,,,,,,,,,,
2025/2/27 18:00,0.823,10.734,,,,,,,,,,,
2025/2/27 19:00,0.817,10.656,,,,,,,,,,,
2025/2/27 20:00,0.798,10.422,,,,,,,,,,,
2025/2/27 21:00,0.774,10.16,,,,,,,,,,,
2025/2/27 22:00,0.732,9.723,,,,,,,,,,,
2025/2/27 23:00,0.561,8.308,,,,,,,,,,,
2025/2/28 0:00,0.295,6.333,,,,,,,,,,,
2025/2/28 1:00,0.203,5.538,,,,,,,,,,,
2025/2/28 2:00,0.347,6.733,,,,,,,,,,,
2025/2/28 3:00,0.261,6.054,,,,,,,,,,,
2025/2/28 4:00,0.125,4.703,,,,,,,,,,,
2025/2/28 5:00,0.04,3.285,,,,,,,,,,,
2025/2/28 6:00,0.012,2.342,,,,,,,,,,,
2025/2/28 7:00,0.072,3.934,,,,,,,,,,,
2025/2/28 8:00,0.314,6.483,,,,,,,,,,,
2025/2/28 9:00,0.445,7.466,,,,,,,,,,,
2025/2/28 10:00,0.453,7.518,,,,,,,,,,,
2025/2/28 11:00,0.428,7.333,,,,,,,,,,,
2025/2/28 12:00,0.36,6.83,,,,,,,,,,,
2025/2/28 13:00,0.28,6.211,,,,,,,,,,,
2025/2/28 14:00,0.192,5.437,,,,,,,,,,,
2025/2/28 15:00,0.146,4.952,,,,,,,,,,,
2025/2/28 16:00,0.121,4.65,,,,,,,,,,,
2025/2/28 17:00,0.085,4.138,,,,,,,,,,,
2025/2/28 18:00,0.049,3.48,,,,,,,,,,,
2025/2/28 19:00,0.024,2.847,,,,,,,,,,,
2025/2/28 20:00,0.013,2.414,,,,,,,,,,,
2025/2/28 21:00,0.023,2.805,,,,,,,,,,,
2025/2/28 22:00,0.035,3.168,,,,,,,,,,,
2025/2/28 23:00,0.073,3.954,,,,,,,,,,,
2025/3/1 0:00,0.119,4.621,,,,,,,,,,,
2025/3/1 1:00,0.154,5.041,,,,,,,,,,,
2025/3/1 2:00,0.17,5.218,,,,,,,,,,,
2025/3/1 3:00,0.153,5.025,,,,,,,,,,,
2025/3/1 4:00,0.146,4.957,,,,,,,,,,,
2025/3/1 5:00,0.175,5.269,,,,,,,,,,,
2025/3/1 6:00,0.23,5.787,,,,,,,,,,,
2025/3/1 7:00,0.311,6.467,,,,,,,,,,,
2025/3/1 8:00,0.426,7.322,,,,,,,,,,,
2025/3/1 9:00,0.459,7.566,,,,,,,,,,,
2025/3/1 10:00,0.418,7.267,,,,,,,,,,,
2025/3/1 11:00,0.306,6.43,,,,,,,,,,,
2025/3/1 12:00,0.261,6.05,,,,,,,,,,,
2025/3/1 13:00,0.27,6.134,,,,,,,,,,,
2025/3/1 14:00,0.28,6.212,,,,,,,,,,,
2025/3/1 15:00,0.309,6.452,,,,,,,,,,,
2025/3/1 16:00,0.316,6.507,,,,,,,,,,,
2025/3/1 17:00,0.332,6.619,,,,,,,,,,,
2025/3/1 18:00,0.358,6.825,,,,,,,,,,,
2025/3/1 19:00,0.399,7.129,,,,,,,,,,,
2025/3/1 20:00,0.414,7.235,,,,,,,,,,,
2025/3/1 21:00,0.409,7.203,,,,,,,,,,,
2025/3/1 22:00,0.396,7.109,,,,,,,,,,,
2025/3/1 23:00,0.412,7.22,,,,,,,,,,,
2025/3/2 0:00,0.431,7.359,,,,,,,,,,,
2025/3/2 1:00,0.448,7.483,,,,,,,,,,,
2025/3/2 2:00,0.428,7.331,,,,,,,,,,,
2025/3/2 3:00,0.399,7.131,,,,,,,,,,,
2025/3/2 4:00,0.412,7.226,,,,,,,,,,,
2025/3/2 5:00,0.475,7.666,,,,,,,,,,,
2025/3/2 6:00,0.565,8.336,,,,,,,,,,,
2025/3/2 7:00,0.594,8.547,,,,,,,,,,,
2025/3/2 8:00,0.539,8.143,,,,,,,,,,,
2025/3/2 9:00,0.441,7.432,,,,,,,,,,,
2025/3/2 10:00,0.372,6.919,,,,,,,,,,,
2025/3/2 11:00,0.256,6.016,,,,,,,,,,,
2025/3/2 12:00,0.127,4.735,,,,,,,,,,,
2025/3/2 13:00,0.052,3.562,,,,,,,,,,,
2025/3/2 14:00,0.042,3.335,,,,,,,,,,,
2025/3/2 15:00,0.054,3.6,,,,,,,,,,,
2025/3/2 16:00,0.064,3.793,,,,,,,,,,,
2025/3/2 17:00,0.058,3.686,,,,,,,,,,,
2025/3/2 18:00,0.045,3.403,,,,,,,,,,,
2025/3/2 19:00,0.051,3.531,,,,,,,,,,,
2025/3/2 20:00,0.07,3.906,,,,,,,,,,,
2025/3/2 21:00,0.086,4.167,,,,,,,,,,,
2025/3/2 22:00,0.087,4.182,,,,,,,,,,,
2025/3/2 23:00,0.077,4.025,,,,,,,,,,,
2025/3/3 0:00,0.037,3.215,,,,,,,,,,,
2025/3/3 1:00,0.042,3.342,,,,,,,,,,,
2025/3/3 2:00,0.045,3.399,,,,,,,,,,,
2025/3/3 3:00,0.035,3.166,,,,,,,,,,,
2025/3/3 4:00,0.016,2.539,,,,,,,,,,,
2025/3/3 5:00,0.005,1.97,,,,,,,,,,,
2025/3/3 6:00,0.007,2.093,,,,,,,,,,,
2025/3/3 7:00,0.005,1.886,,,,,,,,,,,
2025/3/3 8:00,0.007,2.109,,,,,,,,,,,
2025/3/3 9:00,0.038,3.244,,,,,,,,,,,
2025/3/3 10:00,0.107,4.467,,,,,,,,,,,
2025/3/3 11:00,0.165,5.171,,,,,,,,,,,
2025/3/3 12:00,0.173,5.254,,,,,,,,,,,
2025/3/3 13:00,0.179,5.298,,,,,,,,,,,
2025/3/3 14:00,0.169,5.208,,,,,,,,,,,
2025/3/3 15:00,0.14,4.878,,,,,,,,,,,
2025/3/3 16:00,0.109,4.493,,,,,,,,,,,
2025/3/3 17:00,0.066,3.833,,,,,,,,,,,
2025/3/3 18:00,0.036,3.19,,,,,,,,,,,
2025/3/3 19:00,0.029,2.998,,,,,,,,,,,
2025/3/3 20:00,0.018,2.617,,,,,,,,,,,
2025/3/3 21:00,0.012,2.377,,,,,,,,,,,
2025/3/3 22:00,0.007,2.119,,,,,,,,,,,
2025/3/3 23:00,0.004,1.804,,,,,,,,,,,
2025/3/4 0:00,0.006,2.037,,,,,,,,,,,
2025/3/4 1:00,0.011,2.301,,,,,,,,,,,
2025/3/4 2:00,0.012,2.351,,,,,,,,,,,
2025/3/4 3:00,0.015,2.496,,,,,,,,,,,
2025/3/4 4:00,0.028,2.96,,,,,,,,,,,
2025/3/4 5:00,0.057,3.668,,,,,,,,,,,
2025/3/4 6:00,0.088,4.204,,,,,,,,,,,
2025/3/4 7:00,0.101,4.384,,,,,,,,,,,
2025/3/4 8:00,0.129,4.754,,,,,,,,,,,
2025/3/4 9:00,0.282,6.228,,,,,,,,,,,
2025/3/4 10:00,0.41,7.206,,,,,,,,,,,
2025/3/4 11:00,0.386,7.031,,,,,,,,,,,
2025/3/4 12:00,0.318,6.52,,,,,,,,,,,
2025/3/4 13:00,0.234,5.835,,,,,,,,,,,
2025/3/4 14:00,0.158,5.089,,,,,,,,,,,
2025/3/4 15:00,0.11,4.512,,,,,,,,,,,
2025/3/4 16:00,0.076,4.009,,,,,,,,,,,
2025/3/4 17:00,0.044,3.374,,,,,,,,,,,
2025/3/4 18:00,0.048,3.461,,,,,,,,,,,
2025/3/4 19:00,0.107,4.472,,,,,,,,,,,
2025/3/4 20:00,0.253,5.994,,,,,,,,,,,
2025/3/4 21:00,0.401,7.138,,,,,,,,,,,
2025/3/4 22:00,0.443,7.439,,,,,,,,,,,
2025/3/4 23:00,0.283,6.238,,,,,,,,,,,
2025/3/5 0:00,0.246,5.936,,,,,,,,,,,
2025/3/5 1:00,0.258,6.028,,,,,,,,,,,
2025/3/5 2:00,0.311,6.47,,,,,,,,,,,
2025/3/5 3:00,0.437,7.394,,,,,,,,,,,
2025/3/5 4:00,0.553,8.24,,,,,,,,,,,
2025/3/5 5:00,0.639,8.907,,,,,,,,,,,
2025/3/5 6:00,0.689,9.334,,,,,,,,,,,
2025/3/5 7:00,0.693,9.364,,,,,,,,,,,
2025/3/5 8:00,0.607,8.65,,,,,,,,,,,
2025/3/5 9:00,0.493,7.809,,,,,,,,,,,
2025/3/5 10:00,0.542,8.164,,,,,,,,,,,
2025/3/5 11:00,0.618,8.737,,,,,,,,,,,
2025/3/5 12:00,0.581,8.455,,,,,,,,,,,
2025/3/5 13:00,0.549,8.221,,,,,,,,,,,
2025/3/5 14:00,0.511,7.942,,,,,,,,,,,
2025/3/5 15:00,0.482,7.728,,,,,,,,,,,
2025/3/5 16:00,0.5,7.859,,,,,,,,,,,
2025/3/5 17:00,0.499,7.846,,,,,,,,,,,
2025/3/5 18:00,0.525,8.036,,,,,,,,,,,
2025/3/5 19:00,0.556,8.269,,,,,,,,,,,
2025/3/5 20:00,0.559,8.29,,,,,,,,,,,
2025/3/5 21:00,0.569,8.367,,,,,,,,,,,
2025/3/5 22:00,0.562,8.314,,,,,,,,,,,
2025/3/5 23:00,0.377,6.96,,,,,,,,,,,
2025/3/6 0:00,0.447,7.478,,,,,,,,,,,
2025/3/6 1:00,0.519,7.997,,,,,,,,,,,
2025/3/6 2:00,0.464,7.594,,,,,,,,,,,
2025/3/6 3:00,0.403,7.151,,,,,,,,,,,
2025/3/6 4:00,0.372,6.929,,,,,,,,,,,
2025/3/6 5:00,0.348,6.743,,,,,,,,,,,
2025/3/6 6:00,0.293,6.324,,,,,,,,,,,
2025/3/6 7:00,0.198,5.5,,,,,,,,,,,
2025/3/6 8:00,0.077,4.025,,,,,,,,,,,
2025/3/6 9:00,0.036,3.189,,,,,,,,,,,
2025/3/6 10:00,0.019,2.682,,,,,,,,,,,
2025/3/6 11:00,0.044,3.389,,,,,,,,,,,
2025/3/6 12:00,0.142,4.905,,,,,,,,,,,
2025/3/6 13:00,0.314,6.479,,,,,,,,,,,
2025/3/6 14:00,0.463,7.582,,,,,,,,,,,
2025/3/6 15:00,0.521,8.006,,,,,,,,,,,
2025/3/6 16:00,0.551,8.229,,,,,,,,,,,
2025/3/6 17:00,0.604,8.638,,,,,,,,,,,
2025/3/6 18:00,0.679,9.237,,,,,,,,,,,
2025/3/6 19:00,0.721,9.622,,,,,,,,,,,
2025/3/6 20:00,0.741,9.814,,,,,,,,,,,
2025/3/6 21:00,0.744,9.848,,,,,,,,,,,
2025/3/6 22:00,0.745,9.853,,,,,,,,,,,
2025/3/6 23:00,0.644,8.955,,,,,,,,,,,
2025/3/7 0:00,0.496,7.825,,,,,,,,,,,
2025/3/7 1:00,0.776,10.167,,,,,,,,,,,
2025/3/7 2:00,0.804,10.504,,,,,,,,,,,
2025/3/7 3:00,0.745,9.856,,,,,,,,,,,
2025/3/7 4:00,0.702,9.444,,,,,,,,,,,
2025/3/7 5:00,0.667,9.14,,,,,,,,,,,
2025/3/7 6:00,0.631,8.845,,,,,,,,,,,
2025/3/7 7:00,0.604,8.631,,,,,,,,,,,
2025/3/7 8:00,0.643,8.945,,,,,,,,,,,
2025/3/7 9:00,0.691,9.348,,,,,,,,,,,
2025/3/7 10:00,0.72,9.613,,,,,,,,,,,
2025/3/7 11:00,0.713,9.552,,,,,,,,,,,
2025/3/7 12:00,0.677,9.228,,,,,,,,,,,
2025/3/7 13:00,0.594,8.558,,,,,,,,,,,
2025/3/7 14:00,0.485,7.749,,,,,,,,,,,
2025/3/7 15:00,0.394,7.089,,,,,,,,,,,
2025/3/7 16:00,0.309,6.443,,,,,,,,,,,
2025/3/7 17:00,0.252,5.981,,,,,,,,,,,
2025/3/7 18:00,0.217,5.681,,,,,,,,,,,
2025/3/7 19:00,0.171,5.228,,,,,,,,,,,
2025/3/7 20:00,0.117,4.602,,,,,,,,,,,
2025/3/7 21:00,0.08,4.072,,,,,,,,,,,
2025/3/7 22:00,0.058,3.674,,,,,,,,,,,
2025/3/7 23:00,0.031,3.07,,,,,,,,,,,
2025/3/8 0:00,0.019,2.661,,,,,,,,,,,
2025/3/8 1:00,0.018,2.632,,,,,,,,,,,
2025/3/8 2:00,0.022,2.783,,,,,,,,,,,
2025/3/8 3:00,0.019,2.679,,,,,,,,,,,
2025/3/8 4:00,0.009,2.239,,,,,,,,,,,
2025/3/8 5:00,0.006,2.027,,,,,,,,,,,
2025/3/8 6:00,0.003,1.738,,,,,,,,,,,
2025/3/8 7:00,0.005,1.921,,,,,,,,,,,
2025/3/8 8:00,0.045,3.406,,,,,,,,,,,
2025/3/8 9:00,0.184,5.361,,,,,,,,,,,
2025/3/8 10:00,0.311,6.46,,,,,,,,,,,
2025/3/8 11:00,0.438,7.409,,,,,,,,,,,
2025/3/8 12:00,0.575,8.41,,,,,,,,,,,
2025/3/8 13:00,0.682,9.27,,,,,,,,,,,
2025/3/8 14:00,0.739,9.794,,,,,,,,,,,
2025/3/8 15:00,0.786,10.294,,,,,,,,,,,
2025/3/8 16:00,0.821,10.711,,,,,,,,,,,
2025/3/8 17:00,0.827,10.788,,,,,,,,,,,
2025/3/8 18:00,0.824,10.747,,,,,,,,,,,
2025/3/8 19:00,0.826,10.773,,,,,,,,,,,
2025/3/8 20:00,0.817,10.66,,,,,,,,,,,
2025/3/8 21:00,0.808,10.541,,,,,,,,,,,
2025/3/8 22:00,0.8,10.444,,,,,,,,,,,
2025/3/8 23:00,0.7,9.425,,,,,,,,,,,
2025/3/9 0:00,0.647,8.978,,,,,,,,,,,
2025/3/9 1:00,0.895,11.887,,,,,,,,,,,
2025/3/9 2:00,0.926,12.615,,,,,,,,,,,
2025/3/9 3:00,0.926,12.606,,,,,,,,,,,
2025/3/9 4:00,0.926,12.608,,,,,,,,,,,
2025/3/9 5:00,0.93,12.717,,,,,,,,,,,
2025/3/9 6:00,0.938,12.943,,,,,,,,,,,
2025/3/9 7:00,0.942,13.074,,,,,,,,,,,
2025/3/9 8:00,0.937,12.932,,,,,,,,,,,
2025/3/9 9:00,0.951,13.389,,,,,,,,,,,
2025/3/9 10:00,0.964,13.948,,,,,,,,,,,
2025/3/9 11:00,0.971,14.327,,,,,,,,,,,
2025/3/9 12:00,0.979,14.891,,,,,,,,,,,
2025/3/9 13:00,0.981,15.095,,,,,,,,,,,
2025/3/9 14:00,0.982,15.153,,,,,,,,,,,
2025/3/9 15:00,0.984,15.384,,,,,,,,,,,
2025/3/9 16:00,0.983,15.246,,,,,,,,,,,
2025/3/9 17:00,0.981,15.073,,,,,,,,,,,
2025/3/9 18:00,0.98,14.961,,,,,,,,,,,
2025/3/9 19:00,0.967,14.079,,,,,,,,,,,
2025/3/9 20:00,0.95,13.342,,,,,,,,,,,
2025/3/9 21:00,0.937,12.915,,,,,,,,,,,
2025/3/9 22:00,0.923,12.52,,,,,,,,,,,
2025/3/9 23:00,0.881,11.618,,,,,,,,,,,
2025/3/10 0:00,0.879,11.586,,,,,,,,,,,
2025/3/10 1:00,0.881,11.63,,,,,,,,,,,
2025/3/10 2:00,0.836,10.907,,,,,,,,,,,
2025/3/10 3:00,0.798,10.431,,,,,,,,,,,
2025/3/10 4:00,0.773,10.143,,,,,,,,,,,
2025/3/10 5:00,0.747,9.871,,,,,,,,,,,
2025/3/10 6:00,0.708,9.49,,,,,,,,,,,
2025/3/10 7:00,0.635,8.878,,,,,,,,,,,
2025/3/10 8:00,0.49,7.783,,,,,,,,,,,
2025/3/10 9:00,0.495,7.822,,,,,,,,,,,
2025/3/10 10:00,0.669,9.161,,,,,,,,,,,
2025/3/10 11:00,0.758,9.982,,,,,,,,,,,
2025/3/10 12:00,0.805,10.511,,,,,,,,,,,
2025/3/10 13:00,0.832,10.859,,,,,,,,,,,
2025/3/10 14:00,0.829,10.811,,,,,,,,,,,
2025/3/10 15:00,0.824,10.744,,,,,,,,,,,
2025/3/10 16:00,0.779,10.208,,,,,,,,,,,
2025/3/10 17:00,0.751,9.906,,,,,,,,,,,
2025/3/10 18:00,0.714,9.557,,,,,,,,,,,
2025/3/10 19:00,0.67,9.165,,,,,,,,,,,
2025/3/10 20:00,0.621,8.758,,,,,,,,,,,
2025/3/10 21:00,0.548,8.211,,,,,,,,,,,
2025/3/10 22:00,0.49,7.783,,,,,,,,,,,
2025/3/10 23:00,0.573,8.394,,,,,,,,,,,
2025/3/11 0:00,0.727,9.672,,,,,,,,,,,
2025/3/11 1:00,0.879,11.591,,,,,,,,,,,
2025/3/11 2:00,0.945,13.174,,,,,,,,,,,
2025/3/11 3:00,0.978,14.851,,,,,,,,,,,
2025/3/11 4:00,0.983,15.319,,,,,,,,,,,
2025/3/11 5:00,0.944,13.148,,,,,,,,,,,
2025/3/11 6:00,0.889,11.773,,,,,,,,,,,
2025/3/11 7:00,0.874,11.491,,,,,,,,,,,
2025/3/11 8:00,0.86,11.257,,,,,,,,,,,
2025/3/11 9:00,0.869,11.402,,,,,,,,,,,
2025/3/11 10:00,0.927,12.626,,,,,,,,,,,
2025/3/11 11:00,0.95,13.343,,,,,,,,,,,
2025/3/11 12:00,0.962,13.864,,,,,,,,,,,
2025/3/11 13:00,0.969,14.191,,,,,,,,,,,
2025/3/11 14:00,0.966,14.046,,,,,,,,,,,
2025/3/11 15:00,0.968,14.14,,,,,,,,,,,
2025/3/11 16:00,0.966,14.07,,,,,,,,,,,
2025/3/11 17:00,0.964,13.93,,,,,,,,,,,
2025/3/11 18:00,0.96,13.747,,,,,,,,,,,
2025/3/11 19:00,0.96,13.747,,,,,,,,,,,
2025/3/11 20:00,0.963,13.895,,,,,,,,,,,
2025/3/11 21:00,0.962,13.854,,,,,,,,,,,
2025/3/11 22:00,0.958,13.666,,,,,,,,,,,
2025/3/11 23:00,0.954,13.52,,,,,,,,,,,
2025/3/12 0:00,0.98,14.957,,,,,,,,,,,
2025/3/12 1:00,0.987,16.005,,,,,,,,,,,
2025/3/12 2:00,0.988,16.325,,,,,,,,,,,
2025/3/12 3:00,0.988,16.221,,,,,,,,,,,
2025/3/12 4:00,0.987,16.008,,,,,,,,,,,
2025/3/12 5:00,0.985,15.633,,,,,,,,,,,
2025/3/12 6:00,0.981,15.132,,,,,,,,,,,
2025/3/12 7:00,0.971,14.344,,,,,,,,,,,
2025/3/12 8:00,0.933,12.812,,,,,,,,,,,
2025/3/12 9:00,0.804,10.495,,,,,,,,,,,
2025/3/12 10:00,0.657,9.061,,,,,,,,,,,
2025/3/12 11:00,0.478,7.699,,,,,,,,,,,
2025/3/12 12:00,0.306,6.418,,,,,,,,,,,
2025/3/12 13:00,0.2,5.515,,,,,,,,,,,
2025/3/12 14:00,0.152,5.022,,,,,,,,,,,
2025/3/12 15:00,0.132,4.788,,,,,,,,,,,
2025/3/12 16:00,0.132,4.782,,,,,,,,,,,
2025/3/12 17:00,0.12,4.632,,,,,,,,,,,
2025/3/12 18:00,0.081,4.09,,,,,,,,,,,
2025/3/12 19:00,0.055,3.613,,,,,,,,,,,
2025/3/12 20:00,0.054,3.607,,,,,,,,,,,
2025/3/12 21:00,0.067,3.856,,,,,,,,,,,
2025/3/12 22:00,0.074,3.955,,,,,,,,,,,
2025/3/12 23:00,0.054,3.607,,,,,,,,,,,
2025/3/13 0:00,0.083,4.117,,,,,,,,,,,
2025/3/13 1:00,0.096,4.317,,,,,,,,,,,
2025/3/13 2:00,0.081,4.092,,,,,,,,,,,
2025/3/13 3:00,0.027,2.948,,,,,,,,,,,
2025/3/13 4:00,0.002,1.552,,,,,,,,,,,
2025/3/13 5:00,0.017,2.58,,,,,,,,,,,
2025/3/13 6:00,0.125,4.711,,,,,,,,,,,
2025/3/13 7:00,0.226,5.758,,,,,,,,,,,
2025/3/13 8:00,0.286,6.267,,,,,,,,,,,
2025/3/13 9:00,0.236,5.848,,,,,,,,,,,
2025/3/13 10:00,0.159,5.101,,,,,,,,,,,
2025/3/13 11:00,0.086,4.17,,,,,,,,,,,
2025/3/13 12:00,0.046,3.42,,,,,,,,,,,
2025/3/13 13:00,0.026,2.908,,,,,,,,,,,
2025/3/13 14:00,0.017,2.58,,,,,,,,,,,
2025/3/13 15:00,0.008,2.138,,,,,,,,,,,
2025/3/13 16:00,0.003,1.678,,,,,,,,,,,
2025/3/13 17:00,0.015,2.497,,,,,,,,,,,
2025/3/13 18:00,0.076,4.007,,,,,,,,,,,
2025/3/13 19:00,0.166,5.173,,,,,,,,,,,
2025/3/13 20:00,0.209,5.598,,,,,,,,,,,
2025/3/13 21:00,0.174,5.258,,,,,,,,,,,
2025/3/13 22:00,0.149,4.99,,,,,,,,,,,
2025/3/13 23:00,0.213,5.643,,,,,,,,,,,
2025/3/14 0:00,0.283,6.236,,,,,,,,,,,
2025/3/14 1:00,0.251,5.966,,,,,,,,,,,
2025/3/14 2:00,0.185,5.37,,,,,,,,,,,
2025/3/14 3:00,0.155,5.046,,,,,,,,,,,
2025/3/14 4:00,0.139,4.871,,,,,,,,,,,
2025/3/14 5:00,0.096,4.313,,,,,,,,,,,
2025/3/14 6:00,0.077,4.021,,,,,,,,,,,
2025/3/14 7:00,0.078,4.042,,,,,,,,,,,
2025/3/14 8:00,0.083,4.118,,,,,,,,,,,
2025/3/14 9:00,0.113,4.542,,,,,,,,,,,
2025/3/14 10:00,0.147,4.965,,,,,,,,,,,
2025/3/14 11:00,0.146,4.957,,,,,,,,,,,
2025/3/14 12:00,0.128,4.742,,,,,,,,,,,
2025/3/14 13:00,0.103,4.412,,,,,,,,,,,
2025/3/14 14:00,0.086,4.157,,,,,,,,,,,
2025/3/14 15:00,0.061,3.725,,,,,,,,,,,
2025/3/14 16:00,0.058,3.68,,,,,,,,,,,
2025/3/14 17:00,0.127,4.732,,,,,,,,,,,
2025/3/14 18:00,0.268,6.118,,,,,,,,,,,
2025/3/14 19:00,0.481,7.724,,,,,,,,,,,
2025/3/14 20:00,0.666,9.135,,,,,,,,,,,
2025/3/14 21:00,0.701,9.434,,,,,,,,,,,
2025/3/14 22:00,0.669,9.153,,,,,,,,,,,
2025/3/14 23:00,0.636,8.884,,,,,,,,,,,
2025/3/15 0:00,0.603,8.629,,,,,,,,,,,
2025/3/15 1:00,0.575,8.4,,,,,,,,,,,
2025/3/15 2:00,0.556,8.269,,,,,,,,,,,
2025/3/15 3:00,0.532,8.087,,,,,,,,,,,
2025/3/15 4:00,0.488,7.766,,,,,,,,,,,
2025/3/15 5:00,0.461,7.572,,,,,,,,,,,
2025/3/15 6:00,0.453,7.511,,,,,,,,,,,
2025/3/15 7:00,0.441,7.433,,,,,,,,,,,
2025/3/15 8:00,0.409,7.196,,,,,,,,,,,
2025/3/15 9:00,0.277,6.189,,,,,,,,,,,
2025/3/15 10:00,0.159,5.095,,,,,,,,,,,
2025/3/15 11:00,0.172,5.236,,,,,,,,,,,
2025/3/15 12:00,0.27,6.138,,,,,,,,,,,
2025/3/15 13:00,0.399,7.121,,,,,,,,,,,
2025/3/15 14:00,0.481,7.722,,,,,,,,,,,
2025/3/15 15:00,0.459,7.565,,,,,,,,,,,
2025/3/15 16:00,0.396,7.102,,,,,,,,,,,
2025/3/15 17:00,0.384,7.011,,,,,,,,,,,
2025/3/15 18:00,0.375,6.946,,,,,,,,,,,
2025/3/15 19:00,0.39,7.065,,,,,,,,,,,
2025/3/15 20:00,0.441,7.429,,,,,,,,,,,
2025/3/15 21:00,0.486,7.754,,,,,,,,,,,
2025/3/15 22:00,0.494,7.815,,,,,,,,,,,
2025/3/15 23:00,0.638,8.896,,,,,,,,,,,
2025/3/16 0:00,0.849,11.097,,,,,,,,,,,
2025/3/16 1:00,0.851,11.134,,,,,,,,,,,
2025/3/16 2:00,0.829,10.815,,,,,,,,,,,
2025/3/16 3:00,0.805,10.515,,,,,,,,,,,
2025/3/16 4:00,0.788,10.313,,,,,,,,,,,
2025/3/16 5:00,0.773,10.141,,,,,,,,,,,
2025/3/16 6:00,0.74,9.809,,,,,,,,,,,
2025/3/16 7:00,0.68,9.249,,,,,,,,,,,
2025/3/16 8:00,0.513,7.951,,,,,,,,,,,
2025/3/16 9:00,0.249,5.956,,,,,,,,,,,
2025/3/16 10:00,0.121,4.653,,,,,,,,,,,
2025/3/16 11:00,0.048,3.464,,,,,,,,,,,
2025/3/16 12:00,0.013,2.429,,,,,,,,,,,
2025/3/16 13:00,0.004,1.795,,,,,,,,,,,
2025/3/16 14:00,0.004,1.789,,,,,,,,,,,
2025/3/16 15:00,0.008,2.131,,,,,,,,,,,
2025/3/16 16:00,0.016,2.563,,,,,,,,,,,
2025/3/16 17:00,0.049,3.492,,,,,,,,,,,
2025/3/16 18:00,0.133,4.797,,,,,,,,,,,
2025/3/16 19:00,0.261,6.058,,,,,,,,,,,
2025/3/16 20:00,0.351,6.772,,,,,,,,,,,
2025/3/16 21:00,0.418,7.262,,,,,,,,,,,
2025/3/16 22:00,0.519,7.989,,,,,,,,,,,
2025/3/16 23:00,0.848,11.078,,,,,,,,,,,
2025/3/17 0:00,0.923,12.54,,,,,,,,,,,
2025/3/17 1:00,0.938,12.955,,,,,,,,,,,
2025/3/17 2:00,0.944,13.154,,,,,,,,,,,
2025/3/17 3:00,0.951,13.369,,,,,,,,,,,
2025/3/17 4:00,0.951,13.389,,,,,,,,,,,
2025/3/17 5:00,0.947,13.231,,,,,,,,,,,
2025/3/17 6:00,0.94,13.018,,,,,,,,,,,
2025/3/17 7:00,0.928,12.665,,,,,,,,,,,
2025/3/17 8:00,0.911,12.226,,,,,,,,,,,
2025/3/17 9:00,0.86,11.265,,,,,,,,,,,
2025/3/17 10:00,0.714,9.558,,,,,,,,,,,
2025/3/17 11:00,0.584,8.481,,,,,,,,,,,
2025/3/17 12:00,0.546,8.198,,,,,,,,,,,
2025/3/17 13:00,0.535,8.114,,,,,,,,,,,
2025/3/17 14:00,0.568,8.349,,,,,,,,,,,
2025/3/17 15:00,0.612,8.687,,,,,,,,,,,
2025/3/17 16:00,0.648,8.984,,,,,,,,,,,
2025/3/17 17:00,0.66,9.083,,,,,,,,,,,
2025/3/17 18:00,0.669,9.158,,,,,,,,,,,
2025/3/17 19:00,0.676,9.219,,,,,,,,,,,
2025/3/17 20:00,0.674,9.19,,,,,,,,,,,
2025/3/17 21:00,0.649,8.985,,,,,,,,,,,
2025/3/17 22:00,0.615,8.722,,,,,,,,,,,
2025/3/17 23:00,0.577,8.426,,,,,,,,,,,
2025/3/18 0:00,0.788,10.312,,,,,,,,,,,
2025/3/18 1:00,0.802,10.469,,,,,,,,,,,
2025/3/18 2:00,0.792,10.353,,,,,,,,,,,
2025/3/18 3:00,0.758,9.986,,,,,,,,,,,
2025/3/18 4:00,0.697,9.397,,,,,,,,,,,
2025/3/18 5:00,0.641,8.923,,,,,,,,,,,
2025/3/18 6:00,0.589,8.512,,,,,,,,,,,
2025/3/18 7:00,0.522,8.018,,,,,,,,,,,
2025/3/18 8:00,0.369,6.905,,,,,,,,,,,
2025/3/18 9:00,0.183,5.348,,,,,,,,,,,
2025/3/18 10:00,0.1,4.364,,,,,,,,,,,
2025/3/18 11:00,0.066,3.829,,,,,,,,,,,
2025/3/18 12:00,0.061,3.739,,,,,,,,,,,
2025/3/18 13:00,0.081,4.088,,,,,,,,,,,
2025/3/18 14:00,0.129,4.751,,,,,,,,,,,
2025/3/18 15:00,0.218,5.685,,,,,,,,,,,
2025/3/18 16:00,0.332,6.628,,,,,,,,,,,
2025/3/18 17:00,0.443,7.44,,,,,,,,,,,
2025/3/18 18:00,0.55,8.226,,,,,,,,,,,
2025/3/18 19:00,0.615,8.722,,,,,,,,,,,
2025/3/18 20:00,0.644,8.95,,,,,,,,,,,
2025/3/18 21:00,0.67,9.165,,,,,,,,,,,
2025/3/18 22:00,0.671,9.178,,,,,,,,,,,
2025/3/18 23:00,0.459,7.563,,,,,,,,,,,
2025/3/19 0:00,0.261,6.065,,,,,,,,,,,
2025/3/19 1:00,0.421,7.287,,,,,,,,,,,
2025/3/19 2:00,0.575,8.411,,,,,,,,,,,
2025/3/19 3:00,0.689,9.331,,,,,,,,,,,
2025/3/19 4:00,0.744,9.836,,,,,,,,,,,
2025/3/19 5:00,0.71,9.511,,,,,,,,,,,
2025/3/19 6:00,0.624,8.782,,,,,,,,,,,
2025/3/19 7:00,0.511,7.937,,,,,,,,,,,
2025/3/19 8:00,0.341,6.692,,,,,,,,,,,
2025/3/19 9:00,0.242,5.9,,,,,,,,,,,
2025/3/19 10:00,0.234,5.826,,,,,,,,,,,
2025/3/19 11:00,0.358,6.821,,,,,,,,,,,
2025/3/19 12:00,0.549,8.221,,,,,,,,,,,
2025/3/19 13:00,0.691,9.346,,,,,,,,,,,
2025/3/19 14:00,0.77,10.099,,,,,,,,,,,
2025/3/19 15:00,0.8,10.439,,,,,,,,,,,
2025/3/19 16:00,0.808,10.542,,,,,,,,,,,
2025/3/19 17:00,0.812,10.585,,,,,,,,,,,
2025/3/19 18:00,0.818,10.677,,,,,,,,,,,
2025/3/19 19:00,0.826,10.769,,,,,,,,,,,
2025/3/19 20:00,0.828,10.803,,,,,,,,,,,
2025/3/19 21:00,0.834,10.88,,,,,,,,,,,
2025/3/19 22:00,0.825,10.754,,,,,,,,,,,
2025/3/19 23:00,0.692,9.36,,,,,,,,,,,
2025/3/20 0:00,0.604,8.632,,,,,,,,,,,
2025/3/20 1:00,0.86,11.265,,,,,,,,,,,
2025/3/20 2:00,0.933,12.799,,,,,,,,,,,
2025/3/20 3:00,0.948,13.276,,,,,,,,,,,
2025/3/20 4:00,0.958,13.684,,,,,,,,,,,
2025/3/20 5:00,0.968,14.149,,,,,,,,,,,
2025/3/20 6:00,0.973,14.452,,,,,,,,,,,
2025/3/20 7:00,0.968,14.175,,,,,,,,,,,
2025/3/20 8:00,0.934,12.825,,,,,,,,,,,
2025/3/20 9:00,0.892,11.823,,,,,,,,,,,
2025/3/20 10:00,0.896,11.898,,,,,,,,,,,
2025/3/20 11:00,0.899,11.973,,,,,,,,,,,
2025/3/20 12:00,0.907,12.14,,,,,,,,,,,
2025/3/20 13:00,0.92,12.441,,,,,,,,,,,
2025/3/20 14:00,0.936,12.897,,,,,,,,,,,
2025/3/20 15:00,0.94,13.016,,,,,,,,,,,
2025/3/20 16:00,0.936,12.878,,,,,,,,,,,
2025/3/20 17:00,0.924,12.551,,,,,,,,,,,
2025/3/20 18:00,0.912,12.253,,,,,,,,,,,
2025/3/20 19:00,0.9,12.001,,,,,,,,,,,
2025/3/20 20:00,0.888,11.744,,,,,,,,,,,
2025/3/20 21:00,0.869,11.401,,,,,,,,,,,
2025/3/20 22:00,0.836,10.897,,,,,,,,,,,
2025/3/20 23:00,0.657,9.055,,,,,,,,,,,
2025/3/21 0:00,0.5,7.856,,,,,,,,,,,
2025/3/21 1:00,0.727,9.679,,,,,,,,,,,
2025/3/21 2:00,0.784,10.27,,,,,,,,,,,
2025/3/21 3:00,0.838,10.937,,,,,,,,,,,
2025/3/21 4:00,0.896,11.906,,,,,,,,,,,
2025/3/21 5:00,0.934,12.824,,,,,,,,,,,
2025/3/21 6:00,0.952,13.44,,,,,,,,,,,
2025/3/21 7:00,0.954,13.497,,,,,,,,,,,
2025/3/21 8:00,0.919,12.419,,,,,,,,,,,
2025/3/21 9:00,0.883,11.661,,,,,,,,,,,
2025/3/21 10:00,0.908,12.163,,,,,,,,,,,
2025/3/21 11:00,0.909,12.171,,,,,,,,,,,
2025/3/21 12:00,0.911,12.232,,,,,,,,,,,
2025/3/21 13:00,0.908,12.15,,,,,,,,,,,
2025/3/21 14:00,0.897,11.918,,,,,,,,,,,
2025/3/21 15:00,0.887,11.728,,,,,,,,,,,
2025/3/21 16:00,0.88,11.594,,,,,,,,,,,
2025/3/21 17:00,0.887,11.729,,,,,,,,,,,
2025/3/21 18:00,0.883,11.651,,,,,,,,,,,
2025/3/21 19:00,0.875,11.518,,,,,,,,,,,
2025/3/21 20:00,0.864,11.324,,,,,,,,,,,
2025/3/21 21:00,0.86,11.266,,,,,,,,,,,
2025/3/21 22:00,0.844,11.011,,,,,,,,,,,
2025/3/21 23:00,0.71,9.522,,,,,,,,,,,
2025/3/22 0:00,0.575,8.401,,,,,,,,,,,
2025/3/22 1:00,0.632,8.856,,,,,,,,,,,
2025/3/22 2:00,0.765,10.06,,,,,,,,,,,
2025/3/22 3:00,0.774,10.155,,,,,,,,,,,
2025/3/22 4:00,0.764,10.05,,,,,,,,,,,
2025/3/22 5:00,0.745,9.853,,,,,,,,,,,
2025/3/22 6:00,0.712,9.536,,,,,,,,,,,
2025/3/22 7:00,0.657,9.056,,,,,,,,,,,
2025/3/22 8:00,0.502,7.867,,,,,,,,,,,
2025/3/22 9:00,0.384,7.013,,,,,,,,,,,
2025/3/22 10:00,0.422,7.293,,,,,,,,,,,
2025/3/22 11:00,0.58,8.444,,,,,,,,,,,
2025/3/22 12:00,0.741,9.818,,,,,,,,,,,
2025/3/22 13:00,0.829,10.816,,,,,,,,,,,
2025/3/22 14:00,0.866,11.37,,,,,,,,,,,
2025/3/22 15:00,0.872,11.463,,,,,,,,,,,
2025/3/22 16:00,0.859,11.253,,,,,,,,,,,
2025/3/22 17:00,0.837,10.928,,,,,,,,,,,
2025/3/22 18:00,0.815,10.64,,,,,,,,,,,
2025/3/22 19:00,0.787,10.304,,,,,,,,,,,
2025/3/22 20:00,0.742,9.82,,,,,,,,,,,
2025/3/22 21:00,0.679,9.239,,,,,,,,,,,
2025/3/22 22:00,0.571,8.384,,,,,,,,,,,
2025/3/22 23:00,0.27,6.139,,,,,,,,,,,
2025/3/23 0:00,0.047,3.442,,,,,,,,,,,
2025/3/23 1:00,0.033,3.112,,,,,,,,,,,
2025/3/23 2:00,0.162,5.13,,,,,,,,,,,
2025/3/23 3:00,0.369,6.907,,,,,,,,,,,
2025/3/23 4:00,0.506,7.897,,,,,,,,,,,
2025/3/23 5:00,0.581,8.455,,,,,,,,,,,
2025/3/23 6:00,0.589,8.515,,,,,,,,,,,
2025/3/23 7:00,0.527,8.049,,,,,,,,,,,
2025/3/23 8:00,0.409,7.204,,,,,,,,,,,
2025/3/23 9:00,0.472,7.645,,,,,,,,,,,
2025/3/23 10:00,0.652,9.018,,,,,,,,,,,
2025/3/23 11:00,0.802,10.478,,,,,,,,,,,
2025/3/23 12:00,0.866,11.361,,,,,,,,,,,
2025/3/23 13:00,0.876,11.526,,,,,,,,,,,
2025/3/23 14:00,0.912,12.265,,,,,,,,,,,
2025/3/23 15:00,0.939,12.989,,,,,,,,,,,
2025/3/23 16:00,0.929,12.703,,,,,,,,,,,
2025/3/23 17:00,0.925,12.582,,,,,,,,,,,
2025/3/23 18:00,0.919,12.421,,,,,,,,,,,
2025/3/23 19:00,0.921,12.479,,,,,,,,,,,
2025/3/23 20:00,0.928,12.645,,,,,,,,,,,
2025/3/23 21:00,0.91,12.222,,,,,,,,,,,
2025/3/23 22:00,0.853,11.155,,,,,,,,,,,
2025/3/23 23:00,0.824,10.75,,,,,,,,,,,
2025/3/24 0:00,0.904,12.069,,,,,,,,,,,
2025/3/24 1:00,0.851,11.124,,,,,,,,,,,
2025/3/24 2:00,0.705,9.477,,,,,,,,,,,
2025/3/24 3:00,0.516,7.976,,,,,,,,,,,
2025/3/24 4:00,0.324,6.571,,,,,,,,,,,
2025/3/24 5:00,0.149,4.994,,,,,,,,,,,
2025/3/24 6:00,0.024,2.831,,,,,,,,,,,
2025/3/24 7:00,0,1.105,,,,,,,,,,,
2025/3/24 8:00,0.023,2.814,,,,,,,,,,,
2025/3/24 9:00,0.302,6.393,,,,,,,,,,,
2025/3/24 10:00,0.677,9.229,,,,,,,,,,,
2025/3/24 11:00,0.828,10.801,,,,,,,,,,,
2025/3/24 12:00,0.854,11.176,,,,,,,,,,,
2025/3/24 13:00,0.849,11.093,,,,,,,,,,,
2025/3/24 14:00,0.88,11.611,,,,,,,,,,,
2025/3/24 15:00,0.892,11.829,,,,,,,,,,,
2025/3/24 16:00,0.904,12.084,,,,,,,,,,,
2025/3/24 17:00,0.926,12.604,,,,,,,,,,,
2025/3/24 18:00,0.928,12.662,,,,,,,,,,,
2025/3/24 19:00,0.966,14.074,,,,,,,,,,,
2025/3/24 20:00,0.969,14.22,,,,,,,,,,,
2025/3/24 21:00,0.98,15.008,,,,,,,,,,,
2025/3/24 22:00,0.973,14.486,,,,,,,,,,,
2025/3/24 23:00,0.988,16.263,,,,,,,,,,,
2025/3/25 0:00,0.954,19.176,,,,,,,,,,,
2025/3/25 1:00,0.862,21.131,,,,,,,,,,,
2025/3/25 2:00,0.775,22.206,,,,,,,,,,,
2025/3/25 3:00,0.855,21.236,,,,,,,,,,,
2025/3/25 4:00,0.964,18.789,,,,,,,,,,,
2025/3/25 5:00,0.988,16.183,,,,,,,,,,,
2025/3/25 6:00,0.962,13.862,,,,,,,,,,,
2025/3/25 7:00,0.865,11.339,,,,,,,,,,,
2025/3/25 8:00,0.598,8.578,,,,,,,,,,,
2025/3/25 9:00,0.238,5.867,,,,,,,,,,,
2025/3/25 10:00,0.169,5.209,,,,,,,,,,,
2025/3/25 11:00,0.241,5.895,,,,,,,,,,,
2025/3/25 12:00,0.365,6.871,,,,,,,,,,,
2025/3/25 13:00,0.466,7.612,,,,,,,,,,,
2025/3/25 14:00,0.454,7.524,,,,,,,,,,,
2025/3/25 15:00,0.349,6.752,,,,,,,,,,,
2025/3/25 16:00,0.492,7.802,,,,,,,,,,,
2025/3/25 17:00,0.592,8.537,,,,,,,,,,,
2025/3/25 18:00,0.68,9.253,,,,,,,,,,,
2025/3/25 19:00,0.771,10.128,,,,,,,,,,,
2025/3/25 20:00,0.819,10.686,,,,,,,,,,,
2025/3/25 21:00,0.805,10.516,,,,,,,,,,,
2025/3/25 22:00,0.799,10.432,,,,,,,,,,,
2025/3/25 23:00,0.855,11.183,,,,,,,,,,,
2025/3/26 0:00,0.918,12.4,,,,,,,,,,,
2025/3/26 1:00,0.956,13.598,,,,,,,,,,,
2025/3/26 2:00,0.947,13.235,,,,,,,,,,,
2025/3/26 3:00,0.949,13.325,,,,,,,,,,,
2025/3/26 4:00,0.958,13.678,,,,,,,,,,,
2025/3/26 5:00,0.96,13.778,,,,,,,,,,,
2025/3/26 6:00,0.974,14.5,,,,,,,,,,,
2025/3/26 7:00,0.977,14.728,,,,,,,,,,,
2025/3/26 8:00,0.972,14.385,,,,,,,,,,,
2025/3/26 9:00,0.955,13.548,,,,,,,,,,,
2025/3/26 10:00,0.93,12.724,,,,,,,,,,,
2025/3/26 11:00,0.893,11.861,,,,,,,,,,,
2025/3/26 12:00,0.879,11.579,,,,,,,,,,,
2025/3/26 13:00,0.866,11.369,,,,,,,,,,,
2025/3/26 14:00,0.871,11.447,,,,,,,,,,,
2025/3/26 15:00,0.898,11.96,,,,,,,,,,,
2025/3/26 16:00,0.914,12.311,,,,,,,,,,,
2025/3/26 17:00,0.921,12.481,,,,,,,,,,,
2025/3/26 18:00,0.936,12.885,,,,,,,,,,,
2025/3/26 19:00,0.943,13.105,,,,,,,,,,,
2025/3/26 20:00,0.941,13.036,,,,,,,,,,,
2025/3/26 21:00,0.91,12.207,,,,,,,,,,,
2025/3/26 22:00,0.845,11.043,,,,,,,,,,,
2025/3/26 23:00,0.932,12.766,,,,,,,,,,,
2025/3/27 0:00,0.957,13.622,,,,,,,,,,,
2025/3/27 1:00,0.944,13.143,,,,,,,,,,,
2025/3/27 2:00,0.93,12.722,,,,,,,,,,,
2025/3/27 3:00,0.926,12.604,,,,,,,,,,,
2025/3/27 4:00,0.937,12.906,,,,,,,,,,,
2025/3/27 5:00,0.95,13.337,,,,,,,,,,,
2025/3/27 6:00,0.955,13.532,,,,,,,,,,,
2025/3/27 7:00,0.95,13.344,,,,,,,,,,,
2025/3/27 8:00,0.931,12.743,,,,,,,,,,,
2025/3/27 9:00,0.871,11.445,,,,,,,,,,,
2025/3/27 10:00,0.753,9.926,,,,,,,,,,,
2025/3/27 11:00,0.671,9.166,,,,,,,,,,,
2025/3/27 12:00,0.616,8.731,,,,,,,,,,,
2025/3/27 13:00,0.554,8.252,,,,,,,,,,,
2025/3/27 14:00,0.512,7.95,,,,,,,,,,,
2025/3/27 15:00,0.475,7.681,,,,,,,,,,,
2025/3/27 16:00,0.468,7.626,,,,,,,,,,,
2025/3/27 17:00,0.459,7.561,,,,,,,,,,,
2025/3/27 18:00,0.443,7.437,,,,,,,,,,,
2025/3/27 19:00,0.409,7.198,,,,,,,,,,,
2025/3/27 20:00,0.365,6.868,,,,,,,,,,,
2025/3/27 21:00,0.286,6.262,,,,,,,,,,,
2025/3/27 22:00,0.258,6.032,,,,,,,,,,,
2025/3/27 23:00,0.416,7.24,,,,,,,,,,,
2025/3/28 0:00,0.413,7.231,,,,,,,,,,,
2025/3/28 1:00,0.434,7.382,,,,,,,,,,,
2025/3/28 2:00,0.509,7.919,,,,,,,,,,,
2025/3/28 3:00,0.662,9.098,,,,,,,,,,,
2025/3/28 4:00,0.82,10.704,,,,,,,,,,,
2025/3/28 5:00,0.903,12.049,,,,,,,,,,,
2025/3/28 6:00,0.92,12.461,,,,,,,,,,,
2025/3/28 7:00,0.91,12.222,,,,,,,,,,,
2025/3/28 8:00,0.911,12.24,,,,,,,,,,,
2025/3/28 9:00,0.904,12.074,,,,,,,,,,,
2025/3/28 10:00,0.863,11.32,,,,,,,,,,,
2025/3/28 11:00,0.805,10.515,,,,,,,,,,,
2025/3/28 12:00,0.737,9.778,,,,,,,,,,,
2025/3/28 13:00,0.638,8.898,,,,,,,,,,,
2025/3/28 14:00,0.588,8.505,,,,,,,,,,,
2025/3/28 15:00,0.562,8.313,,,,,,,,,,,
2025/3/28 16:00,0.552,8.237,,,,,,,,,,,
2025/3/28 17:00,0.568,8.355,,,,,,,,,,,
2025/3/28 18:00,0.613,8.704,,,,,,,,,,,
2025/3/28 19:00,0.649,8.987,,,,,,,,,,,
2025/3/28 20:00,0.669,9.151,,,,,,,,,,,
2025/3/28 21:00,0.66,9.085,,,,,,,,,,,
2025/3/28 22:00,0.659,9.079,,,,,,,,,,,
2025/3/28 23:00,0.747,9.875,,,,,,,,,,,
2025/3/29 0:00,0.772,10.133,,,,,,,,,,,
2025/3/29 1:00,0.805,10.511,,,,,,,,,,,
2025/3/29 2:00,0.82,10.701,,,,,,,,,,,
2025/3/29 3:00,0.806,10.526,,,,,,,,,,,
2025/3/29 4:00,0.772,10.129,,,,,,,,,,,
2025/3/29 5:00,0.757,9.979,,,,,,,,,,,
2025/3/29 6:00,0.771,10.127,,,,,,,,,,,
2025/3/29 7:00,0.788,10.316,,,,,,,,,,,
2025/3/29 8:00,0.768,10.085,,,,,,,,,,,
2025/3/29 9:00,0.682,9.262,,,,,,,,,,,
2025/3/29 10:00,0.503,7.869,,,,,,,,,,,
2025/3/29 11:00,0.365,6.871,,,,,,,,,,,
2025/3/29 12:00,0.306,6.419,,,,,,,,,,,
2025/3/29 13:00,0.297,6.357,,,,,,,,,,,
2025/3/29 14:00,0.306,6.425,,,,,,,,,,,
2025/3/29 15:00,0.309,6.443,,,,,,,,,,,
2025/3/29 16:00,0.287,6.28,,,,,,,,,,,
2025/3/29 17:00,0.277,6.186,,,,,,,,,,,
2025/3/29 18:00,0.291,6.308,,,,,,,,,,,
2025/3/29 19:00,0.328,6.595,,,,,,,,,,,
2025/3/29 20:00,0.362,6.852,,,,,,,,,,,
2025/3/29 21:00,0.37,6.914,,,,,,,,,,,
2025/3/29 22:00,0.343,6.707,,,,,,,,,,,
2025/3/29 23:00,0.246,5.937,,,,,,,,,,,
2025/3/30 0:00,0.246,5.938,,,,,,,,,,,
2025/3/30 1:00,0.227,5.769,,,,,,,,,,,
2025/3/30 2:00,0.234,5.831,,,,,,,,,,,
2025/3/30 3:00,0.249,5.954,,,,,,,,,,,
2025/3/30 4:00,0.29,6.303,,,,,,,,,,,
2025/3/30 5:00,0.378,6.978,,,,,,,,,,,
2025/3/30 6:00,0.507,7.908,,,,,,,,,,,
2025/3/30 7:00,0.564,8.323,,,,,,,,,,,
2025/3/30 8:00,0.471,7.643,,,,,,,,,,,
2025/3/30 9:00,0.399,7.123,,,,,,,,,,,
2025/3/30 10:00,0.465,7.597,,,,,,,,,,,
2025/3/30 11:00,0.615,8.711,,,,,,,,,,,
2025/3/30 12:00,0.699,9.418,,,,,,,,,,,
2025/3/30 13:00,0.702,9.447,,,,,,,,,,,
2025/3/30 14:00,0.666,9.137,,,,,,,,,,,
2025/3/30 15:00,0.597,8.568,,,,,,,,,,,
2025/3/30 16:00,0.544,8.173,,,,,,,,,,,
2025/3/30 17:00,0.541,8.15,,,,,,,,,,,
2025/3/30 18:00,0.544,8.176,,,,,,,,,,,
2025/3/30 19:00,0.532,8.092,,,,,,,,,,,
2025/3/30 20:00,0.508,7.915,,,,,,,,,,,
2025/3/30 21:00,0.49,7.783,,,,,,,,,,,
2025/3/30 22:00,0.421,7.284,,,,,,,,,,,
2025/3/30 23:00,0.188,5.405,,,,,,,,,,,
2025/3/31 0:00,0.234,5.833,,,,,,,,,,,
2025/3/31 1:00,0.282,6.226,,,,,,,,,,,
2025/3/31 2:00,0.303,6.405,,,,,,,,,,,
2025/3/31 3:00,0.32,6.538,,,,,,,,,,,
2025/3/31 4:00,0.341,6.693,,,,,,,,,,,
2025/3/31 5:00,0.38,6.986,,,,,,,,,,,
2025/3/31 6:00,0.423,7.302,,,,,,,,,,,
2025/3/31 7:00,0.455,7.527,,,,,,,,,,,
2025/3/31 8:00,0.416,7.246,,,,,,,,,,,
2025/3/31 9:00,0.384,7.009,,,,,,,,,,,
2025/3/31 10:00,0.362,6.851,,,,,,,,,,,
2025/3/31 11:00,0.329,6.604,,,,,,,,,,,
2025/3/31 12:00,0.332,6.623,,,,,,,,,,,
2025/3/31 13:00,0.387,7.039,,,,,,,,,,,
2025/3/31 14:00,0.513,7.952,,,,,,,,,,,
2025/3/31 15:00,0.654,9.026,,,,,,,,,,,
2025/3/31 16:00,0.765,10.063,,,,,,,,,,,
2025/3/31 17:00,0.824,10.738,,,,,,,,,,,
2025/3/31 18:00,0.836,10.906,,,,,,,,,,,
2025/3/31 19:00,0.827,10.789,,,,,,,,,,,
2025/3/31 20:00,0.812,10.594,,,,,,,,,,,
2025/3/31 21:00,0.8,10.455,,,,,,,,,,,
2025/3/31 22:00,0.752,9.918,,,,,,,,,,,
2025/3/31 23:00,0.575,8.401,,,,,,,,,,,
2025/4/1 0:00,0.747,9.875,,,,,,,,,,,
2025/4/1 1:00,0.752,9.917,,,,,,,,,,,
2025/4/1 2:00,0.708,9.493,,,,,,,,,,,
2025/4/1 3:00,0.69,9.339,,,,,,,,,,,
2025/4/1 4:00,0.751,9.901,,,,,,,,,,,
2025/4/1 5:00,0.81,10.57,,,,,,,,,,,
2025/4/1 6:00,0.773,10.142,,,,,,,,,,,
2025/4/1 7:00,0.708,9.497,,,,,,,,,,,
2025/4/1 8:00,0.712,9.543,,,,,,,,,,,
2025/4/1 9:00,0.705,9.476,,,,,,,,,,,
2025/4/1 10:00,0.758,9.987,,,,,,,,,,,
2025/4/1 11:00,0.802,10.471,,,,,,,,,,,
2025/4/1 12:00,0.81,10.57,,,,,,,,,,,
2025/4/1 13:00,0.805,10.505,,,,,,,,,,,
2025/4/1 14:00,0.77,10.111,,,,,,,,,,,
2025/4/1 15:00,0.732,9.729,,,,,,,,,,,
2025/4/1 16:00,0.699,9.414,,,,,,,,,,,
2025/4/1 17:00,0.698,9.399,,,,,,,,,,,
2025/4/1 18:00,0.694,9.374,,,,,,,,,,,
2025/4/1 19:00,0.686,9.31,,,,,,,,,,,
2025/4/1 20:00,0.679,9.238,,,,,,,,,,,
2025/4/1 21:00,0.682,9.275,,,,,,,,,,,
2025/4/1 22:00,0.598,8.581,,,,,,,,,,,
2025/4/1 23:00,0.49,7.777,,,,,,,,,,,
2025/4/2 0:00,0.693,9.372,,,,,,,,,,,
2025/4/2 1:00,0.639,8.91,,,,,,,,,,,
2025/4/2 2:00,0.556,8.265,,,,,,,,,,,
2025/4/2 3:00,0.45,7.488,,,,,,,,,,,
2025/4/2 4:00,0.341,6.691,,,,,,,,,,,
2025/4/2 5:00,0.261,6.056,,,,,,,,,,,
2025/4/2 6:00,0.2,5.521,,,,,,,,,,,
2025/4/2 7:00,0.148,4.981,,,,,,,,,,,
2025/4/2 8:00,0.095,4.292,,,,,,,,,,,
2025/4/2 9:00,0.039,3.264,,,,,,,,,,,
2025/4/2 10:00,0.021,2.732,,,,,,,,,,,
2025/4/2 11:00,0.024,2.856,,,,,,,,,,,
2025/4/2 12:00,0.057,3.666,,,,,,,,,,,
2025/4/2 13:00,0.142,4.906,,,,,,,,,,,
2025/4/2 14:00,0.271,6.149,,,,,,,,,,,
2025/4/2 15:00,0.39,7.063,,,,,,,,,,,
2025/4/2 16:00,0.434,7.378,,,,,,,,,,,
2025/4/2 17:00,0.43,7.345,,,,,,,,,,,
2025/4/2 18:00,0.416,7.243,,,,,,,,,,,
2025/4/2 19:00,0.436,7.39,,,,,,,,,,,
2025/4/2 20:00,0.51,7.922,,,,,,,,,,,
2025/4/2 21:00,0.594,8.556,,,,,,,,,,,
2025/4/2 22:00,0.605,8.641,,,,,,,,,,,
2025/4/2 23:00,0.379,6.982,,,,,,,,,,,
2025/4/3 0:00,0.44,7.418,,,,,,,,,,,
2025/4/3 1:00,0.518,7.985,,,,,,,,,,,
2025/4/3 2:00,0.458,7.558,,,,,,,,,,,
2025/4/3 3:00,0.453,7.521,,,,,,,,,,,
2025/4/3 4:00,0.483,7.735,,,,,,,,,,,
2025/4/3 5:00,0.518,7.986,,,,,,,,,,,
2025/4/3 6:00,0.544,8.171,,,,,,,,,,,
2025/4/3 7:00,0.541,8.158,,,,,,,,,,,
2025/4/3 8:00,0.475,7.672,,,,,,,,,,,
2025/4/3 9:00,0.501,7.863,,,,,,,,,,,
2025/4/3 10:00,0.698,9.411,,,,,,,,,,,
2025/4/3 11:00,0.827,10.796,,,,,,,,,,,
2025/4/3 12:00,0.874,11.488,,,,,,,,,,,
2025/4/3 13:00,0.888,11.744,,,,,,,,,,,
2025/4/3 14:00,0.883,11.657,,,,,,,,,,,
2025/4/3 15:00,0.857,11.222,,,,,,,,,,,
2025/4/3 16:00,0.832,10.851,,,,,,,,,,,
2025/4/3 17:00,0.813,10.608,,,,,,,,,,,
2025/4/3 18:00,0.809,10.563,,,,,,,,,,,
2025/4/3 19:00,0.818,10.672,,,,,,,,,,,
2025/4/3 20:00,0.822,10.719,,,,,,,,,,,
2025/4/3 21:00,0.793,10.364,,,,,,,,,,,
2025/4/3 22:00,0.727,9.674,,,,,,,,,,,
2025/4/3 23:00,0.599,8.594,,,,,,,,,,,
2025/4/4 0:00,0.591,8.528,,,,,,,,,,,
2025/4/4 1:00,0.682,9.262,,,,,,,,,,,
2025/4/4 2:00,0.688,9.327,,,,,,,,,,,
2025/4/4 3:00,0.657,9.057,,,,,,,,,,,
2025/4/4 4:00,0.718,9.596,,,,,,,,,,,
2025/4/4 5:00,0.814,10.618,,,,,,,,,,,
2025/4/4 6:00,0.867,11.373,,,,,,,,,,,
2025/4/4 7:00,0.892,11.833,,,,,,,,,,,
2025/4/4 8:00,0.898,11.94,,,,,,,,,,,
2025/4/4 9:00,0.863,11.313,,,,,,,,,,,
2025/4/4 10:00,0.832,10.845,,,,,,,,,,,
2025/4/4 11:00,0.865,11.333,,,,,,,,,,,
2025/4/4 12:00,0.912,12.248,,,,,,,,,,,
2025/4/4 13:00,0.887,11.726,,,,,,,,,,,
2025/4/4 14:00,0.853,11.165,,,,,,,,,,,
2025/4/4 15:00,0.808,10.55,,,,,,,,,,,
2025/4/4 16:00,0.78,10.212,,,,,,,,,,,
2025/4/4 17:00,0.843,11.002,,,,,,,,,,,
2025/4/4 18:00,0.879,11.586,,,,,,,,,,,
2025/4/4 19:00,0.899,11.97,,,,,,,,,,,
2025/4/4 20:00,0.911,12.227,,,,,,,,,,,
2025/4/4 21:00,0.901,12.02,,,,,,,,,,,
2025/4/4 22:00,0.825,10.755,,,,,,,,,,,
2025/4/4 23:00,0.817,10.649,,,,,,,,,,,
2025/4/5 0:00,0.97,14.283,,,,,,,,,,,
2025/4/5 1:00,0.973,14.492,,,,,,,,,,,
2025/4/5 2:00,0.958,13.68,,,,,,,,,,,
2025/4/5 3:00,0.942,13.082,,,,,,,,,,,
2025/4/5 4:00,0.939,12.982,,,,,,,,,,,
2025/4/5 5:00,0.944,13.131,,,,,,,,,,,
2025/4/5 6:00,0.948,13.292,,,,,,,,,,,
2025/4/5 7:00,0.944,13.143,,,,,,,,,,,
2025/4/5 8:00,0.922,12.498,,,,,,,,,,,
2025/4/5 9:00,0.831,10.832,,,,,,,,,,,
2025/4/5 10:00,0.772,10.133,,,,,,,,,,,
2025/4/5 11:00,0.741,9.817,,,,,,,,,,,
2025/4/5 12:00,0.672,9.181,,,,,,,,,,,
2025/4/5 13:00,0.568,8.363,,,,,,,,,,,
2025/4/5 14:00,0.441,7.423,,,,,,,,,,,
2025/4/5 15:00,0.329,6.599,,,,,,,,,,,
2025/4/5 16:00,0.25,5.957,,,,,,,,,,,
2025/4/5 17:00,0.203,5.538,,,,,,,,,,,
2025/4/5 18:00,0.183,5.355,,,,,,,,,,,
2025/4/5 19:00,0.158,5.093,,,,,,,,,,,
2025/4/5 20:00,0.124,4.694,,,,,,,,,,,
2025/4/5 21:00,0.097,4.334,,,,,,,,,,,
2025/4/5 22:00,0.079,4.051,,,,,,,,,,,
2025/4/5 23:00,0.027,2.936,,,,,,,,,,,
2025/4/6 0:00,0.019,2.67,,,,,,,,,,,
2025/4/6 1:00,0.033,3.114,,,,,,,,,,,
2025/4/6 2:00,0.045,3.411,,,,,,,,,,,
2025/4/6 3:00,0.037,3.211,,,,,,,,,,,
2025/4/6 4:00,0.017,2.576,,,,,,,,,,,
2025/4/6 5:00,0.001,1.262,,,,,,,,,,,
2025/4/6 6:00,0,0.559,,,,,,,,,,,
2025/4/6 7:00,0,0.296,,,,,,,,,,,
2025/4/6 8:00,0.014,2.45,,,,,,,,,,,
2025/4/6 9:00,0.2,5.518,,,,,,,,,,,
2025/4/6 10:00,0.612,8.696,,,,,,,,,,,
2025/4/6 11:00,0.819,10.681,,,,,,,,,,,
2025/4/6 12:00,0.866,11.368,,,,,,,,,,,
2025/4/6 13:00,0.861,11.275,,,,,,,,,,,
2025/4/6 14:00,0.866,11.356,,,,,,,,,,,
2025/4/6 15:00,0.889,11.765,,,,,,,,,,,
2025/4/6 16:00,0.89,11.776,,,,,,,,,,,
2025/4/6 17:00,0.848,11.089,,,,,,,,,,,
2025/4/6 18:00,0.84,10.972,,,,,,,,,,,
2025/4/6 19:00,0.827,10.795,,,,,,,,,,,
2025/4/6 20:00,0.794,10.376,,,,,,,,,,,
2025/4/6 21:00,0.735,9.761,,,,,,,,,,,
2025/4/6 22:00,0.626,8.797,,,,,,,,,,,
2025/4/6 23:00,0.782,10.246,,,,,,,,,,,
2025/4/7 0:00,0.964,13.93,,,,,,,,,,,
2025/4/7 1:00,0.979,14.887,,,,,,,,,,,
2025/4/7 2:00,0.985,15.535,,,,,,,,,,,
2025/4/7 3:00,0.986,15.835,,,,,,,,,,,
2025/4/7 4:00,0.986,15.816,,,,,,,,,,,
2025/4/7 5:00,0.985,15.591,,,,,,,,,,,
2025/4/7 6:00,0.983,15.358,,,,,,,,,,,
2025/4/7 7:00,0.98,15.001,,,,,,,,,,,
2025/4/7 8:00,0.974,14.537,,,,,,,,,,,
2025/4/7 9:00,0.947,13.252,,,,,,,,,,,
2025/4/7 10:00,0.918,12.405,,,,,,,,,,,
2025/4/7 11:00,0.912,12.264,,,,,,,,,,,
2025/4/7 12:00,0.894,11.88,,,,,,,,,,,
2025/4/7 13:00,0.847,11.069,,,,,,,,,,,
2025/4/7 14:00,0.827,10.787,,,,,,,,,,,
2025/4/7 15:00,0.792,10.356,,,,,,,,,,,
2025/4/7 16:00,0.786,10.284,,,,,,,,,,,
2025/4/7 17:00,0.806,10.524,,,,,,,,,,,
2025/4/7 18:00,0.804,10.492,,,,,,,,,,,
2025/4/7 19:00,0.817,10.656,,,,,,,,,,,
2025/4/7 20:00,0.824,10.747,,,,,,,,,,,
2025/4/7 21:00,0.819,10.688,,,,,,,,,,,
2025/4/7 22:00,0.722,9.637,,,,,,,,,,,
2025/4/7 23:00,0.394,7.083,,,,,,,,,,,
2025/4/8 0:00,0.378,6.972,,,,,,,,,,,
2025/4/8 1:00,0.205,5.557,,,,,,,,,,,
2025/4/8 2:00,0.082,4.109,,,,,,,,,,,
2025/4/8 3:00,0.025,2.867,,,,,,,,,,,
2025/4/8 4:00,0.006,2.008,,,,,,,,,,,
2025/4/8 5:00,0.003,1.665,,,,,,,,,,,
2025/4/8 6:00,0.001,1.484,,,,,,,,,,,
2025/4/8 7:00,0.007,2.088,,,,,,,,,,,
2025/4/8 8:00,0.042,3.328,,,,,,,,,,,
2025/4/8 9:00,0.209,5.606,,,,,,,,,,,
2025/4/8 10:00,0.505,7.891,,,,,,,,,,,
2025/4/8 11:00,0.69,9.343,,,,,,,,,,,
2025/4/8 12:00,0.725,9.659,,,,,,,,,,,
2025/4/8 13:00,0.755,9.941,,,,,,,,,,,
2025/4/8 14:00,0.752,9.917,,,,,,,,,,,
2025/4/8 15:00,0.746,9.861,,,,,,,,,,,
2025/4/8 16:00,0.737,9.773,,,,,,,,,,,
2025/4/8 17:00,0.712,9.537,,,,,,,,,,,
2025/4/8 18:00,0.61,8.682,,,,,,,,,,,
2025/4/8 19:00,0.463,7.589,,,,,,,,,,,
2025/4/8 20:00,0.348,6.743,,,,,,,,,,,
2025/4/8 21:00,0.291,6.309,,,,,,,,,,,
2025/4/8 22:00,0.239,5.877,,,,,,,,,,,
2025/4/8 23:00,0.106,4.461,,,,,,,,,,,
2025/4/9 0:00,0.026,2.912,,,,,,,,,,,
2025/4/9 1:00,0.007,2.101,,,,,,,,,,,
2025/4/9 2:00,0.013,2.421,,,,,,,,,,,
2025/4/9 3:00,0.048,3.469,,,,,,,,,,,
2025/4/9 4:00,0.092,4.264,,,,,,,,,,,
2025/4/9 5:00,0.134,4.822,,,,,,,,,,,
2025/4/9 6:00,0.162,5.133,,,,,,,,,,,
2025/4/9 7:00,0.159,5.103,,,,,,,,,,,
2025/4/9 8:00,0.119,4.624,,,,,,,,,,,
2025/4/9 9:00,0.044,3.393,,,,,,,,,,,
2025/4/9 10:00,0.016,2.559,,,,,,,,,,,
2025/4/9 11:00,0.071,3.919,,,,,,,,,,,
2025/4/9 12:00,0.297,6.357,,,,,,,,,,,
2025/4/9 13:00,0.578,8.433,,,,,,,,,,,
2025/4/9 14:00,0.751,9.904,,,,,,,,,,,
2025/4/9 15:00,0.821,10.706,,,,,,,,,,,
2025/4/9 16:00,0.854,11.18,,,,,,,,,,,
2025/4/9 17:00,0.866,11.348,,,,,,,,,,,
2025/4/9 18:00,0.867,11.382,,,,,,,,,,,
2025/4/9 19:00,0.872,11.463,,,,,,,,,,,
2025/4/9 20:00,0.873,11.473,,,,,,,,,,,
2025/4/9 21:00,0.87,11.426,,,,,,,,,,,
2025/4/9 22:00,0.795,10.389,,,,,,,,,,,
2025/4/9 23:00,0.534,8.107,,,,,,,,,,,
2025/4/10 0:00,0.393,7.078,,,,,,,,,,,
2025/4/10 1:00,0.696,9.393,,,,,,,,,,,
2025/4/10 2:00,0.715,9.568,,,,,,,,,,,
2025/4/10 3:00,0.681,9.256,,,,,,,,,,,
2025/4/10 4:00,0.652,9.015,,,,,,,,,,,
2025/4/10 5:00,0.638,8.897,,,,,,,,,,,
2025/4/10 6:00,0.63,8.829,,,,,,,,,,,
2025/4/10 7:00,0.62,8.755,,,,,,,,,,,
2025/4/10 8:00,0.603,8.623,,,,,,,,,,,
2025/4/10 9:00,0.676,9.223,,,,,,,,,,,
2025/4/10 10:00,0.845,11.036,,,,,,,,,,,
2025/4/10 11:00,0.916,12.346,,,,,,,,,,,
2025/4/10 12:00,0.935,12.867,,,,,,,,,,,
2025/4/10 13:00,0.941,13.044,,,,,,,,,,,
2025/4/10 14:00,0.939,12.986,,,,,,,,,,,
2025/4/10 15:00,0.94,13.021,,,,,,,,,,,
2025/4/10 16:00,0.931,12.75,,,,,,,,,,,
2025/4/10 17:00,0.902,12.026,,,,,,,,,,,
2025/4/10 18:00,0.884,11.68,,,,,,,,,,,
2025/4/10 19:00,0.889,11.76,,,,,,,,,,,
2025/4/10 20:00,0.882,11.643,,,,,,,,,,,
2025/4/10 21:00,0.861,11.285,,,,,,,,,,,
2025/4/10 22:00,0.779,10.203,,,,,,,,,,,
2025/4/10 23:00,0.683,9.277,,,,,,,,,,,
2025/4/11 0:00,0.908,12.163,,,,,,,,,,,
2025/4/11 1:00,0.945,13.175,,,,,,,,,,,
2025/4/11 2:00,0.937,12.908,,,,,,,,,,,
2025/4/11 3:00,0.926,12.618,,,,,,,,,,,
2025/4/11 4:00,0.933,12.79,,,,,,,,,,,
2025/4/11 5:00,0.956,13.593,,,,,,,,,,,
2025/4/11 6:00,0.973,14.43,,,,,,,,,,,
2025/4/11 7:00,0.973,14.47,,,,,,,,,,,
2025/4/11 8:00,0.957,13.626,,,,,,,,,,,
2025/4/11 9:00,0.908,12.162,,,,,,,,,,,
2025/4/11 10:00,0.837,10.924,,,,,,,,,,,
2025/4/11 11:00,0.675,9.209,,,,,,,,,,,
2025/4/11 12:00,0.413,7.228,,,,,,,,,,,
2025/4/11 13:00,0.355,6.802,,,,,,,,,,,
2025/4/11 14:00,0.468,7.625,,,,,,,,,,,
2025/4/11 15:00,0.573,8.394,,,,,,,,,,,
2025/4/11 16:00,0.475,7.671,,,,,,,,,,,
2025/4/11 17:00,0.439,7.414,,,,,,,,,,,
2025/4/11 18:00,0.503,7.875,,,,,,,,,,,
2025/4/11 19:00,0.742,9.822,,,,,,,,,,,
2025/4/11 20:00,0.92,12.453,,,,,,,,,,,
2025/4/11 21:00,0.95,13.352,,,,,,,,,,,
2025/4/11 22:00,0.96,13.761,,,,,,,,,,,
2025/4/11 23:00,0.966,14.05,,,,,,,,,,,
2025/4/12 0:00,0.959,13.727,,,,,,,,,,,
2025/4/12 1:00,0.929,12.678,,,,,,,,,,,
2025/4/12 2:00,0.884,11.682,,,,,,,,,,,
2025/4/12 3:00,0.852,11.137,,,,,,,,,,,
2025/4/12 4:00,0.845,11.033,,,,,,,,,,,
2025/4/12 5:00,0.872,11.472,,,,,,,,,,,
2025/4/12 6:00,0.944,13.131,,,,,,,,,,,
2025/4/12 7:00,0.988,16.203,,,,,,,,,,,
2025/4/12 8:00,0.952,19.25,,,,,,,,,,,
2025/4/12 9:00,0.941,19.583,,,,,,,,,,,
2025/4/12 10:00,0.972,18.398,,,,,,,,,,,
2025/4/12 11:00,0.972,18.404,,,,,,,,,,,
2025/4/12 12:00,0.959,18.995,,,,,,,,,,,
2025/4/12 13:00,0.956,19.114,,,,,,,,,,,
2025/4/12 14:00,0.95,19.307,,,,,,,,,,,
2025/4/12 15:00,0.939,19.622,,,,,,,,,,,
2025/4/12 16:00,0.919,20.119,,,,,,,,,,,
2025/4/12 17:00,0.903,20.441,,,,,,,,,,,
2025/4/12 18:00,0.88,20.844,,,,,,,,,,,
2025/4/12 19:00,0.855,21.228,,,,,,,,,,,
2025/4/12 20:00,0.829,21.579,,,,,,,,,,,
2025/4/12 21:00,0.879,20.869,,,,,,,,,,,
2025/4/12 22:00,0.941,19.577,,,,,,,,,,,
2025/4/12 23:00,0.96,18.953,,,,,,,,,,,
2025/4/13 0:00,0.979,17.919,,,,,,,,,,,
2025/4/13 1:00,0.988,16.299,,,,,,,,,,,
2025/4/13 2:00,0.978,14.809,,,,,,,,,,,
2025/4/13 3:00,0.962,13.845,,,,,,,,,,,
2025/4/13 4:00,0.957,13.636,,,,,,,,,,,
2025/4/13 5:00,0.954,13.493,,,,,,,,,,,
2025/4/13 6:00,0.939,12.983,,,,,,,,,,,
2025/4/13 7:00,0.944,13.131,,,,,,,,,,,
2025/4/13 8:00,0.955,13.536,,,,,,,,,,,
2025/4/13 9:00,0.98,14.981,,,,,,,,,,,
2025/4/13 10:00,0.987,17.049,,,,,,,,,,,
2025/4/13 11:00,0.979,17.901,,,,,,,,,,,
2025/4/13 12:00,0.98,17.81,,,,,,,,,,,
2025/4/13 13:00,0.977,18.046,,,,,,,,,,,
2025/4/13 14:00,0.97,18.514,,,,,,,,,,,
2025/4/13 15:00,0.964,18.771,,,,,,,,,,,
2025/4/13 16:00,0.964,18.782,,,,,,,,,,,
2025/4/13 17:00,0.968,18.606,,,,,,,,,,,
2025/4/13 18:00,0.975,18.222,,,,,,,,,,,
2025/4/13 19:00,0.98,17.834,,,,,,,,,,,
2025/4/13 20:00,0.983,17.516,,,,,,,,,,,
2025/4/13 21:00,0.986,17.208,,,,,,,,,,,
2025/4/13 22:00,0.987,16.899,,,,,,,,,,,
2025/4/13 23:00,0.988,16.492,,,,,,,,,,,
2025/4/14 0:00,0.988,16.266,,,,,,,,,,,
2025/4/14 1:00,0.988,16.519,,,,,,,,,,,
2025/4/14 2:00,0.987,16.864,,,,,,,,,,,
2025/4/14 3:00,0.988,16.653,,,,,,,,,,,
2025/4/14 4:00,0.988,16.242,,,,,,,,,,,
2025/4/14 5:00,0.987,15.928,,,,,,,,,,,
2025/4/14 6:00,0.984,15.496,,,,,,,,,,,
2025/4/14 7:00,0.981,15.122,,,,,,,,,,,
2025/4/14 8:00,0.971,14.315,,,,,,,,,,,
2025/4/14 9:00,0.903,12.05,,,,,,,,,,,
2025/4/14 10:00,0.817,10.65,,,,,,,,,,,
2025/4/14 11:00,0.763,10.041,,,,,,,,,,,
2025/4/14 12:00,0.702,9.451,,,,,,,,,,,
2025/4/14 13:00,0.71,9.51,,,,,,,,,,,
2025/4/14 14:00,0.771,10.119,,,,,,,,,,,
2025/4/14 15:00,0.791,10.331,,,,,,,,,,,
2025/4/14 16:00,0.784,10.262,,,,,,,,,,,
2025/4/14 17:00,0.771,10.123,,,,,,,,,,,
2025/4/14 18:00,0.757,9.972,,,,,,,,,,,
2025/4/14 19:00,0.72,9.616,,,,,,,,,,,
2025/4/14 20:00,0.657,9.056,,,,,,,,,,,
2025/4/14 21:00,0.558,8.279,,,,,,,,,,,
2025/4/14 22:00,0.378,6.975,,,,,,,,,,,
2025/4/14 23:00,0.093,4.268,,,,,,,,,,,
2025/4/15 0:00,0.002,1.493,,,,,,,,,,,
2025/4/15 1:00,0.002,1.495,,,,,,,,,,,
2025/4/15 2:00,0.005,1.923,,,,,,,,,,,
2025/4/15 3:00,0.015,2.523,,,,,,,,,,,
2025/4/15 4:00,0.021,2.721,,,,,,,,,,,
2025/4/15 5:00,0.009,2.218,,,,,,,,,,,
2025/4/15 6:00,0.002,1.628,,,,,,,,,,,
2025/4/15 7:00,0.017,2.616,,,,,,,,,,,
2025/4/15 8:00,0.09,4.22,,,,,,,,,,,
2025/4/15 9:00,0.325,6.574,,,,,,,,,,,
2025/4/15 10:00,0.594,8.547,,,,,,,,,,,
2025/4/15 11:00,0.655,9.033,,,,,,,,,,,
2025/4/15 12:00,0.612,8.687,,,,,,,,,,,
2025/4/15 13:00,0.581,8.459,,,,,,,,,,,
2025/4/15 14:00,0.577,8.421,,,,,,,,,,,
2025/4/15 15:00,0.498,7.844,,,,,,,,,,,
2025/4/15 16:00,0.396,7.099,,,,,,,,,,,
2025/4/15 17:00,0.324,6.568,,,,,,,,,,,
2025/4/15 18:00,0.296,6.343,,,,,,,,,,,
2025/4/15 19:00,0.274,6.167,,,,,,,,,,,
2025/4/15 20:00,0.223,5.728,,,,,,,,,,,
2025/4/15 21:00,0.135,4.831,,,,,,,,,,,
2025/4/15 22:00,0.056,3.651,,,,,,,,,,,
2025/4/15 23:00,0.024,2.86,,,,,,,,,,,
2025/4/16 0:00,0.019,2.669,,,,,,,,,,,
2025/4/16 1:00,0.016,2.565,,,,,,,,,,,
2025/4/16 2:00,0.006,1.975,,,,,,,,,,,
2025/4/16 3:00,0.004,1.791,,,,,,,,,,,
2025/4/16 4:00,0.014,2.469,,,,,,,,,,,
2025/4/16 5:00,0.074,3.976,,,,,,,,,,,
2025/4/16 6:00,0.122,4.673,,,,,,,,,,,
2025/4/16 7:00,0.182,5.34,,,,,,,,,,,
2025/4/16 8:00,0.307,6.433,,,,,,,,,,,
2025/4/16 9:00,0.459,7.561,,,,,,,,,,,
2025/4/16 10:00,0.592,8.539,,,,,,,,,,,
2025/4/16 11:00,0.668,9.147,,,,,,,,,,,
2025/4/16 12:00,0.619,8.74,,,,,,,,,,,
2025/4/16 13:00,0.504,7.887,,,,,,,,,,,
2025/4/16 14:00,0.384,7.01,,,,,,,,,,,
2025/4/16 15:00,0.318,6.52,,,,,,,,,,,
2025/4/16 16:00,0.32,6.54,,,,,,,,,,,
2025/4/16 17:00,0.341,6.7,,,,,,,,,,,
2025/4/16 18:00,0.39,7.061,,,,,,,,,,,
2025/4/16 19:00,0.43,7.348,,,,,,,,,,,
2025/4/16 20:00,0.398,7.116,,,,,,,,,,,
2025/4/16 21:00,0.359,6.827,,,,,,,,,,,
2025/4/16 22:00,0.512,7.95,,,,,,,,,,,
2025/4/16 23:00,0.713,9.548,,,,,,,,,,,
2025/4/17 0:00,0.838,10.945,,,,,,,,,,,
2025/4/17 1:00,0.865,11.343,,,,,,,,,,,
2025/4/17 2:00,0.872,11.459,,,,,,,,,,,
2025/4/17 3:00,0.892,11.825,,,,,,,,,,,
2025/4/17 4:00,0.915,12.34,,,,,,,,,,,
2025/4/17 5:00,0.945,13.192,,,,,,,,,,,
2025/4/17 6:00,0.961,13.821,,,,,,,,,,,
2025/4/17 7:00,0.963,13.905,,,,,,,,,,,
2025/4/17 8:00,0.954,13.517,,,,,,,,,,,
2025/4/17 9:00,0.923,12.534,,,,,,,,,,,
2025/4/17 10:00,0.877,11.557,,,,,,,,,,,
2025/4/17 11:00,0.848,11.09,,,,,,,,,,,
2025/4/17 12:00,0.789,10.321,,,,,,,,,,,
2025/4/17 13:00,0.711,9.531,,,,,,,,,,,
2025/4/17 14:00,0.652,9.012,,,,,,,,,,,
2025/4/17 15:00,0.616,8.728,,,,,,,,,,,
2025/4/17 16:00,0.581,8.455,,,,,,,,,,,
2025/4/17 17:00,0.519,7.992,,,,,,,,,,,
2025/4/17 18:00,0.468,7.618,,,,,,,,,,,
2025/4/17 19:00,0.428,7.336,,,,,,,,,,,
2025/4/17 20:00,0.394,7.085,,,,,,,,,,,
2025/4/17 21:00,0.368,6.895,,,,,,,,,,,
2025/4/17 22:00,0.262,6.072,,,,,,,,,,,
2025/4/17 23:00,0.085,4.143,,,,,,,,,,,
2025/4/18 0:00,0.077,4.018,,,,,,,,,,,
2025/4/18 1:00,0.026,2.924,,,,,,,,,,,
2025/4/18 2:00,0.01,2.258,,,,,,,,,,,
2025/4/18 3:00,0.008,2.12,,,,,,,,,,,
2025/4/18 4:00,0,0.779,,,,,,,,,,,
2025/4/18 5:00,0.002,1.597,,,,,,,,,,,
2025/4/18 6:00,0.029,2.988,,,,,,,,,,,
2025/4/18 7:00,0.134,4.803,,,,,,,,,,,
2025/4/18 8:00,0.2,5.517,,,,,,,,,,,
2025/4/18 9:00,0.427,7.326,,,,,,,,,,,
2025/4/18 10:00,0.682,9.274,,,,,,,,,,,
2025/4/18 11:00,0.794,10.382,,,,,,,,,,,
2025/4/18 12:00,0.821,10.705,,,,,,,,,,,
2025/4/18 13:00,0.77,10.113,,,,,,,,,,,
2025/4/18 14:00,0.7,9.431,,,,,,,,,,,
2025/4/18 15:00,0.602,8.619,,,,,,,,,,,
2025/4/18 16:00,0.524,8.027,,,,,,,,,,,
2025/4/18 17:00,0.45,7.488,,,,,,,,,,,
2025/4/18 18:00,0.394,7.091,,,,,,,,,,,
2025/4/18 19:00,0.372,6.931,,,,,,,,,,,
2025/4/18 20:00,0.406,7.18,,,,,,,,,,,
2025/4/18 21:00,0.497,7.831,,,,,,,,,,,
2025/4/18 22:00,0.47,7.636,,,,,,,,,,,
2025/4/18 23:00,0.428,7.329,,,,,,,,,,,
2025/4/19 0:00,0.49,7.781,,,,,,,,,,,
2025/4/19 1:00,0.473,7.657,,,,,,,,,,,
2025/4/19 2:00,0.403,7.153,,,,,,,,,,,
2025/4/19 3:00,0.27,6.139,,,,,,,,,,,
2025/4/19 4:00,0.119,4.618,,,,,,,,,,,
2025/4/19 5:00,0.031,3.048,,,,,,,,,,,
2025/4/19 6:00,0.01,2.264,,,,,,,,,,,
2025/4/19 7:00,0.003,1.769,,,,,,,,,,,
2025/4/19 8:00,0.002,1.64,,,,,,,,,,,
2025/4/19 9:00,0.006,2.018,,,,,,,,,,,
2025/4/19 10:00,0.075,3.994,,,,,,,,,,,
2025/4/19 11:00,0.303,6.405,,,,,,,,,,,
2025/4/19 12:00,0.548,8.209,,,,,,,,,,,
2025/4/19 13:00,0.655,9.039,,,,,,,,,,,
2025/4/19 14:00,0.698,9.404,,,,,,,,,,,
2025/4/19 15:00,0.7,9.426,,,,,,,,,,,
2025/4/19 16:00,0.705,9.478,,,,,,,,,,,
2025/4/19 17:00,0.727,9.669,,,,,,,,,,,
2025/4/19 18:00,0.762,10.025,,,,,,,,,,,
2025/4/19 19:00,0.769,10.097,,,,,,,,,,,
2025/4/19 20:00,0.723,9.641,,,,,,,,,,,
2025/4/19 21:00,0.657,9.048,,,,,,,,,,,
2025/4/19 22:00,0.5,7.85,,,,,,,,,,,
2025/4/19 23:00,0.289,6.289,,,,,,,,,,,
2025/4/20 0:00,0.198,5.502,,,,,,,,,,,
2025/4/20 1:00,0.145,4.95,,,,,,,,,,,
2025/4/20 2:00,0.107,4.465,,,,,,,,,,,
2025/4/20 3:00,0.139,4.865,,,,,,,,,,,
2025/4/20 4:00,0.181,5.33,,,,,,,,,,,
2025/4/20 5:00,0.347,6.737,,,,,,,,,,,
2025/4/20 6:00,0.563,8.318,,,,,,,,,,,
2025/4/20 7:00,0.553,8.245,,,,,,,,,,,
2025/4/20 8:00,0.578,8.433,,,,,,,,,,,
2025/4/20 9:00,0.65,8.992,,,,,,,,,,,
2025/4/20 10:00,0.621,8.765,,,,,,,,,,,
2025/4/20 11:00,0.689,9.33,,,,,,,,,,,
2025/4/20 12:00,0.795,10.391,,,,,,,,,,,
2025/4/20 13:00,0.797,10.402,,,,,,,,,,,
2025/4/20 14:00,0.781,10.233,,,,,,,,,,,
2025/4/20 15:00,0.76,10.006,,,,,,,,,,,
2025/4/20 16:00,0.731,9.719,,,,,,,,,,,
2025/4/20 17:00,0.725,9.655,,,,,,,,,,,
2025/4/20 18:00,0.721,9.626,,,,,,,,,,,
2025/4/20 19:00,0.728,9.682,,,,,,,,,,,
2025/4/20 20:00,0.734,9.736,,,,,,,,,,,
2025/4/20 21:00,0.703,9.453,,,,,,,,,,,
2025/4/20 22:00,0.608,8.663,,,,,,,,,,,
2025/4/20 23:00,0.6,8.606,,,,,,,,,,,
2025/4/21 0:00,0.726,9.666,,,,,,,,,,,
2025/4/21 1:00,0.753,9.927,,,,,,,,,,,
2025/4/21 2:00,0.763,10.037,,,,,,,,,,,
2025/4/21 3:00,0.639,8.911,,,,,,,,,,,
2025/4/21 4:00,0.499,7.845,,,,,,,,,,,
2025/4/21 5:00,0.445,7.465,,,,,,,,,,,
2025/4/21 6:00,0.448,7.482,,,,,,,,,,,
2025/4/21 7:00,0.474,7.665,,,,,,,,,,,
2025/4/21 8:00,0.45,7.498,,,,,,,,,,,
2025/4/21 9:00,0.546,8.198,,,,,,,,,,,
2025/4/21 10:00,0.682,9.259,,,,,,,,,,,
2025/4/21 11:00,0.8,10.44,,,,,,,,,,,
2025/4/21 12:00,0.881,11.623,,,,,,,,,,,
2025/4/21 13:00,0.826,10.767,,,,,,,,,,,
2025/4/21 14:00,0.731,9.714,,,,,,,,,,,
2025/4/21 15:00,0.708,9.494,,,,,,,,,,,
2025/4/21 16:00,0.682,9.259,,,,,,,,,,,
2025/4/21 17:00,0.612,8.69,,,,,,,,,,,
2025/4/21 18:00,0.559,8.283,,,,,,,,,,,
2025/4/21 19:00,0.522,8.012,,,,,,,,,,,
2025/4/21 20:00,0.468,7.622,,,,,,,,,,,
2025/4/21 21:00,0.35,6.764,,,,,,,,,,,
2025/4/21 22:00,0.141,4.903,,,,,,,,,,,
2025/4/21 23:00,0.044,3.387,,,,,,,,,,,
2025/4/22 0:00,0.035,3.177,,,,,,,,,,,
2025/4/22 1:00,0.019,2.665,,,,,,,,,,,
2025/4/22 2:00,0.001,1.263,,,,,,,,,,,
2025/4/22 3:00,0,1.122,,,,,,,,,,,
2025/4/22 4:00,0.022,2.767,,,,,,,,,,,
2025/4/22 5:00,0.083,4.114,,,,,,,,,,,
2025/4/22 6:00,0.168,5.193,,,,,,,,,,,
2025/4/22 7:00,0.267,6.112,,,,,,,,,,,
2025/4/22 8:00,0.368,6.898,,,,,,,,,,,
2025/4/22 9:00,0.485,7.739,,,,,,,,,,,
2025/4/22 10:00,0.744,9.83,,,,,,,,,,,
2025/4/22 11:00,0.869,11.418,,,,,,,,,,,
2025/4/22 12:00,0.91,12.211,,,,,,,,,,,
2025/4/22 13:00,0.925,12.576,,,,,,,,,,,
2025/4/22 14:00,0.93,12.718,,,,,,,,,,,
2025/4/22 15:00,0.936,12.886,,,,,,,,,,,
2025/4/22 16:00,0.926,12.615,,,,,,,,,,,
2025/4/22 17:00,0.915,12.336,,,,,,,,,,,
2025/4/22 18:00,0.918,12.399,,,,,,,,,,,
2025/4/22 19:00,0.911,12.231,,,,,,,,,,,
2025/4/22 20:00,0.874,11.496,,,,,,,,,,,
2025/4/22 21:00,0.824,10.751,,,,,,,,,,,
2025/4/22 22:00,0.682,9.264,,,,,,,,,,,
2025/4/22 23:00,0.608,8.664,,,,,,,,,,,
2025/4/23 0:00,0.683,9.283,,,,,,,,,,,
2025/4/23 1:00,0.658,9.07,,,,,,,,,,,
2025/4/23 2:00,0.656,9.047,,,,,,,,,,,
2025/4/23 3:00,0.688,9.321,,,,,,,,,,,
2025/4/23 4:00,0.783,10.257,,,,,,,,,,,
2025/4/23 5:00,0.902,12.044,,,,,,,,,,,
2025/4/23 6:00,0.962,13.86,,,,,,,,,,,
2025/4/23 7:00,0.985,15.507,,,,,,,,,,,
2025/4/23 8:00,0.987,16.766,,,,,,,,,,,
2025/4/23 9:00,0.987,16.847,,,,,,,,,,,
2025/4/23 10:00,0.985,15.616,,,,,,,,,,,
2025/4/23 11:00,0.976,14.663,,,,,,,,,,,
2025/4/23 12:00,0.968,14.165,,,,,,,,,,,
2025/4/23 13:00,0.956,13.607,,,,,,,,,,,
2025/4/23 14:00,0.946,13.212,,,,,,,,,,,
2025/4/23 15:00,0.907,12.146,,,,,,,,,,,
2025/4/23 16:00,0.852,11.141,,,,,,,,,,,
2025/4/23 17:00,0.851,11.127,,,,,,,,,,,
2025/4/23 18:00,0.849,11.097,,,,,,,,,,,
2025/4/23 19:00,0.842,10.994,,,,,,,,,,,
2025/4/23 20:00,0.838,10.935,,,,,,,,,,,
2025/4/23 21:00,0.794,10.373,,,,,,,,,,,
2025/4/23 22:00,0.665,9.127,,,,,,,,,,,
2025/4/23 23:00,0.928,12.653,,,,,,,,,,,
2025/4/24 0:00,0.979,14.895,,,,,,,,,,,
2025/4/24 1:00,0.988,16.192,,,,,,,,,,,
2025/4/24 2:00,0.987,16.988,,,,,,,,,,,
2025/4/24 3:00,0.984,17.437,,,,,,,,,,,
2025/4/24 4:00,0.984,17.405,,,,,,,,,,,
2025/4/24 5:00,0.986,17.098,,,,,,,,,,,
2025/4/24 6:00,0.988,16.618,,,,,,,,,,,
2025/4/24 7:00,0.986,15.824,,,,,,,,,,,
2025/4/24 8:00,0.979,14.924,,,,,,,,,,,
2025/4/24 9:00,0.957,13.623,,,,,,,,,,,
2025/4/24 10:00,0.887,11.733,,,,,,,,,,,
2025/4/24 11:00,0.844,11.022,,,,,,,,,,,
2025/4/24 12:00,0.801,10.457,,,,,,,,,,,
2025/4/24 13:00,0.75,9.899,,,,,,,,,,,
2025/4/24 14:00,0.71,9.511,,,,,,,,,,,
2025/4/24 15:00,0.69,9.345,,,,,,,,,,,
2025/4/24 16:00,0.664,9.118,,,,,,,,,,,
2025/4/24 17:00,0.645,8.958,,,,,,,,,,,
2025/4/24 18:00,0.642,8.939,,,,,,,,,,,
2025/4/24 19:00,0.647,8.98,,,,,,,,,,,
2025/4/24 20:00,0.657,9.055,,,,,,,,,,,
2025/4/24 21:00,0.666,9.136,,,,,,,,,,,
2025/4/24 22:00,0.492,7.8,,,,,,,,,,,
2025/4/24 23:00,0.275,6.177,,,,,,,,,,,
2025/4/25 0:00,0.386,7.031,,,,,,,,,,,
2025/4/25 1:00,0.394,7.09,,,,,,,,,,,
2025/4/25 2:00,0.398,7.116,,,,,,,,,,,
2025/4/25 3:00,0.403,7.146,,,,,,,,,,,
2025/4/25 4:00,0.409,7.202,,,,,,,,,,,
2025/4/25 5:00,0.421,7.292,,,,,,,,,,,
2025/4/25 6:00,0.428,7.341,,,,,,,,,,,
2025/4/25 7:00,0.418,7.258,,,,,,,,,,,
2025/4/25 8:00,0.376,6.954,,,,,,,,,,,
2025/4/25 9:00,0.297,6.353,,,,,,,,,,,
2025/4/25 10:00,0.371,6.918,,,,,,,,,,,
2025/4/25 11:00,0.428,7.334,,,,,,,,,,,
2025/4/25 12:00,0.335,6.653,,,,,,,,,,,
2025/4/25 13:00,0.167,5.186,,,,,,,,,,,
2025/4/25 14:00,0.05,3.506,,,,,,,,,,,
2025/4/25 15:00,0.009,2.243,,,,,,,,,,,
2025/4/25 16:00,0.005,1.899,,,,,,,,,,,
2025/4/25 17:00,0.007,2.095,,,,,,,,,,,
2025/4/25 18:00,0.013,2.401,,,,,,,,,,,
2025/4/25 19:00,0.02,2.692,,,,,,,,,,,
2025/4/25 20:00,0.009,2.215,,,,,,,,,,,
2025/4/25 21:00,0.001,1.23,,,,,,,,,,,
2025/4/25 22:00,0.012,2.391,,,,,,,,,,,
2025/4/25 23:00,0.058,3.68,,,,,,,,,,,
2025/4/26 0:00,0.308,6.436,,,,,,,,,,,
2025/4/26 1:00,0.587,8.503,,,,,,,,,,,
2025/4/26 2:00,0.754,9.938,,,,,,,,,,,
2025/4/26 3:00,0.866,11.349,,,,,,,,,,,
2025/4/26 4:00,0.916,12.351,,,,,,,,,,,
2025/4/26 5:00,0.935,12.867,,,,,,,,,,,
2025/4/26 6:00,0.932,12.778,,,,,,,,,,,
2025/4/26 7:00,0.924,12.555,,,,,,,,,,,
2025/4/26 8:00,0.841,10.976,,,,,,,,,,,
2025/4/26 9:00,0.625,8.793,,,,,,,,,,,
2025/4/26 10:00,0.632,8.855,,,,,,,,,,,
2025/4/26 11:00,0.867,11.388,,,,,,,,,,,
2025/4/26 12:00,0.972,14.402,,,,,,,,,,,
2025/4/26 13:00,0.982,15.161,,,,,,,,,,,
2025/4/26 14:00,0.97,14.252,,,,,,,,,,,
2025/4/26 15:00,0.956,13.589,,,,,,,,,,,
2025/4/26 16:00,0.94,13.002,,,,,,,,,,,
2025/4/26 17:00,0.926,12.603,,,,,,,,,,,
2025/4/26 18:00,0.917,12.372,,,,,,,,,,,
2025/4/26 19:00,0.889,11.775,,,,,,,,,,,
2025/4/26 20:00,0.831,10.834,,,,,,,,,,,
2025/4/26 21:00,0.683,9.28,,,,,,,,,,,
2025/4/26 22:00,0.422,7.294,,,,,,,,,,,
2025/4/26 23:00,0.643,8.941,,,,,,,,,,,
2025/4/27 0:00,0.734,9.744,,,,,,,,,,,
2025/4/27 1:00,0.663,9.107,,,,,,,,,,,
2025/4/27 2:00,0.608,8.664,,,,,,,,,,,
2025/4/27 3:00,0.63,8.837,,,,,,,,,,,
2025/4/27 4:00,0.709,9.505,,,,,,,,,,,
2025/4/27 5:00,0.807,10.541,,,,,,,,,,,
2025/4/27 6:00,0.884,11.669,,,,,,,,,,,
2025/4/27 7:00,0.928,12.657,,,,,,,,,,,
2025/4/27 8:00,0.951,13.395,,,,,,,,,,,
2025/4/27 9:00,0.952,13.425,,,,,,,,,,,
2025/4/27 10:00,0.92,12.446,,,,,,,,,,,
2025/4/27 11:00,0.896,11.899,,,,,,,,,,,
2025/4/27 12:00,0.795,10.39,,,,,,,,,,,
2025/4/27 13:00,0.731,9.711,,,,,,,,,,,
2025/4/27 14:00,0.714,9.561,,,,,,,,,,,
2025/4/27 15:00,0.691,9.353,,,,,,,,,,,
2025/4/27 16:00,0.711,9.534,,,,,,,,,,,
2025/4/27 17:00,0.699,9.417,,,,,,,,,,,
2025/4/27 18:00,0.63,8.835,,,,,,,,,,,
2025/4/27 19:00,0.602,8.616,,,,,,,,,,,
2025/4/27 20:00,0.592,8.541,,,,,,,,,,,
2025/4/27 21:00,0.556,8.269,,,,,,,,,,,
2025/4/27 22:00,0.312,6.472,,,,,,,,,,,
2025/4/27 23:00,0.174,5.256,,,,,,,,,,,
2025/4/28 0:00,0.17,5.218,,,,,,,,,,,
2025/4/28 1:00,0.128,4.748,,,,,,,,,,,
2025/4/28 2:00,0.1,4.371,,,,,,,,,,,
2025/4/28 3:00,0.099,4.363,,,,,,,,,,,
2025/4/28 4:00,0.121,4.644,,,,,,,,,,,
2025/4/28 5:00,0.14,4.881,,,,,,,,,,,
2025/4/28 6:00,0.155,5.043,,,,,,,,,,,
2025/4/28 7:00,0.156,5.061,,,,,,,,,,,
2025/4/28 8:00,0.128,4.743,,,,,,,,,,,
2025/4/28 9:00,0.037,3.217,,,,,,,,,,,
2025/4/28 10:00,0.007,2.067,,,,,,,,,,,
2025/4/28 11:00,0.095,4.301,,,,,,,,,,,
2025/4/28 12:00,0.338,6.669,,,,,,,,,,,
2025/4/28 13:00,0.619,8.747,,,,,,,,,,,
2025/4/28 14:00,0.78,10.212,,,,,,,,,,,
2025/4/28 15:00,0.864,11.328,,,,,,,,,,,
2025/4/28 16:00,0.884,11.679,,,,,,,,,,,
2025/4/28 17:00,0.9,11.989,,,,,,,,,,,
2025/4/28 18:00,0.909,12.169,,,,,,,,,,,
2025/4/28 19:00,0.923,12.524,,,,,,,,,,,
2025/4/28 20:00,0.935,12.848,,,,,,,,,,,
2025/4/28 21:00,0.934,12.829,,,,,,,,,,,
2025/4/28 22:00,0.885,11.69,,,,,,,,,,,
2025/4/28 23:00,0.778,10.19,,,,,,,,,,,
2025/4/29 0:00,0.877,11.553,,,,,,,,,,,
2025/4/29 1:00,0.982,15.216,,,,,,,,,,,
2025/4/29 2:00,0.987,15.897,,,,,,,,,,,
2025/4/29 3:00,0.986,15.815,,,,,,,,,,,
2025/4/29 4:00,0.984,15.39,,,,,,,,,,,
2025/4/29 5:00,0.97,14.276,,,,,,,,,,,
2025/4/29 6:00,0.941,13.032,,,,,,,,,,,
2025/4/29 7:00,0.919,12.435,,,,,,,,,,,
2025/4/29 8:00,0.91,12.211,,,,,,,,,,,
2025/4/29 9:00,0.895,11.893,,,,,,,,,,,
2025/4/29 10:00,0.888,11.756,,,,,,,,,,,
2025/4/29 11:00,0.884,11.685,,,,,,,,,,,
2025/4/29 12:00,0.834,10.87,,,,,,,,,,,
2025/4/29 13:00,0.729,9.688,,,,,,,,,,,
2025/4/29 14:00,0.607,8.653,,,,,,,,,,,
2025/4/29 15:00,0.485,7.75,,,,,,,,,,,
2025/4/29 16:00,0.417,7.256,,,,,,,,,,,
2025/4/29 17:00,0.378,6.973,,,,,,,,,,,
2025/4/29 18:00,0.346,6.727,,,,,,,,,,,
2025/4/29 19:00,0.287,6.276,,,,,,,,,,,
2025/4/29 20:00,0.208,5.582,,,,,,,,,,,
2025/4/29 21:00,0.13,4.769,,,,,,,,,,,
2025/4/29 22:00,0.058,3.675,,,,,,,,,,,
2025/4/29 23:00,0.042,3.338,,,,,,,,,,,
2025/4/30 0:00,0.041,3.32,,,,,,,,,,,
2025/4/30 1:00,0.054,3.602,,,,,,,,,,,
2025/4/30 2:00,0.039,3.277,,,,,,,,,,,
2025/4/30 3:00,0.029,2.984,,,,,,,,,,,
2025/4/30 4:00,0.05,3.501,,,,,,,,,,,
2025/4/30 5:00,0.091,4.242,,,,,,,,,,,
2025/4/30 6:00,0.153,5.031,,,,,,,,,,,
2025/4/30 7:00,0.231,5.794,,,,,,,,,,,
2025/4/30 8:00,0.301,6.39,,,,,,,,,,,
2025/4/30 9:00,0.3,6.378,,,,,,,,,,,
2025/4/30 10:00,0.377,6.969,,,,,,,,,,,
2025/4/30 11:00,0.528,8.064,,,,,,,,,,,
2025/4/30 12:00,0.616,8.726,,,,,,,,,,,
2025/4/30 13:00,0.6,8.604,,,,,,,,,,,
2025/4/30 14:00,0.546,8.195,,,,,,,,,,,
2025/4/30 15:00,0.578,8.434,,,,,,,,,,,
2025/4/30 16:00,0.661,9.093,,,,,,,,,,,
2025/4/30 17:00,0.752,9.917,,,,,,,,,,,
2025/4/30 18:00,0.791,10.34,,,,,,,,,,,
2025/4/30 19:00,0.759,9.992,,,,,,,,,,,
2025/4/30 20:00,0.84,10.962,,,,,,,,,,,
2025/4/30 21:00,0.894,11.877,,,,,,,,,,,
2025/4/30 22:00,0.946,13.203,,,,,,,,,,,
2025/4/30 23:00,0.985,15.531,,,,,,,,,,,
2025/5/1 0:00,0.985,15.558,,,,,,,,,,,
2025/5/1 1:00,0.98,14.955,,,,,,,,,,,
2025/5/1 2:00,0.972,14.376,,,,,,,,,,,
2025/5/1 3:00,0.962,13.858,,,,,,,,,,,
2025/5/1 4:00,0.946,13.214,,,,,,,,,,,
2025/5/1 5:00,0.925,12.586,,,,,,,,,,,
2025/5/1 6:00,0.9,11.989,,,,,,,,,,,
2025/5/1 7:00,0.849,11.093,,,,,,,,,,,
2025/5/1 8:00,0.768,10.078,,,,,,,,,,,
2025/5/1 9:00,0.621,8.767,,,,,,,,,,,
2025/5/1 10:00,0.384,7.013,,,,,,,,,,,
2025/5/1 11:00,0.205,5.553,,,,,,,,,,,
2025/5/1 12:00,0.07,3.907,,,,,,,,,,,
2025/5/1 13:00,0.029,3.015,,,,,,,,,,,
2025/5/1 14:00,0.052,3.56,,,,,,,,,,,
2025/5/1 15:00,0.109,4.497,,,,,,,,,,,
2025/5/1 16:00,0.144,4.937,,,,,,,,,,,
2025/5/1 17:00,0.166,5.173,,,,,,,,,,,
2025/5/1 18:00,0.173,5.25,,,,,,,,,,,
2025/5/1 19:00,0.181,5.323,,,,,,,,,,,
2025/5/1 20:00,0.237,5.859,,,,,,,,,,,
2025/5/1 21:00,0.273,6.161,,,,,,,,,,,
2025/5/1 22:00,0.239,5.878,,,,,,,,,,,
2025/5/1 23:00,0.146,4.962,,,,,,,,,,,
2025/5/2 0:00,0.202,5.527,,,,,,,,,,,
2025/5/2 1:00,0.21,5.616,,,,,,,,,,,
2025/5/2 2:00,0.184,5.358,,,,,,,,,,,
2025/5/2 3:00,0.211,5.622,,,,,,,,,,,
2025/5/2 4:00,0.26,6.048,,,,,,,,,,,
2025/5/2 5:00,0.312,6.471,,,,,,,,,,,
2025/5/2 6:00,0.368,6.895,,,,,,,,,,,
2025/5/2 7:00,0.42,7.276,,,,,,,,,,,
2025/5/2 8:00,0.443,7.448,,,,,,,,,,,
2025/5/2 9:00,0.37,6.913,,,,,,,,,,,
2025/5/2 10:00,0.329,6.608,,,,,,,,,,,
2025/5/2 11:00,0.422,7.298,,,,,,,,,,,
2025/5/2 12:00,0.577,8.43,,,,,,,,,,,
2025/5/2 13:00,0.681,9.255,,,,,,,,,,,
2025/5/2 14:00,0.681,9.256,,,,,,,,,,,
2025/5/2 15:00,0.706,9.481,,,,,,,,,,,
2025/5/2 16:00,0.769,10.098,,,,,,,,,,,
2025/5/2 17:00,0.804,10.502,,,,,,,,,,,
2025/5/2 18:00,0.832,10.845,,,,,,,,,,,
2025/5/2 19:00,0.852,11.138,,,,,,,,,,,
2025/5/2 20:00,0.878,11.571,,,,,,,,,,,
2025/5/2 21:00,0.885,11.705,,,,,,,,,,,
2025/5/2 22:00,0.856,11.201,,,,,,,,,,,
2025/5/2 23:00,0.944,13.132,,,,,,,,,,,
2025/5/3 0:00,0.986,15.679,,,,,,,,,,,
2025/5/3 1:00,0.984,15.423,,,,,,,,,,,
2025/5/3 2:00,0.978,14.844,,,,,,,,,,,
2025/5/3 3:00,0.973,14.473,,,,,,,,,,,
2025/5/3 4:00,0.967,14.095,,,,,,,,,,,
2025/5/3 5:00,0.955,13.547,,,,,,,,,,,
2025/5/3 6:00,0.93,12.726,,,,,,,,,,,
2025/5/3 7:00,0.893,11.854,,,,,,,,,,,
2025/5/3 8:00,0.856,11.204,,,,,,,,,,,
2025/5/3 9:00,0.808,10.551,,,,,,,,,,,
2025/5/3 10:00,0.687,9.314,,,,,,,,,,,
2025/5/3 11:00,0.588,8.504,,,,,,,,,,,
2025/5/3 12:00,0.485,7.741,,,,,,,,,,,
2025/5/3 13:00,0.445,7.463,,,,,,,,,,,
2025/5/3 14:00,0.535,8.113,,,,,,,,,,,
2025/5/3 15:00,0.698,9.405,,,,,,,,,,,
2025/5/3 16:00,0.76,10.01,,,,,,,,,,,
2025/5/3 17:00,0.746,9.865,,,,,,,,,,,
2025/5/3 18:00,0.685,9.294,,,,,,,,,,,
2025/5/3 19:00,0.633,8.867,,,,,,,,,,,
2025/5/3 20:00,0.565,8.336,,,,,,,,,,,
2025/5/3 21:00,0.486,7.753,,,,,,,,,,,
2025/5/3 22:00,0.379,6.982,,,,,,,,,,,
2025/5/3 23:00,0.721,9.624,,,,,,,,,,,
2025/5/4 0:00,0.68,9.24,,,,,,,,,,,
2025/5/4 1:00,0.541,8.148,,,,,,,,,,,
2025/5/4 2:00,0.384,7.018,,,,,,,,,,,
2025/5/4 3:00,0.289,6.294,,,,,,,,,,,
2025/5/4 4:00,0.222,5.725,,,,,,,,,,,
2025/5/4 5:00,0.151,5.01,,,,,,,,,,,
2025/5/4 6:00,0.09,4.23,,,,,,,,,,,
2025/5/4 7:00,0.04,3.3,,,,,,,,,,,
2025/5/4 8:00,0.019,2.67,,,,,,,,,,,
2025/5/4 9:00,0.03,3.033,,,,,,,,,,,
2025/5/4 10:00,0.089,4.205,,,,,,,,,,,
2025/5/4 11:00,0.186,5.384,,,,,,,,,,,
2025/5/4 12:00,0.271,6.15,,,,,,,,,,,
2025/5/4 13:00,0.375,6.944,,,,,,,,,,,
2025/5/4 14:00,0.507,7.899,,,,,,,,,,,
2025/5/4 15:00,0.556,8.271,,,,,,,,,,,
2025/5/4 16:00,0.542,8.165,,,,,,,,,,,
2025/5/4 17:00,0.499,7.845,,,,,,,,,,,
2025/5/4 18:00,0.437,7.391,,,,,,,,,,,
2025/5/4 19:00,0.414,7.233,,,,,,,,,,,
2025/5/4 20:00,0.375,6.95,,,,,,,,,,,
2025/5/4 21:00,0.341,6.699,,,,,,,,,,,
2025/5/4 22:00,0.335,6.654,,,,,,,,,,,
2025/5/4 23:00,0.315,6.495,,,,,,,,,,,
2025/5/5 0:00,0.334,6.649,,,,,,,,,,,
2025/5/5 1:00,0.391,7.07,,,,,,,,,,,
2025/5/5 2:00,0.375,6.951,,,,,,,,,,,
2025/5/5 3:00,0.319,6.527,,,,,,,,,,,
2025/5/5 4:00,0.189,5.411,,,,,,,,,,,
2025/5/5 5:00,0.064,3.79,,,,,,,,,,,
2025/5/5 6:00,0.006,2.028,,,,,,,,,,,
2025/5/5 7:00,0.009,2.218,,,,,,,,,,,
2025/5/5 8:00,0.086,4.171,,,,,,,,,,,
2025/5/5 9:00,0.234,5.83,,,,,,,,,,,
2025/5/5 10:00,0.416,7.249,,,,,,,,,,,
2025/5/5 11:00,0.428,7.33,,,,,,,,,,,
2025/5/5 12:00,0.329,6.599,,,,,,,,,,,
2025/5/5 13:00,0.268,6.122,,,,,,,,,,,
2025/5/5 14:00,0.278,6.194,,,,,,,,,,,
2025/5/5 15:00,0.302,6.396,,,,,,,,,,,
2025/5/5 16:00,0.333,6.637,,,,,,,,,,,
2025/5/5 17:00,0.346,6.729,,,,,,,,,,,
2025/5/5 18:00,0.364,6.866,,,,,,,,,,,
2025/5/5 19:00,0.399,7.13,,,,,,,,,,,
2025/5/5 20:00,0.421,7.287,,,,,,,,,,,
2025/5/5 21:00,0.42,7.277,,,,,,,,,,,
2025/5/5 22:00,0.244,5.915,,,,,,,,,,,
2025/5/5 23:00,0.089,4.215,,,,,,,,,,,
2025/5/6 0:00,0.062,3.749,,,,,,,,,,,
2025/5/6 1:00,0.081,4.093,,,,,,,,,,,
2025/5/6 2:00,0.085,4.148,,,,,,,,,,,
2025/5/6 3:00,0.07,3.901,,,,,,,,,,,
2025/5/6 4:00,0.049,3.492,,,,,,,,,,,
2025/5/6 5:00,0.028,2.973,,,,,,,,,,,
2025/5/6 6:00,0.013,2.4,,,,,,,,,,,
2025/5/6 7:00,0.007,2.049,,,,,,,,,,,
2025/5/6 8:00,0.005,1.931,,,,,,,,,,,
2025/5/6 9:00,0.008,2.171,,,,,,,,,,,
2025/5/6 10:00,0.078,4.037,,,,,,,,,,,
2025/5/6 11:00,0.28,6.217,,,,,,,,,,,
2025/5/6 12:00,0.51,7.92,,,,,,,,,,,
2025/5/6 13:00,0.65,8.994,,,,,,,,,,,
2025/5/6 14:00,0.734,9.743,,,,,,,,,,,
2025/5/6 15:00,0.765,10.064,,,,,,,,,,,
2025/5/6 16:00,0.802,10.472,,,,,,,,,,,
2025/5/6 17:00,0.835,10.889,,,,,,,,,,,
2025/5/6 18:00,0.849,11.097,,,,,,,,,,,
2025/5/6 19:00,0.857,11.218,,,,,,,,,,,
2025/5/6 20:00,0.862,11.306,,,,,,,,,,,
2025/5/6 21:00,0.829,10.821,,,,,,,,,,,
2025/5/6 22:00,0.673,9.188,,,,,,,,,,,
2025/5/6 23:00,0.721,9.625,,,,,,,,,,,
2025/5/7 0:00,0.723,9.637,,,,,,,,,,,
2025/5/7 1:00,0.619,8.747,,,,,,,,,,,
2025/5/7 2:00,0.552,8.236,,,,,,,,,,,
2025/5/7 3:00,0.525,8.032,,,,,,,,,,,
2025/5/7 4:00,0.514,7.957,,,,,,,,,,,
2025/5/7 5:00,0.51,7.925,,,,,,,,,,,
2025/5/7 6:00,0.49,7.782,,,,,,,,,,,
2025/5/7 7:00,0.505,7.891,,,,,,,,,,,
2025/5/7 8:00,0.503,7.882,,,,,,,,,,,
2025/5/7 9:00,0.525,8.034,,,,,,,,,,,
2025/5/7 10:00,0.532,8.093,,,,,,,,,,,
2025/5/7 11:00,0.414,7.234,,,,,,,,,,,
2025/5/7 12:00,0.534,8.106,,,,,,,,,,,
2025/5/7 13:00,0.82,10.703,,,,,,,,,,,
2025/5/7 14:00,0.884,11.672,,,,,,,,,,,
2025/5/7 15:00,0.878,11.562,,,,,,,,,,,
2025/5/7 16:00,0.854,11.181,,,,,,,,,,,
2025/5/7 17:00,0.852,11.14,,,,,,,,,,,
2025/5/7 18:00,0.844,11.022,,,,,,,,,,,
2025/5/7 19:00,0.851,11.126,,,,,,,,,,,
2025/5/7 20:00,0.863,11.314,,,,,,,,,,,
2025/5/7 21:00,0.849,11.092,,,,,,,,,,,
2025/5/7 22:00,0.826,10.781,,,,,,,,,,,
2025/5/7 23:00,0.929,12.68,,,,,,,,,,,
2025/5/8 0:00,0.933,12.812,,,,,,,,,,,
2025/5/8 1:00,0.92,12.446,,,,,,,,,,,
2025/5/8 2:00,0.91,12.203,,,,,,,,,,,
2025/5/8 3:00,0.888,11.743,,,,,,,,,,,
2025/5/8 4:00,0.867,11.372,,,,,,,,,,,
2025/5/8 5:00,0.852,11.14,,,,,,,,,,,
2025/5/8 6:00,0.818,10.667,,,,,,,,,,,
2025/5/8 7:00,0.728,9.684,,,,,,,,,,,
2025/5/8 8:00,0.472,7.65,,,,,,,,,,,
2025/5/8 9:00,0.135,4.826,,,,,,,,,,,
2025/5/8 10:00,0.078,4.041,,,,,,,,,,,
2025/5/8 11:00,0.146,4.953,,,,,,,,,,,
2025/5/8 12:00,0.134,4.804,,,,,,,,,,,
2025/5/8 13:00,0.329,6.602,,,,,,,,,,,
2025/5/8 14:00,0.614,8.704,,,,,,,,,,,
2025/5/8 15:00,0.588,8.507,,,,,,,,,,,
2025/5/8 16:00,0.561,8.303,,,,,,,,,,,
2025/5/8 17:00,0.561,8.308,,,,,,,,,,,
2025/5/8 18:00,0.611,8.686,,,,,,,,,,,
2025/5/8 19:00,0.636,8.884,,,,,,,,,,,
2025/5/8 20:00,0.626,8.81,,,,,,,,,,,
2025/5/8 21:00,0.519,7.991,,,,,,,,,,,
2025/5/8 22:00,0.531,8.077,,,,,,,,,,,
2025/5/8 23:00,0.677,9.227,,,,,,,,,,,
2025/5/9 0:00,0.705,9.472,,,,,,,,,,,
2025/5/9 1:00,0.716,9.572,,,,,,,,,,,
2025/5/9 2:00,0.748,9.888,,,,,,,,,,,
2025/5/9 3:00,0.791,10.336,,,,,,,,,,,
2025/5/9 4:00,0.804,10.495,,,,,,,,,,,
2025/5/9 5:00,0.804,10.486,,,,,,,,,,,
2025/5/9 6:00,0.791,10.336,,,,,,,,,,,
2025/5/9 7:00,0.751,9.902,,,,,,,,,,,
2025/5/9 8:00,0.684,9.285,,,,,,,,,,,
2025/5/9 9:00,0.516,7.978,,,,,,,,,,,
2025/5/9 10:00,0.39,7.06,,,,,,,,,,,
2025/5/9 11:00,0.409,7.197,,,,,,,,,,,
2025/5/9 12:00,0.477,7.694,,,,,,,,,,,
2025/5/9 13:00,0.585,8.483,,,,,,,,,,,
2025/5/9 14:00,0.682,9.261,,,,,,,,,,,
2025/5/9 15:00,0.734,9.745,,,,,,,,,,,
2025/5/9 16:00,0.722,9.631,,,,,,,,,,,
2025/5/9 17:00,0.676,9.216,,,,,,,,,,,
2025/5/9 18:00,0.71,9.515,,,,,,,,,,,
2025/5/9 19:00,0.745,9.85,,,,,,,,,,,
2025/5/9 20:00,0.785,10.275,,,,,,,,,,,
2025/5/9 21:00,0.784,10.266,,,,,,,,,,,
2025/5/9 22:00,0.701,9.433,,,,,,,,,,,
2025/5/9 23:00,0.68,9.241,,,,,,,,,,,
2025/5/10 0:00,0.82,10.696,,,,,,,,,,,
2025/5/10 1:00,0.813,10.604,,,,,,,,,,,
2025/5/10 2:00,0.758,9.982,,,,,,,,,,,
2025/5/10 3:00,0.706,9.481,,,,,,,,,,,
2025/5/10 4:00,0.659,9.073,,,,,,,,,,,
2025/5/10 5:00,0.593,8.543,,,,,,,,,,,
2025/5/10 6:00,0.515,7.97,,,,,,,,,,,
2025/5/10 7:00,0.459,7.561,,,,,,,,,,,
2025/5/10 8:00,0.416,7.248,,,,,,,,,,,
2025/5/10 9:00,0.261,6.057,,,,,,,,,,,
2025/5/10 10:00,0.058,3.672,,,,,,,,,,,
2025/5/10 11:00,0.001,1.371,,,,,,,,,,,
2025/5/10 12:00,0.007,2.044,,,,,,,,,,,
2025/5/10 13:00,0.112,4.535,,,,,,,,,,,
2025/5/10 14:00,0.335,6.655,,,,,,,,,,,
2025/5/10 15:00,0.475,7.673,,,,,,,,,,,
2025/5/10 16:00,0.504,7.886,,,,,,,,,,,
2025/5/10 17:00,0.497,7.835,,,,,,,,,,,
2025/5/10 18:00,0.477,7.695,,,,,,,,,,,
2025/5/10 19:00,0.476,7.684,,,,,,,,,,,
2025/5/10 20:00,0.503,7.88,,,,,,,,,,,
2025/5/10 21:00,0.524,8.027,,,,,,,,,,,
2025/5/10 22:00,0.36,6.841,,,,,,,,,,,
2025/5/10 23:00,0.125,4.71,,,,,,,,,,,
2025/5/11 0:00,0.082,4.105,,,,,,,,,,,
2025/5/11 1:00,0.095,4.288,,,,,,,,,,,
2025/5/11 2:00,0.071,3.923,,,,,,,,,,,
2025/5/11 3:00,0.059,3.7,,,,,,,,,,,
2025/5/11 4:00,0.055,3.611,,,,,,,,,,,
2025/5/11 5:00,0.05,3.524,,,,,,,,,,,
2025/5/11 6:00,0.045,3.411,,,,,,,,,,,
2025/5/11 7:00,0.039,3.273,,,,,,,,,,,
2025/5/11 8:00,0.038,3.252,,,,,,,,,,,
2025/5/11 9:00,0.043,3.358,,,,,,,,,,,
2025/5/11 10:00,0.089,4.216,,,,,,,,,,,
2025/5/11 11:00,0.187,5.392,,,,,,,,,,,
2025/5/11 12:00,0.27,6.141,,,,,,,,,,,
2025/5/11 13:00,0.35,6.759,,,,,,,,,,,
2025/5/11 14:00,0.44,7.42,,,,,,,,,,,
2025/5/11 15:00,0.57,8.373,,,,,,,,,,,
2025/5/11 16:00,0.675,9.209,,,,,,,,,,,
2025/5/11 17:00,0.719,9.607,,,,,,,,,,,
2025/5/11 18:00,0.737,9.774,,,,,,,,,,,
2025/5/11 19:00,0.745,9.856,,,,,,,,,,,
2025/5/11 20:00,0.76,10.011,,,,,,,,,,,
2025/5/11 21:00,0.745,9.858,,,,,,,,,,,
2025/5/11 22:00,0.609,8.665,,,,,,,,,,,
2025/5/11 23:00,0.431,7.359,,,,,,,,,,,
2025/5/12 0:00,0.457,7.546,,,,,,,,,,,
2025/5/12 1:00,0.651,9.006,,,,,,,,,,,
2025/5/12 2:00,0.725,9.659,,,,,,,,,,,
2025/5/12 3:00,0.772,10.136,,,,,,,,,,,
2025/5/12 4:00,0.851,11.121,,,,,,,,,,,
2025/5/12 5:00,0.918,12.398,,,,,,,,,,,
2025/5/12 6:00,0.951,13.388,,,,,,,,,,,
2025/5/12 7:00,0.964,13.923,,,,,,,,,,,
2025/5/12 8:00,0.969,14.216,,,,,,,,,,,
2025/5/12 9:00,0.961,13.789,,,,,,,,,,,
2025/5/12 10:00,0.935,12.852,,,,,,,,,,,
2025/5/12 11:00,0.896,11.896,,,,,,,,,,,
2025/5/12 12:00,0.849,11.097,,,,,,,,,,,
2025/5/12 13:00,0.78,10.218,,,,,,,,,,,
2025/5/12 14:00,0.68,9.244,,,,,,,,,,,
2025/5/12 15:00,0.641,8.927,,,,,,,,,,,
2025/5/12 16:00,0.811,10.588,,,,,,,,,,,
2025/5/12 17:00,0.814,10.614,,,,,,,,,,,
2025/5/12 18:00,0.661,9.096,,,,,,,,,,,
2025/5/12 19:00,0.677,9.229,,,,,,,,,,,
2025/5/12 20:00,0.699,9.416,,,,,,,,,,,
2025/5/12 21:00,0.664,9.121,,,,,,,,,,,
2025/5/12 22:00,0.456,7.534,,,,,,,,,,,
2025/5/12 23:00,0.33,6.61,,,,,,,,,,,
2025/5/13 0:00,0.381,6.995,,,,,,,,,,,
2025/5/13 1:00,0.359,6.825,,,,,,,,,,,
2025/5/13 2:00,0.297,6.354,,,,,,,,,,,
2025/5/13 3:00,0.233,5.818,,,,,,,,,,,
2025/5/13 4:00,0.22,5.696,,,,,,,,,,,
2025/5/13 5:00,0.262,6.071,,,,,,,,,,,
2025/5/13 6:00,0.282,6.23,,,,,,,,,,,
2025/5/13 7:00,0.248,5.945,,,,,,,,,,,
2025/5/13 8:00,0.215,5.656,,,,,,,,,,,
2025/5/13 9:00,0.133,4.796,,,,,,,,,,,
2025/5/13 10:00,0.25,5.964,,,,,,,,,,,
2025/5/13 11:00,0.641,8.92,,,,,,,,,,,
2025/5/13 12:00,0.677,9.229,,,,,,,,,,,
2025/5/13 13:00,0.84,10.975,,,,,,,,,,,
2025/5/13 14:00,0.882,11.642,,,,,,,,,,,
2025/5/13 15:00,0.831,10.839,,,,,,,,,,,
2025/5/13 16:00,0.76,10.01,,,,,,,,,,,
2025/5/13 17:00,0.655,9.037,,,,,,,,,,,
2025/5/13 18:00,0.594,8.552,,,,,,,,,,,
2025/5/13 19:00,0.737,9.776,,,,,,,,,,,
2025/5/13 20:00,0.892,11.833,,,,,,,,,,,
2025/5/13 21:00,0.676,9.222,,,,,,,,,,,
2025/5/13 22:00,0.155,5.042,,,,,,,,,,,
2025/5/13 23:00,0.089,4.214,,,,,,,,,,,
2025/5/14 0:00,0.046,3.427,,,,,,,,,,,
2025/5/14 1:00,0.044,3.394,,,,,,,,,,,
2025/5/14 2:00,0.111,4.525,,,,,,,,,,,
2025/5/14 3:00,0.222,5.716,,,,,,,,,,,
2025/5/14 4:00,0.202,5.528,,,,,,,,,,,
2025/5/14 5:00,0.129,4.752,,,,,,,,,,,
2025/5/14 6:00,0.092,4.263,,,,,,,,,,,
2025/5/14 7:00,0.052,3.55,,,,,,,,,,,
2025/5/14 8:00,0.018,2.64,,,,,,,,,,,
2025/5/14 9:00,0.006,2.012,,,,,,,,,,,
2025/5/14 10:00,0.065,3.815,,,,,,,,,,,
2025/5/14 11:00,0.271,6.15,,,,,,,,,,,
2025/5/14 12:00,0.464,7.594,,,,,,,,,,,
2025/5/14 13:00,0.619,8.752,,,,,,,,,,,
2025/5/14 14:00,0.709,9.505,,,,,,,,,,,
2025/5/14 15:00,0.737,9.78,,,,,,,,,,,
2025/5/14 16:00,0.769,10.094,,,,,,,,,,,
2025/5/14 17:00,0.796,10.398,,,,,,,,,,,
2025/5/14 18:00,0.826,10.781,,,,,,,,,,,
2025/5/14 19:00,0.865,11.338,,,,,,,,,,,
2025/5/14 20:00,0.884,11.666,,,,,,,,,,,
2025/5/14 21:00,0.876,11.532,,,,,,,,,,,
2025/5/14 22:00,0.85,11.1,,,,,,,,,,,
2025/5/14 23:00,0.853,11.146,,,,,,,,,,,
2025/5/15 0:00,0.901,12.019,,,,,,,,,,,
2025/5/15 1:00,0.867,11.375,,,,,,,,,,,
2025/5/15 2:00,0.8,10.452,,,,,,,,,,,
2025/5/15 3:00,0.685,9.3,,,,,,,,,,,
2025/5/15 4:00,0.525,8.033,,,,,,,,,,,
2025/5/15 5:00,0.392,7.073,,,,,,,,,,,
2025/5/15 6:00,0.329,6.6,,,,,,,,,,,
2025/5/15 7:00,0.31,6.454,,,,,,,,,,,
2025/5/15 8:00,0.284,6.253,,,,,,,,,,,
2025/5/15 9:00,0.193,5.444,,,,,,,,,,,
2025/5/15 10:00,0.138,4.863,,,,,,,,,,,
2025/5/15 11:00,0.123,4.682,,,,,,,,,,,
2025/5/15 12:00,0.183,5.353,,,,,,,,,,,
2025/5/15 13:00,0.321,6.541,,,,,,,,,,,
2025/5/15 14:00,0.323,6.559,,,,,,,,,,,
2025/5/15 15:00,0.232,5.799,,,,,,,,,,,
2025/5/15 16:00,0.087,4.18,,,,,,,,,,,
2025/5/15 17:00,0.062,3.757,,,,,,,,,,,
2025/5/15 18:00,0.161,5.119,,,,,,,,,,,
2025/5/15 19:00,0.267,6.108,,,,,,,,,,,
2025/5/15 20:00,0.434,7.377,,,,,,,,,,,
2025/5/15 21:00,0.537,8.118,,,,,,,,,,,
2025/5/15 22:00,0.479,7.706,,,,,,,,,,,
2025/5/15 23:00,0.68,9.246,,,,,,,,,,,
2025/5/16 0:00,0.848,11.084,,,,,,,,,,,
2025/5/16 1:00,0.924,12.566,,,,,,,,,,,
2025/5/16 2:00,0.949,13.321,,,,,,,,,,,
2025/5/16 3:00,0.968,14.135,,,,,,,,,,,
2025/5/16 4:00,0.979,14.917,,,,,,,,,,,
2025/5/16 5:00,0.986,15.749,,,,,,,,,,,
2025/5/16 6:00,0.988,16.284,,,,,,,,,,,
2025/5/16 7:00,0.988,16.163,,,,,,,,,,,
2025/5/16 8:00,0.986,15.725,,,,,,,,,,,
2025/5/16 9:00,0.971,14.335,,,,,,,,,,,
2025/5/16 10:00,0.925,12.578,,,,,,,,,,,
2025/5/16 11:00,0.76,10.01,,,,,,,,,,,
2025/5/16 12:00,0.598,8.577,,,,,,,,,,,
2025/5/16 13:00,0.663,9.107,,,,,,,,,,,
2025/5/16 14:00,0.715,9.564,,,,,,,,,,,
2025/5/16 15:00,0.718,9.593,,,,,,,,,,,
2025/5/16 16:00,0.667,9.14,,,,,,,,,,,
2025/5/16 17:00,0.684,9.29,,,,,,,,,,,
2025/5/16 18:00,0.698,9.399,,,,,,,,,,,
2025/5/16 19:00,0.708,9.491,,,,,,,,,,,
2025/5/16 20:00,0.72,9.617,,,,,,,,,,,
2025/5/16 21:00,0.816,10.64,,,,,,,,,,,
2025/5/16 22:00,0.932,12.774,,,,,,,,,,,
2025/5/16 23:00,0.977,14.737,,,,,,,,,,,
2025/5/17 0:00,0.986,15.755,,,,,,,,,,,
2025/5/17 1:00,0.987,15.934,,,,,,,,,,,
2025/5/17 2:00,0.987,15.868,,,,,,,,,,,
2025/5/17 3:00,0.984,15.442,,,,,,,,,,,
2025/5/17 4:00,0.972,14.396,,,,,,,,,,,
2025/5/17 5:00,0.945,13.186,,,,,,,,,,,
2025/5/17 6:00,0.908,12.151,,,,,,,,,,,
2025/5/17 7:00,0.872,11.457,,,,,,,,,,,
2025/5/17 8:00,0.845,11.04,,,,,,,,,,,
2025/5/17 9:00,0.817,10.664,,,,,,,,,,,
2025/5/17 10:00,0.739,9.797,,,,,,,,,,,
2025/5/17 11:00,0.638,8.897,,,,,,,,,,,
2025/5/17 12:00,0.532,8.087,,,,,,,,,,,
2025/5/17 13:00,0.481,7.72,,,,,,,,,,,
2025/5/17 14:00,0.525,8.041,,,,,,,,,,,
2025/5/17 15:00,0.611,8.686,,,,,,,,,,,
2025/5/17 16:00,0.661,9.096,,,,,,,,,,,
2025/5/17 17:00,0.675,9.21,,,,,,,,,,,
2025/5/17 18:00,0.674,9.2,,,,,,,,,,,
2025/5/17 19:00,0.674,9.191,,,,,,,,,,,
2025/5/17 20:00,0.68,9.251,,,,,,,,,,,
2025/5/17 21:00,0.589,8.51,,,,,,,,,,,
2025/5/17 22:00,0.32,6.537,,,,,,,,,,,
2025/5/17 23:00,0.397,7.111,,,,,,,,,,,
2025/5/18 0:00,0.424,7.307,,,,,,,,,,,
2025/5/18 1:00,0.301,6.388,,,,,,,,,,,
2025/5/18 2:00,0.278,6.198,,,,,,,,,,,
2025/5/18 3:00,0.351,6.777,,,,,,,,,,,
2025/5/18 4:00,0.468,7.617,,,,,,,,,,,
2025/5/18 5:00,0.525,8.03,,,,,,,,,,,
2025/5/18 6:00,0.534,8.11,,,,,,,,,,,
2025/5/18 7:00,0.522,8.017,,,,,,,,,,,
2025/5/18 8:00,0.497,7.834,,,,,,,,,,,
2025/5/18 9:00,0.479,7.704,,,,,,,,,,,
2025/5/18 10:00,0.389,7.055,,,,,,,,,,,
2025/5/18 11:00,0.419,7.273,,,,,,,,,,,
2025/5/18 12:00,0.544,8.172,,,,,,,,,,,
2025/5/18 13:00,0.638,8.895,,,,,,,,,,,
2025/5/18 14:00,0.655,9.038,,,,,,,,,,,
2025/5/18 15:00,0.642,8.939,,,,,,,,,,,
2025/5/18 16:00,0.61,8.675,,,,,,,,,,,
2025/5/18 17:00,0.615,8.723,,,,,,,,,,,
2025/5/18 18:00,0.645,8.959,,,,,,,,,,,
2025/5/18 19:00,0.669,9.159,,,,,,,,,,,
2025/5/18 20:00,0.68,9.246,,,,,,,,,,,
2025/5/18 21:00,0.63,8.831,,,,,,,,,,,
2025/5/18 22:00,0.479,7.709,,,,,,,,,,,
2025/5/18 23:00,0.303,6.403,,,,,,,,,,,
2025/5/19 0:00,0.239,5.871,,,,,,,,,,,
2025/5/19 1:00,0.407,7.184,,,,,,,,,,,
2025/5/19 2:00,0.483,7.734,,,,,,,,,,,
2025/5/19 3:00,0.544,8.173,,,,,,,,,,,
2025/5/19 4:00,0.627,8.814,,,,,,,,,,,
2025/5/19 5:00,0.729,9.693,,,,,,,,,,,
2025/5/19 6:00,0.817,10.656,,,,,,,,,,,
2025/5/19 7:00,0.841,10.975,,,,,,,,,,,
2025/5/19 8:00,0.818,10.667,,,,,,,,,,,
2025/5/19 9:00,0.726,9.665,,,,,,,,,,,
2025/5/19 10:00,0.661,9.094,,,,,,,,,,,
2025/5/19 11:00,0.7,9.424,,,,,,,,,,,
2025/5/19 12:00,0.685,9.298,,,,,,,,,,,
2025/5/19 13:00,0.565,8.338,,,,,,,,,,,
2025/5/19 14:00,0.418,7.266,,,,,,,,,,,
2025/5/19 15:00,0.302,6.395,,,,,,,,,,,
2025/5/19 16:00,0.181,5.331,,,,,,,,,,,
2025/5/19 17:00,0.062,3.766,,,,,,,,,,,
2025/5/19 18:00,0.006,2.018,,,,,,,,,,,
2025/5/19 19:00,0.001,1.382,,,,,,,,,,,
2025/5/19 20:00,0.004,1.876,,,,,,,,,,,
2025/5/19 21:00,0.012,2.369,,,,,,,,,,,
2025/5/19 22:00,0.012,2.358,,,,,,,,,,,
2025/5/19 23:00,0.024,2.843,,,,,,,,,,,
2025/5/20 0:00,0.05,3.527,,,,,,,,,,,
2025/5/20 1:00,0.064,3.799,,,,,,,,,,,
2025/5/20 2:00,0.065,3.812,,,,,,,,,,,
2025/5/20 3:00,0.086,4.166,,,,,,,,,,,
2025/5/20 4:00,0.08,4.063,,,,,,,,,,,
2025/5/20 5:00,0.078,4.041,,,,,,,,,,,
2025/5/20 6:00,0.108,4.485,,,,,,,,,,,
2025/5/20 7:00,0.2,5.517,,,,,,,,,,,
2025/5/20 8:00,0.381,6.993,,,,,,,,,,,
2025/5/20 9:00,0.591,8.528,,,,,,,,,,,
2025/5/20 10:00,0.696,9.393,,,,,,,,,,,
2025/5/20 11:00,0.71,9.522,,,,,,,,,,,
2025/5/20 12:00,0.632,8.853,,,,,,,,,,,
2025/5/20 13:00,0.467,7.615,,,,,,,,,,,
2025/5/20 14:00,0.289,6.294,,,,,,,,,,,
2025/5/20 15:00,0.188,5.4,,,,,,,,,,,
2025/5/20 16:00,0.144,4.931,,,,,,,,,,,
2025/5/20 17:00,0.093,4.269,,,,,,,,,,,
2025/5/20 18:00,0.074,3.955,,,,,,,,,,,
2025/5/20 19:00,0.108,4.487,,,,,,,,,,,
2025/5/20 20:00,0.147,4.965,,,,,,,,,,,
2025/5/20 21:00,0.223,5.728,,,,,,,,,,,
2025/5/20 22:00,0.196,5.477,,,,,,,,,,,
2025/5/20 23:00,0.156,5.058,,,,,,,,,,,
2025/5/21 0:00,0.312,6.471,,,,,,,,,,,
2025/5/21 1:00,0.378,6.974,,,,,,,,,,,
2025/5/21 2:00,0.37,6.913,,,,,,,,,,,
2025/5/21 3:00,0.386,7.036,,,,,,,,,,,
2025/5/21 4:00,0.448,7.481,,,,,,,,,,,
2025/5/21 5:00,0.498,7.843,,,,,,,,,,,
2025/5/21 6:00,0.517,7.98,,,,,,,,,,,
2025/5/21 7:00,0.56,8.295,,,,,,,,,,,
2025/5/21 8:00,0.601,8.614,,,,,,,,,,,
2025/5/21 9:00,0.537,8.127,,,,,,,,,,,
2025/5/21 10:00,0.428,7.338,,,,,,,,,,,
2025/5/21 11:00,0.341,6.691,,,,,,,,,,,
2025/5/21 12:00,0.156,5.062,,,,,,,,,,,
2025/5/21 13:00,0.065,3.818,,,,,,,,,,,
2025/5/21 14:00,0.116,4.597,,,,,,,,,,,
2025/5/21 15:00,0.368,6.891,,,,,,,,,,,
2025/5/21 16:00,0.621,8.769,,,,,,,,,,,
2025/5/21 17:00,0.725,9.661,,,,,,,,,,,
2025/5/21 18:00,0.753,9.93,,,,,,,,,,,
2025/5/21 19:00,0.758,9.986,,,,,,,,,,,
2025/5/21 20:00,0.692,9.36,,,,,,,,,,,
2025/5/21 21:00,0.659,9.075,,,,,,,,,,,
2025/5/21 22:00,0.443,7.449,,,,,,,,,,,
2025/5/21 23:00,0.362,6.849,,,,,,,,,,,
2025/5/22 0:00,0.355,6.801,,,,,,,,,,,
2025/5/22 1:00,0.513,7.952,,,,,,,,,,,
2025/5/22 2:00,0.503,7.876,,,,,,,,,,,
2025/5/22 3:00,0.433,7.366,,,,,,,,,,,
2025/5/22 4:00,0.344,6.718,,,,,,,,,,,
2025/5/22 5:00,0.237,5.855,,,,,,,,,,,
2025/5/22 6:00,0.198,5.501,,,,,,,,,,,
2025/5/22 7:00,0.199,5.507,,,,,,,,,,,
2025/5/22 8:00,0.094,4.278,,,,,,,,,,,
2025/5/22 9:00,0.024,2.844,,,,,,,,,,,
2025/5/22 10:00,0.014,2.447,,,,,,,,,,,
2025/5/22 11:00,0.034,3.15,,,,,,,,,,,
2025/5/22 12:00,0.084,4.123,,,,,,,,,,,
2025/5/22 13:00,0.181,5.323,,,,,,,,,,,
2025/5/22 14:00,0.239,5.875,,,,,,,,,,,
2025/5/22 15:00,0.285,6.256,,,,,,,,,,,
2025/5/22 16:00,0.284,6.249,,,,,,,,,,,
2025/5/22 17:00,0.235,5.842,,,,,,,,,,,
2025/5/22 18:00,0.153,5.029,,,,,,,,,,,
2025/5/22 19:00,0.09,4.228,,,,,,,,,,,
2025/5/22 20:00,0.112,4.534,,,,,,,,,,,
2025/5/22 21:00,0.209,5.605,,,,,,,,,,,
2025/5/22 22:00,0.181,5.323,,,,,,,,,,,
2025/5/22 23:00,0.182,5.344,,,,,,,,,,,
2025/5/23 0:00,0.245,5.923,,,,,,,,,,,
2025/5/23 1:00,0.284,6.253,,,,,,,,,,,
2025/5/23 2:00,0.297,6.348,,,,,,,,,,,
2025/5/23 3:00,0.295,6.33,,,,,,,,,,,
2025/5/23 4:00,0.262,6.072,,,,,,,,,,,
2025/5/23 5:00,0.208,5.594,,,,,,,,,,,
2025/5/23 6:00,0.154,5.037,,,,,,,,,,,
2025/5/23 7:00,0.109,4.501,,,,,,,,,,,
2025/5/23 8:00,0.075,3.988,,,,,,,,,,,
2025/5/23 9:00,0.038,3.237,,,,,,,,,,,
2025/5/23 10:00,0.014,2.459,,,,,,,,,,,
2025/5/23 11:00,0.009,2.214,,,,,,,,,,,
2025/5/23 12:00,0.036,3.194,,,,,,,,,,,
2025/5/23 13:00,0.113,4.538,,,,,,,,,,,
2025/5/23 14:00,0.245,5.929,,,,,,,,,,,
2025/5/23 15:00,0.381,7,,,,,,,,,,,
2025/5/23 16:00,0.485,7.748,,,,,,,,,,,
2025/5/23 17:00,0.543,8.165,,,,,,,,,,,
2025/5/23 18:00,0.576,8.413,,,,,,,,,,,
2025/5/23 19:00,0.601,8.614,,,,,,,,,,,
2025/5/23 20:00,0.644,8.952,,,,,,,,,,,
2025/5/23 21:00,0.661,9.096,,,,,,,,,,,
2025/5/23 22:00,0.448,7.482,,,,,,,,,,,
2025/5/23 23:00,0.209,5.598,,,,,,,,,,,
2025/5/24 0:00,0.339,6.679,,,,,,,,,,,
2025/5/24 1:00,0.391,7.067,,,,,,,,,,,
2025/5/24 2:00,0.419,7.272,,,,,,,,,,,
2025/5/24 3:00,0.399,7.123,,,,,,,,,,,
2025/5/24 4:00,0.353,6.785,,,,,,,,,,,
2025/5/24 5:00,0.309,6.44,,,,,,,,,,,
2025/5/24 6:00,0.282,6.23,,,,,,,,,,,
2025/5/24 7:00,0.306,6.421,,,,,,,,,,,
2025/5/24 8:00,0.323,6.562,,,,,,,,,,,
2025/5/24 9:00,0.303,6.407,,,,,,,,,,,
2025/5/24 10:00,0.35,6.754,,,,,,,,,,,
2025/5/24 11:00,0.388,7.051,,,,,,,,,,,
2025/5/24 12:00,0.327,6.592,,,,,,,,,,,
2025/5/24 13:00,0.218,5.686,,,,,,,,,,,
2025/5/24 14:00,0.12,4.638,,,,,,,,,,,
2025/5/24 15:00,0.058,3.686,,,,,,,,,,,
2025/5/24 16:00,0.028,2.968,,,,,,,,,,,
2025/5/24 17:00,0.016,2.567,,,,,,,,,,,
2025/5/24 18:00,0.012,2.357,,,,,,,,,,,
2025/5/24 19:00,0.01,2.261,,,,,,,,,,,
2025/5/24 20:00,0.012,2.342,,,,,,,,,,,
2025/5/24 21:00,0.014,2.49,,,,,,,,,,,
2025/5/24 22:00,0.008,2.178,,,,,,,,,,,
2025/5/24 23:00,0,1.023,,,,,,,,,,,
2025/5/25 0:00,0.001,1.479,,,,,,,,,,,
2025/5/25 1:00,0.002,1.536,,,,,,,,,,,
2025/5/25 2:00,0.001,1.385,,,,,,,,,,,
2025/5/25 3:00,0,1.046,,,,,,,,,,,
2025/5/25 4:00,0,0.76,,,,,,,,,,,
2025/5/25 5:00,0,0.42,,,,,,,,,,,
2025/5/25 6:00,0,0.5,,,,,,,,,,,
2025/5/25 7:00,0,0.968,,,,,,,,,,,
2025/5/25 8:00,0.007,2.056,,,,,,,,,,,
2025/5/25 9:00,0.016,2.531,,,,,,,,,,,
2025/5/25 10:00,0.064,3.79,,,,,,,,,,,
2025/5/25 11:00,0.178,5.287,,,,,,,,,,,
2025/5/25 12:00,0.296,6.343,,,,,,,,,,,
2025/5/25 13:00,0.406,7.182,,,,,,,,,,,
2025/5/25 14:00,0.494,7.814,,,,,,,,,,,
2025/5/25 15:00,0.528,8.063,,,,,,,,,,,
2025/5/25 16:00,0.539,8.141,,,,,,,,,,,
2025/5/25 17:00,0.553,8.249,,,,,,,,,,,
2025/5/25 18:00,0.561,8.305,,,,,,,,,,,
2025/5/25 19:00,0.561,8.307,,,,,,,,,,,
2025/5/25 20:00,0.557,8.273,,,,,,,,,,,
2025/5/25 21:00,0.496,7.827,,,,,,,,,,,
2025/5/25 22:00,0.238,5.868,,,,,,,,,,,
2025/5/25 23:00,0.067,3.841,,,,,,,,,,,
2025/5/26 0:00,0.014,2.451,,,,,,,,,,,
2025/5/26 1:00,0.002,1.636,,,,,,,,,,,
2025/5/26 2:00,0,1.092,,,,,,,,,,,
2025/5/26 3:00,0,0.807,,,,,,,,,,,
2025/5/26 4:00,0,0.501,,,,,,,,,,,
2025/5/26 5:00,0,0.273,,,,,,,,,,,
2025/5/26 6:00,0,0.178,,,,,,,,,,,
2025/5/26 7:00,0,1.01,,,,,,,,,,,
2025/5/26 8:00,0.001,1.323,,,,,,,,,,,
2025/5/26 9:00,0.002,1.617,,,,,,,,,,,
2025/5/26 10:00,0.002,1.609,,,,,,,,,,,
2025/5/26 11:00,0.029,2.982,,,,,,,,,,,
2025/5/26 12:00,0.102,4.399,,,,,,,,,,,
2025/5/26 13:00,0.216,5.67,,,,,,,,,,,
2025/5/26 14:00,0.333,6.634,,,,,,,,,,,
2025/5/26 15:00,0.426,7.323,,,,,,,,,,,
2025/5/26 16:00,0.479,7.707,,,,,,,,,,,
2025/5/26 17:00,0.475,7.682,,,,,,,,,,,
2025/5/26 18:00,0.465,7.607,,,,,,,,,,,
2025/5/26 19:00,0.493,7.809,,,,,,,,,,,
2025/5/26 20:00,0.509,7.917,,,,,,,,,,,
2025/5/26 21:00,0.466,7.609,,,,,,,,,,,
2025/5/26 22:00,0.262,6.068,,,,,,,,,,,
2025/5/26 23:00,0.073,3.947,,,,,,,,,,,
2025/5/27 0:00,0.014,2.481,,,,,,,,,,,
2025/5/27 1:00,0.003,1.757,,,,,,,,,,,
2025/5/27 2:00,0.001,1.358,,,,,,,,,,,
2025/5/27 3:00,0,0.847,,,,,,,,,,,
2025/5/27 4:00,0,0.548,,,,,,,,,,,
2025/5/27 5:00,0,0.309,,,,,,,,,,,
2025/5/27 6:00,0,0.43,,,,,,,,,,,
2025/5/27 7:00,0,1.01,,,,,,,,,,,
2025/5/27 8:00,0.015,2.527,,,,,,,,,,,
2025/5/27 9:00,0.081,4.082,,,,,,,,,,,
2025/5/27 10:00,0.249,5.951,,,,,,,,,,,
2025/5/27 11:00,0.476,7.686,,,,,,,,,,,
2025/5/27 12:00,0.643,8.948,,,,,,,,,,,
2025/5/27 13:00,0.698,9.401,,,,,,,,,,,
2025/5/27 14:00,0.682,9.26,,,,,,,,,,,
2025/5/27 15:00,0.626,8.804,,,,,,,,,,,
2025/5/27 16:00,0.561,8.309,,,,,,,,,,,
2025/5/27 17:00,0.505,7.893,,,,,,,,,,,
2025/5/27 18:00,0.46,7.569,,,,,,,,,,,
2025/5/27 19:00,0.418,7.259,,,,,,,,,,,
2025/5/27 20:00,0.345,6.726,,,,,,,,,,,
2025/5/27 21:00,0.237,5.857,,,,,,,,,,,
2025/5/27 22:00,0.075,3.983,,,,,,,,,,,
2025/5/27 23:00,0.003,1.77,,,,,,,,,,,
2025/5/28 0:00,0.002,1.576,,,,,,,,,,,
2025/5/28 1:00,0.007,2.114,,,,,,,,,,,
2025/5/28 2:00,0.025,2.88,,,,,,,,,,,
2025/5/28 3:00,0.043,3.353,,,,,,,,,,,
2025/5/28 4:00,0.055,3.62,,,,,,,,,,,
2025/5/28 5:00,0.063,3.776,,,,,,,,,,,
2025/5/28 6:00,0.071,3.921,,,,,,,,,,,
2025/5/28 7:00,0.082,4.108,,,,,,,,,,,
2025/5/28 8:00,0.112,4.528,,,,,,,,,,,
2025/5/28 9:00,0.209,5.6,,,,,,,,,,,
2025/5/28 10:00,0.483,7.734,,,,,,,,,,,
2025/5/28 11:00,0.735,9.753,,,,,,,,,,,
2025/5/28 12:00,0.776,10.173,,,,,,,,,,,
2025/5/28 13:00,0.748,9.889,,,,,,,,,,,
2025/5/28 14:00,0.715,9.569,,,,,,,,,,,
2025/5/28 15:00,0.702,9.44,,,,,,,,,,,
2025/5/28 16:00,0.7,9.423,,,,,,,,,,,
2025/5/28 17:00,0.772,10.137,,,,,,,,,,,
2025/5/28 18:00,0.787,10.299,,,,,,,,,,,
2025/5/28 19:00,0.762,10.03,,,,,,,,,,,
2025/5/28 20:00,0.71,9.516,,,,,,,,,,,
2025/5/28 21:00,0.587,8.496,,,,,,,,,,,
2025/5/28 22:00,0.395,7.094,,,,,,,,,,,
2025/5/28 23:00,0.399,7.119,,,,,,,,,,,
2025/5/29 0:00,0.34,6.686,,,,,,,,,,,
2025/5/29 1:00,0.161,5.125,,,,,,,,,,,
2025/5/29 2:00,0.132,4.782,,,,,,,,,,,
2025/5/29 3:00,0.18,5.311,,,,,,,,,,,
2025/5/29 4:00,0.228,5.774,,,,,,,,,,,
2025/5/29 5:00,0.271,6.146,,,,,,,,,,,
2025/5/29 6:00,0.325,6.575,,,,,,,,,,,
2025/5/29 7:00,0.396,7.106,,,,,,,,,,,
2025/5/29 8:00,0.485,7.749,,,,,,,,,,,
2025/5/29 9:00,0.568,8.351,,,,,,,,,,,
2025/5/29 10:00,0.698,9.411,,,,,,,,,,,
2025/5/29 11:00,0.798,10.425,,,,,,,,,,,
2025/5/29 12:00,0.803,10.485,,,,,,,,,,,
2025/5/29 13:00,0.768,10.084,,,,,,,,,,,
2025/5/29 14:00,0.739,9.8,,,,,,,,,,,
2025/5/29 15:00,0.73,9.705,,,,,,,,,,,
2025/5/29 16:00,0.739,9.798,,,,,,,,,,,
2025/5/29 17:00,0.745,9.859,,,,,,,,,,,
2025/5/29 18:00,0.736,9.77,,,,,,,,,,,
2025/5/29 19:00,0.737,9.771,,,,,,,,,,,
2025/5/29 20:00,0.733,9.731,,,,,,,,,,,
2025/5/29 21:00,0.672,9.181,,,,,,,,,,,
2025/5/29 22:00,0.517,7.979,,,,,,,,,,,
2025/5/29 23:00,0.744,9.836,,,,,,,,,,,
2025/5/30 0:00,0.925,12.589,,,,,,,,,,,
2025/5/30 1:00,0.932,12.762,,,,,,,,,,,
2025/5/30 2:00,0.914,12.294,,,,,,,,,,,
2025/5/30 3:00,0.888,11.745,,,,,,,,,,,
2025/5/30 4:00,0.886,11.718,,,,,,,,,,,
2025/5/30 5:00,0.898,11.948,,,,,,,,,,,
2025/5/30 6:00,0.913,12.291,,,,,,,,,,,
2025/5/30 7:00,0.924,12.562,,,,,,,,,,,
2025/5/30 8:00,0.927,12.626,,,,,,,,,,,
2025/5/30 9:00,0.909,12.17,,,,,,,,,,,
2025/5/30 10:00,0.857,11.227,,,,,,,,,,,
2025/5/30 11:00,0.79,10.328,,,,,,,,,,,
2025/5/30 12:00,0.682,9.265,,,,,,,,,,,
2025/5/30 13:00,0.607,8.657,,,,,,,,,,,
2025/5/30 14:00,0.6,8.605,,,,,,,,,,,
2025/5/30 15:00,0.581,8.458,,,,,,,,,,,
2025/5/30 16:00,0.487,7.758,,,,,,,,,,,
2025/5/30 17:00,0.425,7.319,,,,,,,,,,,
2025/5/30 18:00,0.351,6.769,,,,,,,,,,,
2025/5/30 19:00,0.25,5.962,,,,,,,,,,,
2025/5/30 20:00,0.149,4.99,,,,,,,,,,,
2025/5/30 21:00,0.08,4.073,,,,,,,,,,,
2025/5/30 22:00,0.051,3.547,,,,,,,,,,,
2025/5/30 23:00,0.039,3.271,,,,,,,,,,,
2025/5/31 0:00,0.045,3.413,,,,,,,,,,,
2025/5/31 1:00,0.032,3.083,,,,,,,,,,,
2025/5/31 2:00,0.022,2.781,,,,,,,,,,,
2025/5/31 3:00,0.024,2.838,,,,,,,,,,,
2025/5/31 4:00,0.038,3.226,,,,,,,,,,,
2025/5/31 5:00,0.051,3.548,,,,,,,,,,,
2025/5/31 6:00,0.063,3.778,,,,,,,,,,,
2025/5/31 7:00,0.087,4.181,,,,,,,,,,,
2025/5/31 8:00,0.121,4.652,,,,,,,,,,,
2025/5/31 9:00,0.159,5.103,,,,,,,,,,,
2025/5/31 10:00,0.232,5.801,,,,,,,,,,,
2025/5/31 11:00,0.198,5.502,,,,,,,,,,,
2025/5/31 12:00,0.115,4.583,,,,,,,,,,,
2025/5/31 13:00,0.063,3.785,,,,,,,,,,,
2025/5/31 14:00,0.04,3.293,,,,,,,,,,,
2025/5/31 15:00,0.041,3.315,,,,,,,,,,,
2025/5/31 16:00,0.058,3.689,,,,,,,,,,,
2025/5/31 17:00,0.069,3.883,,,,,,,,,,,
2025/5/31 18:00,0.065,3.813,,,,,,,,,,,
2025/5/31 19:00,0.057,3.669,,,,,,,,,,,
2025/5/31 20:00,0.056,3.626,,,,,,,,,,,
2025/5/31 21:00,0.048,3.476,,,,,,,,,,,
2025/5/31 22:00,0.033,3.116,,,,,,,,,,,
2025/5/31 23:00,0.04,3.283,,,,,,,,,,,
2025/6/1 0:00,0.042,3.342,,,,,,,,,,,
2025/6/1 1:00,0.034,3.15,,,,,,,,,,,
2025/6/1 2:00,0.034,3.141,,,,,,,,,,,
2025/6/1 3:00,0.056,3.634,,,,,,,,,,,
2025/6/1 4:00,0.095,4.307,,,,,,,,,,,
2025/6/1 5:00,0.143,4.926,,,,,,,,,,,
2025/6/1 6:00,0.199,5.512,,,,,,,,,,,
2025/6/1 7:00,0.262,6.071,,,,,,,,,,,
2025/6/1 8:00,0.339,6.683,,,,,,,,,,,
2025/6/1 9:00,0.362,6.852,,,,,,,,,,,
2025/6/1 10:00,0.485,7.74,,,,,,,,,,,
2025/6/1 11:00,0.658,9.064,,,,,,,,,,,
2025/6/1 12:00,0.674,9.2,,,,,,,,,,,
2025/6/1 13:00,0.653,9.023,,,,,,,,,,,
2025/6/1 14:00,0.639,8.911,,,,,,,,,,,
2025/6/1 15:00,0.666,9.134,,,,,,,,,,,
2025/6/1 16:00,0.726,9.667,,,,,,,,,,,
2025/6/1 17:00,0.737,9.776,,,,,,,,,,,
2025/6/1 18:00,0.704,9.469,,,,,,,,,,,
2025/6/1 19:00,0.72,9.613,,,,,,,,,,,
2025/6/1 20:00,0.725,9.649,,,,,,,,,,,
2025/6/1 21:00,0.578,8.431,,,,,,,,,,,
2025/6/1 22:00,0.528,8.054,,,,,,,,,,,
2025/6/1 23:00,0.644,8.952,,,,,,,,,,,
2025/6/2 0:00,0.637,8.893,,,,,,,,,,,
2025/6/2 1:00,0.661,9.094,,,,,,,,,,,
2025/6/2 2:00,0.754,9.935,,,,,,,,,,,
2025/6/2 3:00,0.863,11.317,,,,,,,,,,,
2025/6/2 4:00,0.924,12.561,,,,,,,,,,,
2025/6/2 5:00,0.944,13.152,,,,,,,,,,,
2025/6/2 6:00,0.945,13.171,,,,,,,,,,,
2025/6/2 7:00,0.933,12.797,,,,,,,,,,,
2025/6/2 8:00,0.931,12.742,,,,,,,,,,,
2025/6/2 9:00,0.926,12.599,,,,,,,,,,,
2025/6/2 10:00,0.877,11.546,,,,,,,,,,,
2025/6/2 11:00,0.793,10.364,,,,,,,,,,,
2025/6/2 12:00,0.711,9.526,,,,,,,,,,,
2025/6/2 13:00,0.641,8.925,,,,,,,,,,,
2025/6/2 14:00,0.626,8.811,,,,,,,,,,,
2025/6/2 15:00,0.662,9.103,,,,,,,,,,,
2025/6/2 16:00,0.718,9.588,,,,,,,,,,,
2025/6/2 17:00,0.731,9.711,,,,,,,,,,,
2025/6/2 18:00,0.718,9.591,,,,,,,,,,,
2025/6/2 19:00,0.757,9.974,,,,,,,,,,,
2025/6/2 20:00,0.802,10.471,,,,,,,,,,,
2025/6/2 21:00,0.772,10.132,,,,,,,,,,,
2025/6/2 22:00,0.878,11.573,,,,,,,,,,,
2025/6/2 23:00,0.986,15.718,,,,,,,,,,,
2025/6/3 0:00,0.987,16.824,,,,,,,,,,,
2025/6/3 1:00,0.987,16.904,,,,,,,,,,,
2025/6/3 2:00,0.988,16.697,,,,,,,,,,,
2025/6/3 3:00,0.987,16.888,,,,,,,,,,,
2025/6/3 4:00,0.985,17.278,,,,,,,,,,,
2025/6/3 5:00,0.983,17.605,,,,,,,,,,,
2025/6/3 6:00,0.98,17.815,,,,,,,,,,,
2025/6/3 7:00,0.979,17.957,,,,,,,,,,,
2025/6/3 8:00,0.987,16.943,,,,,,,,,,,
2025/6/3 9:00,0.976,14.672,,,,,,,,,,,
2025/6/3 10:00,0.945,13.192,,,,,,,,,,,
2025/6/3 11:00,0.934,12.819,,,,,,,,,,,
2025/6/3 12:00,0.925,12.586,,,,,,,,,,,
2025/6/3 13:00,0.916,12.363,,,,,,,,,,,
2025/6/3 14:00,0.896,11.904,,,,,,,,,,,
2025/6/3 15:00,0.856,11.2,,,,,,,,,,,
2025/6/3 16:00,0.775,10.162,,,,,,,,,,,
2025/6/3 17:00,0.734,9.739,,,,,,,,,,,
2025/6/3 18:00,0.754,9.935,,,,,,,,,,,
2025/6/3 19:00,0.757,9.972,,,,,,,,,,,
2025/6/3 20:00,0.753,9.933,,,,,,,,,,,
2025/6/3 21:00,0.657,9.053,,,,,,,,,,,
2025/6/3 22:00,0.435,7.387,,,,,,,,,,,
2025/6/3 23:00,0.713,9.545,,,,,,,,,,,
2025/6/4 0:00,0.788,10.306,,,,,,,,,,,
2025/6/4 1:00,0.757,9.976,,,,,,,,,,,
2025/6/4 2:00,0.695,9.382,,,,,,,,,,,
2025/6/4 3:00,0.603,8.625,,,,,,,,,,,
2025/6/4 4:00,0.483,7.735,,,,,,,,,,,
2025/6/4 5:00,0.394,7.081,,,,,,,,,,,
2025/6/4 6:00,0.342,6.702,,,,,,,,,,,
2025/6/4 7:00,0.3,6.369,,,,,,,,,,,
2025/6/4 8:00,0.238,5.863,,,,,,,,,,,
2025/6/4 9:00,0.125,4.708,,,,,,,,,,,
2025/6/4 10:00,0.023,2.809,,,,,,,,,,,
2025/6/4 11:00,0.056,3.634,,,,,,,,,,,
2025/6/4 12:00,0.329,6.599,,,,,,,,,,,
2025/6/4 13:00,0.667,9.143,,,,,,,,,,,
2025/6/4 14:00,0.827,10.785,,,,,,,,,,,
2025/6/4 15:00,0.875,11.517,,,,,,,,,,,
2025/6/4 16:00,0.889,11.769,,,,,,,,,,,
2025/6/4 17:00,0.893,11.844,,,,,,,,,,,
2025/6/4 18:00,0.908,12.164,,,,,,,,,,,
2025/6/4 19:00,0.903,12.055,,,,,,,,,,,
2025/6/4 20:00,0.861,11.274,,,,,,,,,,,
2025/6/4 21:00,0.745,9.857,,,,,,,,,,,
2025/6/4 22:00,0.513,7.956,,,,,,,,,,,
2025/6/4 23:00,0.418,7.269,,,,,,,,,,,
2025/6/5 0:00,0.261,6.062,,,,,,,,,,,
2025/6/5 1:00,0.24,5.88,,,,,,,,,,,
2025/6/5 2:00,0.316,6.503,,,,,,,,,,,
2025/6/5 3:00,0.403,7.156,,,,,,,,,,,
2025/6/5 4:00,0.434,7.38,,,,,,,,,,,
2025/6/5 5:00,0.434,7.372,,,,,,,,,,,
2025/6/5 6:00,0.491,7.793,,,,,,,,,,,
2025/6/5 7:00,0.522,8.018,,,,,,,,,,,
2025/6/5 8:00,0.422,7.298,,,,,,,,,,,
2025/6/5 9:00,0.286,6.267,,,,,,,,,,,
2025/6/5 10:00,0.172,5.238,,,,,,,,,,,
2025/6/5 11:00,0.134,4.812,,,,,,,,,,,
2025/6/5 12:00,0.156,5.056,,,,,,,,,,,
2025/6/5 13:00,0.258,6.032,,,,,,,,,,,
2025/6/5 14:00,0.298,6.363,,,,,,,,,,,
2025/6/5 15:00,0.05,3.5,,,,,,,,,,,
2025/6/5 16:00,0.08,4.071,,,,,,,,,,,
2025/6/5 17:00,0.103,4.411,,,,,,,,,,,
2025/6/5 18:00,0.134,4.817,,,,,,,,,,,
2025/6/5 19:00,0.205,5.557,,,,,,,,,,,
2025/6/5 20:00,0.201,5.526,,,,,,,,,,,
2025/6/5 21:00,0.23,5.782,,,,,,,,,,,
2025/6/5 22:00,0.129,4.759,,,,,,,,,,,
2025/6/5 23:00,0.074,3.978,,,,,,,,,,,
2025/6/6 0:00,0.087,4.186,,,,,,,,,,,
2025/6/6 1:00,0.125,4.701,,,,,,,,,,,
2025/6/6 2:00,0.173,5.254,,,,,,,,,,,
2025/6/6 3:00,0.199,5.508,,,,,,,,,,,
2025/6/6 4:00,0.202,5.532,,,,,,,,,,,
2025/6/6 5:00,0.268,6.123,,,,,,,,,,,
2025/6/6 6:00,0.369,6.91,,,,,,,,,,,
2025/6/6 7:00,0.479,7.708,,,,,,,,,,,
2025/6/6 8:00,0.57,8.377,,,,,,,,,,,
2025/6/6 9:00,0.568,8.349,,,,,,,,,,,
2025/6/6 10:00,0.48,7.715,,,,,,,,,,,
2025/6/6 11:00,0.516,7.979,,,,,,,,,,,
2025/6/6 12:00,0.594,8.548,,,,,,,,,,,
2025/6/6 13:00,0.61,8.669,,,,,,,,,,,
2025/6/6 14:00,0.539,8.142,,,,,,,,,,,
2025/6/6 15:00,0.461,7.573,,,,,,,,,,,
2025/6/6 16:00,0.421,7.287,,,,,,,,,,,
2025/6/6 17:00,0.431,7.357,,,,,,,,,,,
2025/6/6 18:00,0.482,7.727,,,,,,,,,,,
2025/6/6 19:00,0.529,8.069,,,,,,,,,,,
2025/6/6 20:00,0.553,8.25,,,,,,,,,,,
2025/6/6 21:00,0.44,7.419,,,,,,,,,,,
2025/6/6 22:00,0.241,5.888,,,,,,,,,,,
2025/6/6 23:00,0.423,7.304,,,,,,,,,,,
2025/6/7 0:00,0.416,7.24,,,,,,,,,,,
2025/6/7 1:00,0.344,6.712,,,,,,,,,,,
2025/6/7 2:00,0.259,6.043,,,,,,,,,,,
2025/6/7 3:00,0.205,5.557,,,,,,,,,,,
2025/6/7 4:00,0.176,5.273,,,,,,,,,,,
2025/6/7 5:00,0.145,4.947,,,,,,,,,,,
2025/6/7 6:00,0.104,4.435,,,,,,,,,,,
2025/6/7 7:00,0.064,3.803,,,,,,,,,,,
2025/6/7 8:00,0.033,3.102,,,,,,,,,,,
2025/6/7 9:00,0.009,2.215,,,,,,,,,,,
2025/6/7 10:00,0.019,2.656,,,,,,,,,,,
2025/6/7 11:00,0.087,4.185,,,,,,,,,,,
2025/6/7 12:00,0.195,5.457,,,,,,,,,,,
2025/6/7 13:00,0.317,6.517,,,,,,,,,,,
2025/6/7 14:00,0.431,7.361,,,,,,,,,,,
2025/6/7 15:00,0.462,7.578,,,,,,,,,,,
2025/6/7 16:00,0.46,7.568,,,,,,,,,,,
2025/6/7 17:00,0.468,7.629,,,,,,,,,,,
2025/6/7 18:00,0.526,8.044,,,,,,,,,,,
2025/6/7 19:00,0.646,8.967,,,,,,,,,,,
2025/6/7 20:00,0.733,9.732,,,,,,,,,,,
2025/6/7 21:00,0.72,9.614,,,,,,,,,,,
2025/6/7 22:00,0.475,7.672,,,,,,,,,,,
2025/6/7 23:00,0.275,6.176,,,,,,,,,,,
2025/6/8 0:00,0.463,7.589,,,,,,,,,,,
2025/6/8 1:00,0.246,5.939,,,,,,,,,,,
2025/6/8 2:00,0.133,4.799,,,,,,,,,,,
2025/6/8 3:00,0.09,4.223,,,,,,,,,,,
2025/6/8 4:00,0.081,4.094,,,,,,,,,,,
2025/6/8 5:00,0.09,4.223,,,,,,,,,,,
2025/6/8 6:00,0.11,4.518,,,,,,,,,,,
2025/6/8 7:00,0.149,4.987,,,,,,,,,,,
2025/6/8 8:00,0.197,5.485,,,,,,,,,,,
2025/6/8 9:00,0.237,5.854,,,,,,,,,,,
2025/6/8 10:00,0.348,6.744,,,,,,,,,,,
2025/6/8 11:00,0.565,8.325,,,,,,,,,,,
2025/6/8 12:00,0.734,9.745,,,,,,,,,,,
2025/6/8 13:00,0.824,10.751,,,,,,,,,,,
2025/6/8 14:00,0.813,10.606,,,,,,,,,,,
2025/6/8 15:00,0.662,9.1,,,,,,,,,,,
2025/6/8 16:00,0.44,7.417,,,,,,,,,,,
2025/6/8 17:00,0.417,7.256,,,,,,,,,,,
2025/6/8 18:00,0.51,7.924,,,,,,,,,,,
2025/6/8 19:00,0.588,8.505,,,,,,,,,,,
2025/6/8 20:00,0.597,8.57,,,,,,,,,,,
2025/6/8 21:00,0.517,7.982,,,,,,,,,,,
2025/6/8 22:00,0.548,8.213,,,,,,,,,,,
2025/6/8 23:00,0.515,7.967,,,,,,,,,,,
2025/6/9 0:00,0.349,6.751,,,,,,,,,,,
2025/6/9 1:00,0.136,4.84,,,,,,,,,,,
2025/6/9 2:00,0.002,1.621,,,,,,,,,,,
2025/6/9 3:00,0.004,1.8,,,,,,,,,,,
2025/6/9 4:00,0.098,4.349,,,,,,,,,,,
2025/6/9 5:00,0.394,7.085,,,,,,,,,,,
2025/6/9 6:00,0.385,7.03,,,,,,,,,,,
2025/6/9 7:00,0.413,7.231,,,,,,,,,,,
2025/6/9 8:00,0.51,7.921,,,,,,,,,,,
2025/6/9 9:00,0.501,7.862,,,,,,,,,,,
2025/6/9 10:00,0.428,7.339,,,,,,,,,,,
2025/6/9 11:00,0.386,7.034,,,,,,,,,,,
2025/6/9 12:00,0.544,8.169,,,,,,,,,,,
2025/6/9 13:00,0.646,8.971,,,,,,,,,,,
2025/6/9 14:00,0.692,9.362,,,,,,,,,,,
2025/6/9 15:00,0.691,9.352,,,,,,,,,,,
2025/6/9 16:00,0.757,9.975,,,,,,,,,,,
2025/6/9 17:00,0.78,10.225,,,,,,,,,,,
2025/6/9 18:00,0.78,10.226,,,,,,,,,,,
2025/6/9 19:00,0.749,9.891,,,,,,,,,,,
2025/6/9 20:00,0.727,9.675,,,,,,,,,,,
2025/6/9 21:00,0.638,8.897,,,,,,,,,,,
2025/6/9 22:00,0.763,10.034,,,,,,,,,,,
2025/6/9 23:00,0.836,10.904,,,,,,,,,,,
2025/6/10 0:00,0.843,11.006,,,,,,,,,,,
2025/6/10 1:00,0.831,10.844,,,,,,,,,,,
2025/6/10 2:00,0.8,10.438,,,,,,,,,,,
2025/6/10 3:00,0.778,10.19,,,,,,,,,,,
2025/6/10 4:00,0.76,10.009,,,,,,,,,,,
2025/6/10 5:00,0.738,9.784,,,,,,,,,,,
2025/6/10 6:00,0.714,9.562,,,,,,,,,,,
2025/6/10 7:00,0.692,9.361,,,,,,,,,,,
2025/6/10 8:00,0.65,8.99,,,,,,,,,,,
2025/6/10 9:00,0.525,8.039,,,,,,,,,,,
2025/6/10 10:00,0.275,6.182,,,,,,,,,,,
2025/6/10 11:00,0.121,4.647,,,,,,,,,,,
2025/6/10 12:00,0.034,3.15,,,,,,,,,,,
2025/6/10 13:00,0.004,1.812,,,,,,,,,,,
2025/6/10 14:00,0.001,1.221,,,,,,,,,,,
2025/6/10 15:00,0.002,1.545,,,,,,,,,,,
2025/6/10 16:00,0.004,1.823,,,,,,,,,,,
2025/6/10 17:00,0.009,2.191,,,,,,,,,,,
2025/6/10 18:00,0.023,2.792,,,,,,,,,,,
2025/6/10 19:00,0.032,3.08,,,,,,,,,,,
2025/6/10 20:00,0.017,2.611,,,,,,,,,,,
2025/6/10 21:00,0.006,2.024,,,,,,,,,,,
2025/6/10 22:00,0.002,1.646,,,,,,,,,,,
2025/6/10 23:00,0.006,1.983,,,,,,,,,,,
2025/6/11 0:00,0.06,3.714,,,,,,,,,,,
2025/6/11 1:00,0.086,4.171,,,,,,,,,,,
2025/6/11 2:00,0.123,4.685,,,,,,,,,,,
2025/6/11 3:00,0.247,5.942,,,,,,,,,,,
2025/6/11 4:00,0.434,7.383,,,,,,,,,,,
2025/6/11 5:00,0.609,8.668,,,,,,,,,,,
2025/6/11 6:00,0.655,9.035,,,,,,,,,,,
2025/6/11 7:00,0.561,8.298,,,,,,,,,,,
2025/6/11 8:00,0.518,7.985,,,,,,,,,,,
2025/6/11 9:00,0.453,7.51,,,,,,,,,,,
2025/6/11 10:00,0.568,8.349,,,,,,,,,,,
2025/6/11 11:00,0.825,10.755,,,,,,,,,,,
2025/6/11 12:00,0.877,11.556,,,,,,,,,,,
2025/6/11 13:00,0.867,11.376,,,,,,,,,,,
2025/6/11 14:00,0.862,11.303,,,,,,,,,,,
2025/6/11 15:00,0.813,10.609,,,,,,,,,,,
2025/6/11 16:00,0.812,10.584,,,,,,,,,,,
2025/6/11 17:00,0.824,10.752,,,,,,,,,,,
2025/6/11 18:00,0.818,10.676,,,,,,,,,,,
2025/6/11 19:00,0.826,10.779,,,,,,,,,,,
2025/6/11 20:00,0.848,11.089,,,,,,,,,,,
2025/6/11 21:00,0.76,10.006,,,,,,,,,,,
2025/6/11 22:00,0.646,8.973,,,,,,,,,,,
2025/6/11 23:00,0.598,8.592,,,,,,,,,,,
2025/6/12 0:00,0.549,8.215,,,,,,,,,,,
2025/6/12 1:00,0.804,10.501,,,,,,,,,,,
2025/6/12 2:00,0.941,13.05,,,,,,,,,,,
2025/6/12 3:00,0.89,11.795,,,,,,,,,,,
2025/6/12 4:00,0.87,11.424,,,,,,,,,,,
2025/6/12 5:00,0.958,13.674,,,,,,,,,,,
2025/6/12 6:00,0.979,14.871,,,,,,,,,,,
2025/6/12 7:00,0.921,12.472,,,,,,,,,,,
2025/6/12 8:00,0.834,10.88,,,,,,,,,,,
2025/6/12 9:00,0.657,9.052,,,,,,,,,,,
2025/6/12 10:00,0.533,8.095,,,,,,,,,,,
2025/6/12 11:00,0.626,8.797,,,,,,,,,,,
2025/6/12 12:00,0.735,9.76,,,,,,,,,,,
2025/6/12 13:00,0.667,9.14,,,,,,,,,,,
2025/6/12 14:00,0.522,8.016,,,,,,,,,,,
2025/6/12 15:00,0.507,7.902,,,,,,,,,,,
2025/6/12 16:00,0.46,7.57,,,,,,,,,,,
2025/6/12 17:00,0.403,7.149,,,,,,,,,,,
2025/6/12 18:00,0.537,8.125,,,,,,,,,,,
2025/6/12 19:00,0.753,9.934,,,,,,,,,,,
2025/6/12 20:00,0.811,10.576,,,,,,,,,,,
2025/6/12 21:00,0.734,9.743,,,,,,,,,,,
2025/6/12 22:00,0.574,8.399,,,,,,,,,,,
2025/6/12 23:00,0.592,8.537,,,,,,,,,,,
2025/6/13 0:00,0.726,9.663,,,,,,,,,,,
2025/6/13 1:00,0.734,9.739,,,,,,,,,,,
2025/6/13 2:00,0.677,9.228,,,,,,,,,,,
2025/6/13 3:00,0.633,8.86,,,,,,,,,,,
2025/6/13 4:00,0.626,8.798,,,,,,,,,,,
2025/6/13 5:00,0.641,8.927,,,,,,,,,,,
2025/6/13 6:00,0.616,8.729,,,,,,,,,,,
2025/6/13 7:00,0.579,8.434,,,,,,,,,,,
2025/6/13 8:00,0.534,8.1,,,,,,,,,,,
2025/6/13 9:00,0.417,7.254,,,,,,,,,,,
2025/6/13 10:00,0.306,6.423,,,,,,,,,,,
2025/6/13 11:00,0.332,6.63,,,,,,,,,,,
2025/6/13 12:00,0.368,6.895,,,,,,,,,,,
2025/6/13 13:00,0.36,6.837,,,,,,,,,,,
2025/6/13 14:00,0.298,6.361,,,,,,,,,,,
2025/6/13 15:00,0.219,5.693,,,,,,,,,,,
2025/6/13 16:00,0.169,5.205,,,,,,,,,,,
2025/6/13 17:00,0.164,5.152,,,,,,,,,,,
2025/6/13 18:00,0.123,4.681,,,,,,,,,,,
2025/6/13 19:00,0.08,4.065,,,,,,,,,,,
2025/6/13 20:00,0.026,2.919,,,,,,,,,,,
2025/6/13 21:00,0.021,2.754,,,,,,,,,,,
2025/6/13 22:00,0.012,2.349,,,,,,,,,,,
2025/6/13 23:00,0.001,1.419,,,,,,,,,,,
2025/6/14 0:00,0.002,1.578,,,,,,,,,,,
2025/6/14 1:00,0.002,1.608,,,,,,,,,,,
2025/6/14 2:00,0.001,1.321,,,,,,,,,,,
2025/6/14 3:00,0.007,2.074,,,,,,,,,,,
2025/6/14 4:00,0.019,2.682,,,,,,,,,,,
2025/6/14 5:00,0.009,2.197,,,,,,,,,,,
2025/6/14 6:00,0.003,1.658,,,,,,,,,,,
2025/6/14 7:00,0.001,1.236,,,,,,,,,,,
2025/6/14 8:00,0.004,1.815,,,,,,,,,,,
2025/6/14 9:00,0.018,2.641,,,,,,,,,,,
2025/6/14 10:00,0.063,3.785,,,,,,,,,,,
2025/6/14 11:00,0.142,4.91,,,,,,,,,,,
2025/6/14 12:00,0.2,5.519,,,,,,,,,,,
2025/6/14 13:00,0.299,6.365,,,,,,,,,,,
2025/6/14 14:00,0.356,6.811,,,,,,,,,,,
2025/6/14 15:00,0.334,6.648,,,,,,,,,,,
2025/6/14 16:00,0.261,6.057,,,,,,,,,,,
2025/6/14 17:00,0.223,5.732,,,,,,,,,,,
2025/6/14 18:00,0.243,5.911,,,,,,,,,,,
2025/6/14 19:00,0.341,6.694,,,,,,,,,,,
2025/6/14 20:00,0.339,6.67,,,,,,,,,,,
2025/6/14 21:00,0.275,6.178,,,,,,,,,,,
2025/6/14 22:00,0.208,5.596,,,,,,,,,,,
2025/6/14 23:00,0.238,5.864,,,,,,,,,,,
2025/6/15 0:00,0.365,6.872,,,,,,,,,,,
2025/6/15 1:00,0.493,7.81,,,,,,,,,,,
2025/6/15 2:00,0.594,8.552,,,,,,,,,,,
2025/6/15 3:00,0.659,9.075,,,,,,,,,,,
2025/6/15 4:00,0.683,9.276,,,,,,,,,,,
2025/6/15 5:00,0.639,8.906,,,,,,,,,,,
2025/6/15 6:00,0.483,7.732,,,,,,,,,,,
2025/6/15 7:00,0.234,5.831,,,,,,,,,,,
2025/6/15 8:00,0.144,4.929,,,,,,,,,,,
2025/6/15 9:00,0.157,5.076,,,,,,,,,,,
2025/6/15 10:00,0.197,5.491,,,,,,,,,,,
2025/6/15 11:00,0.181,5.32,,,,,,,,,,,
2025/6/15 12:00,0.133,4.798,,,,,,,,,,,
2025/6/15 13:00,0.082,4.098,,,,,,,,,,,
2025/6/15 14:00,0.042,3.337,,,,,,,,,,,
2025/6/15 15:00,0.108,4.485,,,,,,,,,,,
2025/6/15 16:00,0.237,5.852,,,,,,,,,,,
2025/6/15 17:00,0.333,6.637,,,,,,,,,,,
2025/6/15 18:00,0.359,6.825,,,,,,,,,,,
2025/6/15 19:00,0.396,7.109,,,,,,,,,,,
2025/6/15 20:00,0.42,7.276,,,,,,,,,,,
2025/6/15 21:00,0.364,6.866,,,,,,,,,,,
2025/6/15 22:00,0.399,7.126,,,,,,,,,,,
2025/6/15 23:00,0.372,6.926,,,,,,,,,,,
2025/6/16 0:00,0.234,5.828,,,,,,,,,,,
2025/6/16 1:00,0.2,5.515,,,,,,,,,,,
2025/6/16 2:00,0.258,6.037,,,,,,,,,,,
2025/6/16 3:00,0.387,7.041,,,,,,,,,,,
2025/6/16 4:00,0.531,8.079,,,,,,,,,,,
2025/6/16 5:00,0.6,8.604,,,,,,,,,,,
2025/6/16 6:00,0.577,8.425,,,,,,,,,,,
2025/6/16 7:00,0.445,7.462,,,,,,,,,,,
2025/6/16 8:00,0.264,6.081,,,,,,,,,,,
2025/6/16 9:00,0.134,4.817,,,,,,,,,,,
2025/6/16 10:00,0.041,3.319,,,,,,,,,,,
2025/6/16 11:00,0.031,3.049,,,,,,,,,,,
2025/6/16 12:00,0.113,4.553,,,,,,,,,,,
2025/6/16 13:00,0.344,6.711,,,,,,,,,,,
2025/6/16 14:00,0.612,8.689,,,,,,,,,,,
2025/6/16 15:00,0.747,9.876,,,,,,,,,,,
2025/6/16 16:00,0.77,10.103,,,,,,,,,,,
2025/6/16 17:00,0.741,9.814,,,,,,,,,,,
2025/6/16 18:00,0.708,9.503,,,,,,,,,,,
2025/6/16 19:00,0.685,9.296,,,,,,,,,,,
2025/6/16 20:00,0.68,9.241,,,,,,,,,,,
2025/6/16 21:00,0.581,8.46,,,,,,,,,,,
2025/6/16 22:00,0.318,6.521,,,,,,,,,,,
2025/6/16 23:00,0.16,5.109,,,,,,,,,,,
2025/6/17 0:00,0.196,5.479,,,,,,,,,,,
2025/6/17 1:00,0.177,5.281,,,,,,,,,,,
2025/6/17 2:00,0.106,4.452,,,,,,,,,,,
2025/6/17 3:00,0.058,3.686,,,,,,,,,,,
2025/6/17 4:00,0.032,3.087,,,,,,,,,,,
2025/6/17 5:00,0.015,2.496,,,,,,,,,,,
2025/6/17 6:00,0.002,1.646,,,,,,,,,,,
2025/6/17 7:00,0.001,1.366,,,,,,,,,,,
2025/6/17 8:00,0.009,2.232,,,,,,,,,,,
2025/6/17 9:00,0.052,3.569,,,,,,,,,,,
2025/6/17 10:00,0.187,5.387,,,,,,,,,,,
2025/6/17 11:00,0.428,7.333,,,,,,,,,,,
2025/6/17 12:00,0.621,8.764,,,,,,,,,,,
2025/6/17 13:00,0.693,9.368,,,,,,,,,,,
2025/6/17 14:00,0.688,9.327,,,,,,,,,,,
2025/6/17 15:00,0.695,9.39,,,,,,,,,,,
2025/6/17 16:00,0.708,9.493,,,,,,,,,,,
2025/6/17 17:00,0.713,9.549,,,,,,,,,,,
2025/6/17 18:00,0.71,9.515,,,,,,,,,,,
2025/6/17 19:00,0.669,9.151,,,,,,,,,,,
2025/6/17 20:00,0.646,8.969,,,,,,,,,,,
2025/6/17 21:00,0.541,8.152,,,,,,,,,,,
2025/6/17 22:00,0.415,7.239,,,,,,,,,,,
2025/6/17 23:00,0.418,7.266,,,,,,,,,,,
2025/6/18 0:00,0.592,8.533,,,,,,,,,,,
2025/6/18 1:00,0.819,10.69,,,,,,,,,,,
2025/6/18 2:00,0.901,12.008,,,,,,,,,,,
2025/6/18 3:00,0.915,12.325,,,,,,,,,,,
2025/6/18 4:00,0.925,12.576,,,,,,,,,,,
2025/6/18 5:00,0.928,12.645,,,,,,,,,,,
2025/6/18 6:00,0.912,12.25,,,,,,,,,,,
2025/6/18 7:00,0.866,11.365,,,,,,,,,,,
2025/6/18 8:00,0.783,10.251,,,,,,,,,,,
2025/6/18 9:00,0.641,8.931,,,,,,,,,,,
2025/6/18 10:00,0.418,7.268,,,,,,,,,,,
2025/6/18 11:00,0.228,5.773,,,,,,,,,,,
2025/6/18 12:00,0.144,4.932,,,,,,,,,,,
2025/6/18 13:00,0.14,4.874,,,,,,,,,,,
2025/6/18 14:00,0.121,4.641,,,,,,,,,,,
2025/6/18 15:00,0.162,5.131,,,,,,,,,,,
2025/6/18 16:00,0.412,7.223,,,,,,,,,,,
2025/6/18 17:00,0.326,6.577,,,,,,,,,,,
2025/6/18 18:00,0.158,5.091,,,,,,,,,,,
2025/6/18 19:00,0.109,4.503,,,,,,,,,,,
2025/6/18 20:00,0.063,3.776,,,,,,,,,,,
2025/6/18 21:00,0.024,2.834,,,,,,,,,,,
2025/6/18 22:00,0.021,2.74,,,,,,,,,,,
2025/6/18 23:00,0.034,3.125,,,,,,,,,,,
2025/6/19 0:00,0.018,2.638,,,,,,,,,,,
2025/6/19 1:00,0.012,2.349,,,,,,,,,,,
2025/6/19 2:00,0.005,1.924,,,,,,,,,,,
2025/6/19 3:00,0.003,1.76,,,,,,,,,,,
2025/6/19 4:00,0.012,2.369,,,,,,,,,,,
2025/6/19 5:00,0.024,2.849,,,,,,,,,,,
2025/6/19 6:00,0.03,3.016,,,,,,,,,,,
2025/6/19 7:00,0.026,2.913,,,,,,,,,,,
2025/6/19 8:00,0.031,3.07,,,,,,,,,,,
2025/6/19 9:00,0.057,3.663,,,,,,,,,,,
2025/6/19 10:00,0.146,4.953,,,,,,,,,,,
2025/6/19 11:00,0.343,6.707,,,,,,,,,,,
2025/6/19 12:00,0.434,7.375,,,,,,,,,,,
2025/6/19 13:00,0.343,6.706,,,,,,,,,,,
2025/6/19 14:00,0.332,6.621,,,,,,,,,,,
2025/6/19 15:00,0.399,7.127,,,,,,,,,,,
2025/6/19 16:00,0.611,8.685,,,,,,,,,,,
2025/6/19 17:00,0.676,9.216,,,,,,,,,,,
2025/6/19 18:00,0.607,8.657,,,,,,,,,,,
2025/6/19 19:00,0.575,8.409,,,,,,,,,,,
2025/6/19 20:00,0.535,8.113,,,,,,,,,,,
2025/6/19 21:00,0.369,6.908,,,,,,,,,,,
2025/6/19 22:00,0.17,5.217,,,,,,,,,,,
2025/6/19 23:00,0.456,7.535,,,,,,,,,,,
2025/6/20 0:00,0.597,8.571,,,,,,,,,,,
2025/6/20 1:00,0.652,9.014,,,,,,,,,,,
2025/6/20 2:00,0.704,9.465,,,,,,,,,,,
2025/6/20 3:00,0.771,10.123,,,,,,,,,,,
2025/6/20 4:00,0.814,10.616,,,,,,,,,,,
2025/6/20 5:00,0.832,10.858,,,,,,,,,,,
2025/6/20 6:00,0.846,11.052,,,,,,,,,,,
2025/6/20 7:00,0.854,11.173,,,,,,,,,,,
2025/6/20 8:00,0.827,10.785,,,,,,,,,,,
2025/6/20 9:00,0.689,9.33,,,,,,,,,,,
2025/6/20 10:00,0.503,7.884,,,,,,,,,,,
2025/6/20 11:00,0.472,7.644,,,,,,,,,,,
2025/6/20 12:00,0.458,7.557,,,,,,,,,,,
2025/6/20 13:00,0.504,7.888,,,,,,,,,,,
2025/6/20 14:00,0.592,8.54,,,,,,,,,,,
2025/6/20 15:00,0.65,8.991,,,,,,,,,,,
2025/6/20 16:00,0.628,8.821,,,,,,,,,,,
2025/6/20 17:00,0.581,8.458,,,,,,,,,,,
2025/6/20 18:00,0.561,8.309,,,,,,,,,,,
2025/6/20 19:00,0.575,8.411,,,,,,,,,,,
2025/6/20 20:00,0.622,8.771,,,,,,,,,,,
2025/6/20 21:00,0.582,8.467,,,,,,,,,,,
2025/6/20 22:00,0.39,7.06,,,,,,,,,,,
2025/6/20 23:00,0.703,9.454,,,,,,,,,,,
2025/6/21 0:00,0.817,10.662,,,,,,,,,,,
2025/6/21 1:00,0.784,10.266,,,,,,,,,,,
2025/6/21 2:00,0.735,9.756,,,,,,,,,,,
2025/6/21 3:00,0.701,9.434,,,,,,,,,,,
2025/6/21 4:00,0.692,9.359,,,,,,,,,,,
2025/6/21 5:00,0.702,9.449,,,,,,,,,,,
2025/6/21 6:00,0.708,9.495,,,,,,,,,,,
2025/6/21 7:00,0.69,9.338,,,,,,,,,,,
2025/6/21 8:00,0.612,8.699,,,,,,,,,,,
2025/6/21 9:00,0.363,6.852,,,,,,,,,,,
2025/6/21 10:00,0.169,5.202,,,,,,,,,,,
2025/6/21 11:00,0.126,4.716,,,,,,,,,,,
2025/6/21 12:00,0.145,4.95,,,,,,,,,,,
2025/6/21 13:00,0.21,5.613,,,,,,,,,,,
2025/6/21 14:00,0.295,6.338,,,,,,,,,,,
2025/6/21 15:00,0.383,7.007,,,,,,,,,,,
2025/6/21 16:00,0.491,7.792,,,,,,,,,,,
2025/6/21 17:00,0.582,8.463,,,,,,,,,,,
2025/6/21 18:00,0.624,8.788,,,,,,,,,,,
2025/6/21 19:00,0.636,8.886,,,,,,,,,,,
2025/6/21 20:00,0.632,8.855,,,,,,,,,,,
2025/6/21 21:00,0.533,8.095,,,,,,,,,,,
2025/6/21 22:00,0.283,6.238,,,,,,,,,,,
2025/6/21 23:00,0.172,5.236,,,,,,,,,,,
2025/6/22 0:00,0.286,6.265,,,,,,,,,,,
2025/6/22 1:00,0.232,5.8,,,,,,,,,,,
2025/6/22 2:00,0.143,4.926,,,,,,,,,,,
2025/6/22 3:00,0.081,4.082,,,,,,,,,,,
2025/6/22 4:00,0.038,3.245,,,,,,,,,,,
2025/6/22 5:00,0.016,2.538,,,,,,,,,,,
2025/6/22 6:00,0.006,2.032,,,,,,,,,,,
2025/6/22 7:00,0.004,1.793,,,,,,,,,,,
2025/6/22 8:00,0.002,1.577,,,,,,,,,,,
2025/6/22 9:00,0,1.045,,,,,,,,,,,
2025/6/22 10:00,0.001,1.203,,,,,,,,,,,
2025/6/22 11:00,0.029,2.992,,,,,,,,,,,
2025/6/22 12:00,0.136,4.837,,,,,,,,,,,
2025/6/22 13:00,0.264,6.08,,,,,,,,,,,
2025/6/22 14:00,0.354,6.796,,,,,,,,,,,
2025/6/22 15:00,0.389,7.055,,,,,,,,,,,
2025/6/22 16:00,0.391,7.069,,,,,,,,,,,
2025/6/22 17:00,0.396,7.108,,,,,,,,,,,
2025/6/22 18:00,0.415,7.236,,,,,,,,,,,
2025/6/22 19:00,0.418,7.264,,,,,,,,,,,
2025/6/22 20:00,0.384,7.016,,,,,,,,,,,
2025/6/22 21:00,0.295,6.335,,,,,,,,,,,
2025/6/22 22:00,0.146,4.953,,,,,,,,,,,
2025/6/22 23:00,0.037,3.206,,,,,,,,,,,
2025/6/23 0:00,0.006,1.994,,,,,,,,,,,
2025/6/23 1:00,0.003,1.756,,,,,,,,,,,
2025/6/23 2:00,0.005,1.92,,,,,,,,,,,
2025/6/23 3:00,0.007,2.102,,,,,,,,,,,
2025/6/23 4:00,0.012,2.347,,,,,,,,,,,
2025/6/23 5:00,0.018,2.626,,,,,,,,,,,
2025/6/23 6:00,0.024,2.84,,,,,,,,,,,
2025/6/23 7:00,0.025,2.88,,,,,,,,,,,
2025/6/23 8:00,0.023,2.812,,,,,,,,,,,
2025/6/23 9:00,0.029,2.987,,,,,,,,,,,
2025/6/23 10:00,0.057,3.652,,,,,,,,,,,
2025/6/23 11:00,0.117,4.607,,,,,,,,,,,
2025/6/23 12:00,0.183,5.354,,,,,,,,,,,
2025/6/23 13:00,0.246,5.932,,,,,,,,,,,
2025/6/23 14:00,0.284,6.253,,,,,,,,,,,
2025/6/23 15:00,0.3,6.375,,,,,,,,,,,
2025/6/23 16:00,0.297,6.356,,,,,,,,,,,
2025/6/23 17:00,0.285,6.256,,,,,,,,,,,
2025/6/23 18:00,0.28,6.217,,,,,,,,,,,
2025/6/23 19:00,0.279,6.207,,,,,,,,,,,
2025/6/23 20:00,0.253,5.992,,,,,,,,,,,
2025/6/23 21:00,0.184,5.366,,,,,,,,,,,
2025/6/23 22:00,0.082,4.099,,,,,,,,,,,
2025/6/23 23:00,0.01,2.246,,,,,,,,,,,
2025/6/24 0:00,0,1.182,,,,,,,,,,,
2025/6/24 1:00,0.005,1.941,,,,,,,,,,,
2025/6/24 2:00,0.015,2.524,,,,,,,,,,,
2025/6/24 3:00,0.022,2.774,,,,,,,,,,,
2025/6/24 4:00,0.018,2.632,,,,,,,,,,,
2025/6/24 5:00,0.012,2.397,,,,,,,,,,,
2025/6/24 6:00,0.012,2.353,,,,,,,,,,,
2025/6/24 7:00,0.016,2.565,,,,,,,,,,,
2025/6/24 8:00,0.028,2.964,,,,,,,,,,,
2025/6/24 9:00,0.064,3.801,,,,,,,,,,,
2025/6/24 10:00,0.176,5.274,,,,,,,,,,,
2025/6/24 11:00,0.377,6.959,,,,,,,,,,,
2025/6/24 12:00,0.488,7.764,,,,,,,,,,,
2025/6/24 13:00,0.443,7.447,,,,,,,,,,,
2025/6/24 14:00,0.357,6.817,,,,,,,,,,,
2025/6/24 15:00,0.288,6.282,,,,,,,,,,,
2025/6/24 16:00,0.225,5.754,,,,,,,,,,,
2025/6/24 17:00,0.162,5.13,,,,,,,,,,,
2025/6/24 18:00,0.114,4.562,,,,,,,,,,,
2025/6/24 19:00,0.085,4.149,,,,,,,,,,,
2025/6/24 20:00,0.065,3.822,,,,,,,,,,,
2025/6/24 21:00,0.054,3.592,,,,,,,,,,,
2025/6/24 22:00,0.028,2.95,,,,,,,,,,,
2025/6/24 23:00,0.002,1.58,,,,,,,,,,,
2025/6/25 0:00,0.007,2.1,,,,,,,,,,,
2025/6/25 1:00,0.037,3.213,,,,,,,,,,,
2025/6/25 2:00,0.067,3.857,,,,,,,,,,,
2025/6/25 3:00,0.08,4.07,,,,,,,,,,,
2025/6/25 4:00,0.076,4.005,,,,,,,,,,,
2025/6/25 5:00,0.075,3.986,,,,,,,,,,,
2025/6/25 6:00,0.078,4.04,,,,,,,,,,,
2025/6/25 7:00,0.073,3.95,,,,,,,,,,,
2025/6/25 8:00,0.061,3.731,,,,,,,,,,,
2025/6/25 9:00,0.051,3.539,,,,,,,,,,,
2025/6/25 10:00,0.061,3.746,,,,,,,,,,,
2025/6/25 11:00,0.093,4.273,,,,,,,,,,,
2025/6/25 12:00,0.11,4.511,,,,,,,,,,,
2025/6/25 13:00,0.135,4.824,,,,,,,,,,,
2025/6/25 14:00,0.158,5.093,,,,,,,,,,,
2025/6/25 15:00,0.179,5.301,,,,,,,,,,,
2025/6/25 16:00,0.175,5.265,,,,,,,,,,,
2025/6/25 17:00,0.156,5.054,,,,,,,,,,,
2025/6/25 18:00,0.11,4.506,,,,,,,,,,,
2025/6/25 19:00,0.05,3.501,,,,,,,,,,,
2025/6/25 20:00,0.027,2.937,,,,,,,,,,,
2025/6/25 21:00,0.014,2.464,,,,,,,,,,,
2025/6/25 22:00,0.002,1.536,,,,,,,,,,,
2025/6/25 23:00,0,0.541,,,,,,,,,,,
2025/6/26 0:00,0.003,1.77,,,,,,,,,,,
2025/6/26 1:00,0.021,2.752,,,,,,,,,,,
2025/6/26 2:00,0.029,3.013,,,,,,,,,,,
2025/6/26 3:00,0.029,3.007,,,,,,,,,,,
2025/6/26 4:00,0.041,3.326,,,,,,,,,,,
2025/6/26 5:00,0.067,3.846,,,,,,,,,,,
2025/6/26 6:00,0.104,4.427,,,,,,,,,,,
2025/6/26 7:00,0.124,4.697,,,,,,,,,,,
2025/6/26 8:00,0.113,4.558,,,,,,,,,,,
2025/6/26 9:00,0.131,4.772,,,,,,,,,,,
2025/6/26 10:00,0.231,5.791,,,,,,,,,,,
2025/6/26 11:00,0.401,7.137,,,,,,,,,,,
2025/6/26 12:00,0.514,7.961,,,,,,,,,,,
2025/6/26 13:00,0.544,8.174,,,,,,,,,,,
2025/6/26 14:00,0.509,7.919,,,,,,,,,,,
2025/6/26 15:00,0.446,7.468,,,,,,,,,,,
2025/6/26 16:00,0.369,6.908,,,,,,,,,,,
2025/6/26 17:00,0.278,6.201,,,,,,,,,,,
2025/6/26 18:00,0.195,5.471,,,,,,,,,,,
2025/6/26 19:00,0.144,4.93,,,,,,,,,,,
2025/6/26 20:00,0.08,4.064,,,,,,,,,,,
2025/6/26 21:00,0.028,2.954,,,,,,,,,,,
2025/6/26 22:00,0.005,1.894,,,,,,,,,,,
2025/6/26 23:00,0.015,2.52,,,,,,,,,,,
2025/6/27 0:00,0.082,4.108,,,,,,,,,,,
2025/6/27 1:00,0.163,5.147,,,,,,,,,,,
2025/6/27 2:00,0.214,5.652,,,,,,,,,,,
2025/6/27 3:00,0.218,5.683,,,,,,,,,,,
2025/6/27 4:00,0.232,5.799,,,,,,,,,,,
2025/6/27 5:00,0.233,5.824,,,,,,,,,,,
2025/6/27 6:00,0.222,5.722,,,,,,,,,,,
2025/6/27 7:00,0.208,5.58,,,,,,,,,,,
2025/6/27 8:00,0.183,5.348,,,,,,,,,,,
2025/6/27 9:00,0.175,5.265,,,,,,,,,,,
2025/6/27 10:00,0.158,5.095,,,,,,,,,,,
2025/6/27 11:00,0.171,5.223,,,,,,,,,,,
2025/6/27 12:00,0.187,5.391,,,,,,,,,,,
2025/6/27 13:00,0.179,5.302,,,,,,,,,,,
2025/6/27 14:00,0.153,5.027,,,,,,,,,,,
2025/6/27 15:00,0.122,4.666,,,,,,,,,,,
2025/6/27 16:00,0.113,4.557,,,,,,,,,,,
2025/6/27 17:00,0.109,4.503,,,,,,,,,,,
2025/6/27 18:00,0.098,4.35,,,,,,,,,,,
2025/6/27 19:00,0.081,4.088,,,,,,,,,,,
2025/6/27 20:00,0.066,3.84,,,,,,,,,,,
2025/6/27 21:00,0.045,3.414,,,,,,,,,,,
2025/6/27 22:00,0.026,2.915,,,,,,,,,,,
2025/6/27 23:00,0.019,2.685,,,,,,,,,,,
2025/6/28 0:00,0.013,2.404,,,,,,,,,,,
2025/6/28 1:00,0.006,2.016,,,,,,,,,,,
2025/6/28 2:00,0.004,1.844,,,,,,,,,,,
2025/6/28 3:00,0.005,1.879,,,,,,,,,,,
2025/6/28 4:00,0.009,2.216,,,,,,,,,,,
2025/6/28 5:00,0.022,2.775,,,,,,,,,,,
2025/6/28 6:00,0.044,3.395,,,,,,,,,,,
2025/6/28 7:00,0.084,4.121,,,,,,,,,,,
2025/6/28 8:00,0.143,4.92,,,,,,,,,,,
2025/6/28 9:00,0.242,5.902,,,,,,,,,,,
2025/6/28 10:00,0.384,7.022,,,,,,,,,,,
2025/6/28 11:00,0.565,8.326,,,,,,,,,,,
2025/6/28 12:00,0.622,8.773,,,,,,,,,,,
2025/6/28 13:00,0.565,8.336,,,,,,,,,,,
2025/6/28 14:00,0.516,7.973,,,,,,,,,,,
2025/6/28 15:00,0.478,7.7,,,,,,,,,,,
2025/6/28 16:00,0.456,7.531,,,,,,,,,,,
2025/6/28 17:00,0.441,7.42,,,,,,,,,,,
2025/6/28 18:00,0.416,7.244,,,,,,,,,,,
2025/6/28 19:00,0.409,7.192,,,,,,,,,,,
2025/6/28 20:00,0.426,7.324,,,,,,,,,,,
2025/6/28 21:00,0.335,6.655,,,,,,,,,,,
2025/6/28 22:00,0.272,6.152,,,,,,,,,,,
2025/6/28 23:00,0.284,6.247,,,,,,,,,,,
2025/6/29 0:00,0.19,5.418,,,,,,,,,,,
2025/6/29 1:00,0.169,5.199,,,,,,,,,,,
2025/6/29 2:00,0.19,5.424,,,,,,,,,,,
2025/6/29 3:00,0.198,5.502,,,,,,,,,,,
2025/6/29 4:00,0.235,5.835,,,,,,,,,,,
2025/6/29 5:00,0.293,6.324,,,,,,,,,,,
2025/6/29 6:00,0.381,6.992,,,,,,,,,,,
2025/6/29 7:00,0.488,7.768,,,,,,,,,,,
2025/6/29 8:00,0.566,8.342,,,,,,,,,,,
2025/6/29 9:00,0.594,8.554,,,,,,,,,,,
2025/6/29 10:00,0.575,8.403,,,,,,,,,,,
2025/6/29 11:00,0.592,8.539,,,,,,,,,,,
2025/6/29 12:00,0.538,8.139,,,,,,,,,,,
2025/6/29 13:00,0.485,7.751,,,,,,,,,,,
2025/6/29 14:00,0.456,7.54,,,,,,,,,,,
2025/6/29 15:00,0.396,7.099,,,,,,,,,,,
2025/6/29 16:00,0.335,6.653,,,,,,,,,,,
2025/6/29 17:00,0.292,6.317,,,,,,,,,,,
2025/6/29 18:00,0.275,6.178,,,,,,,,,,,
2025/6/29 19:00,0.265,6.092,,,,,,,,,,,
2025/6/29 20:00,0.271,6.146,,,,,,,,,,,
2025/6/29 21:00,0.227,5.764,,,,,,,,,,,
2025/6/29 22:00,0.162,5.133,,,,,,,,,,,
2025/6/29 23:00,0.095,4.304,,,,,,,,,,,
2025/6/30 0:00,0.056,3.641,,,,,,,,,,,
2025/6/30 1:00,0.044,3.387,,,,,,,,,,,
2025/6/30 2:00,0.045,3.404,,,,,,,,,,,
2025/6/30 3:00,0.051,3.536,,,,,,,,,,,
2025/6/30 4:00,0.061,3.736,,,,,,,,,,,
2025/6/30 5:00,0.077,4.019,,,,,,,,,,,
2025/6/30 6:00,0.097,4.327,,,,,,,,,,,
2025/6/30 7:00,0.131,4.772,,,,,,,,,,,
2025/6/30 8:00,0.18,5.311,,,,,,,,,,,
2025/6/30 9:00,0.262,6.069,,,,,,,,,,,
2025/6/30 10:00,0.4,7.135,,,,,,,,,,,
2025/6/30 11:00,0.553,8.243,,,,,,,,,,,
2025/6/30 12:00,0.55,8.222,,,,,,,,,,,
2025/6/30 13:00,0.448,7.482,,,,,,,,,,,
2025/6/30 14:00,0.374,6.939,,,,,,,,,,,
2025/6/30 15:00,0.315,6.496,,,,,,,,,,,
2025/6/30 16:00,0.298,6.361,,,,,,,,,,,
2025/6/30 17:00,0.302,6.398,,,,,,,,,,,
2025/6/30 18:00,0.295,6.337,,,,,,,,,,,
2025/6/30 19:00,0.274,6.166,,,,,,,,,,,
2025/6/30 20:00,0.3,6.382,,,,,,,,,,,
2025/6/30 21:00,0.334,6.647,,,,,,,,,,,
2025/6/30 22:00,0.315,6.493,,,,,,,,,,,
2025/6/30 23:00,0.46,7.57,,,,,,,,,,,
2025/7/1 0:00,0.602,8.616,,,,,,,,,,,
2025/7/1 1:00,0.714,9.559,,,,,,,,,,,
2025/7/1 2:00,0.804,10.501,,,,,,,,,,,
2025/7/1 3:00,0.856,11.206,,,,,,,,,,,
2025/7/1 4:00,0.875,11.51,,,,,,,,,,,
2025/7/1 5:00,0.857,11.226,,,,,,,,,,,
2025/7/1 6:00,0.78,10.223,,,,,,,,,,,
2025/7/1 7:00,0.657,9.05,,,,,,,,,,,
2025/7/1 8:00,0.497,7.835,,,,,,,,,,,
2025/7/1 9:00,0.336,6.659,,,,,,,,,,,
2025/7/1 10:00,0.249,5.949,,,,,,,,,,,
2025/7/1 11:00,0.297,6.354,,,,,,,,,,,
2025/7/1 12:00,0.358,6.825,,,,,,,,,,,
2025/7/1 13:00,0.432,7.365,,,,,,,,,,,
2025/7/1 14:00,0.478,7.7,,,,,,,,,,,
2025/7/1 15:00,0.458,7.555,,,,,,,,,,,
2025/7/1 16:00,0.409,7.201,,,,,,,,,,,
2025/7/1 17:00,0.403,7.15,,,,,,,,,,,
2025/7/1 18:00,0.46,7.569,,,,,,,,,,,
2025/7/1 19:00,0.544,8.173,,,,,,,,,,,
2025/7/1 20:00,0.587,8.501,,,,,,,,,,,
2025/7/1 21:00,0.516,7.977,,,,,,,,,,,
2025/7/1 22:00,0.317,6.517,,,,,,,,,,,
2025/7/1 23:00,0.334,6.644,,,,,,,,,,,
2025/7/2 0:00,0.41,7.207,,,,,,,,,,,
2025/7/2 1:00,0.341,6.698,,,,,,,,,,,
2025/7/2 2:00,0.327,6.589,,,,,,,,,,,
2025/7/2 3:00,0.295,6.332,,,,,,,,,,,
2025/7/2 4:00,0.276,6.186,,,,,,,,,,,
2025/7/2 5:00,0.313,6.477,,,,,,,,,,,
2025/7/2 6:00,0.353,6.786,,,,,,,,,,,
2025/7/2 7:00,0.453,7.518,,,,,,,,,,,
2025/7/2 8:00,0.541,8.153,,,,,,,,,,,
2025/7/2 9:00,0.629,8.824,,,,,,,,,,,
2025/7/2 10:00,0.7,9.42,,,,,,,,,,,
2025/7/2 11:00,0.756,9.97,,,,,,,,,,,
2025/7/2 12:00,0.771,10.125,,,,,,,,,,,
2025/7/2 13:00,0.746,9.868,,,,,,,,,,,
2025/7/2 14:00,0.722,9.632,,,,,,,,,,,
2025/7/2 15:00,0.682,9.262,,,,,,,,,,,
2025/7/2 16:00,0.587,8.498,,,,,,,,,,,
2025/7/2 17:00,0.406,7.17,,,,,,,,,,,
2025/7/2 18:00,0.301,6.392,,,,,,,,,,,
2025/7/2 19:00,0.092,4.26,,,,,,,,,,,
2025/7/2 20:00,0.064,3.793,,,,,,,,,,,
2025/7/2 21:00,0.039,3.257,,,,,,,,,,,
2025/7/2 22:00,0.015,2.526,,,,,,,,,,,
2025/7/2 23:00,0.028,2.972,,,,,,,,,,,
2025/7/3 0:00,0.042,3.35,,,,,,,,,,,
2025/7/3 1:00,0.044,3.384,,,,,,,,,,,
2025/7/3 2:00,0.051,3.533,,,,,,,,,,,
2025/7/3 3:00,0.054,3.592,,,,,,,,,,,
2025/7/3 4:00,0.053,3.579,,,,,,,,,,,
2025/7/3 5:00,0.057,3.66,,,,,,,,,,,
2025/7/3 6:00,0.07,3.909,,,,,,,,,,,
2025/7/3 7:00,0.092,4.256,,,,,,,,,,,
2025/7/3 8:00,0.104,4.431,,,,,,,,,,,
2025/7/3 9:00,0.127,4.731,,,,,,,,,,,
2025/7/3 10:00,0.166,5.179,,,,,,,,,,,
2025/7/3 11:00,0.21,5.612,,,,,,,,,,,
2025/7/3 12:00,0.261,6.063,,,,,,,,,,,
2025/7/3 13:00,0.3,6.375,,,,,,,,,,,
2025/7/3 14:00,0.305,6.416,,,,,,,,,,,
2025/7/3 15:00,0.291,6.306,,,,,,,,,,,
2025/7/3 16:00,0.258,6.04,,,,,,,,,,,
2025/7/3 17:00,0.221,5.707,,,,,,,,,,,
2025/7/3 18:00,0.22,5.699,,,,,,,,,,,
2025/7/3 19:00,0.206,5.569,,,,,,,,,,,
2025/7/3 20:00,0.193,5.446,,,,,,,,,,,
2025/7/3 21:00,0.15,5,,,,,,,,,,,
2025/7/3 22:00,0.087,4.182,,,,,,,,,,,
2025/7/3 23:00,0.05,3.522,,,,,,,,,,,
2025/7/4 0:00,0.026,2.9,,,,,,,,,,,
2025/7/4 1:00,0.022,2.784,,,,,,,,,,,
2025/7/4 2:00,0.002,1.514,,,,,,,,,,,
2025/7/4 3:00,0,0.422,,,,,,,,,,,
2025/7/4 4:00,0,0.082,,,,,,,,,,,
2025/7/4 5:00,0,0.641,,,,,,,,,,,
2025/7/4 6:00,0.002,1.624,,,,,,,,,,,
2025/7/4 7:00,0.01,2.247,,,,,,,,,,,
2025/7/4 8:00,0.032,3.084,,,,,,,,,,,
2025/7/4 9:00,0.095,4.299,,,,,,,,,,,
2025/7/4 10:00,0.213,5.636,,,,,,,,,,,
2025/7/4 11:00,0.405,7.165,,,,,,,,,,,
2025/7/4 12:00,0.538,8.14,,,,,,,,,,,
2025/7/4 13:00,0.537,8.119,,,,,,,,,,,
2025/7/4 14:00,0.447,7.479,,,,,,,,,,,
2025/7/4 15:00,0.373,6.932,,,,,,,,,,,
2025/7/4 16:00,0.354,6.799,,,,,,,,,,,
2025/7/4 17:00,0.351,6.768,,,,,,,,,,,
2025/7/4 18:00,0.329,6.608,,,,,,,,,,,
2025/7/4 19:00,0.317,6.516,,,,,,,,,,,
2025/7/4 20:00,0.332,6.62,,,,,,,,,,,
2025/7/4 21:00,0.232,5.807,,,,,,,,,,,
2025/7/4 22:00,0.154,5.032,,,,,,,,,,,
2025/7/4 23:00,0.115,4.578,,,,,,,,,,,
2025/7/5 0:00,0.09,4.23,,,,,,,,,,,
2025/7/5 1:00,0.129,4.754,,,,,,,,,,,
2025/7/5 2:00,0.261,6.051,,,,,,,,,,,
2025/7/5 3:00,0.549,8.219,,,,,,,,,,,
2025/7/5 4:00,0.845,11.033,,,,,,,,,,,
2025/7/5 5:00,0.899,11.979,,,,,,,,,,,
2025/7/5 6:00,0.85,11.11,,,,,,,,,,,
2025/7/5 7:00,0.783,10.251,,,,,,,,,,,
2025/7/5 8:00,0.753,9.923,,,,,,,,,,,
2025/7/5 9:00,0.684,9.293,,,,,,,,,,,
2025/7/5 10:00,0.514,7.965,,,,,,,,,,,
2025/7/5 11:00,0.389,7.053,,,,,,,,,,,
2025/7/5 12:00,0.329,6.607,,,,,,,,,,,
2025/7/5 13:00,0.321,6.542,,,,,,,,,,,
2025/7/5 14:00,0.414,7.235,,,,,,,,,,,
2025/7/5 15:00,0.506,7.895,,,,,,,,,,,
2025/7/5 16:00,0.519,8,,,,,,,,,,,
2025/7/5 17:00,0.512,7.943,,,,,,,,,,,
2025/7/5 18:00,0.49,7.781,,,,,,,,,,,
2025/7/5 19:00,0.488,7.772,,,,,,,,,,,
2025/7/5 20:00,0.5,7.854,,,,,,,,,,,
2025/7/5 21:00,0.421,7.287,,,,,,,,,,,
2025/7/5 22:00,0.21,5.615,,,,,,,,,,,
2025/7/5 23:00,0.157,5.075,,,,,,,,,,,
2025/7/6 0:00,0.187,5.393,,,,,,,,,,,
2025/7/6 1:00,0.136,4.845,,,,,,,,,,,
2025/7/6 2:00,0.087,4.186,,,,,,,,,,,
2025/7/6 3:00,0.052,3.56,,,,,,,,,,,
2025/7/6 4:00,0.029,3.015,,,,,,,,,,,
2025/7/6 5:00,0.014,2.478,,,,,,,,,,,
2025/7/6 6:00,0.005,1.94,,,,,,,,,,,
2025/7/6 7:00,0.001,1.219,,,,,,,,,,,
2025/7/6 8:00,0,0.637,,,,,,,,,,,
2025/7/6 9:00,0.001,1.282,,,,,,,,,,,
2025/7/6 10:00,0.013,2.438,,,,,,,,,,,
2025/7/6 11:00,0.08,4.077,,,,,,,,,,,
2025/7/6 12:00,0.17,5.221,,,,,,,,,,,
2025/7/6 13:00,0.238,5.868,,,,,,,,,,,
2025/7/6 14:00,0.295,6.334,,,,,,,,,,,
2025/7/6 15:00,0.321,6.547,,,,,,,,,,,
2025/7/6 16:00,0.322,6.552,,,,,,,,,,,
2025/7/6 17:00,0.315,6.502,,,,,,,,,,,
2025/7/6 18:00,0.278,6.195,,,,,,,,,,,
2025/7/6 19:00,0.232,5.809,,,,,,,,,,,
2025/7/6 20:00,0.186,5.381,,,,,,,,,,,
2025/7/6 21:00,0.137,4.855,,,,,,,,,,,
2025/7/6 22:00,0.039,3.264,,,,,,,,,,,
2025/7/6 23:00,0.001,1.264,,,,,,,,,,,
2025/7/7 0:00,0.003,1.727,,,,,,,,,,,
2025/7/7 1:00,0.024,2.831,,,,,,,,,,,
2025/7/7 2:00,0.041,3.319,,,,,,,,,,,
2025/7/7 3:00,0.056,3.632,,,,,,,,,,,
2025/7/7 4:00,0.078,4.034,,,,,,,,,,,
2025/7/7 5:00,0.12,4.636,,,,,,,,,,,
2025/7/7 6:00,0.195,5.474,,,,,,,,,,,
2025/7/7 7:00,0.297,6.357,,,,,,,,,,,
2025/7/7 8:00,0.413,7.232,,,,,,,,,,,
2025/7/7 9:00,0.528,8.056,,,,,,,,,,,
2025/7/7 10:00,0.613,8.704,,,,,,,,,,,
2025/7/7 11:00,0.652,9.02,,,,,,,,,,,
2025/7/7 12:00,0.652,9.015,,,,,,,,,,,
2025/7/7 13:00,0.599,8.597,,,,,,,,,,,
2025/7/7 14:00,0.511,7.941,,,,,,,,,,,
2025/7/7 15:00,0.424,7.308,,,,,,,,,,,
2025/7/7 16:00,0.352,6.779,,,,,,,,,,,
2025/7/7 17:00,0.253,5.994,,,,,,,,,,,
2025/7/7 18:00,0.16,5.114,,,,,,,,,,,
2025/7/7 19:00,0.092,4.262,,,,,,,,,,,
2025/7/7 20:00,0.047,3.45,,,,,,,,,,,
2025/7/7 21:00,0.043,3.36,,,,,,,,,,,
2025/7/7 22:00,0.044,3.385,,,,,,,,,,,
2025/7/7 23:00,0.081,4.094,,,,,,,,,,,
2025/7/8 0:00,0.184,5.362,,,,,,,,,,,
2025/7/8 1:00,0.269,6.13,,,,,,,,,,,
2025/7/8 2:00,0.354,6.794,,,,,,,,,,,
2025/7/8 3:00,0.418,7.262,,,,,,,,,,,
2025/7/8 4:00,0.434,7.374,,,,,,,,,,,
2025/7/8 5:00,0.412,7.225,,,,,,,,,,,
2025/7/8 6:00,0.397,7.114,,,,,,,,,,,
2025/7/8 7:00,0.406,7.171,,,,,,,,,,,
2025/7/8 8:00,0.418,7.264,,,,,,,,,,,
2025/7/8 9:00,0.441,7.43,,,,,,,,,,,
2025/7/8 10:00,0.488,7.768,,,,,,,,,,,
2025/7/8 11:00,0.556,8.259,,,,,,,,,,,
2025/7/8 12:00,0.545,8.19,,,,,,,,,,,
2025/7/8 13:00,0.465,7.599,,,,,,,,,,,
2025/7/8 14:00,0.389,7.056,,,,,,,,,,,
2025/7/8 15:00,0.328,6.594,,,,,,,,,,,
2025/7/8 16:00,0.289,6.297,,,,,,,,,,,
2025/7/8 17:00,0.25,5.964,,,,,,,,,,,
2025/7/8 18:00,0.217,5.673,,,,,,,,,,,
2025/7/8 19:00,0.186,5.384,,,,,,,,,,,
2025/7/8 20:00,0.161,5.117,,,,,,,,,,,
2025/7/8 21:00,0.099,4.353,,,,,,,,,,,
2025/7/8 22:00,0.08,4.077,,,,,,,,,,,
2025/7/8 23:00,0.085,4.144,,,,,,,,,,,
2025/7/9 0:00,0.068,3.867,,,,,,,,,,,
2025/7/9 1:00,0.075,3.996,,,,,,,,,,,
2025/7/9 2:00,0.108,4.484,,,,,,,,,,,
2025/7/9 3:00,0.15,5.003,,,,,,,,,,,
2025/7/9 4:00,0.182,5.341,,,,,,,,,,,
2025/7/9 5:00,0.211,5.619,,,,,,,,,,,
2025/7/9 6:00,0.237,5.858,,,,,,,,,,,
2025/7/9 7:00,0.269,6.128,,,,,,,,,,,
2025/7/9 8:00,0.321,6.543,,,,,,,,,,,
2025/7/9 9:00,0.394,7.087,,,,,,,,,,,
2025/7/9 10:00,0.487,7.758,,,,,,,,,,,
2025/7/9 11:00,0.619,8.743,,,,,,,,,,,
2025/7/9 12:00,0.639,8.912,,,,,,,,,,,
2025/7/9 13:00,0.583,8.471,,,,,,,,,,,
2025/7/9 14:00,0.534,8.11,,,,,,,,,,,
2025/7/9 15:00,0.488,7.771,,,,,,,,,,,
2025/7/9 16:00,0.45,7.496,,,,,,,,,,,
2025/7/9 17:00,0.416,7.25,,,,,,,,,,,
2025/7/9 18:00,0.396,7.107,,,,,,,,,,,
2025/7/9 19:00,0.369,6.906,,,,,,,,,,,
2025/7/9 20:00,0.331,6.614,,,,,,,,,,,
2025/7/9 21:00,0.242,5.9,,,,,,,,,,,
2025/7/9 22:00,0.363,6.855,,,,,,,,,,,
2025/7/9 23:00,0.441,7.423,,,,,,,,,,,
2025/7/10 0:00,0.409,7.196,,,,,,,,,,,
2025/7/10 1:00,0.352,6.777,,,,,,,,,,,
2025/7/10 2:00,0.315,6.486,,,,,,,,,,,
2025/7/10 3:00,0.295,6.337,,,,,,,,,,,
2025/7/10 4:00,0.296,6.346,,,,,,,,,,,
2025/7/10 5:00,0.311,6.47,,,,,,,,,,,
2025/7/10 6:00,0.339,6.683,,,,,,,,,,,
2025/7/10 7:00,0.372,6.924,,,,,,,,,,,
2025/7/10 8:00,0.393,7.079,,,,,,,,,,,
2025/7/10 9:00,0.381,6.997,,,,,,,,,,,
2025/7/10 10:00,0.39,7.061,,,,,,,,,,,
2025/7/10 11:00,0.457,7.552,,,,,,,,,,,
2025/7/10 12:00,0.493,7.806,,,,,,,,,,,
2025/7/10 13:00,0.485,7.745,,,,,,,,,,,
2025/7/10 14:00,0.431,7.353,,,,,,,,,,,
2025/7/10 15:00,0.368,6.895,,,,,,,,,,,
2025/7/10 16:00,0.344,6.721,,,,,,,,,,,
2025/7/10 17:00,0.351,6.768,,,,,,,,,,,
2025/7/10 18:00,0.362,6.847,,,,,,,,,,,
2025/7/10 19:00,0.365,6.871,,,,,,,,,,,
2025/7/10 20:00,0.359,6.826,,,,,,,,,,,
2025/7/10 21:00,0.296,6.343,,,,,,,,,,,
2025/7/10 22:00,0.344,6.717,,,,,,,,,,,
2025/7/10 23:00,0.453,7.511,,,,,,,,,,,
2025/7/11 0:00,0.465,7.605,,,,,,,,,,,
2025/7/11 1:00,0.45,7.492,,,,,,,,,,,
2025/7/11 2:00,0.447,7.476,,,,,,,,,,,
2025/7/11 3:00,0.481,7.72,,,,,,,,,,,
2025/7/11 4:00,0.541,8.158,,,,,,,,,,,
2025/7/11 5:00,0.592,8.54,,,,,,,,,,,
2025/7/11 6:00,0.634,8.871,,,,,,,,,,,
2025/7/11 7:00,0.66,9.086,,,,,,,,,,,
2025/7/11 8:00,0.662,9.104,,,,,,,,,,,
2025/7/11 9:00,0.625,8.794,,,,,,,,,,,
2025/7/11 10:00,0.569,8.367,,,,,,,,,,,
2025/7/11 11:00,0.6,8.601,,,,,,,,,,,
2025/7/11 12:00,0.617,8.734,,,,,,,,,,,
2025/7/11 13:00,0.565,8.326,,,,,,,,,,,
2025/7/11 14:00,0.513,7.955,,,,,,,,,,,
2025/7/11 15:00,0.497,7.838,,,,,,,,,,,
2025/7/11 16:00,0.493,7.812,,,,,,,,,,,
2025/7/11 17:00,0.49,7.789,,,,,,,,,,,
2025/7/11 18:00,0.485,7.752,,,,,,,,,,,
2025/7/11 19:00,0.537,8.122,,,,,,,,,,,
2025/7/11 20:00,0.513,7.952,,,,,,,,,,,
2025/7/11 21:00,0.384,7.008,,,,,,,,,,,
2025/7/11 22:00,0.314,6.484,,,,,,,,,,,
2025/7/11 23:00,0.257,6.026,,,,,,,,,,,
2025/7/12 0:00,0.134,4.805,,,,,,,,,,,
2025/7/12 1:00,0.069,3.874,,,,,,,,,,,
2025/7/12 2:00,0.043,3.359,,,,,,,,,,,
2025/7/12 3:00,0.025,2.864,,,,,,,,,,,
2025/7/12 4:00,0.014,2.461,,,,,,,,,,,
2025/7/12 5:00,0.02,2.697,,,,,,,,,,,
2025/7/12 6:00,0.034,3.14,,,,,,,,,,,
2025/7/12 7:00,0.049,3.497,,,,,,,,,,,
2025/7/12 8:00,0.112,4.535,,,,,,,,,,,
2025/7/12 9:00,0.212,5.63,,,,,,,,,,,
2025/7/12 10:00,0.295,6.331,,,,,,,,,,,
2025/7/12 11:00,0.427,7.325,,,,,,,,,,,
2025/7/12 12:00,0.457,7.55,,,,,,,,,,,
2025/7/12 13:00,0.408,7.189,,,,,,,,,,,
2025/7/12 14:00,0.376,6.955,,,,,,,,,,,
2025/7/12 15:00,0.384,7.022,,,,,,,,,,,
2025/7/12 16:00,0.41,7.21,,,,,,,,,,,
2025/7/12 17:00,0.411,7.219,,,,,,,,,,,
2025/7/12 18:00,0.39,7.061,,,,,,,,,,,
2025/7/12 19:00,0.403,7.155,,,,,,,,,,,
2025/7/12 20:00,0.45,7.489,,,,,,,,,,,
2025/7/12 21:00,0.399,7.119,,,,,,,,,,,
2025/7/12 22:00,0.365,6.871,,,,,,,,,,,
2025/7/12 23:00,0.641,8.924,,,,,,,,,,,
2025/7/13 0:00,0.719,9.601,,,,,,,,,,,
2025/7/13 1:00,0.737,9.775,,,,,,,,,,,
2025/7/13 2:00,0.739,9.792,,,,,,,,,,,
2025/7/13 3:00,0.736,9.764,,,,,,,,,,,
2025/7/13 4:00,0.725,9.657,,,,,,,,,,,
2025/7/13 5:00,0.71,9.524,,,,,,,,,,,
2025/7/13 6:00,0.68,9.246,,,,,,,,,,,
2025/7/13 7:00,0.649,8.988,,,,,,,,,,,
2025/7/13 8:00,0.627,8.817,,,,,,,,,,,
2025/7/13 9:00,0.57,8.374,,,,,,,,,,,
2025/7/13 10:00,0.434,7.377,,,,,,,,,,,
2025/7/13 11:00,0.38,6.984,,,,,,,,,,,
2025/7/13 12:00,0.295,6.329,,,,,,,,,,,
2025/7/13 13:00,0.178,5.296,,,,,,,,,,,
2025/7/13 14:00,0.08,4.065,,,,,,,,,,,
2025/7/13 15:00,0.023,2.811,,,,,,,,,,,
2025/7/13 16:00,0.011,2.308,,,,,,,,,,,
2025/7/13 17:00,0.023,2.819,,,,,,,,,,,
2025/7/13 18:00,0.055,3.612,,,,,,,,,,,
2025/7/13 19:00,0.095,4.292,,,,,,,,,,,
2025/7/13 20:00,0.166,5.179,,,,,,,,,,,
2025/7/13 21:00,0.179,5.305,,,,,,,,,,,
2025/7/13 22:00,0.081,4.084,,,,,,,,,,,
2025/7/13 23:00,0.054,3.6,,,,,,,,,,,
2025/7/14 0:00,0.061,3.735,,,,,,,,,,,
2025/7/14 1:00,0.069,3.874,,,,,,,,,,,
2025/7/14 2:00,0.082,4.101,,,,,,,,,,,
2025/7/14 3:00,0.09,4.235,,,,,,,,,,,
2025/7/14 4:00,0.095,4.305,,,,,,,,,,,
2025/7/14 5:00,0.102,4.386,,,,,,,,,,,
2025/7/14 6:00,0.087,4.188,,,,,,,,,,,
2025/7/14 7:00,0.074,3.974,,,,,,,,,,,
2025/7/14 8:00,0.07,3.892,,,,,,,,,,,
2025/7/14 9:00,0.063,3.771,,,,,,,,,,,
2025/7/14 10:00,0.089,4.21,,,,,,,,,,,
2025/7/14 11:00,0.117,4.604,,,,,,,,,,,
2025/7/14 12:00,0.126,4.724,,,,,,,,,,,
2025/7/14 13:00,0.116,4.593,,,,,,,,,,,
2025/7/14 14:00,0.095,4.295,,,,,,,,,,,
2025/7/14 15:00,0.088,4.189,,,,,,,,,,,
2025/7/14 16:00,0.089,4.216,,,,,,,,,,,
2025/7/14 17:00,0.08,4.079,,,,,,,,,,,
2025/7/14 18:00,0.065,3.812,,,,,,,,,,,
2025/7/14 19:00,0.053,3.586,,,,,,,,,,,
2025/7/14 20:00,0.06,3.717,,,,,,,,,,,
2025/7/14 21:00,0.07,3.903,,,,,,,,,,,
2025/7/14 22:00,0.051,3.546,,,,,,,,,,,
2025/7/14 23:00,0.061,3.739,,,,,,,,,,,
2025/7/15 0:00,0.11,4.509,,,,,,,,,,,
2025/7/15 1:00,0.137,4.849,,,,,,,,,,,
2025/7/15 2:00,0.181,5.322,,,,,,,,,,,
2025/7/15 3:00,0.231,5.795,,,,,,,,,,,
2025/7/15 4:00,0.297,6.351,,,,,,,,,,,
2025/7/15 5:00,0.368,6.901,,,,,,,,,,,
2025/7/15 6:00,0.388,7.05,,,,,,,,,,,
2025/7/15 7:00,0.332,6.625,,,,,,,,,,,
2025/7/15 8:00,0.219,5.691,,,,,,,,,,,
2025/7/15 9:00,0.136,4.838,,,,,,,,,,,
2025/7/15 10:00,0.097,4.332,,,,,,,,,,,
2025/7/15 11:00,0.064,3.788,,,,,,,,,,,
2025/7/15 12:00,0.046,3.421,,,,,,,,,,,
2025/7/15 13:00,0.031,3.07,,,,,,,,,,,
2025/7/15 14:00,0.025,2.881,,,,,,,,,,,
2025/7/15 15:00,0.032,3.081,,,,,,,,,,,
2025/7/15 16:00,0.044,3.394,,,,,,,,,,,
2025/7/15 17:00,0.057,3.662,,,,,,,,,,,
2025/7/15 18:00,0.086,4.172,,,,,,,,,,,
2025/7/15 19:00,0.1,4.372,,,,,,,,,,,
2025/7/15 20:00,0.109,4.496,,,,,,,,,,,
2025/7/15 21:00,0.123,4.678,,,,,,,,,,,
2025/7/15 22:00,0.133,4.789,,,,,,,,,,,
2025/7/15 23:00,0.167,5.19,,,,,,,,,,,
2025/7/16 0:00,0.174,5.256,,,,,,,,,,,
2025/7/16 1:00,0.192,5.436,,,,,,,,,,,
2025/7/16 2:00,0.24,5.885,,,,,,,,,,,
2025/7/16 3:00,0.325,6.572,,,,,,,,,,,
2025/7/16 4:00,0.447,7.48,,,,,,,,,,,
2025/7/16 5:00,0.559,8.285,,,,,,,,,,,
2025/7/16 6:00,0.598,8.583,,,,,,,,,,,
2025/7/16 7:00,0.568,8.353,,,,,,,,,,,
2025/7/16 8:00,0.479,7.705,,,,,,,,,,,
2025/7/16 9:00,0.402,7.144,,,,,,,,,,,
2025/7/16 10:00,0.332,6.619,,,,,,,,,,,
2025/7/16 11:00,0.363,6.858,,,,,,,,,,,
2025/7/16 12:00,0.436,7.387,,,,,,,,,,,
2025/7/16 13:00,0.531,8.079,,,,,,,,,,,
2025/7/16 14:00,0.597,8.57,,,,,,,,,,,
2025/7/16 15:00,0.61,8.674,,,,,,,,,,,
2025/7/16 16:00,0.509,7.916,,,,,,,,,,,
2025/7/16 17:00,0.375,6.95,,,,,,,,,,,
2025/7/16 18:00,0.3,6.379,,,,,,,,,,,
2025/7/16 19:00,0.275,6.173,,,,,,,,,,,
2025/7/16 20:00,0.271,6.143,,,,,,,,,,,
2025/7/16 21:00,0.248,5.944,,,,,,,,,,,
2025/7/16 22:00,0.315,6.498,,,,,,,,,,,
2025/7/16 23:00,0.488,7.772,,,,,,,,,,,
2025/7/17 0:00,0.59,8.522,,,,,,,,,,,
2025/7/17 1:00,0.612,8.7,,,,,,,,,,,
2025/7/17 2:00,0.58,8.454,,,,,,,,,,,
2025/7/17 3:00,0.51,7.925,,,,,,,,,,,
2025/7/17 4:00,0.416,7.247,,,,,,,,,,,
2025/7/17 5:00,0.332,6.632,,,,,,,,,,,
2025/7/17 6:00,0.28,6.218,,,,,,,,,,,
2025/7/17 7:00,0.241,5.896,,,,,,,,,,,
2025/7/17 8:00,0.206,5.569,,,,,,,,,,,
2025/7/17 9:00,0.169,5.2,,,,,,,,,,,
2025/7/17 10:00,0.118,4.613,,,,,,,,,,,
2025/7/17 11:00,0.093,4.27,,,,,,,,,,,
2025/7/17 12:00,0.059,3.699,,,,,,,,,,,
2025/7/17 13:00,0.016,2.54,,,,,,,,,,,
2025/7/17 14:00,0.001,1.355,,,,,,,,,,,
2025/7/17 15:00,0.001,1.358,,,,,,,,,,,
2025/7/17 16:00,0.013,2.428,,,,,,,,,,,
2025/7/17 17:00,0.055,3.611,,,,,,,,,,,
2025/7/17 18:00,0.101,4.372,,,,,,,,,,,
2025/7/17 19:00,0.146,4.959,,,,,,,,,,,
2025/7/17 20:00,0.222,5.722,,,,,,,,,,,
2025/7/17 21:00,0.243,5.908,,,,,,,,,,,
2025/7/17 22:00,0.102,4.396,,,,,,,,,,,
2025/7/17 23:00,0.095,4.296,,,,,,,,,,,
2025/7/18 0:00,0.108,4.486,,,,,,,,,,,
2025/7/18 1:00,0.104,4.428,,,,,,,,,,,
2025/7/18 2:00,0.088,4.193,,,,,,,,,,,
2025/7/18 3:00,0.067,3.852,,,,,,,,,,,
2025/7/18 4:00,0.045,3.408,,,,,,,,,,,
2025/7/18 5:00,0.027,2.948,,,,,,,,,,,
2025/7/18 6:00,0.017,2.583,,,,,,,,,,,
2025/7/18 7:00,0.011,2.31,,,,,,,,,,,
2025/7/18 8:00,0.009,2.206,,,,,,,,,,,
2025/7/18 9:00,0.02,2.717,,,,,,,,,,,
2025/7/18 10:00,0.067,3.852,,,,,,,,,,,
2025/7/18 11:00,0.143,4.924,,,,,,,,,,,
2025/7/18 12:00,0.232,5.8,,,,,,,,,,,
2025/7/18 13:00,0.286,6.258,,,,,,,,,,,
2025/7/18 14:00,0.313,6.477,,,,,,,,,,,
2025/7/18 15:00,0.353,6.786,,,,,,,,,,,
2025/7/18 16:00,0.344,6.709,,,,,,,,,,,
2025/7/18 17:00,0.327,6.585,,,,,,,,,,,
2025/7/18 18:00,0.333,6.637,,,,,,,,,,,
2025/7/18 19:00,0.384,7.013,,,,,,,,,,,
2025/7/18 20:00,0.422,7.296,,,,,,,,,,,
2025/7/18 21:00,0.354,6.793,,,,,,,,,,,
2025/7/18 22:00,0.197,5.492,,,,,,,,,,,
2025/7/18 23:00,0.224,5.743,,,,,,,,,,,
2025/7/19 0:00,0.349,6.748,,,,,,,,,,,
2025/7/19 1:00,0.406,7.18,,,,,,,,,,,
2025/7/19 2:00,0.544,8.172,,,,,,,,,,,
2025/7/19 3:00,0.671,9.169,,,,,,,,,,,
2025/7/19 4:00,0.753,9.922,,,,,,,,,,,
2025/7/19 5:00,0.805,10.505,,,,,,,,,,,
2025/7/19 6:00,0.836,10.901,,,,,,,,,,,
2025/7/19 7:00,0.84,10.965,,,,,,,,,,,
2025/7/19 8:00,0.804,10.487,,,,,,,,,,,
2025/7/19 9:00,0.768,10.081,,,,,,,,,,,
2025/7/19 10:00,0.772,10.138,,,,,,,,,,,
2025/7/19 11:00,0.788,10.308,,,,,,,,,,,
2025/7/19 12:00,0.782,10.243,,,,,,,,,,,
2025/7/19 13:00,0.708,9.498,,,,,,,,,,,
2025/7/19 14:00,0.657,9.049,,,,,,,,,,,
2025/7/19 15:00,0.602,8.622,,,,,,,,,,,
2025/7/19 16:00,0.5,7.859,,,,,,,,,,,
2025/7/19 17:00,0.36,6.829,,,,,,,,,,,
2025/7/19 18:00,0.221,5.703,,,,,,,,,,,
2025/7/19 19:00,0.175,5.271,,,,,,,,,,,
2025/7/19 20:00,0.128,4.737,,,,,,,,,,,
2025/7/19 21:00,0.121,4.645,,,,,,,,,,,
2025/7/19 22:00,0.138,4.86,,,,,,,,,,,
2025/7/19 23:00,0.159,5.097,,,,,,,,,,,
2025/7/20 0:00,0.134,4.803,,,,,,,,,,,
2025/7/20 1:00,0.104,4.434,,,,,,,,,,,
2025/7/20 2:00,0.07,3.885,,,,,,,,,,,
2025/7/20 3:00,0.033,3.109,,,,,,,,,,,
2025/7/20 4:00,0.01,2.277,,,,,,,,,,,
2025/7/20 5:00,0.006,1.997,,,,,,,,,,,
2025/7/20 6:00,0.01,2.267,,,,,,,,,,,
2025/7/20 7:00,0.017,2.58,,,,,,,,,,,
2025/7/20 8:00,0.022,2.77,,,,,,,,,,,
2025/7/20 9:00,0.017,2.578,,,,,,,,,,,
2025/7/20 10:00,0.014,2.485,,,,,,,,,,,
2025/7/20 11:00,0.04,3.285,,,,,,,,,,,
2025/7/20 12:00,0.12,4.636,,,,,,,,,,,
2025/7/20 13:00,0.194,5.452,,,,,,,,,,,
2025/7/20 14:00,0.235,5.841,,,,,,,,,,,
2025/7/20 15:00,0.256,6.019,,,,,,,,,,,
2025/7/20 16:00,0.28,6.211,,,,,,,,,,,
2025/7/20 17:00,0.308,6.437,,,,,,,,,,,
2025/7/20 18:00,0.327,6.581,,,,,,,,,,,
2025/7/20 19:00,0.339,6.683,,,,,,,,,,,
2025/7/20 20:00,0.328,6.595,,,,,,,,,,,
2025/7/20 21:00,0.263,6.076,,,,,,,,,,,
2025/7/20 22:00,0.117,4.605,,,,,,,,,,,
2025/7/20 23:00,0.025,2.864,,,,,,,,,,,
2025/7/21 0:00,0.005,1.885,,,,,,,,,,,
2025/7/21 1:00,0.001,1.373,,,,,,,,,,,
2025/7/21 2:00,0,0.743,,,,,,,,,,,
2025/7/21 3:00,0,0.526,,,,,,,,,,,
2025/7/21 4:00,0,0.889,,,,,,,,,,,
2025/7/21 5:00,0.001,1.466,,,,,,,,,,,
2025/7/21 6:00,0.005,1.949,,,,,,,,,,,
2025/7/21 7:00,0.013,2.406,,,,,,,,,,,
2025/7/21 8:00,0.025,2.876,,,,,,,,,,,
2025/7/21 9:00,0.049,3.487,,,,,,,,,,,
2025/7/21 10:00,0.115,4.572,,,,,,,,,,,
2025/7/21 11:00,0.293,6.323,,,,,,,,,,,
2025/7/21 12:00,0.503,7.872,,,,,,,,,,,
2025/7/21 13:00,0.653,9.024,,,,,,,,,,,
2025/7/21 14:00,0.726,9.665,,,,,,,,,,,
2025/7/21 15:00,0.737,9.776,,,,,,,,,,,
2025/7/21 16:00,0.727,9.681,,,,,,,,,,,
2025/7/21 17:00,0.718,9.593,,,,,,,,,,,
2025/7/21 18:00,0.695,9.388,,,,,,,,,,,
2025/7/21 19:00,0.666,9.137,,,,,,,,,,,
2025/7/21 20:00,0.63,8.835,,,,,,,,,,,
2025/7/21 21:00,0.532,8.093,,,,,,,,,,,
2025/7/21 22:00,0.272,6.158,,,,,,,,,,,
2025/7/21 23:00,0.173,5.252,,,,,,,,,,,
2025/7/22 0:00,0.28,6.221,,,,,,,,,,,
2025/7/22 1:00,0.249,5.952,,,,,,,,,,,
2025/7/22 2:00,0.186,5.384,,,,,,,,,,,
2025/7/22 3:00,0.129,4.761,,,,,,,,,,,
2025/7/22 4:00,0.106,4.463,,,,,,,,,,,
2025/7/22 5:00,0.114,4.559,,,,,,,,,,,
2025/7/22 6:00,0.139,4.87,,,,,,,,,,,
2025/7/22 7:00,0.16,5.111,,,,,,,,,,,
2025/7/22 8:00,0.169,5.201,,,,,,,,,,,
2025/7/22 9:00,0.195,5.461,,,,,,,,,,,
2025/7/22 10:00,0.309,6.442,,,,,,,,,,,
2025/7/22 11:00,0.516,7.977,,,,,,,,,,,
2025/7/22 12:00,0.682,9.274,,,,,,,,,,,
2025/7/22 13:00,0.745,9.852,,,,,,,,,,,
2025/7/22 14:00,0.771,10.125,,,,,,,,,,,
2025/7/22 15:00,0.76,10.007,,,,,,,,,,,
2025/7/22 16:00,0.725,9.661,,,,,,,,,,,
2025/7/22 17:00,0.711,9.526,,,,,,,,,,,
2025/7/22 18:00,0.689,9.334,,,,,,,,,,,
2025/7/22 19:00,0.652,9.017,,,,,,,,,,,
2025/7/22 20:00,0.607,8.651,,,,,,,,,,,
2025/7/22 21:00,0.506,7.896,,,,,,,,,,,
2025/7/22 22:00,0.372,6.929,,,,,,,,,,,
2025/7/22 23:00,0.516,7.973,,,,,,,,,,,
2025/7/23 0:00,0.476,7.683,,,,,,,,,,,
2025/7/23 1:00,0.389,7.056,,,,,,,,,,,
2025/7/23 2:00,0.333,6.636,,,,,,,,,,,
2025/7/23 3:00,0.32,6.539,,,,,,,,,,,
2025/7/23 4:00,0.378,6.978,,,,,,,,,,,
2025/7/23 5:00,0.465,7.598,,,,,,,,,,,
2025/7/23 6:00,0.493,7.809,,,,,,,,,,,
2025/7/23 7:00,0.48,7.711,,,,,,,,,,,
2025/7/23 8:00,0.485,7.751,,,,,,,,,,,
2025/7/23 9:00,0.507,7.902,,,,,,,,,,,
2025/7/23 10:00,0.542,8.162,,,,,,,,,,,
2025/7/23 11:00,0.63,8.833,,,,,,,,,,,
2025/7/23 12:00,0.671,9.177,,,,,,,,,,,
2025/7/23 13:00,0.663,9.111,,,,,,,,,,,
2025/7/23 14:00,0.608,8.663,,,,,,,,,,,
2025/7/23 15:00,0.571,8.381,,,,,,,,,,,
2025/7/23 16:00,0.534,8.101,,,,,,,,,,,
2025/7/23 17:00,0.464,7.595,,,,,,,,,,,
2025/7/23 18:00,0.384,7.01,,,,,,,,,,,
2025/7/23 19:00,0.342,6.704,,,,,,,,,,,
2025/7/23 20:00,0.311,6.459,,,,,,,,,,,
2025/7/23 21:00,0.246,5.936,,,,,,,,,,,
2025/7/23 22:00,0.223,5.728,,,,,,,,,,,
2025/7/23 23:00,0.394,7.085,,,,,,,,,,,
2025/7/24 0:00,0.427,7.325,,,,,,,,,,,
2025/7/24 1:00,0.362,6.849,,,,,,,,,,,
2025/7/24 2:00,0.283,6.239,,,,,,,,,,,
2025/7/24 3:00,0.212,5.634,,,,,,,,,,,
2025/7/24 4:00,0.185,5.368,,,,,,,,,,,
2025/7/24 5:00,0.2,5.514,,,,,,,,,,,
2025/7/24 6:00,0.236,5.846,,,,,,,,,,,
2025/7/24 7:00,0.259,6.043,,,,,,,,,,,
2025/7/24 8:00,0.247,5.94,,,,,,,,,,,
2025/7/24 9:00,0.227,5.767,,,,,,,,,,,
2025/7/24 10:00,0.25,5.957,,,,,,,,,,,
2025/7/24 11:00,0.301,6.39,,,,,,,,,,,
2025/7/24 12:00,0.273,6.161,,,,,,,,,,,
2025/7/24 13:00,0.228,5.774,,,,,,,,,,,
2025/7/24 14:00,0.225,5.752,,,,,,,,,,,
2025/7/24 15:00,0.267,6.109,,,,,,,,,,,
2025/7/24 16:00,0.438,7.404,,,,,,,,,,,
2025/7/24 17:00,0.633,8.864,,,,,,,,,,,
2025/7/24 18:00,0.721,9.623,,,,,,,,,,,
2025/7/24 19:00,0.753,9.926,,,,,,,,,,,
2025/7/24 20:00,0.701,9.433,,,,,,,,,,,
2025/7/24 21:00,0.52,8.003,,,,,,,,,,,
2025/7/24 22:00,0.386,7.032,,,,,,,,,,,
2025/7/24 23:00,0.353,6.79,,,,,,,,,,,
2025/7/25 0:00,0.412,7.225,,,,,,,,,,,
2025/7/25 1:00,0.575,8.412,,,,,,,,,,,
2025/7/25 2:00,0.733,9.735,,,,,,,,,,,
2025/7/25 3:00,0.824,10.747,,,,,,,,,,,
2025/7/25 4:00,0.842,10.989,,,,,,,,,,,
2025/7/25 5:00,0.804,10.491,,,,,,,,,,,
2025/7/25 6:00,0.737,9.776,,,,,,,,,,,
2025/7/25 7:00,0.665,9.13,,,,,,,,,,,
2025/7/25 8:00,0.573,8.392,,,,,,,,,,,
2025/7/25 9:00,0.421,7.284,,,,,,,,,,,
2025/7/25 10:00,0.361,6.846,,,,,,,,,,,
2025/7/25 11:00,0.388,7.048,,,,,,,,,,,
2025/7/25 12:00,0.36,6.829,,,,,,,,,,,
2025/7/25 13:00,0.289,6.294,,,,,,,,,,,
2025/7/25 14:00,0.234,5.83,,,,,,,,,,,
2025/7/25 15:00,0.216,5.664,,,,,,,,,,,
2025/7/25 16:00,0.192,5.436,,,,,,,,,,,
2025/7/25 17:00,0.226,5.76,,,,,,,,,,,
2025/7/25 18:00,0.295,6.331,,,,,,,,,,,
2025/7/25 19:00,0.383,7.004,,,,,,,,,,,
2025/7/25 20:00,0.415,7.236,,,,,,,,,,,
2025/7/25 21:00,0.332,6.621,,,,,,,,,,,
2025/7/25 22:00,0.234,5.834,,,,,,,,,,,
2025/7/25 23:00,0.181,5.323,,,,,,,,,,,
2025/7/26 0:00,0.13,4.762,,,,,,,,,,,
2025/7/26 1:00,0.074,3.961,,,,,,,,,,,
2025/7/26 2:00,0.029,2.982,,,,,,,,,,,
2025/7/26 3:00,0.015,2.503,,,,,,,,,,,
2025/7/26 4:00,0.008,2.165,,,,,,,,,,,
2025/7/26 5:00,0.005,1.922,,,,,,,,,,,
2025/7/26 6:00,0.005,1.893,,,,,,,,,,,
2025/7/26 7:00,0.003,1.693,,,,,,,,,,,
2025/7/26 8:00,0.003,1.707,,,,,,,,,,,
2025/7/26 9:00,0.004,1.857,,,,,,,,,,,
2025/7/26 10:00,0.005,1.932,,,,,,,,,,,
2025/7/26 11:00,0.017,2.603,,,,,,,,,,,
2025/7/26 12:00,0.041,3.318,,,,,,,,,,,
2025/7/26 13:00,0.057,3.669,,,,,,,,,,,
2025/7/26 14:00,0.078,4.042,,,,,,,,,,,
2025/7/26 15:00,0.095,4.291,,,,,,,,,,,
2025/7/26 16:00,0.12,4.629,,,,,,,,,,,
2025/7/26 17:00,0.171,5.231,,,,,,,,,,,
2025/7/26 18:00,0.215,5.66,,,,,,,,,,,
2025/7/26 19:00,0.266,6.095,,,,,,,,,,,
2025/7/26 20:00,0.329,6.602,,,,,,,,,,,
2025/7/26 21:00,0.334,6.642,,,,,,,,,,,
2025/7/26 22:00,0.258,6.037,,,,,,,,,,,
2025/7/26 23:00,0.222,5.718,,,,,,,,,,,
2025/7/27 0:00,0.216,5.667,,,,,,,,,,,
2025/7/27 1:00,0.15,5,,,,,,,,,,,
2025/7/27 2:00,0.083,4.116,,,,,,,,,,,
2025/7/27 3:00,0.048,3.463,,,,,,,,,,,
2025/7/27 4:00,0.034,3.131,,,,,,,,,,,
2025/7/27 5:00,0.026,2.917,,,,,,,,,,,
2025/7/27 6:00,0.022,2.768,,,,,,,,,,,
2025/7/27 7:00,0.017,2.612,,,,,,,,,,,
2025/7/27 8:00,0.018,2.647,,,,,,,,,,,
2025/7/27 9:00,0.025,2.887,,,,,,,,,,,
2025/7/27 10:00,0.036,3.187,,,,,,,,,,,
2025/7/27 11:00,0.062,3.762,,,,,,,,,,,
2025/7/27 12:00,0.095,4.308,,,,,,,,,,,
2025/7/27 13:00,0.114,4.571,,,,,,,,,,,
2025/7/27 14:00,0.113,4.545,,,,,,,,,,,
2025/7/27 15:00,0.115,4.579,,,,,,,,,,,
2025/7/27 16:00,0.122,4.654,,,,,,,,,,,
2025/7/27 17:00,0.106,4.456,,,,,,,,,,,
2025/7/27 18:00,0.13,4.77,,,,,,,,,,,
2025/7/27 19:00,0.118,4.617,,,,,,,,,,,
2025/7/27 20:00,0.108,4.491,,,,,,,,,,,
2025/7/27 21:00,0.155,5.051,,,,,,,,,,,
2025/7/27 22:00,0.188,5.403,,,,,,,,,,,
2025/7/27 23:00,0.197,5.488,,,,,,,,,,,
2025/7/28 0:00,0.162,5.138,,,,,,,,,,,
2025/7/28 1:00,0.095,4.287,,,,,,,,,,,
2025/7/28 2:00,0.044,3.389,,,,,,,,,,,
2025/7/28 3:00,0.014,2.455,,,,,,,,,,,
2025/7/28 4:00,0.002,1.56,,,,,,,,,,,
2025/7/28 5:00,0.001,1.24,,,,,,,,,,,
2025/7/28 6:00,0.003,1.769,,,,,,,,,,,
2025/7/28 7:00,0.013,2.411,,,,,,,,,,,
2025/7/28 8:00,0.031,3.065,,,,,,,,,,,
2025/7/28 9:00,0.059,3.695,,,,,,,,,,,
2025/7/28 10:00,0.106,4.452,,,,,,,,,,,
2025/7/28 11:00,0.195,5.461,,,,,,,,,,,
2025/7/28 12:00,0.305,6.415,,,,,,,,,,,
2025/7/28 13:00,0.398,7.115,,,,,,,,,,,
2025/7/28 14:00,0.475,7.671,,,,,,,,,,,
2025/7/28 15:00,0.485,7.742,,,,,,,,,,,
2025/7/28 16:00,0.503,7.882,,,,,,,,,,,
2025/7/28 17:00,0.507,7.905,,,,,,,,,,,
2025/7/28 18:00,0.583,8.476,,,,,,,,,,,
2025/7/28 19:00,0.669,9.153,,,,,,,,,,,
2025/7/28 20:00,0.644,8.949,,,,,,,,,,,
2025/7/28 21:00,0.472,7.65,,,,,,,,,,,
2025/7/28 22:00,0.252,5.982,,,,,,,,,,,
2025/7/28 23:00,0.153,5.03,,,,,,,,,,,
2025/7/29 0:00,0.068,3.86,,,,,,,,,,,
2025/7/29 1:00,0.087,4.174,,,,,,,,,,,
2025/7/29 2:00,0.195,5.457,,,,,,,,,,,
2025/7/29 3:00,0.151,5.012,,,,,,,,,,,
2025/7/29 4:00,0.026,2.917,,,,,,,,,,,
2025/7/29 5:00,0.008,2.154,,,,,,,,,,,
2025/7/29 6:00,0.014,2.451,,,,,,,,,,,
2025/7/29 7:00,0.028,2.959,,,,,,,,,,,
2025/7/29 8:00,0.048,3.47,,,,,,,,,,,
2025/7/29 9:00,0.084,4.125,,,,,,,,,,,
2025/7/29 10:00,0.122,4.673,,,,,,,,,,,
2025/7/29 11:00,0.116,4.596,,,,,,,,,,,
2025/7/29 12:00,0.05,3.515,,,,,,,,,,,
2025/7/29 13:00,0.014,2.449,,,,,,,,,,,
2025/7/29 14:00,0.017,2.611,,,,,,,,,,,
2025/7/29 15:00,0.065,3.805,,,,,,,,,,,
2025/7/29 16:00,0.203,5.539,,,,,,,,,,,
2025/7/29 17:00,0.306,6.42,,,,,,,,,,,
2025/7/29 18:00,0.333,6.641,,,,,,,,,,,
2025/7/29 19:00,0.341,6.697,,,,,,,,,,,
2025/7/29 20:00,0.337,6.665,,,,,,,,,,,
2025/7/29 21:00,0.32,6.536,,,,,,,,,,,
2025/7/29 22:00,0.167,5.19,,,,,,,,,,,
2025/7/29 23:00,0.057,3.659,,,,,,,,,,,
2025/7/30 0:00,0.085,4.147,,,,,,,,,,,
2025/7/30 1:00,0.086,4.157,,,,,,,,,,,
2025/7/30 2:00,0.078,4.027,,,,,,,,,,,
2025/7/30 3:00,0.071,3.914,,,,,,,,,,,
2025/7/30 4:00,0.071,3.92,,,,,,,,,,,
2025/7/30 5:00,0.085,4.144,,,,,,,,,,,
2025/7/30 6:00,0.101,4.384,,,,,,,,,,,
2025/7/30 7:00,0.099,4.355,,,,,,,,,,,
2025/7/30 8:00,0.076,3.999,,,,,,,,,,,
2025/7/30 9:00,0.052,3.563,,,,,,,,,,,
2025/7/30 10:00,0.03,3.022,,,,,,,,,,,
2025/7/30 11:00,0.026,2.896,,,,,,,,,,,
2025/7/30 12:00,0.061,3.733,,,,,,,,,,,
2025/7/30 13:00,0.115,4.573,,,,,,,,,,,
2025/7/30 14:00,0.152,5.02,,,,,,,,,,,
2025/7/30 15:00,0.171,5.233,,,,,,,,,,,
2025/7/30 16:00,0.19,5.424,,,,,,,,,,,
2025/7/30 17:00,0.199,5.507,,,,,,,,,,,
2025/7/30 18:00,0.193,5.446,,,,,,,,,,,
2025/7/30 19:00,0.198,5.501,,,,,,,,,,,
2025/7/30 20:00,0.238,5.862,,,,,,,,,,,
2025/7/30 21:00,0.258,6.032,,,,,,,,,,,
2025/7/30 22:00,0.158,5.091,,,,,,,,,,,
2025/7/30 23:00,0.041,3.307,,,,,,,,,,,
2025/7/31 0:00,0.013,2.428,,,,,,,,,,,
2025/7/31 1:00,0.001,1.441,,,,,,,,,,,
2025/7/31 2:00,0.007,2.066,,,,,,,,,,,
2025/7/31 3:00,0.008,2.132,,,,,,,,,,,
2025/7/31 4:00,0.013,2.436,,,,,,,,,,,
2025/7/31 5:00,0.017,2.592,,,,,,,,,,,
2025/7/31 6:00,0.024,2.833,,,,,,,,,,,
2025/7/31 7:00,0.04,3.292,,,,,,,,,,,
2025/7/31 8:00,0.074,3.964,,,,,,,,,,,
2025/7/31 9:00,0.128,4.742,,,,,,,,,,,
2025/7/31 10:00,0.217,5.674,,,,,,,,,,,
2025/7/31 11:00,0.339,6.674,,,,,,,,,,,
2025/7/31 12:00,0.396,7.102,,,,,,,,,,,
2025/7/31 13:00,0.394,7.08,,,,,,,,,,,
2025/7/31 14:00,0.36,6.837,,,,,,,,,,,
2025/7/31 15:00,0.329,6.608,,,,,,,,,,,
2025/7/31 16:00,0.326,6.576,,,,,,,,,,,
2025/7/31 17:00,0.327,6.583,,,,,,,,,,,
2025/7/31 18:00,0.312,6.472,,,,,,,,,,,
2025/7/31 19:00,0.289,6.293,,,,,,,,,,,
2025/7/31 20:00,0.278,6.195,,,,,,,,,,,
2025/7/31 21:00,0.224,5.738,,,,,,,,,,,
2025/7/31 22:00,0.091,4.237,,,,,,,,,,,
2025/7/31 23:00,0.028,2.964,,,,,,,,,,,
2025/8/1 0:00,0.004,1.877,,,,,,,,,,,
2025/8/1 1:00,0.002,1.493,,,,,,,,,,,
2025/8/1 2:00,0.001,1.298,,,,,,,,,,,
2025/8/1 3:00,0.001,1.25,,,,,,,,,,,
2025/8/1 4:00,0.001,1.384,,,,,,,,,,,
2025/8/1 5:00,0.003,1.701,,,,,,,,,,,
2025/8/1 6:00,0.008,2.136,,,,,,,,,,,
2025/8/1 7:00,0.023,2.792,,,,,,,,,,,
2025/8/1 8:00,0.06,3.709,,,,,,,,,,,
2025/8/1 9:00,0.154,5.033,,,,,,,,,,,
2025/8/1 10:00,0.344,6.716,,,,,,,,,,,
2025/8/1 11:00,0.577,8.428,,,,,,,,,,,
2025/8/1 12:00,0.652,9.02,,,,,,,,,,,
2025/8/1 13:00,0.63,8.829,,,,,,,,,,,
2025/8/1 14:00,0.607,8.647,,,,,,,,,,,
2025/8/1 15:00,0.577,8.429,,,,,,,,,,,
2025/8/1 16:00,0.55,8.225,,,,,,,,,,,
2025/8/1 17:00,0.546,8.195,,,,,,,,,,,
2025/8/1 18:00,0.556,8.268,,,,,,,,,,,
2025/8/1 19:00,0.575,8.408,,,,,,,,,,,
2025/8/1 20:00,0.607,8.658,,,,,,,,,,,
2025/8/1 21:00,0.542,8.162,,,,,,,,,,,
2025/8/1 22:00,0.399,7.12,,,,,,,,,,,
2025/8/1 23:00,0.396,7.108,,,,,,,,,,,
2025/8/2 0:00,0.403,7.158,,,,,,,,,,,
2025/8/2 1:00,0.363,6.854,,,,,,,,,,,
2025/8/2 2:00,0.297,6.356,,,,,,,,,,,
2025/8/2 3:00,0.241,5.888,,,,,,,,,,,
2025/8/2 4:00,0.23,5.789,,,,,,,,,,,
2025/8/2 5:00,0.284,6.248,,,,,,,,,,,
2025/8/2 6:00,0.324,6.566,,,,,,,,,,,
2025/8/2 7:00,0.295,6.33,,,,,,,,,,,
2025/8/2 8:00,0.261,6.065,,,,,,,,,,,
2025/8/2 9:00,0.248,5.945,,,,,,,,,,,
2025/8/2 10:00,0.277,6.19,,,,,,,,,,,
2025/8/2 11:00,0.332,6.631,,,,,,,,,,,
2025/8/2 12:00,0.337,6.663,,,,,,,,,,,
2025/8/2 13:00,0.315,6.495,,,,,,,,,,,
2025/8/2 14:00,0.189,5.414,,,,,,,,,,,
2025/8/2 15:00,0.201,5.526,,,,,,,,,,,
2025/8/2 16:00,0.341,6.694,,,,,,,,,,,
2025/8/2 17:00,0.344,6.718,,,,,,,,,,,
2025/8/2 18:00,0.302,6.394,,,,,,,,,,,
2025/8/2 19:00,0.239,5.874,,,,,,,,,,,
2025/8/2 20:00,0.25,5.956,,,,,,,,,,,
2025/8/2 21:00,0.273,6.159,,,,,,,,,,,
2025/8/2 22:00,0.17,5.215,,,,,,,,,,,
2025/8/2 23:00,0.083,4.115,,,,,,,,,,,
2025/8/3 0:00,0.097,4.326,,,,,,,,,,,
2025/8/3 1:00,0.095,4.289,,,,,,,,,,,
2025/8/3 2:00,0.072,3.937,,,,,,,,,,,
2025/8/3 3:00,0.042,3.344,,,,,,,,,,,
2025/8/3 4:00,0.02,2.712,,,,,,,,,,,
2025/8/3 5:00,0.015,2.494,,,,,,,,,,,
2025/8/3 6:00,0.014,2.468,,,,,,,,,,,
2025/8/3 7:00,0.016,2.551,,,,,,,,,,,
2025/8/3 8:00,0.012,2.376,,,,,,,,,,,
2025/8/3 9:00,0.017,2.584,,,,,,,,,,,
2025/8/3 10:00,0.055,3.62,,,,,,,,,,,
2025/8/3 11:00,0.145,4.95,,,,,,,,,,,
2025/8/3 12:00,0.22,5.696,,,,,,,,,,,
2025/8/3 13:00,0.222,5.726,,,,,,,,,,,
2025/8/3 14:00,0.203,5.541,,,,,,,,,,,
2025/8/3 15:00,0.174,5.265,,,,,,,,,,,
2025/8/3 16:00,0.122,4.67,,,,,,,,,,,
2025/8/3 17:00,0.062,3.759,,,,,,,,,,,
2025/8/3 18:00,0.014,2.449,,,,,,,,,,,
2025/8/3 19:00,0.003,1.766,,,,,,,,,,,
2025/8/3 20:00,0.006,2.027,,,,,,,,,,,
2025/8/3 21:00,0.004,1.834,,,,,,,,,,,
2025/8/3 22:00,0.004,1.815,,,,,,,,,,,
2025/8/3 23:00,0.007,2.054,,,,,,,,,,,
2025/8/4 0:00,0.006,2.002,,,,,,,,,,,
2025/8/4 1:00,0.007,2.119,,,,,,,,,,,
2025/8/4 2:00,0.011,2.317,,,,,,,,,,,
2025/8/4 3:00,0.017,2.599,,,,,,,,,,,
2025/8/4 4:00,0.025,2.873,,,,,,,,,,,
2025/8/4 5:00,0.04,3.294,,,,,,,,,,,
2025/8/4 6:00,0.065,3.807,,,,,,,,,,,
2025/8/4 7:00,0.101,4.381,,,,,,,,,,,
2025/8/4 8:00,0.16,5.112,,,,,,,,,,,
2025/8/4 9:00,0.185,5.374,,,,,,,,,,,
2025/8/4 10:00,0.2,5.514,,,,,,,,,,,
2025/8/4 11:00,0.251,5.965,,,,,,,,,,,
2025/8/4 12:00,0.371,6.917,,,,,,,,,,,
2025/8/4 13:00,0.416,7.244,,,,,,,,,,,
2025/8/4 14:00,0.389,7.058,,,,,,,,,,,
2025/8/4 15:00,0.399,7.122,,,,,,,,,,,
2025/8/4 16:00,0.416,7.25,,,,,,,,,,,
2025/8/4 17:00,0.421,7.289,,,,,,,,,,,
2025/8/4 18:00,0.457,7.552,,,,,,,,,,,
2025/8/4 19:00,0.424,7.309,,,,,,,,,,,
2025/8/4 20:00,0.351,6.773,,,,,,,,,,,
2025/8/4 21:00,0.316,6.503,,,,,,,,,,,
2025/8/4 22:00,0.267,6.113,,,,,,,,,,,
2025/8/4 23:00,0.255,6.007,,,,,,,,,,,
2025/8/5 0:00,0.162,5.131,,,,,,,,,,,
2025/8/5 1:00,0.133,4.794,,,,,,,,,,,
2025/8/5 2:00,0.178,5.291,,,,,,,,,,,
2025/8/5 3:00,0.247,5.941,,,,,,,,,,,
2025/8/5 4:00,0.288,6.285,,,,,,,,,,,
2025/8/5 5:00,0.285,6.255,,,,,,,,,,,
2025/8/5 6:00,0.259,6.042,,,,,,,,,,,
2025/8/5 7:00,0.221,5.704,,,,,,,,,,,
2025/8/5 8:00,0.167,5.184,,,,,,,,,,,
2025/8/5 9:00,0.091,4.249,,,,,,,,,,,
2025/8/5 10:00,0.023,2.819,,,,,,,,,,,
2025/8/5 11:00,0.002,1.611,,,,,,,,,,,
2025/8/5 12:00,0.005,1.939,,,,,,,,,,,
2025/8/5 13:00,0.04,3.289,,,,,,,,,,,
2025/8/5 14:00,0.097,4.329,,,,,,,,,,,
2025/8/5 15:00,0.143,4.923,,,,,,,,,,,
2025/8/5 16:00,0.188,5.396,,,,,,,,,,,
2025/8/5 17:00,0.231,5.795,,,,,,,,,,,
2025/8/5 18:00,0.257,6.026,,,,,,,,,,,
2025/8/5 19:00,0.299,6.368,,,,,,,,,,,
2025/8/5 20:00,0.368,6.892,,,,,,,,,,,
2025/8/5 21:00,0.384,7.022,,,,,,,,,,,
2025/8/5 22:00,0.252,5.984,,,,,,,,,,,
2025/8/5 23:00,0.167,5.188,,,,,,,,,,,
2025/8/6 0:00,0.179,5.304,,,,,,,,,,,
2025/8/6 1:00,0.205,5.551,,,,,,,,,,,
2025/8/6 2:00,0.219,5.694,,,,,,,,,,,
2025/8/6 3:00,0.288,6.282,,,,,,,,,,,
2025/8/6 4:00,0.384,7.013,,,,,,,,,,,
2025/8/6 5:00,0.433,7.368,,,,,,,,,,,
2025/8/6 6:00,0.44,7.42,,,,,,,,,,,
2025/8/6 7:00,0.424,7.31,,,,,,,,,,,
2025/8/6 8:00,0.396,7.11,,,,,,,,,,,
2025/8/6 9:00,0.339,6.674,,,,,,,,,,,
2025/8/6 10:00,0.27,6.139,,,,,,,,,,,
2025/8/6 11:00,0.237,5.854,,,,,,,,,,,
2025/8/6 12:00,0.114,4.564,,,,,,,,,,,
2025/8/6 13:00,0.017,2.568,,,,,,,,,,,
2025/8/6 14:00,0.028,2.961,,,,,,,,,,,
2025/8/6 15:00,0.145,4.948,,,,,,,,,,,
2025/8/6 16:00,0.35,6.759,,,,,,,,,,,
2025/8/6 17:00,0.506,7.896,,,,,,,,,,,
2025/8/6 18:00,0.598,8.591,,,,,,,,,,,
2025/8/6 19:00,0.629,8.827,,,,,,,,,,,
2025/8/6 20:00,0.625,8.794,,,,,,,,,,,
2025/8/6 21:00,0.58,8.447,,,,,,,,,,,
2025/8/6 22:00,0.372,6.929,,,,,,,,,,,
2025/8/6 23:00,0.269,6.132,,,,,,,,,,,
2025/8/7 0:00,0.421,7.291,,,,,,,,,,,
2025/8/7 1:00,0.476,7.685,,,,,,,,,,,
2025/8/7 2:00,0.483,7.732,,,,,,,,,,,
2025/8/7 3:00,0.478,7.702,,,,,,,,,,,
2025/8/7 4:00,0.447,7.476,,,,,,,,,,,
2025/8/7 5:00,0.381,6.995,,,,,,,,,,,
2025/8/7 6:00,0.293,6.322,,,,,,,,,,,
2025/8/7 7:00,0.195,5.473,,,,,,,,,,,
2025/8/7 8:00,0.12,4.634,,,,,,,,,,,
2025/8/7 9:00,0.079,4.055,,,,,,,,,,,
2025/8/7 10:00,0.041,3.305,,,,,,,,,,,
2025/8/7 11:00,0.015,2.507,,,,,,,,,,,
2025/8/7 12:00,0.014,2.477,,,,,,,,,,,
2025/8/7 13:00,0.026,2.905,,,,,,,,,,,
2025/8/7 14:00,0.056,3.647,,,,,,,,,,,
2025/8/7 15:00,0.084,4.125,,,,,,,,,,,
2025/8/7 16:00,0.107,4.478,,,,,,,,,,,
2025/8/7 17:00,0.129,4.761,,,,,,,,,,,
2025/8/7 18:00,0.182,5.34,,,,,,,,,,,
2025/8/7 19:00,0.27,6.139,,,,,,,,,,,
2025/8/7 20:00,0.339,6.671,,,,,,,,,,,
2025/8/7 21:00,0.375,6.941,,,,,,,,,,,
2025/8/7 22:00,0.315,6.495,,,,,,,,,,,
2025/8/7 23:00,0.302,6.394,,,,,,,,,,,
2025/8/8 0:00,0.377,6.965,,,,,,,,,,,
2025/8/8 1:00,0.425,7.314,,,,,,,,,,,
2025/8/8 2:00,0.455,7.529,,,,,,,,,,,
2025/8/8 3:00,0.427,7.325,,,,,,,,,,,
2025/8/8 4:00,0.349,6.748,,,,,,,,,,,
2025/8/8 5:00,0.282,6.229,,,,,,,,,,,
2025/8/8 6:00,0.242,5.903,,,,,,,,,,,
2025/8/8 7:00,0.182,5.344,,,,,,,,,,,
2025/8/8 8:00,0.142,4.913,,,,,,,,,,,
2025/8/8 9:00,0.142,4.908,,,,,,,,,,,
2025/8/8 10:00,0.216,5.668,,,,,,,,,,,
2025/8/8 11:00,0.328,6.594,,,,,,,,,,,
2025/8/8 12:00,0.368,6.897,,,,,,,,,,,
2025/8/8 13:00,0.384,7.015,,,,,,,,,,,
2025/8/8 14:00,0.398,7.116,,,,,,,,,,,
2025/8/8 15:00,0.399,7.121,,,,,,,,,,,
2025/8/8 16:00,0.384,7.019,,,,,,,,,,,
2025/8/8 17:00,0.403,7.154,,,,,,,,,,,
2025/8/8 18:00,0.448,7.482,,,,,,,,,,,
2025/8/8 19:00,0.507,7.903,,,,,,,,,,,
2025/8/8 20:00,0.529,8.068,,,,,,,,,,,
2025/8/8 21:00,0.479,7.706,,,,,,,,,,,
2025/8/8 22:00,0.286,6.27,,,,,,,,,,,
2025/8/8 23:00,0.332,6.632,,,,,,,,,,,
2025/8/9 0:00,0.533,8.096,,,,,,,,,,,
2025/8/9 1:00,0.538,8.137,,,,,,,,,,,
2025/8/9 2:00,0.496,7.823,,,,,,,,,,,
2025/8/9 3:00,0.438,7.411,,,,,,,,,,,
2025/8/9 4:00,0.394,7.091,,,,,,,,,,,
2025/8/9 5:00,0.368,6.889,,,,,,,,,,,
2025/8/9 6:00,0.339,6.674,,,,,,,,,,,
2025/8/9 7:00,0.297,6.35,,,,,,,,,,,
2025/8/9 8:00,0.234,5.835,,,,,,,,,,,
2025/8/9 9:00,0.162,5.133,,,,,,,,,,,
2025/8/9 10:00,0.1,4.364,,,,,,,,,,,
2025/8/9 11:00,0.071,3.918,,,,,,,,,,,
2025/8/9 12:00,0.068,3.868,,,,,,,,,,,
2025/8/9 13:00,0.085,4.148,,,,,,,,,,,
2025/8/9 14:00,0.115,4.573,,,,,,,,,,,
2025/8/9 15:00,0.115,4.58,,,,,,,,,,,
2025/8/9 16:00,0.103,4.423,,,,,,,,,,,
2025/8/9 17:00,0.104,4.43,,,,,,,,,,,
2025/8/9 18:00,0.111,4.52,,,,,,,,,,,
2025/8/9 19:00,0.104,4.428,,,,,,,,,,,
2025/8/9 20:00,0.096,4.319,,,,,,,,,,,
2025/8/9 21:00,0.084,4.131,,,,,,,,,,,
2025/8/9 22:00,0.038,3.221,,,,,,,,,,,
2025/8/9 23:00,0.002,1.61,,,,,,,,,,,
2025/8/10 0:00,0,0.962,,,,,,,,,,,
2025/8/10 1:00,0,1.092,,,,,,,,,,,
2025/8/10 2:00,0.001,1.336,,,,,,,,,,,
2025/8/10 3:00,0.004,1.803,,,,,,,,,,,
2025/8/10 4:00,0.019,2.676,,,,,,,,,,,
2025/8/10 5:00,0.046,3.425,,,,,,,,,,,
2025/8/10 6:00,0.07,3.902,,,,,,,,,,,
2025/8/10 7:00,0.102,4.39,,,,,,,,,,,
2025/8/10 8:00,0.145,4.944,,,,,,,,,,,
2025/8/10 9:00,0.157,5.069,,,,,,,,,,,
2025/8/10 10:00,0.113,4.545,,,,,,,,,,,
2025/8/10 11:00,0.06,3.717,,,,,,,,,,,
2025/8/10 12:00,0.021,2.751,,,,,,,,,,,
2025/8/10 13:00,0.015,2.501,,,,,,,,,,,
2025/8/10 14:00,0.017,2.608,,,,,,,,,,,
2025/8/10 15:00,0.015,2.512,,,,,,,,,,,
2025/8/10 16:00,0.039,3.278,,,,,,,,,,,
2025/8/10 17:00,0.11,4.509,,,,,,,,,,,
2025/8/10 18:00,0.196,5.475,,,,,,,,,,,
2025/8/10 19:00,0.287,6.275,,,,,,,,,,,
2025/8/10 20:00,0.369,6.904,,,,,,,,,,,
2025/8/10 21:00,0.389,7.053,,,,,,,,,,,
2025/8/10 22:00,0.266,6.099,,,,,,,,,,,
2025/8/10 23:00,0.244,5.914,,,,,,,,,,,
2025/8/11 0:00,0.604,8.636,,,,,,,,,,,
2025/8/11 1:00,0.757,9.971,,,,,,,,,,,
2025/8/11 2:00,0.793,10.366,,,,,,,,,,,
2025/8/11 3:00,0.808,10.548,,,,,,,,,,,
2025/8/11 4:00,0.819,10.685,,,,,,,,,,,
2025/8/11 5:00,0.821,10.71,,,,,,,,,,,
2025/8/11 6:00,0.817,10.664,,,,,,,,,,,
2025/8/11 7:00,0.825,10.756,,,,,,,,,,,
2025/8/11 8:00,0.822,10.727,,,,,,,,,,,
2025/8/11 9:00,0.774,10.157,,,,,,,,,,,
2025/8/11 10:00,0.799,10.434,,,,,,,,,,,
2025/8/11 11:00,0.793,10.365,,,,,,,,,,,
2025/8/11 12:00,0.727,9.679,,,,,,,,,,,
2025/8/11 13:00,0.686,9.31,,,,,,,,,,,
2025/8/11 14:00,0.661,9.089,,,,,,,,,,,
2025/8/11 15:00,0.636,8.89,,,,,,,,,,,
2025/8/11 16:00,0.588,8.506,,,,,,,,,,,
2025/8/11 17:00,0.513,7.957,,,,,,,,,,,
2025/8/11 18:00,0.45,7.5,,,,,,,,,,,
2025/8/11 19:00,0.384,7.016,,,,,,,,,,,
2025/8/11 20:00,0.286,6.269,,,,,,,,,,,
2025/8/11 21:00,0.182,5.336,,,,,,,,,,,
2025/8/11 22:00,0.057,3.659,,,,,,,,,,,
2025/8/11 23:00,0.006,1.982,,,,,,,,,,,
2025/8/12 0:00,0.007,2.052,,,,,,,,,,,
2025/8/12 1:00,0,1.071,,,,,,,,,,,
2025/8/12 2:00,0.001,1.278,,,,,,,,,,,
2025/8/12 3:00,0.027,2.936,,,,,,,,,,,
2025/8/12 4:00,0.093,4.266,,,,,,,,,,,
2025/8/12 5:00,0.18,5.307,,,,,,,,,,,
2025/8/12 6:00,0.25,5.962,,,,,,,,,,,
2025/8/12 7:00,0.261,6.056,,,,,,,,,,,
2025/8/12 8:00,0.256,6.016,,,,,,,,,,,
2025/8/12 9:00,0.292,6.313,,,,,,,,,,,
2025/8/12 10:00,0.286,6.27,,,,,,,,,,,
2025/8/12 11:00,0.267,6.114,,,,,,,,,,,
2025/8/12 12:00,0.28,6.215,,,,,,,,,,,
2025/8/12 13:00,0.297,6.353,,,,,,,,,,,
2025/8/12 14:00,0.267,6.108,,,,,,,,,,,
2025/8/12 15:00,0.236,5.847,,,,,,,,,,,
2025/8/12 16:00,0.183,5.351,,,,,,,,,,,
2025/8/12 17:00,0.091,4.244,,,,,,,,,,,
2025/8/12 18:00,0.018,2.624,,,,,,,,,,,
2025/8/12 19:00,0.03,3.034,,,,,,,,,,,
2025/8/12 20:00,0.024,2.861,,,,,,,,,,,
2025/8/12 21:00,0.02,2.716,,,,,,,,,,,
2025/8/12 22:00,0.018,2.643,,,,,,,,,,,
2025/8/12 23:00,0.017,2.608,,,,,,,,,,,
2025/8/13 0:00,0.02,2.717,,,,,,,,,,,
2025/8/13 1:00,0.016,2.557,,,,,,,,,,,
2025/8/13 2:00,0.019,2.671,,,,,,,,,,,
2025/8/13 3:00,0.019,2.664,,,,,,,,,,,
2025/8/13 4:00,0.011,2.301,,,,,,,,,,,
2025/8/13 5:00,0.005,1.96,,,,,,,,,,,
2025/8/13 6:00,0.001,1.404,,,,,,,,,,,
2025/8/13 7:00,0,1.117,,,,,,,,,,,
2025/8/13 8:00,0.001,1.383,,,,,,,,,,,
2025/8/13 9:00,0.005,1.911,,,,,,,,,,,
2025/8/13 10:00,0.009,2.196,,,,,,,,,,,
2025/8/13 11:00,0.034,3.127,,,,,,,,,,,
2025/8/13 12:00,0.105,4.445,,,,,,,,,,,
2025/8/13 13:00,0.207,5.577,,,,,,,,,,,
2025/8/13 14:00,0.288,6.286,,,,,,,,,,,
2025/8/13 15:00,0.341,6.7,,,,,,,,,,,
2025/8/13 16:00,0.375,6.95,,,,,,,,,,,
2025/8/13 17:00,0.392,7.074,,,,,,,,,,,
2025/8/13 18:00,0.378,6.974,,,,,,,,,,,
2025/8/13 19:00,0.348,6.744,,,,,,,,,,,
2025/8/13 20:00,0.316,6.505,,,,,,,,,,,
2025/8/13 21:00,0.286,6.272,,,,,,,,,,,
2025/8/13 22:00,0.205,5.555,,,,,,,,,,,
2025/8/13 23:00,0.074,3.971,,,,,,,,,,,
2025/8/14 0:00,0.058,3.678,,,,,,,,,,,
2025/8/14 1:00,0.096,4.313,,,,,,,,,,,
2025/8/14 2:00,0.113,4.543,,,,,,,,,,,
2025/8/14 3:00,0.137,4.848,,,,,,,,,,,
2025/8/14 4:00,0.171,5.225,,,,,,,,,,,
2025/8/14 5:00,0.193,5.445,,,,,,,,,,,
2025/8/14 6:00,0.21,5.615,,,,,,,,,,,
2025/8/14 7:00,0.234,5.831,,,,,,,,,,,
2025/8/14 8:00,0.258,6.034,,,,,,,,,,,
2025/8/14 9:00,0.267,6.106,,,,,,,,,,,
2025/8/14 10:00,0.438,7.411,,,,,,,,,,,
2025/8/14 11:00,0.619,8.747,,,,,,,,,,,
2025/8/14 12:00,0.669,9.153,,,,,,,,,,,
2025/8/14 13:00,0.644,8.956,,,,,,,,,,,
2025/8/14 14:00,0.612,8.691,,,,,,,,,,,
2025/8/14 15:00,0.598,8.588,,,,,,,,,,,
2025/8/14 16:00,0.571,8.384,,,,,,,,,,,
2025/8/14 17:00,0.545,8.19,,,,,,,,,,,
2025/8/14 18:00,0.534,8.106,,,,,,,,,,,
2025/8/14 19:00,0.538,8.134,,,,,,,,,,,
2025/8/14 20:00,0.561,8.31,,,,,,,,,,,
2025/8/14 21:00,0.539,8.144,,,,,,,,,,,
2025/8/14 22:00,0.497,7.83,,,,,,,,,,,
2025/8/14 23:00,0.598,8.581,,,,,,,,,,,
2025/8/15 0:00,0.763,10.041,,,,,,,,,,,
2025/8/15 1:00,0.769,10.096,,,,,,,,,,,
2025/8/15 2:00,0.718,9.599,,,,,,,,,,,
2025/8/15 3:00,0.752,9.916,,,,,,,,,,,
2025/8/15 4:00,0.768,10.083,,,,,,,,,,,
2025/8/15 5:00,0.762,10.026,,,,,,,,,,,
2025/8/15 6:00,0.751,9.901,,,,,,,,,,,
2025/8/15 7:00,0.708,9.491,,,,,,,,,,,
2025/8/15 8:00,0.639,8.899,,,,,,,,,,,
2025/8/15 9:00,0.575,8.407,,,,,,,,,,,
2025/8/15 10:00,0.561,8.309,,,,,,,,,,,
2025/8/15 11:00,0.598,8.578,,,,,,,,,,,
2025/8/15 12:00,0.663,9.11,,,,,,,,,,,
2025/8/15 13:00,0.514,7.963,,,,,,,,,,,
2025/8/15 14:00,0.422,7.297,,,,,,,,,,,
2025/8/15 15:00,0.497,7.837,,,,,,,,,,,
2025/8/15 16:00,0.581,8.458,,,,,,,,,,,
2025/8/15 17:00,0.608,8.664,,,,,,,,,,,
2025/8/15 18:00,0.589,8.514,,,,,,,,,,,
2025/8/15 19:00,0.532,8.085,,,,,,,,,,,
2025/8/15 20:00,0.478,7.7,,,,,,,,,,,
2025/8/15 21:00,0.361,6.846,,,,,,,,,,,
2025/8/15 22:00,0.242,5.9,,,,,,,,,,,
2025/8/15 23:00,0.192,5.436,,,,,,,,,,,
2025/8/16 0:00,0.181,5.331,,,,,,,,,,,
2025/8/16 1:00,0.131,4.773,,,,,,,,,,,
2025/8/16 2:00,0.066,3.833,,,,,,,,,,,
2025/8/16 3:00,0.034,3.144,,,,,,,,,,,
2025/8/16 4:00,0.02,2.696,,,,,,,,,,,
2025/8/16 5:00,0.016,2.565,,,,,,,,,,,
2025/8/16 6:00,0.015,2.518,,,,,,,,,,,
2025/8/16 7:00,0.013,2.406,,,,,,,,,,,
2025/8/16 8:00,0.011,2.31,,,,,,,,,,,
2025/8/16 9:00,0.014,2.452,,,,,,,,,,,
2025/8/16 10:00,0.017,2.596,,,,,,,,,,,
2025/8/16 11:00,0.019,2.662,,,,,,,,,,,
2025/8/16 12:00,0.019,2.683,,,,,,,,,,,
2025/8/16 13:00,0.019,2.672,,,,,,,,,,,
2025/8/16 14:00,0.021,2.754,,,,,,,,,,,
2025/8/16 15:00,0.031,3.056,,,,,,,,,,,
2025/8/16 16:00,0.054,3.602,,,,,,,,,,,
2025/8/16 17:00,0.087,4.175,,,,,,,,,,,
2025/8/16 18:00,0.124,4.699,,,,,,,,,,,
2025/8/16 19:00,0.187,5.391,,,,,,,,,,,
2025/8/16 20:00,0.267,6.114,,,,,,,,,,,
2025/8/16 21:00,0.211,5.621,,,,,,,,,,,
2025/8/16 22:00,0.061,3.733,,,,,,,,,,,
2025/8/16 23:00,0.053,3.575,,,,,,,,,,,
2025/8/17 0:00,0.062,3.762,,,,,,,,,,,
2025/8/17 1:00,0.069,3.877,,,,,,,,,,,
2025/8/17 2:00,0.081,4.089,,,,,,,,,,,
2025/8/17 3:00,0.07,3.909,,,,,,,,,,,
2025/8/17 4:00,0.056,3.645,,,,,,,,,,,
2025/8/17 5:00,0.064,3.79,,,,,,,,,,,
2025/8/17 6:00,0.095,4.304,,,,,,,,,,,
2025/8/17 7:00,0.117,4.599,,,,,,,,,,,
2025/8/17 8:00,0.154,5.031,,,,,,,,,,,
2025/8/17 9:00,0.269,6.127,,,,,,,,,,,
2025/8/17 10:00,0.494,7.819,,,,,,,,,,,
2025/8/17 11:00,0.629,8.826,,,,,,,,,,,
2025/8/17 12:00,0.589,8.516,,,,,,,,,,,
2025/8/17 13:00,0.488,7.769,,,,,,,,,,,
2025/8/17 14:00,0.417,7.256,,,,,,,,,,,
2025/8/17 15:00,0.356,6.812,,,,,,,,,,,
2025/8/17 16:00,0.318,6.52,,,,,,,,,,,
2025/8/17 17:00,0.304,6.413,,,,,,,,,,,
2025/8/17 18:00,0.303,6.403,,,,,,,,,,,
2025/8/17 19:00,0.319,6.526,,,,,,,,,,,
2025/8/17 20:00,0.344,6.716,,,,,,,,,,,
2025/8/17 21:00,0.356,6.81,,,,,,,,,,,
2025/8/17 22:00,0.351,6.766,,,,,,,,,,,
2025/8/17 23:00,0.452,7.506,,,,,,,,,,,
2025/8/18 0:00,0.555,8.256,,,,,,,,,,,
2025/8/18 1:00,0.568,8.36,,,,,,,,,,,
2025/8/18 2:00,0.493,7.806,,,,,,,,,,,
2025/8/18 3:00,0.443,7.44,,,,,,,,,,,
2025/8/18 4:00,0.387,7.043,,,,,,,,,,,
2025/8/18 5:00,0.322,6.556,,,,,,,,,,,
2025/8/18 6:00,0.284,6.251,,,,,,,,,,,
2025/8/18 7:00,0.25,5.958,,,,,,,,,,,
2025/8/18 8:00,0.195,5.474,,,,,,,,,,,
2025/8/18 9:00,0.16,5.108,,,,,,,,,,,
2025/8/18 10:00,0.203,5.532,,,,,,,,,,,
2025/8/18 11:00,0.289,6.294,,,,,,,,,,,
2025/8/18 12:00,0.349,6.749,,,,,,,,,,,
2025/8/18 13:00,0.357,6.817,,,,,,,,,,,
2025/8/18 14:00,0.34,6.686,,,,,,,,,,,
2025/8/18 15:00,0.32,6.538,,,,,,,,,,,
2025/8/18 16:00,0.267,6.103,,,,,,,,,,,
2025/8/18 17:00,0.252,5.973,,,,,,,,,,,
2025/8/18 18:00,0.332,6.623,,,,,,,,,,,
2025/8/18 19:00,0.289,6.294,,,,,,,,,,,
2025/8/18 20:00,0.212,5.631,,,,,,,,,,,
2025/8/18 21:00,0.163,5.147,,,,,,,,,,,
2025/8/18 22:00,0.125,4.701,,,,,,,,,,,
2025/8/18 23:00,0.041,3.323,,,,,,,,,,,
2025/8/19 0:00,0.012,2.39,,,,,,,,,,,
2025/8/19 1:00,0.005,1.959,,,,,,,,,,,
2025/8/19 2:00,0,0.894,,,,,,,,,,,
2025/8/19 3:00,0.003,1.741,,,,,,,,,,,
2025/8/19 4:00,0.003,1.751,,,,,,,,,,,
2025/8/19 5:00,0.009,2.24,,,,,,,,,,,
2025/8/19 6:00,0.021,2.722,,,,,,,,,,,
2025/8/19 7:00,0.02,2.705,,,,,,,,,,,
2025/8/19 8:00,0.02,2.718,,,,,,,,,,,
2025/8/19 9:00,0.019,2.687,,,,,,,,,,,
2025/8/19 10:00,0.018,2.619,,,,,,,,,,,
2025/8/19 11:00,0.014,2.491,,,,,,,,,,,
2025/8/19 12:00,0.01,2.268,,,,,,,,,,,
2025/8/19 13:00,0.011,2.342,,,,,,,,,,,
2025/8/19 14:00,0.014,2.471,,,,,,,,,,,
2025/8/19 15:00,0.024,2.862,,,,,,,,,,,
2025/8/19 16:00,0.06,3.712,,,,,,,,,,,
2025/8/19 17:00,0.156,5.059,,,,,,,,,,,
2025/8/19 18:00,0.261,6.052,,,,,,,,,,,
2025/8/19 19:00,0.261,6.062,,,,,,,,,,,
2025/8/19 20:00,0.332,6.627,,,,,,,,,,,
2025/8/19 21:00,0.311,6.462,,,,,,,,,,,
2025/8/19 22:00,0.129,4.758,,,,,,,,,,,
2025/8/19 23:00,0.075,3.983,,,,,,,,,,,
2025/8/20 0:00,0.092,4.264,,,,,,,,,,,
2025/8/20 1:00,0.09,4.221,,,,,,,,,,,
2025/8/20 2:00,0.071,3.925,,,,,,,,,,,
2025/8/20 3:00,0.074,3.96,,,,,,,,,,,
2025/8/20 4:00,0.087,4.182,,,,,,,,,,,
2025/8/20 5:00,0.08,4.078,,,,,,,,,,,
2025/8/20 6:00,0.077,4.024,,,,,,,,,,,
2025/8/20 7:00,0.108,4.489,,,,,,,,,,,
2025/8/20 8:00,0.162,5.137,,,,,,,,,,,
2025/8/20 9:00,0.205,5.556,,,,,,,,,,,
2025/8/20 10:00,0.321,6.547,,,,,,,,,,,
2025/8/20 11:00,0.453,7.512,,,,,,,,,,,
2025/8/20 12:00,0.458,7.554,,,,,,,,,,,
2025/8/20 13:00,0.394,7.087,,,,,,,,,,,
2025/8/20 14:00,0.331,6.616,,,,,,,,,,,
2025/8/20 15:00,0.227,5.764,,,,,,,,,,,
2025/8/20 16:00,0.124,4.688,,,,,,,,,,,
2025/8/20 17:00,0.095,4.292,,,,,,,,,,,
2025/8/20 18:00,0.099,4.357,,,,,,,,,,,
2025/8/20 19:00,0.11,4.509,,,,,,,,,,,
2025/8/20 20:00,0.127,4.727,,,,,,,,,,,
2025/8/20 21:00,0.171,5.232,,,,,,,,,,,
2025/8/20 22:00,0.212,5.631,,,,,,,,,,,
2025/8/20 23:00,0.325,6.574,,,,,,,,,,,
2025/8/21 0:00,0.443,7.439,,,,,,,,,,,
2025/8/21 1:00,0.537,8.129,,,,,,,,,,,
2025/8/21 2:00,0.619,8.744,,,,,,,,,,,
2025/8/21 3:00,0.694,9.373,,,,,,,,,,,
2025/8/21 4:00,0.76,10.003,,,,,,,,,,,
2025/8/21 5:00,0.809,10.559,,,,,,,,,,,
2025/8/21 6:00,0.84,10.974,,,,,,,,,,,
2025/8/21 7:00,0.844,11.022,,,,,,,,,,,
2025/8/21 8:00,0.8,10.456,,,,,,,,,,,
2025/8/21 9:00,0.67,9.164,,,,,,,,,,,
2025/8/21 10:00,0.468,7.619,,,,,,,,,,,
2025/8/21 11:00,0.292,6.32,,,,,,,,,,,
2025/8/21 12:00,0.185,5.369,,,,,,,,,,,
2025/8/21 13:00,0.134,4.81,,,,,,,,,,,
2025/8/21 14:00,0.129,4.753,,,,,,,,,,,
2025/8/21 15:00,0.091,4.245,,,,,,,,,,,
2025/8/21 16:00,0.049,3.497,,,,,,,,,,,
2025/8/21 17:00,0.053,3.578,,,,,,,,,,,
2025/8/21 18:00,0.086,4.153,,,,,,,,,,,
2025/8/21 19:00,0.332,6.619,,,,,,,,,,,
2025/8/21 20:00,0.589,8.511,,,,,,,,,,,
2025/8/21 21:00,0.639,8.905,,,,,,,,,,,
2025/8/21 22:00,0.615,8.712,,,,,,,,,,,
2025/8/21 23:00,0.409,7.194,,,,,,,,,,,
2025/8/22 0:00,0.167,5.183,,,,,,,,,,,
2025/8/22 1:00,0.216,5.67,,,,,,,,,,,
2025/8/22 2:00,0.311,6.465,,,,,,,,,,,
2025/8/22 3:00,0.271,6.143,,,,,,,,,,,
2025/8/22 4:00,0.235,5.843,,,,,,,,,,,
2025/8/22 5:00,0.235,5.84,,,,,,,,,,,
2025/8/22 6:00,0.246,5.936,,,,,,,,,,,
2025/8/22 7:00,0.246,5.934,,,,,,,,,,,
2025/8/22 8:00,0.222,5.722,,,,,,,,,,,
2025/8/22 9:00,0.215,5.662,,,,,,,,,,,
2025/8/22 10:00,0.238,5.866,,,,,,,,,,,
2025/8/22 11:00,0.275,6.172,,,,,,,,,,,
2025/8/22 12:00,0.322,6.549,,,,,,,,,,,
2025/8/22 13:00,0.367,6.885,,,,,,,,,,,
2025/8/22 14:00,0.365,6.871,,,,,,,,,,,
2025/8/22 15:00,0.384,7.013,,,,,,,,,,,
2025/8/22 16:00,0.441,7.427,,,,,,,,,,,
2025/8/22 17:00,0.49,7.788,,,,,,,,,,,
2025/8/22 18:00,0.49,7.788,,,,,,,,,,,
2025/8/22 19:00,0.469,7.633,,,,,,,,,,,
2025/8/22 20:00,0.469,7.633,,,,,,,,,,,
2025/8/22 21:00,0.48,7.713,,,,,,,,,,,
2025/8/22 22:00,0.396,7.108,,,,,,,,,,,
2025/8/22 23:00,0.215,5.663,,,,,,,,,,,
2025/8/23 0:00,0.088,4.198,,,,,,,,,,,
2025/8/23 1:00,0.059,3.698,,,,,,,,,,,
2025/8/23 2:00,0.07,3.888,,,,,,,,,,,
2025/8/23 3:00,0.059,3.698,,,,,,,,,,,
2025/8/23 4:00,0.064,3.797,,,,,,,,,,,
2025/8/23 5:00,0.088,4.203,,,,,,,,,,,
2025/8/23 6:00,0.11,4.506,,,,,,,,,,,
2025/8/23 7:00,0.144,4.931,,,,,,,,,,,
2025/8/23 8:00,0.211,5.617,,,,,,,,,,,
2025/8/23 9:00,0.311,6.465,,,,,,,,,,,
2025/8/23 10:00,0.365,6.871,,,,,,,,,,,
2025/8/23 11:00,0.324,6.568,,,,,,,,,,,
2025/8/23 12:00,0.257,6.024,,,,,,,,,,,
2025/8/23 13:00,0.207,5.572,,,,,,,,,,,
2025/8/23 14:00,0.162,5.136,,,,,,,,,,,
2025/8/23 15:00,0.166,5.176,,,,,,,,,,,
2025/8/23 16:00,0.172,5.237,,,,,,,,,,,
2025/8/23 17:00,0.158,5.088,,,,,,,,,,,
2025/8/23 18:00,0.133,4.8,,,,,,,,,,,
2025/8/23 19:00,0.095,4.303,,,,,,,,,,,
2025/8/23 20:00,0.071,3.913,,,,,,,,,,,
2025/8/23 21:00,0.063,3.782,,,,,,,,,,,
2025/8/23 22:00,0.054,3.606,,,,,,,,,,,
2025/8/23 23:00,0.021,2.735,,,,,,,,,,,
2025/8/24 0:00,0.005,1.896,,,,,,,,,,,
2025/8/24 1:00,0.001,1.402,,,,,,,,,,,
2025/8/24 2:00,0.001,1.315,,,,,,,,,,,
2025/8/24 3:00,0.001,1.38,,,,,,,,,,,
2025/8/24 4:00,0.001,1.4,,,,,,,,,,,
2025/8/24 5:00,0.001,1.442,,,,,,,,,,,
2025/8/24 6:00,0.002,1.501,,,,,,,,,,,
2025/8/24 7:00,0.002,1.506,,,,,,,,,,,
2025/8/24 8:00,0.003,1.671,,,,,,,,,,,
2025/8/24 9:00,0.009,2.242,,,,,,,,,,,
2025/8/24 10:00,0.042,3.34,,,,,,,,,,,
2025/8/24 11:00,0.113,4.547,,,,,,,,,,,
2025/8/24 12:00,0.163,5.148,,,,,,,,,,,
2025/8/24 13:00,0.169,5.213,,,,,,,,,,,
2025/8/24 14:00,0.142,4.916,,,,,,,,,,,
2025/8/24 15:00,0.1,4.368,,,,,,,,,,,
2025/8/24 16:00,0.07,3.908,,,,,,,,,,,
2025/8/24 17:00,0.07,3.908,,,,,,,,,,,
2025/8/24 18:00,0.122,4.66,,,,,,,,,,,
2025/8/24 19:00,0.195,5.467,,,,,,,,,,,
2025/8/24 20:00,0.267,6.112,,,,,,,,,,,
2025/8/24 21:00,0.297,6.353,,,,,,,,,,,
2025/8/24 22:00,0.188,5.399,,,,,,,,,,,
2025/8/24 23:00,0.102,4.399,,,,,,,,,,,
2025/8/25 0:00,0.114,4.566,,,,,,,,,,,
2025/8/25 1:00,0.117,4.606,,,,,,,,,,,
2025/8/25 2:00,0.127,4.735,,,,,,,,,,,
2025/8/25 3:00,0.125,4.71,,,,,,,,,,,
2025/8/25 4:00,0.104,4.436,,,,,,,,,,,
2025/8/25 5:00,0.084,4.132,,,,,,,,,,,
2025/8/25 6:00,0.076,4.003,,,,,,,,,,,
2025/8/25 7:00,0.082,4.099,,,,,,,,,,,
2025/8/25 8:00,0.089,4.21,,,,,,,,,,,
2025/8/25 9:00,0.086,4.164,,,,,,,,,,,
2025/8/25 10:00,0.082,4.108,,,,,,,,,,,
2025/8/25 11:00,0.066,3.835,,,,,,,,,,,
2025/8/25 12:00,0.029,2.984,,,,,,,,,,,
2025/8/25 13:00,0.003,1.73,,,,,,,,,,,
2025/8/25 14:00,0,0.82,,,,,,,,,,,
2025/8/25 15:00,0.008,2.144,,,,,,,,,,,
2025/8/25 16:00,0.081,4.083,,,,,,,,,,,
2025/8/25 17:00,0.214,5.646,,,,,,,,,,,
2025/8/25 18:00,0.33,6.612,,,,,,,,,,,
2025/8/25 19:00,0.409,7.198,,,,,,,,,,,
2025/8/25 20:00,0.443,7.451,,,,,,,,,,,
2025/8/25 21:00,0.434,7.381,,,,,,,,,,,
2025/8/25 22:00,0.286,6.262,,,,,,,,,,,
2025/8/25 23:00,0.199,5.506,,,,,,,,,,,
2025/8/26 0:00,0.242,5.904,,,,,,,,,,,
2025/8/26 1:00,0.28,6.216,,,,,,,,,,,
2025/8/26 2:00,0.29,6.301,,,,,,,,,,,
2025/8/26 3:00,0.286,6.263,,,,,,,,,,,
2025/8/26 4:00,0.261,6.062,,,,,,,,,,,
2025/8/26 5:00,0.216,5.672,,,,,,,,,,,
2025/8/26 6:00,0.157,5.077,,,,,,,,,,,
2025/8/26 7:00,0.093,4.273,,,,,,,,,,,
2025/8/26 8:00,0.042,3.347,,,,,,,,,,,
2025/8/26 9:00,0.008,2.171,,,,,,,,,,,
2025/8/26 10:00,0.005,1.911,,,,,,,,,,,
2025/8/26 11:00,0.034,3.119,,,,,,,,,,,
2025/8/26 12:00,0.074,3.976,,,,,,,,,,,
2025/8/26 13:00,0.122,4.674,,,,,,,,,,,
2025/8/26 14:00,0.2,5.515,,,,,,,,,,,
2025/8/26 15:00,0.258,6.031,,,,,,,,,,,
2025/8/26 16:00,0.232,5.801,,,,,,,,,,,
2025/8/26 17:00,0.189,5.408,,,,,,,,,,,
2025/8/26 18:00,0.181,5.325,,,,,,,,,,,
2025/8/26 19:00,0.185,5.368,,,,,,,,,,,
2025/8/26 20:00,0.127,4.727,,,,,,,,,,,
2025/8/26 21:00,0.063,3.768,,,,,,,,,,,
2025/8/26 22:00,0.032,3.091,,,,,,,,,,,
2025/8/26 23:00,0.025,2.871,,,,,,,,,,,
2025/8/27 0:00,0.04,3.298,,,,,,,,,,,
2025/8/27 1:00,0.134,4.807,,,,,,,,,,,
2025/8/27 2:00,0.319,6.529,,,,,,,,,,,
2025/8/27 3:00,0.368,6.904,,,,,,,,,,,
2025/8/27 4:00,0.413,7.229,,,,,,,,,,,
2025/8/27 5:00,0.403,7.156,,,,,,,,,,,
2025/8/27 6:00,0.402,7.139,,,,,,,,,,,
2025/8/27 7:00,0.406,7.179,,,,,,,,,,,
2025/8/27 8:00,0.356,6.813,,,,,,,,,,,
2025/8/27 9:00,0.341,6.689,,,,,,,,,,,
2025/8/27 10:00,0.374,6.938,,,,,,,,,,,
2025/8/27 11:00,0.381,6.998,,,,,,,,,,,
2025/8/27 12:00,0.341,6.691,,,,,,,,,,,
2025/8/27 13:00,0.353,6.789,,,,,,,,,,,
2025/8/27 14:00,0.264,6.079,,,,,,,,,,,
2025/8/27 15:00,0.218,5.689,,,,,,,,,,,
2025/8/27 16:00,0.171,5.233,,,,,,,,,,,
2025/8/27 17:00,0.126,4.718,,,,,,,,,,,
2025/8/27 18:00,0.171,5.225,,,,,,,,,,,
2025/8/27 19:00,0.208,5.591,,,,,,,,,,,
2025/8/27 20:00,0.178,5.293,,,,,,,,,,,
2025/8/27 21:00,0.123,4.68,,,,,,,,,,,
2025/8/27 22:00,0.07,3.895,,,,,,,,,,,
2025/8/27 23:00,0.05,3.525,,,,,,,,,,,
2025/8/28 0:00,0.031,3.05,,,,,,,,,,,
2025/8/28 1:00,0.01,2.281,,,,,,,,,,,
2025/8/28 2:00,0.005,1.954,,,,,,,,,,,
2025/8/28 3:00,0.009,2.204,,,,,,,,,,,
2025/8/28 4:00,0.008,2.174,,,,,,,,,,,
2025/8/28 5:00,0.004,1.809,,,,,,,,,,,
2025/8/28 6:00,0.003,1.748,,,,,,,,,,,
2025/8/28 7:00,0.008,2.141,,,,,,,,,,,
2025/8/28 8:00,0.007,2.061,,,,,,,,,,,
2025/8/28 9:00,0.008,2.134,,,,,,,,,,,
2025/8/28 10:00,0.013,2.403,,,,,,,,,,,
2025/8/28 11:00,0.012,2.35,,,,,,,,,,,
2025/8/28 12:00,0.007,2.053,,,,,,,,,,,
2025/8/28 13:00,0.015,2.495,,,,,,,,,,,
2025/8/28 14:00,0.04,3.282,,,,,,,,,,,
2025/8/28 15:00,0.066,3.836,,,,,,,,,,,
2025/8/28 16:00,0.082,4.109,,,,,,,,,,,
2025/8/28 17:00,0.096,4.322,,,,,,,,,,,
2025/8/28 18:00,0.113,4.543,,,,,,,,,,,
2025/8/28 19:00,0.126,4.725,,,,,,,,,,,
2025/8/28 20:00,0.147,4.963,,,,,,,,,,,
2025/8/28 21:00,0.158,5.092,,,,,,,,,,,
2025/8/28 22:00,0.146,4.961,,,,,,,,,,,
2025/8/28 23:00,0.076,4.009,,,,,,,,,,,
2025/8/29 0:00,0.051,3.548,,,,,,,,,,,
2025/8/29 1:00,0.071,3.927,,,,,,,,,,,
2025/8/29 2:00,0.103,4.418,,,,,,,,,,,
2025/8/29 3:00,0.124,4.698,,,,,,,,,,,
2025/8/29 4:00,0.123,4.679,,,,,,,,,,,
2025/8/29 5:00,0.127,4.727,,,,,,,,,,,
2025/8/29 6:00,0.145,4.949,,,,,,,,,,,
2025/8/29 7:00,0.165,5.167,,,,,,,,,,,
2025/8/29 8:00,0.147,4.97,,,,,,,,,,,
2025/8/29 9:00,0.123,4.679,,,,,,,,,,,
2025/8/29 10:00,0.107,4.475,,,,,,,,,,,
2025/8/29 11:00,0.092,4.264,,,,,,,,,,,
2025/8/29 12:00,0.088,4.192,,,,,,,,,,,
2025/8/29 13:00,0.092,4.261,,,,,,,,,,,
2025/8/29 14:00,0.094,4.282,,,,,,,,,,,
2025/8/29 15:00,0.099,4.356,,,,,,,,,,,
2025/8/29 16:00,0.108,4.484,,,,,,,,,,,
2025/8/29 17:00,0.115,4.579,,,,,,,,,,,
2025/8/29 18:00,0.113,4.549,,,,,,,,,,,
2025/8/29 19:00,0.101,4.374,,,,,,,,,,,
2025/8/29 20:00,0.082,4.11,,,,,,,,,,,
2025/8/29 21:00,0.067,3.846,,,,,,,,,,,
2025/8/29 22:00,0.058,3.69,,,,,,,,,,,
2025/8/29 23:00,0.027,2.933,,,,,,,,,,,
2025/8/30 0:00,0.021,2.729,,,,,,,,,,,
2025/8/30 1:00,0.062,3.763,,,,,,,,,,,
2025/8/30 2:00,0.104,4.431,,,,,,,,,,,
2025/8/30 3:00,0.104,4.428,,,,,,,,,,,
2025/8/30 4:00,0.077,4.025,,,,,,,,,,,
2025/8/30 5:00,0.049,3.492,,,,,,,,,,,
2025/8/30 6:00,0.028,2.955,,,,,,,,,,,
2025/8/30 7:00,0.015,2.511,,,,,,,,,,,
2025/8/30 8:00,0.015,2.503,,,,,,,,,,,
2025/8/30 9:00,0.043,3.366,,,,,,,,,,,
2025/8/30 10:00,0.171,5.232,,,,,,,,,,,
2025/8/30 11:00,0.349,6.748,,,,,,,,,,,
2025/8/30 12:00,0.45,7.493,,,,,,,,,,,
2025/8/30 13:00,0.45,7.49,,,,,,,,,,,
2025/8/30 14:00,0.423,7.3,,,,,,,,,,,
2025/8/30 15:00,0.388,7.051,,,,,,,,,,,
2025/8/30 16:00,0.368,6.904,,,,,,,,,,,
2025/8/30 17:00,0.377,6.961,,,,,,,,,,,
2025/8/30 18:00,0.381,6.997,,,,,,,,,,,
2025/8/30 19:00,0.366,6.882,,,,,,,,,,,
2025/8/30 20:00,0.323,6.558,,,,,,,,,,,
2025/8/30 21:00,0.275,6.175,,,,,,,,,,,
2025/8/30 22:00,0.158,5.095,,,,,,,,,,,
2025/8/30 23:00,0.034,3.137,,,,,,,,,,,
2025/8/31 0:00,0.003,1.672,,,,,,,,,,,
2025/8/31 1:00,0,1.145,,,,,,,,,,,
2025/8/31 2:00,0,1.058,,,,,,,,,,,
2025/8/31 3:00,0.002,1.567,,,,,,,,,,,
2025/8/31 4:00,0.015,2.522,,,,,,,,,,,
2025/8/31 5:00,0.043,3.354,,,,,,,,,,,
2025/8/31 6:00,0.077,4.025,,,,,,,,,,,
2025/8/31 7:00,0.118,4.612,,,,,,,,,,,
2025/8/31 8:00,0.155,5.049,,,,,,,,,,,
2025/8/31 9:00,0.188,5.397,,,,,,,,,,,
2025/8/31 10:00,0.278,6.197,,,,,,,,,,,
2025/8/31 11:00,0.375,6.948,,,,,,,,,,,
2025/8/31 12:00,0.463,7.591,,,,,,,,,,,
2025/8/31 13:00,0.528,8.06,,,,,,,,,,,
2025/8/31 14:00,0.569,8.37,,,,,,,,,,,
2025/8/31 15:00,0.604,8.631,,,,,,,,,,,
2025/8/31 16:00,0.612,8.699,,,,,,,,,,,
2025/8/31 17:00,0.598,8.583,,,,,,,,,,,
2025/8/31 18:00,0.575,8.41,,,,,,,,,,,
2025/8/31 19:00,0.567,8.346,,,,,,,,,,,
2025/8/31 20:00,0.545,8.189,,,,,,,,,,,
2025/8/31 21:00,0.522,8.017,,,,,,,,,,,
2025/8/31 22:00,0.406,7.177,,,,,,,,,,,
2025/8/31 23:00,0.2,5.517,,,,,,,,,,,
2025/9/1 0:00,0.179,5.301,,,,,,,,,,,
2025/9/1 1:00,0.202,5.532,,,,,,,,,,,
2025/9/1 2:00,0.162,5.129,,,,,,,,,,,
2025/9/1 3:00,0.117,4.609,,,,,,,,,,,
2025/9/1 4:00,0.087,4.179,,,,,,,,,,,
2025/9/1 5:00,0.072,3.94,,,,,,,,,,,
2025/9/1 6:00,0.063,3.776,,,,,,,,,,,
2025/9/1 7:00,0.049,3.486,,,,,,,,,,,
2025/9/1 8:00,0.027,2.946,,,,,,,,,,,
2025/9/1 9:00,0.006,2.003,,,,,,,,,,,
2025/9/1 10:00,0.001,1.282,,,,,,,,,,,
2025/9/1 11:00,0.012,2.356,,,,,,,,,,,
2025/9/1 12:00,0.061,3.731,,,,,,,,,,,
2025/9/1 13:00,0.163,5.141,,,,,,,,,,,
2025/9/1 14:00,0.295,6.331,,,,,,,,,,,
2025/9/1 15:00,0.378,6.977,,,,,,,,,,,
2025/9/1 16:00,0.423,7.304,,,,,,,,,,,
2025/9/1 17:00,0.472,7.645,,,,,,,,,,,
2025/9/1 18:00,0.525,8.03,,,,,,,,,,,
2025/9/1 19:00,0.554,8.253,,,,,,,,,,,
2025/9/1 20:00,0.548,8.212,,,,,,,,,,,
2025/9/1 21:00,0.51,7.935,,,,,,,,,,,
2025/9/1 22:00,0.406,7.171,,,,,,,,,,,
2025/9/1 23:00,0.183,5.35,,,,,,,,,,,
2025/9/2 0:00,0.127,4.725,,,,,,,,,,,
2025/9/2 1:00,0.256,6.022,,,,,,,,,,,
2025/9/2 2:00,0.261,6.062,,,,,,,,,,,
2025/9/2 3:00,0.261,6.06,,,,,,,,,,,
2025/9/2 4:00,0.275,6.181,,,,,,,,,,,
2025/9/2 5:00,0.305,6.414,,,,,,,,,,,
2025/9/2 6:00,0.375,6.94,,,,,,,,,,,
2025/9/2 7:00,0.434,7.374,,,,,,,,,,,
2025/9/2 8:00,0.49,7.781,,,,,,,,,,,
2025/9/2 9:00,0.553,8.238,,,,,,,,,,,
2025/9/2 10:00,0.641,8.924,,,,,,,,,,,
2025/9/2 11:00,0.683,9.279,,,,,,,,,,,
2025/9/2 12:00,0.651,9.003,,,,,,,,,,,
2025/9/2 13:00,0.627,8.818,,,,,,,,,,,
2025/9/2 14:00,0.616,8.728,,,,,,,,,,,
2025/9/2 15:00,0.589,8.519,,,,,,,,,,,
2025/9/2 16:00,0.565,8.339,,,,,,,,,,,
2025/9/2 17:00,0.548,8.212,,,,,,,,,,,
2025/9/2 18:00,0.553,8.249,,,,,,,,,,,
2025/9/2 19:00,0.534,8.107,,,,,,,,,,,
2025/9/2 20:00,0.528,8.063,,,,,,,,,,,
2025/9/2 21:00,0.532,8.08,,,,,,,,,,,
2025/9/2 22:00,0.481,7.724,,,,,,,,,,,
2025/9/2 23:00,0.302,6.396,,,,,,,,,,,
2025/9/3 0:00,0.384,7.009,,,,,,,,,,,
2025/9/3 1:00,0.409,7.201,,,,,,,,,,,
2025/9/3 2:00,0.35,6.76,,,,,,,,,,,
2025/9/3 3:00,0.332,6.626,,,,,,,,,,,
2025/9/3 4:00,0.341,6.687,,,,,,,,,,,
2025/9/3 5:00,0.334,6.645,,,,,,,,,,,
2025/9/3 6:00,0.316,6.507,,,,,,,,,,,
2025/9/3 7:00,0.293,6.324,,,,,,,,,,,
2025/9/3 8:00,0.265,6.091,,,,,,,,,,,
2025/9/3 9:00,0.279,6.207,,,,,,,,,,,
2025/9/3 10:00,0.41,7.206,,,,,,,,,,,
2025/9/3 11:00,0.503,7.878,,,,,,,,,,,
2025/9/3 12:00,0.529,8.071,,,,,,,,,,,
2025/9/3 13:00,0.517,7.981,,,,,,,,,,,
2025/9/3 14:00,0.495,7.823,,,,,,,,,,,
2025/9/3 15:00,0.476,7.684,,,,,,,,,,,
2025/9/3 16:00,0.449,7.487,,,,,,,,,,,
2025/9/3 17:00,0.419,7.271,,,,,,,,,,,
2025/9/3 18:00,0.385,7.029,,,,,,,,,,,
2025/9/3 19:00,0.362,6.848,,,,,,,,,,,
2025/9/3 20:00,0.349,6.746,,,,,,,,,,,
2025/9/3 21:00,0.333,6.64,,,,,,,,,,,
2025/9/3 22:00,0.217,5.675,,,,,,,,,,,
2025/9/3 23:00,0.103,4.416,,,,,,,,,,,
2025/9/4 0:00,0.058,3.677,,,,,,,,,,,
2025/9/4 1:00,0.007,2.119,,,,,,,,,,,
2025/9/4 2:00,0.001,1.359,,,,,,,,,,,
2025/9/4 3:00,0.001,1.329,,,,,,,,,,,
2025/9/4 4:00,0.003,1.706,,,,,,,,,,,
2025/9/4 5:00,0.008,2.156,,,,,,,,,,,
2025/9/4 6:00,0.019,2.67,,,,,,,,,,,
2025/9/4 7:00,0.033,3.103,,,,,,,,,,,
2025/9/4 8:00,0.051,3.544,,,,,,,,,,,
2025/9/4 9:00,0.132,4.787,,,,,,,,,,,
2025/9/4 10:00,0.375,6.953,,,,,,,,,,,
2025/9/4 11:00,0.549,8.221,,,,,,,,,,,
2025/9/4 12:00,0.575,8.401,,,,,,,,,,,
2025/9/4 13:00,0.556,8.262,,,,,,,,,,,
2025/9/4 14:00,0.513,7.954,,,,,,,,,,,
2025/9/4 15:00,0.468,7.62,,,,,,,,,,,
2025/9/4 16:00,0.434,7.376,,,,,,,,,,,
2025/9/4 17:00,0.378,6.976,,,,,,,,,,,
2025/9/4 18:00,0.332,6.629,,,,,,,,,,,
2025/9/4 19:00,0.308,6.439,,,,,,,,,,,
2025/9/4 20:00,0.312,6.474,,,,,,,,,,,
2025/9/4 21:00,0.304,6.41,,,,,,,,,,,
2025/9/4 22:00,0.293,6.323,,,,,,,,,,,
2025/9/4 23:00,0.237,5.858,,,,,,,,,,,
2025/9/5 0:00,0.416,7.244,,,,,,,,,,,
2025/9/5 1:00,0.648,8.982,,,,,,,,,,,
2025/9/5 2:00,0.753,9.934,,,,,,,,,,,
2025/9/5 3:00,0.776,10.18,,,,,,,,,,,
2025/9/5 4:00,0.788,10.313,,,,,,,,,,,
2025/9/5 5:00,0.821,10.716,,,,,,,,,,,
2025/9/5 6:00,0.697,9.397,,,,,,,,,,,
2025/9/5 7:00,0.503,7.876,,,,,,,,,,,
2025/9/5 8:00,0.384,7.014,,,,,,,,,,,
2025/9/5 9:00,0.301,6.387,,,,,,,,,,,
2025/9/5 10:00,0.28,6.219,,,,,,,,,,,
2025/9/5 11:00,0.277,6.189,,,,,,,,,,,
2025/9/5 12:00,0.302,6.4,,,,,,,,,,,
2025/9/5 13:00,0.358,6.825,,,,,,,,,,,
2025/9/5 14:00,0.407,7.182,,,,,,,,,,,
2025/9/5 15:00,0.491,7.793,,,,,,,,,,,
2025/9/5 16:00,0.559,8.281,,,,,,,,,,,
2025/9/5 17:00,0.58,8.443,,,,,,,,,,,
2025/9/5 18:00,0.579,8.435,,,,,,,,,,,
2025/9/5 19:00,0.592,8.541,,,,,,,,,,,
2025/9/5 20:00,0.612,8.698,,,,,,,,,,,
2025/9/5 21:00,0.609,8.665,,,,,,,,,,,
2025/9/5 22:00,0.485,7.739,,,,,,,,,,,
2025/9/5 23:00,0.208,5.583,,,,,,,,,,,
2025/9/6 0:00,0.144,4.932,,,,,,,,,,,
2025/9/6 1:00,0.27,6.14,,,,,,,,,,,
2025/9/6 2:00,0.179,5.303,,,,,,,,,,,
2025/9/6 3:00,0.135,4.831,,,,,,,,,,,
2025/9/6 4:00,0.139,4.869,,,,,,,,,,,
2025/9/6 5:00,0.166,5.18,,,,,,,,,,,
2025/9/6 6:00,0.238,5.865,,,,,,,,,,,
2025/9/6 7:00,0.334,6.641,,,,,,,,,,,
2025/9/6 8:00,0.378,6.977,,,,,,,,,,,
2025/9/6 9:00,0.428,7.329,,,,,,,,,,,
2025/9/6 10:00,0.603,8.63,,,,,,,,,,,
2025/9/6 11:00,0.751,9.908,,,,,,,,,,,
2025/9/6 12:00,0.825,10.756,,,,,,,,,,,
2025/9/6 13:00,0.867,11.387,,,,,,,,,,,
2025/9/6 14:00,0.899,11.978,,,,,,,,,,,
2025/9/6 15:00,0.904,12.076,,,,,,,,,,,
2025/9/6 16:00,0.839,10.958,,,,,,,,,,,
2025/9/6 17:00,0.794,10.381,,,,,,,,,,,
2025/9/6 18:00,0.787,10.302,,,,,,,,,,,
2025/9/6 19:00,0.777,10.184,,,,,,,,,,,
2025/9/6 20:00,0.739,9.798,,,,,,,,,,,
2025/9/6 21:00,0.682,9.27,,,,,,,,,,,
2025/9/6 22:00,0.534,8.11,,,,,,,,,,,
2025/9/6 23:00,0.593,8.546,,,,,,,,,,,
2025/9/7 0:00,0.738,9.787,,,,,,,,,,,
2025/9/7 1:00,0.705,9.473,,,,,,,,,,,
2025/9/7 2:00,0.622,8.772,,,,,,,,,,,
2025/9/7 3:00,0.514,7.964,,,,,,,,,,,
2025/9/7 4:00,0.434,7.374,,,,,,,,,,,
2025/9/7 5:00,0.384,7.012,,,,,,,,,,,
2025/9/7 6:00,0.35,6.764,,,,,,,,,,,
2025/9/7 7:00,0.318,6.525,,,,,,,,,,,
2025/9/7 8:00,0.283,6.232,,,,,,,,,,,
2025/9/7 9:00,0.253,5.994,,,,,,,,,,,
2025/9/7 10:00,0.327,6.579,,,,,,,,,,,
2025/9/7 11:00,0.436,7.39,,,,,,,,,,,
2025/9/7 12:00,0.561,8.3,,,,,,,,,,,
2025/9/7 13:00,0.663,9.112,,,,,,,,,,,
2025/9/7 14:00,0.723,9.641,,,,,,,,,,,
2025/9/7 15:00,0.734,9.747,,,,,,,,,,,
2025/9/7 16:00,0.731,9.715,,,,,,,,,,,
2025/9/7 17:00,0.727,9.682,,,,,,,,,,,
2025/9/7 18:00,0.716,9.571,,,,,,,,,,,
2025/9/7 19:00,0.685,9.297,,,,,,,,,,,
2025/9/7 20:00,0.652,9.009,,,,,,,,,,,
2025/9/7 21:00,0.638,8.895,,,,,,,,,,,
2025/9/7 22:00,0.521,8.005,,,,,,,,,,,
2025/9/7 23:00,0.295,6.336,,,,,,,,,,,
2025/9/8 0:00,0.251,5.966,,,,,,,,,,,
2025/9/8 1:00,0.376,6.954,,,,,,,,,,,
2025/9/8 2:00,0.447,7.476,,,,,,,,,,,
2025/9/8 3:00,0.538,8.137,,,,,,,,,,,
2025/9/8 4:00,0.621,8.77,,,,,,,,,,,
2025/9/8 5:00,0.685,9.295,,,,,,,,,,,
2025/9/8 6:00,0.698,9.401,,,,,,,,,,,
2025/9/8 7:00,0.659,9.075,,,,,,,,,,,
2025/9/8 8:00,0.496,7.824,,,,,,,,,,,
2025/9/8 9:00,0.297,6.353,,,,,,,,,,,
2025/9/8 10:00,0.25,5.96,,,,,,,,,,,
2025/9/8 11:00,0.239,5.872,,,,,,,,,,,
2025/9/8 12:00,0.246,5.936,,,,,,,,,,,
2025/9/8 13:00,0.264,6.087,,,,,,,,,,,
2025/9/8 14:00,0.272,6.155,,,,,,,,,,,
2025/9/8 15:00,0.27,6.137,,,,,,,,,,,
2025/9/8 16:00,0.261,6.063,,,,,,,,,,,
2025/9/8 17:00,0.233,5.818,,,,,,,,,,,
2025/9/8 18:00,0.184,5.363,,,,,,,,,,,
2025/9/8 19:00,0.155,5.047,,,,,,,,,,,
2025/9/8 20:00,0.155,5.051,,,,,,,,,,,
2025/9/8 21:00,0.169,5.205,,,,,,,,,,,
2025/9/8 22:00,0.157,5.084,,,,,,,,,,,
2025/9/8 23:00,0.078,4.027,,,,,,,,,,,
2025/9/9 0:00,0.056,3.647,,,,,,,,,,,
2025/9/9 1:00,0.033,3.111,,,,,,,,,,,
2025/9/9 2:00,0.012,2.394,,,,,,,,,,,
2025/9/9 3:00,0.002,1.545,,,,,,,,,,,
2025/9/9 4:00,0,0.775,,,,,,,,,,,
2025/9/9 5:00,0,0.244,,,,,,,,,,,
2025/9/9 6:00,0.001,1.263,,,,,,,,,,,
2025/9/9 7:00,0.011,2.291,,,,,,,,,,,
2025/9/9 8:00,0.049,3.496,,,,,,,,,,,
2025/9/9 9:00,0.175,5.272,,,,,,,,,,,
2025/9/9 10:00,0.363,6.852,,,,,,,,,,,
2025/9/9 11:00,0.359,6.827,,,,,,,,,,,
2025/9/9 12:00,0.315,6.488,,,,,,,,,,,
2025/9/9 13:00,0.315,6.487,,,,,,,,,,,
2025/9/9 14:00,0.248,5.945,,,,,,,,,,,
2025/9/9 15:00,0.174,5.256,,,,,,,,,,,
2025/9/9 16:00,0.25,5.957,,,,,,,,,,,
2025/9/9 17:00,0.421,7.289,,,,,,,,,,,
2025/9/9 18:00,0.403,7.161,,,,,,,,,,,
2025/9/9 19:00,0.327,6.591,,,,,,,,,,,
2025/9/9 20:00,0.309,6.441,,,,,,,,,,,
2025/9/9 21:00,0.274,6.164,,,,,,,,,,,
2025/9/9 22:00,0.179,5.297,,,,,,,,,,,
2025/9/9 23:00,0.084,4.119,,,,,,,,,,,
2025/9/10 0:00,0.05,3.507,,,,,,,,,,,
2025/9/10 1:00,0.01,2.276,,,,,,,,,,,
2025/9/10 2:00,0,0.515,,,,,,,,,,,
2025/9/10 3:00,0,0.788,,,,,,,,,,,
2025/9/10 4:00,0.001,1.206,,,,,,,,,,,
2025/9/10 5:00,0.001,1.465,,,,,,,,,,,
2025/9/10 6:00,0.004,1.827,,,,,,,,,,,
2025/9/10 7:00,0.017,2.599,,,,,,,,,,,
2025/9/10 8:00,0.074,3.958,,,,,,,,,,,
2025/9/10 9:00,0.206,5.564,,,,,,,,,,,
2025/9/10 10:00,0.392,7.076,,,,,,,,,,,
2025/9/10 11:00,0.485,7.746,,,,,,,,,,,
2025/9/10 12:00,0.496,7.825,,,,,,,,,,,
2025/9/10 13:00,0.475,7.67,,,,,,,,,,,
2025/9/10 14:00,0.438,7.4,,,,,,,,,,,
2025/9/10 15:00,0.421,7.29,,,,,,,,,,,
2025/9/10 16:00,0.434,7.373,,,,,,,,,,,
2025/9/10 17:00,0.416,7.245,,,,,,,,,,,
2025/9/10 18:00,0.418,7.265,,,,,,,,,,,
2025/9/10 19:00,0.438,7.403,,,,,,,,,,,
2025/9/10 20:00,0.45,7.493,,,,,,,,,,,
2025/9/10 21:00,0.461,7.573,,,,,,,,,,,
2025/9/10 22:00,0.443,7.449,,,,,,,,,,,
2025/9/10 23:00,0.503,7.881,,,,,,,,,,,
2025/9/11 0:00,0.763,10.037,,,,,,,,,,,
2025/9/11 1:00,0.861,11.277,,,,,,,,,,,
2025/9/11 2:00,0.902,12.038,,,,,,,,,,,
2025/9/11 3:00,0.923,12.541,,,,,,,,,,,
2025/9/11 4:00,0.937,12.907,,,,,,,,,,,
2025/9/11 5:00,0.947,13.231,,,,,,,,,,,
2025/9/11 6:00,0.947,13.266,,,,,,,,,,,
2025/9/11 7:00,0.943,13.113,,,,,,,,,,,
2025/9/11 8:00,0.945,13.181,,,,,,,,,,,
2025/9/11 9:00,0.954,13.512,,,,,,,,,,,
2025/9/11 10:00,0.932,12.768,,,,,,,,,,,
2025/9/11 11:00,0.85,11.104,,,,,,,,,,,
2025/9/11 12:00,0.755,9.942,,,,,,,,,,,
2025/9/11 13:00,0.63,8.83,,,,,,,,,,,
2025/9/11 14:00,0.568,8.353,,,,,,,,,,,
2025/9/11 15:00,0.653,9.025,,,,,,,,,,,
2025/9/11 16:00,0.641,8.925,,,,,,,,,,,
2025/9/11 17:00,0.687,9.311,,,,,,,,,,,
2025/9/11 18:00,0.86,11.266,,,,,,,,,,,
2025/9/11 19:00,0.865,11.336,,,,,,,,,,,
2025/9/11 20:00,0.758,9.982,,,,,,,,,,,
2025/9/11 21:00,0.69,9.344,,,,,,,,,,,
2025/9/11 22:00,0.586,8.486,,,,,,,,,,,
2025/9/11 23:00,0.332,6.622,,,,,,,,,,,
2025/9/12 0:00,0.195,5.464,,,,,,,,,,,
2025/9/12 1:00,0.291,6.308,,,,,,,,,,,
2025/9/12 2:00,0.335,6.649,,,,,,,,,,,
2025/9/12 3:00,0.256,6.017,,,,,,,,,,,
2025/9/12 4:00,0.161,5.121,,,,,,,,,,,
2025/9/12 5:00,0.095,4.296,,,,,,,,,,,
2025/9/12 6:00,0.073,3.943,,,,,,,,,,,
2025/9/12 7:00,0.051,3.541,,,,,,,,,,,
2025/9/12 8:00,0.049,3.49,,,,,,,,,,,
2025/9/12 9:00,0.067,3.844,,,,,,,,,,,
2025/9/12 10:00,0.121,4.648,,,,,,,,,,,
2025/9/12 11:00,0.211,5.625,,,,,,,,,,,
2025/9/12 12:00,0.357,6.817,,,,,,,,,,,
2025/9/12 13:00,0.5,7.858,,,,,,,,,,,
2025/9/12 14:00,0.577,8.417,,,,,,,,,,,
2025/9/12 15:00,0.568,8.362,,,,,,,,,,,
2025/9/12 16:00,0.537,8.118,,,,,,,,,,,
2025/9/12 17:00,0.503,7.874,,,,,,,,,,,
2025/9/12 18:00,0.479,7.706,,,,,,,,,,,
2025/9/12 19:00,0.456,7.536,,,,,,,,,,,
2025/9/12 20:00,0.421,7.284,,,,,,,,,,,
2025/9/12 21:00,0.398,7.116,,,,,,,,,,,
2025/9/12 22:00,0.333,6.637,,,,,,,,,,,
2025/9/12 23:00,0.258,6.041,,,,,,,,,,,
2025/9/13 0:00,0.507,7.906,,,,,,,,,,,
2025/9/13 1:00,0.58,8.441,,,,,,,,,,,
2025/9/13 2:00,0.607,8.648,,,,,,,,,,,
2025/9/13 3:00,0.626,8.808,,,,,,,,,,,
2025/9/13 4:00,0.693,9.372,,,,,,,,,,,
2025/9/13 5:00,0.737,9.775,,,,,,,,,,,
2025/9/13 6:00,0.693,9.366,,,,,,,,,,,
2025/9/13 7:00,0.645,8.963,,,,,,,,,,,
2025/9/13 8:00,0.655,9.033,,,,,,,,,,,
2025/9/13 9:00,0.639,8.907,,,,,,,,,,,
2025/9/13 10:00,0.636,8.89,,,,,,,,,,,
2025/9/13 11:00,0.639,8.902,,,,,,,,,,,
2025/9/13 12:00,0.619,8.746,,,,,,,,,,,
2025/9/13 13:00,0.635,8.876,,,,,,,,,,,
2025/9/13 14:00,0.635,8.88,,,,,,,,,,,
2025/9/13 15:00,0.671,9.167,,,,,,,,,,,
2025/9/13 16:00,0.704,9.464,,,,,,,,,,,
2025/9/13 17:00,0.719,9.604,,,,,,,,,,,
2025/9/13 18:00,0.716,9.572,,,,,,,,,,,
2025/9/13 19:00,0.734,9.739,,,,,,,,,,,
2025/9/13 20:00,0.74,9.804,,,,,,,,,,,
2025/9/13 21:00,0.725,9.657,,,,,,,,,,,
2025/9/13 22:00,0.654,9.028,,,,,,,,,,,
2025/9/13 23:00,0.523,8.022,,,,,,,,,,,
2025/9/14 0:00,0.788,10.309,,,,,,,,,,,
2025/9/14 1:00,0.88,11.613,,,,,,,,,,,
2025/9/14 2:00,0.883,11.652,,,,,,,,,,,
2025/9/14 3:00,0.888,11.741,,,,,,,,,,,
2025/9/14 4:00,0.888,11.753,,,,,,,,,,,
2025/9/14 5:00,0.888,11.755,,,,,,,,,,,
2025/9/14 6:00,0.893,11.848,,,,,,,,,,,
2025/9/14 7:00,0.887,11.726,,,,,,,,,,,
2025/9/14 8:00,0.859,11.238,,,,,,,,,,,
2025/9/14 9:00,0.75,9.898,,,,,,,,,,,
2025/9/14 10:00,0.615,8.718,,,,,,,,,,,
2025/9/14 11:00,0.485,7.743,,,,,,,,,,,
2025/9/14 12:00,0.363,6.855,,,,,,,,,,,
2025/9/14 13:00,0.292,6.315,,,,,,,,,,,
2025/9/14 14:00,0.286,6.272,,,,,,,,,,,
2025/9/14 15:00,0.315,6.496,,,,,,,,,,,
2025/9/14 16:00,0.291,6.306,,,,,,,,,,,
2025/9/14 17:00,0.262,6.073,,,,,,,,,,,
2025/9/14 18:00,0.243,5.906,,,,,,,,,,,
2025/9/14 19:00,0.211,5.621,,,,,,,,,,,
2025/9/14 20:00,0.157,5.073,,,,,,,,,,,
2025/9/14 21:00,0.095,4.306,,,,,,,,,,,
2025/9/14 22:00,0.071,3.916,,,,,,,,,,,
2025/9/14 23:00,0.052,3.55,,,,,,,,,,,
2025/9/15 0:00,0.118,4.614,,,,,,,,,,,
2025/9/15 1:00,0.418,7.264,,,,,,,,,,,
2025/9/15 2:00,0.641,8.93,,,,,,,,,,,
2025/9/15 3:00,0.78,10.208,,,,,,,,,,,
2025/9/15 4:00,0.71,9.512,,,,,,,,,,,
2025/9/15 5:00,0.403,7.154,,,,,,,,,,,
2025/9/15 6:00,0.141,4.901,,,,,,,,,,,
2025/9/15 7:00,0.194,5.451,,,,,,,,,,,
2025/9/15 8:00,0.313,6.478,,,,,,,,,,,
2025/9/15 9:00,0.431,7.355,,,,,,,,,,,
2025/9/15 10:00,0.551,8.23,,,,,,,,,,,
2025/9/15 11:00,0.589,8.51,,,,,,,,,,,
2025/9/15 12:00,0.565,8.337,,,,,,,,,,,
2025/9/15 13:00,0.519,7.997,,,,,,,,,,,
2025/9/15 14:00,0.484,7.737,,,,,,,,,,,
2025/9/15 15:00,0.443,7.445,,,,,,,,,,,
2025/9/15 16:00,0.468,7.619,,,,,,,,,,,
2025/9/15 17:00,0.544,8.179,,,,,,,,,,,
2025/9/15 18:00,0.502,7.866,,,,,,,,,,,
2025/9/15 19:00,0.511,7.936,,,,,,,,,,,
2025/9/15 20:00,0.625,8.794,,,,,,,,,,,
2025/9/15 21:00,0.541,8.16,,,,,,,,,,,
2025/9/15 22:00,0.671,9.17,,,,,,,,,,,
2025/9/15 23:00,0.9,11.991,,,,,,,,,,,
2025/9/16 0:00,0.962,13.869,,,,,,,,,,,
2025/9/16 1:00,0.946,13.22,,,,,,,,,,,
2025/9/16 2:00,0.886,11.715,,,,,,,,,,,
2025/9/16 3:00,0.829,10.814,,,,,,,,,,,
2025/9/16 4:00,0.81,10.573,,,,,,,,,,,
2025/9/16 5:00,0.819,10.681,,,,,,,,,,,
2025/9/16 6:00,0.827,10.787,,,,,,,,,,,
2025/9/16 7:00,0.786,10.287,,,,,,,,,,,
2025/9/16 8:00,0.688,9.32,,,,,,,,,,,
2025/9/16 9:00,0.532,8.085,,,,,,,,,,,
2025/9/16 10:00,0.548,8.211,,,,,,,,,,,
2025/9/16 11:00,0.61,8.674,,,,,,,,,,,
2025/9/16 12:00,0.642,8.933,,,,,,,,,,,
2025/9/16 13:00,0.622,8.774,,,,,,,,,,,
2025/9/16 14:00,0.564,8.322,,,,,,,,,,,
2025/9/16 15:00,0.431,7.349,,,,,,,,,,,
2025/9/16 16:00,0.295,6.336,,,,,,,,,,,
2025/9/16 17:00,0.27,6.141,,,,,,,,,,,
2025/9/16 18:00,0.335,6.652,,,,,,,,,,,
2025/9/16 19:00,0.447,7.479,,,,,,,,,,,
2025/9/16 20:00,0.524,8.026,,,,,,,,,,,
2025/9/16 21:00,0.561,8.3,,,,,,,,,,,
2025/9/16 22:00,0.541,8.156,,,,,,,,,,,
2025/9/16 23:00,0.332,6.626,,,,,,,,,,,
2025/9/17 0:00,0.205,5.552,,,,,,,,,,,
2025/9/17 1:00,0.374,6.936,,,,,,,,,,,
2025/9/17 2:00,0.528,8.061,,,,,,,,,,,
2025/9/17 3:00,0.594,8.548,,,,,,,,,,,
2025/9/17 4:00,0.584,8.478,,,,,,,,,,,
2025/9/17 5:00,0.561,8.302,,,,,,,,,,,
2025/9/17 6:00,0.556,8.267,,,,,,,,,,,
2025/9/17 7:00,0.586,8.49,,,,,,,,,,,
2025/9/17 8:00,0.594,8.547,,,,,,,,,,,
2025/9/17 9:00,0.495,7.821,,,,,,,,,,,
2025/9/17 10:00,0.43,7.348,,,,,,,,,,,
2025/9/17 11:00,0.349,6.749,,,,,,,,,,,
2025/9/17 12:00,0.261,6.06,,,,,,,,,,,
2025/9/17 13:00,0.2,5.52,,,,,,,,,,,
2025/9/17 14:00,0.185,5.376,,,,,,,,,,,
2025/9/17 15:00,0.208,5.587,,,,,,,,,,,
2025/9/17 16:00,0.242,5.903,,,,,,,,,,,
2025/9/17 17:00,0.262,6.07,,,,,,,,,,,
2025/9/17 18:00,0.258,6.037,,,,,,,,,,,
2025/9/17 19:00,0.268,6.123,,,,,,,,,,,
2025/9/17 20:00,0.275,6.174,,,,,,,,,,,
2025/9/17 21:00,0.253,5.993,,,,,,,,,,,
2025/9/17 22:00,0.204,5.549,,,,,,,,,,,
2025/9/17 23:00,0.075,3.997,,,,,,,,,,,
2025/9/18 0:00,0.012,2.376,,,,,,,,,,,
2025/9/18 1:00,0.014,2.491,,,,,,,,,,,
2025/9/18 2:00,0.01,2.286,,,,,,,,,,,
2025/9/18 3:00,0.005,1.954,,,,,,,,,,,
2025/9/18 4:00,0.002,1.547,,,,,,,,,,,
2025/9/18 5:00,0,1.021,,,,,,,,,,,
2025/9/18 6:00,0,0.931,,,,,,,,,,,
2025/9/18 7:00,0.004,1.874,,,,,,,,,,,
2025/9/18 8:00,0.01,2.27,,,,,,,,,,,
2025/9/18 9:00,0.043,3.356,,,,,,,,,,,
2025/9/18 10:00,0.106,4.46,,,,,,,,,,,
2025/9/18 11:00,0.204,5.55,,,,,,,,,,,
2025/9/18 12:00,0.319,6.531,,,,,,,,,,,
2025/9/18 13:00,0.393,7.077,,,,,,,,,,,
2025/9/18 14:00,0.409,7.191,,,,,,,,,,,
2025/9/18 15:00,0.391,7.069,,,,,,,,,,,
2025/9/18 16:00,0.381,6.995,,,,,,,,,,,
2025/9/18 17:00,0.372,6.92,,,,,,,,,,,
2025/9/18 18:00,0.362,6.85,,,,,,,,,,,
2025/9/18 19:00,0.35,6.754,,,,,,,,,,,
2025/9/18 20:00,0.312,6.474,,,,,,,,,,,
2025/9/18 21:00,0.247,5.94,,,,,,,,,,,
2025/9/18 22:00,0.196,5.478,,,,,,,,,,,
2025/9/18 23:00,0.128,4.74,,,,,,,,,,,
2025/9/19 0:00,0.045,3.401,,,,,,,,,,,
2025/9/19 1:00,0.02,2.692,,,,,,,,,,,
2025/9/19 2:00,0.006,2.029,,,,,,,,,,,
2025/9/19 3:00,0.001,1.318,,,,,,,,,,,
2025/9/19 4:00,0,0.839,,,,,,,,,,,
2025/9/19 5:00,0,0.544,,,,,,,,,,,
2025/9/19 6:00,0,0.132,,,,,,,,,,,
2025/9/19 7:00,0,0.132,,,,,,,,,,,
2025/9/19 8:00,0.001,1.384,,,,,,,,,,,
2025/9/19 9:00,0.028,2.965,,,,,,,,,,,
2025/9/19 10:00,0.097,4.325,,,,,,,,,,,
2025/9/19 11:00,0.134,4.821,,,,,,,,,,,
2025/9/19 12:00,0.123,4.685,,,,,,,,,,,
2025/9/19 13:00,0.093,4.269,,,,,,,,,,,
2025/9/19 14:00,0.074,3.955,,,,,,,,,,,
2025/9/19 15:00,0.07,3.895,,,,,,,,,,,
2025/9/19 16:00,0.082,4.102,,,,,,,,,,,
2025/9/19 17:00,0.131,4.774,,,,,,,,,,,
2025/9/19 18:00,0.21,5.615,,,,,,,,,,,
2025/9/19 19:00,0.238,5.863,,,,,,,,,,,
2025/9/19 20:00,0.207,5.571,,,,,,,,,,,
2025/9/19 21:00,0.163,5.142,,,,,,,,,,,
2025/9/19 22:00,0.112,4.529,,,,,,,,,,,
2025/9/19 23:00,0.053,3.579,,,,,,,,,,,
2025/9/20 0:00,0.013,2.409,,,,,,,,,,,
2025/9/20 1:00,0.034,3.13,,,,,,,,,,,
2025/9/20 2:00,0.021,2.758,,,,,,,,,,,
2025/9/20 3:00,0.017,2.58,,,,,,,,,,,
2025/9/20 4:00,0.019,2.667,,,,,,,,,,,
2025/9/20 5:00,0.03,3.019,,,,,,,,,,,
2025/9/20 6:00,0.044,3.395,,,,,,,,,,,
2025/9/20 7:00,0.062,3.763,,,,,,,,,,,
2025/9/20 8:00,0.097,4.332,,,,,,,,,,,
2025/9/20 9:00,0.206,5.562,,,,,,,,,,,
2025/9/20 10:00,0.297,6.351,,,,,,,,,,,
2025/9/20 11:00,0.293,6.324,,,,,,,,,,,
2025/9/20 12:00,0.228,5.775,,,,,,,,,,,
2025/9/20 13:00,0.159,5.101,,,,,,,,,,,
2025/9/20 14:00,0.097,4.336,,,,,,,,,,,
2025/9/20 15:00,0.05,3.505,,,,,,,,,,,
2025/9/20 16:00,0.027,2.946,,,,,,,,,,,
2025/9/20 17:00,0.021,2.754,,,,,,,,,,,
2025/9/20 18:00,0.028,2.963,,,,,,,,,,,
2025/9/20 19:00,0.056,3.63,,,,,,,,,,,
2025/9/20 20:00,0.09,4.232,,,,,,,,,,,
2025/9/20 21:00,0.12,4.632,,,,,,,,,,,
2025/9/20 22:00,0.122,4.662,,,,,,,,,,,
2025/9/20 23:00,0.053,3.582,,,,,,,,,,,
2025/9/21 0:00,0.005,1.903,,,,,,,,,,,
2025/9/21 1:00,0,0.373,,,,,,,,,,,
2025/9/21 2:00,0,0.816,,,,,,,,,,,
2025/9/21 3:00,0,0.913,,,,,,,,,,,
2025/9/21 4:00,0.001,1.259,,,,,,,,,,,
2025/9/21 5:00,0.005,1.89,,,,,,,,,,,
2025/9/21 6:00,0.011,2.312,,,,,,,,,,,
2025/9/21 7:00,0.028,2.959,,,,,,,,,,,
2025/9/21 8:00,0.069,3.881,,,,,,,,,,,
2025/9/21 9:00,0.141,4.9,,,,,,,,,,,
2025/9/21 10:00,0.234,5.834,,,,,,,,,,,
2025/9/21 11:00,0.311,6.467,,,,,,,,,,,
2025/9/21 12:00,0.35,6.763,,,,,,,,,,,
2025/9/21 13:00,0.361,6.844,,,,,,,,,,,
2025/9/21 14:00,0.381,6.995,,,,,,,,,,,
2025/9/21 15:00,0.377,6.969,,,,,,,,,,,
2025/9/21 16:00,0.365,6.868,,,,,,,,,,,
2025/9/21 17:00,0.349,6.75,,,,,,,,,,,
2025/9/21 18:00,0.324,6.565,,,,,,,,,,,
2025/9/21 19:00,0.326,6.577,,,,,,,,,,,
2025/9/21 20:00,0.344,6.714,,,,,,,,,,,
2025/9/21 21:00,0.37,6.914,,,,,,,,,,,
2025/9/21 22:00,0.364,6.866,,,,,,,,,,,
2025/9/21 23:00,0.245,5.93,,,,,,,,,,,
2025/9/22 0:00,0.331,6.614,,,,,,,,,,,
2025/9/22 1:00,0.43,7.347,,,,,,,,,,,
2025/9/22 2:00,0.397,7.111,,,,,,,,,,,
2025/9/22 3:00,0.332,6.63,,,,,,,,,,,
2025/9/22 4:00,0.285,6.255,,,,,,,,,,,
2025/9/22 5:00,0.271,6.145,,,,,,,,,,,
2025/9/22 6:00,0.256,6.014,,,,,,,,,,,
2025/9/22 7:00,0.232,5.815,,,,,,,,,,,
2025/9/22 8:00,0.23,5.789,,,,,,,,,,,
2025/9/22 9:00,0.29,6.298,,,,,,,,,,,
2025/9/22 10:00,0.428,7.331,,,,,,,,,,,
2025/9/22 11:00,0.488,7.769,,,,,,,,,,,
2025/9/22 12:00,0.497,7.84,,,,,,,,,,,
2025/9/22 13:00,0.479,7.71,,,,,,,,,,,
2025/9/22 14:00,0.465,7.6,,,,,,,,,,,
2025/9/22 15:00,0.463,7.588,,,,,,,,,,,
2025/9/22 16:00,0.47,7.638,,,,,,,,,,,
2025/9/22 17:00,0.438,7.41,,,,,,,,,,,
2025/9/22 18:00,0.36,6.839,,,,,,,,,,,
2025/9/22 19:00,0.317,6.515,,,,,,,,,,,
2025/9/22 20:00,0.294,6.327,,,,,,,,,,,
2025/9/22 21:00,0.302,6.399,,,,,,,,,,,
2025/9/22 22:00,0.257,6.024,,,,,,,,,,,
2025/9/22 23:00,0.131,4.773,,,,,,,,,,,
2025/9/23 0:00,0.173,5.254,,,,,,,,,,,
2025/9/23 1:00,0.477,7.692,,,,,,,,,,,
2025/9/23 2:00,0.575,8.408,,,,,,,,,,,
2025/9/23 3:00,0.633,8.86,,,,,,,,,,,
2025/9/23 4:00,0.655,9.035,,,,,,,,,,,
2025/9/23 5:00,0.628,8.822,,,,,,,,,,,
2025/9/23 6:00,0.553,8.239,,,,,,,,,,,
2025/9/23 7:00,0.438,7.398,,,,,,,,,,,
2025/9/23 8:00,0.317,6.517,,,,,,,,,,,
2025/9/23 9:00,0.306,6.418,,,,,,,,,,,
2025/9/23 10:00,0.344,6.719,,,,,,,,,,,
2025/9/23 11:00,0.341,6.692,,,,,,,,,,,
2025/9/23 12:00,0.351,6.776,,,,,,,,,,,
2025/9/23 13:00,0.369,6.908,,,,,,,,,,,
2025/9/23 14:00,0.406,7.181,,,,,,,,,,,
2025/9/23 15:00,0.446,7.47,,,,,,,,,,,
2025/9/23 16:00,0.459,7.565,,,,,,,,,,,
2025/9/23 17:00,0.458,7.555,,,,,,,,,,,
2025/9/23 18:00,0.462,7.577,,,,,,,,,,,
2025/9/23 19:00,0.466,7.612,,,,,,,,,,,
2025/9/23 20:00,0.478,7.697,,,,,,,,,,,
2025/9/23 21:00,0.503,7.874,,,,,,,,,,,
2025/9/23 22:00,0.503,7.883,,,,,,,,,,,
2025/9/23 23:00,0.368,6.895,,,,,,,,,,,
2025/9/24 0:00,0.367,6.889,,,,,,,,,,,
2025/9/24 1:00,0.727,9.677,,,,,,,,,,,
2025/9/24 2:00,0.748,9.886,,,,,,,,,,,
2025/9/24 3:00,0.706,9.482,,,,,,,,,,,
2025/9/24 4:00,0.682,9.261,,,,,,,,,,,
2025/9/24 5:00,0.712,9.54,,,,,,,,,,,
2025/9/24 6:00,0.756,9.967,,,,,,,,,,,
2025/9/24 7:00,0.764,10.052,,,,,,,,,,,
2025/9/24 8:00,0.688,9.321,,,,,,,,,,,
2025/9/24 9:00,0.625,8.794,,,,,,,,,,,
2025/9/24 10:00,0.657,9.048,,,,,,,,,,,
2025/9/24 11:00,0.673,9.188,,,,,,,,,,,
2025/9/24 12:00,0.662,9.102,,,,,,,,,,,
2025/9/24 13:00,0.671,9.18,,,,,,,,,,,
2025/9/24 14:00,0.671,9.173,,,,,,,,,,,
2025/9/24 15:00,0.66,9.081,,,,,,,,,,,
2025/9/24 16:00,0.657,9.056,,,,,,,,,,,
2025/9/24 17:00,0.639,8.903,,,,,,,,,,,
2025/9/24 18:00,0.628,8.823,,,,,,,,,,,
2025/9/24 19:00,0.615,8.714,,,,,,,,,,,
2025/9/24 20:00,0.621,8.769,,,,,,,,,,,
2025/9/24 21:00,0.648,8.984,,,,,,,,,,,
2025/9/24 22:00,0.643,8.944,,,,,,,,,,,
2025/9/24 23:00,0.418,7.268,,,,,,,,,,,
2025/9/25 0:00,0.166,5.175,,,,,,,,,,,
2025/9/25 1:00,0.257,6.025,,,,,,,,,,,
2025/9/25 2:00,0.306,6.425,,,,,,,,,,,
2025/9/25 3:00,0.261,6.055,,,,,,,,,,,
2025/9/25 4:00,0.221,5.708,,,,,,,,,,,
2025/9/25 5:00,0.194,5.454,,,,,,,,,,,
2025/9/25 6:00,0.167,5.183,,,,,,,,,,,
2025/9/25 7:00,0.13,4.765,,,,,,,,,,,
2025/9/25 8:00,0.083,4.115,,,,,,,,,,,
2025/9/25 9:00,0.04,3.302,,,,,,,,,,,
2025/9/25 10:00,0.026,2.915,,,,,,,,,,,
2025/9/25 11:00,0.02,2.71,,,,,,,,,,,
2025/9/25 12:00,0.022,2.774,,,,,,,,,,,
2025/9/25 13:00,0.03,3.025,,,,,,,,,,,
2025/9/25 14:00,0.049,3.488,,,,,,,,,,,
2025/9/25 15:00,0.086,4.158,,,,,,,,,,,
2025/9/25 16:00,0.129,4.753,,,,,,,,,,,
2025/9/25 17:00,0.159,5.102,,,,,,,,,,,
2025/9/25 18:00,0.169,5.201,,,,,,,,,,,
2025/9/25 19:00,0.167,5.187,,,,,,,,,,,
2025/9/25 20:00,0.168,5.196,,,,,,,,,,,
2025/9/25 21:00,0.197,5.488,,,,,,,,,,,
2025/9/25 22:00,0.246,5.936,,,,,,,,,,,
2025/9/25 23:00,0.163,5.144,,,,,,,,,,,
2025/9/26 0:00,0.044,3.372,,,,,,,,,,,
2025/9/26 1:00,0.017,2.576,,,,,,,,,,,
2025/9/26 2:00,0.011,2.291,,,,,,,,,,,
2025/9/26 3:00,0.003,1.709,,,,,,,,,,,
2025/9/26 4:00,0,0.937,,,,,,,,,,,
2025/9/26 5:00,0,0.328,,,,,,,,,,,
2025/9/26 6:00,0,0.415,,,,,,,,,,,
2025/9/26 7:00,0,0.607,,,,,,,,,,,
2025/9/26 8:00,0.001,1.292,,,,,,,,,,,
2025/9/26 9:00,0.016,2.557,,,,,,,,,,,
2025/9/26 10:00,0.072,3.93,,,,,,,,,,,
2025/9/26 11:00,0.145,4.948,,,,,,,,,,,
2025/9/26 12:00,0.235,5.841,,,,,,,,,,,
2025/9/26 13:00,0.315,6.492,,,,,,,,,,,
2025/9/26 14:00,0.35,6.765,,,,,,,,,,,
2025/9/26 15:00,0.332,6.625,,,,,,,,,,,
2025/9/26 16:00,0.278,6.202,,,,,,,,,,,
2025/9/26 17:00,0.209,5.602,,,,,,,,,,,
2025/9/26 18:00,0.184,5.358,,,,,,,,,,,
2025/9/26 19:00,0.242,5.898,,,,,,,,,,,
2025/9/26 20:00,0.271,6.148,,,,,,,,,,,
2025/9/26 21:00,0.203,5.536,,,,,,,,,,,
2025/9/26 22:00,0.125,4.701,,,,,,,,,,,
2025/9/26 23:00,0.072,3.941,,,,,,,,,,,
2025/9/27 0:00,0.023,2.79,,,,,,,,,,,
2025/9/27 1:00,0.065,3.811,,,,,,,,,,,
2025/9/27 2:00,0.134,4.814,,,,,,,,,,,
2025/9/27 3:00,0.22,5.698,,,,,,,,,,,
2025/9/27 4:00,0.271,6.145,,,,,,,,,,,
2025/9/27 5:00,0.305,6.415,,,,,,,,,,,
2025/9/27 6:00,0.341,6.698,,,,,,,,,,,
2025/9/27 7:00,0.363,6.857,,,,,,,,,,,
2025/9/27 8:00,0.258,6.039,,,,,,,,,,,
2025/9/27 9:00,0.108,4.479,,,,,,,,,,,
2025/9/27 10:00,0.051,3.529,,,,,,,,,,,
2025/9/27 11:00,0.016,2.557,,,,,,,,,,,
2025/9/27 12:00,0.004,1.865,,,,,,,,,,,
2025/9/27 13:00,0.017,2.59,,,,,,,,,,,
2025/9/27 14:00,0.077,4.016,,,,,,,,,,,
2025/9/27 15:00,0.171,5.227,,,,,,,,,,,
2025/9/27 16:00,0.224,5.744,,,,,,,,,,,
2025/9/27 17:00,0.243,5.911,,,,,,,,,,,
2025/9/27 18:00,0.253,5.992,,,,,,,,,,,
2025/9/27 19:00,0.302,6.396,,,,,,,,,,,
2025/9/27 20:00,0.394,7.082,,,,,,,,,,,
2025/9/27 21:00,0.485,7.75,,,,,,,,,,,
2025/9/27 22:00,0.502,7.868,,,,,,,,,,,
2025/9/27 23:00,0.541,8.158,,,,,,,,,,,
2025/9/28 0:00,0.626,8.804,,,,,,,,,,,
2025/9/28 1:00,0.644,8.951,,,,,,,,,,,
2025/9/28 2:00,0.674,9.192,,,,,,,,,,,
2025/9/28 3:00,0.7,9.419,,,,,,,,,,,
2025/9/28 4:00,0.692,9.362,,,,,,,,,,,
2025/9/28 5:00,0.653,9.023,,,,,,,,,,,
2025/9/28 6:00,0.577,8.42,,,,,,,,,,,
2025/9/28 7:00,0.472,7.65,,,,,,,,,,,
2025/9/28 8:00,0.264,6.082,,,,,,,,,,,
2025/9/28 9:00,0.093,4.271,,,,,,,,,,,
2025/9/28 10:00,0.022,2.781,,,,,,,,,,,
2025/9/28 11:00,0.017,2.581,,,,,,,,,,,
2025/9/28 12:00,0.044,3.383,,,,,,,,,,,
2025/9/28 13:00,0.09,4.229,,,,,,,,,,,
2025/9/28 14:00,0.141,4.903,,,,,,,,,,,
2025/9/28 15:00,0.199,5.509,,,,,,,,,,,
2025/9/28 16:00,0.261,6.062,,,,,,,,,,,
2025/9/28 17:00,0.329,6.6,,,,,,,,,,,
2025/9/28 18:00,0.386,7.031,,,,,,,,,,,
2025/9/28 19:00,0.409,7.196,,,,,,,,,,,
2025/9/28 20:00,0.388,7.047,,,,,,,,,,,
2025/9/28 21:00,0.353,6.792,,,,,,,,,,,
2025/9/28 22:00,0.32,6.534,,,,,,,,,,,
2025/9/28 23:00,0.198,5.496,,,,,,,,,,,
2025/9/29 0:00,0.056,3.624,,,,,,,,,,,
2025/9/29 1:00,0.043,3.366,,,,,,,,,,,
2025/9/29 2:00,0.074,3.961,,,,,,,,,,,
2025/9/29 3:00,0.089,4.21,,,,,,,,,,,
2025/9/29 4:00,0.116,4.594,,,,,,,,,,,
2025/9/29 5:00,0.187,5.394,,,,,,,,,,,
2025/9/29 6:00,0.262,6.071,,,,,,,,,,,
2025/9/29 7:00,0.293,6.321,,,,,,,,,,,
2025/9/29 8:00,0.327,6.585,,,,,,,,,,,
2025/9/29 9:00,0.425,7.315,,,,,,,,,,,
2025/9/29 10:00,0.528,8.054,,,,,,,,,,,
2025/9/29 11:00,0.578,8.434,,,,,,,,,,,
2025/9/29 12:00,0.619,8.742,,,,,,,,,,,
2025/9/29 13:00,0.633,8.86,,,,,,,,,,,
2025/9/29 14:00,0.632,8.852,,,,,,,,,,,
2025/9/29 15:00,0.544,8.17,,,,,,,,,,,
2025/9/29 16:00,0.342,6.702,,,,,,,,,,,
2025/9/29 17:00,0.174,5.265,,,,,,,,,,,
2025/9/29 18:00,0.203,5.533,,,,,,,,,,,
2025/9/29 19:00,0.363,6.854,,,,,,,,,,,
2025/9/29 20:00,0.434,7.377,,,,,,,,,,,
2025/9/29 21:00,0.459,7.567,,,,,,,,,,,
2025/9/29 22:00,0.481,7.724,,,,,,,,,,,
2025/9/29 23:00,0.306,6.429,,,,,,,,,,,
2025/9/30 0:00,0.185,5.367,,,,,,,,,,,
2025/9/30 1:00,0.113,4.558,,,,,,,,,,,
2025/9/30 2:00,0.056,3.631,,,,,,,,,,,
2025/9/30 3:00,0.043,3.353,,,,,,,,,,,
2025/9/30 4:00,0.054,3.603,,,,,,,,,,,
2025/9/30 5:00,0.093,4.265,,,,,,,,,,,
2025/9/30 6:00,0.154,5.038,,,,,,,,,,,
2025/9/30 7:00,0.216,5.667,,,,,,,,,,,
2025/9/30 8:00,0.213,5.637,,,,,,,,,,,
2025/9/30 9:00,0.207,5.579,,,,,,,,,,,
2025/9/30 10:00,0.231,5.791,,,,,,,,,,,
2025/9/30 11:00,0.233,5.825,,,,,,,,,,,
2025/9/30 12:00,0.233,5.82,,,,,,,,,,,
2025/9/30 13:00,0.261,6.05,,,,,,,,,,,
2025/9/30 14:00,0.339,6.682,,,,,,,,,,,
2025/9/30 15:00,0.463,7.581,,,,,,,,,,,
2025/9/30 16:00,0.55,8.229,,,,,,,,,,,
2025/9/30 17:00,0.589,8.51,,,,,,,,,,,
2025/9/30 18:00,0.611,8.683,,,,,,,,,,,
2025/9/30 19:00,0.627,8.815,,,,,,,,,,,
2025/9/30 20:00,0.635,8.88,,,,,,,,,,,
2025/9/30 21:00,0.641,8.92,,,,,,,,,,,
2025/9/30 22:00,0.641,8.926,,,,,,,,,,,
2025/9/30 23:00,0.445,7.465,,,,,,,,,,,
2025/10/1 0:00,0.159,5.096,,,,,,,,,,,
2025/10/1 1:00,0.14,4.874,,,,,,,,,,,
2025/10/1 2:00,0.204,5.543,,,,,,,,,,,
2025/10/1 3:00,0.175,5.27,,,,,,,,,,,
2025/10/1 4:00,0.145,4.946,,,,,,,,,,,
2025/10/1 5:00,0.124,4.696,,,,,,,,,,,
2025/10/1 6:00,0.091,4.25,,,,,,,,,,,
2025/10/1 7:00,0.045,3.412,,,,,,,,,,,
2025/10/1 8:00,0.008,2.16,,,,,,,,,,,
2025/10/1 9:00,0.005,1.882,,,,,,,,,,,
2025/10/1 10:00,0.041,3.311,,,,,,,,,,,
2025/10/1 11:00,0.126,4.724,,,,,,,,,,,
2025/10/1 12:00,0.225,5.749,,,,,,,,,,,
2025/10/1 13:00,0.312,6.471,,,,,,,,,,,
2025/10/1 14:00,0.375,6.953,,,,,,,,,,,
2025/10/1 15:00,0.393,7.079,,,,,,,,,,,
2025/10/1 16:00,0.357,6.816,,,,,,,,,,,
2025/10/1 17:00,0.292,6.32,,,,,,,,,,,
2025/10/1 18:00,0.251,5.971,,,,,,,,,,,
2025/10/1 19:00,0.249,5.952,,,,,,,,,,,
2025/10/1 20:00,0.248,5.947,,,,,,,,,,,
2025/10/1 21:00,0.237,5.86,,,,,,,,,,,
2025/10/1 22:00,0.217,5.681,,,,,,,,,,,
2025/10/1 23:00,0.153,5.026,,,,,,,,,,,
2025/10/2 0:00,0.051,3.548,,,,,,,,,,,
2025/10/2 1:00,0.113,4.558,,,,,,,,,,,
2025/10/2 2:00,0.29,6.303,,,,,,,,,,,
2025/10/2 3:00,0.422,7.293,,,,,,,,,,,
2025/10/2 4:00,0.505,7.891,,,,,,,,,,,
2025/10/2 5:00,0.539,8.144,,,,,,,,,,,
2025/10/2 6:00,0.534,8.109,,,,,,,,,,,
2025/10/2 7:00,0.505,7.893,,,,,,,,,,,
2025/10/2 8:00,0.441,7.42,,,,,,,,,,,
2025/10/2 9:00,0.475,7.679,,,,,,,,,,,
2025/10/2 10:00,0.541,8.158,,,,,,,,,,,
2025/10/2 11:00,0.547,8.206,,,,,,,,,,,
2025/10/2 12:00,0.526,8.043,,,,,,,,,,,
2025/10/2 13:00,0.504,7.885,,,,,,,,,,,
2025/10/2 14:00,0.499,7.845,,,,,,,,,,,
2025/10/2 15:00,0.481,7.724,,,,,,,,,,,
2025/10/2 16:00,0.453,7.509,,,,,,,,,,,
2025/10/2 17:00,0.431,7.353,,,,,,,,,,,
2025/10/2 18:00,0.415,7.237,,,,,,,,,,,
2025/10/2 19:00,0.41,7.212,,,,,,,,,,,
2025/10/2 20:00,0.421,7.278,,,,,,,,,,,
2025/10/2 21:00,0.438,7.409,,,,,,,,,,,
2025/10/2 22:00,0.438,7.411,,,,,,,,,,,
2025/10/2 23:00,0.253,5.995,,,,,,,,,,,
2025/10/3 0:00,0.099,4.357,,,,,,,,,,,
2025/10/3 1:00,0.158,5.09,,,,,,,,,,,
2025/10/3 2:00,0.119,4.625,,,,,,,,,,,
2025/10/3 3:00,0.144,4.934,,,,,,,,,,,
2025/10/3 4:00,0.186,5.379,,,,,,,,,,,
2025/10/3 5:00,0.218,5.685,,,,,,,,,,,
2025/10/3 6:00,0.244,5.914,,,,,,,,,,,
2025/10/3 7:00,0.28,6.222,,,,,,,,,,,
2025/10/3 8:00,0.309,6.45,,,,,,,,,,,
2025/10/3 9:00,0.442,7.435,,,,,,,,,,,
2025/10/3 10:00,0.615,8.717,,,,,,,,,,,
2025/10/3 11:00,0.661,9.09,,,,,,,,,,,
2025/10/3 12:00,0.655,9.031,,,,,,,,,,,
2025/10/3 13:00,0.606,8.646,,,,,,,,,,,
2025/10/3 14:00,0.615,8.709,,,,,,,,,,,
2025/10/3 15:00,0.628,8.823,,,,,,,,,,,
2025/10/3 16:00,0.621,8.762,,,,,,,,,,,
2025/10/3 17:00,0.587,8.493,,,,,,,,,,,
2025/10/3 18:00,0.561,8.303,,,,,,,,,,,
2025/10/3 19:00,0.532,8.082,,,,,,,,,,,
2025/10/3 20:00,0.505,7.891,,,,,,,,,,,
2025/10/3 21:00,0.479,7.711,,,,,,,,,,,
2025/10/3 22:00,0.425,7.317,,,,,,,,,,,
2025/10/3 23:00,0.269,6.13,,,,,,,,,,,
2025/10/4 0:00,0.191,5.431,,,,,,,,,,,
2025/10/4 1:00,0.22,5.695,,,,,,,,,,,
2025/10/4 2:00,0.167,5.19,,,,,,,,,,,
2025/10/4 3:00,0.098,4.34,,,,,,,,,,,
2025/10/4 4:00,0.063,3.777,,,,,,,,,,,
2025/10/4 5:00,0.049,3.497,,,,,,,,,,,
2025/10/4 6:00,0.061,3.728,,,,,,,,,,,
2025/10/4 7:00,0.124,4.698,,,,,,,,,,,
2025/10/4 8:00,0.234,5.834,,,,,,,,,,,
2025/10/4 9:00,0.387,7.04,,,,,,,,,,,
2025/10/4 10:00,0.592,8.533,,,,,,,,,,,
2025/10/4 11:00,0.565,8.333,,,,,,,,,,,
2025/10/4 12:00,0.456,7.541,,,,,,,,,,,
2025/10/4 13:00,0.406,7.179,,,,,,,,,,,
2025/10/4 14:00,0.341,6.693,,,,,,,,,,,
2025/10/4 15:00,0.273,6.16,,,,,,,,,,,
2025/10/4 16:00,0.284,6.247,,,,,,,,,,,
2025/10/4 17:00,0.351,6.776,,,,,,,,,,,
2025/10/4 18:00,0.443,7.451,,,,,,,,,,,
2025/10/4 19:00,0.5,7.855,,,,,,,,,,,
2025/10/4 20:00,0.452,7.507,,,,,,,,,,,
2025/10/4 21:00,0.351,6.777,,,,,,,,,,,
2025/10/4 22:00,0.309,6.444,,,,,,,,,,,
2025/10/4 23:00,0.351,6.772,,,,,,,,,,,
2025/10/5 0:00,0.442,7.435,,,,,,,,,,,
2025/10/5 1:00,0.519,7.991,,,,,,,,,,,
2025/10/5 2:00,0.534,8.109,,,,,,,,,,,
2025/10/5 3:00,0.544,8.169,,,,,,,,,,,
2025/10/5 4:00,0.552,8.235,,,,,,,,,,,
2025/10/5 5:00,0.596,8.565,,,,,,,,,,,
2025/10/5 6:00,0.631,8.846,,,,,,,,,,,
2025/10/5 7:00,0.628,8.821,,,,,,,,,,,
2025/10/5 8:00,0.563,8.317,,,,,,,,,,,
2025/10/5 9:00,0.444,7.455,,,,,,,,,,,
2025/10/5 10:00,0.292,6.318,,,,,,,,,,,
2025/10/5 11:00,0.25,5.958,,,,,,,,,,,
2025/10/5 12:00,0.176,5.277,,,,,,,,,,,
2025/10/5 13:00,0.105,4.441,,,,,,,,,,,
2025/10/5 14:00,0.056,3.642,,,,,,,,,,,
2025/10/5 15:00,0.039,3.259,,,,,,,,,,,
2025/10/5 16:00,0.037,3.207,,,,,,,,,,,
2025/10/5 17:00,0.04,3.287,,,,,,,,,,,
2025/10/5 18:00,0.054,3.601,,,,,,,,,,,
2025/10/5 19:00,0.07,3.894,,,,,,,,,,,
2025/10/5 20:00,0.084,4.122,,,,,,,,,,,
2025/10/5 21:00,0.086,4.163,,,,,,,,,,,
2025/10/5 22:00,0.06,3.712,,,,,,,,,,,
2025/10/5 23:00,0.045,3.406,,,,,,,,,,,
2025/10/6 0:00,0.041,3.318,,,,,,,,,,,
2025/10/6 1:00,0.023,2.802,,,,,,,,,,,
2025/10/6 2:00,0.013,2.438,,,,,,,,,,,
2025/10/6 3:00,0.008,2.181,,,,,,,,,,,
2025/10/6 4:00,0.003,1.688,,,,,,,,,,,
2025/10/6 5:00,0.001,1.218,,,,,,,,,,,
2025/10/6 6:00,0,1.061,,,,,,,,,,,
2025/10/6 7:00,0.003,1.692,,,,,,,,,,,
2025/10/6 8:00,0.024,2.831,,,,,,,,,,,
2025/10/6 9:00,0.133,4.79,,,,,,,,,,,
2025/10/6 10:00,0.255,6.007,,,,,,,,,,,
2025/10/6 11:00,0.305,6.416,,,,,,,,,,,
2025/10/6 12:00,0.33,6.614,,,,,,,,,,,
2025/10/6 13:00,0.377,6.96,,,,,,,,,,,
2025/10/6 14:00,0.433,7.366,,,,,,,,,,,
2025/10/6 15:00,0.476,7.688,,,,,,,,,,,
2025/10/6 16:00,0.504,7.889,,,,,,,,,,,
2025/10/6 17:00,0.529,8.069,,,,,,,,,,,
2025/10/6 18:00,0.581,8.46,,,,,,,,,,,
2025/10/6 19:00,0.619,8.742,,,,,,,,,,,
2025/10/6 20:00,0.58,8.454,,,,,,,,,,,
2025/10/6 21:00,0.528,8.063,,,,,,,,,,,
2025/10/6 22:00,0.488,7.766,,,,,,,,,,,
2025/10/6 23:00,0.316,6.505,,,,,,,,,,,
2025/10/7 0:00,0.2,5.516,,,,,,,,,,,
2025/10/7 1:00,0.172,5.234,,,,,,,,,,,
2025/10/7 2:00,0.122,4.656,,,,,,,,,,,
2025/10/7 3:00,0.139,4.867,,,,,,,,,,,
2025/10/7 4:00,0.208,5.593,,,,,,,,,,,
2025/10/7 5:00,0.283,6.237,,,,,,,,,,,
2025/10/7 6:00,0.363,6.858,,,,,,,,,,,
2025/10/7 7:00,0.467,7.615,,,,,,,,,,,
2025/10/7 8:00,0.516,7.979,,,,,,,,,,,
2025/10/7 9:00,0.604,8.631,,,,,,,,,,,
2025/10/7 10:00,0.64,8.916,,,,,,,,,,,
2025/10/7 11:00,0.55,8.227,,,,,,,,,,,
2025/10/7 12:00,0.463,7.587,,,,,,,,,,,
2025/10/7 13:00,0.411,7.215,,,,,,,,,,,
2025/10/7 14:00,0.384,7.015,,,,,,,,,,,
2025/10/7 15:00,0.394,7.091,,,,,,,,,,,
2025/10/7 16:00,0.431,7.351,,,,,,,,,,,
2025/10/7 17:00,0.461,7.575,,,,,,,,,,,
2025/10/7 18:00,0.453,7.515,,,,,,,,,,,
2025/10/7 19:00,0.404,7.163,,,,,,,,,,,
2025/10/7 20:00,0.357,6.821,,,,,,,,,,,
2025/10/7 21:00,0.33,6.612,,,,,,,,,,,
2025/10/7 22:00,0.287,6.279,,,,,,,,,,,
2025/10/7 23:00,0.203,5.532,,,,,,,,,,,
2025/10/8 0:00,0.409,7.19,,,,,,,,,,,
2025/10/8 1:00,0.41,7.212,,,,,,,,,,,
2025/10/8 2:00,0.354,6.797,,,,,,,,,,,
2025/10/8 3:00,0.303,6.407,,,,,,,,,,,
2025/10/8 4:00,0.299,6.366,,,,,,,,,,,
2025/10/8 5:00,0.259,6.044,,,,,,,,,,,
2025/10/8 6:00,0.196,5.479,,,,,,,,,,,
2025/10/8 7:00,0.172,5.239,,,,,,,,,,,
2025/10/8 8:00,0.143,4.916,,,,,,,,,,,
2025/10/8 9:00,0.096,4.313,,,,,,,,,,,
2025/10/8 10:00,0.035,3.163,,,,,,,,,,,
2025/10/8 11:00,0.007,2.119,,,,,,,,,,,
2025/10/8 12:00,0.002,1.518,,,,,,,,,,,
2025/10/8 13:00,0.001,1.483,,,,,,,,,,,
2025/10/8 14:00,0.007,2.066,,,,,,,,,,,
2025/10/8 15:00,0.028,2.962,,,,,,,,,,,
2025/10/8 16:00,0.057,3.653,,,,,,,,,,,
2025/10/8 17:00,0.067,3.857,,,,,,,,,,,
2025/10/8 18:00,0.072,3.942,,,,,,,,,,,
2025/10/8 19:00,0.088,4.193,,,,,,,,,,,
2025/10/8 20:00,0.103,4.417,,,,,,,,,,,
2025/10/8 21:00,0.069,3.875,,,,,,,,,,,
2025/10/8 22:00,0.046,3.437,,,,,,,,,,,
2025/10/8 23:00,0.038,3.242,,,,,,,,,,,
2025/10/9 0:00,0.029,3.009,,,,,,,,,,,
2025/10/9 1:00,0.046,3.439,,,,,,,,,,,
2025/10/9 2:00,0.074,3.973,,,,,,,,,,,
2025/10/9 3:00,0.103,4.412,,,,,,,,,,,
2025/10/9 4:00,0.116,4.59,,,,,,,,,,,
2025/10/9 5:00,0.103,4.418,,,,,,,,,,,
2025/10/9 6:00,0.085,4.145,,,,,,,,,,,
2025/10/9 7:00,0.11,4.515,,,,,,,,,,,
2025/10/9 8:00,0.131,4.776,,,,,,,,,,,
2025/10/9 9:00,0.157,5.066,,,,,,,,,,,
2025/10/9 10:00,0.169,5.205,,,,,,,,,,,
2025/10/9 11:00,0.162,5.137,,,,,,,,,,,
2025/10/9 12:00,0.139,4.866,,,,,,,,,,,
2025/10/9 13:00,0.107,4.472,,,,,,,,,,,
2025/10/9 14:00,0.056,3.644,,,,,,,,,,,
2025/10/9 15:00,0.03,3.038,,,,,,,,,,,
2025/10/9 16:00,0.017,2.579,,,,,,,,,,,
2025/10/9 17:00,0.011,2.321,,,,,,,,,,,
2025/10/9 18:00,0.028,2.95,,,,,,,,,,,
2025/10/9 19:00,0.067,3.843,,,,,,,,,,,
2025/10/9 20:00,0.099,4.361,,,,,,,,,,,
2025/10/9 21:00,0.113,4.549,,,,,,,,,,,
2025/10/9 22:00,0.119,4.62,,,,,,,,,,,
2025/10/9 23:00,0.09,4.227,,,,,,,,,,,
2025/10/10 0:00,0.103,4.414,,,,,,,,,,,
2025/10/10 1:00,0.085,4.137,,,,,,,,,,,
2025/10/10 2:00,0.056,3.647,,,,,,,,,,,
2025/10/10 3:00,0.037,3.213,,,,,,,,,,,
2025/10/10 4:00,0.026,2.926,,,,,,,,,,,
2025/10/10 5:00,0.026,2.916,,,,,,,,,,,
2025/10/10 6:00,0.016,2.54,,,,,,,,,,,
2025/10/10 7:00,0.007,2.09,,,,,,,,,,,
2025/10/10 8:00,0.044,3.372,,,,,,,,,,,
2025/10/10 9:00,0.072,3.943,,,,,,,,,,,
2025/10/10 10:00,0.079,4.05,,,,,,,,,,,
2025/10/10 11:00,0.053,3.586,,,,,,,,,,,
2025/10/10 12:00,0.037,3.207,,,,,,,,,,,
2025/10/10 13:00,0.055,3.611,,,,,,,,,,,
2025/10/10 14:00,0.035,3.176,,,,,,,,,,,
2025/10/10 15:00,0.042,3.35,,,,,,,,,,,
2025/10/10 16:00,0.079,4.058,,,,,,,,,,,
2025/10/10 17:00,0.111,4.522,,,,,,,,,,,
2025/10/10 18:00,0.14,4.882,,,,,,,,,,,
2025/10/10 19:00,0.158,5.093,,,,,,,,,,,
2025/10/10 20:00,0.16,5.116,,,,,,,,,,,
2025/10/10 21:00,0.141,4.894,,,,,,,,,,,
2025/10/10 22:00,0.133,4.79,,,,,,,,,,,
2025/10/10 23:00,0.132,4.784,,,,,,,,,,,
2025/10/11 0:00,0.077,4.023,,,,,,,,,,,
2025/10/11 1:00,0.089,4.208,,,,,,,,,,,
2025/10/11 2:00,0.161,5.117,,,,,,,,,,,
2025/10/11 3:00,0.215,5.656,,,,,,,,,,,
2025/10/11 4:00,0.269,6.129,,,,,,,,,,,
2025/10/11 5:00,0.384,7.02,,,,,,,,,,,
2025/10/11 6:00,0.556,8.27,,,,,,,,,,,
2025/10/11 7:00,0.708,9.489,,,,,,,,,,,
2025/10/11 8:00,0.704,9.462,,,,,,,,,,,
2025/10/11 9:00,0.689,9.329,,,,,,,,,,,
2025/10/11 10:00,0.664,9.119,,,,,,,,,,,
2025/10/11 11:00,0.615,8.72,,,,,,,,,,,
2025/10/11 12:00,0.575,8.408,,,,,,,,,,,
2025/10/11 13:00,0.541,8.154,,,,,,,,,,,
2025/10/11 14:00,0.495,7.822,,,,,,,,,,,
2025/10/11 15:00,0.468,7.63,,,,,,,,,,,
2025/10/11 16:00,0.476,7.683,,,,,,,,,,,
2025/10/11 17:00,0.475,7.671,,,,,,,,,,,
2025/10/11 18:00,0.463,7.583,,,,,,,,,,,
2025/10/11 19:00,0.448,7.481,,,,,,,,,,,
2025/10/11 20:00,0.377,6.965,,,,,,,,,,,
2025/10/11 21:00,0.275,6.171,,,,,,,,,,,
2025/10/11 22:00,0.208,5.582,,,,,,,,,,,
2025/10/11 23:00,0.102,4.4,,,,,,,,,,,
2025/10/12 0:00,0.095,4.295,,,,,,,,,,,
2025/10/12 1:00,0.059,3.693,,,,,,,,,,,
2025/10/12 2:00,0.034,3.149,,,,,,,,,,,
2025/10/12 3:00,0.02,2.715,,,,,,,,,,,
2025/10/12 4:00,0.011,2.322,,,,,,,,,,,
2025/10/12 5:00,0.01,2.257,,,,,,,,,,,
2025/10/12 6:00,0.027,2.947,,,,,,,,,,,
2025/10/12 7:00,0.077,4.021,,,,,,,,,,,
2025/10/12 8:00,0.148,4.981,,,,,,,,,,,
2025/10/12 9:00,0.297,6.348,,,,,,,,,,,
2025/10/12 10:00,0.439,7.416,,,,,,,,,,,
2025/10/12 11:00,0.481,7.721,,,,,,,,,,,
2025/10/12 12:00,0.485,7.745,,,,,,,,,,,
2025/10/12 13:00,0.494,7.812,,,,,,,,,,,
2025/10/12 14:00,0.525,8.037,,,,,,,,,,,
2025/10/12 15:00,0.565,8.333,,,,,,,,,,,
2025/10/12 16:00,0.584,8.477,,,,,,,,,,,
2025/10/12 17:00,0.594,8.553,,,,,,,,,,,
2025/10/12 18:00,0.619,8.747,,,,,,,,,,,
2025/10/12 19:00,0.633,8.864,,,,,,,,,,,
2025/10/12 20:00,0.636,8.885,,,,,,,,,,,
2025/10/12 21:00,0.616,8.725,,,,,,,,,,,
2025/10/12 22:00,0.548,8.213,,,,,,,,,,,
2025/10/12 23:00,0.317,6.514,,,,,,,,,,,
2025/10/13 0:00,0.078,4.044,,,,,,,,,,,
2025/10/13 1:00,0.037,3.201,,,,,,,,,,,
2025/10/13 2:00,0.037,3.205,,,,,,,,,,,
2025/10/13 3:00,0.017,2.577,,,,,,,,,,,
2025/10/13 4:00,0,1.03,,,,,,,,,,,
2025/10/13 5:00,0,1.006,,,,,,,,,,,
2025/10/13 6:00,0.004,1.847,,,,,,,,,,,
2025/10/13 7:00,0.026,2.897,,,,,,,,,,,
2025/10/13 8:00,0.096,4.323,,,,,,,,,,,
2025/10/13 9:00,0.3,6.382,,,,,,,,,,,
2025/10/13 10:00,0.421,7.283,,,,,,,,,,,
2025/10/13 11:00,0.351,6.77,,,,,,,,,,,
2025/10/13 12:00,0.224,5.745,,,,,,,,,,,
2025/10/13 13:00,0.118,4.616,,,,,,,,,,,
2025/10/13 14:00,0.056,3.643,,,,,,,,,,,
2025/10/13 15:00,0.026,2.918,,,,,,,,,,,
2025/10/13 16:00,0.013,2.429,,,,,,,,,,,
2025/10/13 17:00,0.007,2.071,,,,,,,,,,,
2025/10/13 18:00,0.004,1.86,,,,,,,,,,,
2025/10/13 19:00,0.005,1.93,,,,,,,,,,,
2025/10/13 20:00,0.008,2.155,,,,,,,,,,,
2025/10/13 21:00,0.018,2.62,,,,,,,,,,,
2025/10/13 22:00,0.044,3.373,,,,,,,,,,,
2025/10/13 23:00,0.053,3.582,,,,,,,,,,,
2025/10/14 0:00,0.05,3.504,,,,,,,,,,,
2025/10/14 1:00,0.047,3.444,,,,,,,,,,,
2025/10/14 2:00,0.023,2.823,,,,,,,,,,,
2025/10/14 3:00,0.009,2.234,,,,,,,,,,,
2025/10/14 4:00,0,1.093,,,,,,,,,,,
2025/10/14 5:00,0.002,1.622,,,,,,,,,,,
2025/10/14 6:00,0.02,2.715,,,,,,,,,,,
2025/10/14 7:00,0.093,4.274,,,,,,,,,,,
2025/10/14 8:00,0.252,5.974,,,,,,,,,,,
2025/10/14 9:00,0.513,7.955,,,,,,,,,,,
2025/10/14 10:00,0.53,8.075,,,,,,,,,,,
2025/10/14 11:00,0.393,7.077,,,,,,,,,,,
2025/10/14 12:00,0.216,5.664,,,,,,,,,,,
2025/10/14 13:00,0.116,4.587,,,,,,,,,,,
2025/10/14 14:00,0.063,3.768,,,,,,,,,,,
2025/10/14 15:00,0.03,3.039,,,,,,,,,,,
2025/10/14 16:00,0.021,2.749,,,,,,,,,,,
2025/10/14 17:00,0.03,3.024,,,,,,,,,,,
2025/10/14 18:00,0.047,3.445,,,,,,,,,,,
2025/10/14 19:00,0.075,3.994,,,,,,,,,,,
2025/10/14 20:00,0.105,4.448,,,,,,,,,,,
2025/10/14 21:00,0.097,4.331,,,,,,,,,,,
2025/10/14 22:00,0.073,3.949,,,,,,,,,,,
2025/10/14 23:00,0.065,3.82,,,,,,,,,,,
2025/10/15 0:00,0.058,3.686,,,,,,,,,,,
2025/10/15 1:00,0.048,3.471,,,,,,,,,,,
2025/10/15 2:00,0.044,3.377,,,,,,,,,,,
2025/10/15 3:00,0.066,3.825,,,,,,,,,,,
2025/10/15 4:00,0.086,4.161,,,,,,,,,,,
2025/10/15 5:00,0.15,4.998,,,,,,,,,,,
2025/10/15 6:00,0.295,6.334,,,,,,,,,,,
2025/10/15 7:00,0.382,7.004,,,,,,,,,,,
2025/10/15 8:00,0.368,6.893,,,,,,,,,,,
2025/10/15 9:00,0.314,6.483,,,,,,,,,,,
2025/10/15 10:00,0.291,6.306,,,,,,,,,,,
2025/10/15 11:00,0.285,6.256,,,,,,,,,,,
2025/10/15 12:00,0.275,6.176,,,,,,,,,,,
2025/10/15 13:00,0.237,5.853,,,,,,,,,,,
2025/10/15 14:00,0.213,5.642,,,,,,,,,,,
2025/10/15 15:00,0.253,5.992,,,,,,,,,,,
2025/10/15 16:00,0.329,6.609,,,,,,,,,,,
2025/10/15 17:00,0.381,6.993,,,,,,,,,,,
2025/10/15 18:00,0.368,6.903,,,,,,,,,,,
2025/10/15 19:00,0.317,6.517,,,,,,,,,,,
2025/10/15 20:00,0.249,5.952,,,,,,,,,,,
2025/10/15 21:00,0.188,5.397,,,,,,,,,,,
2025/10/15 22:00,0.207,5.576,,,,,,,,,,,
2025/10/15 23:00,0.209,5.605,,,,,,,,,,,
2025/10/16 0:00,0.147,4.964,,,,,,,,,,,
2025/10/16 1:00,0.094,4.276,,,,,,,,,,,
2025/10/16 2:00,0.089,4.213,,,,,,,,,,,
2025/10/16 3:00,0.071,3.915,,,,,,,,,,,
2025/10/16 4:00,0.034,3.139,,,,,,,,,,,
2025/10/16 5:00,0.042,3.345,,,,,,,,,,,
2025/10/16 6:00,0.048,3.459,,,,,,,,,,,
2025/10/16 7:00,0.081,4.092,,,,,,,,,,,
2025/10/16 8:00,0.142,4.914,,,,,,,,,,,
2025/10/16 9:00,0.171,5.229,,,,,,,,,,,
2025/10/16 10:00,0.258,6.029,,,,,,,,,,,
2025/10/16 11:00,0.311,6.462,,,,,,,,,,,
2025/10/16 12:00,0.312,6.471,,,,,,,,,,,
2025/10/16 13:00,0.275,6.179,,,,,,,,,,,
2025/10/16 14:00,0.221,5.7,,,,,,,,,,,
2025/10/16 15:00,0.122,4.671,,,,,,,,,,,
2025/10/16 16:00,0.077,4.022,,,,,,,,,,,
2025/10/16 17:00,0.083,4.119,,,,,,,,,,,
2025/10/16 18:00,0.122,4.655,,,,,,,,,,,
2025/10/16 19:00,0.121,4.643,,,,,,,,,,,
2025/10/16 20:00,0.155,5.044,,,,,,,,,,,
2025/10/16 21:00,0.226,5.759,,,,,,,,,,,
2025/10/16 22:00,0.199,5.507,,,,,,,,,,,
2025/10/16 23:00,0.252,5.987,,,,,,,,,,,
2025/10/17 0:00,0.35,6.757,,,,,,,,,,,
2025/10/17 1:00,0.546,8.196,,,,,,,,,,,
2025/10/17 2:00,0.694,9.375,,,,,,,,,,,
2025/10/17 3:00,0.735,9.759,,,,,,,,,,,
2025/10/17 4:00,0.792,10.35,,,,,,,,,,,
2025/10/17 5:00,0.835,10.885,,,,,,,,,,,
2025/10/17 6:00,0.84,10.965,,,,,,,,,,,
2025/10/17 7:00,0.862,11.305,,,,,,,,,,,
2025/10/17 8:00,0.878,11.563,,,,,,,,,,,
2025/10/17 9:00,0.827,10.793,,,,,,,,,,,
2025/10/17 10:00,0.695,9.384,,,,,,,,,,,
2025/10/17 11:00,0.71,9.508,,,,,,,,,,,
2025/10/17 12:00,0.766,10.071,,,,,,,,,,,
2025/10/17 13:00,0.756,9.971,,,,,,,,,,,
2025/10/17 14:00,0.757,9.979,,,,,,,,,,,
2025/10/17 15:00,0.76,10.008,,,,,,,,,,,
2025/10/17 16:00,0.78,10.216,,,,,,,,,,,
2025/10/17 17:00,0.731,9.714,,,,,,,,,,,
2025/10/17 18:00,0.674,9.195,,,,,,,,,,,
2025/10/17 19:00,0.639,8.905,,,,,,,,,,,
2025/10/17 20:00,0.6,8.602,,,,,,,,,,,
2025/10/17 21:00,0.584,8.479,,,,,,,,,,,
2025/10/17 22:00,0.559,8.287,,,,,,,,,,,
2025/10/17 23:00,0.488,7.762,,,,,,,,,,,
2025/10/18 0:00,0.718,9.589,,,,,,,,,,,
2025/10/18 1:00,0.727,9.672,,,,,,,,,,,
2025/10/18 2:00,0.624,8.792,,,,,,,,,,,
2025/10/18 3:00,0.506,7.897,,,,,,,,,,,
2025/10/18 4:00,0.404,7.161,,,,,,,,,,,
2025/10/18 5:00,0.339,6.679,,,,,,,,,,,
2025/10/18 6:00,0.284,6.251,,,,,,,,,,,
2025/10/18 7:00,0.216,5.672,,,,,,,,,,,
2025/10/18 8:00,0.128,4.749,,,,,,,,,,,
2025/10/18 9:00,0.126,4.715,,,,,,,,,,,
2025/10/18 10:00,0.121,4.649,,,,,,,,,,,
2025/10/18 11:00,0.071,3.928,,,,,,,,,,,
2025/10/18 12:00,0.033,3.1,,,,,,,,,,,
2025/10/18 13:00,0.018,2.62,,,,,,,,,,,
2025/10/18 14:00,0.015,2.498,,,,,,,,,,,
2025/10/18 15:00,0.023,2.812,,,,,,,,,,,
2025/10/18 16:00,0.048,3.468,,,,,,,,,,,
2025/10/18 17:00,0.067,3.858,,,,,,,,,,,
2025/10/18 18:00,0.06,3.721,,,,,,,,,,,
2025/10/18 19:00,0.038,3.223,,,,,,,,,,,
2025/10/18 20:00,0.021,2.748,,,,,,,,,,,
2025/10/18 21:00,0.024,2.849,,,,,,,,,,,
2025/10/18 22:00,0.074,3.968,,,,,,,,,,,
2025/10/18 23:00,0.14,4.88,,,,,,,,,,,
2025/10/19 0:00,0.543,8.166,,,,,,,,,,,
2025/10/19 1:00,0.764,10.051,,,,,,,,,,,
2025/10/19 2:00,0.826,10.78,,,,,,,,,,,
2025/10/19 3:00,0.838,10.936,,,,,,,,,,,
2025/10/19 4:00,0.834,10.878,,,,,,,,,,,
2025/10/19 5:00,0.831,10.832,,,,,,,,,,,
2025/10/19 6:00,0.818,10.676,,,,,,,,,,,
2025/10/19 7:00,0.786,10.284,,,,,,,,,,,
2025/10/19 8:00,0.698,9.399,,,,,,,,,,,
2025/10/19 9:00,0.535,8.113,,,,,,,,,,,
2025/10/19 10:00,0.465,7.598,,,,,,,,,,,
2025/10/19 11:00,0.432,7.365,,,,,,,,,,,
2025/10/19 12:00,0.421,7.283,,,,,,,,,,,
2025/10/19 13:00,0.418,7.264,,,,,,,,,,,
2025/10/19 14:00,0.405,7.167,,,,,,,,,,,
2025/10/19 15:00,0.365,6.868,,,,,,,,,,,
2025/10/19 16:00,0.332,6.625,,,,,,,,,,,
2025/10/19 17:00,0.321,6.548,,,,,,,,,,,
2025/10/19 18:00,0.365,6.876,,,,,,,,,,,
2025/10/19 19:00,0.428,7.334,,,,,,,,,,,
2025/10/19 20:00,0.421,7.288,,,,,,,,,,,
2025/10/19 21:00,0.401,7.138,,,,,,,,,,,
2025/10/19 22:00,0.405,7.167,,,,,,,,,,,
2025/10/19 23:00,0.329,6.599,,,,,,,,,,,
2025/10/20 0:00,0.581,8.461,,,,,,,,,,,
2025/10/20 1:00,0.544,8.181,,,,,,,,,,,
2025/10/20 2:00,0.428,7.33,,,,,,,,,,,
2025/10/20 3:00,0.344,6.719,,,,,,,,,,,
2025/10/20 4:00,0.3,6.376,,,,,,,,,,,
2025/10/20 5:00,0.28,6.22,,,,,,,,,,,
2025/10/20 6:00,0.268,6.124,,,,,,,,,,,
2025/10/20 7:00,0.253,5.995,,,,,,,,,,,
2025/10/20 8:00,0.191,5.435,,,,,,,,,,,
2025/10/20 9:00,0.206,5.567,,,,,,,,,,,
2025/10/20 10:00,0.261,6.052,,,,,,,,,,,
2025/10/20 11:00,0.322,6.554,,,,,,,,,,,
2025/10/20 12:00,0.365,6.881,,,,,,,,,,,
2025/10/20 13:00,0.399,7.119,,,,,,,,,,,
2025/10/20 14:00,0.437,7.392,,,,,,,,,,,
2025/10/20 15:00,0.443,7.444,,,,,,,,,,,
2025/10/20 16:00,0.423,7.304,,,,,,,,,,,
2025/10/20 17:00,0.402,7.144,,,,,,,,,,,
2025/10/20 18:00,0.405,7.167,,,,,,,,,,,
2025/10/20 19:00,0.42,7.276,,,,,,,,,,,
2025/10/20 20:00,0.438,7.4,,,,,,,,,,,
2025/10/20 21:00,0.453,7.515,,,,,,,,,,,
2025/10/20 22:00,0.456,7.542,,,,,,,,,,,
2025/10/20 23:00,0.341,6.69,,,,,,,,,,,
2025/10/21 0:00,0.445,7.459,,,,,,,,,,,
2025/10/21 1:00,0.437,7.396,,,,,,,,,,,
2025/10/21 2:00,0.365,6.875,,,,,,,,,,,
2025/10/21 3:00,0.284,6.247,,,,,,,,,,,
2025/10/21 4:00,0.209,5.603,,,,,,,,,,,
2025/10/21 5:00,0.16,5.115,,,,,,,,,,,
2025/10/21 6:00,0.124,4.69,,,,,,,,,,,
2025/10/21 7:00,0.089,4.216,,,,,,,,,,,
2025/10/21 8:00,0.058,3.678,,,,,,,,,,,
2025/10/21 9:00,0.038,3.239,,,,,,,,,,,
2025/10/21 10:00,0.014,2.446,,,,,,,,,,,
2025/10/21 11:00,0.001,1.353,,,,,,,,,,,
2025/10/21 12:00,0,1.111,,,,,,,,,,,
2025/10/21 13:00,0.011,2.303,,,,,,,,,,,
2025/10/21 14:00,0.056,3.645,,,,,,,,,,,
2025/10/21 15:00,0.11,4.509,,,,,,,,,,,
2025/10/21 16:00,0.148,4.98,,,,,,,,,,,
2025/10/21 17:00,0.169,5.208,,,,,,,,,,,
2025/10/21 18:00,0.177,5.278,,,,,,,,,,,
2025/10/21 19:00,0.173,5.249,,,,,,,,,,,
2025/10/21 20:00,0.17,5.216,,,,,,,,,,,
2025/10/21 21:00,0.164,5.15,,,,,,,,,,,
2025/10/21 22:00,0.157,5.083,,,,,,,,,,,
2025/10/21 23:00,0.115,4.581,,,,,,,,,,,
2025/10/22 0:00,0.032,3.096,,,,,,,,,,,
2025/10/22 1:00,0.024,2.855,,,,,,,,,,,
2025/10/22 2:00,0.03,3.023,,,,,,,,,,,
2025/10/22 3:00,0.028,2.956,,,,,,,,,,,
2025/10/22 4:00,0.022,2.772,,,,,,,,,,,
2025/10/22 5:00,0.016,2.551,,,,,,,,,,,
2025/10/22 6:00,0.01,2.268,,,,,,,,,,,
2025/10/22 7:00,0.017,2.575,,,,,,,,,,,
2025/10/22 8:00,0.074,3.969,,,,,,,,,,,
2025/10/22 9:00,0.166,5.181,,,,,,,,,,,
2025/10/22 10:00,0.161,5.128,,,,,,,,,,,
2025/10/22 11:00,0.096,4.315,,,,,,,,,,,
2025/10/22 12:00,0.039,3.266,,,,,,,,,,,
2025/10/22 13:00,0.013,2.416,,,,,,,,,,,
2025/10/22 14:00,0.006,2.036,,,,,,,,,,,
2025/10/22 15:00,0.009,2.233,,,,,,,,,,,
2025/10/22 16:00,0.024,2.86,,,,,,,,,,,
2025/10/22 17:00,0.057,3.656,,,,,,,,,,,
2025/10/22 18:00,0.097,4.332,,,,,,,,,,,
2025/10/22 19:00,0.136,4.835,,,,,,,,,,,
2025/10/22 20:00,0.169,5.205,,,,,,,,,,,
2025/10/22 21:00,0.165,5.166,,,,,,,,,,,
2025/10/22 22:00,0.145,4.946,,,,,,,,,,,
2025/10/22 23:00,0.097,4.326,,,,,,,,,,,
2025/10/23 0:00,0.025,2.883,,,,,,,,,,,
2025/10/23 1:00,0.011,2.32,,,,,,,,,,,
2025/10/23 2:00,0.008,2.153,,,,,,,,,,,
2025/10/23 3:00,0.007,2.072,,,,,,,,,,,
2025/10/23 4:00,0.006,1.974,,,,,,,,,,,
2025/10/23 5:00,0.005,1.931,,,,,,,,,,,
2025/10/23 6:00,0.005,1.903,,,,,,,,,,,
2025/10/23 7:00,0.012,2.353,,,,,,,,,,,
2025/10/23 8:00,0.101,4.373,,,,,,,,,,,
2025/10/23 9:00,0.291,6.31,,,,,,,,,,,
2025/10/23 10:00,0.323,6.563,,,,,,,,,,,
2025/10/23 11:00,0.232,5.81,,,,,,,,,,,
2025/10/23 12:00,0.136,4.845,,,,,,,,,,,
2025/10/23 13:00,0.083,4.118,,,,,,,,,,,
2025/10/23 14:00,0.065,3.808,,,,,,,,,,,
2025/10/23 15:00,0.081,4.083,,,,,,,,,,,
2025/10/23 16:00,0.127,4.735,,,,,,,,,,,
2025/10/23 17:00,0.181,5.325,,,,,,,,,,,
2025/10/23 18:00,0.217,5.68,,,,,,,,,,,
2025/10/23 19:00,0.235,5.838,,,,,,,,,,,
2025/10/23 20:00,0.252,5.983,,,,,,,,,,,
2025/10/23 21:00,0.27,6.14,,,,,,,,,,,
2025/10/23 22:00,0.29,6.299,,,,,,,,,,,
2025/10/23 23:00,0.252,5.98,,,,,,,,,,,
2025/10/24 0:00,0.134,4.821,,,,,,,,,,,
2025/10/24 1:00,0.157,5.069,,,,,,,,,,,
2025/10/24 2:00,0.154,5.034,,,,,,,,,,,
2025/10/24 3:00,0.129,4.756,,,,,,,,,,,
2025/10/24 4:00,0.122,4.666,,,,,,,,,,,
2025/10/24 5:00,0.111,4.524,,,,,,,,,,,
2025/10/24 6:00,0.079,4.047,,,,,,,,,,,
2025/10/24 7:00,0.04,3.301,,,,,,,,,,,
2025/10/24 8:00,0.024,2.858,,,,,,,,,,,
2025/10/24 9:00,0.033,3.109,,,,,,,,,,,
2025/10/24 10:00,0.031,3.053,,,,,,,,,,,
2025/10/24 11:00,0.012,2.378,,,,,,,,,,,
2025/10/24 12:00,0.004,1.798,,,,,,,,,,,
2025/10/24 13:00,0.004,1.862,,,,,,,,,,,
2025/10/24 14:00,0.018,2.627,,,,,,,,,,,
2025/10/24 15:00,0.06,3.721,,,,,,,,,,,
2025/10/24 16:00,0.166,5.179,,,,,,,,,,,
2025/10/24 17:00,0.315,6.496,,,,,,,,,,,
2025/10/24 18:00,0.438,7.407,,,,,,,,,,,
2025/10/24 19:00,0.5,7.854,,,,,,,,,,,
2025/10/24 20:00,0.517,7.981,,,,,,,,,,,
2025/10/24 21:00,0.532,8.093,,,,,,,,,,,
2025/10/24 22:00,0.561,8.298,,,,,,,,,,,
2025/10/24 23:00,0.537,8.126,,,,,,,,,,,
2025/10/25 0:00,0.268,6.125,,,,,,,,,,,
2025/10/25 1:00,0.36,6.83,,,,,,,,,,,
2025/10/25 2:00,0.532,8.083,,,,,,,,,,,
2025/10/25 3:00,0.515,7.969,,,,,,,,,,,
2025/10/25 4:00,0.534,8.11,,,,,,,,,,,
2025/10/25 5:00,0.603,8.629,,,,,,,,,,,
2025/10/25 6:00,0.676,9.223,,,,,,,,,,,
2025/10/25 7:00,0.681,9.254,,,,,,,,,,,
2025/10/25 8:00,0.604,8.631,,,,,,,,,,,
2025/10/25 9:00,0.647,8.979,,,,,,,,,,,
2025/10/25 10:00,0.718,9.594,,,,,,,,,,,
2025/10/25 11:00,0.741,9.818,,,,,,,,,,,
2025/10/25 12:00,0.68,9.242,,,,,,,,,,,
2025/10/25 13:00,0.58,8.441,,,,,,,,,,,
2025/10/25 14:00,0.483,7.734,,,,,,,,,,,
2025/10/25 15:00,0.449,7.487,,,,,,,,,,,
2025/10/25 16:00,0.458,7.554,,,,,,,,,,,
2025/10/25 17:00,0.499,7.847,,,,,,,,,,,
2025/10/25 18:00,0.546,8.192,,,,,,,,,,,
2025/10/25 19:00,0.559,8.281,,,,,,,,,,,
2025/10/25 20:00,0.534,8.104,,,,,,,,,,,
2025/10/25 21:00,0.487,7.757,,,,,,,,,,,
2025/10/25 22:00,0.496,7.825,,,,,,,,,,,
2025/10/25 23:00,0.485,7.748,,,,,,,,,,,
2025/10/26 0:00,0.719,9.6,,,,,,,,,,,
2025/10/26 1:00,0.844,11.032,,,,,,,,,,,
2025/10/26 2:00,0.87,11.423,,,,,,,,,,,
2025/10/26 3:00,0.867,11.379,,,,,,,,,,,
2025/10/26 4:00,0.844,11.011,,,,,,,,,,,
2025/10/26 5:00,0.806,10.526,,,,,,,,,,,
2025/10/26 6:00,0.764,10.048,,,,,,,,,,,
2025/10/26 7:00,0.714,9.556,,,,,,,,,,,
2025/10/26 8:00,0.568,8.352,,,,,,,,,,,
2025/10/26 9:00,0.514,7.959,,,,,,,,,,,
2025/10/26 10:00,0.587,8.501,,,,,,,,,,,
2025/10/26 11:00,0.647,8.979,,,,,,,,,,,
2025/10/26 12:00,0.671,9.175,,,,,,,,,,,
2025/10/26 13:00,0.677,9.227,,,,,,,,,,,
2025/10/26 14:00,0.69,9.341,,,,,,,,,,,
2025/10/26 15:00,0.615,8.711,,,,,,,,,,,
2025/10/26 16:00,0.521,8.007,,,,,,,,,,,
2025/10/26 17:00,0.467,7.616,,,,,,,,,,,
2025/10/26 18:00,0.413,7.232,,,,,,,,,,,
2025/10/26 19:00,0.394,7.088,,,,,,,,,,,
2025/10/26 20:00,0.359,6.826,,,,,,,,,,,
2025/10/26 21:00,0.324,6.565,,,,,,,,,,,
2025/10/26 22:00,0.285,6.256,,,,,,,,,,,
2025/10/26 23:00,0.217,5.678,,,,,,,,,,,
2025/10/27 0:00,0.42,7.276,,,,,,,,,,,
2025/10/27 1:00,0.516,7.979,,,,,,,,,,,
2025/10/27 2:00,0.493,7.808,,,,,,,,,,,
2025/10/27 3:00,0.464,7.594,,,,,,,,,,,
2025/10/27 4:00,0.439,7.415,,,,,,,,,,,
2025/10/27 5:00,0.396,7.11,,,,,,,,,,,
2025/10/27 6:00,0.332,6.625,,,,,,,,,,,
2025/10/27 7:00,0.234,5.829,,,,,,,,,,,
2025/10/27 8:00,0.134,4.804,,,,,,,,,,,
2025/10/27 9:00,0.083,4.117,,,,,,,,,,,
2025/10/27 10:00,0.03,3.027,,,,,,,,,,,
2025/10/27 11:00,0.005,1.957,,,,,,,,,,,
2025/10/27 12:00,0.001,1.322,,,,,,,,,,,
2025/10/27 13:00,0.001,1.485,,,,,,,,,,,
2025/10/27 14:00,0.005,1.943,,,,,,,,,,,
2025/10/27 15:00,0.008,2.15,,,,,,,,,,,
2025/10/27 16:00,0.009,2.187,,,,,,,,,,,
2025/10/27 17:00,0.008,2.158,,,,,,,,,,,
2025/10/27 18:00,0.006,1.985,,,,,,,,,,,
2025/10/27 19:00,0.003,1.683,,,,,,,,,,,
2025/10/27 20:00,0.001,1.328,,,,,,,,,,,
2025/10/27 21:00,0,0.969,,,,,,,,,,,
2025/10/27 22:00,0,0.804,,,,,,,,,,,
2025/10/27 23:00,0,1.19,,,,,,,,,,,
2025/10/28 0:00,0.004,1.812,,,,,,,,,,,
2025/10/28 1:00,0.028,2.972,,,,,,,,,,,
2025/10/28 2:00,0.051,3.535,,,,,,,,,,,
2025/10/28 3:00,0.061,3.746,,,,,,,,,,,
2025/10/28 4:00,0.071,3.915,,,,,,,,,,,
2025/10/28 5:00,0.095,4.29,,,,,,,,,,,
2025/10/28 6:00,0.134,4.81,,,,,,,,,,,
2025/10/28 7:00,0.214,5.653,,,,,,,,,,,
2025/10/28 8:00,0.445,7.465,,,,,,,,,,,
2025/10/28 9:00,0.669,9.16,,,,,,,,,,,
2025/10/28 10:00,0.797,10.408,,,,,,,,,,,
2025/10/28 11:00,0.837,10.925,,,,,,,,,,,
2025/10/28 12:00,0.838,10.94,,,,,,,,,,,
2025/10/28 13:00,0.832,10.852,,,,,,,,,,,
2025/10/28 14:00,0.847,11.062,,,,,,,,,,,
2025/10/28 15:00,0.82,10.695,,,,,,,,,,,
2025/10/28 16:00,0.808,10.548,,,,,,,,,,,
2025/10/28 17:00,0.826,10.776,,,,,,,,,,,
2025/10/28 18:00,0.821,10.709,,,,,,,,,,,
2025/10/28 19:00,0.832,10.845,,,,,,,,,,,
2025/10/28 20:00,0.825,10.753,,,,,,,,,,,
2025/10/28 21:00,0.844,11.013,,,,,,,,,,,
2025/10/28 22:00,0.837,10.921,,,,,,,,,,,
2025/10/28 23:00,0.778,10.192,,,,,,,,,,,
2025/10/29 0:00,0.738,9.788,,,,,,,,,,,
2025/10/29 1:00,0.756,9.955,,,,,,,,,,,
2025/10/29 2:00,0.784,10.264,,,,,,,,,,,
2025/10/29 3:00,0.774,10.158,,,,,,,,,,,
2025/10/29 4:00,0.762,10.033,,,,,,,,,,,
2025/10/29 5:00,0.731,9.708,,,,,,,,,,,
2025/10/29 6:00,0.646,8.969,,,,,,,,,,,
2025/10/29 7:00,0.566,8.343,,,,,,,,,,,
2025/10/29 8:00,0.593,8.543,,,,,,,,,,,
2025/10/29 9:00,0.665,9.124,,,,,,,,,,,
2025/10/29 10:00,0.66,9.086,,,,,,,,,,,
2025/10/29 11:00,0.635,8.88,,,,,,,,,,,
2025/10/29 12:00,0.594,8.561,,,,,,,,,,,
2025/10/29 13:00,0.548,8.21,,,,,,,,,,,
2025/10/29 14:00,0.512,7.944,,,,,,,,,,,
2025/10/29 15:00,0.532,8.093,,,,,,,,,,,
2025/10/29 16:00,0.519,7.994,,,,,,,,,,,
2025/10/29 17:00,0.469,7.631,,,,,,,,,,,
2025/10/29 18:00,0.419,7.27,,,,,,,,,,,
2025/10/29 19:00,0.375,6.948,,,,,,,,,,,
2025/10/29 20:00,0.344,6.715,,,,,,,,,,,
2025/10/29 21:00,0.287,6.278,,,,,,,,,,,
2025/10/29 22:00,0.232,5.808,,,,,,,,,,,
2025/10/29 23:00,0.18,5.312,,,,,,,,,,,
2025/10/30 0:00,0.086,4.17,,,,,,,,,,,
2025/10/30 1:00,0.118,4.612,,,,,,,,,,,
2025/10/30 2:00,0.074,3.98,,,,,,,,,,,
2025/10/30 3:00,0.015,2.515,,,,,,,,,,,
2025/10/30 4:00,0.002,1.526,,,,,,,,,,,
2025/10/30 5:00,0.001,1.42,,,,,,,,,,,
2025/10/30 6:00,0.001,1.322,,,,,,,,,,,
2025/10/30 7:00,0,0.877,,,,,,,,,,,
2025/10/30 8:00,0.019,2.656,,,,,,,,,,,
2025/10/30 9:00,0.142,4.906,,,,,,,,,,,
2025/10/30 10:00,0.26,6.046,,,,,,,,,,,
2025/10/30 11:00,0.287,6.276,,,,,,,,,,,
2025/10/30 12:00,0.238,5.868,,,,,,,,,,,
2025/10/30 13:00,0.192,5.436,,,,,,,,,,,
2025/10/30 14:00,0.177,5.28,,,,,,,,,,,
2025/10/30 15:00,0.17,5.218,,,,,,,,,,,
2025/10/30 16:00,0.162,5.131,,,,,,,,,,,
2025/10/30 17:00,0.167,5.186,,,,,,,,,,,
2025/10/30 18:00,0.211,5.622,,,,,,,,,,,
2025/10/30 19:00,0.27,6.141,,,,,,,,,,,
2025/10/30 20:00,0.325,6.572,,,,,,,,,,,
2025/10/30 21:00,0.346,6.73,,,,,,,,,,,
2025/10/30 22:00,0.344,6.721,,,,,,,,,,,
2025/10/30 23:00,0.302,6.398,,,,,,,,,,,
2025/10/31 0:00,0.121,4.642,,,,,,,,,,,
2025/10/31 1:00,0.052,3.558,,,,,,,,,,,
2025/10/31 2:00,0.052,3.568,,,,,,,,,,,
2025/10/31 3:00,0.079,4.06,,,,,,,,,,,
2025/10/31 4:00,0.165,5.169,,,,,,,,,,,
2025/10/31 5:00,0.316,6.506,,,,,,,,,,,
2025/10/31 6:00,0.441,7.42,,,,,,,,,,,
2025/10/31 7:00,0.445,7.463,,,,,,,,,,,
2025/10/31 8:00,0.335,6.655,,,,,,,,,,,
2025/10/31 9:00,0.271,6.144,,,,,,,,,,,
2025/10/31 10:00,0.3,6.374,,,,,,,,,,,
2025/10/31 11:00,0.464,7.596,,,,,,,,,,,
2025/10/31 12:00,0.604,8.633,,,,,,,,,,,
2025/10/31 13:00,0.659,9.078,,,,,,,,,,,
2025/10/31 14:00,0.631,8.845,,,,,,,,,,,
2025/10/31 15:00,0.598,8.586,,,,,,,,,,,
2025/10/31 16:00,0.619,8.741,,,,,,,,,,,
2025/10/31 17:00,0.696,9.392,,,,,,,,,,,
2025/10/31 18:00,0.705,9.473,,,,,,,,,,,
2025/10/31 19:00,0.715,9.568,,,,,,,,,,,
2025/10/31 20:00,0.718,9.58,,,,,,,,,,,
2025/10/31 21:00,0.712,9.541,,,,,,,,,,,
2025/10/31 22:00,0.718,9.599,,,,,,,,,,,
2025/10/31 23:00,0.708,9.496,,,,,,,,,,,
2025/11/1 0:00,0.637,8.893,,,,,,,,,,,
2025/11/1 1:00,0.924,12.546,,,,,,,,,,,
2025/11/1 2:00,0.955,13.55,,,,,,,,,,,
2025/11/1 3:00,0.959,13.717,,,,,,,,,,,
2025/11/1 4:00,0.962,13.834,,,,,,,,,,,
2025/11/1 5:00,0.973,14.445,,,,,,,,,,,
2025/11/1 6:00,0.982,15.18,,,,,,,,,,,
2025/11/1 7:00,0.984,15.461,,,,,,,,,,,
2025/11/1 8:00,0.982,15.204,,,,,,,,,,,
2025/11/1 9:00,0.975,14.631,,,,,,,,,,,
2025/11/1 10:00,0.97,14.252,,,,,,,,,,,
2025/11/1 11:00,0.951,13.413,,,,,,,,,,,
2025/11/1 12:00,0.926,12.594,,,,,,,,,,,
2025/11/1 13:00,0.893,11.86,,,,,,,,,,,
2025/11/1 14:00,0.858,11.23,,,,,,,,,,,
2025/11/1 15:00,0.816,10.642,,,,,,,,,,,
2025/11/1 16:00,0.778,10.199,,,,,,,,,,,
2025/11/1 17:00,0.717,9.577,,,,,,,,,,,
2025/11/1 18:00,0.698,9.409,,,,,,,,,,,
2025/11/1 19:00,0.688,9.321,,,,,,,,,,,
2025/11/1 20:00,0.655,9.041,,,,,,,,,,,
2025/11/1 21:00,0.596,8.568,,,,,,,,,,,
2025/11/1 22:00,0.556,8.266,,,,,,,,,,,
2025/11/1 23:00,0.463,7.591,,,,,,,,,,,
2025/11/2 0:00,0.705,9.472,,,,,,,,,,,
2025/11/2 1:00,0.813,10.598,,,,,,,,,,,
2025/11/2 2:00,0.756,9.967,,,,,,,,,,,
2025/11/2 3:00,0.683,9.278,,,,,,,,,,,
2025/11/2 4:00,0.614,8.705,,,,,,,,,,,
2025/11/2 5:00,0.541,8.153,,,,,,,,,,,
2025/11/2 6:00,0.441,7.424,,,,,,,,,,,
2025/11/2 7:00,0.272,6.151,,,,,,,,,,,
2025/11/2 8:00,0.088,4.192,,,,,,,,,,,
2025/11/2 9:00,0.019,2.656,,,,,,,,,,,
2025/11/2 10:00,0.003,1.661,,,,,,,,,,,
2025/11/2 11:00,0.027,2.941,,,,,,,,,,,
2025/11/2 12:00,0.154,5.04,,,,,,,,,,,
2025/11/2 13:00,0.374,6.937,,,,,,,,,,,
2025/11/2 14:00,0.573,8.392,,,,,,,,,,,
2025/11/2 15:00,0.655,9.038,,,,,,,,,,,
2025/11/2 16:00,0.685,9.294,,,,,,,,,,,
2025/11/2 17:00,0.697,9.396,,,,,,,,,,,
2025/11/2 18:00,0.701,9.435,,,,,,,,,,,
2025/11/2 19:00,0.727,9.673,,,,,,,,,,,
2025/11/2 20:00,0.77,10.114,,,,,,,,,,,
2025/11/2 21:00,0.822,10.729,,,,,,,,,,,
2025/11/2 22:00,0.805,10.513,,,,,,,,,,,
2025/11/2 23:00,0.784,10.264,,,,,,,,,,,
2025/11/3 0:00,0.676,9.221,,,,,,,,,,,
2025/11/3 1:00,0.846,11.06,,,,,,,,,,,
2025/11/3 2:00,0.89,11.796,,,,,,,,,,,
2025/11/3 3:00,0.875,11.516,,,,,,,,,,,
2025/11/3 4:00,0.866,11.356,,,,,,,,,,,
2025/11/3 5:00,0.869,11.405,,,,,,,,,,,
2025/11/3 6:00,0.879,11.585,,,,,,,,,,,
2025/11/3 7:00,0.872,11.46,,,,,,,,,,,
2025/11/3 8:00,0.885,11.688,,,,,,,,,,,
2025/11/3 9:00,0.9,11.996,,,,,,,,,,,
2025/11/3 10:00,0.898,11.963,,,,,,,,,,,
2025/11/3 11:00,0.898,11.94,,,,,,,,,,,
2025/11/3 12:00,0.897,11.933,,,,,,,,,,,
2025/11/3 13:00,0.877,11.551,,,,,,,,,,,
2025/11/3 14:00,0.862,11.282,,,,,,,,,,,
2025/11/3 15:00,0.842,10.989,,,,,,,,,,,
2025/11/3 16:00,0.804,10.502,,,,,,,,,,,
2025/11/3 17:00,0.756,9.961,,,,,,,,,,,
2025/11/3 18:00,0.707,9.487,,,,,,,,,,,
2025/11/3 19:00,0.674,9.193,,,,,,,,,,,
2025/11/3 20:00,0.631,8.844,,,,,,,,,,,
2025/11/3 21:00,0.603,8.626,,,,,,,,,,,
2025/11/3 22:00,0.583,8.474,,,,,,,,,,,
2025/11/3 23:00,0.511,7.941,,,,,,,,,,,
2025/11/4 0:00,0.252,5.985,,,,,,,,,,,
2025/11/4 1:00,0.207,5.577,,,,,,,,,,,
2025/11/4 2:00,0.137,4.851,,,,,,,,,,,
2025/11/4 3:00,0.056,3.63,,,,,,,,,,,
2025/11/4 4:00,0.008,2.131,,,,,,,,,,,
2025/11/4 5:00,0,0.885,,,,,,,,,,,
2025/11/4 6:00,0.002,1.529,,,,,,,,,,,
2025/11/4 7:00,0.016,2.558,,,,,,,,,,,
2025/11/4 8:00,0.101,4.376,,,,,,,,,,,
2025/11/4 9:00,0.348,6.738,,,,,,,,,,,
2025/11/4 10:00,0.589,8.52,,,,,,,,,,,
2025/11/4 11:00,0.726,9.665,,,,,,,,,,,
2025/11/4 12:00,0.784,10.27,,,,,,,,,,,
2025/11/4 13:00,0.805,10.515,,,,,,,,,,,
2025/11/4 14:00,0.804,10.496,,,,,,,,,,,
2025/11/4 15:00,0.797,10.415,,,,,,,,,,,
2025/11/4 16:00,0.796,10.398,,,,,,,,,,,
2025/11/4 17:00,0.802,10.48,,,,,,,,,,,
2025/11/4 18:00,0.797,10.403,,,,,,,,,,,
2025/11/4 19:00,0.774,10.159,,,,,,,,,,,
2025/11/4 20:00,0.751,9.905,,,,,,,,,,,
2025/11/4 21:00,0.762,10.025,,,,,,,,,,,
2025/11/4 22:00,0.776,10.171,,,,,,,,,,,
2025/11/4 23:00,0.758,9.987,,,,,,,,,,,
2025/11/5 0:00,0.592,8.54,,,,,,,,,,,
2025/11/5 1:00,0.532,8.087,,,,,,,,,,,
2025/11/5 2:00,0.492,7.799,,,,,,,,,,,
2025/11/5 3:00,0.418,7.268,,,,,,,,,,,
2025/11/5 4:00,0.341,6.697,,,,,,,,,,,
2025/11/5 5:00,0.29,6.303,,,,,,,,,,,
2025/11/5 6:00,0.242,5.902,,,,,,,,,,,
2025/11/5 7:00,0.186,5.381,,,,,,,,,,,
2025/11/5 8:00,0.25,5.961,,,,,,,,,,,
2025/11/5 9:00,0.443,7.449,,,,,,,,,,,
2025/11/5 10:00,0.58,8.446,,,,,,,,,,,
2025/11/5 11:00,0.603,8.63,,,,,,,,,,,
2025/11/5 12:00,0.58,8.45,,,,,,,,,,,
2025/11/5 13:00,0.581,8.461,,,,,,,,,,,
2025/11/5 14:00,0.556,8.27,,,,,,,,,,,
2025/11/5 15:00,0.532,8.087,,,,,,,,,,,
2025/11/5 16:00,0.5,7.861,,,,,,,,,,,
2025/11/5 17:00,0.405,7.167,,,,,,,,,,,
2025/11/5 18:00,0.341,6.696,,,,,,,,,,,
2025/11/5 19:00,0.317,6.514,,,,,,,,,,,
2025/11/5 20:00,0.285,6.254,,,,,,,,,,,
2025/11/5 21:00,0.268,6.124,,,,,,,,,,,
2025/11/5 22:00,0.28,6.208,,,,,,,,,,,
2025/11/5 23:00,0.24,5.884,,,,,,,,,,,
2025/11/6 0:00,0.093,4.271,,,,,,,,,,,
2025/11/6 1:00,0.018,2.624,,,,,,,,,,,
2025/11/6 2:00,0.005,1.928,,,,,,,,,,,
2025/11/6 3:00,0.001,1.391,,,,,,,,,,,
2025/11/6 4:00,0,0.591,,,,,,,,,,,
2025/11/6 5:00,0,0.608,,,,,,,,,,,
2025/11/6 6:00,0.001,1.451,,,,,,,,,,,
2025/11/6 7:00,0.005,1.911,,,,,,,,,,,
2025/11/6 8:00,0.019,2.689,,,,,,,,,,,
2025/11/6 9:00,0.059,3.697,,,,,,,,,,,
2025/11/6 10:00,0.086,4.163,,,,,,,,,,,
2025/11/6 11:00,0.09,4.234,,,,,,,,,,,
2025/11/6 12:00,0.077,4.025,,,,,,,,,,,
2025/11/6 13:00,0.045,3.407,,,,,,,,,,,
2025/11/6 14:00,0.019,2.675,,,,,,,,,,,
2025/11/6 15:00,0.003,1.721,,,,,,,,,,,
2025/11/6 16:00,0,0.74,,,,,,,,,,,
2025/11/6 17:00,0.041,3.326,,,,,,,,,,,
2025/11/6 18:00,0.348,6.742,,,,,,,,,,,
2025/11/6 19:00,0.666,9.139,,,,,,,,,,,
2025/11/6 20:00,0.641,8.927,,,,,,,,,,,
2025/11/6 21:00,0.537,8.132,,,,,,,,,,,
2025/11/6 22:00,0.477,7.697,,,,,,,,,,,
2025/11/6 23:00,0.446,7.468,,,,,,,,,,,
2025/11/7 0:00,0.475,7.681,,,,,,,,,,,
2025/11/7 1:00,0.453,7.509,,,,,,,,,,,
2025/11/7 2:00,0.465,7.607,,,,,,,,,,,
2025/11/7 3:00,0.378,6.972,,,,,,,,,,,
2025/11/7 4:00,0.264,6.09,,,,,,,,,,,
2025/11/7 5:00,0.243,5.913,,,,,,,,,,,
2025/11/7 6:00,0.238,5.865,,,,,,,,,,,
2025/11/7 7:00,0.222,5.724,,,,,,,,,,,
2025/11/7 8:00,0.181,5.329,,,,,,,,,,,
2025/11/7 9:00,0.157,5.067,,,,,,,,,,,
2025/11/7 10:00,0.128,4.747,,,,,,,,,,,
2025/11/7 11:00,0.117,4.599,,,,,,,,,,,
2025/11/7 12:00,0.113,4.55,,,,,,,,,,,
2025/11/7 13:00,0.107,4.469,,,,,,,,,,,
2025/11/7 14:00,0.108,4.483,,,,,,,,,,,
2025/11/7 15:00,0.147,4.964,,,,,,,,,,,
2025/11/7 16:00,0.251,5.971,,,,,,,,,,,
2025/11/7 17:00,0.457,7.549,,,,,,,,,,,
2025/11/7 18:00,0.591,8.528,,,,,,,,,,,
2025/11/7 19:00,0.667,9.141,,,,,,,,,,,
2025/11/7 20:00,0.703,9.455,,,,,,,,,,,
2025/11/7 21:00,0.718,9.581,,,,,,,,,,,
2025/11/7 22:00,0.762,10.027,,,,,,,,,,,
2025/11/7 23:00,0.766,10.065,,,,,,,,,,,
2025/11/8 0:00,0.644,8.952,,,,,,,,,,,
2025/11/8 1:00,0.725,9.653,,,,,,,,,,,
2025/11/8 2:00,0.885,11.693,,,,,,,,,,,
2025/11/8 3:00,0.968,14.156,,,,,,,,,,,
2025/11/8 4:00,0.985,15.503,,,,,,,,,,,
2025/11/8 5:00,0.988,16.179,,,,,,,,,,,
2025/11/8 6:00,0.986,15.735,,,,,,,,,,,
2025/11/8 7:00,0.973,14.453,,,,,,,,,,,
2025/11/8 8:00,0.925,12.581,,,,,,,,,,,
2025/11/8 9:00,0.879,11.574,,,,,,,,,,,
2025/11/8 10:00,0.836,10.911,,,,,,,,,,,
2025/11/8 11:00,0.805,10.509,,,,,,,,,,,
2025/11/8 12:00,0.796,10.397,,,,,,,,,,,
2025/11/8 13:00,0.791,10.345,,,,,,,,,,,
2025/11/8 14:00,0.778,10.194,,,,,,,,,,,
2025/11/8 15:00,0.745,9.857,,,,,,,,,,,
2025/11/8 16:00,0.725,9.653,,,,,,,,,,,
2025/11/8 17:00,0.719,9.603,,,,,,,,,,,
2025/11/8 18:00,0.682,9.274,,,,,,,,,,,
2025/11/8 19:00,0.665,9.125,,,,,,,,,,,
2025/11/8 20:00,0.657,9.049,,,,,,,,,,,
2025/11/8 21:00,0.657,9.057,,,,,,,,,,,
2025/11/8 22:00,0.661,9.096,,,,,,,,,,,
2025/11/8 23:00,0.667,9.141,,,,,,,,,,,
2025/11/9 0:00,0.595,8.563,,,,,,,,,,,
2025/11/9 1:00,0.801,10.461,,,,,,,,,,,
2025/11/9 2:00,0.866,11.371,,,,,,,,,,,
2025/11/9 3:00,0.899,11.971,,,,,,,,,,,
2025/11/9 4:00,0.928,12.661,,,,,,,,,,,
2025/11/9 5:00,0.943,13.121,,,,,,,,,,,
2025/11/9 6:00,0.944,13.138,,,,,,,,,,,
2025/11/9 7:00,0.92,12.453,,,,,,,,,,,
2025/11/9 8:00,0.847,11.067,,,,,,,,,,,
2025/11/9 9:00,0.831,10.832,,,,,,,,,,,
2025/11/9 10:00,0.848,11.086,,,,,,,,,,,
2025/11/9 11:00,0.849,11.095,,,,,,,,,,,
2025/11/9 12:00,0.836,10.894,,,,,,,,,,,
2025/11/9 13:00,0.815,10.623,,,,,,,,,,,
2025/11/9 14:00,0.766,10.068,,,,,,,,,,,
2025/11/9 15:00,0.676,9.221,,,,,,,,,,,
2025/11/9 16:00,0.526,8.045,,,,,,,,,,,
2025/11/9 17:00,0.437,7.392,,,,,,,,,,,
2025/11/9 18:00,0.449,7.484,,,,,,,,,,,
2025/11/9 19:00,0.479,7.704,,,,,,,,,,,
2025/11/9 20:00,0.499,7.844,,,,,,,,,,,
2025/11/9 21:00,0.525,8.034,,,,,,,,,,,
2025/11/9 22:00,0.528,8.06,,,,,,,,,,,
2025/11/9 23:00,0.485,7.749,,,,,,,,,,,
2025/11/10 0:00,0.291,6.308,,,,,,,,,,,
2025/11/10 1:00,0.317,6.513,,,,,,,,,,,
2025/11/10 2:00,0.562,8.312,,,,,,,,,,,
2025/11/10 3:00,0.706,9.48,,,,,,,,,,,
2025/11/10 4:00,0.782,10.249,,,,,,,,,,,
2025/11/10 5:00,0.832,10.854,,,,,,,,,,,
2025/11/10 6:00,0.815,10.635,,,,,,,,,,,
2025/11/10 7:00,0.713,9.549,,,,,,,,,,,
2025/11/10 8:00,0.672,9.183,,,,,,,,,,,
2025/11/10 9:00,0.665,9.125,,,,,,,,,,,
2025/11/10 10:00,0.626,8.801,,,,,,,,,,,
2025/11/10 11:00,0.564,8.323,,,,,,,,,,,
2025/11/10 12:00,0.503,7.883,,,,,,,,,,,
2025/11/10 13:00,0.446,7.467,,,,,,,,,,,
2025/11/10 14:00,0.375,6.949,,,,,,,,,,,
2025/11/10 15:00,0.309,6.452,,,,,,,,,,,
2025/11/10 16:00,0.249,5.951,,,,,,,,,,,
2025/11/10 17:00,0.183,5.355,,,,,,,,,,,
2025/11/10 18:00,0.123,4.687,,,,,,,,,,,
2025/11/10 19:00,0.087,4.188,,,,,,,,,,,
2025/11/10 20:00,0.07,3.893,,,,,,,,,,,
2025/11/10 21:00,0.051,3.531,,,,,,,,,,,
2025/11/10 22:00,0.029,2.99,,,,,,,,,,,
2025/11/10 23:00,0.011,2.312,,,,,,,,,,,
2025/11/11 0:00,0.001,1.218,,,,,,,,,,,
2025/11/11 1:00,0.008,2.129,,,,,,,,,,,
2025/11/11 2:00,0.098,4.339,,,,,,,,,,,
2025/11/11 3:00,0.217,5.675,,,,,,,,,,,
2025/11/11 4:00,0.323,6.561,,,,,,,,,,,
2025/11/11 5:00,0.421,7.287,,,,,,,,,,,
2025/11/11 6:00,0.481,7.722,,,,,,,,,,,
2025/11/11 7:00,0.544,8.179,,,,,,,,,,,
2025/11/11 8:00,0.743,9.829,,,,,,,,,,,
2025/11/11 9:00,0.846,11.056,,,,,,,,,,,
2025/11/11 10:00,0.869,11.422,,,,,,,,,,,
2025/11/11 11:00,0.85,11.107,,,,,,,,,,,
2025/11/11 12:00,0.826,10.776,,,,,,,,,,,
2025/11/11 13:00,0.829,10.82,,,,,,,,,,,
2025/11/11 14:00,0.853,11.161,,,,,,,,,,,
2025/11/11 15:00,0.875,11.511,,,,,,,,,,,
2025/11/11 16:00,0.874,11.487,,,,,,,,,,,
2025/11/11 17:00,0.869,11.41,,,,,,,,,,,
2025/11/11 18:00,0.86,11.259,,,,,,,,,,,
2025/11/11 19:00,0.837,10.928,,,,,,,,,,,
2025/11/11 20:00,0.811,10.579,,,,,,,,,,,
2025/11/11 21:00,0.785,10.275,,,,,,,,,,,
2025/11/11 22:00,0.765,10.057,,,,,,,,,,,
2025/11/11 23:00,0.749,9.89,,,,,,,,,,,
2025/11/12 0:00,0.676,9.216,,,,,,,,,,,
2025/11/12 1:00,0.647,8.975,,,,,,,,,,,
2025/11/12 2:00,0.875,11.52,,,,,,,,,,,
2025/11/12 3:00,0.944,13.144,,,,,,,,,,,
2025/11/12 4:00,0.973,14.441,,,,,,,,,,,
2025/11/12 5:00,0.983,15.277,,,,,,,,,,,
2025/11/12 6:00,0.983,15.342,,,,,,,,,,,
2025/11/12 7:00,0.974,14.543,,,,,,,,,,,
2025/11/12 8:00,0.94,12.992,,,,,,,,,,,
2025/11/12 9:00,0.885,11.701,,,,,,,,,,,
2025/11/12 10:00,0.808,10.542,,,,,,,,,,,
2025/11/12 11:00,0.698,9.402,,,,,,,,,,,
2025/11/12 12:00,0.526,8.044,,,,,,,,,,,
2025/11/12 13:00,0.374,6.938,,,,,,,,,,,
2025/11/12 14:00,0.332,6.629,,,,,,,,,,,
2025/11/12 15:00,0.399,7.125,,,,,,,,,,,
2025/11/12 16:00,0.497,7.836,,,,,,,,,,,
2025/11/12 17:00,0.606,8.643,,,,,,,,,,,
2025/11/12 18:00,0.68,9.241,,,,,,,,,,,
2025/11/12 19:00,0.702,9.447,,,,,,,,,,,
2025/11/12 20:00,0.704,9.461,,,,,,,,,,,
2025/11/12 21:00,0.7,9.43,,,,,,,,,,,
2025/11/12 22:00,0.688,9.327,,,,,,,,,,,
2025/11/12 23:00,0.639,8.911,,,,,,,,,,,
2025/11/13 0:00,0.397,7.113,,,,,,,,,,,
2025/11/13 1:00,0.416,7.245,,,,,,,,,,,
2025/11/13 2:00,0.412,7.224,,,,,,,,,,,
2025/11/13 3:00,0.344,6.717,,,,,,,,,,,
2025/11/13 4:00,0.264,6.08,,,,,,,,,,,
2025/11/13 5:00,0.17,5.215,,,,,,,,,,,
2025/11/13 6:00,0.084,4.126,,,,,,,,,,,
2025/11/13 7:00,0.023,2.815,,,,,,,,,,,
2025/11/13 8:00,0.007,2.114,,,,,,,,,,,
2025/11/13 9:00,0.012,2.393,,,,,,,,,,,
2025/11/13 10:00,0.015,2.512,,,,,,,,,,,
2025/11/13 11:00,0.014,2.48,,,,,,,,,,,
2025/11/13 12:00,0.018,2.633,,,,,,,,,,,
2025/11/13 13:00,0.029,2.985,,,,,,,,,,,
2025/11/13 14:00,0.05,3.501,,,,,,,,,,,
2025/11/13 15:00,0.074,3.973,,,,,,,,,,,
2025/11/13 16:00,0.104,4.424,,,,,,,,,,,
2025/11/13 17:00,0.142,4.907,,,,,,,,,,,
2025/11/13 18:00,0.181,5.33,,,,,,,,,,,
2025/11/13 19:00,0.215,5.655,,,,,,,,,,,
2025/11/13 20:00,0.222,5.71,,,,,,,,,,,
2025/11/13 21:00,0.212,5.633,,,,,,,,,,,
2025/11/13 22:00,0.198,5.499,,,,,,,,,,,
2025/11/13 23:00,0.181,5.331,,,,,,,,,,,
2025/11/14 0:00,0.095,4.301,,,,,,,,,,,
2025/11/14 1:00,0.03,3.019,,,,,,,,,,,
2025/11/14 2:00,0.084,4.134,,,,,,,,,,,
2025/11/14 3:00,0.174,5.261,,,,,,,,,,,
2025/11/14 4:00,0.238,5.864,,,,,,,,,,,
2025/11/14 5:00,0.251,5.972,,,,,,,,,,,
2025/11/14 6:00,0.215,5.658,,,,,,,,,,,
2025/11/14 7:00,0.117,4.609,,,,,,,,,,,
2025/11/14 8:00,0.067,3.844,,,,,,,,,,,
2025/11/14 9:00,0.042,3.349,,,,,,,,,,,
2025/11/14 10:00,0.032,3.093,,,,,,,,,,,
2025/11/14 11:00,0.031,3.057,,,,,,,,,,,
2025/11/14 12:00,0.042,3.337,,,,,,,,,,,
2025/11/14 13:00,0.072,3.937,,,,,,,,,,,
2025/11/14 14:00,0.14,4.887,,,,,,,,,,,
2025/11/14 15:00,0.27,6.137,,,,,,,,,,,
2025/11/14 16:00,0.444,7.455,,,,,,,,,,,
2025/11/14 17:00,0.58,8.449,,,,,,,,,,,
2025/11/14 18:00,0.676,9.219,,,,,,,,,,,
2025/11/14 19:00,0.737,9.781,,,,,,,,,,,
2025/11/14 20:00,0.76,10.01,,,,,,,,,,,
2025/11/14 21:00,0.766,10.068,,,,,,,,,,,
2025/11/14 22:00,0.764,10.053,,,,,,,,,,,
2025/11/14 23:00,0.744,9.849,,,,,,,,,,,
2025/11/15 0:00,0.564,8.32,,,,,,,,,,,
2025/11/15 1:00,0.339,6.671,,,,,,,,,,,
2025/11/15 2:00,0.601,8.608,,,,,,,,,,,
2025/11/15 3:00,0.793,10.366,,,,,,,,,,,
2025/11/15 4:00,0.839,10.949,,,,,,,,,,,
2025/11/15 5:00,0.85,11.099,,,,,,,,,,,
2025/11/15 6:00,0.821,10.707,,,,,,,,,,,
2025/11/15 7:00,0.753,9.928,,,,,,,,,,,
2025/11/15 8:00,0.671,9.18,,,,,,,,,,,
2025/11/15 9:00,0.568,8.363,,,,,,,,,,,
2025/11/15 10:00,0.444,7.458,,,,,,,,,,,
2025/11/15 11:00,0.438,7.405,,,,,,,,,,,
2025/11/15 12:00,0.522,8.017,,,,,,,,,,,
2025/11/15 13:00,0.511,7.942,,,,,,,,,,,
2025/11/15 14:00,0.396,7.107,,,,,,,,,,,
2025/11/15 15:00,0.297,6.357,,,,,,,,,,,
2025/11/15 16:00,0.257,6.025,,,,,,,,,,,
2025/11/15 17:00,0.402,7.14,,,,,,,,,,,
2025/11/15 18:00,0.757,9.981,,,,,,,,,,,
2025/11/15 19:00,0.861,11.279,,,,,,,,,,,
2025/11/15 20:00,0.864,11.326,,,,,,,,,,,
2025/11/15 21:00,0.854,11.168,,,,,,,,,,,
2025/11/15 22:00,0.872,11.465,,,,,,,,,,,
2025/11/15 23:00,0.884,11.674,,,,,,,,,,,
2025/11/16 0:00,0.942,13.066,,,,,,,,,,,
2025/11/16 1:00,0.975,14.624,,,,,,,,,,,
2025/11/16 2:00,0.983,15.26,,,,,,,,,,,
2025/11/16 3:00,0.986,15.837,,,,,,,,,,,
2025/11/16 4:00,0.988,16.269,,,,,,,,,,,
2025/11/16 5:00,0.988,16.356,,,,,,,,,,,
2025/11/16 6:00,0.988,16.195,,,,,,,,,,,
2025/11/16 7:00,0.986,15.754,,,,,,,,,,,
2025/11/16 8:00,0.981,15.088,,,,,,,,,,,
2025/11/16 9:00,0.973,14.43,,,,,,,,,,,
2025/11/16 10:00,0.969,14.188,,,,,,,,,,,
2025/11/16 11:00,0.968,14.158,,,,,,,,,,,
2025/11/16 12:00,0.972,14.386,,,,,,,,,,,
2025/11/16 13:00,0.977,14.752,,,,,,,,,,,
2025/11/16 14:00,0.98,15.021,,,,,,,,,,,
2025/11/16 15:00,0.982,15.185,,,,,,,,,,,
2025/11/16 16:00,0.984,15.387,,,,,,,,,,,
2025/11/16 17:00,0.984,15.449,,,,,,,,,,,
2025/11/16 18:00,0.984,15.455,,,,,,,,,,,
2025/11/16 19:00,0.985,15.593,,,,,,,,,,,
2025/11/16 20:00,0.986,15.687,,,,,,,,,,,
2025/11/16 21:00,0.982,15.172,,,,,,,,,,,
2025/11/16 22:00,0.971,14.335,,,,,,,,,,,
2025/11/16 23:00,0.957,13.631,,,,,,,,,,,
2025/11/17 0:00,0.96,13.75,,,,,,,,,,,
2025/11/17 1:00,0.957,13.637,,,,,,,,,,,
2025/11/17 2:00,0.944,13.138,,,,,,,,,,,
2025/11/17 3:00,0.926,12.605,,,,,,,,,,,
2025/11/17 4:00,0.903,12.064,,,,,,,,,,,
2025/11/17 5:00,0.884,11.673,,,,,,,,,,,
2025/11/17 6:00,0.883,11.659,,,,,,,,,,,
2025/11/17 7:00,0.884,11.671,,,,,,,,,,,
2025/11/17 8:00,0.82,10.698,,,,,,,,,,,
2025/11/17 9:00,0.753,9.93,,,,,,,,,,,
2025/11/17 10:00,0.776,10.181,,,,,,,,,,,
2025/11/17 11:00,0.791,10.343,,,,,,,,,,,
2025/11/17 12:00,0.8,10.451,,,,,,,,,,,
2025/11/17 13:00,0.832,10.851,,,,,,,,,,,
2025/11/17 14:00,0.857,11.227,,,,,,,,,,,
2025/11/17 15:00,0.874,11.492,,,,,,,,,,,
2025/11/17 16:00,0.876,11.524,,,,,,,,,,,
2025/11/17 17:00,0.871,11.44,,,,,,,,,,,
2025/11/17 18:00,0.851,11.135,,,,,,,,,,,
2025/11/17 19:00,0.834,10.878,,,,,,,,,,,
2025/11/17 20:00,0.798,10.416,,,,,,,,,,,
2025/11/17 21:00,0.744,9.847,,,,,,,,,,,
2025/11/17 22:00,0.732,9.73,,,,,,,,,,,
2025/11/17 23:00,0.717,9.578,,,,,,,,,,,
2025/11/18 0:00,0.647,8.974,,,,,,,,,,,
2025/11/18 1:00,0.86,11.271,,,,,,,,,,,
2025/11/18 2:00,0.863,11.307,,,,,,,,,,,
2025/11/18 3:00,0.853,11.158,,,,,,,,,,,
2025/11/18 4:00,0.842,10.995,,,,,,,,,,,
2025/11/18 5:00,0.816,10.641,,,,,,,,,,,
2025/11/18 6:00,0.772,10.139,,,,,,,,,,,
2025/11/18 7:00,0.639,8.911,,,,,,,,,,,
2025/11/18 8:00,0.466,7.61,,,,,,,,,,,
2025/11/18 9:00,0.441,7.426,,,,,,,,,,,
2025/11/18 10:00,0.493,7.807,,,,,,,,,,,
2025/11/18 11:00,0.55,8.225,,,,,,,,,,,
2025/11/18 12:00,0.589,8.513,,,,,,,,,,,
2025/11/18 13:00,0.594,8.557,,,,,,,,,,,
2025/11/18 14:00,0.613,8.701,,,,,,,,,,,
2025/11/18 15:00,0.639,8.908,,,,,,,,,,,
2025/11/18 16:00,0.642,8.94,,,,,,,,,,,
2025/11/18 17:00,0.68,9.242,,,,,,,,,,,
2025/11/18 18:00,0.731,9.717,,,,,,,,,,,
2025/11/18 19:00,0.782,10.249,,,,,,,,,,,
2025/11/18 20:00,0.763,10.04,,,,,,,,,,,
2025/11/18 21:00,0.731,9.712,,,,,,,,,,,
2025/11/18 22:00,0.693,9.372,,,,,,,,,,,
2025/11/18 23:00,0.674,9.194,,,,,,,,,,,
2025/11/19 0:00,0.563,8.315,,,,,,,,,,,
2025/11/19 1:00,0.254,6.001,,,,,,,,,,,
2025/11/19 2:00,0.257,6.023,,,,,,,,,,,
2025/11/19 3:00,0.381,6.997,,,,,,,,,,,
2025/11/19 4:00,0.444,7.452,,,,,,,,,,,
2025/11/19 5:00,0.496,7.826,,,,,,,,,,,
2025/11/19 6:00,0.546,8.197,,,,,,,,,,,
2025/11/19 7:00,0.657,9.062,,,,,,,,,,,
2025/11/19 8:00,0.768,10.085,,,,,,,,,,,
2025/11/19 9:00,0.827,10.792,,,,,,,,,,,
2025/11/19 10:00,0.859,11.237,,,,,,,,,,,
2025/11/19 11:00,0.865,11.343,,,,,,,,,,,
2025/11/19 12:00,0.822,10.724,,,,,,,,,,,
2025/11/19 13:00,0.803,10.48,,,,,,,,,,,
2025/11/19 14:00,0.812,10.581,,,,,,,,,,,
2025/11/19 15:00,0.813,10.597,,,,,,,,,,,
2025/11/19 16:00,0.794,10.372,,,,,,,,,,,
2025/11/19 17:00,0.772,10.132,,,,,,,,,,,
2025/11/19 18:00,0.722,9.63,,,,,,,,,,,
2025/11/19 19:00,0.657,9.056,,,,,,,,,,,
2025/11/19 20:00,0.607,8.658,,,,,,,,,,,
2025/11/19 21:00,0.568,8.355,,,,,,,,,,,
2025/11/19 22:00,0.568,8.353,,,,,,,,,,,
2025/11/19 23:00,0.546,8.197,,,,,,,,,,,
2025/11/20 0:00,0.394,7.09,,,,,,,,,,,
2025/11/20 1:00,0.463,7.589,,,,,,,,,,,
2025/11/20 2:00,0.681,9.256,,,,,,,,,,,
2025/11/20 3:00,0.709,9.506,,,,,,,,,,,
2025/11/20 4:00,0.703,9.453,,,,,,,,,,,
2025/11/20 5:00,0.703,9.455,,,,,,,,,,,
2025/11/20 6:00,0.696,9.391,,,,,,,,,,,
2025/11/20 7:00,0.61,8.678,,,,,,,,,,,
2025/11/20 8:00,0.571,8.383,,,,,,,,,,,
2025/11/20 9:00,0.671,9.168,,,,,,,,,,,
2025/11/20 10:00,0.797,10.4,,,,,,,,,,,
2025/11/20 11:00,0.826,10.769,,,,,,,,,,,
2025/11/20 12:00,0.807,10.538,,,,,,,,,,,
2025/11/20 13:00,0.778,10.192,,,,,,,,,,,
2025/11/20 14:00,0.774,10.151,,,,,,,,,,,
2025/11/20 15:00,0.759,9.995,,,,,,,,,,,
2025/11/20 16:00,0.734,9.739,,,,,,,,,,,
2025/11/20 17:00,0.713,9.545,,,,,,,,,,,
2025/11/20 18:00,0.71,9.52,,,,,,,,,,,
2025/11/20 19:00,0.715,9.566,,,,,,,,,,,
2025/11/20 20:00,0.718,9.593,,,,,,,,,,,
2025/11/20 21:00,0.737,9.778,,,,,,,,,,,
2025/11/20 22:00,0.758,9.982,,,,,,,,,,,
2025/11/20 23:00,0.744,9.83,,,,,,,,,,,
2025/11/21 0:00,0.582,8.464,,,,,,,,,,,
2025/11/21 1:00,0.315,6.492,,,,,,,,,,,
2025/11/21 2:00,0.39,7.06,,,,,,,,,,,
2025/11/21 3:00,0.334,6.646,,,,,,,,,,,
2025/11/21 4:00,0.267,6.116,,,,,,,,,,,
2025/11/21 5:00,0.199,5.507,,,,,,,,,,,
2025/11/21 6:00,0.126,4.719,,,,,,,,,,,
2025/11/21 7:00,0.056,3.642,,,,,,,,,,,
2025/11/21 8:00,0.051,3.544,,,,,,,,,,,
2025/11/21 9:00,0.109,4.501,,,,,,,,,,,
2025/11/21 10:00,0.226,5.757,,,,,,,,,,,
2025/11/21 11:00,0.342,6.705,,,,,,,,,,,
2025/11/21 12:00,0.381,6.995,,,,,,,,,,,
2025/11/21 13:00,0.414,7.232,,,,,,,,,,,
2025/11/21 14:00,0.453,7.51,,,,,,,,,,,
2025/11/21 15:00,0.485,7.746,,,,,,,,,,,
2025/11/21 16:00,0.51,7.933,,,,,,,,,,,
2025/11/21 17:00,0.514,7.96,,,,,,,,,,,
2025/11/21 18:00,0.512,7.946,,,,,,,,,,,
2025/11/21 19:00,0.519,7.99,,,,,,,,,,,
2025/11/21 20:00,0.537,8.119,,,,,,,,,,,
2025/11/21 21:00,0.589,8.509,,,,,,,,,,,
2025/11/21 22:00,0.652,9.02,,,,,,,,,,,
2025/11/21 23:00,0.691,9.35,,,,,,,,,,,
2025/11/22 0:00,0.597,8.572,,,,,,,,,,,
2025/11/22 1:00,0.382,7.001,,,,,,,,,,,
2025/11/22 2:00,0.378,6.971,,,,,,,,,,,
2025/11/22 3:00,0.617,8.735,,,,,,,,,,,
2025/11/22 4:00,0.668,9.147,,,,,,,,,,,
2025/11/22 5:00,0.662,9.104,,,,,,,,,,,
2025/11/22 6:00,0.614,8.706,,,,,,,,,,,
2025/11/22 7:00,0.63,8.838,,,,,,,,,,,
2025/11/22 8:00,0.652,9.009,,,,,,,,,,,
2025/11/22 9:00,0.652,9.012,,,,,,,,,,,
2025/11/22 10:00,0.672,9.184,,,,,,,,,,,
2025/11/22 11:00,0.714,9.559,,,,,,,,,,,
2025/11/22 12:00,0.746,9.864,,,,,,,,,,,
2025/11/22 13:00,0.765,10.055,,,,,,,,,,,
2025/11/22 14:00,0.755,9.942,,,,,,,,,,,
2025/11/22 15:00,0.726,9.665,,,,,,,,,,,
2025/11/22 16:00,0.679,9.238,,,,,,,,,,,
2025/11/22 17:00,0.657,9.058,,,,,,,,,,,
2025/11/22 18:00,0.643,8.948,,,,,,,,,,,
2025/11/22 19:00,0.608,8.663,,,,,,,,,,,
2025/11/22 20:00,0.549,8.215,,,,,,,,,,,
2025/11/22 21:00,0.491,7.794,,,,,,,,,,,
2025/11/22 22:00,0.456,7.543,,,,,,,,,,,
2025/11/22 23:00,0.438,7.404,,,,,,,,,,,
2025/11/23 0:00,0.337,6.666,,,,,,,,,,,
2025/11/23 1:00,0.15,5.003,,,,,,,,,,,
2025/11/23 2:00,0.063,3.783,,,,,,,,,,,
2025/11/23 3:00,0.041,3.306,,,,,,,,,,,
2025/11/23 4:00,0.022,2.787,,,,,,,,,,,
2025/11/23 5:00,0.014,2.449,,,,,,,,,,,
2025/11/23 6:00,0.011,2.299,,,,,,,,,,,
2025/11/23 7:00,0.013,2.443,,,,,,,,,,,
2025/11/23 8:00,0.026,2.902,,,,,,,,,,,
2025/11/23 9:00,0.041,3.308,,,,,,,,,,,
2025/11/23 10:00,0.058,3.674,,,,,,,,,,,
2025/11/23 11:00,0.101,4.374,,,,,,,,,,,
2025/11/23 12:00,0.19,5.425,,,,,,,,,,,
2025/11/23 13:00,0.307,6.433,,,,,,,,,,,
2025/11/23 14:00,0.367,6.889,,,,,,,,,,,
2025/11/23 15:00,0.391,7.07,,,,,,,,,,,
2025/11/23 16:00,0.377,6.97,,,,,,,,,,,
2025/11/23 17:00,0.35,6.762,,,,,,,,,,,
2025/11/23 18:00,0.327,6.582,,,,,,,,,,,
2025/11/23 19:00,0.297,6.356,,,,,,,,,,,
2025/11/23 20:00,0.275,6.177,,,,,,,,,,,
2025/11/23 21:00,0.273,6.162,,,,,,,,,,,
2025/11/23 22:00,0.262,6.072,,,,,,,,,,,
2025/11/23 23:00,0.3,6.377,,,,,,,,,,,
2025/11/24 0:00,0.345,6.725,,,,,,,,,,,
2025/11/24 1:00,0.437,7.397,,,,,,,,,,,
2025/11/24 2:00,0.473,7.655,,,,,,,,,,,
2025/11/24 3:00,0.528,8.061,,,,,,,,,,,
2025/11/24 4:00,0.579,8.437,,,,,,,,,,,
2025/11/24 5:00,0.647,8.975,,,,,,,,,,,
2025/11/24 6:00,0.741,9.817,,,,,,,,,,,
2025/11/24 7:00,0.823,10.731,,,,,,,,,,,
2025/11/24 8:00,0.855,11.183,,,,,,,,,,,
2025/11/24 9:00,0.847,11.066,,,,,,,,,,,
2025/11/24 10:00,0.823,10.732,,,,,,,,,,,
2025/11/24 11:00,0.81,10.572,,,,,,,,,,,
2025/11/24 12:00,0.808,10.544,,,,,,,,,,,
2025/11/24 13:00,0.768,10.083,,,,,,,,,,,
2025/11/24 14:00,0.666,9.137,,,,,,,,,,,
2025/11/24 15:00,0.528,8.061,,,,,,,,,,,
2025/11/24 16:00,0.45,7.493,,,,,,,,,,,
2025/11/24 17:00,0.396,7.1,,,,,,,,,,,
2025/11/24 18:00,0.341,6.688,,,,,,,,,,,
2025/11/24 19:00,0.297,6.347,,,,,,,,,,,
2025/11/24 20:00,0.297,6.359,,,,,,,,,,,
2025/11/24 21:00,0.284,6.245,,,,,,,,,,,
2025/11/24 22:00,0.217,5.678,,,,,,,,,,,
2025/11/24 23:00,0.147,4.971,,,,,,,,,,,
2025/11/25 0:00,0.079,4.051,,,,,,,,,,,
2025/11/25 1:00,0.047,3.451,,,,,,,,,,,
2025/11/25 2:00,0.07,3.904,,,,,,,,,,,
2025/11/25 3:00,0.173,5.244,,,,,,,,,,,
2025/11/25 4:00,0.308,6.436,,,,,,,,,,,
2025/11/25 5:00,0.406,7.18,,,,,,,,,,,
2025/11/25 6:00,0.44,7.419,,,,,,,,,,,
2025/11/25 7:00,0.431,7.35,,,,,,,,,,,
2025/11/25 8:00,0.557,8.274,,,,,,,,,,,
2025/11/25 9:00,0.671,9.168,,,,,,,,,,,
2025/11/25 10:00,0.716,9.573,,,,,,,,,,,
2025/11/25 11:00,0.718,9.591,,,,,,,,,,,
2025/11/25 12:00,0.7,9.421,,,,,,,,,,,
2025/11/25 13:00,0.705,9.472,,,,,,,,,,,
2025/11/25 14:00,0.722,9.634,,,,,,,,,,,
2025/11/25 15:00,0.755,9.953,,,,,,,,,,,
2025/11/25 16:00,0.757,9.975,,,,,,,,,,,
2025/11/25 17:00,0.747,9.877,,,,,,,,,,,
2025/11/25 18:00,0.727,9.673,,,,,,,,,,,
2025/11/25 19:00,0.687,9.311,,,,,,,,,,,
2025/11/25 20:00,0.629,8.826,,,,,,,,,,,
2025/11/25 21:00,0.574,8.397,,,,,,,,,,,
2025/11/25 22:00,0.525,8.032,,,,,,,,,,,
2025/11/25 23:00,0.458,7.559,,,,,,,,,,,
2025/11/26 0:00,0.292,6.313,,,,,,,,,,,
2025/11/26 1:00,0.199,5.509,,,,,,,,,,,
2025/11/26 2:00,0.186,5.38,,,,,,,,,,,
2025/11/26 3:00,0.113,4.558,,,,,,,,,,,
2025/11/26 4:00,0.079,4.054,,,,,,,,,,,
2025/11/26 5:00,0.069,3.878,,,,,,,,,,,
2025/11/26 6:00,0.082,4.105,,,,,,,,,,,
2025/11/26 7:00,0.15,5.007,,,,,,,,,,,
2025/11/26 8:00,0.264,6.083,,,,,,,,,,,
2025/11/26 9:00,0.315,6.495,,,,,,,,,,,
2025/11/26 10:00,0.32,6.54,,,,,,,,,,,
2025/11/26 11:00,0.344,6.711,,,,,,,,,,,
2025/11/26 12:00,0.468,7.626,,,,,,,,,,,
2025/11/26 13:00,0.665,9.124,,,,,,,,,,,
2025/11/26 14:00,0.8,10.442,,,,,,,,,,,
2025/11/26 15:00,0.842,10.99,,,,,,,,,,,
2025/11/26 16:00,0.836,10.907,,,,,,,,,,,
2025/11/26 17:00,0.798,10.427,,,,,,,,,,,
2025/11/26 18:00,0.748,9.888,,,,,,,,,,,
2025/11/26 19:00,0.676,9.219,,,,,,,,,,,
2025/11/26 20:00,0.588,8.507,,,,,,,,,,,
2025/11/26 21:00,0.559,8.282,,,,,,,,,,,
2025/11/26 22:00,0.52,8.001,,,,,,,,,,,
2025/11/26 23:00,0.45,7.496,,,,,,,,,,,
2025/11/27 0:00,0.313,6.478,,,,,,,,,,,
2025/11/27 1:00,0.476,7.688,,,,,,,,,,,
2025/11/27 2:00,0.435,7.384,,,,,,,,,,,
2025/11/27 3:00,0.394,7.084,,,,,,,,,,,
2025/11/27 4:00,0.365,6.874,,,,,,,,,,,
2025/11/27 5:00,0.315,6.494,,,,,,,,,,,
2025/11/27 6:00,0.252,5.988,,,,,,,,,,,
2025/11/27 7:00,0.173,5.254,,,,,,,,,,,
2025/11/27 8:00,0.071,3.924,,,,,,,,,,,
2025/11/27 9:00,0.056,3.65,,,,,,,,,,,
2025/11/27 10:00,0.135,4.831,,,,,,,,,,,
2025/11/27 11:00,0.275,6.172,,,,,,,,,,,
2025/11/27 12:00,0.402,7.142,,,,,,,,,,,
2025/11/27 13:00,0.465,7.599,,,,,,,,,,,
2025/11/27 14:00,0.451,7.502,,,,,,,,,,,
2025/11/27 15:00,0.429,7.343,,,,,,,,,,,
2025/11/27 16:00,0.418,7.267,,,,,,,,,,,
2025/11/27 17:00,0.388,7.05,,,,,,,,,,,
2025/11/27 18:00,0.339,6.672,,,,,,,,,,,
2025/11/27 19:00,0.287,6.277,,,,,,,,,,,
2025/11/27 20:00,0.246,5.936,,,,,,,,,,,
2025/11/27 21:00,0.243,5.905,,,,,,,,,,,
2025/11/27 22:00,0.287,6.277,,,,,,,,,,,
2025/11/27 23:00,0.336,6.661,,,,,,,,,,,
2025/11/28 0:00,0.28,6.217,,,,,,,,,,,
2025/11/28 1:00,0.128,4.746,,,,,,,,,,,
2025/11/28 2:00,0.211,5.625,,,,,,,,,,,
2025/11/28 3:00,0.41,7.211,,,,,,,,,,,
2025/11/28 4:00,0.495,7.82,,,,,,,,,,,
2025/11/28 5:00,0.534,8.1,,,,,,,,,,,
2025/11/28 6:00,0.488,7.766,,,,,,,,,,,
2025/11/28 7:00,0.485,7.741,,,,,,,,,,,
2025/11/28 8:00,0.634,8.874,,,,,,,,,,,
2025/11/28 9:00,0.745,9.851,,,,,,,,,,,
2025/11/28 10:00,0.768,10.09,,,,,,,,,,,
2025/11/28 11:00,0.753,9.924,,,,,,,,,,,
2025/11/28 12:00,0.731,9.716,,,,,,,,,,,
2025/11/28 13:00,0.72,9.617,,,,,,,,,,,
2025/11/28 14:00,0.737,9.777,,,,,,,,,,,
2025/11/28 15:00,0.777,10.184,,,,,,,,,,,
2025/11/28 16:00,0.795,10.391,,,,,,,,,,,
2025/11/28 17:00,0.793,10.362,,,,,,,,,,,
2025/11/28 18:00,0.794,10.382,,,,,,,,,,,
2025/11/28 19:00,0.805,10.509,,,,,,,,,,,
2025/11/28 20:00,0.804,10.492,,,,,,,,,,,
2025/11/28 21:00,0.784,10.26,,,,,,,,,,,
2025/11/28 22:00,0.751,9.905,,,,,,,,,,,
2025/11/28 23:00,0.704,9.466,,,,,,,,,,,
2025/11/29 0:00,0.592,8.539,,,,,,,,,,,
2025/11/29 1:00,0.598,8.584,,,,,,,,,,,
2025/11/29 2:00,0.9,11.996,,,,,,,,,,,
2025/11/29 3:00,0.947,13.233,,,,,,,,,,,
2025/11/29 4:00,0.95,13.362,,,,,,,,,,,
2025/11/29 5:00,0.931,12.753,,,,,,,,,,,
2025/11/29 6:00,0.876,11.54,,,,,,,,,,,
2025/11/29 7:00,0.756,9.97,,,,,,,,,,,
2025/11/29 8:00,0.652,9.019,,,,,,,,,,,
2025/11/29 9:00,0.549,8.215,,,,,,,,,,,
2025/11/29 10:00,0.375,6.949,,,,,,,,,,,
2025/11/29 11:00,0.211,5.62,,,,,,,,,,,
2025/11/29 12:00,0.142,4.909,,,,,,,,,,,
2025/11/29 13:00,0.097,4.324,,,,,,,,,,,
2025/11/29 14:00,0.056,3.632,,,,,,,,,,,
2025/11/29 15:00,0.046,3.429,,,,,,,,,,,
2025/11/29 16:00,0.042,3.348,,,,,,,,,,,
2025/11/29 17:00,0.038,3.252,,,,,,,,,,,
2025/11/29 18:00,0.053,3.575,,,,,,,,,,,
2025/11/29 19:00,0.096,4.323,,,,,,,,,,,
2025/11/29 20:00,0.151,5.011,,,,,,,,,,,
2025/11/29 21:00,0.157,5.078,,,,,,,,,,,
2025/11/29 22:00,0.142,4.904,,,,,,,,,,,
2025/11/29 23:00,0.13,4.767,,,,,,,,,,,
2025/11/30 0:00,0.071,3.916,,,,,,,,,,,
2025/11/30 1:00,0.028,2.97,,,,,,,,,,,
2025/11/30 2:00,0.123,4.678,,,,,,,,,,,
2025/11/30 3:00,0.421,7.281,,,,,,,,,,,
2025/11/30 4:00,0.663,9.106,,,,,,,,,,,
2025/11/30 5:00,0.739,9.795,,,,,,,,,,,
2025/11/30 6:00,0.704,9.465,,,,,,,,,,,
2025/11/30 7:00,0.641,8.93,,,,,,,,,,,
2025/11/30 8:00,0.433,7.367,,,,,,,,,,,
2025/11/30 9:00,0.237,5.854,,,,,,,,,,,
2025/11/30 10:00,0.155,5.049,,,,,,,,,,,
2025/11/30 11:00,0.167,5.183,,,,,,,,,,,
2025/11/30 12:00,0.237,5.854,,,,,,,,,,,
2025/11/30 13:00,0.301,6.387,,,,,,,,,,,
2025/11/30 14:00,0.394,7.086,,,,,,,,,,,
2025/11/30 15:00,0.524,8.025,,,,,,,,,,,
2025/11/30 16:00,0.704,9.465,,,,,,,,,,,
2025/11/30 17:00,0.855,11.185,,,,,,,,,,,
2025/11/30 18:00,0.87,11.436,,,,,,,,,,,
2025/11/30 19:00,0.816,10.642,,,,,,,,,,,
2025/11/30 20:00,0.774,10.148,,,,,,,,,,,
2025/11/30 21:00,0.736,9.762,,,,,,,,,,,
2025/11/30 22:00,0.698,9.413,,,,,,,,,,,
2025/11/30 23:00,0.683,9.278,,,,,,,,,,,
2025/12/1 0:00,0.738,9.782,,,,,,,,,,,
2025/12/1 1:00,0.854,11.167,,,,,,,,,,,
2025/12/1 2:00,0.853,11.149,,,,,,,,,,,
2025/12/1 3:00,0.859,11.24,,,,,,,,,,,
2025/12/1 4:00,0.876,11.538,,,,,,,,,,,
2025/12/1 5:00,0.89,11.797,,,,,,,,,,,
2025/12/1 6:00,0.901,12.002,,,,,,,,,,,
2025/12/1 7:00,0.905,12.109,,,,,,,,,,,
2025/12/1 8:00,0.893,11.844,,,,,,,,,,,
2025/12/1 9:00,0.856,11.212,,,,,,,,,,,
2025/12/1 10:00,0.824,10.739,,,,,,,,,,,
2025/12/1 11:00,0.788,10.316,,,,,,,,,,,
2025/12/1 12:00,0.758,9.984,,,,,,,,,,,
2025/12/1 13:00,0.738,9.782,,,,,,,,,,,
2025/12/1 14:00,0.745,9.851,,,,,,,,,,,
2025/12/1 15:00,0.782,10.248,,,,,,,,,,,
2025/12/1 16:00,0.802,10.47,,,,,,,,,,,
2025/12/1 17:00,0.77,10.108,,,,,,,,,,,
2025/12/1 18:00,0.734,9.751,,,,,,,,,,,
2025/12/1 19:00,0.74,9.802,,,,,,,,,,,
2025/12/1 20:00,0.704,9.46,,,,,,,,,,,
2025/12/1 21:00,0.612,8.696,,,,,,,,,,,
2025/12/1 22:00,0.526,8.043,,,,,,,,,,,
2025/12/1 23:00,0.46,7.57,,,,,,,,,,,
2025/12/2 0:00,0.438,7.402,,,,,,,,,,,
2025/12/2 1:00,0.705,9.477,,,,,,,,,,,
2025/12/2 2:00,0.762,10.023,,,,,,,,,,,
2025/12/2 3:00,0.776,10.178,,,,,,,,,,,
2025/12/2 4:00,0.815,10.634,,,,,,,,,,,
2025/12/2 5:00,0.866,11.348,,,,,,,,,,,
2025/12/2 6:00,0.902,12.027,,,,,,,,,,,
2025/12/2 7:00,0.915,12.325,,,,,,,,,,,
2025/12/2 8:00,0.897,11.924,,,,,,,,,,,
2025/12/2 9:00,0.837,10.929,,,,,,,,,,,
2025/12/2 10:00,0.772,10.139,,,,,,,,,,,
2025/12/2 11:00,0.739,9.796,,,,,,,,,,,
2025/12/2 12:00,0.748,9.883,,,,,,,,,,,
2025/12/2 13:00,0.777,10.186,,,,,,,,,,,
2025/12/2 14:00,0.809,10.561,,,,,,,,,,,
2025/12/2 15:00,0.842,10.993,,,,,,,,,,,
2025/12/2 16:00,0.869,11.419,,,,,,,,,,,
2025/12/2 17:00,0.878,11.569,,,,,,,,,,,
2025/12/2 18:00,0.869,11.403,,,,,,,,,,,
2025/12/2 19:00,0.853,11.16,,,,,,,,,,,
2025/12/2 20:00,0.85,11.107,,,,,,,,,,,
2025/12/2 21:00,0.853,11.158,,,,,,,,,,,
2025/12/2 22:00,0.853,11.154,,,,,,,,,,,
2025/12/2 23:00,0.82,10.697,,,,,,,,,,,
2025/12/3 0:00,0.776,10.17,,,,,,,,,,,
2025/12/3 1:00,0.886,11.724,,,,,,,,,,,
2025/12/3 2:00,0.927,12.639,,,,,,,,,,,
2025/12/3 3:00,0.907,12.143,,,,,,,,,,,
2025/12/3 4:00,0.846,11.049,,,,,,,,,,,
2025/12/3 5:00,0.737,9.777,,,,,,,,,,,
2025/12/3 6:00,0.59,8.524,,,,,,,,,,,
2025/12/3 7:00,0.387,7.037,,,,,,,,,,,
2025/12/3 8:00,0.195,5.457,,,,,,,,,,,
2025/12/3 9:00,0.097,4.335,,,,,,,,,,,
2025/12/3 10:00,0.044,3.378,,,,,,,,,,,
2025/12/3 11:00,0.062,3.749,,,,,,,,,,,
2025/12/3 12:00,0.157,5.083,,,,,,,,,,,
2025/12/3 13:00,0.269,6.131,,,,,,,,,,,
2025/12/3 14:00,0.337,6.664,,,,,,,,,,,
2025/12/3 15:00,0.375,6.949,,,,,,,,,,,
2025/12/3 16:00,0.352,6.784,,,,,,,,,,,
2025/12/3 17:00,0.373,6.933,,,,,,,,,,,
2025/12/3 18:00,0.578,8.434,,,,,,,,,,,
2025/12/3 19:00,0.684,9.286,,,,,,,,,,,
2025/12/3 20:00,0.715,9.568,,,,,,,,,,,
2025/12/3 21:00,0.714,9.558,,,,,,,,,,,
2025/12/3 22:00,0.684,9.285,,,,,,,,,,,
2025/12/3 23:00,0.652,9.013,,,,,,,,,,,
2025/12/4 0:00,0.565,8.334,,,,,,,,,,,
2025/12/4 1:00,0.851,11.125,,,,,,,,,,,
2025/12/4 2:00,0.923,12.536,,,,,,,,,,,
2025/12/4 3:00,0.945,13.184,,,,,,,,,,,
2025/12/4 4:00,0.949,13.319,,,,,,,,,,,
2025/12/4 5:00,0.945,13.195,,,,,,,,,,,
2025/12/4 6:00,0.934,12.831,,,,,,,,,,,
2025/12/4 7:00,0.889,11.774,,,,,,,,,,,
2025/12/4 8:00,0.815,10.63,,,,,,,,,,,
2025/12/4 9:00,0.77,10.112,,,,,,,,,,,
2025/12/4 10:00,0.758,9.985,,,,,,,,,,,
2025/12/4 11:00,0.702,9.441,,,,,,,,,,,
2025/12/4 12:00,0.615,8.721,,,,,,,,,,,
2025/12/4 13:00,0.587,8.496,,,,,,,,,,,
2025/12/4 14:00,0.582,8.469,,,,,,,,,,,
2025/12/4 15:00,0.565,8.34,,,,,,,,,,,
2025/12/4 16:00,0.566,8.343,,,,,,,,,,,
2025/12/4 17:00,0.565,8.333,,,,,,,,,,,
2025/12/4 18:00,0.561,8.31,,,,,,,,,,,
2025/12/4 19:00,0.566,8.344,,,,,,,,,,,
2025/12/4 20:00,0.577,8.428,,,,,,,,,,,
2025/12/4 21:00,0.615,8.721,,,,,,,,,,,
2025/12/4 22:00,0.662,9.101,,,,,,,,,,,
2025/12/4 23:00,0.697,9.395,,,,,,,,,,,
2025/12/5 0:00,0.641,8.917,,,,,,,,,,,
2025/12/5 1:00,0.453,7.52,,,,,,,,,,,
2025/12/5 2:00,0.438,7.403,,,,,,,,,,,
2025/12/5 3:00,0.713,9.548,,,,,,,,,,,
2025/12/5 4:00,0.87,11.431,,,,,,,,,,,
2025/12/5 5:00,0.899,11.981,,,,,,,,,,,
2025/12/5 6:00,0.893,11.861,,,,,,,,,,,
2025/12/5 7:00,0.871,11.441,,,,,,,,,,,
2025/12/5 8:00,0.871,11.445,,,,,,,,,,,
2025/12/5 9:00,0.875,11.507,,,,,,,,,,,
2025/12/5 10:00,0.87,11.428,,,,,,,,,,,
2025/12/5 11:00,0.882,11.634,,,,,,,,,,,
2025/12/5 12:00,0.893,11.852,,,,,,,,,,,
2025/12/5 13:00,0.892,11.838,,,,,,,,,,,
2025/12/5 14:00,0.883,11.648,,,,,,,,,,,
2025/12/5 15:00,0.856,11.209,,,,,,,,,,,
2025/12/5 16:00,0.815,10.627,,,,,,,,,,,
2025/12/5 17:00,0.746,9.869,,,,,,,,,,,
2025/12/5 18:00,0.707,9.485,,,,,,,,,,,
2025/12/5 19:00,0.671,9.176,,,,,,,,,,,
2025/12/5 20:00,0.622,8.774,,,,,,,,,,,
2025/12/5 21:00,0.595,8.563,,,,,,,,,,,
2025/12/5 22:00,0.57,8.371,,,,,,,,,,,
2025/12/5 23:00,0.512,7.944,,,,,,,,,,,
2025/12/6 0:00,0.396,7.101,,,,,,,,,,,
2025/12/6 1:00,0.25,5.963,,,,,,,,,,,
2025/12/6 2:00,0.35,6.753,,,,,,,,,,,
2025/12/6 3:00,0.476,7.683,,,,,,,,,,,
2025/12/6 4:00,0.551,8.23,,,,,,,,,,,
2025/12/6 5:00,0.607,8.656,,,,,,,,,,,
2025/12/6 6:00,0.572,8.39,,,,,,,,,,,
2025/12/6 7:00,0.47,7.637,,,,,,,,,,,
2025/12/6 8:00,0.438,7.406,,,,,,,,,,,
2025/12/6 9:00,0.365,6.877,,,,,,,,,,,
2025/12/6 10:00,0.29,6.3,,,,,,,,,,,
2025/12/6 11:00,0.221,5.701,,,,,,,,,,,
2025/12/6 12:00,0.229,5.777,,,,,,,,,,,
2025/12/6 13:00,0.356,6.812,,,,,,,,,,,
2025/12/6 14:00,0.541,8.158,,,,,,,,,,,
2025/12/6 15:00,0.649,8.985,,,,,,,,,,,
2025/12/6 16:00,0.691,9.351,,,,,,,,,,,
2025/12/6 17:00,0.764,10.052,,,,,,,,,,,
2025/12/6 18:00,0.729,9.697,,,,,,,,,,,
2025/12/6 19:00,0.745,9.856,,,,,,,,,,,
2025/12/6 20:00,0.707,9.485,,,,,,,,,,,
2025/12/6 21:00,0.676,9.223,,,,,,,,,,,
2025/12/6 22:00,0.699,9.417,,,,,,,,,,,
2025/12/6 23:00,0.767,10.074,,,,,,,,,,,
2025/12/7 0:00,0.738,9.787,,,,,,,,,,,
2025/12/7 1:00,0.693,9.366,,,,,,,,,,,
2025/12/7 2:00,0.947,13.238,,,,,,,,,,,
2025/12/7 3:00,0.97,14.246,,,,,,,,,,,
2025/12/7 4:00,0.959,13.699,,,,,,,,,,,
2025/12/7 5:00,0.939,12.975,,,,,,,,,,,
2025/12/7 6:00,0.908,12.152,,,,,,,,,,,
2025/12/7 7:00,0.845,11.039,,,,,,,,,,,
2025/12/7 8:00,0.731,9.716,,,,,,,,,,,
2025/12/7 9:00,0.739,9.793,,,,,,,,,,,
2025/12/7 10:00,0.774,10.157,,,,,,,,,,,
2025/12/7 11:00,0.798,10.422,,,,,,,,,,,
2025/12/7 12:00,0.739,9.793,,,,,,,,,,,
2025/12/7 13:00,0.7,9.429,,,,,,,,,,,
2025/12/7 14:00,0.641,8.928,,,,,,,,,,,
2025/12/7 15:00,0.577,8.421,,,,,,,,,,,
2025/12/7 16:00,0.521,8.006,,,,,,,,,,,
2025/12/7 17:00,0.497,7.831,,,,,,,,,,,
2025/12/7 18:00,0.478,7.697,,,,,,,,,,,
2025/12/7 19:00,0.46,7.569,,,,,,,,,,,
2025/12/7 20:00,0.433,7.368,,,,,,,,,,,
2025/12/7 21:00,0.418,7.269,,,,,,,,,,,
2025/12/7 22:00,0.439,7.415,,,,,,,,,,,
2025/12/7 23:00,0.493,7.806,,,,,,,,,,,
2025/12/8 0:00,0.424,7.312,,,,,,,,,,,
2025/12/8 1:00,0.253,5.993,,,,,,,,,,,
2025/12/8 2:00,0.292,6.316,,,,,,,,,,,
2025/12/8 3:00,0.299,6.367,,,,,,,,,,,
2025/12/8 4:00,0.316,6.509,,,,,,,,,,,
2025/12/8 5:00,0.381,6.993,,,,,,,,,,,
2025/12/8 6:00,0.438,7.409,,,,,,,,,,,
2025/12/8 7:00,0.421,7.279,,,,,,,,,,,
2025/12/8 8:00,0.493,7.808,,,,,,,,,,,
2025/12/8 9:00,0.626,8.797,,,,,,,,,,,
2025/12/8 10:00,0.725,9.661,,,,,,,,,,,
2025/12/8 11:00,0.773,10.141,,,,,,,,,,,
2025/12/8 12:00,0.785,10.276,,,,,,,,,,,
2025/12/8 13:00,0.768,10.089,,,,,,,,,,,
2025/12/8 14:00,0.712,9.542,,,,,,,,,,,
2025/12/8 15:00,0.659,9.079,,,,,,,,,,,
2025/12/8 16:00,0.616,8.726,,,,,,,,,,,
2025/12/8 17:00,0.565,8.329,,,,,,,,,,,
2025/12/8 18:00,0.512,7.944,,,,,,,,,,,
2025/12/8 19:00,0.468,7.625,,,,,,,,,,,
2025/12/8 20:00,0.429,7.344,,,,,,,,,,,
2025/12/8 21:00,0.371,6.917,,,,,,,,,,,
2025/12/8 22:00,0.274,6.168,,,,,,,,,,,
2025/12/8 23:00,0.161,5.122,,,,,,,,,,,
2025/12/9 0:00,0.053,3.581,,,,,,,,,,,
2025/12/9 1:00,0.005,1.97,,,,,,,,,,,
2025/12/9 2:00,0.001,1.304,,,,,,,,,,,
2025/12/9 3:00,0.01,2.247,,,,,,,,,,,
2025/12/9 4:00,0.062,3.765,,,,,,,,,,,
2025/12/9 5:00,0.132,4.784,,,,,,,,,,,
2025/12/9 6:00,0.167,5.19,,,,,,,,,,,
2025/12/9 7:00,0.243,5.911,,,,,,,,,,,
2025/12/9 8:00,0.438,7.41,,,,,,,,,,,
2025/12/9 9:00,0.58,8.447,,,,,,,,,,,
2025/12/9 10:00,0.619,8.751,,,,,,,,,,,
2025/12/9 11:00,0.639,8.908,,,,,,,,,,,
2025/12/9 12:00,0.607,8.654,,,,,,,,,,,
2025/12/9 13:00,0.55,8.224,,,,,,,,,,,
2025/12/9 14:00,0.463,7.585,,,,,,,,,,,
2025/12/9 15:00,0.399,7.126,,,,,,,,,,,
2025/12/9 16:00,0.365,6.873,,,,,,,,,,,
2025/12/9 17:00,0.339,6.681,,,,,,,,,,,
2025/12/9 18:00,0.333,6.639,,,,,,,,,,,
2025/12/9 19:00,0.34,6.684,,,,,,,,,,,
2025/12/9 20:00,0.365,6.872,,,,,,,,,,,
2025/12/9 21:00,0.38,6.985,,,,,,,,,,,
2025/12/9 22:00,0.33,6.611,,,,,,,,,,,
2025/12/9 23:00,0.274,6.167,,,,,,,,,,,
2025/12/10 0:00,0.22,5.696,,,,,,,,,,,
2025/12/10 1:00,0.203,5.533,,,,,,,,,,,
2025/12/10 2:00,0.157,5.071,,,,,,,,,,,
2025/12/10 3:00,0.14,4.891,,,,,,,,,,,
2025/12/10 4:00,0.157,5.082,,,,,,,,,,,
2025/12/10 5:00,0.182,5.34,,,,,,,,,,,
2025/12/10 6:00,0.219,5.695,,,,,,,,,,,
2025/12/10 7:00,0.252,5.985,,,,,,,,,,,
2025/12/10 8:00,0.307,6.434,,,,,,,,,,,
2025/12/10 9:00,0.369,6.906,,,,,,,,,,,
2025/12/10 10:00,0.384,7.009,,,,,,,,,,,
2025/12/10 11:00,0.332,6.628,,,,,,,,,,,
2025/12/10 12:00,0.252,5.985,,,,,,,,,,,
2025/12/10 13:00,0.253,5.995,,,,,,,,,,,
2025/12/10 14:00,0.396,7.105,,,,,,,,,,,
2025/12/10 15:00,0.586,8.488,,,,,,,,,,,
2025/12/10 16:00,0.701,9.433,,,,,,,,,,,
2025/12/10 17:00,0.693,9.369,,,,,,,,,,,
2025/12/10 18:00,0.659,9.072,,,,,,,,,,,
2025/12/10 19:00,0.665,9.123,,,,,,,,,,,
2025/12/10 20:00,0.698,9.409,,,,,,,,,,,
2025/12/10 21:00,0.691,9.35,,,,,,,,,,,
2025/12/10 22:00,0.666,9.133,,,,,,,,,,,
2025/12/10 23:00,0.63,8.841,,,,,,,,,,,
2025/12/11 0:00,0.681,9.257,,,,,,,,,,,
2025/12/11 1:00,0.837,10.931,,,,,,,,,,,
2025/12/11 2:00,0.819,10.681,,,,,,,,,,,
2025/12/11 3:00,0.743,9.829,,,,,,,,,,,
2025/12/11 4:00,0.615,8.721,,,,,,,,,,,
2025/12/11 5:00,0.492,7.804,,,,,,,,,,,
2025/12/11 6:00,0.423,7.304,,,,,,,,,,,
2025/12/11 7:00,0.372,6.922,,,,,,,,,,,
2025/12/11 8:00,0.261,6.065,,,,,,,,,,,
2025/12/11 9:00,0.222,5.724,,,,,,,,,,,
2025/12/11 10:00,0.169,5.2,,,,,,,,,,,
2025/12/11 11:00,0.115,4.575,,,,,,,,,,,
2025/12/11 12:00,0.075,3.984,,,,,,,,,,,
2025/12/11 13:00,0.041,3.315,,,,,,,,,,,
2025/12/11 14:00,0.021,2.748,,,,,,,,,,,
2025/12/11 15:00,0.024,2.857,,,,,,,,,,,
2025/12/11 16:00,0.026,2.898,,,,,,,,,,,
2025/12/11 17:00,0.027,2.938,,,,,,,,,,,
2025/12/11 18:00,0.02,2.719,,,,,,,,,,,
2025/12/11 19:00,0.014,2.477,,,,,,,,,,,
2025/12/11 20:00,0.008,2.166,,,,,,,,,,,
2025/12/11 21:00,0.009,2.197,,,,,,,,,,,
2025/12/11 22:00,0.029,3.001,,,,,,,,,,,
2025/12/11 23:00,0.057,3.658,,,,,,,,,,,
2025/12/12 0:00,0.098,4.341,,,,,,,,,,,
2025/12/12 1:00,0.083,4.112,,,,,,,,,,,
2025/12/12 2:00,0.103,4.418,,,,,,,,,,,
2025/12/12 3:00,0.171,5.231,,,,,,,,,,,
2025/12/12 4:00,0.244,5.918,,,,,,,,,,,
2025/12/12 5:00,0.279,6.207,,,,,,,,,,,
2025/12/12 6:00,0.251,5.97,,,,,,,,,,,
2025/12/12 7:00,0.235,5.842,,,,,,,,,,,
2025/12/12 8:00,0.297,6.357,,,,,,,,,,,
2025/12/12 9:00,0.323,6.563,,,,,,,,,,,
2025/12/12 10:00,0.286,6.261,,,,,,,,,,,
2025/12/12 11:00,0.252,5.988,,,,,,,,,,,
2025/12/12 12:00,0.245,5.925,,,,,,,,,,,
2025/12/12 13:00,0.194,5.452,,,,,,,,,,,
2025/12/12 14:00,0.166,5.177,,,,,,,,,,,
2025/12/12 15:00,0.215,5.659,,,,,,,,,,,
2025/12/12 16:00,0.277,6.19,,,,,,,,,,,
2025/12/12 17:00,0.291,6.306,,,,,,,,,,,
2025/12/12 18:00,0.268,6.12,,,,,,,,,,,
2025/12/12 19:00,0.233,5.825,,,,,,,,,,,
2025/12/12 20:00,0.203,5.535,,,,,,,,,,,
2025/12/12 21:00,0.176,5.277,,,,,,,,,,,
2025/12/12 22:00,0.171,5.226,,,,,,,,,,,
2025/12/12 23:00,0.208,5.591,,,,,,,,,,,
2025/12/13 0:00,0.278,6.2,,,,,,,,,,,
2025/12/13 1:00,0.561,8.298,,,,,,,,,,,
2025/12/13 2:00,0.775,10.164,,,,,,,,,,,
2025/12/13 3:00,0.781,10.228,,,,,,,,,,,
2025/12/13 4:00,0.739,9.798,,,,,,,,,,,
2025/12/13 5:00,0.682,9.272,,,,,,,,,,,
2025/12/13 6:00,0.631,8.851,,,,,,,,,,,
2025/12/13 7:00,0.544,8.174,,,,,,,,,,,
2025/12/13 8:00,0.421,7.284,,,,,,,,,,,
2025/12/13 9:00,0.431,7.355,,,,,,,,,,,
2025/12/13 10:00,0.475,7.671,,,,,,,,,,,
2025/12/13 11:00,0.496,7.825,,,,,,,,,,,
2025/12/13 12:00,0.485,7.751,,,,,,,,,,,
2025/12/13 13:00,0.428,7.34,,,,,,,,,,,
2025/12/13 14:00,0.365,6.875,,,,,,,,,,,
2025/12/13 15:00,0.347,6.731,,,,,,,,,,,
2025/12/13 16:00,0.354,6.794,,,,,,,,,,,
2025/12/13 17:00,0.37,6.913,,,,,,,,,,,
2025/12/13 18:00,0.384,7.021,,,,,,,,,,,
2025/12/13 19:00,0.411,7.215,,,,,,,,,,,
2025/12/13 20:00,0.448,7.483,,,,,,,,,,,
2025/12/13 21:00,0.441,7.425,,,,,,,,,,,
2025/12/13 22:00,0.42,7.275,,,,,,,,,,,
2025/12/13 23:00,0.377,6.96,,,,,,,,,,,
2025/12/14 0:00,0.271,6.15,,,,,,,,,,,
2025/12/14 1:00,0.129,4.751,,,,,,,,,,,
2025/12/14 2:00,0.114,4.563,,,,,,,,,,,
2025/12/14 3:00,0.124,4.693,,,,,,,,,,,
2025/12/14 4:00,0.112,4.536,,,,,,,,,,,
2025/12/14 5:00,0.114,4.569,,,,,,,,,,,
2025/12/14 6:00,0.117,4.601,,,,,,,,,,,
2025/12/14 7:00,0.075,3.988,,,,,,,,,,,
2025/12/14 8:00,0.066,3.83,,,,,,,,,,,
2025/12/14 9:00,0.114,4.559,,,,,,,,,,,
2025/12/14 10:00,0.202,5.53,,,,,,,,,,,
2025/12/14 11:00,0.312,6.474,,,,,,,,,,,
2025/12/14 12:00,0.441,7.427,,,,,,,,,,,
2025/12/14 13:00,0.539,8.143,,,,,,,,,,,
2025/12/14 14:00,0.583,8.472,,,,,,,,,,,
2025/12/14 15:00,0.595,8.562,,,,,,,,,,,
2025/12/14 16:00,0.561,8.297,,,,,,,,,,,
2025/12/14 17:00,0.475,7.68,,,,,,,,,,,
2025/12/14 18:00,0.378,6.972,,,,,,,,,,,
2025/12/14 19:00,0.264,6.084,,,,,,,,,,,
2025/12/14 20:00,0.181,5.332,,,,,,,,,,,
2025/12/14 21:00,0.154,5.04,,,,,,,,,,,
2025/12/14 22:00,0.148,4.981,,,,,,,,,,,
2025/12/14 23:00,0.155,5.045,,,,,,,,,,,
2025/12/15 0:00,0.157,5.074,,,,,,,,,,,
2025/12/15 1:00,0.079,4.057,,,,,,,,,,,
2025/12/15 2:00,0.011,2.311,,,,,,,,,,,
2025/12/15 3:00,0.005,1.893,,,,,,,,,,,
2025/12/15 4:00,0.006,2.018,,,,,,,,,,,
2025/12/15 5:00,0.008,2.175,,,,,,,,,,,
2025/12/15 6:00,0.011,2.325,,,,,,,,,,,
2025/12/15 7:00,0.031,3.05,,,,,,,,,,,
2025/12/15 8:00,0.089,4.209,,,,,,,,,,,
2025/12/15 9:00,0.123,4.68,,,,,,,,,,,
2025/12/15 10:00,0.122,4.667,,,,,,,,,,,
2025/12/15 11:00,0.113,4.537,,,,,,,,,,,
2025/12/15 12:00,0.12,4.639,,,,,,,,,,,
2025/12/15 13:00,0.178,5.287,,,,,,,,,,,
2025/12/15 14:00,0.295,6.33,,,,,,,,,,,
2025/12/15 15:00,0.403,7.154,,,,,,,,,,,
2025/12/15 16:00,0.442,7.436,,,,,,,,,,,
2025/12/15 17:00,0.421,7.284,,,,,,,,,,,
2025/12/15 18:00,0.381,6.992,,,,,,,,,,,
2025/12/15 19:00,0.36,6.831,,,,,,,,,,,
2025/12/15 20:00,0.356,6.811,,,,,,,,,,,
2025/12/15 21:00,0.34,6.684,,,,,,,,,,,
2025/12/15 22:00,0.301,6.388,,,,,,,,,,,
2025/12/15 23:00,0.259,6.042,,,,,,,,,,,
2025/12/16 0:00,0.244,5.916,,,,,,,,,,,
2025/12/16 1:00,0.213,5.639,,,,,,,,,,,
2025/12/16 2:00,0.172,5.242,,,,,,,,,,,
2025/12/16 3:00,0.13,4.762,,,,,,,,,,,
2025/12/16 4:00,0.091,4.25,,,,,,,,,,,
2025/12/16 5:00,0.055,3.612,,,,,,,,,,,
2025/12/16 6:00,0.028,2.963,,,,,,,,,,,
2025/12/16 7:00,0.019,2.663,,,,,,,,,,,
2025/12/16 8:00,0.024,2.862,,,,,,,,,,,
2025/12/16 9:00,0.038,3.252,,,,,,,,,,,
2025/12/16 10:00,0.027,2.946,,,,,,,,,,,
2025/12/16 11:00,0.011,2.329,,,,,,,,,,,
2025/12/16 12:00,0.005,1.946,,,,,,,,,,,
2025/12/16 13:00,0.021,2.732,,,,,,,,,,,
2025/12/16 14:00,0.076,4,,,,,,,,,,,
2025/12/16 15:00,0.208,5.582,,,,,,,,,,,
2025/12/16 16:00,0.416,7.246,,,,,,,,,,,
2025/12/16 17:00,0.592,8.54,,,,,,,,,,,
2025/12/16 18:00,0.674,9.197,,,,,,,,,,,
2025/12/16 19:00,0.674,9.191,,,,,,,,,,,
2025/12/16 20:00,0.628,8.822,,,,,,,,,,,
2025/12/16 21:00,0.58,8.446,,,,,,,,,,,
2025/12/16 22:00,0.542,8.165,,,,,,,,,,,
2025/12/16 23:00,0.491,7.791,,,,,,,,,,,
2025/12/17 0:00,0.349,6.75,,,,,,,,,,,
2025/12/17 1:00,0.134,4.804,,,,,,,,,,,
2025/12/17 2:00,0.082,4.108,,,,,,,,,,,
2025/12/17 3:00,0.053,3.58,,,,,,,,,,,
2025/12/17 4:00,0.03,3.019,,,,,,,,,,,
2025/12/17 5:00,0.024,2.851,,,,,,,,,,,
2025/12/17 6:00,0.028,2.954,,,,,,,,,,,
2025/12/17 7:00,0.046,3.422,,,,,,,,,,,
2025/12/17 8:00,0.146,4.961,,,,,,,,,,,
2025/12/17 9:00,0.369,6.91,,,,,,,,,,,
2025/12/17 10:00,0.594,8.556,,,,,,,,,,,
2025/12/17 11:00,0.707,9.486,,,,,,,,,,,
2025/12/17 12:00,0.747,9.879,,,,,,,,,,,
2025/12/17 13:00,0.771,10.126,,,,,,,,,,,
2025/12/17 14:00,0.771,10.123,,,,,,,,,,,
2025/12/17 15:00,0.778,10.188,,,,,,,,,,,
2025/12/17 16:00,0.776,10.169,,,,,,,,,,,
2025/12/17 17:00,0.753,9.921,,,,,,,,,,,
2025/12/17 18:00,0.712,9.542,,,,,,,,,,,
2025/12/17 19:00,0.655,9.043,,,,,,,,,,,
2025/12/17 20:00,0.581,8.46,,,,,,,,,,,
2025/12/17 21:00,0.534,8.1,,,,,,,,,,,
2025/12/17 22:00,0.51,7.923,,,,,,,,,,,
2025/12/17 23:00,0.491,7.794,,,,,,,,,,,
2025/12/18 0:00,0.405,7.166,,,,,,,,,,,
2025/12/18 1:00,0.269,6.126,,,,,,,,,,,
2025/12/18 2:00,0.236,5.85,,,,,,,,,,,
2025/12/18 3:00,0.437,7.396,,,,,,,,,,,
2025/12/18 4:00,0.553,8.247,,,,,,,,,,,
2025/12/18 5:00,0.644,8.954,,,,,,,,,,,
2025/12/18 6:00,0.664,9.116,,,,,,,,,,,
2025/12/18 7:00,0.706,9.483,,,,,,,,,,,
2025/12/18 8:00,0.79,10.327,,,,,,,,,,,
2025/12/18 9:00,0.825,10.754,,,,,,,,,,,
2025/12/18 10:00,0.854,11.175,,,,,,,,,,,
2025/12/18 11:00,0.878,11.566,,,,,,,,,,,
2025/12/18 12:00,0.9,11.988,,,,,,,,,,,
2025/12/18 13:00,0.913,12.284,,,,,,,,,,,
2025/12/18 14:00,0.918,12.412,,,,,,,,,,,
2025/12/18 15:00,0.932,12.783,,,,,,,,,,,
2025/12/18 16:00,0.926,12.603,,,,,,,,,,,
2025/12/18 17:00,0.902,12.029,,,,,,,,,,,
2025/12/18 18:00,0.867,11.386,,,,,,,,,,,
2025/12/18 19:00,0.846,11.055,,,,,,,,,,,
2025/12/18 20:00,0.811,10.577,,,,,,,,,,,
2025/12/18 21:00,0.76,10.003,,,,,,,,,,,
2025/12/18 22:00,0.731,9.713,,,,,,,,,,,
2025/12/18 23:00,0.691,9.347,,,,,,,,,,,
2025/12/19 0:00,0.62,8.755,,,,,,,,,,,
2025/12/19 1:00,0.488,7.771,,,,,,,,,,,
2025/12/19 2:00,0.764,10.044,,,,,,,,,,,
2025/12/19 3:00,0.943,13.11,,,,,,,,,,,
2025/12/19 4:00,0.94,13.029,,,,,,,,,,,
2025/12/19 5:00,0.911,12.24,,,,,,,,,,,
2025/12/19 6:00,0.866,11.353,,,,,,,,,,,
2025/12/19 7:00,0.807,10.534,,,,,,,,,,,
2025/12/19 8:00,0.78,10.224,,,,,,,,,,,
2025/12/19 9:00,0.769,10.097,,,,,,,,,,,
2025/12/19 10:00,0.746,9.863,,,,,,,,,,,
2025/12/19 11:00,0.702,9.443,,,,,,,,,,,
2025/12/19 12:00,0.708,9.493,,,,,,,,,,,
2025/12/19 13:00,0.739,9.791,,,,,,,,,,,
2025/12/19 14:00,0.755,9.952,,,,,,,,,,,
2025/12/19 15:00,0.77,10.109,,,,,,,,,,,
2025/12/19 16:00,0.797,10.405,,,,,,,,,,,
2025/12/19 17:00,0.829,10.813,,,,,,,,,,,
2025/12/19 18:00,0.846,11.061,,,,,,,,,,,
2025/12/19 19:00,0.864,11.324,,,,,,,,,,,
2025/12/19 20:00,0.875,11.515,,,,,,,,,,,
2025/12/19 21:00,0.871,11.449,,,,,,,,,,,
2025/12/19 22:00,0.859,11.244,,,,,,,,,,,
2025/12/19 23:00,0.837,10.921,,,,,,,,,,,
2025/12/20 0:00,0.817,10.661,,,,,,,,,,,
2025/12/20 1:00,0.875,11.51,,,,,,,,,,,
2025/12/20 2:00,0.901,12.011,,,,,,,,,,,
2025/12/20 3:00,0.916,12.356,,,,,,,,,,,
2025/12/20 4:00,0.925,12.58,,,,,,,,,,,
2025/12/20 5:00,0.927,12.623,,,,,,,,,,,
2025/12/20 6:00,0.92,12.456,,,,,,,,,,,
2025/12/20 7:00,0.903,12.052,,,,,,,,,,,
2025/12/20 8:00,0.844,11.025,,,,,,,,,,,
2025/12/20 9:00,0.818,10.67,,,,,,,,,,,
2025/12/20 10:00,0.813,10.612,,,,,,,,,,,
2025/12/20 11:00,0.774,10.153,,,,,,,,,,,
2025/12/20 12:00,0.738,9.785,,,,,,,,,,,
2025/12/20 13:00,0.708,9.489,,,,,,,,,,,
2025/12/20 14:00,0.674,9.192,,,,,,,,,,,
2025/12/20 15:00,0.616,8.729,,,,,,,,,,,
2025/12/20 16:00,0.534,8.106,,,,,,,,,,,
2025/12/20 17:00,0.488,7.77,,,,,,,,,,,
2025/12/20 18:00,0.438,7.407,,,,,,,,,,,
2025/12/20 19:00,0.413,7.23,,,,,,,,,,,
2025/12/20 20:00,0.401,7.137,,,,,,,,,,,
2025/12/20 21:00,0.392,7.074,,,,,,,,,,,
2025/12/20 22:00,0.39,7.06,,,,,,,,,,,
2025/12/20 23:00,0.393,7.078,,,,,,,,,,,
2025/12/21 0:00,0.295,6.329,,,,,,,,,,,
2025/12/21 1:00,0.243,5.907,,,,,,,,,,,
2025/12/21 2:00,0.282,6.226,,,,,,,,,,,
2025/12/21 3:00,0.177,5.281,,,,,,,,,,,
2025/12/21 4:00,0.084,4.133,,,,,,,,,,,
2025/12/21 5:00,0.032,3.073,,,,,,,,,,,
2025/12/21 6:00,0.007,2.078,,,,,,,,,,,
2025/12/21 7:00,0.002,1.589,,,,,,,,,,,
2025/12/21 8:00,0.068,3.864,,,,,,,,,,,
2025/12/21 9:00,0.268,6.119,,,,,,,,,,,
2025/12/21 10:00,0.524,8.026,,,,,,,,,,,
2025/12/21 11:00,0.707,9.485,,,,,,,,,,,
2025/12/21 12:00,0.758,9.986,,,,,,,,,,,
2025/12/21 13:00,0.756,9.96,,,,,,,,,,,
2025/12/21 14:00,0.768,10.086,,,,,,,,,,,
2025/12/21 15:00,0.781,10.231,,,,,,,,,,,
2025/12/21 16:00,0.792,10.353,,,,,,,,,,,
2025/12/21 17:00,0.802,10.477,,,,,,,,,,,
2025/12/21 18:00,0.812,10.595,,,,,,,,,,,
2025/12/21 19:00,0.808,10.551,,,,,,,,,,,
2025/12/21 20:00,0.805,10.514,,,,,,,,,,,
2025/12/21 21:00,0.82,10.693,,,,,,,,,,,
2025/12/21 22:00,0.832,10.856,,,,,,,,,,,
2025/12/21 23:00,0.834,10.884,,,,,,,,,,,
2025/12/22 0:00,0.78,10.219,,,,,,,,,,,
2025/12/22 1:00,0.662,9.102,,,,,,,,,,,
2025/12/22 2:00,0.836,10.9,,,,,,,,,,,
2025/12/22 3:00,0.927,12.638,,,,,,,,,,,
2025/12/22 4:00,0.922,12.491,,,,,,,,,,,
2025/12/22 5:00,0.897,11.925,,,,,,,,,,,
2025/12/22 6:00,0.875,11.505,,,,,,,,,,,
2025/12/22 7:00,0.859,11.237,,,,,,,,,,,
2025/12/22 8:00,0.836,10.903,,,,,,,,,,,
2025/12/22 9:00,0.808,10.544,,,,,,,,,,,
2025/12/22 10:00,0.825,10.754,,,,,,,,,,,
2025/12/22 11:00,0.831,10.829,,,,,,,,,,,
2025/12/22 12:00,0.855,11.182,,,,,,,,,,,
2025/12/22 13:00,0.863,11.313,,,,,,,,,,,
2025/12/22 14:00,0.875,11.516,,,,,,,,,,,
2025/12/22 15:00,0.88,11.593,,,,,,,,,,,
2025/12/22 16:00,0.861,11.285,,,,,,,,,,,
2025/12/22 17:00,0.834,10.869,,,,,,,,,,,
2025/12/22 18:00,0.792,10.347,,,,,,,,,,,
2025/12/22 19:00,0.698,9.411,,,,,,,,,,,
2025/12/22 20:00,0.615,8.72,,,,,,,,,,,
2025/12/22 21:00,0.738,9.789,,,,,,,,,,,
2025/12/22 22:00,0.883,11.659,,,,,,,,,,,
2025/12/22 23:00,0.906,12.116,,,,,,,,,,,
2025/12/23 0:00,0.917,12.381,,,,,,,,,,,
2025/12/23 1:00,0.953,13.459,,,,,,,,,,,
2025/12/23 2:00,0.961,13.809,,,,,,,,,,,
2025/12/23 3:00,0.955,13.551,,,,,,,,,,,
2025/12/23 4:00,0.946,13.227,,,,,,,,,,,
2025/12/23 5:00,0.934,12.838,,,,,,,,,,,
2025/12/23 6:00,0.912,12.261,,,,,,,,,,,
2025/12/23 7:00,0.855,11.186,,,,,,,,,,,
2025/12/23 8:00,0.698,9.402,,,,,,,,,,,
2025/12/23 9:00,0.553,8.244,,,,,,,,,,,
2025/12/23 10:00,0.431,7.36,,,,,,,,,,,
2025/12/23 11:00,0.311,6.461,,,,,,,,,,,
2025/12/23 12:00,0.212,5.628,,,,,,,,,,,
2025/12/23 13:00,0.179,5.303,,,,,,,,,,,
2025/12/23 14:00,0.181,5.326,,,,,,,,,,,
2025/12/23 15:00,0.167,5.184,,,,,,,,,,,
2025/12/23 16:00,0.141,4.901,,,,,,,,,,,
2025/12/23 17:00,0.116,4.593,,,,,,,,,,,
2025/12/23 18:00,0.1,4.367,,,,,,,,,,,
2025/12/23 19:00,0.104,4.431,,,,,,,,,,,
2025/12/23 20:00,0.114,4.571,,,,,,,,,,,
2025/12/23 21:00,0.116,4.59,,,,,,,,,,,
2025/12/23 22:00,0.089,4.207,,,,,,,,,,,
2025/12/23 23:00,0.054,3.593,,,,,,,,,,,
2025/12/24 0:00,0.029,2.978,,,,,,,,,,,
2025/12/24 1:00,0.017,2.606,,,,,,,,,,,
2025/12/24 2:00,0.039,3.272,,,,,,,,,,,
2025/12/24 3:00,0.087,4.175,,,,,,,,,,,
2025/12/24 4:00,0.16,5.107,,,,,,,,,,,
2025/12/24 5:00,0.258,6.04,,,,,,,,,,,
2025/12/24 6:00,0.341,6.696,,,,,,,,,,,
2025/12/24 7:00,0.374,6.938,,,,,,,,,,,
2025/12/24 8:00,0.343,6.707,,,,,,,,,,,
2025/12/24 9:00,0.396,7.108,,,,,,,,,,,
2025/12/24 10:00,0.56,8.293,,,,,,,,,,,
2025/12/24 11:00,0.765,10.058,,,,,,,,,,,
2025/12/24 12:00,0.826,10.768,,,,,,,,,,,
2025/12/24 13:00,0.741,9.816,,,,,,,,,,,
2025/12/24 14:00,0.676,9.223,,,,,,,,,,,
2025/12/24 15:00,0.674,9.193,,,,,,,,,,,
2025/12/24 16:00,0.724,9.646,,,,,,,,,,,
2025/12/24 17:00,0.759,10.001,,,,,,,,,,,
2025/12/24 18:00,0.758,9.984,,,,,,,,,,,
2025/12/24 19:00,0.732,9.725,,,,,,,,,,,
2025/12/24 20:00,0.738,9.79,,,,,,,,,,,
2025/12/24 21:00,0.74,9.807,,,,,,,,,,,
2025/12/24 22:00,0.74,9.806,,,,,,,,,,,
2025/12/24 23:00,0.753,9.926,,,,,,,,,,,
2025/12/25 0:00,0.734,9.747,,,,,,,,,,,
2025/12/25 1:00,0.886,11.719,,,,,,,,,,,
2025/12/25 2:00,0.922,12.498,,,,,,,,,,,
2025/12/25 3:00,0.921,12.473,,,,,,,,,,,
2025/12/25 4:00,0.913,12.289,,,,,,,,,,,
2025/12/25 5:00,0.896,11.906,,,,,,,,,,,
2025/12/25 6:00,0.862,11.294,,,,,,,,,,,
2025/12/25 7:00,0.786,10.285,,,,,,,,,,,
2025/12/25 8:00,0.619,8.749,,,,,,,,,,,
2025/12/25 9:00,0.51,7.933,,,,,,,,,,,
2025/12/25 10:00,0.426,7.322,,,,,,,,,,,
2025/12/25 11:00,0.356,6.809,,,,,,,,,,,
2025/12/25 12:00,0.291,6.312,,,,,,,,,,,
2025/12/25 13:00,0.253,5.997,,,,,,,,,,,
2025/12/25 14:00,0.223,5.736,,,,,,,,,,,
2025/12/25 15:00,0.215,5.66,,,,,,,,,,,
2025/12/25 16:00,0.219,5.692,,,,,,,,,,,
2025/12/25 17:00,0.215,5.655,,,,,,,,,,,
2025/12/25 18:00,0.204,5.546,,,,,,,,,,,
2025/12/25 19:00,0.195,5.46,,,,,,,,,,,
2025/12/25 20:00,0.181,5.326,,,,,,,,,,,
2025/12/25 21:00,0.14,4.889,,,,,,,,,,,
2025/12/25 22:00,0.086,4.156,,,,,,,,,,,
2025/12/25 23:00,0.048,3.466,,,,,,,,,,,
2025/12/26 0:00,0.029,2.982,,,,,,,,,,,
2025/12/26 1:00,0.007,2.055,,,,,,,,,,,
2025/12/26 2:00,0.009,2.203,,,,,,,,,,,
2025/12/26 3:00,0.045,3.408,,,,,,,,,,,
2025/12/26 4:00,0.102,4.393,,,,,,,,,,,
2025/12/26 5:00,0.137,4.856,,,,,,,,,,,
2025/12/26 6:00,0.134,4.819,,,,,,,,,,,
2025/12/26 7:00,0.102,4.39,,,,,,,,,,,
2025/12/26 8:00,0.16,5.114,,,,,,,,,,,
2025/12/26 9:00,0.234,5.831,,,,,,,,,,,
2025/12/26 10:00,0.269,6.126,,,,,,,,,,,
2025/12/26 11:00,0.289,6.295,,,,,,,,,,,
2025/12/26 12:00,0.346,6.728,,,,,,,,,,,
2025/12/26 13:00,0.39,7.063,,,,,,,,,,,
2025/12/26 14:00,0.411,7.213,,,,,,,,,,,
2025/12/26 15:00,0.453,7.515,,,,,,,,,,,
2025/12/26 16:00,0.488,7.771,,,,,,,,,,,
2025/12/26 17:00,0.488,7.763,,,,,,,,,,,
2025/12/26 18:00,0.475,7.68,,,,,,,,,,,
2025/12/26 19:00,0.473,7.655,,,,,,,,,,,
2025/12/26 20:00,0.476,7.687,,,,,,,,,,,
2025/12/26 21:00,0.459,7.56,,,,,,,,,,,
2025/12/26 22:00,0.403,7.147,,,,,,,,,,,
2025/12/26 23:00,0.347,6.734,,,,,,,,,,,
2025/12/27 0:00,0.258,6.04,,,,,,,,,,,
2025/12/27 1:00,0.089,4.215,,,,,,,,,,,
2025/12/27 2:00,0.014,2.487,,,,,,,,,,,
2025/12/27 3:00,0.009,2.234,,,,,,,,,,,
2025/12/27 4:00,0.004,1.876,,,,,,,,,,,
2025/12/27 5:00,0.002,1.507,,,,,,,,,,,
2025/12/27 6:00,0.001,1.322,,,,,,,,,,,
2025/12/27 7:00,0.01,2.247,,,,,,,,,,,
2025/12/27 8:00,0.103,4.414,,,,,,,,,,,
2025/12/27 9:00,0.326,6.575,,,,,,,,,,,
2025/12/27 10:00,0.586,8.488,,,,,,,,,,,
2025/12/27 11:00,0.75,9.899,,,,,,,,,,,
2025/12/27 12:00,0.813,10.597,,,,,,,,,,,
2025/12/27 13:00,0.839,10.956,,,,,,,,,,,
2025/12/27 14:00,0.862,11.301,,,,,,,,,,,
2025/12/27 15:00,0.867,11.374,,,,,,,,,,,
2025/12/27 16:00,0.861,11.285,,,,,,,,,,,
2025/12/27 17:00,0.859,11.253,,,,,,,,,,,
2025/12/27 18:00,0.858,11.23,,,,,,,,,,,
2025/12/27 19:00,0.848,11.09,,,,,,,,,,,
2025/12/27 20:00,0.828,10.809,,,,,,,,,,,
2025/12/27 21:00,0.807,10.535,,,,,,,,,,,
2025/12/27 22:00,0.788,10.306,,,,,,,,,,,
2025/12/27 23:00,0.795,10.387,,,,,,,,,,,
2025/12/28 0:00,0.74,9.809,,,,,,,,,,,
2025/12/28 1:00,0.55,8.229,,,,,,,,,,,
2025/12/28 2:00,0.408,7.189,,,,,,,,,,,
2025/12/28 3:00,0.394,7.088,,,,,,,,,,,
2025/12/28 4:00,0.375,6.944,,,,,,,,,,,
2025/12/28 5:00,0.417,7.257,,,,,,,,,,,
2025/12/28 6:00,0.544,8.183,,,,,,,,,,,
2025/12/28 7:00,0.657,9.058,,,,,,,,,,,
2025/12/28 8:00,0.621,8.762,,,,,,,,,,,
2025/12/28 9:00,0.602,8.615,,,,,,,,,,,
2025/12/28 10:00,0.694,9.378,,,,,,,,,,,
2025/12/28 11:00,0.751,9.902,,,,,,,,,,,
2025/12/28 12:00,0.731,9.721,,,,,,,,,,,
2025/12/28 13:00,0.71,9.521,,,,,,,,,,,
2025/12/28 14:00,0.692,9.358,,,,,,,,,,,
2025/12/28 15:00,0.657,9.055,,,,,,,,,,,
2025/12/28 16:00,0.605,8.64,,,,,,,,,,,
2025/12/28 17:00,0.532,8.089,,,,,,,,,,,
2025/12/28 18:00,0.451,7.502,,,,,,,,,,,
2025/12/28 19:00,0.377,6.962,,,,,,,,,,,
2025/12/28 20:00,0.325,6.571,,,,,,,,,,,
2025/12/28 21:00,0.297,6.357,,,,,,,,,,,
2025/12/28 22:00,0.287,6.278,,,,,,,,,,,
2025/12/28 23:00,0.305,6.414,,,,,,,,,,,
2025/12/29 0:00,0.316,6.503,,,,,,,,,,,
2025/12/29 1:00,0.242,5.897,,,,,,,,,,,
2025/12/29 2:00,0.422,7.298,,,,,,,,,,,
2025/12/29 3:00,0.556,8.271,,,,,,,,,,,
2025/12/29 4:00,0.612,8.691,,,,,,,,,,,
2025/12/29 5:00,0.629,8.824,,,,,,,,,,,
2025/12/29 6:00,0.612,8.691,,,,,,,,,,,
2025/12/29 7:00,0.511,7.936,,,,,,,,,,,
2025/12/29 8:00,0.448,7.48,,,,,,,,,,,
2025/12/29 9:00,0.459,7.563,,,,,,,,,,,
2025/12/29 10:00,0.441,7.425,,,,,,,,,,,
2025/12/29 11:00,0.346,6.728,,,,,,,,,,,
2025/12/29 12:00,0.27,6.14,,,,,,,,,,,
2025/12/29 13:00,0.277,6.188,,,,,,,,,,,
2025/12/29 14:00,0.328,6.594,,,,,,,,,,,
2025/12/29 15:00,0.349,6.75,,,,,,,,,,,
2025/12/29 16:00,0.368,6.902,,,,,,,,,,,
2025/12/29 17:00,0.39,7.065,,,,,,,,,,,
2025/12/29 18:00,0.427,7.328,,,,,,,,,,,
2025/12/29 19:00,0.471,7.641,,,,,,,,,,,
2025/12/29 20:00,0.506,7.896,,,,,,,,,,,
2025/12/29 21:00,0.541,8.154,,,,,,,,,,,
2025/12/29 22:00,0.559,8.29,,,,,,,,,,,
2025/12/29 23:00,0.575,8.408,,,,,,,,,,,
2025/12/30 0:00,0.51,7.931,,,,,,,,,,,
2025/12/30 1:00,0.641,8.918,,,,,,,,,,,
2025/12/30 2:00,0.848,11.079,,,,,,,,,,,
2025/12/30 3:00,0.838,10.944,,,,,,,,,,,
2025/12/30 4:00,0.826,10.763,,,,,,,,,,,
2025/12/30 5:00,0.822,10.721,,,,,,,,,,,
2025/12/30 6:00,0.822,10.719,,,,,,,,,,,
2025/12/30 7:00,0.78,10.226,,,,,,,,,,,
2025/12/30 8:00,0.655,9.04,,,,,,,,,,,
2025/12/30 9:00,0.621,8.763,,,,,,,,,,,
2025/12/30 10:00,0.648,8.983,,,,,,,,,,,
2025/12/30 11:00,0.705,9.476,,,,,,,,,,,
2025/12/30 12:00,0.719,9.606,,,,,,,,,,,
2025/12/30 13:00,0.735,9.759,,,,,,,,,,,
2025/12/30 14:00,0.752,9.919,,,,,,,,,,,
2025/12/30 15:00,0.748,9.881,,,,,,,,,,,
2025/12/30 16:00,0.715,9.571,,,,,,,,,,,
2025/12/30 17:00,0.678,9.232,,,,,,,,,,,
2025/12/30 18:00,0.639,8.908,,,,,,,,,,,
2025/12/30 19:00,0.594,8.549,,,,,,,,,,,
2025/12/30 20:00,0.581,8.456,,,,,,,,,,,
2025/12/30 21:00,0.579,8.436,,,,,,,,,,,
2025/12/30 22:00,0.589,8.519,,,,,,,,,,,
2025/12/30 23:00,0.611,8.685,,,,,,,,,,,
2025/12/31 0:00,0.537,8.132,,,,,,,,,,,
2025/12/31 1:00,0.596,8.565,,,,,,,,,,,
2025/12/31 2:00,0.831,10.833,,,,,,,,,,,
2025/12/31 3:00,0.836,10.898,,,,,,,,,,,
2025/12/31 4:00,0.812,10.587,,,,,,,,,,,
2025/12/31 5:00,0.772,10.136,,,,,,,,,,,
2025/12/31 6:00,0.7,9.427,,,,,,,,,,,
2025/12/31 7:00,0.541,8.152,,,,,,,,,,,
2025/12/31 8:00,0.377,6.971,,,,,,,,,,,
2025/12/31 9:00,0.325,6.571,,,,,,,,,,,
2025/12/31 10:00,0.297,6.357,,,,,,,,,,,
2025/12/31 11:00,0.271,6.147,,,,,,,,,,,
2025/12/31 12:00,0.256,6.015,,,,,,,,,,,
2025/12/31 13:00,0.325,6.571,,,,,,,,,,,
2025/12/31 14:00,0.399,7.118,,,,,,,,,,,
2025/12/31 15:00,0.464,7.595,,,,,,,,,,,
2025/12/31 16:00,0.546,8.197,,,,,,,,,,,
2025/12/31 17:00,0.626,8.81,,,,,,,,,,,
2025/12/31 18:00,0.667,9.143,,,,,,,,,,,
2025/12/31 19:00,0.638,8.898,,,,,,,,,,,
2025/12/31 20:00,0.647,8.979,,,,,,,,,,,
2025/12/31 21:00,0.7,9.428,,,,,,,,,,,
2025/12/31 22:00,0.77,10.106,,,,,,,,,,,
2025/12/31 23:00,0.78,10.222,,,,,,,,,,,
