RelativePath,Category,Role,Extension,Bytes,LastModified,SHA256,AbsolutePath
.gitignore,project,project_config,.gitignore,738,2026-08-28 10:29:12,6c2946f51c2c881cafffad196dd381771da403d75f25e12e7dff0ecc8b1a962a,C:\Users\祁水\Desktop\风光氢氨系统\project\.gitignore
README.md,project,project_config,.md,3432,2026-08-28 15:47:05,f30a0e60683a258f355a91799fc84d61d1d425bed4a2712d201bc6416926b380,C:\Users\祁水\Desktop\风光氢氨系统\project\README.md
data/renewables_ninja/2022PV.csv,data,raw_input,.csv,423559,2026-07-22 21:12:00,6b9bd9cbd87025f55d96e67b30366bfa91a19224bee29636683c849c31d5bb6c,C:\Users\祁水\Desktop\风光氢氨系统\project\data\renewables_ninja\2022PV.csv
data/renewables_ninja/2022PW.csv,data,raw_input,.csv,264812,2026-07-22 21:12:00,94ac60b946d18b15b486ad59e33e5a07d57683202516988b7f39ada70dd69fa1,C:\Users\祁水\Desktop\风光氢氨系统\project\data\renewables_ninja\2022PW.csv
data/renewables_ninja/2023PV.csv,data,raw_input,.csv,423337,2026-07-22 21:12:00,4b947ae363ce11568e33aed4b912186ac361750eebb3fd95fcc9c875a9cfddb3,C:\Users\祁水\Desktop\风光氢氨系统\project\data\renewables_ninja\2023PV.csv
data/renewables_ninja/2023PW.csv,data,raw_input,.csv,346497,2026-07-22 21:12:00,8173421076ab98027199ec6ef864eaa62f6298014fe7f72e2a3ea58b2a18093e,C:\Users\祁水\Desktop\风光氢氨系统\project\data\renewables_ninja\2023PW.csv
data/renewables_ninja/2024PV.csv,data,raw_input,.csv,325229,2026-07-22 21:12:00,6f4ca83d35cccc9c85893040db8352ccdcef5e7a04d3c4b60629352266751038,C:\Users\祁水\Desktop\风光氢氨系统\project\data\renewables_ninja\2024PV.csv
data/renewables_ninja/2024PW.csv,data,raw_input,.csv,265343,2026-07-22 21:12:00,1ebc2d327946adaf3a5616c52faabfb5b3af75782f0bb49da6b09de98da0b222,C:\Users\祁水\Desktop\风光氢氨系统\project\data\renewables_ninja\2024PW.csv
data/renewables_ninja/2025PV.csv,data,raw_input,.csv,324340,2026-07-22 21:12:00,5f4af48daac6363e3ae9c6e2e93ff2f8b76e8f006baf537d2193609e9a46e669,C:\Users\祁水\Desktop\风光氢氨系统\project\data\renewables_ninja\2025PV.csv
data/renewables_ninja/2025PW.csv,data,raw_input,.csv,346541,2026-07-22 21:12:00,720b2e573d3374fe7bd04bfa81fe13717ac46ca77184ae8be292cc071cbf9760,C:\Users\祁水\Desktop\风光氢氨系统\project\data\renewables_ninja\2025PW.csv
data/renewables_ninja/daily_PV_WT_power.pdf,data,data_artifact,.pdf,21534,2026-08-15 09:41:28,a8f559a68af7b75ea390f24c7e4dc431ff4a4a966d9294413a3a0e2e446ce06f,C:\Users\祁水\Desktop\风光氢氨系统\project\data\renewables_ninja\daily_PV_WT_power.pdf
data/renewables_ninja/daily_PV_WT_power.png,data,data_artifact,.png,347663,2026-08-14 15:07:50,9f3ec79e9513f55d53745d4338a45d2172529af4432f23baaaa625b6761317b9,C:\Users\祁水\Desktop\风光氢氨系统\project\data\renewables_ninja\daily_PV_WT_power.png
docs/decisions/ADR-001-stage0-reproducibility-boundary.md,docs,documentation,.md,1422,2026-08-26 10:50:58,d8baa464963483fe17f6c551c41fc842616249cf1f233a53c8cd7d40e29cd727,C:\Users\祁水\Desktop\风光氢氨系统\project\docs\decisions\ADR-001-stage0-reproducibility-boundary.md
docs/decisions/ADR-002-source-tree-boundaries.md,docs,documentation,.md,1733,2026-08-26 11:28:03,0b5fb9c093e03c5e946ae4420cc0d36f1ca582c577bd84a0dadd49798ee114e8,C:\Users\祁水\Desktop\风光氢氨系统\project\docs\decisions\ADR-002-source-tree-boundaries.md
docs/manuscript_narrative.md,docs,documentation,.md,5157,2026-08-26 19:29:24,10d6f3ca25b95c811eeb5c57569554147c19505d0ffaef23fbf347b7960e394b,C:\Users\祁水\Desktop\风光氢氨系统\project\docs\manuscript_narrative.md
docs/project_structure.md,docs,documentation,.md,3075,2026-08-28 15:04:41,924265cd5efb08a478bb2f4ddc4389ef5b6dda8dcf1e4b1e3ca366381580b973,C:\Users\祁水\Desktop\风光氢氨系统\project\docs\project_structure.md
docs/protocol_v5.md,docs,protocol,.md,43135,2026-08-26 16:24:42,eb4be18f7e079f66a50da9453330631da7bf10f2cab31570c7034d873e9dd790,C:\Users\祁水\Desktop\风光氢氨系统\project\docs\protocol_v5.md
docs/reproducibility.md,docs,documentation,.md,5855,2026-08-28 15:04:41,9dc85ef14e466e5c7a32fd79353ef27228f2e5d6a2655905c4af3189a205d347,C:\Users\祁水\Desktop\风光氢氨系统\project\docs\reproducibility.md
docs/stage0_constraint_audit.md,docs,documentation,.md,231,2026-08-28 15:51:00,11ea22680a8523b8b687e9e1587ff4f0af77a535e94e8b03f8773270a15a6318,C:\Users\祁水\Desktop\风光氢氨系统\project\docs\stage0_constraint_audit.md
docs/stage0_environment_report.md,docs,documentation,.md,400,2026-08-28 15:50:40,2c1b45d1c1b28d3ca7c628e4fbbb01770b0eab7e60b335530b8b741ee32a05bb,C:\Users\祁水\Desktop\风光氢氨系统\project\docs\stage0_environment_report.md
docs/stage0_file_inventory.md,docs,documentation,.md,8528,2026-08-28 15:50:40,d98f65ba43f73d696ff133ff41e7c6673c06e8e9340931e391e99fc9be96ab9c,C:\Users\祁水\Desktop\风光氢氨系统\project\docs\stage0_file_inventory.md
docs/stage0_quality_gate_report.md,docs,documentation,.md,931,2026-08-28 15:51:00,f785dbf40cae5ec30ac28b366ac027caa33f410d96542b6e9c2f03a603dc8564,C:\Users\祁水\Desktop\风光氢氨系统\project\docs\stage0_quality_gate_report.md
docs/sungrow.pdf,docs,documentation,.pdf,594068,2026-08-06 21:09:51,2c7ca189d4440565eb67eecfaa7ccdd703ebc20ec33f0eb5512acd91b4ab78e4,C:\Users\祁水\Desktop\风光氢氨系统\project\docs\sungrow.pdf
docs/v52_negative_evidence_freeze.md,docs,documentation,.md,7507,2026-08-28 15:46:55,7b88c18c23e4fa14df98431b1ec8ae56d6b4433a9f0da99a809c01e3e687a269,C:\Users\祁水\Desktop\风光氢氨系统\project\docs\v52_negative_evidence_freeze.md
paper_outputs/figures/ael_startup_sensitivity.png,paper_outputs,generated_paper_output,.png,278805,2026-08-21 15:50:46,22b5534c0354bac6bcd1e810153bdc65f40a91743b843e933721a28cbb1095a0,C:\Users\祁水\Desktop\风光氢氨系统\project\paper_outputs\figures\ael_startup_sensitivity.png
paper_outputs/figures/daily_PV_WT_power.png,paper_outputs,generated_paper_output,.png,347663,2026-08-14 15:07:50,9f3ec79e9513f55d53745d4338a45d2172529af4432f23baaaa625b6761317b9,C:\Users\祁水\Desktop\风光氢氨系统\project\paper_outputs\figures\daily_PV_WT_power.png
paper_outputs/figures/daily_brokline.png,paper_outputs,generated_paper_output,.png,78156,2026-08-15 09:42:54,9cf9321d1c6c039a5b410737174ba8b576c32e07ab7fad391e6d468eae0aec8b,C:\Users\祁水\Desktop\风光氢氨系统\project\paper_outputs\figures\daily_brokline.png
paper_outputs/figures/thermal.png,paper_outputs,generated_paper_output,.png,64978,2026-08-14 11:41:49,1372c34f3ea99bce2a6aac0951835e4401f74fceaa7a98951a5cc89296839e2e,C:\Users\祁水\Desktop\风光氢氨系统\project\paper_outputs\figures\thermal.png
paper_outputs/tables/stage5_best_nonbaseline_vs_baseline_2022.csv,paper_outputs,generated_paper_output,.csv,1127,2026-08-25 19:14:13,7e5fc84284b1662df775449c7f2b16fa15c144f533879eb7678d58d1cf494590,C:\Users\祁水\Desktop\风光氢氨系统\project\paper_outputs\tables\stage5_best_nonbaseline_vs_baseline_2022.csv
paper_outputs/tables/stage5_stability_first_vs_baseline_2022.csv,paper_outputs,generated_paper_output,.csv,855,2026-08-25 19:14:44,9f149ab9efb4e9dde80b648b75b210cffb8d34d12cfbf4a84342899d0a24e509,C:\Users\祁水\Desktop\风光氢氨系统\project\paper_outputs\tables\stage5_stability_first_vs_baseline_2022.csv
paper_outputs/tables/table_results_manifest.csv,paper_outputs,generated_paper_output,.csv,72690,2026-08-26 11:04:06,c23948de8b38cec55a45b5c2706c1a8423b876d97edf687a54d336f6df4cab60,C:\Users\祁水\Desktop\风光氢氨系统\project\paper_outputs\tables\table_results_manifest.csv
run_in_matlab.m,other,uncategorized,.m,576,2026-08-27 01:03:06,1bb2138ae456fbcc5527bffec22acddebd2f0f147018b8731458e8d24d0f072d,C:\Users\祁水\Desktop\风光氢氨系统\project\run_in_matlab.m
runs/archive/v52_negative_20260828/docs__protocol_v5.md,runs,generated_result,.md,43135,2026-08-26 16:24:42,eb4be18f7e079f66a50da9453330631da7bf10f2cab31570c7034d873e9dd790,C:\Users\祁水\Desktop\风光氢氨系统\project\runs\archive\v52_negative_20260828\docs__protocol_v5.md
runs/archive/v52_negative_20260828/evidence_manifest.csv,runs,generated_result,.csv,1217,2026-08-28 10:25:48,ae704c246db84bf70102a796992d63e5ac9566161926d33f4535f3bfe0ebb90b,C:\Users\祁水\Desktop\风光氢氨系统\project\runs\archive\v52_negative_20260828\evidence_manifest.csv
runs/archive/v52_negative_20260828/rolling_2024_candidate_hashes.csv,runs,generated_result,.csv,33019,2026-08-28 10:12:21,2b73e0d3f103f52f319e25ce7cb1fbe5639342fda73bc9a6b4829d5b7d6e27ce,C:\Users\祁水\Desktop\风光氢氨系统\project\runs\archive\v52_negative_20260828\rolling_2024_candidate_hashes.csv
runs/archive/v52_negative_20260828/runs__campaign_log.txt,runs,generated_result,.txt,1113,2026-08-27 14:42:36,011d5f2a1dab60c5ca8027cded249628f07e3f9631b9774c53634beb3b6460a7,C:\Users\祁水\Desktop\风光氢氨系统\project\runs\archive\v52_negative_20260828\runs__campaign_log.txt
runs/archive/v52_negative_20260828/runs__rolling__v51_contract_plan_and_hb_smoothing_2025_latest.mat,runs,generated_result,.mat,1288868,2026-08-27 14:42:36,830077df928593697d3026d2ddbae031d155c289b5664befbe1ded69a58413b2,C:\Users\祁水\Desktop\风光氢氨系统\project\runs\archive\v52_negative_20260828\runs__rolling__v51_contract_plan_and_hb_smoothing_2025_latest.mat
runs/archive/v52_negative_20260828/runs__rolling__v51_economic_only_2025_latest.mat,runs,generated_result,.mat,171454,2026-08-27 14:42:39,da990a7996b1cc4638a78dd505c04102d3a6fc9a7f135522bbf2824b4a08e97b,C:\Users\祁水\Desktop\风光氢氨系统\project\runs\archive\v52_negative_20260828\runs__rolling__v51_economic_only_2025_latest.mat
runs/archive/v52_negative_20260828/runs__stage1__zhou_s2_baseline_2025_latest.mat,runs,generated_result,.mat,1014331,2026-08-27 14:35:40,e23e2a8bf9893245f26cf92af1d440c4a3c243697a0fdd220a394edb89b991fb,C:\Users\祁水\Desktop\风光氢氨系统\project\runs\archive\v52_negative_20260828\runs__stage1__zhou_s2_baseline_2025_latest.mat
runs/archive/v52_negative_20260828/runs__stage2__v52_selection_audit_2024_latest.csv,runs,generated_result,.csv,124713,2026-08-28 10:24:58,075a9ab07ca8930d6a23d0bf540ef42c607255f1c63519bf27c1e87611b3f97e,C:\Users\祁水\Desktop\风光氢氨系统\project\runs\archive\v52_negative_20260828\runs__stage2__v52_selection_audit_2024_latest.csv
runs/archive/v52_negative_20260828/runs__stage2__v52_selection_audit_2024_latest.mat,runs,generated_result,.mat,23046,2026-08-28 10:24:58,4af8d396a41fd48dedc559b15e460628fccaa4aa335cf9cb15300448205a2186,C:\Users\祁水\Desktop\风光氢氨系统\project\runs\archive\v52_negative_20260828\runs__stage2__v52_selection_audit_2024_latest.mat
runs/archive/v52_negative_20260828/runs__stage5__joint_grid__v51_joint_grid_2024_latest.mat,runs,generated_result,.mat,28381,2026-08-27 13:35:55,1156efe4069a7b6d9b95adbcb925324e4e71c561c08b83bf7a3499e3104e57fd,C:\Users\祁水\Desktop\风光氢氨系统\project\runs\archive\v52_negative_20260828\runs__stage5__joint_grid__v51_joint_grid_2024_latest.mat
runs/campaign_log.txt,runs,generated_result,.txt,1162,2026-08-28 10:20:36,d9666cfd962c8001fcb51714b8dc5ba2aabad83962579897dbc6dd33b77e9f49,C:\Users\祁水\Desktop\风光氢氨系统\project\runs\campaign_log.txt
runs/feasibility_boundary/failure_diagnosis_summary_latest.csv,runs,generated_result,.csv,7915,2026-08-28 15:52:53,f568845eb42896c04eba607c9384dbeaee694b5e36b39cecc7e8e9878ac03235,C:\Users\祁水\Desktop\风光氢氨系统\project\runs\feasibility_boundary\failure_diagnosis_summary_latest.csv
runs/feasibility_boundary/feasibility_boundary_latest.csv,runs,generated_result,.csv,6417,2026-08-28 15:52:53,6b965d5f875e8a249765d98aebefe73d06d40d2992c2ea3138b2a2a80ca702ba,C:\Users\祁水\Desktop\风光氢氨系统\project\runs\feasibility_boundary\feasibility_boundary_latest.csv
runs/feasibility_boundary/feasibility_boundary_latest.mat,runs,generated_result,.mat,5259,2026-08-28 15:52:53,0fffb5112fa4d7a7f8b443199f3e522e3fcfb7106762c8b2510fed72f5c142b7,C:\Users\祁水\Desktop\风光氢氨系统\project\runs\feasibility_boundary\feasibility_boundary_latest.mat
runs/feasibility_boundary/feasibility_boundary_run.log,runs,generated_result,.log,3170,2026-08-28 15:21:55,eb97315ea74f51755a9f3e9a7ab150d86e3512ee25af064b76333cb0a9055bc0,C:\Users\祁水\Desktop\风光氢氨系统\project\runs\feasibility_boundary\feasibility_boundary_run.log
runs/feasibility_boundary/rolling/rolling_oracle_strict/v51_contract_plan_and_hb_smoothing_2022_latest.mat,runs,generated_result,.mat,209473,2026-08-28 15:25:51,eb96559e55093c8ce33c778a8bc97243409a88c0a48e61a3ed660a9f4e41d623,C:\Users\祁水\Desktop\风光氢氨系统\project\runs\feasibility_boundary\rolling\rolling_oracle_strict\v51_contract_plan_and_hb_smoothing_2022_latest.mat
runs/feasibility_boundary/rolling/rolling_oracle_strict/v51_contract_plan_and_hb_smoothing_2023_latest.mat,runs,generated_result,.mat,208224,2026-08-28 15:25:51,2397b9141a709be940e76c6c38ffaad0b61179b80c7064220018b233187aba48,C:\Users\祁水\Desktop\风光氢氨系统\project\runs\feasibility_boundary\rolling\rolling_oracle_strict\v51_contract_plan_and_hb_smoothing_2023_latest.mat
runs/feasibility_boundary/rolling/rolling_persistence_strict/v51_contract_plan_and_hb_smoothing_2022_latest.mat,runs,generated_result,.mat,184838,2026-08-28 15:25:51,a726765fb0b13aabff456cc0e8830a98b67f24af1382a53e244805ad50ded025,C:\Users\祁水\Desktop\风光氢氨系统\project\runs\feasibility_boundary\rolling\rolling_persistence_strict\v51_contract_plan_and_hb_smoothing_2022_latest.mat
runs/feasibility_boundary/rolling/rolling_persistence_strict/v51_contract_plan_and_hb_smoothing_2023_latest.mat,runs,generated_result,.mat,185387,2026-08-28 15:25:51,4fdca7e9566ac71e74fbcce1afd2b764a15f2db77e91c1c3d034e01a1e2c1afe,C:\Users\祁水\Desktop\风光氢氨系统\project\runs\feasibility_boundary\rolling\rolling_persistence_strict\v51_contract_plan_and_hb_smoothing_2023_latest.mat
runs/feasibility_boundary/rolling/rolling_persistence_strict/v51_contract_plan_and_hb_smoothing_2024_latest.mat,runs,generated_result,.mat,183844,2026-08-28 15:25:51,9fc54223c617979d5c994b53c6ff131777ed627f0a6a384393c6d4c0e06c6f74,C:\Users\祁水\Desktop\风光氢氨系统\project\runs\feasibility_boundary\rolling\rolling_persistence_strict\v51_contract_plan_and_hb_smoothing_2024_latest.mat
runs/feasibility_boundary/rolling/rolling_persistence_strict/v51_contract_plan_and_hb_smoothing_2025_latest.mat,runs,generated_result,.mat,189035,2026-08-28 15:25:51,88de14607f9f7970ea23b35bcd3a30ae87edcc9be5b819b33b01a932a688c7ea,C:\Users\祁水\Desktop\风光氢氨系统\project\runs\feasibility_boundary\rolling\rolling_persistence_strict\v51_contract_plan_and_hb_smoothing_2025_latest.mat
runs/feasibility_boundary/rolling/rolling_residual_strict/v51_contract_plan_and_hb_smoothing_2022_latest.mat,runs,generated_result,.mat,186998,2026-08-28 15:25:51,3e8e05496de665008cb327f4f738391307a91ea97e78b732e0b43cbaa5553630,C:\Users\祁水\Desktop\风光氢氨系统\project\runs\feasibility_boundary\rolling\rolling_residual_strict\v51_contract_plan_and_hb_smoothing_2022_latest.mat
runs/feasibility_boundary/rolling/rolling_residual_strict/v51_contract_plan_and_hb_smoothing_2023_latest.mat,runs,generated_result,.mat,189564,2026-08-28 15:25:51,ba9da1ff6b350804fc529361b6b96b5283a026b59e438a7bea6baeb076293b47,C:\Users\祁水\Desktop\风光氢氨系统\project\runs\feasibility_boundary\rolling\rolling_residual_strict\v51_contract_plan_and_hb_smoothing_2023_latest.mat
runs/feasibility_boundary/rolling/rolling_residual_strict/v51_contract_plan_and_hb_smoothing_2024_latest.mat,runs,generated_result,.mat,187475,2026-08-28 15:25:51,d35c4e0e4b1825900ed3f2c2b3e0e8e3a9c4a9eae7321500577706101bc9b3fc,C:\Users\祁水\Desktop\风光氢氨系统\project\runs\feasibility_boundary\rolling\rolling_residual_strict\v51_contract_plan_and_hb_smoothing_2024_latest.mat
runs/feasibility_boundary/rolling/rolling_residual_strict/v51_contract_plan_and_hb_smoothing_2025_latest.mat,runs,generated_result,.mat,191710,2026-08-28 15:25:51,1f7d6bb12fb96a473bbff60a689c5260d0c6013b4da29460a59e66b10e32e316,C:\Users\祁水\Desktop\风光氢氨系统\project\runs\feasibility_boundary\rolling\rolling_residual_strict\v51_contract_plan_and_hb_smoothing_2025_latest.mat
runs/manifest/constraint_audit.csv,runs,generated_result,.csv,95848,2026-08-28 15:51:00,20e76146b68d760adbf6a8878fc25b5a0227d532c3f8fba115ca2676a8e2602c,C:\Users\祁水\Desktop\风光氢氨系统\project\runs\manifest\constraint_audit.csv
runs/manifest/data_manifest.csv,runs,generated_result,.csv,2428,2026-08-28 15:50:40,98f3723fb8c2f839980bd4bd651d12b967f42c7c30e3bc9216d6eb191dfffc10,C:\Users\祁水\Desktop\风光氢氨系统\project\runs\manifest\data_manifest.csv
runs/manifest/environment_manifest.json,runs,generated_result,.json,12574,2026-08-28 15:50:40,f7e75dae15d765a047532218e5229184c3a5cef3c8683b330ae2b48a9e4f23a5,C:\Users\祁水\Desktop\风光氢氨系统\project\runs\manifest\environment_manifest.json
runs/manifest/file_inventory.csv,runs,generated_result,.csv,169259,2026-08-28 15:50:40,8e52f5cbf7af7238497e5a9a04f929c3cf4ba6d5e60c3169922413e425b02c2a,C:\Users\祁水\Desktop\风光氢氨系统\project\runs\manifest\file_inventory.csv
runs/manifest/results_manifest.csv,runs,generated_result,.csv,139951,2026-08-28 15:50:52,dcb8c6d7f88aa6b8cec1901b9ae98cc39b8b3b92d05762039ee9d6fa6dc518ef,C:\Users\祁水\Desktop\风光氢氨系统\project\runs\manifest\results_manifest.csv
runs/manifest/results_manifest.md,runs,generated_result,.md,166,2026-08-28 15:50:52,6a6ab93295e7ddaee8193adb2ac5c706ba11c79c2d7ad731a5de9352cb0a7470,C:\Users\祁水\Desktop\风光氢氨系统\project\runs\manifest\results_manifest.md
runs/manifest/source_manifest.csv,runs,generated_result,.csv,14975,2026-08-28 15:50:40,787abf2c7bf928e1647c4ebe40f9578db1b9a2d88165360e82640f33dcc7172f,C:\Users\祁水\Desktop\风光氢氨系统\project\runs\manifest\source_manifest.csv
runs/manifest/stage0_quality_gate_report.mat,runs,generated_result,.mat,96049,2026-08-28 15:51:00,d90bf575e08996c8acb309105cae1e784a5e628f3e729de1acfac00cb3c88d2e,C:\Users\祁水\Desktop\风光氢氨系统\project\runs\manifest\stage0_quality_gate_report.mat
runs/persistence_probe/rolling/v51_contract_plan_and_hb_smoothing_h2q075_l3_soft_cp025_hb010_gate_2022_latest.mat,runs,generated_result,.mat,1285755,2026-08-26 20:17:21,9ad4b3c98fa023c363d9269ab3f8cc0a2c0c10dcd961246c0f68dfee2432537f,C:\Users\祁水\Desktop\风光氢氨系统\project\runs\persistence_probe\rolling\v51_contract_plan_and_hb_smoothing_h2q075_l3_soft_cp025_hb010_gate_2022_latest.mat
runs/rolling/frozen/v51_contract_plan_and_hb_smoothing_2022_frozen.mat,runs,generated_result,.mat,1179168,2026-08-24 17:54:26,c8bc46c2d75f04188ff4cc1a60781090a87eaa672eb2efaa320ed9b521b6cefc,C:\Users\祁水\Desktop\风光氢氨系统\project\runs\rolling\frozen\v51_contract_plan_and_hb_smoothing_2022_frozen.mat
runs/rolling/v51_contract_plan_and_hb_smoothing_2022_latest.mat,runs,generated_result,.mat,1178446,2026-08-24 15:39:17,41d97e2856be68e60bd8ea14f64c270f47a0e2bff84015279b36530b66056dfc,C:\Users\祁水\Desktop\风光氢氨系统\project\runs\rolling\v51_contract_plan_and_hb_smoothing_2022_latest.mat
runs/rolling/v51_contract_plan_and_hb_smoothing_2023_latest.mat,runs,generated_result,.mat,206904,2026-08-26 20:40:36,6237ad62ce8d39064e8ef6f8df24030882b5263b3983ea119db63034cdabb058,C:\Users\祁水\Desktop\风光氢氨系统\project\runs\rolling\v51_contract_plan_and_hb_smoothing_2023_latest.mat
runs/rolling/v51_contract_plan_and_hb_smoothing_2024_latest.mat,runs,generated_result,.mat,1275047,2026-08-27 06:57:05,3cd6b2554657da482a73f2a55777e42ba5880d1aa8c0ea49e2b54dcf262ca153,C:\Users\祁水\Desktop\风光氢氨系统\project\runs\rolling\v51_contract_plan_and_hb_smoothing_2024_latest.mat
runs/rolling/v51_contract_plan_and_hb_smoothing_2025_latest.mat,runs,generated_result,.mat,1288868,2026-08-27 14:42:36,830077df928593697d3026d2ddbae031d155c289b5664befbe1ded69a58413b2,C:\Users\祁水\Desktop\风光氢氨系统\project\runs\rolling\v51_contract_plan_and_hb_smoothing_2025_latest.mat
runs/rolling/v51_economic_only_2022_latest.mat,runs,generated_result,.mat,1196494,2026-08-24 14:16:20,6c4b3fc8d735c87f0520dd33e6f8b3e85ea295ac7010638056344a68810268af,C:\Users\祁水\Desktop\风光氢氨系统\project\runs\rolling\v51_economic_only_2022_latest.mat
runs/rolling/v51_economic_only_2025_latest.mat,runs,generated_result,.mat,171454,2026-08-27 14:42:39,da990a7996b1cc4638a78dd505c04102d3a6fc9a7f135522bbf2824b4a08e97b,C:\Users\祁水\Desktop\风光氢氨系统\project\runs\rolling\v51_economic_only_2025_latest.mat
runs/stage1/zhou_s2_baseline_2022_latest.mat,runs,generated_result,.mat,1004520,2026-08-21 17:23:34,e1b811801416d220752232b9ffbeb96315bbab4c275e464d1dc794080bf8c7ea,C:\Users\祁水\Desktop\风光氢氨系统\project\runs\stage1\zhou_s2_baseline_2022_latest.mat
runs/stage1/zhou_s2_baseline_2023_latest.mat,runs,generated_result,.mat,1001640,2026-08-26 20:35:36,ff7e9b8758e5a498372205097bdcb63970facc6439e1f4bdf5be6b5c0923968e,C:\Users\祁水\Desktop\风光氢氨系统\project\runs\stage1\zhou_s2_baseline_2023_latest.mat
runs/stage1/zhou_s2_baseline_2024_latest.mat,runs,generated_result,.mat,1015077,2026-08-27 06:50:11,149b64604d43119d770222a09fa18f53c3f0af1fac7dbb27c4dc2f6b7cf04141,C:\Users\祁水\Desktop\风光氢氨系统\project\runs\stage1\zhou_s2_baseline_2024_latest.mat
runs/stage1/zhou_s2_baseline_2025_latest.mat,runs,generated_result,.mat,1014331,2026-08-27 14:35:40,e23e2a8bf9893245f26cf92af1d440c4a3c243697a0fdd220a394edb89b991fb,C:\Users\祁水\Desktop\风光氢氨系统\project\runs\stage1\zhou_s2_baseline_2025_latest.mat
runs/stage2/v52_selection_audit_2024_latest.csv,runs,generated_result,.csv,124713,2026-08-28 10:24:58,075a9ab07ca8930d6a23d0bf540ef42c607255f1c63519bf27c1e87611b3f97e,C:\Users\祁水\Desktop\风光氢氨系统\project\runs\stage2\v52_selection_audit_2024_latest.csv
runs/stage2/v52_selection_audit_2024_latest.mat,runs,generated_result,.mat,23046,2026-08-28 10:24:58,4af8d396a41fd48dedc559b15e460628fccaa4aa335cf9cb15300448205a2186,C:\Users\祁水\Desktop\风光氢氨系统\project\runs\stage2\v52_selection_audit_2024_latest.mat
runs/stage3/v51_contract_candidate_070000p000t_2022_latest.mat,runs,generated_result,.mat,1878286,2026-08-22 00:59:54,92a0a4ebf2090626e03954c98960a8b85ef444ed50fd49808e81050e2705a3b2,C:\Users\祁水\Desktop\风光氢氨系统\project\runs\stage3\v51_contract_candidate_070000p000t_2022_latest.mat
runs/stage3/v51_contract_candidate_073000p000t_2022_latest.mat,runs,generated_result,.mat,1887003,2026-08-22 01:08:15,22493364dfe5bdcb169524baba7fce73191e6ce08cd3935224941f460c332dfa,C:\Users\祁水\Desktop\风光氢氨系统\project\runs\stage3\v51_contract_candidate_073000p000t_2022_latest.mat
runs/stage3/v51_contract_candidate_076022p964t_2022_latest.mat,runs,generated_result,.mat,1894326,2026-08-22 01:15:56,1935f073a26fc13d5015843c94da149677144368fe997286d7886c5e71a4aea3,C:\Users\祁水\Desktop\风光氢氨系统\project\runs\stage3\v51_contract_candidate_076022p964t_2022_latest.mat
runs/stage3/v51_contract_closed_loop_2022_latest.mat,runs,generated_result,.mat,1006842,2026-08-21 20:49:24,65149ebba0380aaba91fb73bfa89e276285f8b0bd5a18051f858a2bc7e50e864,C:\Users\祁水\Desktop\风光氢氨系统\project\runs\stage3\v51_contract_closed_loop_2022_latest.mat
runs/stage4/h2_reserve_grid/rolling/v51_contract_plan_and_hb_smoothing_h2q050_l1_2022_latest.mat,runs,generated_result,.mat,210630,2026-08-24 17:28:11,8d07f33f42c8998aad757f5d31462f392e474057c0a429e34e80eb762d9fdde9,C:\Users\祁水\Desktop\风光氢氨系统\project\runs\stage4\h2_reserve_grid\rolling\v51_contract_plan_and_hb_smoothing_h2q050_l1_2022_latest.mat
runs/stage4/h2_reserve_grid/rolling/v51_contract_plan_and_hb_smoothing_h2q050_l2_2022_latest.mat,runs,generated_result,.mat,209701,2026-08-24 17:30:26,5da895c145907323a870aa63b15a8d6e5002c148c7a9ffcd0e4a5fadc056c93a,C:\Users\祁水\Desktop\风光氢氨系统\project\runs\stage4\h2_reserve_grid\rolling\v51_contract_plan_and_hb_smoothing_h2q050_l2_2022_latest.mat
runs/stage4/h2_reserve_grid/rolling/v51_contract_plan_and_hb_smoothing_h2q050_l3_2022_latest.mat,runs,generated_result,.mat,210874,2026-08-24 17:32:51,0a1c457888691a1a899d04b4e3c7c3dbc4cb2a8dd12904b5bcab2d6896dc77a7,C:\Users\祁水\Desktop\风光氢氨系统\project\runs\stage4\h2_reserve_grid\rolling\v51_contract_plan_and_hb_smoothing_h2q050_l3_2022_latest.mat
runs/stage4/h2_reserve_grid/rolling/v51_contract_plan_and_hb_smoothing_h2q075_l1_2022_latest.mat,runs,generated_result,.mat,211105,2026-08-24 17:35:08,3a6848e466001655f1b3ce7f57da70e7b23902b4ee37138a3419de5c5a44ed4a,C:\Users\祁水\Desktop\风光氢氨系统\project\runs\stage4\h2_reserve_grid\rolling\v51_contract_plan_and_hb_smoothing_h2q075_l1_2022_latest.mat
runs/stage4/h2_reserve_grid/rolling/v51_contract_plan_and_hb_smoothing_h2q075_l2_2022_latest.mat,runs,generated_result,.mat,211193,2026-08-24 17:37:25,c19dc69f6f7217be720920513a205e3344f223a62dff83a594dbc54e63fe3d0e,C:\Users\祁水\Desktop\风光氢氨系统\project\runs\stage4\h2_reserve_grid\rolling\v51_contract_plan_and_hb_smoothing_h2q075_l2_2022_latest.mat
runs/stage4/h2_reserve_grid/rolling/v51_contract_plan_and_hb_smoothing_h2q075_l3_2022_latest.mat,runs,generated_result,.mat,1201272,2026-08-24 17:39:43,b7e558e0ae4f2ca4e6c74526d32e0b4a26f41ca28da03d4ffc244f963779f97e,C:\Users\祁水\Desktop\风光氢氨系统\project\runs\stage4\h2_reserve_grid\rolling\v51_contract_plan_and_hb_smoothing_h2q075_l3_2022_latest.mat
runs/stage4/h2_reserve_grid/rolling/v51_contract_plan_and_hb_smoothing_h2q090_l1_2022_latest.mat,runs,generated_result,.mat,211449,2026-08-24 17:42:02,cead0bafc014096be9161f5143f703f98394cc6cf5f2d348c93a43e8e557d653,C:\Users\祁水\Desktop\风光氢氨系统\project\runs\stage4\h2_reserve_grid\rolling\v51_contract_plan_and_hb_smoothing_h2q090_l1_2022_latest.mat
runs/stage4/h2_reserve_grid/rolling/v51_contract_plan_and_hb_smoothing_h2q090_l2_2022_latest.mat,runs,generated_result,.mat,211635,2026-08-24 17:44:32,88890464ddaef50d932c3252ecc4f91be0f4483b2ea61db4ec10a39bed9e254a,C:\Users\祁水\Desktop\风光氢氨系统\project\runs\stage4\h2_reserve_grid\rolling\v51_contract_plan_and_hb_smoothing_h2q090_l2_2022_latest.mat
runs/stage4/h2_reserve_grid/rolling/v51_contract_plan_and_hb_smoothing_h2q090_l3_2022_latest.mat,runs,generated_result,.mat,1210903,2026-08-24 17:46:55,ff68840e04f92780b3ceae641a97aa0da314804a2a1bc492494cd641b2d191b9,C:\Users\祁水\Desktop\风光氢氨系统\project\runs\stage4\h2_reserve_grid\rolling\v51_contract_plan_and_hb_smoothing_h2q090_l3_2022_latest.mat
runs/stage4/h2_reserve_grid/rolling/v51_contract_plan_and_hb_smoothing_h2q095_l1_2022_latest.mat,runs,generated_result,.mat,211649,2026-08-24 17:49:19,7cdeb700b330de3ca8326ce3e549550b8abf19b454f62aff91ba5c7f48162c7b,C:\Users\祁水\Desktop\风光氢氨系统\project\runs\stage4\h2_reserve_grid\rolling\v51_contract_plan_and_hb_smoothing_h2q095_l1_2022_latest.mat
runs/stage4/h2_reserve_grid/rolling/v51_contract_plan_and_hb_smoothing_h2q095_l2_2022_latest.mat,runs,generated_result,.mat,212037,2026-08-24 17:51:43,eca3e50d1d970d8ade20836c7e5f3fc44c4b9d4044b02b6e19dec702862b8e47,C:\Users\祁水\Desktop\风光氢氨系统\project\runs\stage4\h2_reserve_grid\rolling\v51_contract_plan_and_hb_smoothing_h2q095_l2_2022_latest.mat
runs/stage4/h2_reserve_grid/rolling/v51_contract_plan_and_hb_smoothing_h2q095_l3_2022_latest.mat,runs,generated_result,.mat,1217519,2026-08-24 17:53:59,0a854145f48abc5f460a1b2210ded599bc113334184e61d355f43d10dac0325c,C:\Users\祁水\Desktop\风光氢氨系统\project\runs\stage4\h2_reserve_grid\rolling\v51_contract_plan_and_hb_smoothing_h2q095_l3_2022_latest.mat
runs/stage4/h2_reserve_grid/v51_h2_reserve_grid_2022_latest.mat,runs,generated_result,.mat,15034,2026-08-24 17:54:00,68b897b0d39e15fdf36111e098423fce33973371707e419e392e1ab83dd7e222,C:\Users\祁水\Desktop\风光氢氨系统\project\runs\stage4\h2_reserve_grid\v51_h2_reserve_grid_2022_latest.mat
runs/stage4/h2_reserve_probe/rolling/v51_contract_plan_and_hb_smoothing_h2q050_l1_2022_latest.mat,runs,generated_result,.mat,208560,2026-08-24 17:23:48,8234e81f4c13ba7b719052435508c5c37c7b8c9ad058eca43c4ef1e829f0a567,C:\Users\祁水\Desktop\风光氢氨系统\project\runs\stage4\h2_reserve_probe\rolling\v51_contract_plan_and_hb_smoothing_h2q050_l1_2022_latest.mat
runs/stage4/h2_reserve_probe/v51_h2_reserve_grid_2022_latest.mat,runs,generated_result,.mat,13538,2026-08-24 17:23:49,599cbd33e7744d46ad933e6e9b92c9d2117e00c505624644afbfa99b27d8ea8f,C:\Users\祁水\Desktop\风光氢氨系统\project\runs\stage4\h2_reserve_probe\v51_h2_reserve_grid_2022_latest.mat
runs/stage5/joint_grid/rolling/v51_contract_plan_and_hb_smoothing_cp025_gate_2022_latest.mat,runs,generated_result,.mat,1157078,2026-08-24 21:14:50,cd4803a0c6b088f061034f33ba5ed7b63da9e1b821577b62f02efab71ec14cf0,C:\Users\祁水\Desktop\风光氢氨系统\project\runs\stage5\joint_grid\rolling\v51_contract_plan_and_hb_smoothing_cp025_gate_2022_latest.mat
runs/stage5/joint_grid/rolling/v51_contract_plan_and_hb_smoothing_cp025_gate_2024_latest.mat,runs,generated_result,.mat,1275601,2026-08-27 07:14:13,112bc898221f328fe59242994832ce5c4f465b05a1ce0e8120eac4c7f314480c,C:\Users\祁水\Desktop\风光氢氨系统\project\runs\stage5\joint_grid\rolling\v51_contract_plan_and_hb_smoothing_cp025_gate_2024_latest.mat
runs/stage5/joint_grid/rolling/v51_contract_plan_and_hb_smoothing_cp025_hb005_gate_2022_latest.mat,runs,generated_result,.mat,1163533,2026-08-24 21:16:38,83304df873f1c98d33b2dd7da87d51093c92c3ec252930c36d56b2a2fc486ac2,C:\Users\祁水\Desktop\风光氢氨系统\project\runs\stage5\joint_grid\rolling\v51_contract_plan_and_hb_smoothing_cp025_hb005_gate_2022_latest.mat
runs/stage5/joint_grid/rolling/v51_contract_plan_and_hb_smoothing_cp025_hb005_gate_2024_latest.mat,runs,generated_result,.mat,1275045,2026-08-27 07:06:07,398873b089974dad36613d9110b164855fcdeb476fc4487c4c8e9a22f9262db2,C:\Users\祁水\Desktop\风光氢氨系统\project\runs\stage5\joint_grid\rolling\v51_contract_plan_and_hb_smoothing_cp025_hb005_gate_2024_latest.mat
runs/stage5/joint_grid/rolling/v51_contract_plan_and_hb_smoothing_cp025_hb010_gate_2022_latest.mat,runs,generated_result,.mat,1170756,2026-08-24 21:18:25,c28f6f4a5678539258a36ef187c4f8ac1f00335b5c91450a2842e3b0f912779c,C:\Users\祁水\Desktop\风光氢氨系统\project\runs\stage5\joint_grid\rolling\v51_contract_plan_and_hb_smoothing_cp025_hb010_gate_2022_latest.mat
runs/stage5/joint_grid/rolling/v51_contract_plan_and_hb_smoothing_cp025_hb010_gate_2024_latest.mat,runs,generated_result,.mat,1275039,2026-08-27 07:14:12,29d9fcf74446d2f054c8da599b9fd3f952724a10bae7ffb47c7ad8fc37174270,C:\Users\祁水\Desktop\风光氢氨系统\project\runs\stage5\joint_grid\rolling\v51_contract_plan_and_hb_smoothing_cp025_hb010_gate_2024_latest.mat
runs/stage5/joint_grid/rolling/v51_contract_plan_and_hb_smoothing_cp025_hb020_gate_2022_latest.mat,runs,generated_result,.mat,1183096,2026-08-24 21:20:16,e69813f49211e5a8b5a7c29408023b07917ee480a69d63ecd89c48c646e615b4,C:\Users\祁水\Desktop\风光氢氨系统\project\runs\stage5\joint_grid\rolling\v51_contract_plan_and_hb_smoothing_cp025_hb020_gate_2022_latest.mat
runs/stage5/joint_grid/rolling/v51_contract_plan_and_hb_smoothing_cp025_hb020_gate_2024_latest.mat,runs,generated_result,.mat,1283131,2026-08-27 07:06:04,d4772bb6f51a3d666218b879e4c5a89d3afe34c400d1b6d7f2cbc734b369aa9b,C:\Users\祁水\Desktop\风光氢氨系统\project\runs\stage5\joint_grid\rolling\v51_contract_plan_and_hb_smoothing_cp025_hb020_gate_2024_latest.mat
runs/stage5/joint_grid/rolling/v51_contract_plan_and_hb_smoothing_cp050_gate_2022_latest.mat,runs,generated_result,.mat,1159306,2026-08-24 21:22:03,40b818aaacc22375499e8d5e230f21ed4e968f0240699cd4f4474e3f14f83e45,C:\Users\祁水\Desktop\风光氢氨系统\project\runs\stage5\joint_grid\rolling\v51_contract_plan_and_hb_smoothing_cp050_gate_2022_latest.mat
runs/stage5/joint_grid/rolling/v51_contract_plan_and_hb_smoothing_cp050_gate_2024_latest.mat,runs,generated_result,.mat,1270271,2026-08-27 07:14:14,a69831ee2772f575f4a6273303e894b116fc4637b3045c67951fb10e552824cb,C:\Users\祁水\Desktop\风光氢氨系统\project\runs\stage5\joint_grid\rolling\v51_contract_plan_and_hb_smoothing_cp050_gate_2024_latest.mat
runs/stage5/joint_grid/rolling/v51_contract_plan_and_hb_smoothing_cp050_hb005_gate_2022_latest.mat,runs,generated_result,.mat,1166537,2026-08-24 21:23:51,73f631158b9df0e0e70881dabf192e673f6aff3c61812345db51c3cb3d6eca0b,C:\Users\祁水\Desktop\风光氢氨系统\project\runs\stage5\joint_grid\rolling\v51_contract_plan_and_hb_smoothing_cp050_hb005_gate_2022_latest.mat
runs/stage5/joint_grid/rolling/v51_contract_plan_and_hb_smoothing_cp050_hb005_gate_2024_latest.mat,runs,generated_result,.mat,1269570,2026-08-27 07:06:06,8ff9ef0a86f3f30e34e1130142760b7e7fc12ed9f9af669f2a5d33764abf8b35,C:\Users\祁水\Desktop\风光氢氨系统\project\runs\stage5\joint_grid\rolling\v51_contract_plan_and_hb_smoothing_cp050_hb005_gate_2024_latest.mat
runs/stage5/joint_grid/rolling/v51_contract_plan_and_hb_smoothing_cp050_hb010_gate_2022_latest.mat,runs,generated_result,.mat,1175558,2026-08-24 21:25:39,0889dac322122ea8183384622e59a5fa2134db3eb1b223d8e179c613fb2fb5b9,C:\Users\祁水\Desktop\风光氢氨系统\project\runs\stage5\joint_grid\rolling\v51_contract_plan_and_hb_smoothing_cp050_hb010_gate_2022_latest.mat
runs/stage5/joint_grid/rolling/v51_contract_plan_and_hb_smoothing_cp050_hb010_gate_2024_latest.mat,runs,generated_result,.mat,1268912,2026-08-27 07:14:09,fb425331d94eb3047326b93adb1010ff674231ec528362306d10fbceaec33d59,C:\Users\祁水\Desktop\风光氢氨系统\project\runs\stage5\joint_grid\rolling\v51_contract_plan_and_hb_smoothing_cp050_hb010_gate_2024_latest.mat
runs/stage5/joint_grid/rolling/v51_contract_plan_and_hb_smoothing_cp050_hb020_gate_2022_latest.mat,runs,generated_result,.mat,1186331,2026-08-24 21:27:28,6af0a2f2cf791373971936ed4cbed48d66760d0d38b53abf3f686890a35950ff,C:\Users\祁水\Desktop\风光氢氨系统\project\runs\stage5\joint_grid\rolling\v51_contract_plan_and_hb_smoothing_cp050_hb020_gate_2022_latest.mat
runs/stage5/joint_grid/rolling/v51_contract_plan_and_hb_smoothing_cp050_hb020_gate_2024_latest.mat,runs,generated_result,.mat,1279904,2026-08-27 07:06:04,f2733e26b39c0aa46c312a03b8128fa9d65054f4ae3cac889e4df75ba6075a6c,C:\Users\祁水\Desktop\风光氢氨系统\project\runs\stage5\joint_grid\rolling\v51_contract_plan_and_hb_smoothing_cp050_hb020_gate_2024_latest.mat
runs/stage5/joint_grid/rolling/v51_contract_plan_and_hb_smoothing_gate_2022_latest.mat,runs,generated_result,.mat,1150912,2026-08-27 00:55:53,ef56d78252954d72af3679dd3d95b3d53c1a302aaa2d9db4d56ee8d79705b74c,C:\Users\祁水\Desktop\风光氢氨系统\project\runs\stage5\joint_grid\rolling\v51_contract_plan_and_hb_smoothing_gate_2022_latest.mat
runs/stage5/joint_grid/rolling/v51_contract_plan_and_hb_smoothing_gate_2024_latest.mat,runs,generated_result,.mat,1275182,2026-08-27 07:14:15,77eb0e264303e537185dfaf339b6214add2c78a8aef3161c23a290a5ae38d025,C:\Users\祁水\Desktop\风光氢氨系统\project\runs\stage5\joint_grid\rolling\v51_contract_plan_and_hb_smoothing_gate_2024_latest.mat
runs/stage5/joint_grid/rolling/v51_contract_plan_and_hb_smoothing_h2q050_l1_soft_cp025_gate_2022_latest.mat,runs,generated_result,.mat,1164798,2026-08-24 21:37:10,373aef072fcbcaac1a26cab36b796b21ce5306f15b5e4f36b268eda813eb7131,C:\Users\祁水\Desktop\风光氢氨系统\project\runs\stage5\joint_grid\rolling\v51_contract_plan_and_hb_smoothing_h2q050_l1_soft_cp025_gate_2022_latest.mat
runs/stage5/joint_grid/rolling/v51_contract_plan_and_hb_smoothing_h2q050_l1_soft_cp025_gate_2024_latest.mat,runs,generated_result,.mat,1277342,2026-08-27 08:48:49,8c62c07e78a63f8e9dbb23115e771458ab3b7d0aa240fcafb41ca3e1691e5c6b,C:\Users\祁水\Desktop\风光氢氨系统\project\runs\stage5\joint_grid\rolling\v51_contract_plan_and_hb_smoothing_h2q050_l1_soft_cp025_gate_2024_latest.mat
runs/stage5/joint_grid/rolling/v51_contract_plan_and_hb_smoothing_h2q050_l1_soft_cp025_hb005_gate_2022_latest.mat,runs,generated_result,.mat,1170982,2026-08-24 21:38:59,ff8be0f7506687a7cd3bd96ca781c44463b78e4efab24a4b8ecc869be0a6df82,C:\Users\祁水\Desktop\风光氢氨系统\project\runs\stage5\joint_grid\rolling\v51_contract_plan_and_hb_smoothing_h2q050_l1_soft_cp025_hb005_gate_2022_latest.mat
runs/stage5/joint_grid/rolling/v51_contract_plan_and_hb_smoothing_h2q050_l1_soft_cp025_hb005_gate_2024_latest.mat,runs,generated_result,.mat,1276473,2026-08-27 08:37:01,93355b9077c91d8953eafd3c6b965d7b005d0cd21aed10b037591c8223d4367b,C:\Users\祁水\Desktop\风光氢氨系统\project\runs\stage5\joint_grid\rolling\v51_contract_plan_and_hb_smoothing_h2q050_l1_soft_cp025_hb005_gate_2024_latest.mat
runs/stage5/joint_grid/rolling/v51_contract_plan_and_hb_smoothing_h2q050_l1_soft_cp025_hb010_gate_2022_latest.mat,runs,generated_result,.mat,1178236,2026-08-24 21:40:48,4165f963844408b458d1847a452a2a0fc7043f06fee458d3a3a61ae241e13320,C:\Users\祁水\Desktop\风光氢氨系统\project\runs\stage5\joint_grid\rolling\v51_contract_plan_and_hb_smoothing_h2q050_l1_soft_cp025_hb010_gate_2022_latest.mat
runs/stage5/joint_grid/rolling/v51_contract_plan_and_hb_smoothing_h2q050_l1_soft_cp025_hb010_gate_2024_latest.mat,runs,generated_result,.mat,1280129,2026-08-27 08:25:10,f93166d2e2e9f17879a011a3f01339e84d705d387e586d56afef297ef0fddc8f,C:\Users\祁水\Desktop\风光氢氨系统\project\runs\stage5\joint_grid\rolling\v51_contract_plan_and_hb_smoothing_h2q050_l1_soft_cp025_hb010_gate_2024_latest.mat
runs/stage5/joint_grid/rolling/v51_contract_plan_and_hb_smoothing_h2q050_l1_soft_cp025_hb020_gate_2022_latest.mat,runs,generated_result,.mat,1189150,2026-08-24 21:42:37,01da6a1f5eb94e2537761405aae5d6fb8eabe96358c1adb14aa433e0135318db,C:\Users\祁水\Desktop\风光氢氨系统\project\runs\stage5\joint_grid\rolling\v51_contract_plan_and_hb_smoothing_h2q050_l1_soft_cp025_hb020_gate_2022_latest.mat
runs/stage5/joint_grid/rolling/v51_contract_plan_and_hb_smoothing_h2q050_l1_soft_cp025_hb020_gate_2024_latest.mat,runs,generated_result,.mat,1285210,2026-08-27 08:13:22,fd654afcb58978aadf0bc04d169ff8353c53d680d4e7c69fd7c4c1981d04f932,C:\Users\祁水\Desktop\风光氢氨系统\project\runs\stage5\joint_grid\rolling\v51_contract_plan_and_hb_smoothing_h2q050_l1_soft_cp025_hb020_gate_2024_latest.mat
runs/stage5/joint_grid/rolling/v51_contract_plan_and_hb_smoothing_h2q050_l1_soft_cp050_gate_2022_latest.mat,runs,generated_result,.mat,1167547,2026-08-24 21:44:26,106927614824aa9e02685bde6c086dba3e0faaacd326382a47eb52757b9772b9,C:\Users\祁水\Desktop\风光氢氨系统\project\runs\stage5\joint_grid\rolling\v51_contract_plan_and_hb_smoothing_h2q050_l1_soft_cp050_gate_2022_latest.mat
runs/stage5/joint_grid/rolling/v51_contract_plan_and_hb_smoothing_h2q050_l1_soft_cp050_gate_2024_latest.mat,runs,generated_result,.mat,1272038,2026-08-27 08:01:27,290a801ace667ebee8323d6fe816418b246557fa8a50ec5837c39d358b0d8fb4,C:\Users\祁水\Desktop\风光氢氨系统\project\runs\stage5\joint_grid\rolling\v51_contract_plan_and_hb_smoothing_h2q050_l1_soft_cp050_gate_2024_latest.mat
runs/stage5/joint_grid/rolling/v51_contract_plan_and_hb_smoothing_h2q050_l1_soft_cp050_hb005_gate_2022_latest.mat,runs,generated_result,.mat,1174037,2026-08-24 21:46:15,fbccfd5e425891455c74b65c0f4092b0fe757b88ecca6369c2cb04870001c8b3,C:\Users\祁水\Desktop\风光氢氨系统\project\runs\stage5\joint_grid\rolling\v51_contract_plan_and_hb_smoothing_h2q050_l1_soft_cp050_hb005_gate_2022_latest.mat
runs/stage5/joint_grid/rolling/v51_contract_plan_and_hb_smoothing_h2q050_l1_soft_cp050_hb005_gate_2024_latest.mat,runs,generated_result,.mat,1271274,2026-08-27 07:49:38,5c1a7b3b8a48b0b19e6e75c74775d82fec45c8ea2f7f638afe261d6709d7b9d5,C:\Users\祁水\Desktop\风光氢氨系统\project\runs\stage5\joint_grid\rolling\v51_contract_plan_and_hb_smoothing_h2q050_l1_soft_cp050_hb005_gate_2024_latest.mat
runs/stage5/joint_grid/rolling/v51_contract_plan_and_hb_smoothing_h2q050_l1_soft_cp050_hb010_gate_2022_latest.mat,runs,generated_result,.mat,1182865,2026-08-24 21:48:05,1ec0cf8ce3d5e1dc70c467c8ab089a907a969f31066972a0f6bad7d2d5cfe325,C:\Users\祁水\Desktop\风光氢氨系统\project\runs\stage5\joint_grid\rolling\v51_contract_plan_and_hb_smoothing_h2q050_l1_soft_cp050_hb010_gate_2022_latest.mat
runs/stage5/joint_grid/rolling/v51_contract_plan_and_hb_smoothing_h2q050_l1_soft_cp050_hb010_gate_2024_latest.mat,runs,generated_result,.mat,1273982,2026-08-27 07:37:49,bb30cd0ef5e3a821cc0c3e3314c4b2c401ff31751ed664489a08600a38a12b84,C:\Users\祁水\Desktop\风光氢氨系统\project\runs\stage5\joint_grid\rolling\v51_contract_plan_and_hb_smoothing_h2q050_l1_soft_cp050_hb010_gate_2024_latest.mat
runs/stage5/joint_grid/rolling/v51_contract_plan_and_hb_smoothing_h2q050_l1_soft_cp050_hb020_gate_2022_latest.mat,runs,generated_result,.mat,1193056,2026-08-24 21:49:56,48e2d108d7050868eba7f1a3b3baf5c56b418295278256ba9282f1a68a77ad71,C:\Users\祁水\Desktop\风光氢氨系统\project\runs\stage5\joint_grid\rolling\v51_contract_plan_and_hb_smoothing_h2q050_l1_soft_cp050_hb020_gate_2022_latest.mat
runs/stage5/joint_grid/rolling/v51_contract_plan_and_hb_smoothing_h2q050_l1_soft_cp050_hb020_gate_2024_latest.mat,runs,generated_result,.mat,1281968,2026-08-27 07:26:00,e6822ee6a68561294cccdf68bb341bf7e73b9d712ccbd9797dc2cc358963777b,C:\Users\祁水\Desktop\风光氢氨系统\project\runs\stage5\joint_grid\rolling\v51_contract_plan_and_hb_smoothing_h2q050_l1_soft_cp050_hb020_gate_2024_latest.mat
runs/stage5/joint_grid/rolling/v51_contract_plan_and_hb_smoothing_h2q050_l1_soft_gate_2022_latest.mat,runs,generated_result,.mat,1158609,2026-08-24 21:29:17,885fc4c5600a80a8071bc1ac6f719a17ef81399f48cacf2c3faf4cae479273c1,C:\Users\祁水\Desktop\风光氢氨系统\project\runs\stage5\joint_grid\rolling\v51_contract_plan_and_hb_smoothing_h2q050_l1_soft_gate_2022_latest.mat
runs/stage5/joint_grid/rolling/v51_contract_plan_and_hb_smoothing_h2q050_l1_soft_gate_2024_latest.mat,runs,generated_result,.mat,1276962,2026-08-27 09:36:07,b72b757f67a5484a697445298c0a777022b20f72361dbe7bdd55d0c154299cb6,C:\Users\祁水\Desktop\风光氢氨系统\project\runs\stage5\joint_grid\rolling\v51_contract_plan_and_hb_smoothing_h2q050_l1_soft_gate_2024_latest.mat
runs/stage5/joint_grid/rolling/v51_contract_plan_and_hb_smoothing_h2q050_l1_soft_hb005_gate_2022_latest.mat,runs,generated_result,.mat,1166011,2026-08-24 21:31:18,4a828f57b299defd1d5d83f417ac14b5b152e4484d3366da558e10b06c963570,C:\Users\祁水\Desktop\风光氢氨系统\project\runs\stage5\joint_grid\rolling\v51_contract_plan_and_hb_smoothing_h2q050_l1_soft_hb005_gate_2022_latest.mat
runs/stage5/joint_grid/rolling/v51_contract_plan_and_hb_smoothing_h2q050_l1_soft_hb005_gate_2024_latest.mat,runs,generated_result,.mat,1275662,2026-08-27 09:24:18,d1e49bf7d6f10cc480cd6e3da820338b7cb72d317ef64a77f1ae9d74a0ba027a,C:\Users\祁水\Desktop\风光氢氨系统\project\runs\stage5\joint_grid\rolling\v51_contract_plan_and_hb_smoothing_h2q050_l1_soft_hb005_gate_2024_latest.mat
runs/stage5/joint_grid/rolling/v51_contract_plan_and_hb_smoothing_h2q050_l1_soft_hb010_gate_2022_latest.mat,runs,generated_result,.mat,1173065,2026-08-24 21:33:20,2bd286bb77acee8a14aec9694e0c90919ffa6a796bc551ef2f4304feac243042,C:\Users\祁水\Desktop\风光氢氨系统\project\runs\stage5\joint_grid\rolling\v51_contract_plan_and_hb_smoothing_h2q050_l1_soft_hb010_gate_2022_latest.mat
runs/stage5/joint_grid/rolling/v51_contract_plan_and_hb_smoothing_h2q050_l1_soft_hb010_gate_2024_latest.mat,runs,generated_result,.mat,1279253,2026-08-27 09:12:28,5e1836959514ca624f078dac8784a01c6dd1841d8971d714c646fa2422c68647,C:\Users\祁水\Desktop\风光氢氨系统\project\runs\stage5\joint_grid\rolling\v51_contract_plan_and_hb_smoothing_h2q050_l1_soft_hb010_gate_2024_latest.mat
runs/stage5/joint_grid/rolling/v51_contract_plan_and_hb_smoothing_h2q050_l1_soft_hb020_gate_2022_latest.mat,runs,generated_result,.mat,1184816,2026-08-24 21:35:22,54d293f60df2a935035fbac5a64b2a4ddc1abdb0b98d97fef78fe35ef6f1a3fc,C:\Users\祁水\Desktop\风光氢氨系统\project\runs\stage5\joint_grid\rolling\v51_contract_plan_and_hb_smoothing_h2q050_l1_soft_hb020_gate_2022_latest.mat
runs/stage5/joint_grid/rolling/v51_contract_plan_and_hb_smoothing_h2q050_l1_soft_hb020_gate_2024_latest.mat,runs,generated_result,.mat,1284648,2026-08-27 09:00:40,c9f71a472c2535791d6d8ba6b51436840fc5ac796c343cb8167f200aa72169aa,C:\Users\祁水\Desktop\风光氢氨系统\project\runs\stage5\joint_grid\rolling\v51_contract_plan_and_hb_smoothing_h2q050_l1_soft_hb020_gate_2024_latest.mat
runs/stage5/joint_grid/rolling/v51_contract_plan_and_hb_smoothing_h2q050_l2_soft_cp025_gate_2022_latest.mat,runs,generated_result,.mat,1161299,2026-08-24 21:59:51,9505f6b0e11b2e1821d6deed17fe93eaace227eae9b206daa67cad507bb0782b,C:\Users\祁水\Desktop\风光氢氨系统\project\runs\stage5\joint_grid\rolling\v51_contract_plan_and_hb_smoothing_h2q050_l2_soft_cp025_gate_2022_latest.mat
runs/stage5/joint_grid/rolling/v51_contract_plan_and_hb_smoothing_h2q050_l2_soft_cp025_gate_2024_latest.mat,runs,generated_result,.mat,1273266,2026-08-27 08:49:00,4c22ea29fbd4d744a2c6d6029e505e71ca34ff0a996edc19d7a51f7304d4d5d4,C:\Users\祁水\Desktop\风光氢氨系统\project\runs\stage5\joint_grid\rolling\v51_contract_plan_and_hb_smoothing_h2q050_l2_soft_cp025_gate_2024_latest.mat
runs/stage5/joint_grid/rolling/v51_contract_plan_and_hb_smoothing_h2q050_l2_soft_cp025_hb005_gate_2022_latest.mat,runs,generated_result,.mat,1167674,2026-08-24 22:01:40,be39c202bbfe9b2d3da36788890de661713b8e47434b1c4939d74dc53c0e983c,C:\Users\祁水\Desktop\风光氢氨系统\project\runs\stage5\joint_grid\rolling\v51_contract_plan_and_hb_smoothing_h2q050_l2_soft_cp025_hb005_gate_2022_latest.mat
runs/stage5/joint_grid/rolling/v51_contract_plan_and_hb_smoothing_h2q050_l2_soft_cp025_hb005_gate_2024_latest.mat,runs,generated_result,.mat,1272242,2026-08-27 08:37:11,a37be76fa054afa682eaa80871fac624a92a3fe8fbda0d92ce473fea7f4ebfc4,C:\Users\祁水\Desktop\风光氢氨系统\project\runs\stage5\joint_grid\rolling\v51_contract_plan_and_hb_smoothing_h2q050_l2_soft_cp025_hb005_gate_2024_latest.mat
runs/stage5/joint_grid/rolling/v51_contract_plan_and_hb_smoothing_h2q050_l2_soft_cp025_hb010_gate_2022_latest.mat,runs,generated_result,.mat,1174904,2026-08-24 22:03:29,36fc5ffcfa76ea4474acb5808205959bfafc348952ec21a4cec41aaef3f5182f,C:\Users\祁水\Desktop\风光氢氨系统\project\runs\stage5\joint_grid\rolling\v51_contract_plan_and_hb_smoothing_h2q050_l2_soft_cp025_hb010_gate_2022_latest.mat
runs/stage5/joint_grid/rolling/v51_contract_plan_and_hb_smoothing_h2q050_l2_soft_cp025_hb010_gate_2024_latest.mat,runs,generated_result,.mat,1272843,2026-08-27 08:25:18,2192cf66edf0e23ceba1e06e89542b5229fcfdfbd69496ae348ab6798f9339f6,C:\Users\祁水\Desktop\风光氢氨系统\project\runs\stage5\joint_grid\rolling\v51_contract_plan_and_hb_smoothing_h2q050_l2_soft_cp025_hb010_gate_2024_latest.mat
runs/stage5/joint_grid/rolling/v51_contract_plan_and_hb_smoothing_h2q050_l2_soft_cp025_hb020_gate_2022_latest.mat,runs,generated_result,.mat,1187587,2026-08-24 22:05:21,dac3b2fb93789d2ae21bf24e751d00a4735a300a2089ba696e6d139d94bd0c67,C:\Users\祁水\Desktop\风光氢氨系统\project\runs\stage5\joint_grid\rolling\v51_contract_plan_and_hb_smoothing_h2q050_l2_soft_cp025_hb020_gate_2022_latest.mat
runs/stage5/joint_grid/rolling/v51_contract_plan_and_hb_smoothing_h2q050_l2_soft_cp025_hb020_gate_2024_latest.mat,runs,generated_result,.mat,1285502,2026-08-27 08:13:29,7bb26f4fd78ae643d4fa552eddcc1ad9aca7e66c09b66e93340f89ee63856780,C:\Users\祁水\Desktop\风光氢氨系统\project\runs\stage5\joint_grid\rolling\v51_contract_plan_and_hb_smoothing_h2q050_l2_soft_cp025_hb020_gate_2024_latest.mat
runs/stage5/joint_grid/rolling/v51_contract_plan_and_hb_smoothing_h2q050_l2_soft_cp050_gate_2022_latest.mat,runs,generated_result,.mat,1163226,2026-08-24 22:07:09,f45cdbf9f6d70f98a7a6afb8916f8b7f0fc167286e02825996b96991e386cf66,C:\Users\祁水\Desktop\风光氢氨系统\project\runs\stage5\joint_grid\rolling\v51_contract_plan_and_hb_smoothing_h2q050_l2_soft_cp050_gate_2022_latest.mat
runs/stage5/joint_grid/rolling/v51_contract_plan_and_hb_smoothing_h2q050_l2_soft_cp050_gate_2024_latest.mat,runs,generated_result,.mat,1267919,2026-08-27 08:01:33,69f22b94d772ae6c575eae6466f7bee4555e64505e4126253c1abfe8f55222eb,C:\Users\祁水\Desktop\风光氢氨系统\project\runs\stage5\joint_grid\rolling\v51_contract_plan_and_hb_smoothing_h2q050_l2_soft_cp050_gate_2024_latest.mat
runs/stage5/joint_grid/rolling/v51_contract_plan_and_hb_smoothing_h2q050_l2_soft_cp050_hb005_gate_2022_latest.mat,runs,generated_result,.mat,1171207,2026-08-24 22:08:58,996121eae42fdf9cdbfb7ccbbe1a836fbcabfcd6912112f350d12f33cc1da0c5,C:\Users\祁水\Desktop\风光氢氨系统\project\runs\stage5\joint_grid\rolling\v51_contract_plan_and_hb_smoothing_h2q050_l2_soft_cp050_hb005_gate_2022_latest.mat
runs/stage5/joint_grid/rolling/v51_contract_plan_and_hb_smoothing_h2q050_l2_soft_cp050_hb005_gate_2024_latest.mat,runs,generated_result,.mat,1267290,2026-08-27 07:49:43,ef4563599fa3f4b27392c1890e40d3fe7809dbe1534971c2144e3125902bf65c,C:\Users\祁水\Desktop\风光氢氨系统\project\runs\stage5\joint_grid\rolling\v51_contract_plan_and_hb_smoothing_h2q050_l2_soft_cp050_hb005_gate_2024_latest.mat
runs/stage5/joint_grid/rolling/v51_contract_plan_and_hb_smoothing_h2q050_l2_soft_cp050_hb010_gate_2022_latest.mat,runs,generated_result,.mat,1179571,2026-08-24 22:10:48,382f2d56f776177043483ffc2d12fbd3fbd1e5b2d69a14160293c1f37a7210ec,C:\Users\祁水\Desktop\风光氢氨系统\project\runs\stage5\joint_grid\rolling\v51_contract_plan_and_hb_smoothing_h2q050_l2_soft_cp050_hb010_gate_2022_latest.mat
runs/stage5/joint_grid/rolling/v51_contract_plan_and_hb_smoothing_h2q050_l2_soft_cp050_hb010_gate_2024_latest.mat,runs,generated_result,.mat,1266528,2026-08-27 07:37:52,1bcc571f773342aaa3911bb67822f3420692f0122d6226346cbb3eed801aafcb,C:\Users\祁水\Desktop\风光氢氨系统\project\runs\stage5\joint_grid\rolling\v51_contract_plan_and_hb_smoothing_h2q050_l2_soft_cp050_hb010_gate_2024_latest.mat
runs/stage5/joint_grid/rolling/v51_contract_plan_and_hb_smoothing_h2q050_l2_soft_cp050_hb020_gate_2022_latest.mat,runs,generated_result,.mat,1190221,2026-08-24 22:12:39,64c26b11fdd8928f5846bdc40076d4942a49701e421e5053da562265540a5792,C:\Users\祁水\Desktop\风光氢氨系统\project\runs\stage5\joint_grid\rolling\v51_contract_plan_and_hb_smoothing_h2q050_l2_soft_cp050_hb020_gate_2022_latest.mat
runs/stage5/joint_grid/rolling/v51_contract_plan_and_hb_smoothing_h2q050_l2_soft_cp050_hb020_gate_2024_latest.mat,runs,generated_result,.mat,1282266,2026-08-27 07:26:04,6962ca89da5a422d6f3597f8c3b215bacdc41d54ba7032d801083a6936912ad2,C:\Users\祁水\Desktop\风光氢氨系统\project\runs\stage5\joint_grid\rolling\v51_contract_plan_and_hb_smoothing_h2q050_l2_soft_cp050_hb020_gate_2024_latest.mat
runs/stage5/joint_grid/rolling/v51_contract_plan_and_hb_smoothing_h2q050_l2_soft_gate_2022_latest.mat,runs,generated_result,.mat,1155136,2026-08-24 21:51:56,5f2d147eff6a87b3eda452572b0388004af23936191f2b29eea4d890b4358137,C:\Users\祁水\Desktop\风光氢氨系统\project\runs\stage5\joint_grid\rolling\v51_contract_plan_and_hb_smoothing_h2q050_l2_soft_gate_2022_latest.mat
runs/stage5/joint_grid/rolling/v51_contract_plan_and_hb_smoothing_h2q050_l2_soft_gate_2024_latest.mat,runs,generated_result,.mat,1272961,2026-08-27 09:36:29,5bb0160729752e26efde9361afe2be49640ad4d185b23df4f4ec8427b3d7cd49,C:\Users\祁水\Desktop\风光氢氨系统\project\runs\stage5\joint_grid\rolling\v51_contract_plan_and_hb_smoothing_h2q050_l2_soft_gate_2024_latest.mat
runs/stage5/joint_grid/rolling/v51_contract_plan_and_hb_smoothing_h2q050_l2_soft_hb005_gate_2022_latest.mat,runs,generated_result,.mat,1162793,2026-08-24 21:53:58,d40b2179d4e83e7aaaa5a6d7a4e7f12fc102dbe8d262dbba3a8a2d7579fd1640,C:\Users\祁水\Desktop\风光氢氨系统\project\runs\stage5\joint_grid\rolling\v51_contract_plan_and_hb_smoothing_h2q050_l2_soft_hb005_gate_2022_latest.mat
runs/stage5/joint_grid/rolling/v51_contract_plan_and_hb_smoothing_h2q050_l2_soft_hb005_gate_2024_latest.mat,runs,generated_result,.mat,1271475,2026-08-27 09:24:40,9796fca9c277730718437bf3ac7200a131d8d027ebce9ee16184a37142465683,C:\Users\祁水\Desktop\风光氢氨系统\project\runs\stage5\joint_grid\rolling\v51_contract_plan_and_hb_smoothing_h2q050_l2_soft_hb005_gate_2024_latest.mat
runs/stage5/joint_grid/rolling/v51_contract_plan_and_hb_smoothing_h2q050_l2_soft_hb010_gate_2022_latest.mat,runs,generated_result,.mat,1170066,2026-08-24 21:56:00,b66ab01af85a3874171cb1f3a74c52a14df6fba828f9fd4b52498bc74a9226c1,C:\Users\祁水\Desktop\风光氢氨系统\project\runs\stage5\joint_grid\rolling\v51_contract_plan_and_hb_smoothing_h2q050_l2_soft_hb010_gate_2022_latest.mat
runs/stage5/joint_grid/rolling/v51_contract_plan_and_hb_smoothing_h2q050_l2_soft_hb010_gate_2024_latest.mat,runs,generated_result,.mat,1271955,2026-08-27 09:12:45,b839b29c9c1b37ca47415538990cbed94bade2731dd28364d9141b90b9544896,C:\Users\祁水\Desktop\风光氢氨系统\project\runs\stage5\joint_grid\rolling\v51_contract_plan_and_hb_smoothing_h2q050_l2_soft_hb010_gate_2024_latest.mat
runs/stage5/joint_grid/rolling/v51_contract_plan_and_hb_smoothing_h2q050_l2_soft_hb020_gate_2022_latest.mat,runs,generated_result,.mat,1182209,2026-08-24 21:58:02,62fc9740e90ecf49bf726d6de64fc5b848bc56db735c9688621d36a77afc3025,C:\Users\祁水\Desktop\风光氢氨系统\project\runs\stage5\joint_grid\rolling\v51_contract_plan_and_hb_smoothing_h2q050_l2_soft_hb020_gate_2022_latest.mat
runs/stage5/joint_grid/rolling/v51_contract_plan_and_hb_smoothing_h2q050_l2_soft_hb020_gate_2024_latest.mat,runs,generated_result,.mat,1284965,2026-08-27 09:00:53,fb4a47d7d7bec9cda5f69a2bf0e72954bfe7ba4575c065f64b12c8c94b87d101,C:\Users\祁水\Desktop\风光氢氨系统\project\runs\stage5\joint_grid\rolling\v51_contract_plan_and_hb_smoothing_h2q050_l2_soft_hb020_gate_2024_latest.mat
runs/stage5/joint_grid/rolling/v51_contract_plan_and_hb_smoothing_h2q050_l3_soft_cp025_gate_2022_latest.mat,runs,generated_result,.mat,1164199,2026-08-24 22:22:20,55beb7618740eba1c66ef58aaa2cc20e1bcfb5ee539c1159b48139cfebd8ed11,C:\Users\祁水\Desktop\风光氢氨系统\project\runs\stage5\joint_grid\rolling\v51_contract_plan_and_hb_smoothing_h2q050_l3_soft_cp025_gate_2022_latest.mat
runs/stage5/joint_grid/rolling/v51_contract_plan_and_hb_smoothing_h2q050_l3_soft_cp025_gate_2024_latest.mat,runs,generated_result,.mat,1273081,2026-08-27 08:48:26,6aa40271fa64763c54d2e7458c0cc822bc241b6b39c8a0c12ada22b665e2a0a6,C:\Users\祁水\Desktop\风光氢氨系统\project\runs\stage5\joint_grid\rolling\v51_contract_plan_and_hb_smoothing_h2q050_l3_soft_cp025_gate_2024_latest.mat
runs/stage5/joint_grid/rolling/v51_contract_plan_and_hb_smoothing_h2q050_l3_soft_cp025_hb005_gate_2022_latest.mat,runs,generated_result,.mat,1170584,2026-08-24 22:24:10,eb32d49a9d64f1325ce3dd38aecea6a7557d93ddb9eb0aaa5267b9dc55335b1c,C:\Users\祁水\Desktop\风光氢氨系统\project\runs\stage5\joint_grid\rolling\v51_contract_plan_and_hb_smoothing_h2q050_l3_soft_cp025_hb005_gate_2022_latest.mat
runs/stage5/joint_grid/rolling/v51_contract_plan_and_hb_smoothing_h2q050_l3_soft_cp025_hb005_gate_2024_latest.mat,runs,generated_result,.mat,1275547,2026-08-27 08:36:41,c0eaac8d7c5df985be678dc40dfdb439ba658a52bcf42fe7e121706a74a29b83,C:\Users\祁水\Desktop\风光氢氨系统\project\runs\stage5\joint_grid\rolling\v51_contract_plan_and_hb_smoothing_h2q050_l3_soft_cp025_hb005_gate_2024_latest.mat
runs/stage5/joint_grid/rolling/v51_contract_plan_and_hb_smoothing_h2q050_l3_soft_cp025_hb010_gate_2022_latest.mat,runs,generated_result,.mat,1178957,2026-08-24 22:25:59,956c5bd3cae863f16a13253c9b9efa5cc383f519025a689cec81ae0877b564a0,C:\Users\祁水\Desktop\风光氢氨系统\project\runs\stage5\joint_grid\rolling\v51_contract_plan_and_hb_smoothing_h2q050_l3_soft_cp025_hb010_gate_2022_latest.mat
runs/stage5/joint_grid/rolling/v51_contract_plan_and_hb_smoothing_h2q050_l3_soft_cp025_hb010_gate_2024_latest.mat,runs,generated_result,.mat,1272621,2026-08-27 08:24:52,0bb8e4b1dabd0f14b14436b2a4cdd934b88e3810728f36c66456a98b2d3ecfb6,C:\Users\祁水\Desktop\风光氢氨系统\project\runs\stage5\joint_grid\rolling\v51_contract_plan_and_hb_smoothing_h2q050_l3_soft_cp025_hb010_gate_2024_latest.mat
runs/stage5/joint_grid/rolling/v51_contract_plan_and_hb_smoothing_h2q050_l3_soft_cp025_hb020_gate_2022_latest.mat,runs,generated_result,.mat,1189345,2026-08-24 22:27:49,a2100f6cda1cc1635190f8a9f87c3fa17752d1361169a8212f7ea0629df4cf8b,C:\Users\祁水\Desktop\风光氢氨系统\project\runs\stage5\joint_grid\rolling\v51_contract_plan_and_hb_smoothing_h2q050_l3_soft_cp025_hb020_gate_2022_latest.mat
runs/stage5/joint_grid/rolling/v51_contract_plan_and_hb_smoothing_h2q050_l3_soft_cp025_hb020_gate_2024_latest.mat,runs,generated_result,.mat,1281203,2026-08-27 08:13:06,909aa2babe0064e1caeb9b9a0a49e7816881d330e3517fc440e2de2866968d8d,C:\Users\祁水\Desktop\风光氢氨系统\project\runs\stage5\joint_grid\rolling\v51_contract_plan_and_hb_smoothing_h2q050_l3_soft_cp025_hb020_gate_2024_latest.mat
runs/stage5/joint_grid/rolling/v51_contract_plan_and_hb_smoothing_h2q050_l3_soft_cp050_gate_2022_latest.mat,runs,generated_result,.mat,1165975,2026-08-24 22:29:38,9c231b49a6a72fb88b09753a89ca4dc7f82d4254ad619ad86b71db4535551552,C:\Users\祁水\Desktop\风光氢氨系统\project\runs\stage5\joint_grid\rolling\v51_contract_plan_and_hb_smoothing_h2q050_l3_soft_cp050_gate_2022_latest.mat
runs/stage5/joint_grid/rolling/v51_contract_plan_and_hb_smoothing_h2q050_l3_soft_cp050_gate_2024_latest.mat,runs,generated_result,.mat,1268073,2026-08-27 08:01:14,25738743fc2ecb8c338b7f64a1ba2b8b89b15d07ca072e233cc8cb842873f9f4,C:\Users\祁水\Desktop\风光氢氨系统\project\runs\stage5\joint_grid\rolling\v51_contract_plan_and_hb_smoothing_h2q050_l3_soft_cp050_gate_2024_latest.mat
runs/stage5/joint_grid/rolling/v51_contract_plan_and_hb_smoothing_h2q050_l3_soft_cp050_hb005_gate_2022_latest.mat,runs,generated_result,.mat,1173859,2026-08-24 22:31:27,7565872384fd880430701c23295634854152bd83c4c781e34284b5d8497b9757,C:\Users\祁水\Desktop\风光氢氨系统\project\runs\stage5\joint_grid\rolling\v51_contract_plan_and_hb_smoothing_h2q050_l3_soft_cp050_hb005_gate_2022_latest.mat
runs/stage5/joint_grid/rolling/v51_contract_plan_and_hb_smoothing_h2q050_l3_soft_cp050_hb005_gate_2024_latest.mat,runs,generated_result,.mat,1270550,2026-08-27 07:49:28,f890980b21e96076f8e7cc60998ac5ead51eadf8fea13716859c5f7e2045e88e,C:\Users\祁水\Desktop\风光氢氨系统\project\runs\stage5\joint_grid\rolling\v51_contract_plan_and_hb_smoothing_h2q050_l3_soft_cp050_hb005_gate_2024_latest.mat
runs/stage5/joint_grid/rolling/v51_contract_plan_and_hb_smoothing_h2q050_l3_soft_cp050_hb010_gate_2022_latest.mat,runs,generated_result,.mat,1182166,2026-08-24 22:33:17,a2a7595a52f619a04f20ca65684bee8494eabc693b4e4ebef986dcfb229c93d2,C:\Users\祁水\Desktop\风光氢氨系统\project\runs\stage5\joint_grid\rolling\v51_contract_plan_and_hb_smoothing_h2q050_l3_soft_cp050_hb010_gate_2022_latest.mat
runs/stage5/joint_grid/rolling/v51_contract_plan_and_hb_smoothing_h2q050_l3_soft_cp050_hb010_gate_2024_latest.mat,runs,generated_result,.mat,1266185,2026-08-27 07:37:43,5e1f79a2170801c6a08ab049b6980d1541a260a6548d290aa3bc64aa2588c127,C:\Users\祁水\Desktop\风光氢氨系统\project\runs\stage5\joint_grid\rolling\v51_contract_plan_and_hb_smoothing_h2q050_l3_soft_cp050_hb010_gate_2024_latest.mat
runs/stage5/joint_grid/rolling/v51_contract_plan_and_hb_smoothing_h2q050_l3_soft_cp050_hb020_gate_2022_latest.mat,runs,generated_result,.mat,1193575,2026-08-24 22:35:07,0f5fdcfc86fa3756617250a4ff3e2421f10d2a4411b28395268e02b1bc7b5850,C:\Users\祁水\Desktop\风光氢氨系统\project\runs\stage5\joint_grid\rolling\v51_contract_plan_and_hb_smoothing_h2q050_l3_soft_cp050_hb020_gate_2022_latest.mat
runs/stage5/joint_grid/rolling/v51_contract_plan_and_hb_smoothing_h2q050_l3_soft_cp050_hb020_gate_2024_latest.mat,runs,generated_result,.mat,1277699,2026-08-27 07:25:59,7b5b40f4582b877fbe7b14bbb1d31d9c304138bff2b315e45b6f111962a36eb9,C:\Users\祁水\Desktop\风光氢氨系统\project\runs\stage5\joint_grid\rolling\v51_contract_plan_and_hb_smoothing_h2q050_l3_soft_cp050_hb020_gate_2024_latest.mat
runs/stage5/joint_grid/rolling/v51_contract_plan_and_hb_smoothing_h2q050_l3_soft_gate_2022_latest.mat,runs,generated_result,.mat,1157532,2026-08-24 22:14:26,deca8470ecc45625e5f6349a18296a08eb0119f0b6755fab6d4d3284ddf888e6,C:\Users\祁水\Desktop\风光氢氨系统\project\runs\stage5\joint_grid\rolling\v51_contract_plan_and_hb_smoothing_h2q050_l3_soft_gate_2022_latest.mat
runs/stage5/joint_grid/rolling/v51_contract_plan_and_hb_smoothing_h2q050_l3_soft_gate_2024_latest.mat,runs,generated_result,.mat,1272827,2026-08-27 09:35:34,a952cbed7f89ef0a6a66c0cc39456cef39d1c427ea9960f624635c4253c0aceb,C:\Users\祁水\Desktop\风光氢氨系统\project\runs\stage5\joint_grid\rolling\v51_contract_plan_and_hb_smoothing_h2q050_l3_soft_gate_2024_latest.mat
runs/stage5/joint_grid/rolling/v51_contract_plan_and_hb_smoothing_h2q050_l3_soft_hb005_gate_2022_latest.mat,runs,generated_result,.mat,1165381,2026-08-24 22:16:28,632897ac7394a2d8fc129d16e17be19347a56b71fa430c1003dfa223ab501c73,C:\Users\祁水\Desktop\风光氢氨系统\project\runs\stage5\joint_grid\rolling\v51_contract_plan_and_hb_smoothing_h2q050_l3_soft_hb005_gate_2022_latest.mat
runs/stage5/joint_grid/rolling/v51_contract_plan_and_hb_smoothing_h2q050_l3_soft_hb005_gate_2024_latest.mat,runs,generated_result,.mat,1274700,2026-08-27 09:23:50,52f0d175f68d861124c080900a687dd035e8c7a4d763f38f98fe55b9bf309aec,C:\Users\祁水\Desktop\风光氢氨系统\project\runs\stage5\joint_grid\rolling\v51_contract_plan_and_hb_smoothing_h2q050_l3_soft_hb005_gate_2024_latest.mat
runs/stage5/joint_grid/rolling/v51_contract_plan_and_hb_smoothing_h2q050_l3_soft_hb010_gate_2022_latest.mat,runs,generated_result,.mat,1173782,2026-08-24 22:18:29,8fb21576d303a24b4caf05757ba1b7023535b91fbbd2f218fc501c04a07f5cca,C:\Users\祁水\Desktop\风光氢氨系统\project\runs\stage5\joint_grid\rolling\v51_contract_plan_and_hb_smoothing_h2q050_l3_soft_hb010_gate_2022_latest.mat
runs/stage5/joint_grid/rolling/v51_contract_plan_and_hb_smoothing_h2q050_l3_soft_hb010_gate_2024_latest.mat,runs,generated_result,.mat,1271792,2026-08-27 09:12:02,9cdbd584ed2c7155c30f8fd00f428842089dfb1f7d196fca0b029745b1208ef8,C:\Users\祁水\Desktop\风光氢氨系统\project\runs\stage5\joint_grid\rolling\v51_contract_plan_and_hb_smoothing_h2q050_l3_soft_hb010_gate_2024_latest.mat
runs/stage5/joint_grid/rolling/v51_contract_plan_and_hb_smoothing_h2q050_l3_soft_hb020_gate_2022_latest.mat,runs,generated_result,.mat,1184827,2026-08-24 22:20:32,bcdf1e8f7996ac05d3772ac523c1d1549c8cf30daabd414ea7a2d042f96005e1,C:\Users\祁水\Desktop\风光氢氨系统\project\runs\stage5\joint_grid\rolling\v51_contract_plan_and_hb_smoothing_h2q050_l3_soft_hb020_gate_2022_latest.mat
runs/stage5/joint_grid/rolling/v51_contract_plan_and_hb_smoothing_h2q050_l3_soft_hb020_gate_2024_latest.mat,runs,generated_result,.mat,1280546,2026-08-27 09:00:14,dc6cfc32cd655134fc778bef313c9d627846a5b8f1e5a2e8f403a4157038b2ab,C:\Users\祁水\Desktop\风光氢氨系统\project\runs\stage5\joint_grid\rolling\v51_contract_plan_and_hb_smoothing_h2q050_l3_soft_hb020_gate_2024_latest.mat
runs/stage5/joint_grid/rolling/v51_contract_plan_and_hb_smoothing_h2q075_l1_soft_cp025_gate_2022_latest.mat,runs,generated_result,.mat,1168267,2026-08-24 22:44:49,79250c02793c8bb77dc1a9e0b58ee0b88fb5ac8fc0299c46211667379bd4cda3,C:\Users\祁水\Desktop\风光氢氨系统\project\runs\stage5\joint_grid\rolling\v51_contract_plan_and_hb_smoothing_h2q075_l1_soft_cp025_gate_2022_latest.mat
runs/stage5/joint_grid/rolling/v51_contract_plan_and_hb_smoothing_h2q075_l1_soft_cp025_gate_2024_latest.mat,runs,generated_result,.mat,1275075,2026-08-27 08:49:15,89e10c78354b7fb7cd7a24da0b8b9506e3d32650faf5bab95005f9445549cadd,C:\Users\祁水\Desktop\风光氢氨系统\project\runs\stage5\joint_grid\rolling\v51_contract_plan_and_hb_smoothing_h2q075_l1_soft_cp025_gate_2024_latest.mat
runs/stage5/joint_grid/rolling/v51_contract_plan_and_hb_smoothing_h2q075_l1_soft_cp025_hb005_gate_2022_latest.mat,runs,generated_result,.mat,1176097,2026-08-24 22:46:38,53865b8e893f3dc4ff9863c7d0240267477b19288b826f072bbf19999ddd625b,C:\Users\祁水\Desktop\风光氢氨系统\project\runs\stage5\joint_grid\rolling\v51_contract_plan_and_hb_smoothing_h2q075_l1_soft_cp025_hb005_gate_2022_latest.mat
runs/stage5/joint_grid/rolling/v51_contract_plan_and_hb_smoothing_h2q075_l1_soft_cp025_hb005_gate_2024_latest.mat,runs,generated_result,.mat,1278601,2026-08-27 08:37:25,da8867ccb89bdac8d9c3fadd9ce74a159d970f7d5adf3b24680b9840b328d145,C:\Users\祁水\Desktop\风光氢氨系统\project\runs\stage5\joint_grid\rolling\v51_contract_plan_and_hb_smoothing_h2q075_l1_soft_cp025_hb005_gate_2024_latest.mat
runs/stage5/joint_grid/rolling/v51_contract_plan_and_hb_smoothing_h2q075_l1_soft_cp025_hb010_gate_2022_latest.mat,runs,generated_result,.mat,1180378,2026-08-24 22:48:27,fad02ca0598e68affcc64af6ff565691f4dbdaa4985f88c1079aaa63548fb994,C:\Users\祁水\Desktop\风光氢氨系统\project\runs\stage5\joint_grid\rolling\v51_contract_plan_and_hb_smoothing_h2q075_l1_soft_cp025_hb010_gate_2022_latest.mat
runs/stage5/joint_grid/rolling/v51_contract_plan_and_hb_smoothing_h2q075_l1_soft_cp025_hb010_gate_2024_latest.mat,runs,generated_result,.mat,1275647,2026-08-27 08:25:33,a1f60d65a558059a7d4451520ddcb2154d01c136275188008b5ddc0720e6708f,C:\Users\祁水\Desktop\风光氢氨系统\project\runs\stage5\joint_grid\rolling\v51_contract_plan_and_hb_smoothing_h2q075_l1_soft_cp025_hb010_gate_2024_latest.mat
runs/stage5/joint_grid/rolling/v51_contract_plan_and_hb_smoothing_h2q075_l1_soft_cp025_hb020_gate_2022_latest.mat,runs,generated_result,.mat,1193278,2026-08-24 22:50:18,ebff53d1682bb7248c2824a04c2ba5e2ce878487f1c599e98d8a31465421cfc7,C:\Users\祁水\Desktop\风光氢氨系统\project\runs\stage5\joint_grid\rolling\v51_contract_plan_and_hb_smoothing_h2q075_l1_soft_cp025_hb020_gate_2022_latest.mat
runs/stage5/joint_grid/rolling/v51_contract_plan_and_hb_smoothing_h2q075_l1_soft_cp025_hb020_gate_2024_latest.mat,runs,generated_result,.mat,1292002,2026-08-27 08:13:44,445dbaaca7a16ae93e8de5da95fd9cfd49a6dd680eba915882852b958e9243c9,C:\Users\祁水\Desktop\风光氢氨系统\project\runs\stage5\joint_grid\rolling\v51_contract_plan_and_hb_smoothing_h2q075_l1_soft_cp025_hb020_gate_2024_latest.mat
runs/stage5/joint_grid/rolling/v51_contract_plan_and_hb_smoothing_h2q075_l1_soft_cp050_gate_2022_latest.mat,runs,generated_result,.mat,1170402,2026-08-24 22:52:06,28e21afcffd966ac86e1ca4f900113d7435b12c8878451fdef37a16c5be5881e,C:\Users\祁水\Desktop\风光氢氨系统\project\runs\stage5\joint_grid\rolling\v51_contract_plan_and_hb_smoothing_h2q075_l1_soft_cp050_gate_2022_latest.mat
runs/stage5/joint_grid/rolling/v51_contract_plan_and_hb_smoothing_h2q075_l1_soft_cp050_gate_2024_latest.mat,runs,generated_result,.mat,1269809,2026-08-27 08:01:41,3306ab75898a9d8b4e0c9e819105a7955e5cbf19196eda1a733d71f20661878d,C:\Users\祁水\Desktop\风光氢氨系统\project\runs\stage5\joint_grid\rolling\v51_contract_plan_and_hb_smoothing_h2q075_l1_soft_cp050_gate_2024_latest.mat
runs/stage5/joint_grid/rolling/v51_contract_plan_and_hb_smoothing_h2q075_l1_soft_cp050_hb005_gate_2022_latest.mat,runs,generated_result,.mat,1179049,2026-08-24 22:53:56,605ce61fefbf3953aa1281d2c141fb924215f29f327787e879eddb1a399475ab,C:\Users\祁水\Desktop\风光氢氨系统\project\runs\stage5\joint_grid\rolling\v51_contract_plan_and_hb_smoothing_h2q075_l1_soft_cp050_hb005_gate_2022_latest.mat
runs/stage5/joint_grid/rolling/v51_contract_plan_and_hb_smoothing_h2q075_l1_soft_cp050_hb005_gate_2024_latest.mat,runs,generated_result,.mat,1273803,2026-08-27 07:49:47,a2cd2afc31e3344530c49e979b96a2182e3eb8ae24b36fa159fbdad22f4db09c,C:\Users\祁水\Desktop\风光氢氨系统\project\runs\stage5\joint_grid\rolling\v51_contract_plan_and_hb_smoothing_h2q075_l1_soft_cp050_hb005_gate_2024_latest.mat
runs/stage5/joint_grid/rolling/v51_contract_plan_and_hb_smoothing_h2q075_l1_soft_cp050_hb010_gate_2022_latest.mat,runs,generated_result,.mat,1185619,2026-08-24 22:55:46,0d5c12a1d2b79c7177d17b13a5c71efc1d8a958c575197cd9c8d2aa111bc14de,C:\Users\祁水\Desktop\风光氢氨系统\project\runs\stage5\joint_grid\rolling\v51_contract_plan_and_hb_smoothing_h2q075_l1_soft_cp050_hb010_gate_2022_latest.mat
runs/stage5/joint_grid/rolling/v51_contract_plan_and_hb_smoothing_h2q075_l1_soft_cp050_hb010_gate_2024_latest.mat,runs,generated_result,.mat,1269114,2026-08-27 07:37:58,5a030f6796a9f4e329751cfe4118db225c62d2ebb3ca1aef825cf0b5b73b6ce8,C:\Users\祁水\Desktop\风光氢氨系统\project\runs\stage5\joint_grid\rolling\v51_contract_plan_and_hb_smoothing_h2q075_l1_soft_cp050_hb010_gate_2024_latest.mat
runs/stage5/joint_grid/rolling/v51_contract_plan_and_hb_smoothing_h2q075_l1_soft_cp050_hb020_gate_2022_latest.mat,runs,generated_result,.mat,1198927,2026-08-24 22:57:37,8f37de0419ba040d4c0cbed7cda2c2a244dab78fce14be0eb65dacb65f548c4f,C:\Users\祁水\Desktop\风光氢氨系统\project\runs\stage5\joint_grid\rolling\v51_contract_plan_and_hb_smoothing_h2q075_l1_soft_cp050_hb020_gate_2022_latest.mat
runs/stage5/joint_grid/rolling/v51_contract_plan_and_hb_smoothing_h2q075_l1_soft_cp050_hb020_gate_2024_latest.mat,runs,generated_result,.mat,1288911,2026-08-27 07:26:09,f02c19ff8372c6a70392e6bc2db91a57c214566738a32710da47174dd72c683c,C:\Users\祁水\Desktop\风光氢氨系统\project\runs\stage5\joint_grid\rolling\v51_contract_plan_and_hb_smoothing_h2q075_l1_soft_cp050_hb020_gate_2024_latest.mat
runs/stage5/joint_grid/rolling/v51_contract_plan_and_hb_smoothing_h2q075_l1_soft_gate_2022_latest.mat,runs,generated_result,.mat,1161625,2026-08-24 22:36:55,a230b089299865915f1a76518f951aa2b8ba6bb602a57a5ec2107ff022dfe2ad,C:\Users\祁水\Desktop\风光氢氨系统\project\runs\stage5\joint_grid\rolling\v51_contract_plan_and_hb_smoothing_h2q075_l1_soft_gate_2022_latest.mat
runs/stage5/joint_grid/rolling/v51_contract_plan_and_hb_smoothing_h2q075_l1_soft_gate_2024_latest.mat,runs,generated_result,.mat,1274804,2026-08-27 09:36:50,5de68c39297e1d19c47a146915cbce359e567a59888b58c50f0878178fd5257f,C:\Users\祁水\Desktop\风光氢氨系统\project\runs\stage5\joint_grid\rolling\v51_contract_plan_and_hb_smoothing_h2q075_l1_soft_gate_2024_latest.mat
runs/stage5/joint_grid/rolling/v51_contract_plan_and_hb_smoothing_h2q075_l1_soft_hb005_gate_2022_latest.mat,runs,generated_result,.mat,1170136,2026-08-24 22:38:57,0ecf57a93e4c2c3eef940c76a2f4ac7fa811329f4d0dc62a75fcd0dd92433f18,C:\Users\祁水\Desktop\风光氢氨系统\project\runs\stage5\joint_grid\rolling\v51_contract_plan_and_hb_smoothing_h2q075_l1_soft_hb005_gate_2022_latest.mat
runs/stage5/joint_grid/rolling/v51_contract_plan_and_hb_smoothing_h2q075_l1_soft_hb005_gate_2024_latest.mat,runs,generated_result,.mat,1277890,2026-08-27 09:24:58,3278ca935b5c6056dcd35492740bc101245ba43d4c299cac0d329943ab075f88,C:\Users\祁水\Desktop\风光氢氨系统\project\runs\stage5\joint_grid\rolling\v51_contract_plan_and_hb_smoothing_h2q075_l1_soft_hb005_gate_2024_latest.mat
runs/stage5/joint_grid/rolling/v51_contract_plan_and_hb_smoothing_h2q075_l1_soft_hb010_gate_2022_latest.mat,runs,generated_result,.mat,1175441,2026-08-24 22:40:59,5be3e1c03ccbfeabe192a15169b653d77a40929eb1a6b1b8c779cd2bfd1fbd05,C:\Users\祁水\Desktop\风光氢氨系统\project\runs\stage5\joint_grid\rolling\v51_contract_plan_and_hb_smoothing_h2q075_l1_soft_hb010_gate_2022_latest.mat
runs/stage5/joint_grid/rolling/v51_contract_plan_and_hb_smoothing_h2q075_l1_soft_hb010_gate_2024_latest.mat,runs,generated_result,.mat,1274732,2026-08-27 09:13:06,f2bbf2c950b2f81ff3ed4cd8feb8046563cfa357d36b89f53b024a6a478a5ac6,C:\Users\祁水\Desktop\风光氢氨系统\project\runs\stage5\joint_grid\rolling\v51_contract_plan_and_hb_smoothing_h2q075_l1_soft_hb010_gate_2024_latest.mat
runs/stage5/joint_grid/rolling/v51_contract_plan_and_hb_smoothing_h2q075_l1_soft_hb020_gate_2022_latest.mat,runs,generated_result,.mat,1189904,2026-08-24 22:43:01,2819c9823fd2865c962eef8e3b9a90fcc451d8c9b795ff31f5dae5284b950d64,C:\Users\祁水\Desktop\风光氢氨系统\project\runs\stage5\joint_grid\rolling\v51_contract_plan_and_hb_smoothing_h2q075_l1_soft_hb020_gate_2022_latest.mat
runs/stage5/joint_grid/rolling/v51_contract_plan_and_hb_smoothing_h2q075_l1_soft_hb020_gate_2024_latest.mat,runs,generated_result,.mat,1291501,2026-08-27 09:01:16,8913c5aac6807c6ab11709229d619f9f49b7610df2fae1daea529f1b4bb58926,C:\Users\祁水\Desktop\风光氢氨系统\project\runs\stage5\joint_grid\rolling\v51_contract_plan_and_hb_smoothing_h2q075_l1_soft_hb020_gate_2024_latest.mat
runs/stage5/joint_grid/rolling/v51_contract_plan_and_hb_smoothing_h2q075_l2_soft_cp025_gate_2022_latest.mat,runs,generated_result,.mat,1166741,2026-08-24 23:07:19,3b12d7bd283934ace3807b0ea9b22c09cee6aabdfa92c8614df96ef57f560157,C:\Users\祁水\Desktop\风光氢氨系统\project\runs\stage5\joint_grid\rolling\v51_contract_plan_and_hb_smoothing_h2q075_l2_soft_cp025_gate_2022_latest.mat
runs/stage5/joint_grid/rolling/v51_contract_plan_and_hb_smoothing_h2q075_l2_soft_cp025_gate_2024_latest.mat,runs,generated_result,.mat,1274049,2026-08-27 08:48:39,89df6992f533813ee3f52929ddf6037fb8f599a88d1637cf3bfa1f3d44ec8dd1,C:\Users\祁水\Desktop\风光氢氨系统\project\runs\stage5\joint_grid\rolling\v51_contract_plan_and_hb_smoothing_h2q075_l2_soft_cp025_gate_2024_latest.mat
runs/stage5/joint_grid/rolling/v51_contract_plan_and_hb_smoothing_h2q075_l2_soft_cp025_hb005_gate_2022_latest.mat,runs,generated_result,.mat,1172901,2026-08-24 23:09:11,ffeee0e6c76b31f9364e4bebd6e6752c504ebc565ab4deebad47977c240bc7b2,C:\Users\祁水\Desktop\风光氢氨系统\project\runs\stage5\joint_grid\rolling\v51_contract_plan_and_hb_smoothing_h2q075_l2_soft_cp025_hb005_gate_2022_latest.mat
runs/stage5/joint_grid/rolling/v51_contract_plan_and_hb_smoothing_h2q075_l2_soft_cp025_hb005_gate_2024_latest.mat,runs,generated_result,.mat,1280589,2026-08-27 08:36:51,6ec0fa5fc6dbe52c574caebeb29319e78c962f5b84dfa0d44a1a98a05eb5a8b5,C:\Users\祁水\Desktop\风光氢氨系统\project\runs\stage5\joint_grid\rolling\v51_contract_plan_and_hb_smoothing_h2q075_l2_soft_cp025_hb005_gate_2024_latest.mat
runs/stage5/joint_grid/rolling/v51_contract_plan_and_hb_smoothing_h2q075_l2_soft_cp025_hb010_gate_2022_latest.mat,runs,generated_result,.mat,1181432,2026-08-24 23:11:00,ba3fdfd828f4f69b41603f3524deab9c10786c021eb80cc0f3b87e5d83016ff5,C:\Users\祁水\Desktop\风光氢氨系统\project\runs\stage5\joint_grid\rolling\v51_contract_plan_and_hb_smoothing_h2q075_l2_soft_cp025_hb010_gate_2022_latest.mat
runs/stage5/joint_grid/rolling/v51_contract_plan_and_hb_smoothing_h2q075_l2_soft_cp025_hb010_gate_2024_latest.mat,runs,generated_result,.mat,1275327,2026-08-27 08:25:03,a3873bd424377b370e8e14930c25ac0bdb36906cd48bbf8e3b9ba4adb301b76b,C:\Users\祁水\Desktop\风光氢氨系统\project\runs\stage5\joint_grid\rolling\v51_contract_plan_and_hb_smoothing_h2q075_l2_soft_cp025_hb010_gate_2024_latest.mat
runs/stage5/joint_grid/rolling/v51_contract_plan_and_hb_smoothing_h2q075_l2_soft_cp025_hb020_gate_2022_latest.mat,runs,generated_result,.mat,1191517,2026-08-24 23:12:50,617b669fb298d320072daa006efd16465634c150b9b2b7154ec06cc89f91f8ba,C:\Users\祁水\Desktop\风光氢氨系统\project\runs\stage5\joint_grid\rolling\v51_contract_plan_and_hb_smoothing_h2q075_l2_soft_cp025_hb020_gate_2022_latest.mat
runs/stage5/joint_grid/rolling/v51_contract_plan_and_hb_smoothing_h2q075_l2_soft_cp025_hb020_gate_2024_latest.mat,runs,generated_result,.mat,1282663,2026-08-27 08:13:17,6e91b983eee3d8f33953e4c61d6faee0c4505a8cccbb226613bdccc7e4ecffd0,C:\Users\祁水\Desktop\风光氢氨系统\project\runs\stage5\joint_grid\rolling\v51_contract_plan_and_hb_smoothing_h2q075_l2_soft_cp025_hb020_gate_2024_latest.mat
runs/stage5/joint_grid/rolling/v51_contract_plan_and_hb_smoothing_h2q075_l2_soft_cp050_gate_2022_latest.mat,runs,generated_result,.mat,1168832,2026-08-24 23:14:38,ad86396448da81490276f4b12540b35dbf7d4017c3fccc38791ec8279c145afc,C:\Users\祁水\Desktop\风光氢氨系统\project\runs\stage5\joint_grid\rolling\v51_contract_plan_and_hb_smoothing_h2q075_l2_soft_cp050_gate_2022_latest.mat
runs/stage5/joint_grid/rolling/v51_contract_plan_and_hb_smoothing_h2q075_l2_soft_cp050_gate_2024_latest.mat,runs,generated_result,.mat,1268781,2026-08-27 08:01:22,4befeb22576a0de2ad14c83788bb675290153661bbc59aa1c872924c4cfc9bbd,C:\Users\祁水\Desktop\风光氢氨系统\project\runs\stage5\joint_grid\rolling\v51_contract_plan_and_hb_smoothing_h2q075_l2_soft_cp050_gate_2024_latest.mat
runs/stage5/joint_grid/rolling/v51_contract_plan_and_hb_smoothing_h2q075_l2_soft_cp050_hb005_gate_2022_latest.mat,runs,generated_result,.mat,1176197,2026-08-24 23:16:27,44d4e8cfb466a240c72da2298b26d867ef6849d05bcd544856fae6d0243e3c38,C:\Users\祁水\Desktop\风光氢氨系统\project\runs\stage5\joint_grid\rolling\v51_contract_plan_and_hb_smoothing_h2q075_l2_soft_cp050_hb005_gate_2022_latest.mat
runs/stage5/joint_grid/rolling/v51_contract_plan_and_hb_smoothing_h2q075_l2_soft_cp050_hb005_gate_2024_latest.mat,runs,generated_result,.mat,1275196,2026-08-27 07:49:32,cc8794d832ae9af041ab1dd2b0e4867747054982eac233733f04f25b24168b53,C:\Users\祁水\Desktop\风光氢氨系统\project\runs\stage5\joint_grid\rolling\v51_contract_plan_and_hb_smoothing_h2q075_l2_soft_cp050_hb005_gate_2024_latest.mat
runs/stage5/joint_grid/rolling/v51_contract_plan_and_hb_smoothing_h2q075_l2_soft_cp050_hb010_gate_2022_latest.mat,runs,generated_result,.mat,1185464,2026-08-24 23:18:17,6cc39c82998fa7d22be2902c24c476f30de6bb13830cd9cc225d30268f3829b3,C:\Users\祁水\Desktop\风光氢氨系统\project\runs\stage5\joint_grid\rolling\v51_contract_plan_and_hb_smoothing_h2q075_l2_soft_cp050_hb010_gate_2022_latest.mat
runs/stage5/joint_grid/rolling/v51_contract_plan_and_hb_smoothing_h2q075_l2_soft_cp050_hb010_gate_2024_latest.mat,runs,generated_result,.mat,1268824,2026-08-27 07:37:48,636de06c84ab6fdc230742d68039a2e2665abcb256f7aa74608dfbb61ed778bd,C:\Users\祁水\Desktop\风光氢氨系统\project\runs\stage5\joint_grid\rolling\v51_contract_plan_and_hb_smoothing_h2q075_l2_soft_cp050_hb010_gate_2024_latest.mat
runs/stage5/joint_grid/rolling/v51_contract_plan_and_hb_smoothing_h2q075_l2_soft_cp050_hb020_gate_2022_latest.mat,runs,generated_result,.mat,1195247,2026-08-24 23:20:07,ea4bfb6c038f55e3687bc00f7338d949469135824496da430ff8d515d429601a,C:\Users\祁水\Desktop\风光氢氨系统\project\runs\stage5\joint_grid\rolling\v51_contract_plan_and_hb_smoothing_h2q075_l2_soft_cp050_hb020_gate_2022_latest.mat
runs/stage5/joint_grid/rolling/v51_contract_plan_and_hb_smoothing_h2q075_l2_soft_cp050_hb020_gate_2024_latest.mat,runs,generated_result,.mat,1279417,2026-08-27 07:26:03,846ce57d453588c9efe73fdc1000e3711467204681141adf42195bd19c90396e,C:\Users\祁水\Desktop\风光氢氨系统\project\runs\stage5\joint_grid\rolling\v51_contract_plan_and_hb_smoothing_h2q075_l2_soft_cp050_hb020_gate_2024_latest.mat
runs/stage5/joint_grid/rolling/v51_contract_plan_and_hb_smoothing_h2q075_l2_soft_gate_2022_latest.mat,runs,generated_result,.mat,1160350,2026-08-24 22:59:25,50433721e4cfb58537eb812fc2a6faf8008bd342eb06e17efe86098237c96b17,C:\Users\祁水\Desktop\风光氢氨系统\project\runs\stage5\joint_grid\rolling\v51_contract_plan_and_hb_smoothing_h2q075_l2_soft_gate_2022_latest.mat
runs/stage5/joint_grid/rolling/v51_contract_plan_and_hb_smoothing_h2q075_l2_soft_gate_2024_latest.mat,runs,generated_result,.mat,1273781,2026-08-27 09:35:57,caf8563f56282d374b315d6c29e089d1d38fd9d922fd8375d7fc2648d4645d8c,C:\Users\祁水\Desktop\风光氢氨系统\project\runs\stage5\joint_grid\rolling\v51_contract_plan_and_hb_smoothing_h2q075_l2_soft_gate_2024_latest.mat
runs/stage5/joint_grid/rolling/v51_contract_plan_and_hb_smoothing_h2q075_l2_soft_hb005_gate_2022_latest.mat,runs,generated_result,.mat,1167532,2026-08-24 23:01:27,70f51bae3594de9b464d9fe0d6a464f1d779553b468fbddded8f4723372c0a93,C:\Users\祁水\Desktop\风光氢氨系统\project\runs\stage5\joint_grid\rolling\v51_contract_plan_and_hb_smoothing_h2q075_l2_soft_hb005_gate_2022_latest.mat
runs/stage5/joint_grid/rolling/v51_contract_plan_and_hb_smoothing_h2q075_l2_soft_hb005_gate_2024_latest.mat,runs,generated_result,.mat,1279777,2026-08-27 09:24:08,a368fc08c3f4f85f8c66f2c409153d8eb3959e5508edbe8270594c29b028efdf,C:\Users\祁水\Desktop\风光氢氨系统\project\runs\stage5\joint_grid\rolling\v51_contract_plan_and_hb_smoothing_h2q075_l2_soft_hb005_gate_2024_latest.mat
runs/stage5/joint_grid/rolling/v51_contract_plan_and_hb_smoothing_h2q075_l2_soft_hb010_gate_2022_latest.mat,runs,generated_result,.mat,1176361,2026-08-24 23:03:29,a5df82f2b9e3bcbdc5657c8953f0185b4e70c523eb8ba63b97bd08f9728fad13,C:\Users\祁水\Desktop\风光氢氨系统\project\runs\stage5\joint_grid\rolling\v51_contract_plan_and_hb_smoothing_h2q075_l2_soft_hb010_gate_2022_latest.mat
runs/stage5/joint_grid/rolling/v51_contract_plan_and_hb_smoothing_h2q075_l2_soft_hb010_gate_2024_latest.mat,runs,generated_result,.mat,1274424,2026-08-27 09:12:20,db7756b0c50319e9ebf8c30a1807140fcdafdcbe5172f7595fbf6a80e63519e2,C:\Users\祁水\Desktop\风光氢氨系统\project\runs\stage5\joint_grid\rolling\v51_contract_plan_and_hb_smoothing_h2q075_l2_soft_hb010_gate_2024_latest.mat
runs/stage5/joint_grid/rolling/v51_contract_plan_and_hb_smoothing_h2q075_l2_soft_hb020_gate_2022_latest.mat,runs,generated_result,.mat,1187104,2026-08-24 23:05:31,3624c53ebca0b64b8cc0c477d583c84015e0804c2262b91bb6275ffdbc0be8ac,C:\Users\祁水\Desktop\风光氢氨系统\project\runs\stage5\joint_grid\rolling\v51_contract_plan_and_hb_smoothing_h2q075_l2_soft_hb020_gate_2022_latest.mat
runs/stage5/joint_grid/rolling/v51_contract_plan_and_hb_smoothing_h2q075_l2_soft_hb020_gate_2024_latest.mat,runs,generated_result,.mat,1282079,2026-08-27 09:00:32,9b3aa3cd0e373b6abb49fdb0a299483f59be423e911aabba3efa894b423afff0,C:\Users\祁水\Desktop\风光氢氨系统\project\runs\stage5\joint_grid\rolling\v51_contract_plan_and_hb_smoothing_h2q075_l2_soft_hb020_gate_2024_latest.mat
runs/stage5/joint_grid/rolling/v51_contract_plan_and_hb_smoothing_h2q075_l3_soft_cp025_gate_2022_latest.mat,runs,generated_result,.mat,1174902,2026-08-24 23:29:02,2a0091cd676d8d15660cbc85dd912a2e9ca4a504979b2524ca9c7685e7c0f47d,C:\Users\祁水\Desktop\风光氢氨系统\project\runs\stage5\joint_grid\rolling\v51_contract_plan_and_hb_smoothing_h2q075_l3_soft_cp025_gate_2022_latest.mat
runs/stage5/joint_grid/rolling/v51_contract_plan_and_hb_smoothing_h2q075_l3_soft_cp025_gate_2024_latest.mat,runs,generated_result,.mat,1278256,2026-08-27 08:48:12,3070ab89dabe8edb76097eecdd3a70fcbd7c3608b9a28e361715afc22b4bcb69,C:\Users\祁水\Desktop\风光氢氨系统\project\runs\stage5\joint_grid\rolling\v51_contract_plan_and_hb_smoothing_h2q075_l3_soft_cp025_gate_2024_latest.mat
runs/stage5/joint_grid/rolling/v51_contract_plan_and_hb_smoothing_h2q075_l3_soft_cp025_hb005_gate_2022_latest.mat,runs,generated_result,.mat,1179466,2026-08-24 23:30:51,b9be0300d0b45584995284321eadd5950542b40325525db685a126db1619fdda,C:\Users\祁水\Desktop\风光氢氨系统\project\runs\stage5\joint_grid\rolling\v51_contract_plan_and_hb_smoothing_h2q075_l3_soft_cp025_hb005_gate_2022_latest.mat
runs/stage5/joint_grid/rolling/v51_contract_plan_and_hb_smoothing_h2q075_l3_soft_cp025_hb005_gate_2024_latest.mat,runs,generated_result,.mat,1278741,2026-08-27 08:36:27,16f97a67c912ab99f1a7271edbd2da20fc645d07e96660a09dc045baf94b477e,C:\Users\祁水\Desktop\风光氢氨系统\project\runs\stage5\joint_grid\rolling\v51_contract_plan_and_hb_smoothing_h2q075_l3_soft_cp025_hb005_gate_2024_latest.mat
runs/stage5/joint_grid/rolling/v51_contract_plan_and_hb_smoothing_h2q075_l3_soft_cp025_hb010_gate_2022_latest.mat,runs,generated_result,.mat,1190638,2026-08-24 23:32:40,2ade077897721bead79cf8ac287ad5d6a10cbf6f661e2184f049eccfca5e4ac8,C:\Users\祁水\Desktop\风光氢氨系统\project\runs\stage5\joint_grid\rolling\v51_contract_plan_and_hb_smoothing_h2q075_l3_soft_cp025_hb010_gate_2022_latest.mat
runs/stage5/joint_grid/rolling/v51_contract_plan_and_hb_smoothing_h2q075_l3_soft_cp025_hb010_gate_2024_latest.mat,runs,generated_result,.mat,1274046,2026-08-27 08:24:42,bb9a8ae58684b4656519c8e060c67c6e3cc1a095bacc90091f19e88a04db1cdc,C:\Users\祁水\Desktop\风光氢氨系统\project\runs\stage5\joint_grid\rolling\v51_contract_plan_and_hb_smoothing_h2q075_l3_soft_cp025_hb010_gate_2024_latest.mat
runs/stage5/joint_grid/rolling/v51_contract_plan_and_hb_smoothing_h2q075_l3_soft_cp025_hb020_gate_2022_latest.mat,runs,generated_result,.mat,1202837,2026-08-24 23:34:30,65a769e42505709adf25421fd764904d57581de779a122b08fc5990178fa3da4,C:\Users\祁水\Desktop\风光氢氨系统\project\runs\stage5\joint_grid\rolling\v51_contract_plan_and_hb_smoothing_h2q075_l3_soft_cp025_hb020_gate_2022_latest.mat
runs/stage5/joint_grid/rolling/v51_contract_plan_and_hb_smoothing_h2q075_l3_soft_cp025_hb020_gate_2024_latest.mat,runs,generated_result,.mat,1291852,2026-08-27 08:12:56,93ee5286fbe32f5c1cdd1abe47407b4978f74dae1aced8cda76491e6b463f369,C:\Users\祁水\Desktop\风光氢氨系统\project\runs\stage5\joint_grid\rolling\v51_contract_plan_and_hb_smoothing_h2q075_l3_soft_cp025_hb020_gate_2024_latest.mat
runs/stage5/joint_grid/rolling/v51_contract_plan_and_hb_smoothing_h2q075_l3_soft_cp050_gate_2022_latest.mat,runs,generated_result,.mat,1177785,2026-08-24 23:36:14,924b9087ff66b3d131051104e62c7e37e9fc12e0ceb7c7d42584dd9012091f6c,C:\Users\祁水\Desktop\风光氢氨系统\project\runs\stage5\joint_grid\rolling\v51_contract_plan_and_hb_smoothing_h2q075_l3_soft_cp050_gate_2022_latest.mat
runs/stage5/joint_grid/rolling/v51_contract_plan_and_hb_smoothing_h2q075_l3_soft_cp050_gate_2024_latest.mat,runs,generated_result,.mat,1272941,2026-08-27 08:01:06,898a67f6cb51a7cc792bfe696f2e65116f23561479f65fb2d336332f09085f88,C:\Users\祁水\Desktop\风光氢氨系统\project\runs\stage5\joint_grid\rolling\v51_contract_plan_and_hb_smoothing_h2q075_l3_soft_cp050_gate_2024_latest.mat
runs/stage5/joint_grid/rolling/v51_contract_plan_and_hb_smoothing_h2q075_l3_soft_cp050_hb005_gate_2022_latest.mat,runs,generated_result,.mat,1182194,2026-08-24 23:38:00,0c2ac77f29d71de8f54a59a0b59011648ad94417a1433498900386696bfed541,C:\Users\祁水\Desktop\风光氢氨系统\project\runs\stage5\joint_grid\rolling\v51_contract_plan_and_hb_smoothing_h2q075_l3_soft_cp050_hb005_gate_2022_latest.mat
runs/stage5/joint_grid/rolling/v51_contract_plan_and_hb_smoothing_h2q075_l3_soft_cp050_hb005_gate_2024_latest.mat,runs,generated_result,.mat,1272201,2026-08-27 07:49:22,6da28a78d492366cdcdfb23c761f46231c8aa971cfa33d50c0c91faabcebfa27,C:\Users\祁水\Desktop\风光氢氨系统\project\runs\stage5\joint_grid\rolling\v51_contract_plan_and_hb_smoothing_h2q075_l3_soft_cp050_hb005_gate_2024_latest.mat
runs/stage5/joint_grid/rolling/v51_contract_plan_and_hb_smoothing_h2q075_l3_soft_cp050_hb010_gate_2022_latest.mat,runs,generated_result,.mat,1194019,2026-08-24 23:39:50,fcbd349fc6f70273e0247c5ebbbdb7550986780c458ab1f57e819d522d0ea4a1,C:\Users\祁水\Desktop\风光氢氨系统\project\runs\stage5\joint_grid\rolling\v51_contract_plan_and_hb_smoothing_h2q075_l3_soft_cp050_hb010_gate_2022_latest.mat
runs/stage5/joint_grid/rolling/v51_contract_plan_and_hb_smoothing_h2q075_l3_soft_cp050_hb010_gate_2024_latest.mat,runs,generated_result,.mat,1267750,2026-08-27 07:37:40,09b2f83324746736849d869329663acd88fe3c7ef6edffdffc4a0483e14fe8c6,C:\Users\祁水\Desktop\风光氢氨系统\project\runs\stage5\joint_grid\rolling\v51_contract_plan_and_hb_smoothing_h2q075_l3_soft_cp050_hb010_gate_2024_latest.mat
runs/stage5/joint_grid/rolling/v51_contract_plan_and_hb_smoothing_h2q075_l3_soft_cp050_hb020_gate_2022_latest.mat,runs,generated_result,.mat,1205575,2026-08-24 23:41:40,2f1e83bb4cdd6d78c68149d64f42b0f0c9c91c48154840f4ff159f6241b090d8,C:\Users\祁水\Desktop\风光氢氨系统\project\runs\stage5\joint_grid\rolling\v51_contract_plan_and_hb_smoothing_h2q075_l3_soft_cp050_hb020_gate_2022_latest.mat
runs/stage5/joint_grid/rolling/v51_contract_plan_and_hb_smoothing_h2q075_l3_soft_cp050_hb020_gate_2024_latest.mat,runs,generated_result,.mat,1288779,2026-08-27 07:25:55,fb4df4436285f25e6675ec1dc4d82dc9bb3c236a1405e33f0e5e1170f6965ac9,C:\Users\祁水\Desktop\风光氢氨系统\project\runs\stage5\joint_grid\rolling\v51_contract_plan_and_hb_smoothing_h2q075_l3_soft_cp050_hb020_gate_2024_latest.mat
runs/stage5/joint_grid/rolling/v51_contract_plan_and_hb_smoothing_h2q075_l3_soft_gate_2022_latest.mat,runs,generated_result,.mat,1169358,2026-08-24 23:21:51,1e54c0460c51adf094ae167c4ead005d73e858bc469481d459746060ebde6f74,C:\Users\祁水\Desktop\风光氢氨系统\project\runs\stage5\joint_grid\rolling\v51_contract_plan_and_hb_smoothing_h2q075_l3_soft_gate_2022_latest.mat
runs/stage5/joint_grid/rolling/v51_contract_plan_and_hb_smoothing_h2q075_l3_soft_gate_2024_latest.mat,runs,generated_result,.mat,1277887,2026-08-27 09:35:15,58b72632357bea1a07b6b7561813a66ae87da4e7feca18aa7b168c58cd9b4556,C:\Users\祁水\Desktop\风光氢氨系统\project\runs\stage5\joint_grid\rolling\v51_contract_plan_and_hb_smoothing_h2q075_l3_soft_gate_2024_latest.mat
runs/stage5/joint_grid/rolling/v51_contract_plan_and_hb_smoothing_h2q075_l3_soft_hb005_gate_2022_latest.mat,runs,generated_result,.mat,1174127,2026-08-24 23:23:40,5de8102430b11ddd9f097798ecb3c01d3184b26e8f05df11902bace15a2c85c3,C:\Users\祁水\Desktop\风光氢氨系统\project\runs\stage5\joint_grid\rolling\v51_contract_plan_and_hb_smoothing_h2q075_l3_soft_hb005_gate_2022_latest.mat
runs/stage5/joint_grid/rolling/v51_contract_plan_and_hb_smoothing_h2q075_l3_soft_hb005_gate_2024_latest.mat,runs,generated_result,.mat,1277894,2026-08-27 09:23:32,a0734b4bcbb25f632fed41b71d0622aefd5304d5b71137a5d383f9a599da70eb,C:\Users\祁水\Desktop\风光氢氨系统\project\runs\stage5\joint_grid\rolling\v51_contract_plan_and_hb_smoothing_h2q075_l3_soft_hb005_gate_2024_latest.mat
runs/stage5/joint_grid/rolling/v51_contract_plan_and_hb_smoothing_h2q075_l3_soft_hb010_gate_2022_latest.mat,runs,generated_result,.mat,1185832,2026-08-24 23:25:29,f15b2b36878323e598de1409810476c487556ee35490c1b157b475a971285629,C:\Users\祁水\Desktop\风光氢氨系统\project\runs\stage5\joint_grid\rolling\v51_contract_plan_and_hb_smoothing_h2q075_l3_soft_hb010_gate_2022_latest.mat
runs/stage5/joint_grid/rolling/v51_contract_plan_and_hb_smoothing_h2q075_l3_soft_hb010_gate_2024_latest.mat,runs,generated_result,.mat,1273019,2026-08-27 09:11:47,f44a4e110707139f2d382092479673a0bc52590f14464dfea9bbf5702d40c8b5,C:\Users\祁水\Desktop\风光氢氨系统\project\runs\stage5\joint_grid\rolling\v51_contract_plan_and_hb_smoothing_h2q075_l3_soft_hb010_gate_2024_latest.mat
runs/stage5/joint_grid/rolling/v51_contract_plan_and_hb_smoothing_h2q075_l3_soft_hb020_gate_2022_latest.mat,runs,generated_result,.mat,1197665,2026-08-24 23:27:18,6551811832d134adbcb5bc02b9f2e1811ee61c7c4c648e7a814e1397bbd52e5e,C:\Users\祁水\Desktop\风光氢氨系统\project\runs\stage5\joint_grid\rolling\v51_contract_plan_and_hb_smoothing_h2q075_l3_soft_hb020_gate_2022_latest.mat
runs/stage5/joint_grid/rolling/v51_contract_plan_and_hb_smoothing_h2q075_l3_soft_hb020_gate_2024_latest.mat,runs,generated_result,.mat,1291320,2026-08-27 09:00:00,864ca17fb7df842fd4a7c1e6967d0cb802f3724db94bd707f3d34269c0373a57,C:\Users\祁水\Desktop\风光氢氨系统\project\runs\stage5\joint_grid\rolling\v51_contract_plan_and_hb_smoothing_h2q075_l3_soft_hb020_gate_2024_latest.mat
runs/stage5/joint_grid/rolling/v51_contract_plan_and_hb_smoothing_h2q090_l1_soft_cp025_gate_2022_latest.mat,runs,generated_result,.mat,1175328,2026-08-24 23:51:22,1a9fd702186ca0f9d83052612135827c2c282ca00e0f2149ee7de2e0e1f88b16,C:\Users\祁水\Desktop\风光氢氨系统\project\runs\stage5\joint_grid\rolling\v51_contract_plan_and_hb_smoothing_h2q090_l1_soft_cp025_gate_2022_latest.mat
runs/stage5/joint_grid/rolling/v51_contract_plan_and_hb_smoothing_h2q090_l1_soft_cp025_gate_2024_latest.mat,runs,generated_result,.mat,1283758,2026-08-27 09:58:51,d16869990cb837129f3b356074fd462080972fad8d6dd1074b6fd024ac6a6f8f,C:\Users\祁水\Desktop\风光氢氨系统\project\runs\stage5\joint_grid\rolling\v51_contract_plan_and_hb_smoothing_h2q090_l1_soft_cp025_gate_2024_latest.mat
runs/stage5/joint_grid/rolling/v51_contract_plan_and_hb_smoothing_h2q090_l1_soft_cp025_hb005_gate_2022_latest.mat,runs,generated_result,.mat,1180433,2026-08-24 23:53:11,c89a14a046add87d21c5dacb88a85312f315c80b82c786e61d9c23fee1569088,C:\Users\祁水\Desktop\风光氢氨系统\project\runs\stage5\joint_grid\rolling\v51_contract_plan_and_hb_smoothing_h2q090_l1_soft_cp025_hb005_gate_2022_latest.mat
runs/stage5/joint_grid/rolling/v51_contract_plan_and_hb_smoothing_h2q090_l1_soft_cp025_hb005_gate_2024_latest.mat,runs,generated_result,.mat,1280495,2026-08-27 09:47:03,8fcfcec2fbd73599d2d1c04d2169a536ad75569269214b6dec3cbbf6258daf87,C:\Users\祁水\Desktop\风光氢氨系统\project\runs\stage5\joint_grid\rolling\v51_contract_plan_and_hb_smoothing_h2q090_l1_soft_cp025_hb005_gate_2024_latest.mat
runs/stage5/joint_grid/rolling/v51_contract_plan_and_hb_smoothing_h2q090_l1_soft_cp025_hb010_gate_2022_latest.mat,runs,generated_result,.mat,1188392,2026-08-24 23:55:00,dd98ca871c974354ef51c2a86de8baf133eb795deb8da1fa32aab890c7d7a7ba,C:\Users\祁水\Desktop\风光氢氨系统\project\runs\stage5\joint_grid\rolling\v51_contract_plan_and_hb_smoothing_h2q090_l1_soft_cp025_hb010_gate_2022_latest.mat
runs/stage5/joint_grid/rolling/v51_contract_plan_and_hb_smoothing_h2q090_l1_soft_cp025_hb010_gate_2024_latest.mat,runs,generated_result,.mat,1280475,2026-08-27 10:47:50,16d84b5eda63854a14a5f573a5ff477d6a3b9b9a75e9c186e7751138de98e9e2,C:\Users\祁水\Desktop\风光氢氨系统\project\runs\stage5\joint_grid\rolling\v51_contract_plan_and_hb_smoothing_h2q090_l1_soft_cp025_hb010_gate_2024_latest.mat
runs/stage5/joint_grid/rolling/v51_contract_plan_and_hb_smoothing_h2q090_l1_soft_cp025_hb020_gate_2022_latest.mat,runs,generated_result,.mat,1200564,2026-08-24 23:56:50,ee2bd9f9a94d1f12979f556a114403939c995ebc7a9802f34c47dc2956ec1a17,C:\Users\祁水\Desktop\风光氢氨系统\project\runs\stage5\joint_grid\rolling\v51_contract_plan_and_hb_smoothing_h2q090_l1_soft_cp025_hb020_gate_2022_latest.mat
runs/stage5/joint_grid/rolling/v51_contract_plan_and_hb_smoothing_h2q090_l1_soft_cp025_hb020_gate_2024_latest.mat,runs,generated_result,.mat,1286118,2026-08-27 10:36:02,a819160a7530195d1b0d877091c649dfe5ad6b920fe14a925b967ca6b0c36a9e,C:\Users\祁水\Desktop\风光氢氨系统\project\runs\stage5\joint_grid\rolling\v51_contract_plan_and_hb_smoothing_h2q090_l1_soft_cp025_hb020_gate_2024_latest.mat
runs/stage5/joint_grid/rolling/v51_contract_plan_and_hb_smoothing_h2q090_l1_soft_cp050_gate_2022_latest.mat,runs,generated_result,.mat,1177792,2026-08-24 23:58:38,7cf19d7a84e06e4438487addc3983bca1a57c46dcefaca52a9256883f192333c,C:\Users\祁水\Desktop\风光氢氨系统\project\runs\stage5\joint_grid\rolling\v51_contract_plan_and_hb_smoothing_h2q090_l1_soft_cp050_gate_2022_latest.mat
runs/stage5/joint_grid/rolling/v51_contract_plan_and_hb_smoothing_h2q090_l1_soft_cp050_gate_2024_latest.mat,runs,generated_result,.mat,1278429,2026-08-27 10:24:10,7065715ded13a268b7ee02bcdf947e0bad2c138db4c639a388a86ccea4eb650c,C:\Users\祁水\Desktop\风光氢氨系统\project\runs\stage5\joint_grid\rolling\v51_contract_plan_and_hb_smoothing_h2q090_l1_soft_cp050_gate_2024_latest.mat
runs/stage5/joint_grid/rolling/v51_contract_plan_and_hb_smoothing_h2q090_l1_soft_cp050_hb005_gate_2022_latest.mat,runs,generated_result,.mat,1183095,2026-08-25 00:00:28,aa2bfbfd380496fb8cce5c487d1b3879873cfebb7fd6de2ccae992bcc0045e17,C:\Users\祁水\Desktop\风光氢氨系统\project\runs\stage5\joint_grid\rolling\v51_contract_plan_and_hb_smoothing_h2q090_l1_soft_cp050_hb005_gate_2022_latest.mat
runs/stage5/joint_grid/rolling/v51_contract_plan_and_hb_smoothing_h2q090_l1_soft_cp050_hb005_gate_2024_latest.mat,runs,generated_result,.mat,1275699,2026-08-27 10:12:22,e52a0c8325ea18ec159ace7ef8711a026cbfae344f8ef25cd60512b8f278cc75,C:\Users\祁水\Desktop\风光氢氨系统\project\runs\stage5\joint_grid\rolling\v51_contract_plan_and_hb_smoothing_h2q090_l1_soft_cp050_hb005_gate_2024_latest.mat
runs/stage5/joint_grid/rolling/v51_contract_plan_and_hb_smoothing_h2q090_l1_soft_cp050_hb010_gate_2022_latest.mat,runs,generated_result,.mat,1192267,2026-08-25 00:02:18,a0973815fd831e0073b86932581351bdc3516622861443e63d3543317a6f938b,C:\Users\祁水\Desktop\风光氢氨系统\project\runs\stage5\joint_grid\rolling\v51_contract_plan_and_hb_smoothing_h2q090_l1_soft_cp050_hb010_gate_2022_latest.mat
runs/stage5/joint_grid/rolling/v51_contract_plan_and_hb_smoothing_h2q090_l1_soft_cp050_hb010_gate_2024_latest.mat,runs,generated_result,.mat,1274116,2026-08-27 10:00:32,db670675f2c4aa5e8fc0c6bee87167bb9320a84e8809823e734aa09a43e4c79b,C:\Users\祁水\Desktop\风光氢氨系统\project\runs\stage5\joint_grid\rolling\v51_contract_plan_and_hb_smoothing_h2q090_l1_soft_cp050_hb010_gate_2024_latest.mat
runs/stage5/joint_grid/rolling/v51_contract_plan_and_hb_smoothing_h2q090_l1_soft_cp050_hb020_gate_2022_latest.mat,runs,generated_result,.mat,1203753,2026-08-25 00:04:08,3641ca12ef88cc25f12d06b61adf30163b5f125b15f43153585efbd18605d1aa,C:\Users\祁水\Desktop\风光氢氨系统\project\runs\stage5\joint_grid\rolling\v51_contract_plan_and_hb_smoothing_h2q090_l1_soft_cp050_hb020_gate_2022_latest.mat
runs/stage5/joint_grid/rolling/v51_contract_plan_and_hb_smoothing_h2q090_l1_soft_cp050_hb020_gate_2024_latest.mat,runs,generated_result,.mat,1283039,2026-08-27 09:48:41,a295aca1402c1ce34ccfc18c04d2838ea1fc6fcfaf3dfc4f2fc6ec554a3f92c9,C:\Users\祁水\Desktop\风光氢氨系统\project\runs\stage5\joint_grid\rolling\v51_contract_plan_and_hb_smoothing_h2q090_l1_soft_cp050_hb020_gate_2024_latest.mat
runs/stage5/joint_grid/rolling/v51_contract_plan_and_hb_smoothing_h2q090_l1_soft_gate_2022_latest.mat,runs,generated_result,.mat,1168896,2026-08-24 23:43:28,5789de77835f29626d66abb1156dd7f5d7676f450b9daa77a49f320978f58f51,C:\Users\祁水\Desktop\风光氢氨系统\project\runs\stage5\joint_grid\rolling\v51_contract_plan_and_hb_smoothing_h2q090_l1_soft_gate_2022_latest.mat
runs/stage5/joint_grid/rolling/v51_contract_plan_and_hb_smoothing_h2q090_l1_soft_gate_2024_latest.mat,runs,generated_result,.mat,1283416,2026-08-27 10:46:03,ca19784a796b7a8a9cd78feda801654944450e5ee555c4e27e5d4623e5299be1,C:\Users\祁水\Desktop\风光氢氨系统\project\runs\stage5\joint_grid\rolling\v51_contract_plan_and_hb_smoothing_h2q090_l1_soft_gate_2024_latest.mat
runs/stage5/joint_grid/rolling/v51_contract_plan_and_hb_smoothing_h2q090_l1_soft_hb005_gate_2022_latest.mat,runs,generated_result,.mat,1174903,2026-08-24 23:45:30,8aec83109e3e9bd36047a5c16519f30a9f721c8deccf1d6f1465478ae19b12a5,C:\Users\祁水\Desktop\风光氢氨系统\project\runs\stage5\joint_grid\rolling\v51_contract_plan_and_hb_smoothing_h2q090_l1_soft_hb005_gate_2022_latest.mat
runs/stage5/joint_grid/rolling/v51_contract_plan_and_hb_smoothing_h2q090_l1_soft_hb005_gate_2024_latest.mat,runs,generated_result,.mat,1279765,2026-08-27 10:34:16,c02d9c8bc479018519bb7aef99f17685f6d5b4e1de12093f95f1efeadf6f6eaa,C:\Users\祁水\Desktop\风光氢氨系统\project\runs\stage5\joint_grid\rolling\v51_contract_plan_and_hb_smoothing_h2q090_l1_soft_hb005_gate_2024_latest.mat
runs/stage5/joint_grid/rolling/v51_contract_plan_and_hb_smoothing_h2q090_l1_soft_hb010_gate_2022_latest.mat,runs,generated_result,.mat,1182154,2026-08-24 23:47:31,2cc7bc42fce9e74b2b35d290a75f5dae549030930ace360f83273f12391b4b3a,C:\Users\祁水\Desktop\风光氢氨系统\project\runs\stage5\joint_grid\rolling\v51_contract_plan_and_hb_smoothing_h2q090_l1_soft_hb010_gate_2022_latest.mat
runs/stage5/joint_grid/rolling/v51_contract_plan_and_hb_smoothing_h2q090_l1_soft_hb010_gate_2024_latest.mat,runs,generated_result,.mat,1279575,2026-08-27 10:22:28,a56e9c6a4c16c7b3a2ad73745a0be5ec5d59e6dd6365308c00d43b58a9603537,C:\Users\祁水\Desktop\风光氢氨系统\project\runs\stage5\joint_grid\rolling\v51_contract_plan_and_hb_smoothing_h2q090_l1_soft_hb010_gate_2024_latest.mat
runs/stage5/joint_grid/rolling/v51_contract_plan_and_hb_smoothing_h2q090_l1_soft_hb020_gate_2022_latest.mat,runs,generated_result,.mat,1194749,2026-08-24 23:49:34,1350b9981d2e8999569f6d02b97e03b5f6fce855dc993ebffbc243a566227617,C:\Users\祁水\Desktop\风光氢氨系统\project\runs\stage5\joint_grid\rolling\v51_contract_plan_and_hb_smoothing_h2q090_l1_soft_hb020_gate_2022_latest.mat
runs/stage5/joint_grid/rolling/v51_contract_plan_and_hb_smoothing_h2q090_l1_soft_hb020_gate_2024_latest.mat,runs,generated_result,.mat,1285569,2026-08-27 10:10:42,78ebcff18139d021def85326c977994fe67bb271ae5c56904a6fe66f25f2968b,C:\Users\祁水\Desktop\风光氢氨系统\project\runs\stage5\joint_grid\rolling\v51_contract_plan_and_hb_smoothing_h2q090_l1_soft_hb020_gate_2024_latest.mat
runs/stage5/joint_grid/rolling/v51_contract_plan_and_hb_smoothing_h2q090_l2_soft_cp025_gate_2022_latest.mat,runs,generated_result,.mat,1176045,2026-08-25 00:13:10,adb72058cde84328508f3bd2a50ab92921b1418684adab81b926b7bf3620c81c,C:\Users\祁水\Desktop\风光氢氨系统\project\runs\stage5\joint_grid\rolling\v51_contract_plan_and_hb_smoothing_h2q090_l2_soft_cp025_gate_2022_latest.mat
runs/stage5/joint_grid/rolling/v51_contract_plan_and_hb_smoothing_h2q090_l2_soft_cp025_gate_2024_latest.mat,runs,generated_result,.mat,1276237,2026-08-27 09:59:10,2f1320b4cec4d85d9f66a484a4ac183453f189fc86b326913060eff882c0b9f0,C:\Users\祁水\Desktop\风光氢氨系统\project\runs\stage5\joint_grid\rolling\v51_contract_plan_and_hb_smoothing_h2q090_l2_soft_cp025_gate_2024_latest.mat
runs/stage5/joint_grid/rolling/v51_contract_plan_and_hb_smoothing_h2q090_l2_soft_cp025_hb005_gate_2022_latest.mat,runs,generated_result,.mat,1181984,2026-08-25 00:14:59,986acb6b7ba1e2fdcd23a8e2fbb038559e5e1bb68836ba157a05b5db80856017,C:\Users\祁水\Desktop\风光氢氨系统\project\runs\stage5\joint_grid\rolling\v51_contract_plan_and_hb_smoothing_h2q090_l2_soft_cp025_hb005_gate_2022_latest.mat
runs/stage5/joint_grid/rolling/v51_contract_plan_and_hb_smoothing_h2q090_l2_soft_cp025_hb005_gate_2024_latest.mat,runs,generated_result,.mat,1283480,2026-08-27 09:47:20,48f05df818a83097f4a8e5e4370d114de4e03e6e50c0460ae3548169eff13fc2,C:\Users\祁水\Desktop\风光氢氨系统\project\runs\stage5\joint_grid\rolling\v51_contract_plan_and_hb_smoothing_h2q090_l2_soft_cp025_hb005_gate_2024_latest.mat
runs/stage5/joint_grid/rolling/v51_contract_plan_and_hb_smoothing_h2q090_l2_soft_cp025_hb010_gate_2022_latest.mat,runs,generated_result,.mat,1188648,2026-08-25 00:16:48,e82fea82c789c979154de1bbb8fc56f2828777356352601ed6b6af549fb64838,C:\Users\祁水\Desktop\风光氢氨系统\project\runs\stage5\joint_grid\rolling\v51_contract_plan_and_hb_smoothing_h2q090_l2_soft_cp025_hb010_gate_2022_latest.mat
runs/stage5/joint_grid/rolling/v51_contract_plan_and_hb_smoothing_h2q090_l2_soft_cp025_hb010_gate_2024_latest.mat,runs,generated_result,.mat,1284351,2026-08-27 10:47:26,885b848cd5169fb8f3bf7d3f9b5edb3a1dd88472bfe266735d2dd1cf0a3229fc,C:\Users\祁水\Desktop\风光氢氨系统\project\runs\stage5\joint_grid\rolling\v51_contract_plan_and_hb_smoothing_h2q090_l2_soft_cp025_hb010_gate_2024_latest.mat
runs/stage5/joint_grid/rolling/v51_contract_plan_and_hb_smoothing_h2q090_l2_soft_cp025_hb020_gate_2022_latest.mat,runs,generated_result,.mat,1199400,2026-08-25 00:18:37,b9b2a6b6f08888dcc4fea0dc79ca4e965b36637d84ae92c13f72f32e935521e3,C:\Users\祁水\Desktop\风光氢氨系统\project\runs\stage5\joint_grid\rolling\v51_contract_plan_and_hb_smoothing_h2q090_l2_soft_cp025_hb020_gate_2022_latest.mat
runs/stage5/joint_grid/rolling/v51_contract_plan_and_hb_smoothing_h2q090_l2_soft_cp025_hb020_gate_2024_latest.mat,runs,generated_result,.mat,1284182,2026-08-27 10:35:30,66e1d38ea3ce1c11c0dc7c28590027c64551871dcafaade8c43165ac5c5dc73d,C:\Users\祁水\Desktop\风光氢氨系统\project\runs\stage5\joint_grid\rolling\v51_contract_plan_and_hb_smoothing_h2q090_l2_soft_cp025_hb020_gate_2024_latest.mat
runs/stage5/joint_grid/rolling/v51_contract_plan_and_hb_smoothing_h2q090_l2_soft_cp050_gate_2022_latest.mat,runs,generated_result,.mat,1177762,2026-08-25 00:20:26,d8fdd6cb864ccf05e2c3361a57689913e6622212e0b574647f6b80aa36ce1f0b,C:\Users\祁水\Desktop\风光氢氨系统\project\runs\stage5\joint_grid\rolling\v51_contract_plan_and_hb_smoothing_h2q090_l2_soft_cp050_gate_2022_latest.mat
runs/stage5/joint_grid/rolling/v51_contract_plan_and_hb_smoothing_h2q090_l2_soft_cp050_gate_2024_latest.mat,runs,generated_result,.mat,1271296,2026-08-27 10:23:32,50baaf097bc1fcea3218c4d7bf4de8a276fe660b71f3b54decc837b4c4710799,C:\Users\祁水\Desktop\风光氢氨系统\project\runs\stage5\joint_grid\rolling\v51_contract_plan_and_hb_smoothing_h2q090_l2_soft_cp050_gate_2024_latest.mat
runs/stage5/joint_grid/rolling/v51_contract_plan_and_hb_smoothing_h2q090_l2_soft_cp050_hb005_gate_2022_latest.mat,runs,generated_result,.mat,1184560,2026-08-25 00:22:16,744099320746ac3451116d9e15e4031b5f6032882689eefdbaf87b7ed5931942,C:\Users\祁水\Desktop\风光氢氨系统\project\runs\stage5\joint_grid\rolling\v51_contract_plan_and_hb_smoothing_h2q090_l2_soft_cp050_hb005_gate_2022_latest.mat
runs/stage5/joint_grid/rolling/v51_contract_plan_and_hb_smoothing_h2q090_l2_soft_cp050_hb005_gate_2024_latest.mat,runs,generated_result,.mat,1278515,2026-08-27 10:11:42,278a021cf772153b5610a30945129a8593336230ae0adf8b0f23c4f21008ea23,C:\Users\祁水\Desktop\风光氢氨系统\project\runs\stage5\joint_grid\rolling\v51_contract_plan_and_hb_smoothing_h2q090_l2_soft_cp050_hb005_gate_2024_latest.mat
runs/stage5/joint_grid/rolling/v51_contract_plan_and_hb_smoothing_h2q090_l2_soft_cp050_hb010_gate_2022_latest.mat,runs,generated_result,.mat,1192264,2026-08-25 00:24:06,cea9137cc0798095ef8318d492a404d1803db4e23d70487551f2f8dcecbdffe4,C:\Users\祁水\Desktop\风光氢氨系统\project\runs\stage5\joint_grid\rolling\v51_contract_plan_and_hb_smoothing_h2q090_l2_soft_cp050_hb010_gate_2022_latest.mat
runs/stage5/joint_grid/rolling/v51_contract_plan_and_hb_smoothing_h2q090_l2_soft_cp050_hb010_gate_2024_latest.mat,runs,generated_result,.mat,1278052,2026-08-27 09:59:55,1d4f696a14eaa7e8ac870d27ea2dc650d09682db15d4e17e64b4d38a8288452c,C:\Users\祁水\Desktop\风光氢氨系统\project\runs\stage5\joint_grid\rolling\v51_contract_plan_and_hb_smoothing_h2q090_l2_soft_cp050_hb010_gate_2024_latest.mat
runs/stage5/joint_grid/rolling/v51_contract_plan_and_hb_smoothing_h2q090_l2_soft_cp050_hb020_gate_2022_latest.mat,runs,generated_result,.mat,1202683,2026-08-25 00:25:55,32dd71f492f9d9dfb98a82aa42f612c804c06c5ecefe48e01169c8dc0ec051af,C:\Users\祁水\Desktop\风光氢氨系统\project\runs\stage5\joint_grid\rolling\v51_contract_plan_and_hb_smoothing_h2q090_l2_soft_cp050_hb020_gate_2022_latest.mat
runs/stage5/joint_grid/rolling/v51_contract_plan_and_hb_smoothing_h2q090_l2_soft_cp050_hb020_gate_2024_latest.mat,runs,generated_result,.mat,1280938,2026-08-27 09:47:57,c05cc941a2bbaa16ef9056bcc823e7146e8d747d843aba771770fd1f4bac2cee,C:\Users\祁水\Desktop\风光氢氨系统\project\runs\stage5\joint_grid\rolling\v51_contract_plan_and_hb_smoothing_h2q090_l2_soft_cp050_hb020_gate_2024_latest.mat
runs/stage5/joint_grid/rolling/v51_contract_plan_and_hb_smoothing_h2q090_l2_soft_gate_2022_latest.mat,runs,generated_result,.mat,1169635,2026-08-25 00:05:55,8466c377f9e0a90d67a44aef06f5b322e4472e77c44b8b4241d5a7087a49b62b,C:\Users\祁水\Desktop\风光氢氨系统\project\runs\stage5\joint_grid\rolling\v51_contract_plan_and_hb_smoothing_h2q090_l2_soft_gate_2022_latest.mat
runs/stage5/joint_grid/rolling/v51_contract_plan_and_hb_smoothing_h2q090_l2_soft_gate_2024_latest.mat,runs,generated_result,.mat,1275951,2026-08-27 10:46:41,bce73da7dfa2493d6cb885ed9751b0aaa9ee47c3e9bd2199c0e6eb37b2fbdf0a,C:\Users\祁水\Desktop\风光氢氨系统\project\runs\stage5\joint_grid\rolling\v51_contract_plan_and_hb_smoothing_h2q090_l2_soft_gate_2024_latest.mat
runs/stage5/joint_grid/rolling/v51_contract_plan_and_hb_smoothing_h2q090_l2_soft_hb005_gate_2022_latest.mat,runs,generated_result,.mat,1176324,2026-08-25 00:07:44,a6af392fd4aa338c4d9996fc910ebb8495c46be60ce9a45a8b82c8919eeef8ac,C:\Users\祁水\Desktop\风光氢氨系统\project\runs\stage5\joint_grid\rolling\v51_contract_plan_and_hb_smoothing_h2q090_l2_soft_hb005_gate_2022_latest.mat
runs/stage5/joint_grid/rolling/v51_contract_plan_and_hb_smoothing_h2q090_l2_soft_hb005_gate_2024_latest.mat,runs,generated_result,.mat,1282658,2026-08-27 10:34:49,99505fdfb36a8bce400bda257905978497327ac4dc69b5919ca284f1c91909ba,C:\Users\祁水\Desktop\风光氢氨系统\project\runs\stage5\joint_grid\rolling\v51_contract_plan_and_hb_smoothing_h2q090_l2_soft_hb005_gate_2024_latest.mat
runs/stage5/joint_grid/rolling/v51_contract_plan_and_hb_smoothing_h2q090_l2_soft_hb010_gate_2022_latest.mat,runs,generated_result,.mat,1182928,2026-08-25 00:09:33,752db89b7afc5b954c75417bbb3e4aa6b65ffeb0823b61c3f9924c02d4cbcadb,C:\Users\祁水\Desktop\风光氢氨系统\project\runs\stage5\joint_grid\rolling\v51_contract_plan_and_hb_smoothing_h2q090_l2_soft_hb010_gate_2022_latest.mat
runs/stage5/joint_grid/rolling/v51_contract_plan_and_hb_smoothing_h2q090_l2_soft_hb010_gate_2024_latest.mat,runs,generated_result,.mat,1283517,2026-08-27 10:23:02,1d3f2784a38b515f543a33034eb81815ac79cb5db71e9ae4428414ca61ca8cfc,C:\Users\祁水\Desktop\风光氢氨系统\project\runs\stage5\joint_grid\rolling\v51_contract_plan_and_hb_smoothing_h2q090_l2_soft_hb010_gate_2024_latest.mat
runs/stage5/joint_grid/rolling/v51_contract_plan_and_hb_smoothing_h2q090_l2_soft_hb020_gate_2022_latest.mat,runs,generated_result,.mat,1194147,2026-08-25 00:11:21,29d09441a248fc3491a8ed74784c097afdcab45f5791a7668fc1886f6f454141,C:\Users\祁水\Desktop\风光氢氨系统\project\runs\stage5\joint_grid\rolling\v51_contract_plan_and_hb_smoothing_h2q090_l2_soft_hb020_gate_2022_latest.mat
runs/stage5/joint_grid/rolling/v51_contract_plan_and_hb_smoothing_h2q090_l2_soft_hb020_gate_2024_latest.mat,runs,generated_result,.mat,1283586,2026-08-27 10:11:10,43d4b00d7e8fd14314f2561a2b356ce8589df0a4ccbdd4b405d1365ddadde370,C:\Users\祁水\Desktop\风光氢氨系统\project\runs\stage5\joint_grid\rolling\v51_contract_plan_and_hb_smoothing_h2q090_l2_soft_hb020_gate_2024_latest.mat
runs/stage5/joint_grid/rolling/v51_contract_plan_and_hb_smoothing_h2q090_l3_soft_cp025_gate_2022_latest.mat,runs,generated_result,.mat,1191013,2026-08-25 00:34:55,aee3f30c9e58bd46ec1231e4c3cedbf4db2a5553a16f6e13a18abf0df6e70f80,C:\Users\祁水\Desktop\风光氢氨系统\project\runs\stage5\joint_grid\rolling\v51_contract_plan_and_hb_smoothing_h2q090_l3_soft_cp025_gate_2022_latest.mat
runs/stage5/joint_grid/rolling/v51_contract_plan_and_hb_smoothing_h2q090_l3_soft_cp025_gate_2024_latest.mat,runs,generated_result,.mat,1274197,2026-08-27 09:59:47,e74cddaf3e96904bcd2f14d06dd558716dd4c224662a58f1cd7ff7bf55c6b808,C:\Users\祁水\Desktop\风光氢氨系统\project\runs\stage5\joint_grid\rolling\v51_contract_plan_and_hb_smoothing_h2q090_l3_soft_cp025_gate_2024_latest.mat
runs/stage5/joint_grid/rolling/v51_contract_plan_and_hb_smoothing_h2q090_l3_soft_cp025_hb005_gate_2022_latest.mat,runs,generated_result,.mat,1196612,2026-08-25 00:36:44,cc5c52189bbed390916ebaec3e187b4268935be5db8df4a00004c5b0ddacf804,C:\Users\祁水\Desktop\风光氢氨系统\project\runs\stage5\joint_grid\rolling\v51_contract_plan_and_hb_smoothing_h2q090_l3_soft_cp025_hb005_gate_2022_latest.mat
runs/stage5/joint_grid/rolling/v51_contract_plan_and_hb_smoothing_h2q090_l3_soft_cp025_hb005_gate_2024_latest.mat,runs,generated_result,.mat,1274677,2026-08-27 09:47:54,c0a7e1d9d33ebd0f33e6865ce6d6b99ff61c39d4474f1bcf601a0ee8cfde47ac,C:\Users\祁水\Desktop\风光氢氨系统\project\runs\stage5\joint_grid\rolling\v51_contract_plan_and_hb_smoothing_h2q090_l3_soft_cp025_hb005_gate_2024_latest.mat
runs/stage5/joint_grid/rolling/v51_contract_plan_and_hb_smoothing_h2q090_l3_soft_cp025_hb010_gate_2022_latest.mat,runs,generated_result,.mat,1206223,2026-08-25 00:38:33,95b4a0bffe7401a85272ac7dfee7e64028da267fe8eb295a974458d085d6d0f5,C:\Users\祁水\Desktop\风光氢氨系统\project\runs\stage5\joint_grid\rolling\v51_contract_plan_and_hb_smoothing_h2q090_l3_soft_cp025_hb010_gate_2022_latest.mat
runs/stage5/joint_grid/rolling/v51_contract_plan_and_hb_smoothing_h2q090_l3_soft_cp025_hb010_gate_2024_latest.mat,runs,generated_result,.mat,1276534,2026-08-27 10:47:45,32843e88870a87f130c2e8ea554a6f002ab980ec94fa83294e498f00b7f3f0bf,C:\Users\祁水\Desktop\风光氢氨系统\project\runs\stage5\joint_grid\rolling\v51_contract_plan_and_hb_smoothing_h2q090_l3_soft_cp025_hb010_gate_2024_latest.mat
runs/stage5/joint_grid/rolling/v51_contract_plan_and_hb_smoothing_h2q090_l3_soft_cp025_hb020_gate_2022_latest.mat,runs,generated_result,.mat,1216618,2026-08-25 00:40:23,220aabeeaa9e18fffb19f7849deb5e29105bf3f35310f5d04f5e1dbbae9b6cb4,C:\Users\祁水\Desktop\风光氢氨系统\project\runs\stage5\joint_grid\rolling\v51_contract_plan_and_hb_smoothing_h2q090_l3_soft_cp025_hb020_gate_2022_latest.mat
runs/stage5/joint_grid/rolling/v51_contract_plan_and_hb_smoothing_h2q090_l3_soft_cp025_hb020_gate_2024_latest.mat,runs,generated_result,.mat,1282912,2026-08-27 10:35:54,5f05ea4c40859bed3ecfa7461d1f181e0c9ef95cf514aac2d6d0476b0ac6228a,C:\Users\祁水\Desktop\风光氢氨系统\project\runs\stage5\joint_grid\rolling\v51_contract_plan_and_hb_smoothing_h2q090_l3_soft_cp025_hb020_gate_2024_latest.mat
runs/stage5/joint_grid/rolling/v51_contract_plan_and_hb_smoothing_h2q090_l3_soft_cp050_gate_2022_latest.mat,runs,generated_result,.mat,1193196,2026-08-25 00:42:09,03bd376083190e39b115d7830539306f03efa6bb53425b9395f5b79daf7843f7,C:\Users\祁水\Desktop\风光氢氨系统\project\runs\stage5\joint_grid\rolling\v51_contract_plan_and_hb_smoothing_h2q090_l3_soft_cp050_gate_2022_latest.mat
runs/stage5/joint_grid/rolling/v51_contract_plan_and_hb_smoothing_h2q090_l3_soft_cp050_gate_2024_latest.mat,runs,generated_result,.mat,1268834,2026-08-27 10:23:59,a2ec52a89f4ccd341131ae2a7c29f01017dc3824a238ee1b49e9c6b29cb8e167,C:\Users\祁水\Desktop\风光氢氨系统\project\runs\stage5\joint_grid\rolling\v51_contract_plan_and_hb_smoothing_h2q090_l3_soft_cp050_gate_2024_latest.mat
runs/stage5/joint_grid/rolling/v51_contract_plan_and_hb_smoothing_h2q090_l3_soft_cp050_hb005_gate_2022_latest.mat,runs,generated_result,.mat,1199171,2026-08-25 00:43:58,f34a1c18da333b2310b7a2706d1b50de5c3a342c1f3979e7a37950e479a7ee40,C:\Users\祁水\Desktop\风光氢氨系统\project\runs\stage5\joint_grid\rolling\v51_contract_plan_and_hb_smoothing_h2q090_l3_soft_cp050_hb005_gate_2022_latest.mat
runs/stage5/joint_grid/rolling/v51_contract_plan_and_hb_smoothing_h2q090_l3_soft_cp050_hb005_gate_2024_latest.mat,runs,generated_result,.mat,1269910,2026-08-27 10:12:07,70c1c0bd4587fde96ce76f8460bfb6520db8fb559a5113f8808d44ad8d33791e,C:\Users\祁水\Desktop\风光氢氨系统\project\runs\stage5\joint_grid\rolling\v51_contract_plan_and_hb_smoothing_h2q090_l3_soft_cp050_hb005_gate_2024_latest.mat
runs/stage5/joint_grid/rolling/v51_contract_plan_and_hb_smoothing_h2q090_l3_soft_cp050_hb010_gate_2022_latest.mat,runs,generated_result,.mat,1209706,2026-08-25 00:45:48,0b70bdde711a93dca70a3b20ebf37b511b9d678e691fa0d43c8afe35f8a79697,C:\Users\祁水\Desktop\风光氢氨系统\project\runs\stage5\joint_grid\rolling\v51_contract_plan_and_hb_smoothing_h2q090_l3_soft_cp050_hb010_gate_2022_latest.mat
runs/stage5/joint_grid/rolling/v51_contract_plan_and_hb_smoothing_h2q090_l3_soft_cp050_hb010_gate_2024_latest.mat,runs,generated_result,.mat,1270252,2026-08-27 10:00:17,fe8adc9997352e78b9f1b86a8c566a3496b5b8a629582e40ddd7c7473739c47c,C:\Users\祁水\Desktop\风光氢氨系统\project\runs\stage5\joint_grid\rolling\v51_contract_plan_and_hb_smoothing_h2q090_l3_soft_cp050_hb010_gate_2024_latest.mat
runs/stage5/joint_grid/rolling/v51_contract_plan_and_hb_smoothing_h2q090_l3_soft_cp050_hb020_gate_2022_latest.mat,runs,generated_result,.mat,1218213,2026-08-25 00:47:38,059d8b375b60dd34b3a694be6648017e03fe7576469abdee50af5c708de0a513,C:\Users\祁水\Desktop\风光氢氨系统\project\runs\stage5\joint_grid\rolling\v51_contract_plan_and_hb_smoothing_h2q090_l3_soft_cp050_hb020_gate_2022_latest.mat
runs/stage5/joint_grid/rolling/v51_contract_plan_and_hb_smoothing_h2q090_l3_soft_cp050_hb020_gate_2024_latest.mat,runs,generated_result,.mat,1279896,2026-08-27 09:48:25,fc8086834ae7ed50637586e7e78b35ec3665bc51a06051fe723290cc2f94be4f,C:\Users\祁水\Desktop\风光氢氨系统\project\runs\stage5\joint_grid\rolling\v51_contract_plan_and_hb_smoothing_h2q090_l3_soft_cp050_hb020_gate_2024_latest.mat
runs/stage5/joint_grid/rolling/v51_contract_plan_and_hb_smoothing_h2q090_l3_soft_gate_2022_latest.mat,runs,generated_result,.mat,1186054,2026-08-25 00:27:40,e734c6b2daf6247aa112d87aed5ad6368a0742dd72a861463f8666d08e9b3be6,C:\Users\祁水\Desktop\风光氢氨系统\project\runs\stage5\joint_grid\rolling\v51_contract_plan_and_hb_smoothing_h2q090_l3_soft_gate_2022_latest.mat
runs/stage5/joint_grid/rolling/v51_contract_plan_and_hb_smoothing_h2q090_l3_soft_gate_2024_latest.mat,runs,generated_result,.mat,1273921,2026-08-27 10:47:04,7fb1426762310c4eb6fcd81dd2a798ae2988c950d52b2c834cef609b7ce71b03,C:\Users\祁水\Desktop\风光氢氨系统\project\runs\stage5\joint_grid\rolling\v51_contract_plan_and_hb_smoothing_h2q090_l3_soft_gate_2024_latest.mat
runs/stage5/joint_grid/rolling/v51_contract_plan_and_hb_smoothing_h2q090_l3_soft_hb005_gate_2022_latest.mat,runs,generated_result,.mat,1191756,2026-08-25 00:29:28,7bb86af149a79a65eee15841034609a5228e24174042b99bb75c06097a9445ae,C:\Users\祁水\Desktop\风光氢氨系统\project\runs\stage5\joint_grid\rolling\v51_contract_plan_and_hb_smoothing_h2q090_l3_soft_hb005_gate_2022_latest.mat
runs/stage5/joint_grid/rolling/v51_contract_plan_and_hb_smoothing_h2q090_l3_soft_hb005_gate_2024_latest.mat,runs,generated_result,.mat,1273852,2026-08-27 10:35:13,e9380daf7eb3f08467dece6c67fc9ecf964cbc724a1e2f6285b9bb467cfcedd2,C:\Users\祁水\Desktop\风光氢氨系统\project\runs\stage5\joint_grid\rolling\v51_contract_plan_and_hb_smoothing_h2q090_l3_soft_hb005_gate_2024_latest.mat
runs/stage5/joint_grid/rolling/v51_contract_plan_and_hb_smoothing_h2q090_l3_soft_hb010_gate_2022_latest.mat,runs,generated_result,.mat,1202698,2026-08-25 00:31:17,e9c665a89ec4e4a5635e4de76af4c52266e385c89dd2377115f607da7fa61b4d,C:\Users\祁水\Desktop\风光氢氨系统\project\runs\stage5\joint_grid\rolling\v51_contract_plan_and_hb_smoothing_h2q090_l3_soft_hb010_gate_2022_latest.mat
runs/stage5/joint_grid/rolling/v51_contract_plan_and_hb_smoothing_h2q090_l3_soft_hb010_gate_2024_latest.mat,runs,generated_result,.mat,1275665,2026-08-27 10:23:26,e0b04663de063da8ec332c9f0b7977c045b1356e81527c794d014c921d2d18b2,C:\Users\祁水\Desktop\风光氢氨系统\project\runs\stage5\joint_grid\rolling\v51_contract_plan_and_hb_smoothing_h2q090_l3_soft_hb010_gate_2024_latest.mat
runs/stage5/joint_grid/rolling/v51_contract_plan_and_hb_smoothing_h2q090_l3_soft_hb020_gate_2022_latest.mat,runs,generated_result,.mat,1211964,2026-08-25 00:33:11,68a50e733b20a78f40bdb9855b273bbb190ca9a4a4ce6450d11f04058ce774e2,C:\Users\祁水\Desktop\风光氢氨系统\project\runs\stage5\joint_grid\rolling\v51_contract_plan_and_hb_smoothing_h2q090_l3_soft_hb020_gate_2022_latest.mat
runs/stage5/joint_grid/rolling/v51_contract_plan_and_hb_smoothing_h2q090_l3_soft_hb020_gate_2024_latest.mat,runs,generated_result,.mat,1282291,2026-08-27 10:11:39,7a8693152312b20312c323c7edd36dcb5768509cbb0c5cd483ac3d888586c29d,C:\Users\祁水\Desktop\风光氢氨系统\project\runs\stage5\joint_grid\rolling\v51_contract_plan_and_hb_smoothing_h2q090_l3_soft_hb020_gate_2024_latest.mat
runs/stage5/joint_grid/rolling/v51_contract_plan_and_hb_smoothing_h2q095_l1_soft_cp025_gate_2022_latest.mat,runs,generated_result,.mat,1175818,2026-08-25 00:57:20,f284c6f01201a85ff719ee013ae65c61e706551e8a6bd393931ce0990353cd44,C:\Users\祁水\Desktop\风光氢氨系统\project\runs\stage5\joint_grid\rolling\v51_contract_plan_and_hb_smoothing_h2q095_l1_soft_cp025_gate_2022_latest.mat
runs/stage5/joint_grid/rolling/v51_contract_plan_and_hb_smoothing_h2q095_l1_soft_cp025_gate_2024_latest.mat,runs,generated_result,.mat,1275367,2026-08-27 11:10:31,8d9aeec77d1a180cbcd8a1e5a86a45bddd95684ebe35c3068df6398a83d5311e,C:\Users\祁水\Desktop\风光氢氨系统\project\runs\stage5\joint_grid\rolling\v51_contract_plan_and_hb_smoothing_h2q095_l1_soft_cp025_gate_2024_latest.mat
runs/stage5/joint_grid/rolling/v51_contract_plan_and_hb_smoothing_h2q095_l1_soft_cp025_hb005_gate_2022_latest.mat,runs,generated_result,.mat,1182094,2026-08-25 00:59:09,c58d6666fabba8328c2a7878b3c9edbe110598d77f46bbad46ba62879462e88c,C:\Users\祁水\Desktop\风光氢氨系统\project\runs\stage5\joint_grid\rolling\v51_contract_plan_and_hb_smoothing_h2q095_l1_soft_cp025_hb005_gate_2022_latest.mat
runs/stage5/joint_grid/rolling/v51_contract_plan_and_hb_smoothing_h2q095_l1_soft_cp025_hb005_gate_2024_latest.mat,runs,generated_result,.mat,1276056,2026-08-27 10:58:35,c95f397810bd3c47fd43bc15d5f279931ffe74786de2dea87d1f7deea609f4f3,C:\Users\祁水\Desktop\风光氢氨系统\project\runs\stage5\joint_grid\rolling\v51_contract_plan_and_hb_smoothing_h2q095_l1_soft_cp025_hb005_gate_2024_latest.mat
runs/stage5/joint_grid/rolling/v51_contract_plan_and_hb_smoothing_h2q095_l1_soft_cp025_hb010_gate_2022_latest.mat,runs,generated_result,.mat,1188118,2026-08-25 01:00:59,8700337c1c601eca74ac1a8a59dadb3ee75afc5ba27abbf242dcebe52f9f7818,C:\Users\祁水\Desktop\风光氢氨系统\project\runs\stage5\joint_grid\rolling\v51_contract_plan_and_hb_smoothing_h2q095_l1_soft_cp025_hb010_gate_2022_latest.mat
runs/stage5/joint_grid/rolling/v51_contract_plan_and_hb_smoothing_h2q095_l1_soft_cp025_hb010_gate_2024_latest.mat,runs,generated_result,.mat,1281200,2026-08-27 11:29:05,d86be5f9ae0ba00c1da6c467d2f66ac49f089475113e027514b5b6d167a3bc9e,C:\Users\祁水\Desktop\风光氢氨系统\project\runs\stage5\joint_grid\rolling\v51_contract_plan_and_hb_smoothing_h2q095_l1_soft_cp025_hb010_gate_2024_latest.mat
runs/stage5/joint_grid/rolling/v51_contract_plan_and_hb_smoothing_h2q095_l1_soft_cp025_hb020_gate_2022_latest.mat,runs,generated_result,.mat,1201413,2026-08-25 01:02:49,28d95d384cebc91e68e50aa2f289413c0c29b70472ff296cdfd473275bdba08a,C:\Users\祁水\Desktop\风光氢氨系统\project\runs\stage5\joint_grid\rolling\v51_contract_plan_and_hb_smoothing_h2q095_l1_soft_cp025_hb020_gate_2022_latest.mat
runs/stage5/joint_grid/rolling/v51_contract_plan_and_hb_smoothing_h2q095_l1_soft_cp025_hb020_gate_2024_latest.mat,runs,generated_result,.mat,1289700,2026-08-27 11:11:22,b962272a120644d9fa0da5051b4b9499ff81af028ae8c39c3a2471c3d8d37301,C:\Users\祁水\Desktop\风光氢氨系统\project\runs\stage5\joint_grid\rolling\v51_contract_plan_and_hb_smoothing_h2q095_l1_soft_cp025_hb020_gate_2024_latest.mat
runs/stage5/joint_grid/rolling/v51_contract_plan_and_hb_smoothing_h2q095_l1_soft_cp050_gate_2022_latest.mat,runs,generated_result,.mat,1178024,2026-08-25 01:04:37,04f7f58fd7df5ecd5ead7390479442b53549c954ff51053c2428609c64c7ddcf,C:\Users\祁水\Desktop\风光氢氨系统\project\runs\stage5\joint_grid\rolling\v51_contract_plan_and_hb_smoothing_h2q095_l1_soft_cp050_gate_2022_latest.mat
runs/stage5/joint_grid/rolling/v51_contract_plan_and_hb_smoothing_h2q095_l1_soft_cp050_gate_2024_latest.mat,runs,generated_result,.mat,1270704,2026-08-27 10:59:20,080b5e4da4c3c208b9e9b9dd8499fbe965a7d0c4f9a26ff7ff98adf685baeb79,C:\Users\祁水\Desktop\风光氢氨系统\project\runs\stage5\joint_grid\rolling\v51_contract_plan_and_hb_smoothing_h2q095_l1_soft_cp050_gate_2024_latest.mat
runs/stage5/joint_grid/rolling/v51_contract_plan_and_hb_smoothing_h2q095_l1_soft_cp050_hb005_gate_2022_latest.mat,runs,generated_result,.mat,1183815,2026-08-25 01:06:27,121464c9ea9ee50c79e284016ee13895279a6054b76981ab6bf3547607eb81f9,C:\Users\祁水\Desktop\风光氢氨系统\project\runs\stage5\joint_grid\rolling\v51_contract_plan_and_hb_smoothing_h2q095_l1_soft_cp050_hb005_gate_2022_latest.mat
runs/stage5/joint_grid/rolling/v51_contract_plan_and_hb_smoothing_h2q095_l1_soft_cp050_hb005_gate_2024_latest.mat,runs,generated_result,.mat,1271317,2026-08-27 11:28:24,acdd2fa04b95bf5780dac7e76cce685c42adaa384a4dc3f08c93be66734fbae2,C:\Users\祁水\Desktop\风光氢氨系统\project\runs\stage5\joint_grid\rolling\v51_contract_plan_and_hb_smoothing_h2q095_l1_soft_cp050_hb005_gate_2024_latest.mat
runs/stage5/joint_grid/rolling/v51_contract_plan_and_hb_smoothing_h2q095_l1_soft_cp050_hb010_gate_2022_latest.mat,runs,generated_result,.mat,1192093,2026-08-25 01:08:17,de33cea9fde255f56b9f083a00c58ea3cf6110e96a25054e17fc6fcb76486f06,C:\Users\祁水\Desktop\风光氢氨系统\project\runs\stage5\joint_grid\rolling\v51_contract_plan_and_hb_smoothing_h2q095_l1_soft_cp050_hb010_gate_2022_latest.mat
runs/stage5/joint_grid/rolling/v51_contract_plan_and_hb_smoothing_h2q095_l1_soft_cp050_hb010_gate_2024_latest.mat,runs,generated_result,.mat,1274759,2026-08-27 11:11:07,5728771b6dd390a2cab6db3d6af89f4fcc5854ba88b1fc2b6c19dddbeb78843b,C:\Users\祁水\Desktop\风光氢氨系统\project\runs\stage5\joint_grid\rolling\v51_contract_plan_and_hb_smoothing_h2q095_l1_soft_cp050_hb010_gate_2024_latest.mat
runs/stage5/joint_grid/rolling/v51_contract_plan_and_hb_smoothing_h2q095_l1_soft_cp050_hb020_gate_2022_latest.mat,runs,generated_result,.mat,1204963,2026-08-25 01:10:08,daae5f7b14f2f23d3b70a1b4dcd43f2d756aa04b554c2b3752ac471366f3c8dc,C:\Users\祁水\Desktop\风光氢氨系统\project\runs\stage5\joint_grid\rolling\v51_contract_plan_and_hb_smoothing_h2q095_l1_soft_cp050_hb020_gate_2022_latest.mat
runs/stage5/joint_grid/rolling/v51_contract_plan_and_hb_smoothing_h2q095_l1_soft_cp050_hb020_gate_2024_latest.mat,runs,generated_result,.mat,1286098,2026-08-27 10:59:07,8271e76dda6938b5f98f6a57383677358bba4db058547ffd487e3354cf7e6423,C:\Users\祁水\Desktop\风光氢氨系统\project\runs\stage5\joint_grid\rolling\v51_contract_plan_and_hb_smoothing_h2q095_l1_soft_cp050_hb020_gate_2024_latest.mat
runs/stage5/joint_grid/rolling/v51_contract_plan_and_hb_smoothing_h2q095_l1_soft_gate_2022_latest.mat,runs,generated_result,.mat,1169846,2026-08-25 00:49:27,603fc490b83c84168fabbba7382302208588b9c303bd66e0fa2264a295348a65,C:\Users\祁水\Desktop\风光氢氨系统\project\runs\stage5\joint_grid\rolling\v51_contract_plan_and_hb_smoothing_h2q095_l1_soft_gate_2022_latest.mat
runs/stage5/joint_grid/rolling/v51_contract_plan_and_hb_smoothing_h2q095_l1_soft_gate_2024_latest.mat,runs,generated_result,.mat,1275056,2026-08-27 11:24:28,6ba8f67d3d788056be39c792213b52aeea5aa65183e07228576ff29ce8d437b1,C:\Users\祁水\Desktop\风光氢氨系统\project\runs\stage5\joint_grid\rolling\v51_contract_plan_and_hb_smoothing_h2q095_l1_soft_gate_2024_latest.mat
runs/stage5/joint_grid/rolling/v51_contract_plan_and_hb_smoothing_h2q095_l1_soft_hb005_gate_2022_latest.mat,runs,generated_result,.mat,1176020,2026-08-25 00:51:28,8563a7c428a9e23a82b0e65215aa1056485609380ffc79111fdfe2c2439c86fe,C:\Users\祁水\Desktop\风光氢氨系统\project\runs\stage5\joint_grid\rolling\v51_contract_plan_and_hb_smoothing_h2q095_l1_soft_hb005_gate_2022_latest.mat
runs/stage5/joint_grid/rolling/v51_contract_plan_and_hb_smoothing_h2q095_l1_soft_hb005_gate_2024_latest.mat,runs,generated_result,.mat,1275190,2026-08-27 11:09:52,a9e37a91df60333c0ce3294b33e76859148ee7f594d0e9217a41b90a27cd5d69,C:\Users\祁水\Desktop\风光氢氨系统\project\runs\stage5\joint_grid\rolling\v51_contract_plan_and_hb_smoothing_h2q095_l1_soft_hb005_gate_2024_latest.mat
runs/stage5/joint_grid/rolling/v51_contract_plan_and_hb_smoothing_h2q095_l1_soft_hb010_gate_2022_latest.mat,runs,generated_result,.mat,1181900,2026-08-25 00:53:30,6b53329a205166d4d4ebedd37688907c4bb9653b37a0515802bd8080050b1d81,C:\Users\祁水\Desktop\风光氢氨系统\project\runs\stage5\joint_grid\rolling\v51_contract_plan_and_hb_smoothing_h2q095_l1_soft_hb010_gate_2022_latest.mat
runs/stage5/joint_grid/rolling/v51_contract_plan_and_hb_smoothing_h2q095_l1_soft_hb010_gate_2024_latest.mat,runs,generated_result,.mat,1280372,2026-08-27 10:57:56,a02f94396b82cf94245e45d1e8375290759bb65bddecba75dec39d944b1e3386,C:\Users\祁水\Desktop\风光氢氨系统\project\runs\stage5\joint_grid\rolling\v51_contract_plan_and_hb_smoothing_h2q095_l1_soft_hb010_gate_2024_latest.mat
runs/stage5/joint_grid/rolling/v51_contract_plan_and_hb_smoothing_h2q095_l1_soft_hb020_gate_2022_latest.mat,runs,generated_result,.mat,1195691,2026-08-25 00:55:32,f88da710e4000f0e70e5e867b6e8b596005e39d800dcee4eb1967cebf98f3afb,C:\Users\祁水\Desktop\风光氢氨系统\project\runs\stage5\joint_grid\rolling\v51_contract_plan_and_hb_smoothing_h2q095_l1_soft_hb020_gate_2022_latest.mat
runs/stage5/joint_grid/rolling/v51_contract_plan_and_hb_smoothing_h2q095_l1_soft_hb020_gate_2024_latest.mat,runs,generated_result,.mat,1289106,2026-08-27 11:26:41,c89372502ec00e6000616d92a23bbf91502d9f41f0b891b71e7d49c89d5461ae,C:\Users\祁水\Desktop\风光氢氨系统\project\runs\stage5\joint_grid\rolling\v51_contract_plan_and_hb_smoothing_h2q095_l1_soft_hb020_gate_2024_latest.mat
runs/stage5/joint_grid/rolling/v51_contract_plan_and_hb_smoothing_h2q095_l2_soft_cp025_gate_2022_latest.mat,runs,generated_result,.mat,1185856,2026-08-25 01:19:11,dd9e0c9b9281ce7544f95617963463115e476a822d00963ac8d882e2ddbbbd2e,C:\Users\祁水\Desktop\风光氢氨系统\project\runs\stage5\joint_grid\rolling\v51_contract_plan_and_hb_smoothing_h2q095_l2_soft_cp025_gate_2022_latest.mat
runs/stage5/joint_grid/rolling/v51_contract_plan_and_hb_smoothing_h2q095_l2_soft_cp025_gate_2024_latest.mat,runs,generated_result,.mat,1281218,2026-08-27 11:11:40,89b197b0807e68bcf38786fc67c9ea0581efd08c4bc55a471f2783be8e052901,C:\Users\祁水\Desktop\风光氢氨系统\project\runs\stage5\joint_grid\rolling\v51_contract_plan_and_hb_smoothing_h2q095_l2_soft_cp025_gate_2024_latest.mat
runs/stage5/joint_grid/rolling/v51_contract_plan_and_hb_smoothing_h2q095_l2_soft_cp025_hb005_gate_2022_latest.mat,runs,generated_result,.mat,1191639,2026-08-25 01:21:00,812c548bf3c74b6284e081c08c4805c444060c47f0a168f9ead169f454fc1640,C:\Users\祁水\Desktop\风光氢氨系统\project\runs\stage5\joint_grid\rolling\v51_contract_plan_and_hb_smoothing_h2q095_l2_soft_cp025_hb005_gate_2022_latest.mat
runs/stage5/joint_grid/rolling/v51_contract_plan_and_hb_smoothing_h2q095_l2_soft_cp025_hb005_gate_2024_latest.mat,runs,generated_result,.mat,1281218,2026-08-27 10:59:44,067bf7796477d9c14841e3b34556fa5ac061850887b6d95ed38985a71b2d57b5,C:\Users\祁水\Desktop\风光氢氨系统\project\runs\stage5\joint_grid\rolling\v51_contract_plan_and_hb_smoothing_h2q095_l2_soft_cp025_hb005_gate_2024_latest.mat
runs/stage5/joint_grid/rolling/v51_contract_plan_and_hb_smoothing_h2q095_l2_soft_cp025_hb010_gate_2022_latest.mat,runs,generated_result,.mat,1199988,2026-08-25 01:22:49,ac6670341e6664eb84cd0a05e920fa049d9fe21f3d11569a49b82ba40cc5b9e9,C:\Users\祁水\Desktop\风光氢氨系统\project\runs\stage5\joint_grid\rolling\v51_contract_plan_and_hb_smoothing_h2q095_l2_soft_cp025_hb010_gate_2022_latest.mat
runs/stage5/joint_grid/rolling/v51_contract_plan_and_hb_smoothing_h2q095_l2_soft_cp025_hb010_gate_2024_latest.mat,runs,generated_result,.mat,1276466,2026-08-27 12:42:51,95fe19c573de03d0ee5c21d912c5bc2839347f6a9fec93b6595090ed4461b124,C:\Users\祁水\Desktop\风光氢氨系统\project\runs\stage5\joint_grid\rolling\v51_contract_plan_and_hb_smoothing_h2q095_l2_soft_cp025_hb010_gate_2024_latest.mat
runs/stage5/joint_grid/rolling/v51_contract_plan_and_hb_smoothing_h2q095_l2_soft_cp025_hb020_gate_2022_latest.mat,runs,generated_result,.mat,1210327,2026-08-25 01:24:38,2570d4aaab9f4479465dcf91845cfc61b88486fdb10f270f98acc1e570107193,C:\Users\祁水\Desktop\风光氢氨系统\project\runs\stage5\joint_grid\rolling\v51_contract_plan_and_hb_smoothing_h2q095_l2_soft_cp025_hb020_gate_2022_latest.mat
runs/stage5/joint_grid/rolling/v51_contract_plan_and_hb_smoothing_h2q095_l2_soft_cp025_hb020_gate_2024_latest.mat,runs,generated_result,.mat,1284626,2026-08-27 11:58:13,3d735705b725e5697e74766b5dbd9d2533957706048c4bbe77ce8b7a761b70c6,C:\Users\祁水\Desktop\风光氢氨系统\project\runs\stage5\joint_grid\rolling\v51_contract_plan_and_hb_smoothing_h2q095_l2_soft_cp025_hb020_gate_2024_latest.mat
runs/stage5/joint_grid/rolling/v51_contract_plan_and_hb_smoothing_h2q095_l2_soft_cp050_gate_2022_latest.mat,runs,generated_result,.mat,1188479,2026-08-25 01:26:23,4b09ac0e96e1cae82569d0eec0cd8d5e260c3e350536826a4c83a331693083c2,C:\Users\祁水\Desktop\风光氢氨系统\project\runs\stage5\joint_grid\rolling\v51_contract_plan_and_hb_smoothing_h2q095_l2_soft_cp050_gate_2022_latest.mat
runs/stage5/joint_grid/rolling/v51_contract_plan_and_hb_smoothing_h2q095_l2_soft_cp050_gate_2024_latest.mat,runs,generated_result,.mat,1276233,2026-08-27 12:45:46,c10d75a9acb8661136d049bfe9501aaa812a4663ac0c216801e9a66b11642a3f,C:\Users\祁水\Desktop\风光氢氨系统\project\runs\stage5\joint_grid\rolling\v51_contract_plan_and_hb_smoothing_h2q095_l2_soft_cp050_gate_2024_latest.mat
runs/stage5/joint_grid/rolling/v51_contract_plan_and_hb_smoothing_h2q095_l2_soft_cp050_hb005_gate_2022_latest.mat,runs,generated_result,.mat,1194416,2026-08-25 01:28:13,f82bf392031c60ee4ffbb5c1f390db4b8e19ce46ec2168a85108391aa3d2fe9b,C:\Users\祁水\Desktop\风光氢氨系统\project\runs\stage5\joint_grid\rolling\v51_contract_plan_and_hb_smoothing_h2q095_l2_soft_cp050_hb005_gate_2022_latest.mat
runs/stage5/joint_grid/rolling/v51_contract_plan_and_hb_smoothing_h2q095_l2_soft_cp050_hb005_gate_2024_latest.mat,runs,generated_result,.mat,1275739,2026-08-27 12:01:07,6d77b1ba7bd95dbd75914864a61c620e5494911d37fbe133a4f3dbfc78bde388,C:\Users\祁水\Desktop\风光氢氨系统\project\runs\stage5\joint_grid\rolling\v51_contract_plan_and_hb_smoothing_h2q095_l2_soft_cp050_hb005_gate_2024_latest.mat
runs/stage5/joint_grid/rolling/v51_contract_plan_and_hb_smoothing_h2q095_l2_soft_cp050_hb010_gate_2022_latest.mat,runs,generated_result,.mat,1203801,2026-08-25 01:30:03,3facd31335cd681541a8a01d67c3a1e1433816d70a6bc85198f870085cdc8962,C:\Users\祁水\Desktop\风光氢氨系统\project\runs\stage5\joint_grid\rolling\v51_contract_plan_and_hb_smoothing_h2q095_l2_soft_cp050_hb010_gate_2022_latest.mat
runs/stage5/joint_grid/rolling/v51_contract_plan_and_hb_smoothing_h2q095_l2_soft_cp050_hb010_gate_2024_latest.mat,runs,generated_result,.mat,1270267,2026-08-27 12:48:07,cae7b353bf08d9b01321ea454d57f56c496ab95e6d284946bb360f97ece8bf5a,C:\Users\祁水\Desktop\风光氢氨系统\project\runs\stage5\joint_grid\rolling\v51_contract_plan_and_hb_smoothing_h2q095_l2_soft_cp050_hb010_gate_2024_latest.mat
runs/stage5/joint_grid/rolling/v51_contract_plan_and_hb_smoothing_h2q095_l2_soft_cp050_hb020_gate_2022_latest.mat,runs,generated_result,.mat,1212553,2026-08-25 01:31:53,285cae057380207ff0a8f858a7fba89e58a6eb094e5ea077193e3057fcb52a29,C:\Users\祁水\Desktop\风光氢氨系统\project\runs\stage5\joint_grid\rolling\v51_contract_plan_and_hb_smoothing_h2q095_l2_soft_cp050_hb020_gate_2022_latest.mat
runs/stage5/joint_grid/rolling/v51_contract_plan_and_hb_smoothing_h2q095_l2_soft_cp050_hb020_gate_2024_latest.mat,runs,generated_result,.mat,1281547,2026-08-27 12:03:22,fa327f1aa2d541ef83af8c23b0a76772665db0adf41a8bfe5dd93f2758bbac48,C:\Users\祁水\Desktop\风光氢氨系统\project\runs\stage5\joint_grid\rolling\v51_contract_plan_and_hb_smoothing_h2q095_l2_soft_cp050_hb020_gate_2024_latest.mat
runs/stage5/joint_grid/rolling/v51_contract_plan_and_hb_smoothing_h2q095_l2_soft_gate_2022_latest.mat,runs,generated_result,.mat,1179623,2026-08-25 01:11:56,40b8edec0d170306a5072413b02d75c5d38c1b11813783634e24312e452e5da1,C:\Users\祁水\Desktop\风光氢氨系统\project\runs\stage5\joint_grid\rolling\v51_contract_plan_and_hb_smoothing_h2q095_l2_soft_gate_2022_latest.mat
runs/stage5/joint_grid/rolling/v51_contract_plan_and_hb_smoothing_h2q095_l2_soft_gate_2024_latest.mat,runs,generated_result,.mat,1280844,2026-08-27 11:29:42,fb70b381ce33ab40d328b05afaabda6955b695f0188a5bfdffa345afa1266aa8,C:\Users\祁水\Desktop\风光氢氨系统\project\runs\stage5\joint_grid\rolling\v51_contract_plan_and_hb_smoothing_h2q095_l2_soft_gate_2024_latest.mat
runs/stage5/joint_grid/rolling/v51_contract_plan_and_hb_smoothing_h2q095_l2_soft_hb005_gate_2022_latest.mat,runs,generated_result,.mat,1186358,2026-08-25 01:13:45,dfe3d213fd889671b6149c5ed56d4a582be1733bf168f4dc7cfdbd0c610559e6,C:\Users\祁水\Desktop\风光氢氨系统\project\runs\stage5\joint_grid\rolling\v51_contract_plan_and_hb_smoothing_h2q095_l2_soft_hb005_gate_2022_latest.mat
runs/stage5/joint_grid/rolling/v51_contract_plan_and_hb_smoothing_h2q095_l2_soft_hb005_gate_2024_latest.mat,runs,generated_result,.mat,1280348,2026-08-27 11:11:38,baff2e18295ac9d7556be82a67e8b1a73c6e7d2f090ab72203a849f36b87e819,C:\Users\祁水\Desktop\风光氢氨系统\project\runs\stage5\joint_grid\rolling\v51_contract_plan_and_hb_smoothing_h2q095_l2_soft_hb005_gate_2024_latest.mat
runs/stage5/joint_grid/rolling/v51_contract_plan_and_hb_smoothing_h2q095_l2_soft_hb010_gate_2022_latest.mat,runs,generated_result,.mat,1194946,2026-08-25 01:15:33,1ae0296c6787c35692cd0d1ce320ecb69cea250e6d318fdec32946e9214ce71f,C:\Users\祁水\Desktop\风光氢氨系统\project\runs\stage5\joint_grid\rolling\v51_contract_plan_and_hb_smoothing_h2q095_l2_soft_hb010_gate_2022_latest.mat
runs/stage5/joint_grid/rolling/v51_contract_plan_and_hb_smoothing_h2q095_l2_soft_hb010_gate_2024_latest.mat,runs,generated_result,.mat,1275558,2026-08-27 10:59:40,7522f54991956e27ec4b79529a5d5cf9e9f59b4ca2ef3cb36589cd58d9fd9a2e,C:\Users\祁水\Desktop\风光氢氨系统\project\runs\stage5\joint_grid\rolling\v51_contract_plan_and_hb_smoothing_h2q095_l2_soft_hb010_gate_2024_latest.mat
runs/stage5/joint_grid/rolling/v51_contract_plan_and_hb_smoothing_h2q095_l2_soft_hb020_gate_2022_latest.mat,runs,generated_result,.mat,1205558,2026-08-25 01:17:23,8752f7a7478ac31bde8636dffec1fb181286c4d80231b12d446870c0b3ceae89,C:\Users\祁水\Desktop\风光氢氨系统\project\runs\stage5\joint_grid\rolling\v51_contract_plan_and_hb_smoothing_h2q095_l2_soft_hb020_gate_2022_latest.mat
runs/stage5/joint_grid/rolling/v51_contract_plan_and_hb_smoothing_h2q095_l2_soft_hb020_gate_2024_latest.mat,runs,generated_result,.mat,1284035,2026-08-27 11:29:45,a825719d0d849202e8ea6defb01b1247b8f00e75776f516d0cee0c3af0a6c9f8,C:\Users\祁水\Desktop\风光氢氨系统\project\runs\stage5\joint_grid\rolling\v51_contract_plan_and_hb_smoothing_h2q095_l2_soft_hb020_gate_2024_latest.mat
runs/stage5/joint_grid/rolling/v51_contract_plan_and_hb_smoothing_h2q095_l3_soft_cp025_gate_2022_latest.mat,runs,generated_result,.mat,1198089,2026-08-25 01:41:11,04cbc4b1c062550fad33d9d0c7253fa73bb31738da961156d1d688f5b033e36e,C:\Users\祁水\Desktop\风光氢氨系统\project\runs\stage5\joint_grid\rolling\v51_contract_plan_and_hb_smoothing_h2q095_l3_soft_cp025_gate_2022_latest.mat
runs/stage5/joint_grid/rolling/v51_contract_plan_and_hb_smoothing_h2q095_l3_soft_cp025_gate_2024_latest.mat,runs,generated_result,.mat,1275610,2026-08-27 12:49:58,edcc6787b32b66c8bacdab34d434335e64ddf9c39b3f24e218f3944a14fc3311,C:\Users\祁水\Desktop\风光氢氨系统\project\runs\stage5\joint_grid\rolling\v51_contract_plan_and_hb_smoothing_h2q095_l3_soft_cp025_gate_2024_latest.mat
runs/stage5/joint_grid/rolling/v51_contract_plan_and_hb_smoothing_h2q095_l3_soft_cp025_hb005_gate_2022_latest.mat,runs,generated_result,.mat,1201628,2026-08-25 01:42:56,36b04f50ca97e016eb88ee9bf74aeec93403c3cf89e139ae88c4d76f0e41cec0,C:\Users\祁水\Desktop\风光氢氨系统\project\runs\stage5\joint_grid\rolling\v51_contract_plan_and_hb_smoothing_h2q095_l3_soft_cp025_hb005_gate_2022_latest.mat
runs/stage5/joint_grid/rolling/v51_contract_plan_and_hb_smoothing_h2q095_l3_soft_cp025_hb005_gate_2024_latest.mat,runs,generated_result,.mat,1279935,2026-08-27 12:05:11,4115b1c4a8337fdd8f3b559c76f50961ccd6613c427e51004adec347fcf9e601,C:\Users\祁水\Desktop\风光氢氨系统\project\runs\stage5\joint_grid\rolling\v51_contract_plan_and_hb_smoothing_h2q095_l3_soft_cp025_hb005_gate_2024_latest.mat
runs/stage5/joint_grid/rolling/v51_contract_plan_and_hb_smoothing_h2q095_l3_soft_cp025_hb010_gate_2022_latest.mat,runs,generated_result,.mat,1212102,2026-08-25 01:44:46,e78c2249183cd24ecf5264f0281f3c1943003b6ca875d4c80e079afcda8a5ff2,C:\Users\祁水\Desktop\风光氢氨系统\project\runs\stage5\joint_grid\rolling\v51_contract_plan_and_hb_smoothing_h2q095_l3_soft_cp025_hb010_gate_2022_latest.mat
runs/stage5/joint_grid/rolling/v51_contract_plan_and_hb_smoothing_h2q095_l3_soft_cp025_hb010_gate_2024_latest.mat,runs,generated_result,.mat,1281091,2026-08-27 13:31:10,2a066f3cdc9d37d240c7764fc2d69816a21c0441ae70cdb047ec4520fd4aaa3f,C:\Users\祁水\Desktop\风光氢氨系统\project\runs\stage5\joint_grid\rolling\v51_contract_plan_and_hb_smoothing_h2q095_l3_soft_cp025_hb010_gate_2024_latest.mat
runs/stage5/joint_grid/rolling/v51_contract_plan_and_hb_smoothing_h2q095_l3_soft_cp025_hb020_gate_2022_latest.mat,runs,generated_result,.mat,1223489,2026-08-25 01:46:36,9192f561239cec16dd3d85dca9d0ca20c9a5d6ad9b13de73c226f02023632e57,C:\Users\祁水\Desktop\风光氢氨系统\project\runs\stage5\joint_grid\rolling\v51_contract_plan_and_hb_smoothing_h2q095_l3_soft_cp025_hb020_gate_2022_latest.mat
runs/stage5/joint_grid/rolling/v51_contract_plan_and_hb_smoothing_h2q095_l3_soft_cp025_hb020_gate_2024_latest.mat,runs,generated_result,.mat,1288484,2026-08-27 13:33:20,ddd92b8d1f02cfb54a88a3cd87e01dfd13c94f704329cc8e67d7bbc02464c245,C:\Users\祁水\Desktop\风光氢氨系统\project\runs\stage5\joint_grid\rolling\v51_contract_plan_and_hb_smoothing_h2q095_l3_soft_cp025_hb020_gate_2024_latest.mat
runs/stage5/joint_grid/rolling/v51_contract_plan_and_hb_smoothing_h2q095_l3_soft_cp050_gate_2022_latest.mat,runs,generated_result,.mat,1201547,2026-08-25 01:48:21,a335b19ccfe3a494fb23752383bd85896cdc7e836ea1887deee642cf66526710,C:\Users\祁水\Desktop\风光氢氨系统\project\runs\stage5\joint_grid\rolling\v51_contract_plan_and_hb_smoothing_h2q095_l3_soft_cp050_gate_2022_latest.mat
runs/stage5/joint_grid/rolling/v51_contract_plan_and_hb_smoothing_h2q095_l3_soft_cp050_gate_2024_latest.mat,runs,generated_result,.mat,1270676,2026-08-27 13:34:59,7b1b1af0302958163cb931490c66fd8a22ea81faac495e0349eb845118cde07f,C:\Users\祁水\Desktop\风光氢氨系统\project\runs\stage5\joint_grid\rolling\v51_contract_plan_and_hb_smoothing_h2q095_l3_soft_cp050_gate_2024_latest.mat
runs/stage5/joint_grid/rolling/v51_contract_plan_and_hb_smoothing_h2q095_l3_soft_cp050_hb005_gate_2022_latest.mat,runs,generated_result,.mat,1204928,2026-08-25 01:50:08,7f0f946ad81e1649931f4aed07782a036da3c46d45a26e1bdd8179e974d27d95,C:\Users\祁水\Desktop\风光氢氨系统\project\runs\stage5\joint_grid\rolling\v51_contract_plan_and_hb_smoothing_h2q095_l3_soft_cp050_hb005_gate_2022_latest.mat
runs/stage5/joint_grid/rolling/v51_contract_plan_and_hb_smoothing_h2q095_l3_soft_cp050_hb005_gate_2024_latest.mat,runs,generated_result,.mat,1274996,2026-08-27 13:35:16,a84f878edd72e1f6da52c00b1a0afb549bc6ea225748e98bfb4940d6eaea1ce6,C:\Users\祁水\Desktop\风光氢氨系统\project\runs\stage5\joint_grid\rolling\v51_contract_plan_and_hb_smoothing_h2q095_l3_soft_cp050_hb005_gate_2024_latest.mat
runs/stage5/joint_grid/rolling/v51_contract_plan_and_hb_smoothing_h2q095_l3_soft_cp050_hb010_gate_2022_latest.mat,runs,generated_result,.mat,1216454,2026-08-25 01:51:54,c0622e708eeaa6bea0f2b4d533881fb82d276dc8092823def1c9695137e2e839,C:\Users\祁水\Desktop\风光氢氨系统\project\runs\stage5\joint_grid\rolling\v51_contract_plan_and_hb_smoothing_h2q095_l3_soft_cp050_hb010_gate_2022_latest.mat
runs/stage5/joint_grid/rolling/v51_contract_plan_and_hb_smoothing_h2q095_l3_soft_cp050_hb010_gate_2024_latest.mat,runs,generated_result,.mat,1274716,2026-08-27 13:35:37,1e37a911a9e5f452900d4e1d7dca6a6ea164bd578a756af2c3c8e530d3c089a7,C:\Users\祁水\Desktop\风光氢氨系统\project\runs\stage5\joint_grid\rolling\v51_contract_plan_and_hb_smoothing_h2q095_l3_soft_cp050_hb010_gate_2024_latest.mat
runs/stage5/joint_grid/rolling/v51_contract_plan_and_hb_smoothing_h2q095_l3_soft_cp050_hb020_gate_2022_latest.mat,runs,generated_result,.mat,1224608,2026-08-25 01:53:45,eff253c2bc1184a9d00b7bd1d07c0e468e86179650cbf2439f155a0d20152d09,C:\Users\祁水\Desktop\风光氢氨系统\project\runs\stage5\joint_grid\rolling\v51_contract_plan_and_hb_smoothing_h2q095_l3_soft_cp050_hb020_gate_2022_latest.mat
runs/stage5/joint_grid/rolling/v51_contract_plan_and_hb_smoothing_h2q095_l3_soft_cp050_hb020_gate_2024_latest.mat,runs,generated_result,.mat,1285374,2026-08-27 13:35:54,5566122d40a3f9fb5eda0e1bda2e75f64adb80a851d64151cec07af2fef3f848,C:\Users\祁水\Desktop\风光氢氨系统\project\runs\stage5\joint_grid\rolling\v51_contract_plan_and_hb_smoothing_h2q095_l3_soft_cp050_hb020_gate_2024_latest.mat
runs/stage5/joint_grid/rolling/v51_contract_plan_and_hb_smoothing_h2q095_l3_soft_gate_2022_latest.mat,runs,generated_result,.mat,1193519,2026-08-25 01:33:46,0d33698510050b2fab484cfa0425e0056afe78f8a17d71b0a2e456c32356aa18,C:\Users\祁水\Desktop\风光氢氨系统\project\runs\stage5\joint_grid\rolling\v51_contract_plan_and_hb_smoothing_h2q095_l3_soft_gate_2022_latest.mat
runs/stage5/joint_grid/rolling/v51_contract_plan_and_hb_smoothing_h2q095_l3_soft_gate_2024_latest.mat,runs,generated_result,.mat,1275330,2026-08-27 12:48:42,61723da80151ff998286439c23e3a8018a95d610463b2698db03326df163bf48,C:\Users\祁水\Desktop\风光氢氨系统\project\runs\stage5\joint_grid\rolling\v51_contract_plan_and_hb_smoothing_h2q095_l3_soft_gate_2024_latest.mat
runs/stage5/joint_grid/rolling/v51_contract_plan_and_hb_smoothing_h2q095_l3_soft_hb005_gate_2022_latest.mat,runs,generated_result,.mat,1197905,2026-08-25 01:35:39,5998e2134d94525ef9cae5e0c1b5497ee5e46572e061e278d99ae12741c89fa3,C:\Users\祁水\Desktop\风光氢氨系统\project\runs\stage5\joint_grid\rolling\v51_contract_plan_and_hb_smoothing_h2q095_l3_soft_hb005_gate_2022_latest.mat
runs/stage5/joint_grid/rolling/v51_contract_plan_and_hb_smoothing_h2q095_l3_soft_hb005_gate_2024_latest.mat,runs,generated_result,.mat,1279104,2026-08-27 12:04:02,499ef7758588ff3c7ca84a6eef3421bf1aa4d860c1a344a7eee77cabcdb36c19,C:\Users\祁水\Desktop\风光氢氨系统\project\runs\stage5\joint_grid\rolling\v51_contract_plan_and_hb_smoothing_h2q095_l3_soft_hb005_gate_2024_latest.mat
runs/stage5/joint_grid/rolling/v51_contract_plan_and_hb_smoothing_h2q095_l3_soft_hb010_gate_2022_latest.mat,runs,generated_result,.mat,1209237,2026-08-25 01:37:32,86fb58901518248e5666c4e507d62de2ef9f2c86a828297d61310f17468ad4c9,C:\Users\祁水\Desktop\风光氢氨系统\project\runs\stage5\joint_grid\rolling\v51_contract_plan_and_hb_smoothing_h2q095_l3_soft_hb010_gate_2022_latest.mat
runs/stage5/joint_grid/rolling/v51_contract_plan_and_hb_smoothing_h2q095_l3_soft_hb010_gate_2024_latest.mat,runs,generated_result,.mat,1280207,2026-08-27 12:49:24,73e08e7bbc2bd8403d027bb6d1fa142f9b156ad1319a061ccd959db058074912,C:\Users\祁水\Desktop\风光氢氨系统\project\runs\stage5\joint_grid\rolling\v51_contract_plan_and_hb_smoothing_h2q095_l3_soft_hb010_gate_2024_latest.mat
runs/stage5/joint_grid/rolling/v51_contract_plan_and_hb_smoothing_h2q095_l3_soft_hb020_gate_2022_latest.mat,runs,generated_result,.mat,1218498,2026-08-25 01:39:26,7bbad37257091682a9cabec7d53f45f9aa951cecd2b17c7184572c454a8974fe,C:\Users\祁水\Desktop\风光氢氨系统\project\runs\stage5\joint_grid\rolling\v51_contract_plan_and_hb_smoothing_h2q095_l3_soft_hb020_gate_2022_latest.mat
runs/stage5/joint_grid/rolling/v51_contract_plan_and_hb_smoothing_h2q095_l3_soft_hb020_gate_2024_latest.mat,runs,generated_result,.mat,1288042,2026-08-27 12:04:44,1204dc7f0f88ba53ece8cc612c28b5ae6993614d3b42f7fe9b6fe1a81d402e92,C:\Users\祁水\Desktop\风光氢氨系统\project\runs\stage5\joint_grid\rolling\v51_contract_plan_and_hb_smoothing_h2q095_l3_soft_hb020_gate_2024_latest.mat
runs/stage5/joint_grid/rolling/v51_contract_plan_and_hb_smoothing_hb005_gate_2022_latest.mat,runs,generated_result,.mat,1158547,2026-08-27 00:55:55,d5e54d63e9398c9e008d3f686b1cf00b87e396c02a32eb82d764a09cc99369e7,C:\Users\祁水\Desktop\风光氢氨系统\project\runs\stage5\joint_grid\rolling\v51_contract_plan_and_hb_smoothing_hb005_gate_2022_latest.mat
runs/stage5/joint_grid/rolling/v51_contract_plan_and_hb_smoothing_hb005_gate_2024_latest.mat,runs,generated_result,.mat,1274224,2026-08-27 07:06:06,c56cc12e52d7afd7fee62e72718a7f18fe0df1cb0d2ff93bde78206af99f170f,C:\Users\祁水\Desktop\风光氢氨系统\project\runs\stage5\joint_grid\rolling\v51_contract_plan_and_hb_smoothing_hb005_gate_2024_latest.mat
runs/stage5/joint_grid/rolling/v51_contract_plan_and_hb_smoothing_hb010_gate_2022_latest.mat,runs,generated_result,.mat,1165882,2026-08-24 21:11:07,df21ac1865711d8847d0f5d8934a9e8d906a244507fe54390332abec3a1a9fa8,C:\Users\祁水\Desktop\风光氢氨系统\project\runs\stage5\joint_grid\rolling\v51_contract_plan_and_hb_smoothing_hb010_gate_2022_latest.mat
runs/stage5/joint_grid/rolling/v51_contract_plan_and_hb_smoothing_hb010_gate_2024_latest.mat,runs,generated_result,.mat,1274138,2026-08-27 07:14:15,0f08f7e17d3bba9dfad3b2417eb4d8c569264859aee43f4876d982799fac33b7,C:\Users\祁水\Desktop\风光氢氨系统\project\runs\stage5\joint_grid\rolling\v51_contract_plan_and_hb_smoothing_hb010_gate_2024_latest.mat
runs/stage5/joint_grid/rolling/v51_contract_plan_and_hb_smoothing_hb020_gate_2022_latest.mat,runs,generated_result,.mat,1177950,2026-08-24 21:13:04,732ed6e7e0b04f6c44c1661ef1ff50ee39f3b62303184d652ec0d16df5cbb646,C:\Users\祁水\Desktop\风光氢氨系统\project\runs\stage5\joint_grid\rolling\v51_contract_plan_and_hb_smoothing_hb020_gate_2022_latest.mat
runs/stage5/joint_grid/rolling/v51_contract_plan_and_hb_smoothing_hb020_gate_2024_latest.mat,runs,generated_result,.mat,1282714,2026-08-27 07:06:06,92ebd833153969f415cad81577aed6ef52b7bcf18d7284d3549fa6aa87d8c8ea,C:\Users\祁水\Desktop\风光氢氨系统\project\runs\stage5\joint_grid\rolling\v51_contract_plan_and_hb_smoothing_hb020_gate_2024_latest.mat
runs/stage5/joint_grid/stage5_best_nonbaseline_vs_baseline_2022.csv,runs,generated_result,.csv,1127,2026-08-25 19:14:13,7e5fc84284b1662df775449c7f2b16fa15c144f533879eb7678d58d1cf494590,C:\Users\祁水\Desktop\风光氢氨系统\project\runs\stage5\joint_grid\stage5_best_nonbaseline_vs_baseline_2022.csv
runs/stage5/joint_grid/stage5_stability_first_vs_baseline_2022.csv,runs,generated_result,.csv,855,2026-08-25 19:14:44,9f149ab9efb4e9dde80b648b75b210cffb8d34d12cfbf4a84342899d0a24e509,C:\Users\祁水\Desktop\风光氢氨系统\project\runs\stage5\joint_grid\stage5_stability_first_vs_baseline_2022.csv
runs/stage5/joint_grid/v51_joint_grid_2022_checkpoint.mat,runs,generated_result,.mat,27287,2026-08-25 01:53:45,f7b0fcd6697f567d66ea112bde0899d57bf6f44bdea7773421c1d8e3b0b22a53,C:\Users\祁水\Desktop\风光氢氨系统\project\runs\stage5\joint_grid\v51_joint_grid_2022_checkpoint.mat
runs/stage5/joint_grid/v51_joint_grid_2022_latest.mat,runs,generated_result,.mat,27053,2026-08-25 01:53:45,2ccff66f46edddd273a698d80044033f531aada56db4079c5fec643112279733,C:\Users\祁水\Desktop\风光氢氨系统\project\runs\stage5\joint_grid\v51_joint_grid_2022_latest.mat
runs/stage5/joint_grid/v51_joint_grid_2024_latest.mat,runs,generated_result,.mat,28381,2026-08-27 13:35:55,1156efe4069a7b6d9b95adbcb925324e4e71c561c08b83bf7a3499e3104e57fd,C:\Users\祁水\Desktop\风光氢氨系统\project\runs\stage5\joint_grid\v51_joint_grid_2024_latest.mat
runs/stage5/joint_grid_365_progress_smoke/rolling/v51_contract_plan_and_hb_smoothing_gate_2022_latest.mat,runs,generated_result,.mat,1150954,2026-08-24 21:04:18,71b35cba6e9999f1d8d2684f999b94c436a4c9d8ed0918b806df9098eb95cafd,C:\Users\祁水\Desktop\风光氢氨系统\project\runs\stage5\joint_grid_365_progress_smoke\rolling\v51_contract_plan_and_hb_smoothing_gate_2022_latest.mat
runs/stage5/joint_grid_365_progress_smoke/v51_joint_grid_2022_checkpoint.mat,runs,generated_result,.mat,14118,2026-08-24 21:04:18,a429a66dc2981cb9472a2e903408dba2956b84d0675efca1c9c39046ec99c818,C:\Users\祁水\Desktop\风光氢氨系统\project\runs\stage5\joint_grid_365_progress_smoke\v51_joint_grid_2022_checkpoint.mat
runs/stage5/joint_grid_365_progress_smoke/v51_joint_grid_2022_latest.mat,runs,generated_result,.mat,13890,2026-08-24 21:04:18,63dbc5a4620e6cc72263d8100678a12f062948a89e6e7e69ad1530d420ac8857,C:\Users\祁水\Desktop\风光氢氨系统\project\runs\stage5\joint_grid_365_progress_smoke\v51_joint_grid_2022_latest.mat
runs/stage5/joint_grid_3day_progress_smoke/rolling/v51_contract_plan_and_hb_smoothing_gate_2022_latest.mat,runs,generated_result,.mat,12657,2026-08-24 21:01:05,0a3161717b3c795400c1f4e3234cb11e83836c470d3743c6c02e3a063cff2e2e,C:\Users\祁水\Desktop\风光氢氨系统\project\runs\stage5\joint_grid_3day_progress_smoke\rolling\v51_contract_plan_and_hb_smoothing_gate_2022_latest.mat
runs/stage5/joint_grid_3day_progress_smoke/v51_joint_grid_2022_checkpoint.mat,runs,generated_result,.mat,14103,2026-08-24 21:01:06,624a828ab5ef187db179aa0d79ca84b6ffe44de39f52d972d29d62a46bf76b29,C:\Users\祁水\Desktop\风光氢氨系统\project\runs\stage5\joint_grid_3day_progress_smoke\v51_joint_grid_2022_checkpoint.mat
runs/stage5/joint_grid_3day_progress_smoke/v51_joint_grid_2022_latest.mat,runs,generated_result,.mat,13888,2026-08-24 21:01:06,5c6db8b41cc24e62918726dc3091a4ad2148b7b02f2afa65401cdf47542b0952,C:\Users\祁水\Desktop\风光氢氨系统\project\runs\stage5\joint_grid_3day_progress_smoke\v51_joint_grid_2022_latest.mat
runs/stage5/joint_grid_3day_smoke_after_fix/rolling/v51_contract_plan_and_hb_smoothing_gate_2022_latest.mat,runs,generated_result,.mat,12666,2026-08-24 20:53:36,f755115ac07662393233af59c7ce77782edf80f03b388e43922203e1dfc59300,C:\Users\祁水\Desktop\风光氢氨系统\project\runs\stage5\joint_grid_3day_smoke_after_fix\rolling\v51_contract_plan_and_hb_smoothing_gate_2022_latest.mat
runs/stage5/joint_grid_3day_smoke_after_fix/v51_joint_grid_2022_checkpoint.mat,runs,generated_result,.mat,14091,2026-08-24 20:53:36,d479aff84a181d7b6200b7142e2da6d140ab0428f08ab238267f6f2d1410af72,C:\Users\祁水\Desktop\风光氢氨系统\project\runs\stage5\joint_grid_3day_smoke_after_fix\v51_joint_grid_2022_checkpoint.mat
runs/stage5/joint_grid_3day_smoke_after_fix/v51_joint_grid_2022_latest.mat,runs,generated_result,.mat,13935,2026-08-24 20:53:36,ed98940b55693bf96f04320fa6d76f5f3d790f41a2b1026227fca7228db1a4bd,C:\Users\祁水\Desktop\风光氢氨系统\project\runs\stage5\joint_grid_3day_smoke_after_fix\v51_joint_grid_2022_latest.mat
runs/stage5/joint_grid_smoke_after_fix/rolling/v51_contract_plan_and_hb_smoothing_gate_2022_latest.mat,runs,generated_result,.mat,1151074,2026-08-24 20:44:44,045cb809c86f50ad9c4f5d56512a0c9a7adfca21f0b4e2eb57cd299dd108b6af,C:\Users\祁水\Desktop\风光氢氨系统\project\runs\stage5\joint_grid_smoke_after_fix\rolling\v51_contract_plan_and_hb_smoothing_gate_2022_latest.mat
runs/stage5/joint_grid_smoke_after_fix/v51_joint_grid_2022_latest.mat,runs,generated_result,.mat,14718,2026-08-24 20:44:45,b5902b7862ae2644751c42812520f92cadeb2adb0b61b0c4b5bed1f4bec56d87,C:\Users\祁水\Desktop\风光氢氨系统\project\runs\stage5\joint_grid_smoke_after_fix\v51_joint_grid_2022_latest.mat
runs/stage5/joint_grid_smoke_h2_after_fix/rolling/v51_contract_plan_and_hb_smoothing_h2q050_l1_soft_cp025_hb005_gate_2022_latest.mat,runs,generated_result,.mat,1170708,2026-08-24 20:47:54,bb3cb09ffc3e4a03f93948ed833b0840ad85953d4f7f5afdf1c754e1c1168e87,C:\Users\祁水\Desktop\风光氢氨系统\project\runs\stage5\joint_grid_smoke_h2_after_fix\rolling\v51_contract_plan_and_hb_smoothing_h2q050_l1_soft_cp025_hb005_gate_2022_latest.mat
runs/stage5/joint_grid_smoke_h2_after_fix/v51_joint_grid_2022_latest.mat,runs,generated_result,.mat,13957,2026-08-24 20:47:54,a2f652bfc72a589563c9c2218f2f95568f7b330507b0711d77fa6e99a1f0d838,C:\Users\祁水\Desktop\风光氢氨系统\project\runs\stage5\joint_grid_smoke_h2_after_fix\v51_joint_grid_2022_latest.mat
src/baseline.m,source,source_code,.m,6345,2026-08-27 16:37:32,c57200f8880121fb9a90e483a89c952b438fea8c8943ff490ae4c877160a0adc,C:\Users\祁水\Desktop\风光氢氨系统\project\src\baseline.m
src/dispatch_model.m,source,source_code,.m,49408,2026-08-27 16:56:50,553e565fb1131a5b63f3c6085454cba354194cb298cdbfe5db182a9db79ec8de,C:\Users\祁水\Desktop\风光氢氨系统\project\src\dispatch_model.m
src/figures/plot_figure.m,source,source_code,.m,4124,2026-08-15 09:42:26,6976605d57ed260d23d4a8fa35a3692677caf08f251135f3d5ac55b2d555d917,C:\Users\祁水\Desktop\风光氢氨系统\project\src\figures\plot_figure.m
src/figures/thermod.m,source,source_code,.m,7695,2026-08-14 11:41:34,8f5f62145e54812020d9f9d8ea484aeb7a86a4244042d96d8aa374a6251fd1ac,C:\Users\祁水\Desktop\风光氢氨系统\project\src\figures\thermod.m
src/load_res_year.m,source,source_code,.m,8273,2026-08-21 16:40:56,1e149aee47f932995b3460c167d99a0e812bc6016ac78a8bd8bec11fd4932cfa,C:\Users\祁水\Desktop\风光氢氨系统\project\src\load_res_year.m
src/main.m,source,source_code,.m,477,2026-08-26 20:50:44,d8e29ab5c37a9a41d0cdd63e19fa626b9cdadcc18f9de324325f55d7cb468526,C:\Users\祁水\Desktop\风光氢氨系统\project\src\main.m
src/paper/export_main_figures.m,source,source_code,.m,1335,2026-08-26 15:26:54,bfd6c1aa6212d407bb52348dde4357acd3b80a2bc1ddc996ea82ef535af1b690,C:\Users\祁水\Desktop\风光氢氨系统\project\src\paper\export_main_figures.m
src/paper/export_main_tables.m,source,source_code,.m,1513,2026-08-26 15:26:53,a5a63d2f79dd51528b5decc0699856dd9029bc62ebf71f35918d80be76b835ea,C:\Users\祁水\Desktop\风光氢氨系统\project\src\paper\export_main_tables.m
src/params/AEL.m,source,source_code,.m,2502,2026-08-21 16:35:26,145c11bac3f6ab12cc43c515408533478c9e76e7febe99d0fdc5217d88a8bf5e,C:\Users\祁水\Desktop\风光氢氨系统\project\src\params\AEL.m
src/params/HB.m,source,source_code,.m,3302,2026-08-21 16:35:03,a2b83c0a73c385c673938393d45ae561972933116e59fe6f53474be5ffc2f261,C:\Users\祁水\Desktop\风光氢氨系统\project\src\params\HB.m
src/params/default.m,source,source_code,.m,8337,2026-08-21 16:35:03,6c67c746c1117ffa637b3c2b6778c4bb021275441896095e5faecff0477e5804,C:\Users\祁水\Desktop\风光氢氨系统\project\src\params\default.m
src/params/h2_storage_limits.m,source,source_code,.m,3078,2026-08-21 10:10:43,01f4fa82bb4f414e2d3a4af66f8bb6bb1d2fe8804cecb5570b004d78951556bf,C:\Users\祁水\Desktop\风光氢氨系统\project\src\params\h2_storage_limits.m
src/params/my_system.m,source,source_code,.m,2689,2026-08-21 16:35:03,aabaa6e75a61ee9bc5f1fd7380d51f122768ee8da61fa96ec4be062e05bbd140,C:\Users\祁水\Desktop\风光氢氨系统\project\src\params\my_system.m
src/pipeline/build_development_forecast_fallback.m,source,source_code,.m,2761,2026-08-28 14:57:48,f6618cb77b7e687947933be9a78b5a56c961526bcea76f44bc27713e8e6ef713,C:\Users\祁水\Desktop\风光氢氨系统\project\src\pipeline\build_development_forecast_fallback.m
src/pipeline/run_2024_calibration_grid.m,source,source_code,.m,4275,2026-08-27 21:46:31,a25cde2c67e020e01cb50427dd506ca6317ab6fd7f7c14c6369e9372a5162843,C:\Users\祁水\Desktop\风光氢氨系统\project\src\pipeline\run_2024_calibration_grid.m
src/pipeline/run_feasibility_boundary.m,source,source_code,.m,17355,2026-08-28 15:52:35,8b0caaacc2f9c0b6b31114d3fe46a74ac9c6fd97cdc6b9e4810da8962b3addbe,C:\Users\祁水\Desktop\风光氢氨系统\project\src\pipeline\run_feasibility_boundary.m
src/pipeline/run_full_campaign.m,source,source_code,.m,11026,2026-08-28 10:17:45,10e2f04cb3c3476afa6597d75cce0e467c76307d8916d0df39644d8d1f0ced3d,C:\Users\祁水\Desktop\风光氢氨系统\project\src\pipeline\run_full_campaign.m
src/pipeline/run_full_tests.m,source,source_code,.m,982,2026-08-26 15:26:49,765ef52bc9ce0a7c3d6dde9e2b7b5b6ad54b27006bf8491e8cb7bdda5222dc5e,C:\Users\祁水\Desktop\风光氢氨系统\project\src\pipeline\run_full_tests.m
src/pipeline/run_paper_campaign.m,source,source_code,.m,5082,2026-08-27 21:46:04,47af14f09e1ac4fad5b160be415b2d696198857e625579bd57089416f8a08869,C:\Users\祁水\Desktop\风光氢氨系统\project\src\pipeline\run_paper_campaign.m
src/pipeline/run_quick_tests.m,source,source_code,.m,1426,2026-08-26 15:26:48,23085551f93021262cbca24b1d859da1566d75bcc4992a59193faeccf77da90e,C:\Users\祁水\Desktop\风光氢氨系统\project\src\pipeline\run_quick_tests.m
src/pipeline/run_reproduce_core_results.m,source,source_code,.m,1381,2026-08-26 15:26:50,45833f0b3bb71869d60e773be0f7e90e89618987150cbc625da20d999e358e72,C:\Users\祁水\Desktop\风光氢氨系统\project\src\pipeline\run_reproduce_core_results.m
src/pipeline/run_reproduce_full_grid.m,source,source_code,.m,3748,2026-08-26 16:22:00,7be13ed5eb66c1b7574b6897e8f17a0e3e2ab78a4040915eeb63ac66e9669444,C:\Users\祁水\Desktop\风光氢氨系统\project\src\pipeline\run_reproduce_full_grid.m
src/pipeline/run_stage0_quality_gate.m,source,source_code,.m,4973,2026-08-26 15:26:52,53a67e3dce8c2a1b67383b0fdd3df3640c4d2e84be85eea9afa45951c10d9bf1,C:\Users\祁水\Desktop\风光氢氨系统\project\src\pipeline\run_stage0_quality_gate.m
src/protocol/protocol_v5.m,source,source_code,.m,34883,2026-08-26 15:47:42,0cd46c864adcf7ffc0c1b1a268f34e8ea04455cbf0c1dbbff868b21fcddbe107,C:\Users\祁水\Desktop\风光氢氨系统\project\src\protocol\protocol_v5.m
src/protocol/s2_baseline_manifest.m,source,source_code,.m,7079,2026-08-21 19:25:07,c27f5ff528f7ef87aa6078dae6e5dbde5a13f22a5e4bd62ad76336944e71b26d,C:\Users\祁水\Desktop\风光氢氨系统\project\src\protocol\s2_baseline_manifest.m
src/reproducibility/stage0_constraint_audit.m,source,source_code,.m,9005,2026-08-26 11:28:03,26b68997659a787fba75e8d53500a2b561ad783c511b383b822063c6c508442f,C:\Users\祁水\Desktop\风光氢氨系统\project\src\reproducibility\stage0_constraint_audit.m
src/reproducibility/stage0_freeze_check.m,source,source_code,.m,4627,2026-08-26 15:27:18,e9df9b1cdcfdcad3c22a1cb3395a33b57d07031b35d69f0f358d3f77bb19687a,C:\Users\祁水\Desktop\风光氢氨系统\project\src\reproducibility\stage0_freeze_check.m
src/reproducibility/stage0_manifest.m,source,source_code,.m,23412,2026-08-26 11:33:43,27a374c5b3b521b70e91c15a44b0ece3008a6db2891015d1e06155769583fa08,C:\Users\祁水\Desktop\风光氢氨系统\project\src\reproducibility\stage0_manifest.m
src/results/annual_fixed_cost.m,source,source_code,.m,4479,2026-08-19 20:19:38,a7b78fc822b1847a35a7a4e5aaf7806db7b05baa980e8c1f07bb9402cf5f67ad,C:\Users\祁水\Desktop\风光氢氨系统\project\src\results\annual_fixed_cost.m
src/results/classify_infeasibility.m,source,source_code,.m,6460,2026-08-28 15:24:31,a14943b9c61dedfcaad7b015d0fed45213b9aa9963e599531e8f10e66b5ad056,C:\Users\祁水\Desktop\风光氢氨系统\project\src\results\classify_infeasibility.m
src/results/evaluate_protocol_v51_metrics.m,source,source_code,.m,27412,2026-08-22 20:26:13,4abf9f86a6de08d2846ed813dab28c83c3fc488cff90e72b86fefcc33a6b5b5a,C:\Users\祁水\Desktop\风光氢氨系统\project\src\results\evaluate_protocol_v51_metrics.m
src/results/freeze_v51_rolling_result.m,source,source_code,.m,3961,2026-08-24 16:01:51,a5bec7cb66d2cac4894670b52b0b3b59c37ecedf3a332be5c11d5d78219ab000,C:\Users\祁水\Desktop\风光氢氨系统\project\src\results\freeze_v51_rolling_result.m
src/results/result_LCOA.m,source,source_code,.m,3380,2026-08-19 20:23:06,ec8b84ae67025450c909bdb24ab34776e463e5b8501b2db6f649468501540742,C:\Users\祁水\Desktop\风光氢氨系统\project\src\results\result_LCOA.m
src/results/results.m,source,source_code,.m,10981,2026-08-21 10:24:46,23bf1cdb0ef55d024b0c2216d8d332ce34ca218a8f37979ea3c20301509a8be6,C:\Users\祁水\Desktop\风光氢氨系统\project\src\results\results.m
src/results/select_protocol_v52_candidate.m,source,source_code,.m,12129,2026-08-28 10:16:12,b6b7d53ec699a133553c7aa7d9931b25a20126017f53e69adedd7cdd318f6890,C:\Users\祁水\Desktop\风光氢氨系统\project\src\results\select_protocol_v52_candidate.m
src/rolling_dispatch.m,source,source_code,.m,105061,2026-08-28 15:07:04,d7d52ac9218b21a03a44aba3efe5ad65a59a614bc2de1ef744ce1e9e9ed4ea44,C:\Users\祁水\Desktop\风光氢氨系统\project\src\rolling_dispatch.m
src/stages/run_stage5_parallel.m,source,source_code,.m,17031,2026-08-28 10:18:40,8ab084ceec2540fbe174803db1cbb83535ba27ad26bc72cccca63b802bd4e7b3,C:\Users\祁水\Desktop\风光氢氨系统\project\src\stages\run_stage5_parallel.m
src/stages/stage1_run_zhou_s2_baseline.m,source,source_code,.m,5657,2026-08-26 15:21:02,90f5343d542bbaadf0858a9dcb50b0e0cb9a993bba26ae1b433e7ec9c46c4251,C:\Users\祁水\Desktop\风光氢氨系统\project\src\stages\stage1_run_zhou_s2_baseline.m
src/stages/stage3_run_v51_contract_closed_loop.m,source,source_code,.m,18733,2026-08-26 15:21:22,cceecd4734188e38893de4e87c10298a9842df290d0683445cec27b49e158a70,C:\Users\祁水\Desktop\风光氢氨系统\project\src\stages\stage3_run_v51_contract_closed_loop.m
src/stages/stage4_run_v51_h2_reserve_grid.m,source,source_code,.m,9836,2026-08-26 15:34:30,f2a9db1894c9b33aa3ee0fbda09d97602063bddddd3248d9d8a180b340b251a5,C:\Users\祁水\Desktop\风光氢氨系统\project\src\stages\stage4_run_v51_h2_reserve_grid.m
src/stages/stage5_run_v51_joint_grid.m,source,source_code,.m,20985,2026-08-27 21:34:17,272061e1f6d2c5312ac8051e1a9d62490285e6af1e29031f3225896d3918a617,C:\Users\祁水\Desktop\风光氢氨系统\project\src\stages\stage5_run_v51_joint_grid.m
src/utils/ensure_directory.m,source,source_code,.m,164,2026-08-26 15:14:46,6e119d33237f9eacb1ec4324b862dd6de0aaf0b00c6419bdd98dc032cf27d72e,C:\Users\祁水\Desktop\风光氢氨系统\project\src\utils\ensure_directory.m
src/utils/option_value.m,source,source_code,.m,240,2026-08-26 15:14:46,bec6c67f114f88480f6c50e74f7e70690887109145688f1a3ec3c18e3580c029,C:\Users\祁水\Desktop\风光氢氨系统\project\src\utils\option_value.m
src/utils/project_root.m,source,source_code,.m,999,2026-08-26 10:50:58,74e24cc87256c1f7fdc3cf831656d127e2911bf7122ff3fe3c7091dfa444adae,C:\Users\祁水\Desktop\风光氢氨系统\project\src\utils\project_root.m
src/utils/setup_project_paths.m,source,source_code,.m,1151,2026-08-26 15:14:45,27ba35f7f7344309b20d01ea4178d5d093f829bf1b9c88643166fa37df6b3696,C:\Users\祁水\Desktop\风光氢氨系统\project\src\utils\setup_project_paths.m
test/png/ael_startup_sensitivity.png,test,test_artifact,.png,278805,2026-08-21 15:50:46,22b5534c0354bac6bcd1e810153bdc65f40a91743b843e933721a28cbb1095a0,C:\Users\祁水\Desktop\风光氢氨系统\project\test\png\ael_startup_sensitivity.png
test/png/daily_brokline.png,test,test_artifact,.png,78156,2026-08-15 09:42:54,9cf9321d1c6c039a5b410737174ba8b576c32e07ab7fad391e6d468eae0aec8b,C:\Users\祁水\Desktop\风光氢氨系统\project\test\png\daily_brokline.png
test/png/thermal.png,test,test_artifact,.png,64978,2026-08-14 11:41:49,1372c34f3ea99bce2a6aac0951835e4401f74fceaa7a98951a5cc89296839e2e,C:\Users\祁水\Desktop\风光氢氨系统\project\test\png\thermal.png
test/protocol_history.md,test,test_artifact,.md,33398,2026-08-24 14:05:52,26c3a5823458b6f21635adbf095e95dc1df3d584d42ae9574ad902fd2b4744e5,C:\Users\祁水\Desktop\风光氢氨系统\project\test\protocol_history.md
test/test_CI_vertify.m,test,test_code,.m,12069,2026-08-26 10:50:58,5e11a5c7e03fc29f797cffd01cf7bc25b8118adcfd513d011a0dd341e491709b,C:\Users\祁水\Desktop\风光氢氨系统\project\test\test_CI_vertify.m
test/test_chose_index.m,test,test_code,.m,117223,2026-08-20 22:07:30,f15342914299527034eacc77ca255ed76eed30fc8b38f2a3e9d47a415d61cab4,C:\Users\祁水\Desktop\风光氢氨系统\project\test\test_chose_index.m
test/test_load_res_year.m,test,test_code,.m,2281,2026-08-21 16:38:14,7c8b38915464e3e4756fda1c51156706b5788d261e05163c6171310a0e549700,C:\Users\祁水\Desktop\风光氢氨系统\project\test\test_load_res_year.m
test/test_my_system.m,test,test_code,.m,27920,2026-08-26 10:50:58,561d90226361253187a343b0d7c4e030f041e240a7a6f6048b4e525e054141ff,C:\Users\祁水\Desktop\风光氢氨系统\project\test\test_my_system.m
test/test_protocol_v5.m,test,test_code,.m,48313,2026-08-28 15:45:43,124ada505237c39945deb018fec9716c6cd08ba49fe3c371e027c2fb888d2098,C:\Users\祁水\Desktop\风光氢氨系统\project\test\test_protocol_v5.m
test/test_stage0_reproducibility.m,test,test_code,.m,2091,2026-08-26 11:28:03,d0aac67052e48a6f78b660fb3c8ecdffbaecf16745b4a43b6881b1c7605250b7,C:\Users\祁水\Desktop\风光氢氨系统\project\test\test_stage0_reproducibility.m
test/test_stage0_stage1.m,test,test_code,.m,32072,2026-08-26 15:23:01,4edc0918f9cf0aebe5261b033d9028fda90bbee1169a2d26a813eb721c0ac560,C:\Users\祁水\Desktop\风光氢氨系统\project\test\test_stage0_stage1.m
